"";"Num_Acc";"mois";"hrmn";"lum";"dep";"agg";"int";"atm";"col";"lat";"long"
"749";"202100000749";12;"06:45";"5";"91";"2";"1";"1";1;48;2
"750";"202100000750";12;"17:23";"1";"84";"2";"1";"1";6;43;4
"751";"202100000751";12;"17:32";"1";"84";"2";"1";"1";6;43;4
"752";"202100000752";12;"20:20";"5";"84";"2";"1";"1";1;43;4
"753";"202100000753";12;"20:45";"5";"83";"2";"1";"1";6;43;5
"754";"202100000754";12;"17:25";"3";"76";"2";"2";"1";3;49;0
"755";"202100000755";12;"11:20";"1";"72";"2";"1";"1";2;47;0
"756";"202100000756";12;"22:10";"5";"72";"2";"1";"1";6;47;0
"757";"202100000757";12;"17:45";"2";"64";"2";"1";"1";3;43;0
"758";"202100000758";12;"11:30";"1";"64";"2";"1";"1";3;43;-1
"759";"202100000759";12;"20:15";"5";"64";"2";"2";"1";3;43;-1
"760";"202100000760";12;"01:10";"4";"63";"1";"6";"8";7;45;3
"761";"202100000761";12;"17:55";"5";"56";"2";"2";"2";3;47;-3
"762";"202100000762";12;"23:30";"5";"50";"2";"2";"1";6;49;-1
"763";"202100000763";12;"18:15";"5";"44";"2";"3";"1";3;47;-2
"764";"202100000764";11;"10:15";"1";"42";"2";"1";"3";6;45;4
"765";"202100000765";12;"17:35";"2";"39";"2";"1";"2";6;47;5
"766";"202100000766";12;"13:30";"1";"37";"1";"1";"1";6;47;0
"767";"202100000767";12;"08:30";"2";"32";"2";"1";"1";2;43;0
"768";"202100000768";12;"19:00";"3";"29";"2";"3";"1";3;47;-4
"769";"202100000769";12;"21:30";"5";"27";"2";"2";"1";3;49;1
"770";"202100000770";12;"18:05";"5";"27";"2";"1";"1";1;49;1
"771";"202100000771";12;"13:12";"1";"25";"2";"6";"1";4;47;5
"772";"202100000772";12;"20:10";"5";"17";"2";"2";"1";3;45;-1
"773";"202100000773";12;"04:15";"3";"16";"2";"1";"1";7;45;0
"774";"202100000774";12;"20:35";"5";"14";"2";"1";"1";6;49;0
"775";"202100000775";12;"11:20";"1";"13";"2";"3";"2";3;43;5
"776";"202100000776";12;"06:17";"5";"10";"2";"6";"1";6;48;4
"777";"202100000777";12;"02:50";"5";"75";"2";"1";"2";2;48;2
"778";"202100000778";12;"13:42";"1";"75";"2";"3";"1";3;48;2
"779";"202100000779";12;"00:30";"5";"75";"2";"2";"8";3;48;2
"780";"202100000780";12;"10:07";"1";"75";"2";"2";"1";3;48;2
"781";"202100000781";12;"18:20";"5";"75";"2";"4";"1";2;48;2
"782";"202100000782";12;"20:34";"5";"75";"2";"3";"1";4;48;2
"783";"202100000783";12;"03:30";"5";"75";"2";"5";"1";7;48;2
"784";"202100000784";12;"08:25";"1";"75";"2";"2";"1";3;48;2
"785";"202100000785";12;"18:10";"5";"94";"2";"1";"1";6;48;2
"786";"202100000786";12;"08:45";"1";"94";"2";"1";"1";2;48;2
"787";"202100000787";12;"03:05";"5";"94";"2";"1";"1";6;48;2
"788";"202100000788";12;"12:50";"1";"94";"2";"1";"1";6;48;2
"789";"202100000789";12;"10:20";"1";"94";"2";"9";"2";1;48;2
"790";"202100000790";12;"10:15";"1";"93";"2";"2";"1";3;48;2
"791";"202100000791";12;"16:51";"2";"93";"2";"3";"1";6;48;2
"792";"202100000792";12;"16:40";"2";"93";"2";"1";"1";6;48;2
"793";"202100000793";12;"15:25";"1";"93";"2";"1";"1";1;48;2
"794";"202100000794";12;"06:15";"5";"93";"2";"2";"8";3;48;2
"795";"202100000795";12;"14:00";"1";"93";"2";"1";"1";3;48;2
"796";"202100000796";12;"00:10";"4";"93";"2";"1";"1";6;48;2
"797";"202100000797";12;"13:00";"1";"92";"2";"3";"1";3;48;2
"798";"202100000798";12;"10:40";"1";"92";"2";"2";"1";3;48;2
"799";"202100000799";12;"15:50";"2";"86";"2";"2";"8";3;46;0
"800";"202100000800";12;"23:50";"5";"80";"2";"6";"1";6;49;1
"801";"202100000801";12;"13:50";"1";"29";"1";"1";"3";7;48;-3
"802";"202100000802";12;"19:00";"3";"18";"1";"1";"5";3;47;2
"803";"202100000803";12;"07:12";"3";"60";"1";"1";"1";2;49;2
"804";"202100000804";12;"17:00";"1";"973";"1";"1";"1";7;5;-53
"805";"202100000805";12;"18:00";"5";"28";"2";"1";"1";6;48;1
"806";"202100000806";12;"14:00";"1";"95";"2";"1";"1";6;49;2
"807";"202100000807";12;"19:30";"3";"33";"1";"1";"9";6;44;0
"808";"202100000808";12;"05:55";"3";"69";"1";"1";"1";2;45;4
"809";"202100000809";12;"16:45";"1";"33";"1";"1";"1";2;44;0
"810";"202100000810";12;"17:10";"3";"91";"1";"1";"1";7;48;2
"811";"202100000811";12;"12:50";"1";"91";"1";"1";"1";2;48;2
"812";"202100000812";12;"00:03";"3";"77";"1";"1";"1";2;48;2
"813";"202100000813";12;"01:50";"3";"91";"1";"1";"1";3;48;2
"814";"202100000814";12;"01:30";"3";"93";"1";"1";"1";3;48;2
"815";"202100000815";12;"13:40";"1";"10";"2";"9";"1";6;48;4
"816";"202100000816";12;"18:50";"5";"93";"2";"1";"1";2;48;2
"817";"202100000817";12;"07:05";"2";"13";"2";"1";"1";3;43;5
"818";"202100000818";12;"09:20";"1";"976";"2";"1";"1";7;-12;45
"819";"202100000819";12;"04:00";"5";"75";"2";"2";"1";6;48;2
"820";"202100000820";12;"04:26";"5";"62";"2";"6";"2";6;50;1
"821";"202100000821";12;"18:20";"5";"68";"2";"1";"1";6;47;7
"822";"202100000822";12;"07:30";"4";"42";"2";"6";"8";6;45;4
"823";"202100000823";12;"16:25";"1";"95";"2";"1";"1";6;49;2
"824";"202100000824";12;"18:45";"3";"13";"1";"1";"1";1;43;5
"825";"202100000825";12;"17:50";"5";"69";"2";"1";"1";6;45;4
"826";"202100000826";12;"16:00";"1";"52";"2";"1";"1";6;48;5
"827";"202100000827";12;"14:00";"1";"29";"2";"2";"1";6;48;-4
"828";"202100000828";12;"16:50";"5";"76";"2";"1";"1";6;49;1
"829";"202100000829";12;"12:55";"1";"32";"2";"1";"1";7;43;0
"830";"202100000830";12;"08:25";"2";"27";"2";"1";"1";6;49;1
"831";"202100000831";12;"18:25";"2";"77";"1";"1";"1";6;48;2
"832";"202100000832";12;"17:50";"5";"91";"2";"1";"1";6;48;2
"833";"202100000833";12;"17:10";"1";"64";"2";"1";"1";3;43;0
"834";"202100000834";12;"15:10";"1";"78";"2";"1";"1";6;48;2
"835";"202100000835";12;"17:00";"1";"05";"2";"1";"9";6;44;6
"836";"202100000836";10;"11:35";"1";"89";"2";"2";"1";6;48;3
"837";"202100000837";12;"10:45";"2";"974";"2";"3";"1";3;-21;55
"838";"202100000838";12;"23:00";"3";"974";"2";"1";"1";7;-20;55
"839";"202100000839";12;"01:35";"3";"974";"1";"1";"1";5;-20;55
"840";"202100000840";12;"12:05";"1";"973";"2";"3";"1";3;4;-52
"841";"202100000841";12;"17:35";"3";"69";"2";"3";"1";6;45;4
"842";"202100000842";12;"12:50";"1";"69";"2";"1";"1";6;45;4
"843";"202100000843";12;"08:30";"2";"69";"2";"6";"5";3;45;4
"844";"202100000844";12;"19:05";"5";"69";"2";"1";"2";6;45;4
"845";"202100000845";12;"15:50";"1";"69";"2";"1";"8";6;45;4
"846";"202100000846";12;"15:50";"1";"91";"2";"1";"2";6;48;2
"847";"202100000847";12;"13:25";"1";"83";"2";"1";"1";6;43;5
"848";"202100000848";12;"17:46";"5";"83";"2";"1";"1";2;43;5
"849";"202100000849";12;"16:00";"1";"83";"2";"1";"1";6;43;5
"850";"202100000850";12;"18:30";"5";"77";"2";"1";"1";6;48;2
"851";"202100000851";12;"18:35";"5";"73";"2";"1";"2";6;45;5
"852";"202100000852";12;"11:15";"1";"72";"2";"1";"8";6;47;0
"853";"202100000853";12;"13:20";"1";"69";"2";"2";"1";3;45;4
"854";"202100000854";12;"05:00";"5";"69";"2";"1";"2";7;45;4
"855";"202100000855";12;"11:10";"1";"69";"2";"1";"2";2;45;4
"856";"202100000856";12;"18:50";"5";"59";"2";"1";"1";2;50;3
"857";"202100000857";12;"18:00";"5";"54";"2";"2";"1";4;48;6
"858";"202100000858";12;"23:10";"5";"51";"2";"6";"1";3;49;4
"859";"202100000859";12;"00:25";"5";"38";"2";"3";"2";6;45;5
"860";"202100000860";12;"18:55";"5";"37";"2";"1";"1";6;47;0
"861";"202100000861";12;"04:45";"5";"35";"2";"1";"1";6;48;-1
"862";"202100000862";12;"12:50";"1";"35";"2";"2";"1";2;48;-1
"863";"202100000863";12;"08:35";"2";"35";"2";"1";"2";6;48;-1
"864";"202100000864";12;"22:20";"5";"33";"2";"2";"1";3;44;0
"865";"202100000865";12;"21:00";"5";"33";"2";"1";"2";6;44;0
"866";"202100000866";12;"13:50";"1";"29";"2";"4";"1";6;48;-4
"867";"202100000867";11;"15:45";"1";"27";"1";"1";"8";6;49;1
"868";"202100000868";12;"12:15";"1";"27";"2";"6";"1";3;49;1
"869";"202100000869";12;"07:10";"5";"25";"2";"4";"2";2;47;5
"870";"202100000870";12;"18:30";"5";"17";"2";"1";"1";7;46;-1
"871";"202100000871";12;"21:05";"5";"15";"2";"4";"1";1;44;2
"872";"202100000872";12;"10:15";"1";"15";"1";"1";"8";6;44;2
"873";"202100000873";12;"00:10";"3";"30";"1";"1";"1";7;43;4
"874";"202100000874";12;"19:00";"5";"13";"2";"1";"1";6;43;5
"875";"202100000875";12;"16:40";"1";"13";"2";"1";"1";6;43;5
"876";"202100000876";12;"18:15";"5";"13";"2";"1";"1";3;43;4
"877";"202100000877";12;"10:12";"1";"10";"2";"1";"1";6;48;4
"878";"202100000878";12;"19:33";"5";"10";"2";"2";"2";1;48;4
"879";"202100000879";12;"18:35";"5";"10";"2";"3";"2";3;48;4
"880";"202100000880";12;"12:53";"1";"10";"2";"1";"2";3;48;4
"881";"202100000881";12;"19:03";"5";"07";"2";"1";"1";2;44;4
"882";"202100000882";12;"10:30";"1";"06";"2";"9";"1";6;43;7
"883";"202100000883";12;"13:40";"1";"06";"2";"2";"1";6;43;6
"884";"202100000884";11;"10:47";"1";"04";"2";"1";"1";6;43;5
"885";"202100000885";12;"10:39";"1";"75";"2";"4";"8";3;48;2
"886";"202100000886";12;"05:15";"5";"75";"2";"2";"2";2;48;2
"887";"202100000887";12;"19:25";"5";"75";"2";"3";"1";1;48;2
"888";"202100000888";12;"07:05";"5";"75";"2";"1";"1";6;48;2
"889";"202100000889";12;"16:15";"1";"94";"2";"9";"1";3;48;2
"890";"202100000890";12;"16:30";"1";"94";"2";"1";"2";1;48;2
"891";"202100000891";12;"09:10";"1";"93";"2";"1";"1";2;49;2
"892";"202100000892";12;"14:50";"1";"93";"2";"4";"1";6;48;2
"893";"202100000893";12;"18:40";"5";"93";"2";"2";"1";3;48;2
"894";"202100000894";12;"22:30";"5";"93";"2";"2";"1";3;48;2
"895";"202100000895";12;"09:15";"1";"93";"2";"1";"1";1;48;2
"896";"202100000896";12;"19:30";"5";"93";"2";"1";"1";3;48;2
"897";"202100000897";12;"21:00";"5";"93";"2";"2";"1";6;48;2
"898";"202100000898";12;"12:45";"1";"92";"2";"1";"1";3;48;2
"899";"202100000899";12;"18:15";"5";"92";"2";"1";"1";6;48;2
"900";"202100000900";12;"20:00";"5";"92";"2";"1";"1";2;48;2
"901";"202100000901";12;"06:30";"5";"92";"2";"6";"1";3;48;2
"902";"202100000902";12;"20:32";"5";"92";"2";"9";"1";6;48;2
"903";"202100000903";12;"19:30";"5";"92";"2";"6";"1";6;48;2
"904";"202100000904";12;"18:31";"3";"01";"1";"1";"1";2;45;4
"905";"202100000905";12;"16:46";"2";"73";"1";"1";"1";3;45;5
"906";"202100000906";12;"12:45";"1";"36";"2";"2";"7";3;47;1
"907";"202100000907";12;"12:42";"1";"31";"1";"1";"5";1;43;1
"908";"202100000908";12;"12:45";"1";"84";"1";"1";"1";1;44;4
"909";"202100000909";12;"14:50";"1";"62";"1";"2";"1";1;50;2
"910";"202100000910";12;"10:45";"1";"62";"2";"1";"1";2;50;2
"911";"202100000911";12;"16:45";"2";"77";"1";"2";"1";3;48;3
"912";"202100000912";12;"17:20";"1";"32";"1";"1";"7";2;43;0
"913";"202100000913";12;"15:20";"1";"71";"2";"1";"7";6;46;4
"914";"202100000914";12;"15:45";"1";"89";"2";"1";"1";2;47;3
"915";"202100000915";12;"17:30";"5";"41";"2";"1";"2";6;47;2
"916";"202100000916";12;"19:30";"3";"31";"1";"1";"1";6;43;1
"917";"202100000917";12;"18:27";"5";"38";"2";"1";"2";6;45;5
"918";"202100000918";12;"20:10";"5";"02";"2";"1";"1";6;49;3
"919";"202100000919";12;"18:00";"3";"66";"1";"1";"1";6;42;2
"920";"202100000920";12;"17:48";"5";"05";"2";"3";"1";2;44;5
"921";"202100000921";12;"10:42";"1";"50";"1";"2";"2";1;49;-1
"922";"202100000922";12;"15:30";"1";"60";"1";"1";"1";7;49;2
"923";"202100000923";12;"18:10";"5";"18";"1";"2";"1";3;47;2
"924";"202100000924";12;"23:30";"3";"18";"1";"1";"1";6;47;1
"925";"202100000925";12;"22:30";"3";"40";"1";"1";"1";6;43;0
"926";"202100000926";12;"12:00";"1";"04";"1";"1";"1";1;44;5
"927";"202100000927";12;"21:37";"3";"85";"1";"1";"1";6;46;0
"928";"202100000928";12;"05:05";"5";"28";"2";"1";"1";1;48;0
"929";"202100000929";12;"15:00";"1";"87";"1";"1";"1";4;46;1
"930";"202100000930";12;"11:35";"1";"52";"1";"2";"2";3;47;5
"931";"202100000931";12;"04:00";"3";"973";"1";"1";"1";7;4;-52
"932";"202100000932";12;"23:50";"3";"95";"1";"1";"1";6;49;2
"933";"202100000933";12;"09:50";"1";"973";"1";"1";"8";7;4;-52
"934";"202100000934";12;"21:40";"5";"973";"2";"1";"1";3;5;-54
"935";"202100000935";12;"07:40";"1";"973";"1";"1";"1";7;5;-53
"936";"202100000936";12;"22:30";"5";"978";"2";"1";"1";2;18;-63
"937";"202100000937";12;"21:50";"3";"11";"1";"1";"1";6;43;3
"938";"202100000938";12;"16:20";"1";"84";"2";"1";"1";1;43;5
"939";"202100000939";12;"14:53";"1";"05";"1";"1";"1";1;44;6
"940";"202100000940";12;"17:00";"1";"71";"2";"1";"1";3;46;4
"941";"202100000941";12;"20:20";"3";"73";"1";"1";"1";1;45;5
"942";"202100000942";12;"17:00";"1";"69";"1";"1";"1";7;46;4
"943";"202100000943";12;"22:40";"5";"69";"2";"1";"5";6;45;4
"944";"202100000944";12;"14:45";"1";"33";"1";"1";"1";6;45;0
"945";"202100000945";12;"16:45";"2";"22";"1";"1";"1";1;48;-2
"946";"202100000946";12;"16:00";"1";"35";"1";"1";"1";5;48;-1
"947";"202100000947";12;"17:20";"3";"59";"1";"1";"8";6;50;3
"948";"202100000948";12;"09:00";"1";"13";"1";"1";"1";5;43;5
"949";"202100000949";12;"18:10";"5";"13";"2";"1";"1";3;43;5
"950";"202100000950";12;"16:50";"2";"38";"1";"1";"1";6;45;4
"951";"202100000951";12;"15:00";"1";"33";"1";"1";"1";6;44;0
"952";"202100000952";12;"06:00";"3";"91";"1";"1";"1";7;48;2
"953";"202100000953";12;"11:10";"1";"93";"1";"1";"1";2;48;2
"954";"202100000954";12;"07:00";"3";"93";"1";"1";"1";4;48;2
"955";"202100000955";12;"21:00";"3";"77";"1";"1";"1";4;48;2
"956";"202100000956";12;"15:00";"1";"77";"1";"1";"2";7;48;2
"957";"202100000957";12;"13:00";"1";"71";"2";"1";"1";6;46;4
"958";"202100000958";12;"17:51";"4";"34";"2";"2";"1";3;43;3
"959";"202100000959";12;"14:50";"1";"02";"2";"1";"8";6;49;3
"960";"202100000960";11;"19:40";"5";"30";"2";"1";"1";6;43;4
"961";"202100000961";11;"20:30";"5";"30";"1";"1";"1";6;43;4
"962";"202100000962";9;"14:25";"1";"29";"1";"1";"1";7;47;-4
"963";"202100000963";1;"08:25";"4";"59";"2";"1";"2";6;50;3
"964";"202100000964";2;"02:50";"3";"974";"1";"1";"1";1;-21;55
"965";"202100000965";12;"20:30";"5";"976";"2";"1";"1";6;-12;45
"966";"202100000966";12;"12:05";"1";"973";"2";"3";"2";1;4;-52
"967";"202100000967";12;"18:03";"3";"69";"2";"1";"3";6;45;4
"968";"202100000968";12;"06:38";"1";"972";"2";"1";"1";3;14;-61
"969";"202100000969";12;"14:00";"1";"972";"2";"1";"1";6;14;-61
"970";"202100000970";12;"13:10";"1";"69";"2";"1";"2";3;45;4
"971";"202100000971";12;"00:05";"5";"971";"2";"9";"1";6;16;-61
"972";"202100000972";12;"06:05";"5";"95";"2";"1";"2";6;49;2
"973";"202100000973";12;"12:30";"1";"91";"2";"1";"2";6;48;2
"974";"202100000974";12;"08:00";"5";"91";"2";"2";"8";3;48;2
"975";"202100000975";12;"13:19";"1";"87";"2";"1";"2";6;45;1
"976";"202100000976";11;"12:45";"1";"86";"2";"1";"1";6;46;0
"977";"202100000977";12;"21:05";"5";"81";"2";"1";"2";3;43;2
"978";"202100000978";12;"13:15";"1";"80";"2";"1";"6";6;49;2
"979";"202100000979";12;"16:10";"1";"80";"2";"1";"1";3;49;2
"980";"202100000980";12;"18:30";"5";"78";"2";"6";"9";6;48;1
"981";"202100000981";12;"16:30";"1";"78";"2";"1";"2";3;48;1
"982";"202100000982";12;"09:00";"1";"78";"2";"1";"2";3;48;2
"983";"202100000983";12;"14:00";"1";"77";"2";"3";"1";3;48;2
"984";"202100000984";12;"15:10";"1";"77";"1";"1";"2";1;48;2
"985";"202100000985";12;"18:00";"5";"76";"2";"1";"1";3;49;1
"986";"202100000986";12;"10:30";"1";"76";"2";"1";"1";6;49;0
"987";"202100000987";12;"16:50";"1";"76";"2";"3";"1";3;49;0
"988";"202100000988";12;"20:40";"5";"72";"2";"1";"2";6;47;0
"989";"202100000989";12;"09:50";"1";"71";"1";"1";"3";7;46;4
"990";"202100000990";12;"10:40";"1";"71";"2";"2";"2";6;46;4
"991";"202100000991";12;"12:05";"1";"71";"2";"1";"2";7;46;4
"992";"202100000992";12;"12:03";"1";"68";"2";"1";"2";6;48;7
"993";"202100000993";12;"16:45";"2";"67";"2";"1";"2";6;48;7
"994";"202100000994";12;"10:25";"1";"64";"2";"1";"1";6;43;0
"995";"202100000995";12;"03:00";"5";"64";"2";"1";"1";6;43;-1
"996";"202100000996";12;"17:55";"5";"64";"2";"1";"2";1;43;-1
"997";"202100000997";12;"23:00";"5";"62";"2";"1";"2";6;50;2
"998";"202100000998";12;"17:25";"5";"59";"2";"2";"2";6;50;3
"999";"202100000999";12;"14:20";"1";"59";"2";"3";"3";3;50;3
"1000";"202100001000";12;"14:00";"1";"59";"2";"6";"2";6;50;3
"1001";"202100001001";12;"17:10";"5";"59";"2";"1";"2";6;50;2
"1002";"202100001002";12;"19:30";"3";"56";"1";"1";"2";6;47;-3
"1003";"202100001003";12;"17:15";"5";"54";"2";"3";"1";6;48;6
"1004";"202100001004";12;"03:50";"5";"54";"2";"2";"3";3;48;6
"1005";"202100001005";12;"19:45";"5";"53";"2";"2";"1";3;48;0
"1006";"202100001006";12;"09:45";"1";"50";"2";"3";"1";3;49;-1
"1007";"202100001007";12;"23:35";"4";"49";"2";"2";"1";3;47;0
"1008";"202100001008";12;"09:46";"1";"49";"2";"1";"2";6;47;0
"1009";"202100001009";12;"10:44";"1";"49";"2";"1";"1";7;47;0
"1010";"202100001010";12;"17:35";"2";"49";"2";"1";"1";7;47;0
"1011";"202100001011";12;"13:53";"1";"49";"2";"1";"1";7;47;0
"1012";"202100001012";12;"18:30";"5";"45";"2";"2";"8";3;47;2
"1013";"202100001013";12;"18:00";"5";"45";"2";"1";"8";3;47;2
"1014";"202100001014";12;"10:15";"1";"44";"2";"1";"1";3;47;-1
"1015";"202100001015";12;"09:00";"1";"39";"2";"1";"2";3;47;5
"1016";"202100001016";12;"18:40";"4";"35";"2";"2";"1";3;48;-1
"1017";"202100001017";12;"18:20";"5";"35";"1";"1";"1";2;48;-1
"1018";"202100001018";12;"17:55";"5";"35";"2";"1";"1";6;48;-1
"1019";"202100001019";12;"12:24";"1";"35";"2";"1";"1";3;48;-1
"1020";"202100001020";12;"23:05";"5";"35";"2";"1";"2";6;48;-1
"1021";"202100001021";12;"12:14";"1";"34";"2";"1";"1";6;43;3
"1022";"202100001022";12;"19:55";"5";"34";"2";"1";"1";3;43;3
"1023";"202100001023";12;"18:50";"5";"33";"2";"3";"2";3;44;0
"1024";"202100001024";12;"16:15";"1";"33";"2";"3";"1";3;44;0
"1025";"202100001025";12;"10:58";"1";"33";"2";"1";"3";6;44;0
"1026";"202100001026";12;"00:00";"5";"33";"2";"2";"2";3;44;0
"1027";"202100001027";12;"21:40";"5";"33";"2";"1";"1";7;44;-1
"1028";"202100001028";12;"18:18";"5";"31";"2";"1";"2";6;43;1
"1029";"202100001029";12;"20:05";"3";"29";"2";"1";"2";1;47;-4
"1030";"202100001030";12;"19:05";"3";"29";"1";"1";"2";7;47;-3
"1031";"202100001031";12;"18:53";"5";"29";"2";"1";"3";6;48;-4
"1032";"202100001032";12;"05:45";"2";"27";"2";"1";"2";3;49;1
"1033";"202100001033";12;"17:10";"1";"26";"2";"1";"1";6;44;4
"1034";"202100001034";11;"07:50";"2";"25";"2";"1";"2";6;47;6
"1035";"202100001035";12;"18:05";"2";"24";"1";"1";"1";1;45;0
"1036";"202100001036";12;"17:45";"5";"19";"2";"7";"1";1;45;2
"1037";"202100001037";12;"12:05";"1";"18";"2";"2";"1";3;47;2
"1038";"202100001038";12;"14:20";"1";"14";"2";"3";"1";3;49;0
"1039";"202100001039";12;"15:35";"1";"30";"1";"3";"1";1;43;4
"1040";"202100001040";12;"12:20";"1";"13";"2";"1";"1";6;43;5
"1041";"202100001041";12;"19:10";"5";"13";"2";"1";"2";1;43;5
"1042";"202100001042";12;"18:38";"5";"10";"2";"9";"2";3;48;4
"1043";"202100001043";12;"22:48";"5";"06";"2";"1";"1";2;43;7
"1044";"202100001044";12;"12:30";"1";"06";"2";"3";"2";3;43;6
"1045";"202100001045";12;"07:30";"2";"06";"2";"1";"1";4;43;7
"1046";"202100001046";12;"07:32";"2";"05";"2";"1";"2";6;44;6
"1047";"202100001047";12;"21:30";"5";"03";"2";"2";"2";3;46;2
"1048";"202100001048";12;"07:50";"2";"02";"2";"2";"1";3;49;3
"1049";"202100001049";12;"16:25";"1";"75";"2";"4";"1";4;48;2
"1050";"202100001050";12;"15:25";"1";"75";"2";"1";"1";4;48;2
"1051";"202100001051";12;"11:40";"1";"75";"2";"1";"1";2;48;2
"1052";"202100001052";12;"20:30";"5";"75";"2";"2";"2";3;48;2
"1053";"202100001053";12;"11:00";"1";"75";"2";"7";"8";7;48;2
"1054";"202100001054";12;"12:14";"1";"75";"2";"3";"2";6;48;2
"1055";"202100001055";12;"09:45";"1";"75";"2";"4";"2";6;48;2
"1056";"202100001056";12;"17:35";"5";"75";"2";"3";"1";6;48;2
"1057";"202100001057";12;"07:36";"5";"75";"2";"3";"2";3;48;2
"1058";"202100001058";12;"21:00";"5";"75";"2";"2";"8";6;48;2
"1059";"202100001059";12;"21:20";"5";"75";"2";"2";"1";3;48;2
"1060";"202100001060";12;"13:40";"1";"75";"2";"2";"8";7;48;2
"1061";"202100001061";12;"03:50";"5";"75";"2";"1";"2";6;48;2
"1062";"202100001062";12;"08:00";"2";"75";"2";"3";"1";6;48;2
"1063";"202100001063";12;"19:52";"5";"75";"2";"2";"1";3;48;2
"1064";"202100001064";12;"01:15";"5";"75";"2";"2";"2";3;48;2
"1065";"202100001065";12;"19:40";"5";"75";"2";"3";"2";7;48;2
"1066";"202100001066";12;"19:20";"5";"94";"2";"3";"1";3;48;2
"1067";"202100001067";12;"19:40";"5";"94";"2";"1";"1";6;48;2
"1068";"202100001068";12;"08:45";"2";"94";"2";"1";"2";3;48;2
"1069";"202100001069";12;"09:45";"1";"94";"2";"1";"2";6;48;2
"1070";"202100001070";12;"17:10";"2";"94";"2";"2";"2";3;48;2
"1071";"202100001071";12;"10:57";"1";"93";"2";"3";"2";6;48;2
"1072";"202100001072";12;"20:15";"5";"93";"2";"1";"1";6;48;2
"1073";"202100001073";12;"08:00";"3";"93";"2";"2";"2";3;48;2
"1074";"202100001074";12;"12:25";"1";"93";"2";"1";"2";1;48;2
"1075";"202100001075";11;"19:55";"5";"93";"2";"2";"2";1;48;2
"1076";"202100001076";12;"00:10";"5";"93";"2";"1";"2";2;48;2
"1077";"202100001077";12;"01:40";"5";"93";"2";"1";"2";4;48;2
"1078";"202100001078";12;"17:50";"2";"93";"2";"9";"2";3;48;2
"1079";"202100001079";12;"15:35";"1";"93";"2";"1";"1";3;48;2
"1080";"202100001080";12;"18:10";"5";"93";"2";"1";"2";6;48;2
"1081";"202100001081";12;"21:15";"5";"93";"2";"1";"2";6;48;2
"1082";"202100001082";12;"17:40";"2";"93";"2";"2";"1";1;48;2
"1083";"202100001083";12;"19:11";"3";"93";"2";"1";"2";6;48;2
"1084";"202100001084";12;"07:30";"5";"92";"2";"2";"3";3;48;2
"1085";"202100001085";12;"00:44";"5";"92";"2";"1";"2";6;48;2
"1086";"202100001086";12;"14:48";"1";"92";"2";"3";"1";3;48;2
"1087";"202100001087";12;"15:45";"1";"92";"2";"1";"2";3;48;2
"1088";"202100001088";12;"09:10";"1";"92";"2";"3";"2";2;48;2
"1089";"202100001089";12;"16:55";"2";"92";"2";"9";"2";3;48;2
"1090";"202100001090";12;"17:40";"5";"92";"2";"5";"2";2;48;2
"1091";"202100001091";12;"15:50";"1";"92";"2";"1";"2";7;48;2
"1092";"202100001092";12;"12:10";"1";"92";"2";"1";"1";6;48;2
"1093";"202100001093";12;"13:00";"1";"92";"2";"1";"1";6;48;2
"1094";"202100001094";12;"02:35";"4";"92";"2";"1";"1";6;48;2
"1095";"202100001095";12;"19:45";"3";"37";"1";"1";"2";1;47;0
"1096";"202100001096";12;"22:15";"3";"81";"1";"1";"1";1;43;2
"1097";"202100001097";12;"08:15";"3";"22";"1";"1";"4";7;48;-3
"1098";"202100001098";12;"19:15";"3";"85";"1";"1";"2";6;46;-1
"1099";"202100001099";12;"10:05";"1";"62";"1";"1";"8";6;50;1
"1100";"202100001100";12;"11:00";"1";"80";"2";"1";"3";7;50;1
"1101";"202100001101";12;"14:30";"1";"12";"1";"4";"1";3;44;2
"1102";"202100001102";12;"01:10";"3";"42";"1";"1";"2";7;45;3
"1103";"202100001103";12;"22:35";"3";"47";"1";"1";"1";6;44;0
"1104";"202100001104";12;"02:15";"5";"44";"2";"1";"8";6;46;-1
"1105";"202100001105";12;"14:30";"1";"26";"1";"6";"1";3;44;4
"1106";"202100001106";12;"10:40";"1";"50";"1";"3";"1";3;49;-1
"1107";"202100001107";12;"10:25";"1";"50";"2";"3";"2";6;49;-1
"1108";"202100001108";12;"15:00";"1";"24";"2";"1";"1";3;45;0
"1109";"202100001109";12;"12:40";"1";"37";"1";"1";"8";1;47;1
"1110";"202100001110";12;"17:50";"2";"08";"1";"1";"8";7;49;4
"1111";"202100001111";11;"09:00";"1";"67";"1";"1";"1";1;48;7
"1112";"202100001112";12;"09:00";"1";"03";"1";"1";"1";2;46;3
"1113";"202100001113";12;"15:40";"1";"01";"1";"1";"3";3;46;5
"1114";"202100001114";12;"23:30";"3";"72";"1";"1";"1";1;48;0
"1115";"202100001115";12;"11:50";"1";"37";"1";"1";"1";1;47;0
"1116";"202100001116";12;"15:30";"1";"63";"1";"1";"1";3;45;3
"1117";"202100001117";12;"07:33";"3";"38";"1";"1";"2";2;45;5