"";"Num_Acc";"mois";"hrmn";"lum";"dep";"agg";"int";"atm";"col";"lat";"long"
"1118";"202100001118";12;"18:27";"3";"27";"1";"1";"8";2;49;1
"1119";"202100001119";12;"17:43";"2";"34";"1";"2";"1";3;43;3
"1120";"202100001120";12;"09:25";"1";"73";"1";"1";"1";6;45;6
"1121";"202100001121";12;"14:30";"1";"79";"2";"1";"1";7;46;0
"1122";"202100001122";12;"16:40";"1";"16";"1";"1";"1";2;45;0
"1123";"202100001123";12;"10:30";"1";"33";"2";"9";"1";6;44;0
"1124";"202100001124";12;"03:00";"3";"27";"2";"1";"1";6;49;1
"1125";"202100001125";12;"14:00";"1";"27";"1";"2";"1";3;49;1
"1126";"202100001126";12;"14:15";"1";"02";"1";"1";"2";6;49;4
"1127";"202100001127";12;"19:35";"3";"13";"1";"1";"1";2;43;5
"1128";"202100001128";12;"22:20";"5";"13";"1";"1";"1";2;43;5
"1129";"202100001129";12;"18:41";"5";"13";"1";"1";"1";2;43;5
"1130";"202100001130";12;"20:40";"5";"33";"1";"9";"8";2;44;0
"1131";"202100001131";12;"09:30";"1";"33";"1";"1";"2";6;44;0
"1132";"202100001132";12;"01:25";"5";"33";"1";"1";"3";4;44;0
"1133";"202100001133";10;"18:00";"1";"33";"1";"1";"1";6;44;0
"1134";"202100001134";12;"16:30";"2";"91";"1";"1";"2";5;48;2
"1135";"202100001135";12;"10:40";"1";"94";"1";"9";"2";3;48;2
"1136";"202100001136";12;"02:30";"3";"91";"1";"1";"1";7;48;2
"1137";"202100001137";12;"00:35";"3";"91";"1";"1";"1";7;48;2
"1138";"202100001138";12;"12:35";"1";"92";"1";"1";"1";6;48;2
"1139";"202100001139";12;"14:20";"1";"78";"1";"1";"2";6;48;2
"1140";"202100001140";12;"06:10";"3";"78";"1";"1";"1";2;48;1
"1141";"202100001141";12;"13:45";"1";"93";"1";"1";"2";1;48;2
"1142";"202100001142";12;"10:40";"1";"93";"1";"1";"1";7;48;2
"1143";"202100001143";12;"18:30";"3";"95";"1";"1";"1";3;48;2
"1144";"202100001144";12;"14:50";"1";"95";"1";"1";"1";6;48;2
"1145";"202100001145";12;"10:35";"1";"94";"1";"1";"2";2;48;2
"1146";"202100001146";12;"17:10";"1";"94";"1";"1";"1";2;48;2
"1147";"202100001147";12;"09:50";"1";"77";"1";"1";"1";2;48;2
"1148";"202100001148";7;"05:40";"5";"64";"2";"1";"2";6;43;-1
"1149";"202100001149";10;"13:25";"1";"54";"2";"1";"1";2;48;6
"1150";"202100001150";10;"21:20";"5";"92";"2";"1";"1";3;48;2
"1151";"202100001151";12;"14:30";"1";"974";"1";"1";"1";3;-21;55
"1152";"202100001152";12;"19:50";"5";"974";"2";"2";"8";3;-20;55
"1153";"202100001153";12;"02:00";"5";"973";"2";"2";"1";3;4;-52
"1154";"202100001154";12;"19:30";"5";"973";"2";"1";"2";6;4;-52
"1155";"202100001155";12;"02:02";"5";"973";"2";"1";"3";2;4;-52
"1156";"202100001156";12;"22:30";"5";"69";"2";"2";"2";3;45;4
"1157";"202100001157";12;"09:30";"1";"69";"2";"2";"2";3;45;4
"1158";"202100001158";12;"20:55";"5";"972";"1";"1";"1";6;14;-61
"1159";"202100001159";12;"21:12";"4";"972";"2";"1";"1";6;14;-61
"1160";"202100001160";12;"20:30";"5";"69";"2";"1";"2";7;45;4
"1161";"202100001161";12;"09:45";"1";"69";"2";"3";"2";6;45;4
"1162";"202100001162";12;"09:12";"1";"91";"2";"6";"1";3;48;2
"1163";"202100001163";12;"18:07";"5";"91";"2";"1";"2";6;48;2
"1164";"202100001164";12;"22:30";"5";"90";"2";"2";"2";3;47;6
"1165";"202100001165";12;"07:10";"5";"86";"1";"6";"2";3;46;0
"1166";"202100001166";12;"11:10";"1";"80";"1";"1";"9";1;49;2
"1167";"202100001167";11;"16:40";"1";"78";"2";"1";"1";6;48;2
"1168";"202100001168";12;"06:35";"5";"77";"2";"1";"2";6;48;2
"1169";"202100001169";12;"17:45";"5";"76";"2";"1";"1";1;49;1
"1170";"202100001170";12;"14:15";"1";"71";"2";"1";"1";7;46;4
"1171";"202100001171";12;"11:00";"1";"69";"2";"3";"3";3;45;4
"1172";"202100001172";12;"22:30";"5";"69";"2";"2";"2";3;45;4
"1173";"202100001173";12;"20:22";"5";"68";"2";"1";"2";6;48;7
"1174";"202100001174";12;"14:45";"1";"67";"2";"3";"3";3;48;7
"1175";"202100001175";12;"01:30";"4";"67";"2";"3";"2";3;48;7
"1176";"202100001176";12;"18:10";"5";"67";"2";"1";"2";6;48;7
"1177";"202100001177";12;"02:35";"5";"67";"2";"3";"1";3;48;7
"1178";"202100001178";12;"16:41";"1";"66";"2";"3";"1";3;42;2
"1179";"202100001179";11;"14:55";"1";"64";"2";"1";"2";7;43;0
"1180";"202100001180";12;"07:23";"3";"63";"1";"1";"2";1;45;3
"1181";"202100001181";12;"17:14";"2";"60";"1";"1";"8";3;49;2
"1182";"202100001182";12;"17:30";"5";"59";"2";"1";"2";6;50;2
"1183";"202100001183";12;"15:30";"1";"56";"2";"1";"1";6;47;-3
"1184";"202100001184";12;"22:23";"5";"56";"2";"6";"1";3;47;-3
"1185";"202100001185";12;"16:26";"1";"54";"2";"1";"2";3;48;6
"1186";"202100001186";12;"20:30";"5";"54";"2";"1";"1";3;48;6
"1187";"202100001187";12;"19:36";"5";"49";"2";"1";"1";3;47;0
"1188";"202100001188";12;"08:00";"5";"41";"2";"1";"8";3;47;1
"1189";"202100001189";12;"12:30";"1";"37";"2";"2";"1";3;47;0
"1190";"202100001190";12;"12:49";"1";"36";"2";"1";"1";6;46;1
"1191";"202100001191";12;"17:15";"2";"36";"2";"6";"1";7;46;1
"1192";"202100001192";12;"11:40";"1";"35";"2";"6";"1";7;48;-1
"1193";"202100001193";12;"11:15";"1";"22";"2";"1";"1";5;48;-2
"1194";"202100001194";12;"16:35";"1";"19";"2";"1";"2";6;45;1
"1195";"202100001195";12;"17:49";"3";"18";"1";"1";"1";3;47;2
"1196";"202100001196";12;"20:25";"3";"17";"1";"1";"3";2;46;-1
"1197";"202100001197";12;"18:20";"1";"17";"1";"1";"8";5;45;0
"1198";"202100001198";12;"21:10";"5";"13";"2";"3";"1";1;43;5
"1199";"202100001199";12;"23:15";"3";"13";"1";"1";"1";1;43;5
"1200";"202100001200";12;"17:35";"5";"13";"2";"9";"2";3;43;5
"1201";"202100001201";12;"16:05";"1";"11";"1";"1";"1";7;43;2
"1202";"202100001202";12;"16:55";"5";"10";"2";"1";"7";7;48;4
"1203";"202100001203";12;"14:20";"1";"06";"2";"1";"2";6;43;7
"1204";"202100001204";12;"18:11";"5";"05";"2";"3";"2";6;44;6
"1205";"202100001205";12;"19:00";"5";"75";"2";"2";"2";2;48;2
"1206";"202100001206";12;"16:10";"1";"75";"2";"2";"2";4;48;2
"1207";"202100001207";12;"13:20";"1";"75";"2";"2";"1";3;48;2
"1208";"202100001208";12;"23:53";"5";"75";"2";"3";"2";3;48;2
"1209";"202100001209";12;"20:10";"5";"75";"2";"3";"1";6;48;2
"1210";"202100001210";12;"14:55";"1";"75";"2";"1";"1";6;48;2
"1211";"202100001211";12;"16:15";"1";"75";"2";"2";"1";3;48;2
"1212";"202100001212";12;"14:00";"1";"94";"2";"7";"2";7;48;2
"1213";"202100001213";12;"17:40";"5";"94";"2";"9";"2";3;48;2
"1214";"202100001214";12;"14:25";"1";"94";"2";"1";"1";6;48;2
"1215";"202100001215";12;"18:20";"5";"93";"2";"9";"8";3;48;2
"1216";"202100001216";12;"16:00";"1";"93";"2";"1";"8";3;48;2
"1217";"202100001217";12;"14:00";"1";"92";"2";"1";"1";2;48;2
"1218";"202100001218";12;"19:18";"5";"92";"2";"1";"1";3;48;2
"1219";"202100001219";12;"07:32";"2";"92";"2";"9";"2";3;48;2
"1220";"202100001220";12;"08:55";"1";"92";"2";"2";"1";2;48;2
"1221";"202100001221";12;"21:00";"5";"92";"2";"3";"1";3;48;2
"1222";"202100001222";12;"00:56";"5";"92";"2";"2";"3";3;48;2
"1223";"202100001223";12;"14:55";"1";"92";"2";"7";"2";4;48;2
"1224";"202100001224";12;"11:20";"1";"22";"2";"6";"8";6;48;-2
"1225";"202100001225";12;"09:00";"1";"42";"1";"4";"8";1;46;4
"1226";"202100001226";12;"12:30";"1";"972";"2";"1";"1";1;14;-61
"1227";"202100001227";12;"07:04";"2";"54";"1";"2";"2";6;49;5
"1228";"202100001228";12;"18:40";"4";"71";"1";"1";"2";3;46;4
"1229";"202100001229";12;"17:25";"3";"71";"1";"1";"2";3;46;4
"1230";"202100001230";12;"14:40";"1";"41";"1";"2";"1";3;47;1
"1231";"202100001231";12;"23:30";"3";"29";"1";"1";"2";6;48;-4
"1232";"202100001232";12;"18:15";"5";"34";"2";"2";"9";1;43;2
"1233";"202100001233";12;"14:20";"1";"22";"2";"1";"2";6;48;-3
"1234";"202100001234";12;"20:00";"3";"01";"1";"2";"3";3;46;4
"1235";"202100001235";12;"19:00";"3";"90";"2";"1";"2";6;47;6
"1236";"202100001236";12;"15:30";"1";"90";"1";"4";"2";1;47;6
"1237";"202100001237";12;"18:10";"5";"48";"2";"1";"1";6;44;3
"1238";"202100001238";11;"01:40";"3";"31";"1";"9";"1";2;43;1
"1239";"202100001239";12;"14:40";"1";"22";"1";"9";"1";2;48;-2
"1240";"202100001240";12;"20:55";"3";"77";"1";"1";"1";1;48;2
"1241";"202100001241";12;"17:45";"5";"91";"2";"1";"1";3;48;2
"1242";"202100001242";12;"14:30";"1";"13";"2";"3";"1";3;43;5
"1243";"202100001243";12;"19:20";"3";"38";"1";"1";"2";1;45;5
"1244";"202100001244";12;"14:25";"1";"69";"1";"3";"2";1;45;4
"1245";"202100001245";12;"15:45";"1";"79";"1";"1";"5";1;46;0
"1246";"202100001246";12;"19:50";"3";"33";"1";"1";"2";5;45;0
"1247";"202100001247";12;"15:55";"1";"60";"1";"1";"8";7;49;2
"1248";"202100001248";12;"19:05";"5";"83";"1";"1";"1";2;43;6
"1249";"202100001249";12;"18:40";"5";"33";"1";"1";"2";6;44;0
"1250";"202100001250";12;"11:50";"1";"91";"1";"1";"2";2;48;2
"1251";"202100001251";12;"10:45";"1";"91";"1";"1";"2";2;48;2
"1252";"202100001252";12;"11:35";"1";"78";"1";"1";"2";6;48;2
"1253";"202100001253";12;"10:30";"1";"78";"1";"9";"2";6;48;2
"1254";"202100001254";12;"04:00";"5";"92";"1";"1";"2";6;48;2
"1255";"202100001255";12;"23:30";"3";"92";"1";"1";"2";6;48;2
"1256";"202100001256";12;"23:40";"5";"92";"1";"1";"2";6;48;2
"1257";"202100001257";12;"21:30";"5";"92";"2";"1";"2";6;48;2
"1258";"202100001258";12;"13:30";"1";"95";"1";"1";"2";7;49;2
"1259";"202100001259";12;"09:45";"1";"93";"1";"1";"1";7;48;2
"1260";"202100001260";12;"06:15";"2";"93";"1";"1";"2";7;48;2
"1261";"202100001261";12;"06:40";"3";"95";"1";"1";"2";2;49;2
"1262";"202100001262";12;"15:40";"1";"77";"1";"1";"1";4;48;2
"1263";"202100001263";12;"13:15";"1";"94";"1";"1";"2";4;48;2
"1264";"202100001264";12;"08:45";"1";"94";"1";"1";"2";3;48;2
"1265";"202100001265";12;"07:10";"3";"77";"1";"1";"2";3;48;2
"1266";"202100001266";12;"01:45";"5";"974";"2";"2";"1";3;-20;55
"1267";"202100001267";12;"10:40";"1";"974";"2";"1";"1";4;-20;55
"1268";"202100001268";12;"07:45";"1";"974";"2";"1";"1";7;-20;55
"1269";"202100001269";12;"02:30";"3";"974";"2";"1";"1";6;-20;55
"1270";"202100001270";12;"05:00";"5";"974";"2";"1";"1";7;-20;55
"1271";"202100001271";12;"13:05";"1";"973";"2";"1";"1";3;4;-52
"1272";"202100001272";12;"17:40";"5";"69";"2";"2";"2";3;45;4
"1273";"202100001273";12;"14:20";"1";"69";"2";"9";"1";2;45;4
"1274";"202100001274";12;"22:13";"4";"971";"1";"1";"1";7;16;-61
"1275";"202100001275";12;"17:15";"3";"2A";"2";"1";"2";1;41;8
"1276";"202100001276";12;"14:00";"1";"95";"2";"1";"2";4;48;2
"1277";"202100001277";12;"17:15";"5";"83";"2";"1";"1";3;43;5
"1278";"202100001278";12;"18:00";"5";"79";"1";"2";"1";3;46;0
"1279";"202100001279";12;"23:00";"5";"76";"2";"1";"1";3;49;1
"1280";"202100001280";12;"18:55";"5";"73";"2";"6";"2";3;45;5
"1281";"202100001281";12;"10:45";"1";"69";"2";"9";"1";6;45;4
"1282";"202100001282";12;"17:45";"2";"61";"2";"3";"2";6;48;0
"1283";"202100001283";12;"21:00";"5";"59";"2";"1";"1";6;50;3
"1284";"202100001284";12;"21:03";"5";"49";"2";"2";"1";3;47;0
"1285";"202100001285";12;"16:40";"1";"48";"1";"1";"8";7;44;3
"1286";"202100001286";12;"16:10";"1";"45";"2";"2";"1";6;47;1
"1287";"202100001287";12;"18:50";"5";"44";"2";"1";"2";3;47;-1
"1288";"202100001288";12;"12:10";"1";"35";"1";"1";"2";2;48;-1
"1289";"202100001289";12;"20:20";"5";"13";"2";"1";"1";1;43;5
"1290";"202100001290";12;"18:25";"5";"06";"1";"1";"1";6;43;6
"1291";"202100001291";12;"11:25";"1";"75";"2";"4";"2";6;48;2
"1292";"202100001292";12;"02:45";"3";"75";"2";"4";"2";2;48;2
"1293";"202100001293";12;"20:40";"5";"75";"2";"2";"2";3;48;2
"1294";"202100001294";12;"18:45";"5";"75";"2";"2";"3";2;48;2
"1295";"202100001295";12;"20:40";"5";"75";"2";"7";"2";2;48;2
"1296";"202100001296";12;"22:05";"5";"75";"2";"2";"1";6;48;2
"1297";"202100001297";12;"16:00";"1";"75";"2";"3";"1";2;48;2
"1298";"202100001298";12;"15:38";"1";"75";"2";"7";"1";3;48;2
"1299";"202100001299";12;"19:50";"5";"94";"2";"1";"2";6;48;2
"1300";"202100001300";12;"09:10";"1";"93";"2";"1";"8";2;48;2
"1301";"202100001301";12;"21:00";"5";"93";"2";"3";"1";2;48;2
"1302";"202100001302";12;"14:00";"1";"92";"2";"1";"2";6;48;2
"1303";"202100001303";12;"21:29";"5";"92";"2";"2";"2";3;48;2
"1304";"202100001304";12;"06:00";"3";"76";"1";"9";"2";4;49;1
"1305";"202100001305";12;"17:38";"3";"06";"2";"3";"8";1;43;7
"1306";"202100001306";12;"16:35";"2";"71";"1";"1";"8";6;46;4
"1307";"202100001307";12;"11:10";"1";"68";"2";"1";"1";6;48;7
"1308";"202100001308";12;"08:55";"1";"01";"2";"3";"1";3;45;4
"1309";"202100001309";12;"08:30";"1";"34";"1";"1";"2";5;43;3
"1310";"202100001310";12;"14:10";"1";"15";"1";"1";"7";2;45;3
"1311";"202100001311";12;"15:30";"1";"32";"1";"3";"2";5;43;0
"1312";"202100001312";12;"19:00";"3";"71";"1";"1";"3";5;46;4
"1313";"202100001313";12;"07:15";"3";"61";"1";"3";"2";3;48;0
"1314";"202100001314";12;"08:45";"1";"39";"1";"1";"2";1;47;5
"1315";"202100001315";12;"23:30";"3";"25";"1";"1";"2";6;47;5
"1316";"202100001316";12;"10:00";"1";"44";"1";"1";"8";6;47;-1
"1317";"202100001317";12;"20:10";"3";"31";"1";"1";"1";6;43;0
"1318";"202100001318";12;"01:50";"5";"38";"2";"1";"3";6;44;5
"1319";"202100001319";12;"07:30";"5";"01";"2";"2";"2";6;46;5
"1320";"202100001320";12;"10:30";"1";"01";"2";"2";"2";6;46;5
"1321";"202100001321";12;"07:55";"2";"72";"1";"1";"2";2;47;0
"1322";"202100001322";12;"15:00";"1";"50";"1";"2";"1";2;49;-1
"1323";"202100001323";12;"23:15";"3";"36";"1";"4";"3";6;46;1
"1324";"202100001324";12;"12:10";"1";"40";"1";"1";"3";1;43;0
"1325";"202100001325";12;"15:46";"1";"67";"2";"1";"2";1;48;7
"1326";"202100001326";12;"06:30";"3";"01";"1";"1";"2";3;46;5
"1327";"202100001327";12;"12:30";"1";"976";"1";"1";"1";3;-12;45
"1328";"202100001328";12;"15:30";"1";"69";"1";"1";"2";2;46;4
"1329";"202100001329";12;"01:19";"3";"60";"1";"9";"3";3;49;2
"1330";"202100001330";12;"11:30";"1";"987";"2";"1";"1";3;-17;-149
"1331";"202100001331";12;"10:45";"1";"987";"2";"3";"1";3;-17;-149
"1332";"202100001332";12;"00:10";"3";"977";"1";"1";"1";1;17;-62
"1333";"202100001333";12;"17:25";"2";"13";"2";"3";"1";3;43;5
"1334";"202100001334";12;"11:15";"1";"66";"1";"1";"1";6;42;2
"1335";"202100001335";12;"22:40";"3";"13";"1";"3";"5";1;43;4
"1336";"202100001336";12;"06:10";"3";"55";"1";"1";"1";3;49;5
"1337";"202100001337";12;"20:05";"3";"44";"2";"3";"1";6;47;-1
"1338";"202100001338";12;"14:20";"1";"33";"1";"1";"2";6;45;0
"1339";"202100001339";12;"18:35";"4";"29";"2";"1";"6";6;48;-4
"1340";"202100001340";12;"16:45";"1";"62";"1";"1";"1";1;50;1
"1341";"202100001341";12;"19:45";"3";"13";"1";"1";"1";4;43;5
"1342";"202100001342";12;"19:00";"3";"13";"1";"1";"1";2;43;5
"1343";"202100001343";12;"05:29";"4";"13";"2";"1";"3";6;43;5
"1344";"202100001344";12;"19:15";"5";"94";"1";"1";"2";4;48;2
"1345";"202100001345";12;"16:45";"2";"91";"1";"1";"2";3;48;2
"1346";"202100001346";12;"15:15";"1";"91";"1";"1";"1";7;48;2
"1347";"202100001347";12;"15:45";"1";"91";"1";"1";"8";4;48;2
"1348";"202100001348";12;"10:40";"1";"91";"1";"1";"2";6;48;2
"1349";"202100001349";12;"09:45";"1";"91";"1";"1";"2";7;48;2
"1350";"202100001350";12;"22:15";"3";"93";"1";"1";"2";3;48;2
"1351";"202100001351";12;"21:00";"3";"95";"1";"1";"2";2;48;2
"1352";"202100001352";12;"15:20";"1";"95";"1";"1";"8";6;48;2
"1353";"202100001353";12;"13:11";"1";"95";"1";"1";"2";6;49;2
"1354";"202100001354";12;"13:10";"1";"92";"1";"1";"1";2;48;2
"1355";"202100001355";12;"10:10";"1";"93";"1";"1";"2";6;48;2
"1356";"202100001356";12;"20:20";"3";"95";"1";"1";"2";6;48;2
"1357";"202100001357";12;"13:45";"1";"93";"1";"1";"1";1;48;2
"1358";"202100001358";12;"11:20";"1";"60";"1";"1";"2";3;49;2
"1359";"202100001359";12;"00:45";"3";"77";"1";"1";"5";6;48;2
"1360";"202100001360";12;"03:10";"3";"974";"2";"3";"1";2;-20;55
"1361";"202100001361";12;"00:15";"5";"974";"2";"1";"1";2;-20;55
"1362";"202100001362";12;"19:36";"5";"974";"2";"1";"8";-1;-20;55
"1363";"202100001363";12;"17:00";"1";"974";"1";"1";"2";7;-20;55
"1364";"202100001364";12;"15:00";"1";"973";"2";"1";"1";3;4;-52
"1365";"202100001365";12;"16:30";"1";"69";"2";"1";"1";6;45;4
"1366";"202100001366";12;"19:40";"5";"91";"2";"9";"1";3;48;2
"1367";"202100001367";12;"15:45";"1";"91";"2";"2";"2";3;48;2
"1368";"202100001368";12;"18:20";"3";"91";"1";"1";"1";7;48;2
"1369";"202100001369";12;"10:51";"1";"79";"2";"2";"1";7;46;0
"1370";"202100001370";12;"12:25";"1";"76";"2";"1";"1";7;49;1
"1371";"202100001371";12;"12:45";"1";"64";"2";"1";"1";3;43;-1
"1372";"202100001372";12;"14:29";"1";"45";"1";"3";"1";1;47;1
"1373";"202100001373";12;"11:10";"1";"25";"2";"1";"8";6;47;6
"1374";"202100001374";12;"21:36";"3";"25";"1";"1";"3";7;47;6
"1375";"202100001375";10;"10:30";"1";"19";"2";"1";"1";6;45;2
"1376";"202100001376";12;"11:20";"1";"13";"2";"3";"8";3;43;5
"1377";"202100001377";12;"16:30";"2";"13";"2";"2";"8";3;43;4
"1378";"202100001378";12;"15:05";"1";"75";"2";"1";"2";6;48;2
"1379";"202100001379";12;"15:40";"1";"75";"2";"1";"2";3;48;2
"1380";"202100001380";12;"18:10";"5";"75";"2";"4";"8";2;48;2
"1381";"202100001381";12;"20:55";"5";"75";"2";"2";"8";2;48;2
"1382";"202100001382";12;"19:50";"5";"75";"2";"2";"2";6;48;2
"1383";"202100001383";12;"12:45";"1";"94";"2";"1";"8";3;48;2
"1384";"202100001384";12;"09:20";"2";"93";"1";"1";"2";2;49;2
"1385";"202100001385";12;"22:21";"5";"93";"2";"1";"2";4;48;2
"1386";"202100001386";12;"19:05";"5";"93";"2";"3";"2";3;48;2
"1387";"202100001387";12;"16:20";"1";"93";"2";"2";"2";3;48;2
"1388";"202100001388";12;"04:40";"3";"92";"2";"1";"2";6;48;2
"1389";"202100001389";12;"19:25";"5";"92";"2";"3";"1";6;48;2
"1390";"202100001390";12;"20:30";"5";"92";"2";"1";"8";3;48;2
"1391";"202100001391";12;"19:23";"3";"10";"1";"9";"1";6;48;4
"1392";"202100001392";12;"02:20";"5";"974";"2";"6";"1";3;-21;55
"1393";"202100001393";12;"17:25";"1";"972";"1";"1";"1";5;14;-61
"1394";"202100001394";12;"21:50";"3";"33";"1";"1";"1";2;44;0
"1395";"202100001395";12;"09:30";"1";"47";"1";"1";"5";5;44;0
"1396";"202100001396";12;"22:50";"3";"62";"1";"2";"5";6;50;2
"1397";"202100001397";12;"10:45";"1";"56";"1";"1";"1";6;47;-2
"1398";"202100001398";12;"12:00";"1";"2B";"1";"1";"2";7;42;9
"1399";"202100001399";12;"08:05";"1";"82";"1";"1";"9";7;44;1
"1400";"202100001400";12;"05:30";"3";"71";"1";"1";"2";6;46;4
"1401";"202100001401";12;"23:10";"5";"63";"2";"1";"1";6;45;3
"1402";"202100001402";12;"20:10";"3";"47";"1";"1";"1";6;44;0
"1403";"202100001403";12;"00:00";"3";"22";"1";"1";"5";6;48;-3
"1404";"202100001404";12;"20:05";"3";"03";"1";"1";"1";2;46;3
"1405";"202100001405";12;"08:30";"2";"85";"1";"1";"1";6;46;-1
"1406";"202100001406";12;"16:30";"1";"58";"1";"1";"3";7;47;3
"1407";"202100001407";12;"07:15";"3";"14";"1";"1";"2";6;49;-1
"1408";"202100001408";12;"15:15";"1";"16";"1";"1";"2";5;45;0
"1409";"202100001409";12;"17:30";"2";"04";"1";"1";"8";1;44;5
"1410";"202100001410";12;"17:20";"2";"37";"2";"3";"2";1;47;0
"1411";"202100001411";12;"18:30";"3";"30";"1";"1";"5";1;43;4
"1412";"202100001412";12;"16:20";"1";"18";"1";"9";"1";6;47;1
"1413";"202100001413";12;"18:00";"3";"82";"1";"1";"2";2;44;1
"1414";"202100001414";12;"08:03";"2";"49";"1";"6";"1";2;47;0
"1415";"202100001415";12;"19:00";"2";"987";"1";"1";"1";3;-17;-149
"1416";"202100001416";12;"02:30";"5";"988";"2";"1";"1";6;-22;166
"1417";"202100001417";12;"01:30";"3";"988";"1";"4";"1";7;-22;166
"1418";"202100001418";12;"10:50";"1";"986";"1";"1";"1";6;-13;-176
"1419";"202100001419";12;"14:30";"1";"976";"1";"1";"1";5;-12;45
"1420";"202100001420";12;"19:05";"5";"973";"2";"1";"2";6;4;-52
"1421";"202100001421";12;"06:05";"5";"37";"2";"1";"3";6;47;1
"1422";"202100001422";12;"17:00";"1";"13";"1";"1";"1";2;43;4
"1423";"202100001423";12;"10:10";"1";"13";"2";"1";"3";5;43;4
"1424";"202100001424";12;"16:15";"2";"26";"1";"1";"8";6;44;4
"1425";"202100001425";12;"20:15";"5";"38";"2";"1";"1";6;45;5
"1426";"202100001426";12;"11:25";"1";"64";"2";"1";"8";6;43;0
"1427";"202100001427";12;"07:10";"3";"35";"1";"9";"8";6;48;-1
"1428";"202100001428";12;"12:30";"1";"13";"1";"1";"1";5;43;5
"1429";"202100001429";12;"04:50";"3";"13";"1";"1";"1";2;43;5
"1430";"202100001430";12;"04:05";"5";"33";"1";"1";"1";2;44;0
"1431";"202100001431";12;"10:45";"1";"91";"1";"1";"2";7;48;2
"1432";"202100001432";12;"04:40";"3";"92";"1";"1";"1";7;48;2
"1433";"202100001433";12;"18:15";"2";"93";"1";"1";"2";1;48;2
"1434";"202100001434";12;"15:20";"1";"95";"1";"1";"2";2;48;2
"1435";"202100001435";12;"13:28";"1";"95";"1";"1";"1";6;49;2
"1436";"202100001436";12;"13:30";"1";"93";"1";"1";"1";7;48;2
"1437";"202100001437";12;"00:25";"5";"94";"1";"1";"1";6;48;2
"1438";"202100001438";12;"23:20";"3";"94";"1";"1";"2";6;48;2
"1439";"202100001439";12;"15:50";"1";"94";"1";"1";"1";2;48;2
"1440";"202100001440";12;"12:40";"1";"974";"2";"2";"2";3;-20;55
"1441";"202100001441";12;"04:20";"1";"973";"2";"1";"1";5;4;-52
"1442";"202100001442";12;"14:35";"1";"972";"2";"2";"1";3;14;-60
"1443";"202100001443";12;"15:40";"1";"69";"2";"1";"1";1;45;4
"1444";"202100001444";12;"11:15";"1";"69";"2";"1";"1";6;45;4
"1445";"202100001445";12;"08:34";"1";"971";"1";"3";"1";3;16;-61
"1446";"202100001446";12;"21:00";"5";"971";"2";"9";"1";6;16;-61
"1447";"202100001447";12;"01:37";"5";"95";"2";"2";"1";3;48;2
"1448";"202100001448";12;"18:25";"5";"95";"2";"1";"8";2;48;2
"1449";"202100001449";12;"00:10";"5";"95";"2";"2";"1";6;49;2
"1450";"202100001450";12;"15:50";"1";"91";"2";"2";"1";3;48;2
"1451";"202100001451";12;"11:25";"1";"91";"2";"1";"1";3;48;2
"1452";"202100001452";12;"15:00";"1";"86";"2";"1";"1";3;46;0
"1453";"202100001453";12;"15:10";"1";"81";"2";"4";"1";1;44;2
"1454";"202100001454";12;"19:45";"5";"76";"2";"1";"2";7;49;0
"1455";"202100001455";12;"09:50";"1";"76";"2";"1";"1";1;49;1
"1456";"202100001456";12;"12:40";"1";"72";"2";"2";"1";6;48;0
"1457";"202100001457";12;"19:00";"1";"66";"2";"1";"1";1;42;2
"1458";"202100001458";12;"13:25";"1";"64";"2";"3";"1";3;43;0
"1459";"202100001459";12;"07:00";"5";"63";"2";"1";"1";7;45;3
"1460";"202100001460";12;"01:50";"5";"63";"2";"1";"1";6;45;3
"1461";"202100001461";12;"16:00";"2";"59";"2";"7";"2";6;50;3
"1462";"202100001462";12;"22:30";"5";"59";"2";"3";"1";3;50;3
"1463";"202100001463";12;"07:00";"2";"54";"2";"1";"1";6;48;6
"1464";"202100001464";12;"08:30";"1";"54";"2";"6";"2";3;48;6
"1465";"202100001465";12;"14:02";"1";"49";"2";"4";"1";3;47;0
"1466";"202100001466";12;"11:21";"1";"49";"2";"1";"1";3;47;0
"1467";"202100001467";12;"08:01";"2";"49";"2";"1";"1";3;47;0
"1468";"202100001468";12;"05:50";"5";"47";"2";"1";"8";3;44;0
"1469";"202100001469";12;"00:50";"5";"47";"2";"1";"2";1;44;0
"1470";"202100001470";12;"14:50";"1";"45";"2";"1";"1";7;47;1
"1471";"202100001471";12;"19:26";"2";"45";"2";"6";"2";2;47;1
"1472";"202100001472";12;"13:35";"1";"42";"2";"9";"1";6;45;4
"1473";"202100001473";12;"18:55";"5";"42";"2";"2";"1";6;45;4
"1474";"202100001474";12;"19:00";"5";"42";"2";"4";"2";2;45;4
"1475";"202100001475";12;"18:50";"5";"38";"2";"2";"2";3;45;5
"1476";"202100001476";12;"16:20";"1";"38";"2";"2";"8";3;45;5
"1477";"202100001477";12;"14:37";"1";"35";"2";"3";"1";6;48;-2
"1478";"202100001478";12;"11:50";"1";"33";"2";"1";"1";3;44;0
"1479";"202100001479";12;"20:10";"5";"33";"2";"3";"1";3;44;0
"1480";"202100001480";12;"10:30";"1";"31";"2";"1";"1";2;43;1
"1481";"202100001481";12;"13:17";"1";"29";"1";"1";"1";6;48;-4