"";"Num_Acc";"mois";"hrmn";"lum";"dep";"agg";"int";"atm";"col";"lat";"long"
"1482";"202100001482";12;"16:15";"1";"29";"2";"6";"1";3;48;-4
"1483";"202100001483";12;"19:56";"5";"29";"2";"3";"1";1;48;-4
"1484";"202100001484";12;"16:40";"1";"25";"2";"2";"1";3;47;6
"1485";"202100001485";12;"14:40";"1";"22";"1";"3";"2";3;48;-2
"1486";"202100001486";12;"02:11";"5";"13";"2";"1";"2";6;43;5
"1487";"202100001487";12;"07:32";"5";"10";"2";"3";"2";3;48;4
"1488";"202100001488";12;"11:20";"1";"07";"2";"4";"2";6;44;4
"1489";"202100001489";12;"13:45";"1";"07";"1";"1";"1";3;44;4
"1490";"202100001490";12;"01:05";"5";"06";"2";"8";"1";7;43;7
"1491";"202100001491";12;"12:15";"1";"06";"2";"1";"2";6;43;6
"1492";"202100001492";12;"10:00";"1";"06";"2";"1";"2";3;43;6
"1493";"202100001493";12;"16:05";"1";"75";"2";"1";"1";6;48;2
"1494";"202100001494";12;"12:45";"1";"75";"2";"2";"2";3;48;2
"1495";"202100001495";12;"18:40";"5";"75";"2";"4";"2";7;48;2
"1496";"202100001496";12;"11:50";"1";"75";"2";"2";"2";1;48;2
"1497";"202100001497";12;"19:58";"5";"75";"2";"2";"2";6;48;2
"1498";"202100001498";12;"14:15";"1";"75";"2";"3";"8";6;48;2
"1499";"202100001499";12;"06:20";"2";"75";"2";"2";"2";6;48;2
"1500";"202100001500";12;"19:30";"5";"75";"2";"2";"3";6;48;2
"1501";"202100001501";12;"15:40";"1";"75";"2";"5";"1";2;48;2
"1502";"202100001502";12;"12:40";"1";"75";"2";"4";"1";6;48;2
"1503";"202100001503";12;"16:10";"1";"75";"2";"4";"1";3;48;2
"1504";"202100001504";12;"18:40";"5";"94";"2";"2";"1";3;48;2
"1505";"202100001505";12;"14:00";"1";"94";"2";"1";"1";6;48;2
"1506";"202100001506";12;"11:30";"1";"94";"2";"1";"2";3;48;2
"1507";"202100001507";12;"18:00";"5";"94";"2";"1";"1";6;48;2
"1508";"202100001508";12;"13:05";"1";"94";"2";"2";"1";3;48;2
"1509";"202100001509";12;"15:30";"1";"93";"2";"1";"8";1;48;2
"1510";"202100001510";12;"21:10";"5";"93";"2";"1";"2";6;48;2
"1511";"202100001511";12;"15:40";"1";"93";"2";"1";"1";6;48;2
"1512";"202100001512";12;"15:20";"1";"92";"2";"3";"1";3;48;2
"1513";"202100001513";12;"14:00";"1";"92";"2";"1";"2";7;48;2
"1514";"202100001514";12;"06:00";"3";"36";"1";"1";"2";6;46;1
"1515";"202100001515";12;"19:15";"3";"41";"1";"1";"2";3;47;1
"1516";"202100001516";12;"15:55";"1";"972";"2";"1";"1";7;14;-61
"1517";"202100001517";12;"00:50";"3";"974";"2";"1";"1";1;-21;55
"1518";"202100001518";12;"18:25";"3";"58";"1";"1";"9";7;47;3
"1519";"202100001519";12;"20:30";"3";"19";"1";"1";"1";6;44;1
"1520";"202100001520";12;"16:15";"1";"56";"2";"1";"1";5;48;-2
"1521";"202100001521";12;"10:00";"1";"65";"1";"1";"1";6;43;0
"1522";"202100001522";12;"16:30";"1";"61";"1";"6";"8";7;48;0
"1523";"202100001523";12;"12:30";"1";"61";"1";"1";"2";6;48;0
"1524";"202100001524";12;"14:55";"1";"61";"2";"4";"2";3;48;0
"1525";"202100001525";12;"15:20";"1";"42";"2";"3";"7";6;45;4
"1526";"202100001526";12;"11:25";"1";"34";"1";"1";"1";6;43;3
"1527";"202100001527";12;"02:30";"3";"44";"2";"1";"2";6;47;-2
"1528";"202100001528";12;"17:20";"3";"35";"1";"1";"2";6;48;-1
"1529";"202100001529";12;"10:05";"1";"29";"1";"1";"8";1;48;-4
"1530";"202100001530";12;"09:20";"1";"38";"2";"2";"1";3;45;5
"1531";"202100001531";12;"03:15";"5";"90";"2";"1";"2";6;47;6
"1532";"202100001532";12;"12:05";"1";"21";"2";"1";"2";1;47;4
"1533";"202100001533";12;"13:45";"1";"24";"1";"1";"1";1;45;1
"1534";"202100001534";12;"17:30";"2";"24";"1";"1";"1";7;44;0
"1535";"202100001535";12;"18:00";"3";"85";"1";"2";"2";3;46;0
"1536";"202100001536";12;"15:00";"1";"85";"1";"1";"2";7;46;-1
"1537";"202100001537";12;"13:45";"1";"33";"1";"1";"1";2;45;0
"1538";"202100001538";12;"16:25";"1";"13";"1";"1";"1";7;43;5
"1539";"202100001539";12;"14:40";"1";"63";"1";"1";"8";6;45;3
"1540";"202100001540";12;"05:55";"5";"34";"1";"4";"9";1;43;3
"1541";"202100001541";12;"14:00";"1";"973";"2";"1";"1";3;4;-52
"1542";"202100001542";12;"20:15";"3";"973";"2";"1";"1";2;4;-52
"1543";"202100001543";12;"21:04";"3";"82";"1";"1";"1";3;43;1
"1544";"202100001544";12;"02:30";"3";"30";"1";"1";"2";3;43;4
"1545";"202100001545";12;"06:16";"3";"13";"1";"1";"2";2;43;5
"1546";"202100001546";12;"10:30";"1";"68";"2";"3";"1";6;47;7
"1547";"202100001547";12;"01:30";"3";"27";"1";"1";"5";7;49;1
"1548";"202100001548";12;"10:30";"1";"987";"2";"1";"1";1;-17;-149
"1549";"202100001549";12;"07:05";"1";"974";"1";"3";"8";1;-21;55
"1550";"202100001550";12;"23:30";"5";"971";"1";"1";"1";6;16;-61
"1551";"202100001551";12;"10:10";"1";"13";"1";"1";"1";7;43;5
"1552";"202100001552";12;"02:30";"5";"2A";"1";"1";"1";6;41;9
"1553";"202100001553";12;"10:00";"1";"34";"1";"1";"1";7;43;2
"1554";"202100001554";12;"10:25";"1";"07";"1";"1";"2";6;45;4
"1555";"202100001555";12;"19:10";"5";"27";"2";"3";"8";6;48;0
"1556";"202100001556";12;"19:10";"3";"80";"1";"2";"2";3;49;2
"1557";"202100001557";12;"16:20";"1";"13";"1";"1";"2";2;43;5
"1558";"202100001558";12;"09:36";"1";"13";"1";"1";"3";1;43;5
"1559";"202100001559";12;"12:05";"1";"83";"1";"1";"1";3;43;5
"1560";"202100001560";12;"18:55";"3";"69";"1";"1";"1";2;45;4
"1561";"202100001561";12;"06:45";"3";"69";"1";"1";"1";2;45;4
"1562";"202100001562";12;"16:45";"1";"33";"1";"1";"1";3;44;0
"1563";"202100001563";12;"15:30";"2";"91";"1";"1";"1";3;48;2
"1564";"202100001564";12;"15:10";"1";"91";"1";"1";"2";7;48;2
"1565";"202100001565";12;"00:05";"3";"92";"1";"1";"1";6;48;2
"1566";"202100001566";12;"21:10";"3";"93";"1";"1";"3";6;48;2
"1567";"202100001567";12;"12:05";"1";"988";"2";"1";"1";2;-22;166
"1568";"202100001568";12;"08:00";"1";"988";"2";"2";"1";6;-22;166
"1569";"202100001569";12;"12:00";"1";"973";"2";"1";"1";1;4;-52
"1570";"202100001570";12;"08:40";"1";"973";"2";"2";"1";3;4;-52
"1571";"202100001571";12;"15:14";"1";"69";"2";"2";"1";6;45;4
"1572";"202100001572";12;"16:20";"1";"69";"2";"1";"1";3;45;4
"1573";"202100001573";12;"11:00";"1";"69";"2";"1";"1";3;45;4
"1574";"202100001574";12;"20:45";"5";"69";"2";"1";"1";6;45;4
"1575";"202100001575";12;"03:40";"5";"69";"2";"2";"1";6;45;4
"1576";"202100001576";12;"12:00";"1";"972";"1";"1";"1";2;14;-61
"1577";"202100001577";12;"19:00";"5";"2B";"2";"1";"1";6;42;9
"1578";"202100001578";12;"15:00";"1";"971";"2";"1";"1";6;16;-61
"1579";"202100001579";12;"18:48";"5";"2A";"2";"6";"2";6;41;8
"1580";"202100001580";12;"18:52";"5";"87";"2";"1";"1";7;45;1
"1581";"202100001581";12;"17:59";"5";"87";"2";"1";"1";2;45;1
"1582";"202100001582";12;"11:05";"1";"73";"2";"1";"1";6;45;5
"1583";"202100001583";12;"17:30";"5";"69";"2";"1";"5";6;45;4
"1584";"202100001584";12;"17:30";"2";"69";"2";"1";"1";6;45;4
"1585";"202100001585";12;"16:16";"1";"66";"2";"1";"1";4;42;2
"1586";"202100001586";12;"12:32";"1";"66";"2";"1";"1";2;42;2
"1587";"202100001587";12;"15:25";"1";"65";"2";"7";"1";3;43;0
"1588";"202100001588";12;"20:55";"5";"64";"2";"1";"1";2;43;0
"1589";"202100001589";12;"13:40";"1";"64";"2";"1";"1";2;43;0
"1590";"202100001590";12;"08:00";"2";"64";"2";"3";"1";3;43;0
"1591";"202100001591";12;"07:55";"2";"64";"2";"1";"1";3;43;-1
"1592";"202100001592";12;"16:27";"1";"63";"1";"9";"8";2;45;3
"1593";"202100001593";12;"17:30";"5";"61";"2";"1";"1";2;48;0
"1594";"202100001594";12;"08:25";"1";"59";"2";"1";"9";6;50;3
"1595";"202100001595";12;"19:50";"2";"54";"2";"1";"1";4;48;6
"1596";"202100001596";12;"22:20";"5";"49";"2";"1";"1";6;47;0
"1597";"202100001597";12;"23:38";"5";"49";"2";"1";"1";6;47;0
"1598";"202100001598";12;"14:50";"1";"47";"2";"1";"1";6;44;0
"1599";"202100001599";12;"18:45";"5";"37";"2";"1";"1";3;47;0
"1600";"202100001600";12;"15:50";"1";"35";"2";"3";"1";3;48;-1
"1601";"202100001601";12;"09:45";"1";"34";"2";"1";"1";6;43;3
"1602";"202100001602";12;"16:56";"1";"33";"2";"1";"1";5;44;0
"1603";"202100001603";12;"10:50";"1";"33";"2";"1";"1";2;44;0
"1604";"202100001604";12;"01:20";"4";"31";"2";"2";"1";3;43;1
"1605";"202100001605";12;"21:30";"5";"29";"1";"1";"1";1;48;-4
"1606";"202100001606";12;"16:15";"1";"29";"2";"2";"1";3;48;-4
"1607";"202100001607";12;"19:35";"5";"27";"2";"3";"1";3;49;1
"1608";"202100001608";12;"12:48";"1";"26";"2";"1";"1";3;44;4
"1609";"202100001609";12;"10:35";"1";"26";"2";"2";"1";3;44;4
"1610";"202100001610";12;"18:30";"5";"13";"2";"1";"1";3;43;5
"1611";"202100001611";12;"11:30";"1";"13";"2";"1";"1";1;43;5
"1612";"202100001612";12;"17:30";"5";"13";"2";"1";"1";3;43;5
"1613";"202100001613";12;"09:45";"1";"11";"2";"3";"1";3;43;2
"1614";"202100001614";12;"12:22";"1";"10";"2";"6";"8";7;48;4
"1615";"202100001615";12;"15:55";"1";"09";"2";"1";"1";3;43;1
"1616";"202100001616";12;"15:10";"1";"06";"2";"6";"1";5;43;7
"1617";"202100001617";12;"16:30";"1";"05";"2";"1";"1";2;44;6
"1618";"202100001618";12;"19:35";"5";"75";"2";"1";"1";2;48;2
"1619";"202100001619";12;"13:15";"1";"75";"2";"3";"1";6;48;2
"1620";"202100001620";12;"16:35";"1";"75";"2";"1";"1";6;48;2
"1621";"202100001621";12;"16:05";"1";"75";"2";"3";"1";6;48;2
"1622";"202100001622";12;"19:15";"3";"75";"2";"4";"1";6;48;2
"1623";"202100001623";12;"17:20";"3";"75";"2";"3";"1";3;48;2
"1624";"202100001624";12;"19:45";"5";"75";"2";"7";"1";3;48;2
"1625";"202100001625";12;"19:20";"3";"75";"2";"1";"1";7;48;2
"1626";"202100001626";12;"13:15";"1";"75";"2";"3";"1";6;48;2
"1627";"202100001627";12;"08:30";"1";"75";"2";"2";"1";6;48;2
"1628";"202100001628";12;"19:15";"5";"94";"2";"3";"8";1;48;2
"1629";"202100001629";12;"11:10";"1";"94";"2";"1";"1";6;48;2
"1630";"202100001630";12;"18:40";"1";"94";"2";"9";"1";3;48;2
"1631";"202100001631";12;"19:50";"5";"94";"2";"6";"1";3;48;2
"1632";"202100001632";12;"19:48";"5";"93";"2";"1";"1";1;48;2
"1633";"202100001633";12;"23:50";"5";"93";"2";"6";"1";6;48;2
"1634";"202100001634";12;"04:45";"5";"93";"2";"1";"1";3;48;2
"1635";"202100001635";12;"14:40";"1";"93";"2";"1";"1";6;48;2
"1636";"202100001636";12;"09:10";"1";"93";"2";"1";"1";6;48;2
"1637";"202100001637";12;"10:15";"1";"93";"2";"3";"1";3;48;2
"1638";"202100001638";12;"17:00";"2";"93";"2";"6";"8";5;48;2
"1639";"202100001639";12;"16:10";"1";"93";"2";"1";"1";3;48;2
"1640";"202100001640";12;"08:50";"1";"92";"2";"3";"1";6;48;2
"1641";"202100001641";12;"17:16";"5";"92";"2";"4";"8";3;48;2
"1642";"202100001642";12;"17:05";"2";"81";"1";"3";"1";6;43;2
"1643";"202100001643";12;"19:30";"3";"91";"1";"1";"5";6;48;2
"1644";"202100001644";12;"13:40";"1";"51";"1";"1";"5";7;48;3
"1645";"202100001645";12;"11:10";"1";"64";"1";"1";"1";7;43;0
"1646";"202100001646";12;"12:00";"1";"14";"1";"3";"8";3;48;0
"1647";"202100001647";12;"17:54";"3";"01";"2";"1";"5";1;46;5
"1648";"202100001648";12;"14:15";"1";"51";"1";"1";"2";2;48;4
"1649";"202100001649";12;"11:05";"1";"76";"1";"1";"1";6;49;0
"1650";"202100001650";12;"14:20";"1";"63";"1";"1";"1";4;45;3
"1651";"202100001651";12;"21:00";"3";"63";"1";"1";"1";5;45;3
"1652";"202100001652";12;"15:00";"1";"70";"2";"1";"9";6;47;6
"1653";"202100001653";12;"11:40";"1";"72";"2";"9";"5";7;48;0
"1654";"202100001654";12;"20:20";"5";"72";"2";"1";"1";6;48;0
"1655";"202100001655";12;"10:29";"1";"24";"2";"1";"1";6;44;0
"1656";"202100001656";12;"00:30";"3";"87";"1";"1";"2";6;46;1
"1657";"202100001657";12;"11:50";"1";"76";"1";"1";"1";2;49;0
"1658";"202100001658";12;"07:30";"2";"01";"1";"1";"5";6;46;4
"1659";"202100001659";12;"11:05";"1";"64";"1";"1";"1";6;43;0
"1660";"202100001660";12;"08:50";"1";"53";"1";"1";"5";5;48;0
"1661";"202100001661";12;"14:15";"1";"988";"1";"1";"1";7;-22;166
"1662";"202100001662";11;"20:30";"5";"978";"1";"1";"1";3;18;-63
"1663";"202100001663";12;"23:45";"3";"971";"1";"1";"2";7;16;-61
"1664";"202100001664";12;"17:40";"5";"29";"2";"1";"1";6;47;-3
"1665";"202100001665";12;"16:35";"1";"95";"1";"1";"2";6;49;2
"1666";"202100001666";12;"19:00";"3";"34";"1";"6";"1";7;43;4
"1667";"202100001667";12;"11:40";"1";"85";"2";"1";"1";6;46;0
"1668";"202100001668";12;"14:30";"1";"13";"1";"1";"1";2;43;5
"1669";"202100001669";12;"14:30";"1";"42";"1";"1";"1";4;45;4
"1670";"202100001670";12;"20:10";"3";"67";"1";"1";"1";2;48;7
"1671";"202100001671";12;"11:15";"1";"33";"1";"1";"1";2;44;0
"1672";"202100001672";12;"18:00";"3";"91";"1";"1";"1";4;48;2
"1673";"202100001673";12;"18:15";"3";"91";"1";"1";"1";3;48;2
"1674";"202100001674";12;"19:00";"3";"91";"1";"1";"1";2;48;2
"1675";"202100001675";12;"20:15";"3";"92";"1";"1";"1";2;48;2
"1676";"202100001676";12;"12:40";"1";"95";"1";"1";"1";6;48;2
"1677";"202100001677";12;"11:20";"1";"93";"1";"1";"1";3;48;2
"1678";"202100001678";12;"08:00";"2";"95";"1";"1";"1";2;49;2
"1679";"202100001679";12;"00:00";"3";"95";"1";"1";"1";4;48;2
"1680";"202100001680";12;"17:30";"2";"94";"1";"1";"1";4;48;2
"1681";"202100001681";12;"16:30";"2";"93";"1";"1";"1";3;48;2
"1682";"202100001682";12;"20:10";"3";"75";"1";"1";"1";2;48;2
"1683";"202100001683";6;"15:00";"1";"29";"1";"1";"1";2;48;-4
"1684";"202100001684";5;"16:54";"1";"29";"1";"6";"1";3;48;-4
"1685";"202100001685";10;"14:23";"1";"75";"2";"3";"1";6;48;2
"1686";"202100001686";11;"07:10";"2";"976";"2";"9";"1";2;-12;45
"1687";"202100001687";11;"07:15";"1";"976";"2";"1";"1";4;-12;45
"1688";"202100001688";12;"13:50";"1";"974";"2";"2";"2";3;-20;55
"1689";"202100001689";12;"20:00";"5";"974";"2";"1";"1";3;-20;55
"1690";"202100001690";12;"18:20";"5";"973";"2";"1";"1";2;4;-52
"1691";"202100001691";12;"18:45";"5";"69";"2";"1";"1";5;45;4
"1692";"202100001692";12;"17:15";"2";"69";"2";"2";"9";1;45;4
"1693";"202100001693";12;"11:10";"1";"69";"2";"1";"5";3;45;4
"1694";"202100001694";12;"09:50";"1";"69";"2";"2";"1";3;45;4
"1695";"202100001695";12;"16:50";"1";"972";"2";"1";"1";3;14;-61
"1696";"202100001696";12;"17:17";"5";"69";"2";"1";"8";3;45;4
"1697";"202100001697";12;"13:45";"1";"2B";"2";"3";"1";4;42;9
"1698";"202100001698";12;"12:20";"1";"2A";"2";"1";"1";3;41;8
"1699";"202100001699";12;"21:20";"5";"90";"2";"2";"1";3;47;6
"1700";"202100001700";12;"17:55";"5";"86";"2";"1";"1";6;46;0
"1701";"202100001701";12;"00:20";"5";"80";"2";"6";"1";3;49;2
"1702";"202100001702";12;"08:00";"2";"72";"2";"6";"1";6;48;0
"1703";"202100001703";12;"14:45";"1";"69";"2";"1";"1";4;45;4
"1704";"202100001704";12;"15:50";"1";"64";"2";"1";"1";6;43;-1
"1705";"202100001705";12;"18:55";"5";"64";"2";"1";"1";7;43;0
"1706";"202100001706";12;"14:15";"1";"64";"2";"1";"1";3;43;0
"1707";"202100001707";12;"18:40";"5";"64";"2";"1";"1";6;43;0
"1708";"202100001708";12;"18:55";"5";"59";"2";"6";"1";2;50;3
"1709";"202100001709";12;"07:50";"3";"59";"2";"5";"9";3;51;2
"1710";"202100001710";12;"09:30";"1";"59";"2";"1";"7";6;50;3
"1711";"202100001711";12;"16:45";"2";"57";"1";"1";"1";6;49;6
"1712";"202100001712";12;"13:15";"1";"54";"2";"1";"1";2;48;6
"1713";"202100001713";12;"20:25";"5";"54";"2";"1";"1";1;48;6
"1714";"202100001714";12;"11:45";"1";"54";"2";"1";"1";6;48;6
"1715";"202100001715";12;"09:30";"1";"53";"2";"1";"1";6;48;0
"1716";"202100001716";12;"09:35";"1";"51";"2";"6";"1";2;49;4
"1717";"202100001717";12;"10:05";"1";"51";"2";"1";"1";7;49;3
"1718";"202100001718";11;"13:50";"1";"50";"2";"2";"1";2;49;-1
"1719";"202100001719";12;"18:00";"5";"49";"2";"1";"1";4;47;0
"1720";"202100001720";12;"23:54";"5";"49";"2";"1";"1";6;47;0
"1721";"202100001721";12;"17:46";"2";"44";"2";"3";"1";6;47;-2
"1722";"202100001722";12;"14:30";"1";"35";"1";"1";"8";4;48;-1
"1723";"202100001723";12;"00:35";"5";"34";"2";"1";"1";5;43;3
"1724";"202100001724";12;"19:50";"5";"29";"2";"1";"1";2;48;-4
"1725";"202100001725";12;"12:25";"1";"27";"1";"3";"1";6;49;1
"1726";"202100001726";12;"05:30";"5";"26";"2";"6";"1";6;44;4
"1727";"202100001727";12;"11:48";"1";"19";"2";"1";"7";6;45;1
"1728";"202100001728";12;"20:30";"5";"13";"2";"1";"1";3;43;5
"1729";"202100001729";12;"17:45";"2";"13";"2";"1";"1";2;43;5
"1730";"202100001730";12;"13:45";"1";"13";"2";"1";"1";3;43;5
"1731";"202100001731";12;"12:56";"1";"13";"2";"1";"1";3;43;5
"1732";"202100001732";12;"07:20";"4";"13";"1";"1";"1";1;43;5
"1733";"202100001733";12;"00:00";"3";"11";"2";"1";"1";7;43;2
"1734";"202100001734";12;"09:30";"1";"11";"2";"2";"1";3;43;2
"1735";"202100001735";12;"14:30";"1";"06";"2";"9";"1";6;43;7
"1736";"202100001736";12;"19:30";"5";"03";"2";"2";"1";3;46;2
"1737";"202100001737";12;"09:10";"1";"75";"2";"1";"1";2;48;2
"1738";"202100001738";12;"16:50";"2";"75";"2";"1";"1";2;48;2
"1739";"202100001739";12;"12:15";"1";"75";"2";"4";"1";3;48;2
"1740";"202100001740";12;"20:40";"5";"75";"2";"1";"1";1;48;2
"1741";"202100001741";12;"18:00";"5";"75";"2";"3";"1";6;48;2
"1742";"202100001742";12;"10:45";"1";"75";"2";"7";"1";3;48;2
"1743";"202100001743";12;"05:43";"5";"75";"2";"2";"1";3;48;2
"1744";"202100001744";12;"18:30";"5";"75";"2";"2";"1";3;48;2
"1745";"202100001745";12;"18:50";"5";"75";"2";"5";"1";3;48;2
"1746";"202100001746";12;"12:20";"1";"75";"2";"2";"1";3;48;2
"1747";"202100001747";12;"15:00";"1";"75";"2";"4";"8";3;48;2
"1748";"202100001748";12;"16:55";"5";"75";"2";"3";"1";6;48;2
"1749";"202100001749";12;"18:15";"5";"75";"2";"1";"1";6;48;2
"1750";"202100001750";12;"14:00";"1";"75";"2";"2";"1";6;48;2
"1751";"202100001751";12;"07:25";"5";"75";"2";"2";"1";3;48;2
"1752";"202100001752";12;"17:20";"5";"75";"2";"1";"1";6;48;2
"1753";"202100001753";12;"12:10";"1";"94";"2";"3";"1";3;48;2
"1754";"202100001754";12;"07:07";"5";"94";"2";"3";"1";6;48;2
"1755";"202100001755";12;"09:50";"1";"93";"2";"1";"1";3;48;2
"1756";"202100001756";12;"15:55";"1";"93";"2";"1";"8";3;48;2
"1757";"202100001757";12;"17:00";"2";"93";"2";"3";"1";1;48;2
"1758";"202100001758";12;"19:00";"5";"93";"2";"2";"1";6;48;2
"1759";"202100001759";12;"13:00";"1";"93";"2";"1";"1";7;48;2
"1760";"202100001760";12;"08:25";"2";"92";"2";"1";"1";3;48;2
"1761";"202100001761";12;"20:50";"5";"92";"2";"7";"1";3;48;2
"1762";"202100001762";12;"19:20";"5";"92";"2";"3";"1";3;48;2
"1763";"202100001763";12;"10:40";"1";"92";"2";"1";"1";6;48;2
"1764";"202100001764";12;"18:30";"5";"92";"2";"1";"1";6;48;2
"1765";"202100001765";12;"16:10";"1";"92";"2";"3";"1";3;48;2
"1766";"202100001766";12;"15:30";"1";"974";"1";"6";"1";1;-20;55
"1767";"202100001767";12;"14:35";"1";"21";"1";"1";"1";7;47;4
"1768";"202100001768";12;"13:20";"1";"01";"2";"1";"1";3;46;6
"1769";"202100001769";12;"12:23";"1";"79";"1";"2";"1";2;46;0
"1770";"202100001770";12;"18:45";"3";"57";"1";"2";"1";3;48;6
"1771";"202100001771";12;"22:00";"5";"51";"2";"1";"1";7;48;3
"1772";"202100001772";12;"18:00";"5";"56";"2";"1";"2";6;47;-3
"1773";"202100001773";12;"14:00";"1";"59";"1";"1";"1";6;50;2
"1774";"202100001774";12;"07:45";"2";"79";"1";"2";"8";6;46;0
"1775";"202100001775";12;"17:34";"2";"2B";"1";"1";"1";1;42;9
"1776";"202100001776";12;"13:00";"1";"65";"1";"1";"1";5;42;0
"1777";"202100001777";12;"15:50";"1";"12";"1";"1";"1";3;44;2
"1778";"202100001778";12;"07:15";"2";"12";"1";"1";"8";5;44;2
"1779";"202100001779";12;"10:55";"1";"46";"2";"1";"1";6;44;1
"1780";"202100001780";12;"10:00";"1";"34";"1";"1";"5";7;43;2
"1781";"202100001781";12;"09:45";"1";"25";"1";"2";"1";3;47;5
"1782";"202100001782";12;"14:40";"1";"44";"2";"6";"2";3;47;-1
"1783";"202100001783";12;"23:05";"3";"44";"1";"1";"2";6;47;0
"1784";"202100001784";12;"13:50";"1";"29";"2";"3";"1";3;48;-4
"1785";"202100001785";12;"18:30";"2";"31";"2";"1";"1";6;43;1
"1786";"202100001786";12;"10:00";"1";"38";"2";"1";"7";6;45;5
"1787";"202100001787";12;"23:40";"3";"02";"1";"1";"1";7;49;3
"1788";"202100001788";12;"18:30";"4";"01";"2";"2";"1";3;46;4
"1789";"202100001789";12;"13:30";"1";"50";"1";"2";"1";3;49;-1
"1790";"202100001790";12;"15:20";"1";"18";"1";"1";"1";6;46;2
"1791";"202100001791";12;"17:50";"3";"43";"1";"1";"1";6;45;4
"1792";"202100001792";12;"07:20";"2";"10";"1";"1";"1";6;48;4
"1793";"202100001793";12;"21:30";"3";"27";"1";"1";"1";7;49;0
"1794";"202100001794";12;"23:15";"3";"37";"1";"1";"2";6;47;0
"1795";"202100001795";12;"13:45";"1";"30";"2";"1";"2";7;44;4
"1796";"202100001796";11;"10:45";"1";"08";"1";"1";"1";7;49;5
"1797";"202100001797";12;"20:11";"3";"44";"1";"1";"2";2;47;-1
"1798";"202100001798";12;"20:00";"5";"06";"1";"1";"1";7;43;7
"1799";"202100001799";12;"12:15";"1";"51";"1";"1";"1";7;49;3
"1800";"202100001800";12;"17:39";"3";"34";"1";"1";"1";4;43;4
"1801";"202100001801";12;"23:35";"5";"38";"2";"3";"1";3;45;5
"1802";"202100001802";12;"14:00";"1";"986";"1";"1";"1";6;-14;-178
"1803";"202100001803";12;"08:20";"2";"95";"1";"1";"2";1;49;1
"1804";"202100001804";12;"09:25";"1";"04";"1";"1";"1";6;43;5
"1805";"202100001805";12;"20:08";"3";"13";"1";"1";"2";1;43;5
"1806";"202100001806";12;"11:45";"1";"42";"2";"1";"1";6;45;4
"1807";"202100001807";12;"09:00";"1";"26";"1";"3";"8";3;44;5
"1808";"202100001808";12;"14:55";"1";"01";"1";"2";"2";3;45;4
"1809";"202100001809";12;"11:10";"1";"81";"1";"1";"1";4;43;1
"1810";"202100001810";12;"16:00";"1";"81";"1";"2";"1";3;43;1
"1811";"202100001811";12;"03:00";"3";"86";"1";"1";"2";6;46;0
"1812";"202100001812";12;"12:00";"1";"86";"1";"1";"1";1;46;0
"1813";"202100001813";12;"07:50";"3";"29";"1";"1";"2";6;48;-4
"1814";"202100001814";12;"00:15";"3";"22";"1";"1";"1";1;48;-2
"1815";"202100001815";12;"19:00";"3";"35";"1";"1";"1";1;48;-1
"1816";"202100001816";12;"11:42";"1";"60";"1";"1";"8";7;49;2
"1817";"202100001817";12;"14:10";"1";"60";"1";"1";"9";3;49;1
"1818";"202100001818";12;"17:45";"5";"59";"2";"1";"2";6;50;3
"1819";"202100001819";12;"19:55";"3";"83";"1";"1";"1";6;43;5
"1820";"202100001820";9;"07:15";"1";"69";"1";"1";"1";2;45;4
"1821";"202100001821";12;"17:20";"2";"33";"1";"1";"1";4;44;0
"1822";"202100001822";12;"06:15";"5";"33";"1";"1";"3";6;44;0
"1823";"202100001823";12;"17:15";"2";"91";"1";"1";"1";2;48;2
"1824";"202100001824";12;"16:50";"3";"91";"1";"1";"1";4;48;2
"1825";"202100001825";12;"05:10";"3";"91";"1";"1";"1";2;48;2
"1826";"202100001826";12;"23:40";"3";"91";"1";"1";"1";3;48;2
"1827";"202100001827";12;"10:30";"1";"92";"1";"1";"1";2;48;2
"1828";"202100001828";12;"18:00";"3";"92";"1";"1";"1";2;48;2
"1829";"202100001829";5;"15:59";"1";"29";"2";"1";"1";3;48;-4
"1830";"202100001830";12;"21:35";"5";"976";"2";"4";"1";1;-12;45
"1831";"202100001831";12;"20:11";"5";"976";"2";"1";"1";6;-12;45
"1832";"202100001832";12;"19:00";"2";"974";"2";"1";"1";3;-21;55
"1833";"202100001833";12;"23:40";"3";"974";"2";"1";"1";6;-21;55
"1834";"202100001834";12;"16:50";"1";"973";"2";"1";"2";2;4;-52
"1835";"202100001835";12;"08:35";"1";"69";"2";"2";"1";3;45;4
"1836";"202100001836";12;"16:25";"1";"972";"1";"1";"1";3;14;-60
"1837";"202100001837";12;"17:55";"5";"972";"1";"1";"1";2;14;-61
"1838";"202100001838";12;"19:30";"5";"69";"2";"9";"8";3;45;4
"1839";"202100001839";12;"20:30";"5";"69";"2";"3";"1";6;45;4
"1840";"202100001840";12;"19:15";"5";"95";"2";"3";"1";6;49;1
"1841";"202100001841";12;"11:40";"1";"91";"2";"9";"1";6;48;2
"1842";"202100001842";12;"23:20";"5";"91";"2";"1";"1";7;48;2
"1843";"202100001843";12;"10:00";"1";"88";"2";"9";"7";1;48;6
"1844";"202100001844";12;"20:52";"5";"87";"2";"1";"1";6;45;1
"1845";"202100001845";12;"07:45";"2";"83";"2";"2";"1";3;43;5
"1846";"202100001846";12;"11:35";"1";"83";"2";"9";"1";1;43;6