"";"Num_Acc";"mois";"hrmn";"lum";"dep";"agg";"int";"atm";"col";"lat";"long"
"1847";"202100001847";12;"14:00";"1";"80";"2";"2";"1";3;49;2
"1848";"202100001848";12;"20:20";"5";"78";"2";"2";"1";3;48;2
"1849";"202100001849";12;"10:05";"1";"78";"1";"1";"1";2;48;2
"1850";"202100001850";12;"21:40";"5";"78";"1";"1";"8";2;48;2
"1851";"202100001851";12;"11:15";"1";"76";"1";"1";"1";2;49;1
"1852";"202100001852";12;"13:40";"1";"71";"1";"1";"1";7;46;4
"1853";"202100001853";12;"17:25";"2";"71";"2";"1";"1";3;46;4
"1854";"202100001854";12;"16:45";"2";"70";"2";"3";"1";3;47;6
"1855";"202100001855";12;"14:00";"1";"69";"2";"1";"1";2;45;4
"1856";"202100001856";12;"08:05";"1";"67";"2";"1";"1";3;48;7
"1857";"202100001857";12;"17:40";"5";"67";"2";"1";"1";5;48;7
"1858";"202100001858";12;"20:16";"3";"66";"1";"1";"1";1;42;2
"1859";"202100001859";12;"18:00";"2";"65";"2";"1";"1";2;43;0
"1860";"202100001860";12;"07:30";"2";"62";"1";"1";"1";1;50;2
"1861";"202100001861";12;"00:35";"5";"59";"2";"8";"1";6;50;3
"1862";"202100001862";12;"12:15";"1";"59";"2";"2";"1";6;50;3
"1863";"202100001863";12;"14:52";"1";"59";"2";"1";"1";1;51;2
"1864";"202100001864";12;"18:10";"5";"56";"2";"1";"1";7;47;-3
"1865";"202100001865";12;"20:00";"5";"56";"2";"6";"1";2;47;-3
"1866";"202100001866";12;"15:58";"1";"56";"2";"1";"1";6;47;-3
"1867";"202100001867";12;"08:00";"1";"54";"1";"1";"1";5;48;6
"1868";"202100001868";12;"09:00";"1";"54";"2";"3";"1";3;48;6
"1869";"202100001869";12;"17:18";"3";"54";"1";"1";"1";5;48;6
"1870";"202100001870";12;"13:52";"1";"49";"2";"5";"1";3;47;0
"1871";"202100001871";12;"13:15";"1";"49";"2";"1";"1";3;47;0
"1872";"202100001872";12;"12:11";"1";"49";"2";"1";"1";6;47;0
"1873";"202100001873";12;"02:20";"5";"37";"2";"1";"1";6;47;0
"1874";"202100001874";12;"19:00";"3";"37";"2";"1";"1";6;47;0
"1875";"202100001875";12;"06:40";"3";"37";"2";"1";"1";6;47;0
"1876";"202100001876";12;"18:00";"3";"35";"1";"1";"1";4;48;-1
"1877";"202100001877";12;"11:00";"1";"35";"1";"1";"1";2;48;-1
"1878";"202100001878";12;"19:10";"5";"33";"2";"6";"1";2;44;0
"1879";"202100001879";12;"18:40";"5";"33";"2";"1";"1";2;44;0
"1880";"202100001880";12;"16:54";"1";"32";"2";"1";"2";7;43;0
"1881";"202100001881";12;"12:08";"1";"31";"2";"1";"1";6;43;1
"1882";"202100001882";12;"16:55";"1";"28";"2";"9";"1";1;48;1
"1883";"202100001883";12;"16:20";"2";"28";"2";"1";"8";6;48;1
"1884";"202100001884";12;"17:40";"5";"27";"2";"1";"1";1;49;1
"1885";"202100001885";12;"18:25";"4";"27";"2";"1";"1";6;49;1
"1886";"202100001886";12;"14:41";"1";"27";"1";"1";"1";6;49;1
"1887";"202100001887";12;"08:50";"1";"27";"2";"9";"1";3;49;1
"1888";"202100001888";10;"22:25";"3";"22";"1";"3";"1";1;48;-3
"1889";"202100001889";12;"10:30";"1";"17";"2";"2";"1";3;45;-1
"1890";"202100001890";12;"09:00";"1";"14";"2";"1";"1";3;49;0
"1891";"202100001891";12;"21:25";"3";"14";"1";"1";"1";2;49;0
"1892";"202100001892";12;"16:45";"1";"13";"2";"1";"1";6;43;5
"1893";"202100001893";12;"23:15";"5";"13";"2";"1";"1";7;43;5
"1894";"202100001894";12;"10:15";"1";"13";"2";"1";"1";1;43;5
"1895";"202100001895";12;"11:00";"1";"13";"2";"6";"1";2;43;5
"1896";"202100001896";12;"15:30";"1";"13";"2";"6";"1";3;43;5
"1897";"202100001897";12;"19:30";"5";"13";"2";"1";"1";1;43;5
"1898";"202100001898";12;"06:15";"5";"13";"2";"1";"1";1;43;5
"1899";"202100001899";12;"14:15";"1";"11";"1";"1";"1";4;43;2
"1900";"202100001900";12;"15:00";"1";"06";"2";"1";"1";6;43;6
"1901";"202100001901";12;"00:45";"5";"75";"2";"4";"1";3;48;2
"1902";"202100001902";12;"15:30";"1";"75";"2";"2";"1";3;48;2
"1903";"202100001903";12;"19:45";"5";"75";"2";"1";"1";6;48;2
"1904";"202100001904";12;"12:25";"1";"75";"2";"1";"1";6;48;2
"1905";"202100001905";12;"01:12";"5";"75";"2";"7";"1";3;48;2
"1906";"202100001906";12;"14:50";"1";"75";"2";"1";"1";7;48;2
"1907";"202100001907";12;"13:00";"1";"75";"2";"2";"1";3;48;2
"1908";"202100001908";12;"21:30";"5";"94";"2";"1";"1";3;48;2
"1909";"202100001909";12;"17:35";"3";"94";"2";"1";"1";6;48;2
"1910";"202100001910";12;"09:05";"1";"94";"2";"2";"1";3;48;2
"1911";"202100001911";12;"10:30";"1";"94";"2";"2";"1";3;48;2
"1912";"202100001912";12;"16:20";"2";"94";"2";"2";"1";3;48;2
"1913";"202100001913";12;"18:35";"5";"94";"2";"1";"1";1;48;2
"1914";"202100001914";12;"13:45";"1";"94";"2";"3";"1";6;48;2
"1915";"202100001915";12;"01:00";"3";"94";"2";"1";"1";6;48;2
"1916";"202100001916";12;"19:30";"5";"93";"1";"1";"1";2;48;2
"1917";"202100001917";12;"12:30";"1";"93";"2";"6";"1";3;48;2
"1918";"202100001918";12;"20:40";"5";"93";"2";"3";"1";1;48;2
"1919";"202100001919";12;"12:45";"1";"93";"2";"1";"1";3;48;2
"1920";"202100001920";12;"16:05";"1";"93";"2";"1";"1";1;48;2
"1921";"202100001921";12;"12:30";"1";"93";"2";"1";"1";3;48;2
"1922";"202100001922";12;"14:00";"1";"92";"2";"2";"1";3;48;2
"1923";"202100001923";12;"12:45";"1";"92";"2";"1";"1";7;48;2
"1924";"202100001924";12;"20:55";"5";"92";"2";"1";"1";6;48;2
"1925";"202100001925";12;"11:25";"1";"92";"2";"3";"1";3;48;2
"1926";"202100001926";12;"18:00";"3";"37";"2";"1";"1";1;47;0
"1927";"202100001927";12;"17:43";"5";"51";"2";"1";"1";6;48;4
"1928";"202100001928";12;"05:20";"3";"01";"2";"1";"1";6;45;5
"1929";"202100001929";12;"17:50";"2";"33";"1";"1";"1";3;44;0
"1930";"202100001930";12;"13:30";"1";"42";"1";"4";"1";1;45;3
"1931";"202100001931";12;"20:30";"3";"68";"1";"1";"1";6;47;7
"1932";"202100001932";12;"15:10";"1";"971";"1";"1";"1";1;15;-61
"1933";"202100001933";12;"10:30";"1";"62";"2";"1";"7";6;50;1
"1934";"202100001934";12;"14:45";"1";"56";"1";"1";"7";1;47;-3
"1935";"202100001935";12;"11:30";"1";"80";"1";"1";"1";6;49;2
"1936";"202100001936";12;"18:15";"3";"80";"1";"1";"1";1;49;2
"1937";"202100001937";12;"14:45";"1";"82";"1";"1";"1";6;44;1
"1938";"202100001938";12;"16:00";"1";"65";"2";"3";"1";6;43;0
"1939";"202100001939";12;"10:27";"1";"65";"1";"4";"1";6;42;0
"1940";"202100001940";12;"16:29";"2";"71";"2";"1";"1";6;46;5
"1941";"202100001941";12;"19:50";"5";"49";"1";"6";"1";2;47;0
"1942";"202100001942";12;"12:25";"1";"46";"1";"1";"1";6;44;1
"1943";"202100001943";12;"19:40";"3";"34";"1";"1";"1";6;43;3
"1944";"202100001944";12;"04:45";"3";"34";"1";"1";"8";6;43;3
"1945";"202100001945";12;"13:55";"1";"29";"1";"3";"1";1;48;-4
"1946";"202100001946";12;"20:45";"3";"29";"1";"1";"1";6;47;-4
"1947";"202100001947";12;"21:20";"3";"02";"1";"1";"1";1;49;3
"1948";"202100001948";12;"14:20";"1";"85";"1";"1";"1";3;46;0
"1949";"202100001949";12;"22:30";"3";"06";"1";"1";"9";6;43;7
"1950";"202100001950";12;"22:00";"3";"06";"1";"1";"1";7;44;6
"1951";"202100001951";12;"08:30";"2";"28";"1";"2";"1";3;48;1
"1952";"202100001952";12;"10:25";"1";"87";"1";"2";"1";5;46;1
"1953";"202100001953";12;"17:35";"3";"87";"1";"1";"1";1;45;1
"1954";"202100001954";12;"15:40";"1";"30";"1";"1";"1";7;43;4
"1955";"202100001955";12;"17:45";"2";"30";"1";"3";"1";3;44;4
"1956";"202100001956";12;"12:30";"1";"01";"1";"2";"1";5;45;5
"1957";"202100001957";12;"12:30";"1";"58";"1";"1";"1";5;46;3
"1958";"202100001958";9;"01:05";"5";"13";"1";"1";"1";1;43;5
"1959";"202100001959";12;"19:50";"3";"95";"1";"1";"1";6;49;1
"1960";"202100001960";12;"17:10";"3";"83";"1";"3";"8";3;43;5
"1961";"202100001961";12;"17:30";"3";"13";"1";"3";"1";1;43;4
"1962";"202100001962";12;"17:15";"3";"26";"1";"1";"1";6;44;4
"1963";"202100001963";12;"08:30";"1";"74";"1";"1";"1";3;45;6
"1964";"202100001964";12;"07:30";"2";"42";"1";"1";"1";1;45;4
"1965";"202100001965";12;"08:00";"2";"31";"2";"8";"1";6;43;1
"1966";"202100001966";12;"21:45";"3";"33";"1";"1";"1";6;44;0
"1967";"202100001967";12;"10:17";"1";"72";"2";"1";"1";1;47;0
"1968";"202100001968";12;"13:22";"1";"14";"2";"3";"1";3;49;0
"1969";"202100001969";12;"06:00";"3";"62";"1";"1";"5";3;50;1
"1970";"202100001970";12;"15:15";"1";"13";"1";"1";"1";2;43;5
"1971";"202100001971";12;"14:56";"1";"13";"2";"9";"1";6;43;5
"1972";"202100001972";12;"13:00";"1";"13";"1";"1";"1";4;43;5
"1973";"202100001973";12;"12:35";"1";"13";"1";"1";"1";3;43;5
"1974";"202100001974";12;"21:27";"3";"13";"1";"1";"1";2;43;5
"1975";"202100001975";12;"18:15";"3";"13";"1";"1";"1";2;43;5
"1976";"202100001976";12;"10:45";"1";"13";"1";"1";"1";4;43;5
"1977";"202100001977";12;"03:25";"3";"67";"1";"1";"1";2;48;7
"1978";"202100001978";12;"21:30";"5";"33";"1";"1";"1";2;44;0
"1979";"202100001979";12;"13:50";"1";"91";"1";"1";"1";4;48;2
"1980";"202100001980";12;"20:46";"3";"95";"1";"1";"1";7;49;2
"1981";"202100001981";12;"14:05";"1";"93";"1";"1";"1";2;48;2
"1982";"202100001982";12;"06:00";"4";"93";"1";"1";"1";2;48;2
"1983";"202100001983";12;"01:30";"3";"92";"1";"1";"1";3;48;2
"1984";"202100001984";12;"11:40";"1";"988";"2";"3";"1";3;-22;166
"1985";"202100001985";12;"05:05";"2";"988";"2";"1";"1";6;-22;166
"1986";"202100001986";12;"18:33";"5";"976";"2";"9";"1";2;-12;45
"1987";"202100001987";12;"15:58";"1";"976";"2";"1";"1";3;-12;45
"1988";"202100001988";11;"17:20";"2";"976";"2";"1";"1";1;-12;45
"1989";"202100001989";12;"08:05";"1";"976";"2";"1";"1";2;-12;45
"1990";"202100001990";12;"21:50";"5";"974";"2";"3";"1";1;-20;55
"1991";"202100001991";12;"17:35";"3";"69";"2";"1";"1";6;45;4
"1992";"202100001992";12;"16:30";"2";"69";"2";"3";"1";4;45;4
"1993";"202100001993";12;"23:20";"5";"69";"2";"2";"1";3;45;4
"1994";"202100001994";12;"07:30";"1";"69";"2";"1";"1";6;45;4
"1995";"202100001995";12;"06:45";"5";"69";"2";"1";"2";3;45;4
"1996";"202100001996";12;"11:50";"1";"83";"1";"1";"1";1;43;6
"1997";"202100001997";12;"10:00";"1";"83";"2";"3";"7";6;43;6
"1998";"202100001998";12;"12:45";"1";"80";"2";"2";"1";3;49;2
"1999";"202100001999";12;"12:15";"1";"78";"2";"1";"1";6;48;2
"2000";"202100002000";12;"13:25";"1";"76";"2";"3";"1";3;49;0
"2001";"202100002001";12;"10:55";"1";"76";"2";"1";"1";6;49;0
"2002";"202100002002";12;"07:50";"5";"76";"2";"9";"1";1;49;0
"2003";"202100002003";12;"19:31";"5";"72";"2";"3";"1";3;47;0
"2004";"202100002004";12;"15:20";"1";"67";"2";"3";"8";3;48;7
"2005";"202100002005";12;"00:40";"5";"67";"2";"1";"1";6;48;7
"2006";"202100002006";12;"00:10";"3";"67";"1";"1";"1";6;48;7
"2007";"202100002007";12;"13:20";"1";"67";"2";"2";"1";1;48;7
"2008";"202100002008";12;"12:15";"1";"66";"2";"4";"1";3;42;2
"2009";"202100002009";12;"08:46";"1";"66";"2";"6";"1";3;42;2
"2010";"202100002010";12;"14:00";"1";"64";"2";"1";"1";2;43;-1
"2011";"202100002011";12;"15:09";"1";"63";"2";"1";"1";1;45;3
"2012";"202100002012";12;"14:52";"1";"63";"2";"1";"2";6;45;3
"2013";"202100002013";12;"03:39";"5";"63";"2";"1";"1";6;45;3
"2014";"202100002014";12;"17:48";"5";"63";"2";"5";"1";3;45;3
"2015";"202100002015";12;"14:45";"1";"63";"2";"3";"1";6;45;3
"2016";"202100002016";12;"17:23";"5";"63";"2";"1";"2";4;45;3
"2017";"202100002017";12;"14:50";"1";"59";"2";"1";"1";6;50;3
"2018";"202100002018";12;"18:00";"5";"59";"2";"1";"1";6;50;3
"2019";"202100002019";12;"17:40";"5";"59";"2";"9";"2";3;50;2
"2020";"202100002020";12;"14:25";"1";"56";"2";"2";"1";3;47;-3
"2021";"202100002021";12;"07:20";"3";"50";"2";"1";"1";6;49;-1
"2022";"202100002022";12;"17:40";"5";"50";"2";"3";"1";4;49;-1
"2023";"202100002023";12;"15:12";"1";"45";"2";"1";"1";1;48;2
"2024";"202100002024";12;"12:50";"1";"42";"2";"2";"2";6;46;4
"2025";"202100002025";12;"23:30";"5";"34";"2";"1";"1";1;43;3
"2026";"202100002026";12;"20:20";"5";"33";"2";"3";"5";3;44;0
"2027";"202100002027";12;"02:45";"3";"70";"1";"1";"8";6;47;6
"2028";"202100002028";12;"16:55";"2";"14";"2";"2";"1";3;49;0
"2029";"202100002029";12;"15:25";"1";"14";"2";"1";"1";7;49;0
"2030";"202100002030";12;"14:25";"1";"13";"1";"1";"1";1;43;4
"2031";"202100002031";12;"11:00";"1";"13";"2";"2";"5";7;43;5
"2032";"202100002032";12;"17:40";"5";"11";"2";"1";"1";6;43;2
"2033";"202100002033";12;"21:45";"5";"11";"2";"3";"1";6;43;2
"2034";"202100002034";12;"01:45";"3";"10";"1";"1";"1";6;48;4
"2035";"202100002035";12;"19:50";"2";"06";"2";"1";"1";1;43;7
"2036";"202100002036";12;"15:59";"1";"05";"2";"6";"1";2;44;6
"2037";"202100002037";12;"18:00";"5";"05";"2";"1";"1";4;44;6
"2038";"202100002038";12;"08:50";"2";"75";"2";"1";"1";5;48;2
"2039";"202100002039";12;"17:05";"5";"75";"2";"1";"1";4;48;2
"2040";"202100002040";12;"14:49";"1";"75";"2";"3";"1";6;48;2
"2041";"202100002041";12;"19:06";"5";"75";"2";"2";"1";6;48;2
"2042";"202100002042";12;"14:10";"1";"75";"2";"3";"1";3;48;2
"2043";"202100002043";12;"01:30";"5";"75";"2";"1";"1";6;48;2
"2044";"202100002044";12;"11:30";"1";"75";"2";"2";"1";3;48;2
"2045";"202100002045";12;"02:55";"5";"75";"2";"2";"1";3;48;2
"2046";"202100002046";12;"13:45";"1";"75";"2";"4";"1";3;48;2
"2047";"202100002047";12;"10:50";"1";"75";"2";"1";"1";6;48;2
"2048";"202100002048";12;"09:56";"1";"75";"2";"4";"1";6;48;2
"2049";"202100002049";12;"23:30";"5";"94";"2";"9";"1";3;48;2
"2050";"202100002050";12;"22:25";"5";"94";"2";"1";"1";6;48;2
"2051";"202100002051";12;"22:00";"5";"94";"2";"1";"1";4;48;2
"2052";"202100002052";12;"16:40";"1";"94";"2";"2";"1";3;48;2
"2053";"202100002053";12;"12:30";"1";"93";"2";"1";"8";6;48;2
"2054";"202100002054";12;"01:30";"5";"93";"2";"1";"1";5;48;2
"2055";"202100002055";12;"16:10";"1";"93";"2";"1";"1";3;48;2
"2056";"202100002056";12;"12:25";"1";"93";"2";"1";"1";6;48;2
"2057";"202100002057";12;"07:40";"5";"93";"2";"2";"1";3;48;2
"2058";"202100002058";12;"13:05";"1";"92";"2";"9";"8";6;48;2
"2059";"202100002059";12;"15:20";"1";"92";"2";"1";"1";6;48;2
"2060";"202100002060";12;"19:30";"5";"92";"2";"3";"1";3;48;2
"2061";"202100002061";12;"19:10";"5";"92";"2";"3";"1";6;48;2
"2062";"202100002062";12;"15:30";"1";"71";"1";"1";"1";2;46;4
"2063";"202100002063";12;"16:50";"2";"49";"2";"1";"1";2;47;0
"2064";"202100002064";12;"19:30";"5";"41";"2";"1";"1";7;47;1
"2065";"202100002065";12;"22:00";"3";"988";"1";"1";"1";7;-20;164
"2066";"202100002066";12;"21:55";"3";"35";"1";"1";"1";7;48;-1
"2067";"202100002067";12;"07:00";"3";"83";"2";"1";"5";1;43;5
"2068";"202100002068";12;"13:10";"1";"56";"2";"1";"1";6;47;-2
"2069";"202100002069";12;"15:45";"1";"74";"1";"1";"1";4;46;6
"2070";"202100002070";12;"16:07";"1";"32";"2";"1";"1";6;43;0
"2071";"202100002071";12;"18:45";"3";"71";"1";"1";"8";7;46;4
"2072";"202100002072";12;"02:28";"3";"22";"1";"1";"9";7;48;-3
"2073";"202100002073";12;"19:00";"3";"22";"1";"1";"1";1;48;-2
"2074";"202100002074";12;"18:45";"5";"22";"1";"1";"8";5;48;-3
"2075";"202100002075";12;"20:20";"5";"25";"2";"3";"9";1;47;6
"2076";"202100002076";12;"20:50";"3";"01";"1";"1";"1";7;46;5
"2077";"202100002077";12;"21:40";"3";"06";"1";"1";"1";6;43;7
"2078";"202100002078";12;"06:43";"5";"14";"2";"1";"1";6;49;0
"2079";"202100002079";12;"10:55";"1";"60";"2";"1";"1";1;49;2
"2080";"202100002080";12;"08:00";"2";"64";"2";"1";"1";6;43;0
"2081";"202100002081";12;"08:05";"2";"64";"1";"2";"1";3;43;0
"2082";"202100002082";12;"10:30";"1";"18";"2";"1";"8";6;46;2
"2083";"202100002083";12;"02:15";"3";"18";"1";"1";"1";6;46;2
"2084";"202100002084";12;"09:45";"1";"24";"1";"1";"1";1;45;0
"2085";"202100002085";12;"17:00";"3";"24";"1";"1";"9";3;45;0
"2086";"202100002086";12;"18:05";"3";"04";"1";"1";"1";1;43;5
"2087";"202100002087";12;"15:15";"1";"85";"1";"1";"1";7;46;-1
"2088";"202100002088";12;"09:35";"1";"85";"1";"1";"7";5;47;-1
"2089";"202100002089";12;"07:20";"5";"37";"2";"1";"4";3;47;0
"2090";"202100002090";12;"14:40";"1";"30";"1";"2";"1";3;43;4
"2091";"202100002091";12;"17:08";"2";"30";"1";"1";"1";7;43;4
"2092";"202100002092";12;"19:40";"3";"77";"1";"1";"1";2;48;2
"2093";"202100002093";12;"07:39";"2";"67";"1";"1";"1";1;48;7
"2094";"202100002094";12;"17:30";"2";"49";"1";"2";"1";1;47;0
"2095";"202100002095";12;"11:30";"1";"36";"1";"1";"8";6;46;1
"2096";"202100002096";12;"10:45";"1";"34";"1";"1";"1";5;43;4
"2097";"202100002097";12;"11:15";"1";"987";"1";"1";"1";3;-17;-149
"2098";"202100002098";12;"17:24";"5";"66";"2";"3";"5";3;42;2
"2099";"202100002099";12;"11:00";"1";"13";"1";"1";"1";2;43;4
"2100";"202100002100";12;"10:30";"1";"68";"2";"3";"1";3;48;7
"2101";"202100002101";12;"15:45";"1";"67";"1";"1";"1";6;49;7
"2102";"202100002102";12;"19:30";"3";"54";"1";"1";"9";7;48;6
"2103";"202100002103";12;"23:30";"3";"42";"1";"1";"1";6;45;4
"2104";"202100002104";12;"06:40";"5";"69";"2";"1";"1";7;45;4
"2105";"202100002105";12;"15:30";"1";"86";"1";"6";"1";6;47;0
"2106";"202100002106";12;"13:45";"1";"64";"1";"3";"1";1;43;0
"2107";"202100002107";12;"13:20";"1";"14";"2";"1";"1";6;49;0
"2108";"202100002108";12;"18:20";"3";"29";"1";"1";"1";7;48;-4
"2109";"202100002109";12;"10:55";"1";"59";"2";"3";"1";3;50;2
"2110";"202100002110";12;"19:38";"3";"13";"1";"1";"1";2;43;5
"2111";"202100002111";12;"12:00";"1";"13";"1";"1";"1";5;43;5
"2112";"202100002112";12;"07:30";"2";"13";"1";"1";"5";3;43;5
"2113";"202100002113";12;"11:40";"1";"59";"1";"1";"5";4;50;3
"2114";"202100002114";12;"08:20";"3";"95";"1";"1";"1";6;49;2
"2115";"202100002115";12;"06:30";"3";"93";"1";"1";"1";6;48;2
"2116";"202100002116";12;"05:00";"3";"93";"1";"1";"1";6;48;2
"2117";"202100002117";12;"19:00";"3";"974";"2";"2";"1";3;-20;55
"2118";"202100002118";12;"15:10";"1";"974";"1";"9";"1";3;-20;55
"2119";"202100002119";12;"21:40";"3";"974";"2";"1";"1";6;-20;55
"2120";"202100002120";12;"19:00";"5";"973";"2";"1";"1";5;4;-52
"2121";"202100002121";12;"01:20";"5";"973";"2";"1";"1";1;4;-52
"2122";"202100002122";12;"08:15";"2";"69";"2";"1";"8";6;45;4
"2123";"202100002123";12;"11:45";"1";"69";"2";"2";"8";3;45;4
"2124";"202100002124";12;"01:25";"5";"91";"2";"1";"1";4;48;2
"2125";"202100002125";12;"19:00";"5";"91";"2";"1";"9";6;48;2
"2126";"202100002126";12;"14:00";"1";"91";"2";"3";"8";3;48;2
"2127";"202100002127";12;"14:55";"1";"85";"2";"3";"1";3;46;-1
"2128";"202100002128";12;"01:50";"5";"81";"2";"1";"1";6;43;2
"2129";"202100002129";12;"12:00";"1";"80";"2";"1";"1";3;50;1
"2130";"202100002130";12;"07:20";"5";"76";"2";"3";"1";5;49;1
"2131";"202100002131";12;"18:40";"5";"69";"2";"1";"1";1;45;4
"2132";"202100002132";12;"17:10";"2";"64";"2";"1";"1";7;43;-1
"2133";"202100002133";12;"19:13";"5";"62";"2";"3";"9";1;50;2
"2134";"202100002134";12;"16:00";"2";"59";"2";"3";"8";6;50;3
"2135";"202100002135";12;"17:15";"3";"59";"2";"1";"2";1;50;3
"2136";"202100002136";12;"03:05";"3";"50";"1";"1";"1";7;48;-1
"2137";"202100002137";12;"10:45";"1";"43";"2";"1";"9";2;45;3
"2138";"202100002138";12;"07:50";"3";"35";"1";"1";"1";2;48;-1
"2139";"202100002139";12;"09:30";"1";"33";"2";"1";"1";1;44;0
"2140";"202100002140";12;"09:20";"1";"31";"2";"1";"7";2;43;1
"2141";"202100002141";12;"17:10";"1";"30";"1";"2";"1";3;44;4
"2142";"202100002142";12;"17:20";"5";"29";"1";"3";"1";3;47;-4
"2143";"202100002143";12;"14:50";"1";"27";"2";"1";"1";7;49;1
"2144";"202100002144";12;"18:40";"3";"15";"1";"1";"1";2;44;2
"2145";"202100002145";12;"07:35";"3";"14";"2";"1";"1";3;49;0
"2146";"202100002146";12;"06:05";"5";"13";"2";"1";"1";2;43;5
"2147";"202100002147";12;"13:50";"1";"13";"2";"1";"1";3;43;5
"2148";"202100002148";12;"17:20";"1";"07";"2";"3";"1";3;44;4
"2149";"202100002149";12;"14:45";"1";"06";"1";"1";"1";3;43;6
"2150";"202100002150";12;"14:00";"1";"06";"2";"1";"1";6;43;7
"2151";"202100002151";12;"10:10";"1";"04";"2";"1";"1";2;43;5
"2152";"202100002152";12;"20:10";"5";"75";"2";"1";"1";3;48;2
"2153";"202100002153";12;"14:40";"1";"75";"2";"1";"1";2;48;2
"2154";"202100002154";12;"17:10";"2";"75";"2";"3";"1";6;48;2
"2155";"202100002155";12;"02:04";"5";"75";"2";"3";"1";6;48;2
"2156";"202100002156";12;"19:30";"5";"75";"2";"4";"1";2;48;2
"2157";"202100002157";12;"22:20";"5";"94";"2";"2";"1";3;48;2
"2158";"202100002158";12;"12:45";"1";"93";"2";"2";"1";5;48;2
"2159";"202100002159";12;"04:50";"5";"93";"1";"3";"1";3;48;2
"2160";"202100002160";12;"00:30";"5";"93";"2";"2";"1";1;48;2
"2161";"202100002161";12;"21:07";"5";"93";"2";"6";"1";3;48;2
"2162";"202100002162";12;"19:00";"5";"93";"2";"1";"1";5;48;2
"2163";"202100002163";12;"17:55";"5";"92";"2";"1";"1";6;48;2
"2164";"202100002164";12;"18:00";"3";"80";"1";"1";"1";4;50;1
"2165";"202100002165";12;"12:20";"1";"84";"2";"1";"1";6;43;4
"2166";"202100002166";12;"22:05";"3";"972";"1";"1";"2";7;14;-60
"2167";"202100002167";12;"19:30";"3";"84";"1";"1";"8";6;43;5
"2168";"202100002168";12;"12:40";"1";"72";"1";"1";"1";6;47;0
"2169";"202100002169";12;"14:10";"1";"44";"1";"9";"1";7;47;-2
"2170";"202100002170";12;"11:00";"1";"37";"1";"1";"1";6;47;0
"2171";"202100002171";12;"14:30";"1";"19";"1";"1";"8";7;44;1
"2172";"202100002172";12;"15:25";"1";"76";"1";"1";"1";1;49;1
"2173";"202100002173";12;"12:45";"1";"76";"2";"1";"1";7;49;1
"2174";"202100002174";12;"03:45";"3";"76";"1";"6";"1";7;49;1
"2175";"202100002175";12;"15:00";"1";"76";"2";"1";"1";6;49;1
"2176";"202100002176";12;"08:25";"1";"2B";"1";"6";"1";1;42;8
"2177";"202100002177";12;"14:10";"1";"80";"1";"1";"1";2;50;2
"2178";"202100002178";12;"09:10";"2";"82";"1";"1";"5";6;44;1
"2179";"202100002179";12;"16:50";"1";"63";"1";"1";"1";6;45;2
"2180";"202100002180";12;"18:15";"3";"55";"1";"1";"9";7;49;5
"2181";"202100002181";12;"14:35";"1";"42";"1";"1";"1";1;45;4
"2182";"202100002182";12;"07:20";"3";"47";"1";"1";"5";6;44;0
"2183";"202100002183";12;"19:35";"3";"34";"2";"1";"1";1;43;3
"2184";"202100002184";12;"17:40";"3";"68";"1";"1";"1";3;47;7
"2185";"202100002185";12;"17:40";"5";"68";"2";"1";"1";6;47;7
"2186";"202100002186";12;"17:20";"3";"39";"1";"1";"1";7;47;5
"2187";"202100002187";12;"14:20";"1";"39";"2";"1";"1";6;46;5
"2188";"202100002188";12;"07:10";"3";"35";"1";"1";"1";1;48;-1
"2189";"202100002189";12;"17:50";"3";"29";"1";"3";"1";6;48;-4
"2190";"202100002190";12;"13:30";"1";"02";"1";"2";"1";3;49;3
"2191";"202100002191";12;"22:10";"3";"58";"1";"1";"1";3;47;3
"2192";"202100002192";12;"07:55";"2";"64";"2";"2";"1";1;43;-1
"2193";"202100002193";12;"16:25";"1";"43";"1";"9";"1";1;45;3
"2194";"202100002194";12;"17:30";"2";"10";"2";"1";"1";3;48;3
"2195";"202100002195";12;"18:20";"3";"53";"1";"1";"1";3;48;0
"2196";"202100002196";12;"12:15";"1";"53";"1";"3";"1";3;48;0
"2197";"202100002197";12;"12:35";"1";"24";"1";"2";"1";3;44;0
"2198";"202100002198";12;"15:00";"1";"13";"1";"1";"1";6;43;5
"2199";"202100002199";12;"21:15";"5";"987";"2";"3";"1";3;-17;-149
"2200";"202100002200";12;"07:00";"2";"34";"1";"1";"5";7;43;3
"2201";"202100002201";12;"19:10";"2";"89";"1";"1";"1";5;47;3
"2202";"202100002202";12;"12:15";"1";"88";"2";"1";"1";6;48;6
"2203";"202100002203";12;"12:30";"1";"88";"1";"1";"1";5;48;6
"2204";"202100002204";12;"21:00";"3";"74";"1";"1";"1";1;46;6
"2205";"202100002205";12;"06:45";"3";"38";"2";"6";"1";3;45;5
"2206";"202100002206";12;"15:15";"1";"81";"1";"1";"1";6;43;1
"2207";"202100002207";12;"11:30";"1";"09";"2";"1";"1";6;43;1
"2208";"202100002208";11;"19:30";"5";"44";"2";"6";"1";7;47;-1
"2209";"202100002209";12;"13:20";"1";"50";"1";"1";"1";6;49;-1
"2210";"202100002210";12;"17:25";"5";"60";"2";"1";"1";6;49;2
"2211";"202100002211";12;"14:44";"1";"13";"1";"1";"1";5;43;5