"";"Num_Acc";"mois";"hrmn";"lum";"dep";"agg";"int";"atm";"col";"lat";"long"
"2212";"202100002212";12;"05:45";"3";"13";"1";"1";"1";2;43;5
"2213";"202100002213";12;"08:00";"1";"69";"1";"1";"3";2;45;5
"2214";"202100002214";12;"18:15";"5";"33";"1";"1";"1";2;44;0
"2215";"202100002215";12;"14:55";"1";"94";"1";"1";"1";4;48;2
"2216";"202100002216";12;"12:00";"1";"95";"1";"1";"1";2;48;2
"2217";"202100002217";12;"00:15";"5";"93";"1";"1";"1";2;48;2
"2218";"202100002218";12;"22:05";"3";"95";"1";"1";"1";2;49;2
"2219";"202100002219";12;"18:00";"3";"93";"1";"1";"1";3;48;2
"2220";"202100002220";12;"18:25";"3";"77";"1";"1";"1";2;48;2
"2221";"202100002221";12;"15:50";"1";"94";"1";"1";"1";2;48;2
"2222";"202100002222";12;"01:10";"3";"974";"1";"1";"1";1;-21;55
"2223";"202100002223";12;"22:05";"5";"974";"2";"1";"1";2;-21;55
"2224";"202100002224";12;"01:00";"5";"973";"2";"6";"1";2;4;-52
"2225";"202100002225";12;"23:20";"5";"69";"2";"1";"1";2;45;4
"2226";"202100002226";12;"14:20";"1";"972";"2";"1";"1";2;14;-61
"2227";"202100002227";12;"20:00";"2";"69";"2";"2";"1";1;45;4
"2228";"202100002228";12;"03:00";"5";"69";"2";"3";"1";1;45;4
"2229";"202100002229";12;"01:20";"5";"2B";"2";"1";"1";6;42;9
"2230";"202100002230";12;"18:40";"2";"95";"2";"6";"1";2;48;2
"2231";"202100002231";12;"11:30";"1";"91";"2";"1";"1";6;48;2
"2232";"202100002232";12;"16:40";"2";"91";"2";"6";"7";6;48;2
"2233";"202100002233";12;"11:55";"1";"83";"2";"1";"1";6;43;5
"2234";"202100002234";12;"19:45";"3";"81";"1";"1";"1";3;43;2
"2235";"202100002235";12;"15:00";"1";"76";"1";"2";"1";3;49;1
"2236";"202100002236";12;"17:30";"2";"71";"2";"1";"1";3;46;4
"2237";"202100002237";12;"09:50";"1";"64";"2";"9";"1";3;43;0
"2238";"202100002238";12;"20:05";"3";"62";"2";"2";"5";3;50;2
"2239";"202100002239";12;"15:25";"1";"56";"2";"6";"1";3;47;-3
"2240";"202100002240";12;"17:35";"3";"51";"1";"1";"1";2;49;4
"2241";"202100002241";12;"18:25";"4";"51";"2";"1";"1";3;49;3
"2242";"202100002242";12;"14:50";"1";"45";"2";"1";"1";5;47;1
"2243";"202100002243";12;"21:50";"5";"43";"2";"1";"5";6;45;3
"2244";"202100002244";12;"16:30";"1";"43";"1";"1";"7";2;45;3
"2245";"202100002245";12;"07:15";"5";"42";"2";"1";"2";6;46;4
"2246";"202100002246";12;"13:30";"1";"37";"2";"2";"1";6;47;0
"2247";"202100002247";12;"21:45";"3";"35";"2";"1";"1";6;48;-1
"2248";"202100002248";12;"14:30";"1";"35";"1";"6";"1";4;48;-1
"2249";"202100002249";12;"14:20";"1";"35";"2";"1";"1";6;48;-1
"2250";"202100002250";12;"04:45";"4";"35";"2";"9";"1";6;48;-1
"2251";"202100002251";12;"19:40";"5";"31";"2";"1";"1";3;43;1
"2252";"202100002252";12;"11:35";"1";"30";"2";"9";"1";3;44;4
"2253";"202100002253";12;"17:00";"1";"15";"2";"1";"1";6;44;2
"2254";"202100002254";12;"18:15";"5";"14";"2";"1";"1";6;49;0
"2255";"202100002255";12;"17:30";"1";"13";"2";"1";"1";1;43;5
"2256";"202100002256";12;"19:15";"5";"13";"2";"1";"1";3;43;4
"2257";"202100002257";12;"18:15";"5";"13";"2";"4";"1";3;43;5
"2258";"202100002258";12;"17:06";"2";"11";"2";"3";"1";3;43;2
"2259";"202100002259";12;"07:39";"5";"10";"2";"3";"1";6;48;4
"2260";"202100002260";12;"17:45";"5";"09";"2";"1";"1";2;42;1
"2261";"202100002261";12;"08:10";"1";"07";"2";"1";"1";6;44;4
"2262";"202100002262";12;"12:00";"1";"07";"2";"1";"1";6;44;4
"2263";"202100002263";12;"14:45";"1";"75";"2";"4";"1";3;48;2
"2264";"202100002264";12;"13:15";"1";"75";"2";"1";"1";5;48;2
"2265";"202100002265";12;"12:45";"1";"75";"2";"3";"1";3;48;2
"2266";"202100002266";12;"06:20";"5";"75";"2";"7";"1";6;48;2
"2267";"202100002267";12;"17:30";"5";"75";"2";"3";"1";2;48;2
"2268";"202100002268";12;"13:50";"1";"75";"2";"1";"1";3;48;2
"2269";"202100002269";12;"14:00";"1";"75";"2";"1";"1";6;48;2
"2270";"202100002270";12;"10:30";"1";"75";"2";"2";"1";3;48;2
"2271";"202100002271";12;"13:33";"1";"75";"2";"1";"1";7;48;2
"2272";"202100002272";12;"01:05";"5";"75";"2";"2";"1";5;48;2
"2273";"202100002273";12;"09:45";"1";"75";"2";"1";"1";6;48;2
"2274";"202100002274";12;"17:15";"5";"75";"2";"2";"1";3;48;2
"2275";"202100002275";12;"11:40";"1";"94";"2";"2";"1";3;48;2
"2276";"202100002276";12;"10:25";"1";"94";"2";"1";"1";6;48;2
"2277";"202100002277";12;"19:20";"5";"94";"2";"1";"1";3;48;2
"2278";"202100002278";12;"17:30";"5";"94";"2";"2";"1";3;48;2
"2279";"202100002279";12;"14:30";"1";"94";"2";"3";"1";1;48;2
"2280";"202100002280";12;"09:25";"1";"94";"2";"6";"1";3;48;2
"2281";"202100002281";12;"20:22";"5";"93";"2";"1";"1";6;48;2
"2282";"202100002282";12;"22:25";"5";"93";"2";"1";"1";6;48;2
"2283";"202100002283";12;"08:05";"2";"93";"2";"6";"1";3;48;2
"2284";"202100002284";12;"20:48";"4";"93";"2";"2";"1";3;48;2
"2285";"202100002285";12;"10:00";"1";"93";"2";"1";"1";6;48;2
"2286";"202100002286";12;"21:00";"5";"92";"2";"1";"1";6;48;2
"2287";"202100002287";12;"20:40";"5";"92";"2";"2";"1";6;48;2
"2288";"202100002288";12;"14:30";"1";"92";"2";"1";"1";6;48;2
"2289";"202100002289";12;"13:55";"1";"92";"2";"1";"1";6;48;2
"2290";"202100002290";12;"00:15";"5";"92";"2";"2";"1";3;48;2
"2291";"202100002291";12;"17:35";"2";"92";"2";"1";"1";3;48;2
"2292";"202100002292";12;"15:00";"1";"92";"2";"1";"1";7;48;2
"2293";"202100002293";12;"11:20";"1";"92";"2";"2";"1";3;48;2
"2294";"202100002294";12;"07:20";"5";"92";"2";"2";"1";3;48;2
"2295";"202100002295";12;"19:10";"5";"92";"2";"3";"1";6;48;2
"2296";"202100002296";12;"08:17";"2";"92";"2";"1";"1";2;48;2
"2297";"202100002297";12;"09:00";"1";"92";"2";"1";"1";6;48;2
"2298";"202100002298";12;"14:20";"1";"11";"1";"1";"1";7;43;2
"2299";"202100002299";12;"20:00";"3";"08";"1";"1";"1";2;49;5
"2300";"202100002300";12;"00:50";"5";"36";"2";"1";"1";6;47;1
"2301";"202100002301";12;"08:00";"2";"81";"2";"1";"1";6;43;2
"2302";"202100002302";12;"06:00";"2";"972";"2";"1";"1";6;14;-61
"2303";"202100002303";12;"23:10";"3";"50";"1";"1";"1";2;48;-1
"2304";"202100002304";12;"17:25";"2";"14";"1";"1";"1";6;49;0
"2305";"202100002305";12;"12:10";"1";"31";"2";"2";"1";3;43;1
"2306";"202100002306";12;"08:00";"3";"82";"1";"1";"5";6;44;1
"2307";"202100002307";12;"22:45";"5";"63";"2";"3";"5";7;45;3
"2308";"202100002308";12;"07:05";"3";"49";"1";"2";"1";3;47;0
"2309";"202100002309";12;"02:30";"3";"49";"2";"1";"1";6;47;0
"2310";"202100002310";12;"11:50";"1";"42";"1";"4";"5";1;45;4
"2311";"202100002311";12;"05:40";"3";"68";"1";"1";"9";6;47;7
"2312";"202100002312";12;"19:50";"3";"39";"1";"1";"2";1;46;5
"2313";"202100002313";12;"15:00";"1";"44";"1";"1";"1";7;47;-1
"2314";"202100002314";12;"18:00";"5";"35";"2";"1";"2";6;48;-1
"2315";"202100002315";12;"10:30";"1";"29";"1";"1";"8";6;48;-4
"2316";"202100002316";12;"09:45";"1";"84";"2";"1";"1";3;44;5
"2317";"202100002317";12;"15:45";"1";"60";"2";"2";"1";2;49;3
"2318";"202100002318";12;"14:55";"1";"53";"1";"1";"8";7;48;0
"2319";"202100002319";12;"18:15";"1";"27";"1";"3";"1";3;49;1
"2320";"202100002320";12;"10:00";"1";"23";"1";"1";"5";6;46;2
"2321";"202100002321";12;"17:00";"2";"37";"2";"1";"1";6;47;0
"2322";"202100002322";12;"19:30";"3";"69";"1";"1";"5";3;45;4
"2323";"202100002323";12;"07:50";"2";"57";"1";"1";"8";6;48;7
"2324";"202100002324";12;"16:30";"1";"976";"1";"1";"1";3;-12;45
"2325";"202100002325";12;"06:20";"3";"27";"1";"1";"1";5;49;1
"2326";"202100002326";2;"14:00";"1";"978";"2";"1";"1";3;18;-63
"2327";"202100002327";12;"23:30";"3";"78";"1";"1";"1";2;48;1
"2328";"202100002328";12;"09:50";"1";"66";"2";"6";"1";2;42;2
"2329";"202100002329";11;"18:00";"3";"11";"1";"1";"3";5;43;2
"2330";"202100002330";12;"16:15";"1";"05";"1";"1";"1";1;44;6
"2331";"202100002331";12;"14:10";"1";"05";"1";"3";"1";4;44;5
"2332";"202100002332";12;"17:13";"2";"13";"1";"1";"9";1;43;5
"2333";"202100002333";12;"17:40";"3";"13";"1";"1";"1";1;43;4
"2334";"202100002334";12;"18:45";"3";"63";"1";"1";"2";6;45;3
"2335";"202100002335";12;"14:00";"1";"38";"2";"1";"1";3;45;5
"2336";"202100002336";12;"17:20";"2";"31";"1";"2";"1";1;43;1
"2337";"202100002337";12;"19:57";"3";"33";"1";"9";"1";1;44;0
"2338";"202100002338";12;"10:30";"1";"22";"2";"9";"7";6;48;-3
"2339";"202100002339";12;"20:25";"3";"27";"1";"3";"1";3;49;1
"2340";"202100002340";12;"15:10";"1";"60";"1";"1";"1";7;49;2
"2341";"202100002341";12;"15:41";"1";"13";"1";"1";"1";3;43;5
"2342";"202100002342";12;"22:45";"5";"69";"1";"1";"1";2;45;4
"2343";"202100002343";12;"15:12";"1";"91";"1";"1";"1";4;48;2
"2344";"202100002344";12;"16:10";"1";"91";"1";"1";"1";4;48;2
"2345";"202100002345";12;"19:55";"3";"77";"1";"1";"1";6;48;2
"2346";"202100002346";12;"18:00";"3";"78";"1";"1";"1";2;48;1
"2347";"202100002347";12;"22:35";"5";"92";"1";"1";"1";3;48;2
"2348";"202100002348";12;"20:55";"3";"93";"1";"1";"1";5;48;2
"2349";"202100002349";12;"13:40";"1";"93";"1";"1";"1";3;48;2
"2350";"202100002350";12;"01:40";"3";"95";"1";"1";"1";2;49;2
"2351";"202100002351";12;"14:40";"1";"75";"1";"1";"1";2;48;2
"2352";"202100002352";12;"12:40";"1";"94";"1";"1";"1";2;48;2
"2353";"202100002353";12;"07:00";"3";"77";"1";"1";"1";2;48;2
"2354";"202100002354";12;"02:35";"3";"93";"1";"1";"1";6;48;2
"2355";"202100002355";12;"01:15";"3";"77";"1";"1";"1";6;48;2
"2356";"202100002356";10;"23:00";"5";"78";"2";"6";"1";3;48;2
"2357";"202100002357";9;"11:45";"1";"86";"2";"1";"2";6;46;0
"2358";"202100002358";12;"20:20";"5";"987";"1";"1";"1";7;-17;-149
"2359";"202100002359";12;"13:35";"1";"974";"2";"1";"1";3;-20;55
"2360";"202100002360";12;"08:54";"1";"973";"2";"1";"1";2;4;-52
"2361";"202100002361";12;"14:15";"1";"69";"2";"8";"1";3;45;4
"2362";"202100002362";12;"15:50";"1";"69";"2";"1";"1";3;45;4
"2363";"202100002363";12;"14:05";"1";"69";"2";"2";"1";1;45;4
"2364";"202100002364";12;"08:50";"1";"69";"2";"9";"1";1;45;4
"2365";"202100002365";12;"12:00";"1";"972";"2";"2";"1";6;14;-61
"2366";"202100002366";12;"21:41";"5";"972";"2";"1";"1";6;14;-61
"2367";"202100002367";12;"12:00";"1";"69";"2";"1";"1";6;45;4
"2368";"202100002368";12;"09:00";"1";"69";"2";"1";"1";3;45;4
"2369";"202100002369";12;"03:20";"5";"69";"2";"1";"1";6;45;4
"2370";"202100002370";12;"12:50";"1";"69";"2";"1";"2";3;45;4
"2371";"202100002371";12;"20:35";"5";"2B";"2";"2";"1";3;42;9
"2372";"202100002372";12;"21:15";"5";"2B";"2";"4";"1";3;42;9
"2373";"202100002373";12;"15:00";"1";"2B";"1";"1";"1";5;42;9
"2374";"202100002374";12;"08:08";"1";"95";"2";"1";"1";6;48;2
"2375";"202100002375";12;"13:30";"1";"91";"2";"9";"1";1;48;2
"2376";"202100002376";12;"18:30";"5";"91";"2";"2";"1";3;48;2
"2377";"202100002377";12;"11:20";"1";"91";"2";"1";"1";6;48;2
"2378";"202100002378";12;"14:00";"1";"91";"2";"1";"1";3;48;2
"2379";"202100002379";12;"12:40";"1";"91";"2";"2";"1";1;48;2
"2380";"202100002380";12;"15:55";"1";"91";"2";"1";"1";7;48;2
"2381";"202100002381";12;"17:52";"5";"88";"2";"1";"2";6;48;6
"2382";"202100002382";12;"21:20";"5";"87";"2";"3";"1";3;45;1
"2383";"202100002383";12;"21:15";"5";"78";"2";"3";"1";3;48;2
"2384";"202100002384";12;"15:37";"1";"78";"2";"9";"1";5;48;1
"2385";"202100002385";12;"08:35";"1";"78";"2";"1";"1";6;48;2
"2386";"202100002386";12;"00:20";"3";"77";"1";"1";"1";2;48;2
"2387";"202100002387";12;"17:00";"3";"73";"1";"1";"1";2;45;5
"2388";"202100002388";12;"07:30";"5";"72";"2";"2";"1";3;47;0
"2389";"202100002389";12;"18:05";"2";"71";"1";"1";"1";1;46;4
"2390";"202100002390";12;"19:50";"5";"69";"2";"9";"1";3;45;4
"2391";"202100002391";12;"12:10";"1";"69";"1";"1";"5";6;45;4
"2392";"202100002392";12;"18:45";"5";"67";"2";"1";"1";4;48;7
"2393";"202100002393";12;"19:25";"3";"66";"1";"1";"1";2;42;2
"2394";"202100002394";12;"10:47";"1";"65";"2";"8";"1";3;43;0
"2395";"202100002395";12;"07:30";"5";"64";"2";"1";"1";6;43;0
"2396";"202100002396";12;"13:20";"1";"64";"2";"1";"1";3;43;-1
"2397";"202100002397";12;"09:10";"1";"64";"2";"1";"8";7;43;-1
"2398";"202100002398";12;"20:00";"5";"62";"2";"3";"8";6;50;2
"2399";"202100002399";12;"14:15";"1";"60";"1";"1";"1";6;49;2
"2400";"202100002400";12;"19:35";"5";"59";"2";"1";"1";6;50;3
"2401";"202100002401";12;"17:30";"5";"59";"2";"1";"2";6;50;3
"2402";"202100002402";12;"18:45";"5";"58";"2";"3";"1";5;46;3
"2403";"202100002403";12;"08:00";"2";"57";"2";"1";"1";3;49;6
"2404";"202100002404";12;"14:35";"1";"57";"1";"1";"1";1;49;6
"2405";"202100002405";10;"19:07";"3";"57";"1";"1";"1";3;49;6
"2406";"202100002406";12;"16:30";"1";"54";"2";"2";"1";3;48;6
"2407";"202100002407";12;"17:35";"5";"51";"1";"1";"1";2;49;4
"2408";"202100002408";12;"17:35";"5";"51";"2";"1";"1";7;49;4
"2409";"202100002409";12;"13:30";"1";"51";"2";"1";"1";3;49;4
"2410";"202100002410";12;"14:15";"1";"51";"2";"1";"1";7;49;4
"2411";"202100002411";12;"18:32";"4";"51";"2";"7";"1";4;49;4
"2412";"202100002412";12;"10:40";"1";"51";"2";"2";"1";3;49;4
"2413";"202100002413";12;"07:55";"2";"50";"2";"2";"1";3;49;-1
"2414";"202100002414";12;"17:41";"5";"49";"2";"1";"1";4;47;0
"2415";"202100002415";12;"09:02";"1";"49";"2";"1";"1";3;47;0
"2416";"202100002416";12;"09:00";"1";"46";"2";"1";"1";3;44;1
"2417";"202100002417";12;"14:00";"1";"37";"1";"1";"1";4;47;0
"2418";"202100002418";12;"23:30";"5";"35";"2";"6";"1";3;48;-1
"2419";"202100002419";12;"19:00";"5";"35";"2";"3";"1";1;48;-1
"2420";"202100002420";12;"16:20";"1";"35";"2";"1";"1";6;48;-1
"2421";"202100002421";12;"10:35";"2";"35";"1";"9";"1";6;48;-1
"2422";"202100002422";12;"09:20";"1";"35";"2";"1";"1";6;48;-1
"2423";"202100002423";12;"07:35";"2";"34";"2";"1";"1";5;43;3
"2424";"202100002424";12;"21:10";"5";"34";"2";"4";"1";3;43;3
"2425";"202100002425";12;"21:00";"5";"34";"2";"1";"1";6;43;3
"2426";"202100002426";12;"19:17";"5";"34";"2";"1";"1";4;43;3
"2427";"202100002427";12;"13:59";"1";"32";"2";"3";"1";3;43;0
"2428";"202100002428";12;"19:30";"5";"31";"2";"1";"1";3;43;1
"2429";"202100002429";12;"07:55";"2";"31";"2";"1";"1";6;43;1
"2430";"202100002430";12;"19:37";"5";"27";"2";"1";"1";7;49;1
"2431";"202100002431";12;"14:55";"1";"23";"2";"6";"1";3;46;1
"2432";"202100002432";12;"17:45";"3";"22";"1";"9";"1";4;48;-2
"2433";"202100002433";12;"20:00";"5";"17";"2";"6";"1";3;45;-1
"2434";"202100002434";12;"22:20";"5";"14";"2";"2";"1";3;49;0
"2435";"202100002435";12;"07:15";"5";"13";"2";"9";"1";6;43;5
"2436";"202100002436";12;"08:45";"1";"13";"2";"3";"1";5;43;5
"2437";"202100002437";12;"05:19";"5";"13";"2";"6";"1";3;43;5
"2438";"202100002438";12;"01:36";"5";"13";"2";"2";"1";3;43;5
"2439";"202100002439";12;"20:25";"5";"11";"2";"1";"1";3;43;2
"2440";"202100002440";12;"10:15";"1";"11";"2";"1";"1";6;43;2
"2441";"202100002441";12;"16:40";"2";"10";"1";"1";"1";6;48;4
"2442";"202100002442";12;"12:50";"1";"10";"2";"1";"8";3;48;4
"2443";"202100002443";12;"07:59";"2";"10";"1";"3";"8";3;48;4
"2444";"202100002444";12;"13:35";"1";"09";"2";"1";"1";6;43;1
"2445";"202100002445";12;"18:02";"5";"06";"2";"1";"1";3;43;7
"2446";"202100002446";12;"12:44";"1";"06";"2";"2";"1";1;43;7
"2447";"202100002447";12;"23:22";"5";"06";"2";"1";"1";3;43;7
"2448";"202100002448";12;"16:43";"2";"06";"2";"1";"1";3;43;7
"2449";"202100002449";12;"09:46";"1";"05";"2";"3";"1";3;44;6
"2450";"202100002450";12;"12:15";"1";"01";"1";"4";"1";3;46;5
"2451";"202100002451";12;"13:00";"1";"75";"2";"2";"1";6;48;2
"2452";"202100002452";12;"19:05";"5";"75";"2";"3";"1";6;48;2
"2453";"202100002453";12;"17:30";"5";"75";"2";"1";"1";6;48;2
"2454";"202100002454";12;"16:30";"5";"75";"2";"3";"1";3;48;2
"2455";"202100002455";12;"09:30";"1";"75";"2";"2";"8";3;48;2
"2456";"202100002456";12;"00:45";"5";"75";"2";"4";"1";6;48;2
"2457";"202100002457";12;"19:00";"5";"75";"2";"2";"1";6;48;2
"2458";"202100002458";12;"12:00";"1";"75";"2";"1";"1";2;48;2
"2459";"202100002459";12;"14:50";"1";"75";"2";"1";"1";6;48;2
"2460";"202100002460";12;"10:35";"1";"75";"2";"2";"8";3;48;2
"2461";"202100002461";12;"09:02";"1";"75";"2";"2";"1";6;48;2
"2462";"202100002462";12;"17:53";"5";"75";"2";"2";"1";3;48;2
"2463";"202100002463";12;"11:23";"1";"75";"2";"7";"1";2;48;2
"2464";"202100002464";12;"10:58";"1";"75";"2";"7";"1";3;48;2
"2465";"202100002465";12;"16:55";"5";"75";"2";"3";"1";6;48;2
"2466";"202100002466";12;"18:06";"5";"75";"2";"1";"1";2;48;2
"2467";"202100002467";12;"16:10";"1";"75";"2";"2";"1";3;48;2
"2468";"202100002468";12;"13:30";"1";"75";"2";"3";"1";3;48;2
"2469";"202100002469";12;"19:57";"5";"94";"2";"9";"1";1;48;2
"2470";"202100002470";12;"00:50";"5";"94";"2";"1";"1";6;48;2
"2471";"202100002471";12;"17:15";"5";"94";"2";"2";"1";3;48;2
"2472";"202100002472";12;"02:30";"5";"94";"2";"2";"1";3;48;2
"2473";"202100002473";12;"15:15";"1";"94";"2";"2";"1";3;48;2
"2474";"202100002474";12;"14:30";"1";"94";"2";"9";"1";3;48;2
"2475";"202100002475";12;"16:00";"1";"94";"2";"1";"1";1;48;2
"2476";"202100002476";12;"06:50";"5";"94";"2";"4";"1";3;48;2
"2477";"202100002477";12;"08:15";"2";"93";"2";"1";"1";2;48;2
"2478";"202100002478";12;"18:30";"5";"93";"2";"1";"1";3;48;2
"2479";"202100002479";12;"00:10";"5";"93";"2";"9";"5";1;48;2
"2480";"202100002480";12;"15:28";"1";"92";"2";"1";"1";6;48;2
"2481";"202100002481";12;"09:25";"1";"92";"2";"1";"1";4;48;2
"2482";"202100002482";12;"18:15";"5";"92";"2";"1";"1";6;48;2
"2483";"202100002483";12;"08:45";"1";"92";"2";"1";"1";3;48;2
"2484";"202100002484";12;"04:30";"3";"09";"1";"1";"1";6;42;1
"2485";"202100002485";12;"12:50";"1";"974";"1";"1";"7";6;-21;55
"2486";"202100002486";12;"12:05";"1";"54";"1";"2";"5";3;48;6
"2487";"202100002487";12;"13:45";"1";"84";"1";"1";"1";1;43;5
"2488";"202100002488";12;"04:45";"3";"33";"1";"1";"5";6;44;0
"2489";"202100002489";12;"05:10";"2";"974";"2";"1";"1";6;-21;55
"2490";"202100002490";12;"09:25";"1";"972";"2";"1";"1";6;14;-60
"2491";"202100002491";12;"21:00";"3";"26";"1";"1";"1";2;44;4
"2492";"202100002492";12;"20:10";"5";"46";"2";"2";"1";3;44;1
"2493";"202100002493";12;"20:40";"3";"86";"1";"1";"1";6;46;0
"2494";"202100002494";12;"17:40";"3";"57";"1";"3";"1";5;49;6
"2495";"202100002495";12;"03:15";"5";"59";"1";"1";"1";6;50;3
"2496";"202100002496";12;"01:15";"5";"19";"2";"3";"9";3;45;2
"2497";"202100002497";11;"21:30";"3";"56";"1";"1";"5";2;47;-2
"2498";"202100002498";12;"12:00";"1";"56";"1";"1";"1";6;48;-2
"2499";"202100002499";12;"20:20";"3";"56";"2";"1";"1";6;47;-2
"2500";"202100002500";12;"14:15";"1";"56";"1";"1";"1";1;47;-2
"2501";"202100002501";12;"22:30";"5";"56";"1";"1";"1";6;47;-2
"2502";"202100002502";12;"13:30";"1";"77";"1";"1";"1";2;48;3
"2503";"202100002503";12;"16:15";"1";"76";"2";"1";"7";2;49;1
"2504";"202100002504";12;"18:30";"3";"2A";"2";"1";"1";2;41;8
"2505";"202100002505";12;"10:15";"1";"82";"2";"1";"1";6;44;1
"2506";"202100002506";12;"18:00";"5";"65";"2";"3";"1";3;43;0
"2507";"202100002507";12;"13:45";"1";"11";"2";"4";"1";1;43;2
"2508";"202100002508";12;"17:00";"2";"42";"1";"1";"9";1;45;4
"2509";"202100002509";12;"15:57";"1";"46";"1";"1";"1";6;44;1
"2510";"202100002510";12;"17:05";"2";"29";"2";"3";"1";1;48;-4
"2511";"202100002511";12;"05:00";"4";"29";"2";"6";"1";6;48;-3
"2512";"202100002512";12;"16:25";"1";"29";"1";"4";"7";1;48;-4
"2513";"202100002513";12;"16:12";"1";"31";"2";"1";"1";2;43;1
"2514";"202100002514";12;"03:45";"3";"38";"1";"1";"9";7;45;5
"2515";"202100002515";12;"11:10";"1";"01";"2";"3";"5";1;45;5
"2516";"202100002516";12;"08:50";"1";"58";"2";"1";"1";6;47;3
"2517";"202100002517";12;"16:35";"1";"72";"1";"1";"1";2;48;0
"2518";"202100002518";12;"17:45";"3";"83";"1";"1";"1";3;43;6
"2519";"202100002519";12;"14:00";"1";"45";"2";"1";"8";1;48;2
"2520";"202100002520";12;"11:35";"1";"45";"1";"1";"1";6;48;3
"2521";"202100002521";12;"17:30";"1";"64";"1";"1";"1";1;43;-1
"2522";"202100002522";12;"16:30";"1";"43";"1";"1";"9";1;45;4
"2523";"202100002523";12;"07:00";"5";"53";"1";"1";"5";6;48;0
"2524";"202100002524";12;"16:35";"1";"85";"2";"1";"1";2;46;-1
"2525";"202100002525";12;"06:00";"3";"27";"1";"1";"5";1;49;1
"2526";"202100002526";12;"11:40";"1";"28";"2";"1";"1";7;48;1
"2527";"202100002527";12;"20:50";"5";"973";"2";"1";"1";2;4;-52
"2528";"202100002528";12;"16:30";"1";"24";"1";"1";"7";1;45;0
"2529";"202100002529";12;"19:20";"3";"60";"1";"1";"5";3;49;2
"2530";"202100002530";12;"08:00";"1";"988";"1";"1";"1";6;-21;165
"2531";"202100002531";12;"05:45";"4";"29";"2";"1";"1";6;47;-3
"2532";"202100002532";12;"05:15";"3";"11";"1";"1";"1";3;43;2
"2533";"202100002533";12;"10:35";"1";"13";"1";"1";"1";6;43;5
"2534";"202100002534";12;"15:34";"1";"74";"1";"1";"1";1;46;6
"2535";"202100002535";12;"19:45";"5";"26";"2";"6";"1";1;44;5
"2536";"202100002536";12;"20:05";"5";"69";"2";"1";"1";1;45;4
"2537";"202100002537";12;"21:58";"3";"69";"1";"2";"1";6;45;4
"2538";"202100002538";12;"09:20";"1";"81";"1";"1";"1";6;43;2
"2539";"202100002539";12;"20:30";"3";"09";"1";"1";"1";1;42;1
"2540";"202100002540";12;"06:00";"5";"17";"1";"1";"1";7;45;0
"2541";"202100002541";12;"17:00";"2";"47";"1";"1";"1";7;44;0
"2542";"202100002542";12;"19:35";"3";"24";"1";"1";"2";1;44;0
"2543";"202100002543";12;"15:07";"1";"44";"2";"1";"1";1;47;-1
"2544";"202100002544";12;"18:15";"3";"29";"1";"4";"1";3;47;-4
"2545";"202100002545";12;"18:25";"3";"60";"1";"1";"1";5;49;2
"2546";"202100002546";12;"17:45";"3";"60";"1";"1";"8";3;49;2
"2547";"202100002547";12;"07:56";"2";"60";"1";"1";"1";1;49;2
"2548";"202100002548";12;"20:00";"3";"02";"1";"1";"1";7;49;3
"2549";"202100002549";12;"02:30";"3";"80";"1";"1";"5";2;49;2
"2550";"202100002550";12;"01:15";"5";"62";"2";"1";"1";7;50;1
"2551";"202100002551";12;"17:50";"2";"83";"1";"1";"1";2;43;6
"2552";"202100002552";12;"21:55";"3";"69";"1";"1";"5";2;45;5
"2553";"202100002553";12;"20:50";"4";"33";"1";"1";"1";2;44;0
"2554";"202100002554";12;"09:50";"1";"33";"1";"1";"1";6;44;0
"2555";"202100002555";12;"18:56";"3";"59";"1";"1";"1";2;50;3
"2556";"202100002556";12;"15:55";"1";"94";"1";"1";"1";3;48;2
"2557";"202100002557";12;"14:30";"1";"92";"1";"1";"1";2;48;2
"2558";"202100002558";12;"19:00";"3";"78";"1";"9";"1";3;48;2
"2559";"202100002559";12;"17:10";"2";"92";"1";"1";"1";7;48;2
"2560";"202100002560";12;"13:30";"1";"93";"1";"1";"1";5;48;2
"2561";"202100002561";12;"07:50";"3";"95";"1";"1";"1";6;49;2
"2562";"202100002562";12;"09:25";"1";"93";"1";"1";"1";2;48;2
"2563";"202100002563";12;"17:40";"3";"77";"1";"1";"1";6;48;2
"2564";"202100002564";12;"02:05";"3";"77";"1";"1";"1";6;48;2
"2565";"202100002565";6;"18:40";"1";"92";"2";"3";"1";6;48;2
"2566";"202100002566";12;"18:50";"5";"988";"2";"4";"1";3;-22;166
"2567";"202100002567";12;"19:30";"5";"974";"2";"1";"2";1;-20;55
"2568";"202100002568";12;"11:55";"1";"974";"1";"1";"1";3;-20;55
"2569";"202100002569";12;"13:00";"1";"974";"2";"1";"1";3;-20;55
"2570";"202100002570";12;"13:45";"1";"974";"1";"1";"2";7;-20;55
"2571";"202100002571";12;"17:30";"1";"973";"2";"2";"2";6;4;-52
"2572";"202100002572";12;"07:40";"1";"973";"2";"9";"1";3;4;-52
"2573";"202100002573";12;"18:35";"5";"69";"2";"2";"1";3;45;4
"2574";"202100002574";12;"15:10";"1";"69";"2";"3";"2";3;45;4
"2575";"202100002575";12;"08:40";"1";"69";"2";"1";"2";6;45;4
"2576";"202100002576";12;"10:15";"1";"972";"2";"1";"1";7;14;-61