"";"Num_Acc";"mois";"hrmn";"lum";"dep";"agg";"int";"atm";"col";"lat";"long"
"2577";"202100002577";12;"06:45";"1";"972";"2";"1";"1";3;14;-61
"2578";"202100002578";12;"21:00";"5";"69";"2";"1";"1";7;45;4
"2579";"202100002579";12;"07:30";"5";"69";"2";"4";"2";1;45;4
"2580";"202100002580";12;"12:25";"1";"69";"2";"3";"1";6;45;4
"2581";"202100002581";12;"22:35";"5";"2B";"1";"1";"1";2;42;9
"2582";"202100002582";12;"22:00";"3";"2B";"1";"1";"1";2;42;9
"2583";"202100002583";12;"17:50";"5";"95";"1";"1";"1";4;49;2
"2584";"202100002584";12;"19:20";"5";"91";"2";"2";"1";3;48;2
"2585";"202100002585";12;"18:15";"5";"91";"2";"1";"1";1;48;2
"2586";"202100002586";12;"10:40";"1";"91";"2";"6";"1";6;48;2
"2587";"202100002587";12;"07:31";"5";"87";"2";"1";"1";7;45;1
"2588";"202100002588";12;"14:50";"1";"83";"2";"1";"1";3;43;5
"2589";"202100002589";12;"16:40";"1";"81";"2";"1";"1";5;43;2
"2590";"202100002590";12;"19:35";"5";"81";"2";"8";"1";3;43;2
"2591";"202100002591";12;"08:55";"1";"80";"2";"1";"1";6;49;2
"2592";"202100002592";12;"04:45";"3";"77";"1";"1";"1";6;48;2
"2593";"202100002593";12;"14:15";"1";"77";"1";"2";"8";2;48;2
"2594";"202100002594";12;"13:24";"1";"76";"2";"1";"6";5;49;1
"2595";"202100002595";12;"15:30";"1";"72";"2";"6";"1";6;48;0
"2596";"202100002596";12;"18:30";"5";"72";"2";"4";"1";6;48;0
"2597";"202100002597";12;"11:50";"1";"72";"2";"1";"1";3;47;0
"2598";"202100002598";12;"14:30";"1";"69";"2";"2";"2";3;45;4
"2599";"202100002599";12;"08:00";"1";"69";"2";"1";"2";3;45;4
"2600";"202100002600";12;"07:15";"5";"69";"2";"6";"2";3;45;4
"2601";"202100002601";12;"14:25";"1";"67";"2";"3";"1";3;48;7
"2602";"202100002602";12;"11:40";"1";"67";"2";"1";"1";6;48;7
"2603";"202100002603";12;"18:55";"5";"64";"2";"1";"1";3;43;0
"2604";"202100002604";12;"17:40";"5";"64";"2";"6";"5";3;43;-1
"2605";"202100002605";12;"07:20";"5";"62";"2";"1";"2";2;50;2
"2606";"202100002606";12;"17:10";"2";"59";"2";"1";"1";6;50;3
"2607";"202100002607";12;"17:05";"1";"56";"2";"1";"1";3;47;-2
"2608";"202100002608";12;"08:30";"1";"55";"1";"1";"5";6;48;5
"2609";"202100002609";12;"08:45";"1";"51";"2";"2";"1";3;48;4
"2610";"202100002610";12;"12:35";"1";"45";"2";"2";"1";3;47;1
"2611";"202100002611";12;"17:20";"5";"45";"2";"1";"1";7;47;1
"2612";"202100002612";12;"21:45";"5";"44";"2";"2";"1";3;47;-2
"2613";"202100002613";12;"17:00";"1";"44";"2";"2";"2";2;47;-2
"2614";"202100002614";12;"18:25";"5";"44";"2";"1";"1";2;47;-1
"2615";"202100002615";12;"16:35";"1";"42";"2";"1";"1";6;45;4
"2616";"202100002616";12;"14:15";"1";"40";"2";"3";"1";2;43;0
"2617";"202100002617";12;"12:50";"1";"37";"2";"1";"1";3;47;0
"2618";"202100002618";12;"18:30";"5";"35";"2";"9";"1";3;48;-1
"2619";"202100002619";12;"16:10";"1";"35";"2";"2";"1";3;48;-1
"2620";"202100002620";12;"16:50";"1";"33";"2";"1";"1";6;44;0
"2621";"202100002621";12;"08:15";"1";"31";"2";"9";"7";3;43;1
"2622";"202100002622";12;"07:30";"5";"27";"2";"1";"1";3;49;1
"2623";"202100002623";12;"15:50";"1";"25";"2";"2";"1";3;46;6
"2624";"202100002624";12;"00:45";"5";"17";"2";"1";"1";3;45;0
"2625";"202100002625";12;"01:10";"5";"13";"2";"1";"9";1;43;5
"2626";"202100002626";12;"15:45";"1";"13";"2";"3";"1";1;43;5
"2627";"202100002627";12;"09:50";"1";"13";"2";"1";"1";6;43;5
"2628";"202100002628";12;"11:50";"1";"13";"2";"9";"1";3;43;5
"2629";"202100002629";12;"12:30";"1";"13";"2";"1";"1";3;43;5
"2630";"202100002630";12;"07:45";"1";"13";"2";"1";"1";3;43;5
"2631";"202100002631";12;"17:50";"3";"13";"1";"1";"1";4;43;4
"2632";"202100002632";12;"11:00";"1";"13";"2";"1";"1";2;43;5
"2633";"202100002633";12;"17:30";"5";"13";"2";"9";"1";3;43;5
"2634";"202100002634";12;"21:00";"5";"10";"2";"1";"1";6;48;4
"2635";"202100002635";12;"14:10";"1";"06";"2";"1";"1";1;43;6
"2636";"202100002636";12;"15:50";"1";"04";"2";"1";"1";6;43;5
"2637";"202100002637";12;"18:20";"5";"75";"2";"1";"1";3;48;2
"2638";"202100002638";12;"08:15";"1";"75";"2";"1";"1";5;48;2
"2639";"202100002639";12;"17:00";"5";"75";"2";"1";"1";3;48;2
"2640";"202100002640";12;"02:29";"5";"75";"2";"4";"1";6;48;2
"2641";"202100002641";12;"12:36";"1";"75";"2";"2";"1";6;48;2
"2642";"202100002642";12;"18:45";"5";"75";"2";"1";"1";2;48;2
"2643";"202100002643";12;"06:40";"5";"75";"2";"1";"1";2;48;2
"2644";"202100002644";12;"18:43";"2";"75";"2";"1";"1";6;48;2
"2645";"202100002645";12;"02:30";"5";"75";"2";"3";"1";6;48;2
"2646";"202100002646";12;"11:25";"1";"75";"2";"3";"1";7;48;2
"2647";"202100002647";12;"18:30";"5";"75";"2";"1";"1";3;48;2
"2648";"202100002648";12;"02:05";"5";"75";"2";"1";"1";7;48;2
"2649";"202100002649";12;"00:10";"5";"75";"2";"1";"1";3;48;2
"2650";"202100002650";12;"19:55";"5";"75";"2";"2";"1";3;48;2
"2651";"202100002651";12;"21:15";"5";"94";"2";"2";"1";3;48;2
"2652";"202100002652";12;"18:20";"5";"94";"2";"1";"1";6;48;2
"2653";"202100002653";12;"08:50";"1";"94";"2";"2";"8";3;48;2
"2654";"202100002654";12;"08:30";"1";"94";"2";"1";"1";6;48;2
"2655";"202100002655";12;"23:00";"5";"94";"2";"1";"1";2;48;2
"2656";"202100002656";12;"07:30";"5";"94";"2";"1";"2";3;48;2
"2657";"202100002657";12;"23:35";"5";"93";"2";"1";"1";4;48;2
"2658";"202100002658";12;"09:15";"1";"93";"2";"1";"1";3;48;2
"2659";"202100002659";12;"23:20";"5";"93";"2";"1";"1";3;48;2
"2660";"202100002660";12;"15:20";"1";"93";"1";"1";"1";5;48;2
"2661";"202100002661";12;"13:00";"1";"93";"2";"1";"1";6;48;2
"2662";"202100002662";12;"16:10";"2";"93";"2";"1";"1";3;48;2
"2663";"202100002663";12;"13:00";"1";"92";"2";"1";"1";6;48;2
"2664";"202100002664";12;"13:10";"1";"92";"2";"1";"1";6;48;2
"2665";"202100002665";12;"19:45";"5";"92";"2";"1";"1";2;48;2
"2666";"202100002666";12;"08:20";"1";"60";"1";"1";"8";1;49;2
"2667";"202100002667";12;"08:45";"1";"37";"1";"4";"9";6;46;0
"2668";"202100002668";12;"08:25";"2";"43";"2";"3";"1";3;45;3
"2669";"202100002669";12;"06:35";"3";"21";"1";"1";"9";6;47;5
"2670";"202100002670";12;"10:35";"1";"12";"2";"3";"1";6;44;2
"2671";"202100002671";11;"15:30";"1";"35";"1";"1";"1";1;48;-1
"2672";"202100002672";12;"14:00";"1";"62";"2";"2";"1";3;50;1
"2673";"202100002673";12;"08:45";"1";"971";"1";"1";"3";1;15;-61
"2674";"202100002674";12;"19:20";"3";"51";"1";"1";"1";4;48;3
"2675";"202100002675";12;"04:30";"3";"79";"1";"1";"5";7;46;0
"2676";"202100002676";12;"19:20";"3";"80";"1";"1";"1";5;49;2
"2677";"202100002677";12;"16:25";"1";"82";"1";"3";"1";6;44;1
"2678";"202100002678";12;"17:00";"2";"71";"1";"1";"1";6;46;4
"2679";"202100002679";12;"20:20";"3";"12";"1";"1";"1";6;43;2
"2680";"202100002680";12;"07:45";"2";"41";"1";"1";"1";3;47;1
"2681";"202100002681";12;"08:10";"3";"35";"1";"1";"8";6;48;-1
"2682";"202100002682";12;"11:30";"1";"35";"1";"1";"1";5;48;-2
"2683";"202100002683";12;"15:15";"2";"70";"2";"6";"1";3;47;6
"2684";"202100002684";12;"11:10";"1";"72";"1";"1";"8";1;48;0
"2685";"202100002685";12;"17:20";"1";"14";"1";"2";"1";3;49;0
"2686";"202100002686";12;"17:50";"3";"60";"1";"1";"5";7;49;1
"2687";"202100002687";12;"15:35";"1";"45";"2";"1";"1";6;48;2
"2688";"202100002688";12;"23:20";"5";"10";"2";"1";"1";6;48;4
"2689";"202100002689";12;"00:05";"5";"07";"2";"1";"1";6;44;4
"2690";"202100002690";12;"17:30";"3";"53";"1";"1";"1";1;48;0
"2691";"202100002691";12;"17:40";"2";"37";"1";"1";"1";6;46;0
"2692";"202100002692";12;"15:10";"1";"30";"1";"2";"7";3;43;4
"2693";"202100002693";12;"17:19";"2";"30";"1";"1";"1";7;43;4
"2694";"202100002694";12;"02:00";"3";"08";"2";"1";"1";2;49;4
"2695";"202100002695";12;"07:30";"1";"987";"2";"1";"1";6;-17;-149
"2696";"202100002696";12;"19:00";"5";"987";"2";"9";"1";3;-17;-149
"2697";"202100002697";12;"17:50";"3";"22";"1";"1";"1";5;48;-2
"2698";"202100002698";12;"15:45";"1";"13";"1";"1";"1";2;43;5
"2699";"202100002699";12;"01:30";"3";"988";"1";"1";"5";6;-21;165
"2700";"202100002700";12;"16:40";"1";"974";"2";"1";"1";1;-21;55
"2701";"202100002701";12;"16:25";"1";"41";"2";"9";"1";2;47;1
"2702";"202100002702";12;"12:32";"1";"34";"1";"3";"1";3;43;4
"2703";"202100002703";12;"14:15";"1";"55";"1";"1";"1";6;49;5
"2704";"202100002704";12;"17:20";"5";"42";"2";"4";"1";3;45;4
"2705";"202100002705";12;"11:15";"1";"01";"1";"1";"1";6;45;5
"2706";"202100002706";12;"19:54";"3";"16";"1";"9";"1";2;45;0
"2707";"202100002707";12;"00:25";"5";"33";"2";"1";"1";6;44;0
"2708";"202100002708";12;"13:40";"1";"49";"1";"1";"1";6;47;0
"2709";"202100002709";12;"11:39";"1";"35";"2";"1";"7";6;48;-2
"2710";"202100002710";12;"14:40";"1";"35";"1";"3";"7";3;48;-2
"2711";"202100002711";12;"10:45";"1";"27";"1";"2";"1";1;49;1
"2712";"202100002712";12;"10:45";"1";"76";"2";"2";"1";6;49;1
"2713";"202100002713";12;"19:15";"1";"13";"1";"1";"1";2;43;5
"2714";"202100002714";12;"09:10";"1";"13";"1";"1";"1";2;43;5
"2715";"202100002715";12;"07:05";"3";"13";"1";"1";"1";2;43;5
"2716";"202100002716";12;"18:10";"3";"67";"1";"1";"1";3;48;7
"2717";"202100002717";12;"08:30";"1";"59";"1";"1";"1";6;50;3
"2718";"202100002718";12;"19:30";"5";"94";"1";"1";"1";2;48;2
"2719";"202100002719";12;"18:45";"3";"91";"1";"1";"1";2;48;2
"2720";"202100002720";12;"10:40";"1";"91";"1";"1";"1";2;48;2
"2721";"202100002721";12;"20:15";"3";"91";"1";"1";"1";4;48;2
"2722";"202100002722";12;"18:30";"3";"78";"1";"1";"1";3;48;2
"2723";"202100002723";12;"03:41";"5";"92";"1";"1";"1";7;48;2
"2724";"202100002724";12;"02:50";"3";"92";"1";"1";"1";3;48;2
"2725";"202100002725";12;"07:39";"3";"93";"1";"1";"1";6;48;2
"2726";"202100002726";12;"14:30";"1";"94";"1";"1";"1";2;48;2
"2727";"202100002727";10;"16:26";"1";"02";"2";"1";"1";6;49;3
"2728";"202100002728";1;"18:00";"5";"92";"2";"3";"1";2;48;2
"2729";"202100002729";12;"06:33";"1";"988";"2";"3";"8";3;-22;166
"2730";"202100002730";12;"14:00";"1";"974";"2";"1";"1";3;-20;55
"2731";"202100002731";12;"16:55";"1";"973";"2";"3";"1";3;4;-52
"2732";"202100002732";12;"06:56";"2";"973";"2";"9";"1";6;4;-52
"2733";"202100002733";12;"20:15";"5";"69";"2";"2";"1";3;45;4
"2734";"202100002734";12;"09:00";"1";"69";"2";"1";"8";7;45;4
"2735";"202100002735";12;"11:40";"1";"972";"2";"1";"1";2;14;-61
"2736";"202100002736";12;"19:50";"5";"972";"1";"1";"1";6;14;-60
"2737";"202100002737";12;"18:55";"5";"69";"2";"1";"2";6;45;4
"2738";"202100002738";12;"18:20";"5";"69";"2";"1";"2";2;45;4
"2739";"202100002739";12;"18:15";"3";"95";"2";"1";"1";4;48;2
"2740";"202100002740";12;"17:25";"1";"95";"2";"1";"1";6;48;2
"2741";"202100002741";12;"21:28";"5";"87";"2";"3";"1";3;45;1
"2742";"202100002742";12;"16:30";"1";"85";"2";"1";"8";6;46;-1
"2743";"202100002743";12;"07:50";"5";"77";"2";"1";"1";2;48;2
"2744";"202100002744";12;"20:25";"3";"77";"1";"1";"2";1;48;2
"2745";"202100002745";12;"18:06";"5";"76";"2";"4";"1";1;49;1
"2746";"202100002746";12;"08:20";"5";"76";"2";"1";"1";3;49;0
"2747";"202100002747";12;"19:20";"5";"76";"2";"2";"1";6;49;0
"2748";"202100002748";12;"18:40";"5";"69";"2";"2";"1";1;45;4
"2749";"202100002749";12;"18:05";"5";"67";"2";"8";"1";6;48;7
"2750";"202100002750";12;"14:00";"1";"64";"2";"1";"7";3;43;0
"2751";"202100002751";12;"06:00";"3";"64";"2";"1";"5";3;43;-1
"2752";"202100002752";12;"18:47";"4";"63";"2";"6";"1";6;45;3
"2753";"202100002753";12;"18:00";"5";"62";"2";"1";"1";6;50;2
"2754";"202100002754";12;"19:45";"5";"59";"2";"1";"1";1;51;2
"2755";"202100002755";12;"16:30";"1";"50";"2";"2";"8";3;49;-1
"2756";"202100002756";12;"18:50";"5";"48";"2";"6";"1";3;44;3
"2757";"202100002757";12;"14:57";"1";"47";"2";"1";"1";3;44;0
"2758";"202100002758";12;"17:00";"2";"45";"2";"1";"2";2;47;1
"2759";"202100002759";12;"10:03";"1";"45";"2";"1";"2";6;48;2
"2760";"202100002760";12;"03:30";"4";"41";"2";"3";"1";6;47;1
"2761";"202100002761";12;"16:45";"2";"35";"1";"1";"1";7;48;-1
"2762";"202100002762";12;"15:00";"1";"35";"2";"2";"1";3;48;-1
"2763";"202100002763";12;"14:45";"1";"35";"2";"1";"1";1;48;-1
"2764";"202100002764";12;"08:20";"5";"35";"1";"1";"1";2;48;-1
"2765";"202100002765";11;"12:35";"1";"34";"2";"1";"1";3;43;3
"2766";"202100002766";12;"01:30";"4";"33";"2";"2";"1";3;44;0
"2767";"202100002767";12;"17:00";"5";"33";"2";"2";"3";3;44;0
"2768";"202100002768";12;"08:00";"2";"33";"2";"1";"1";3;44;0
"2769";"202100002769";12;"12:45";"1";"31";"2";"1";"1";6;43;1
"2770";"202100002770";12;"04:49";"3";"31";"1";"1";"1";6;43;1
"2771";"202100002771";12;"22:45";"5";"31";"2";"1";"1";3;43;1
"2772";"202100002772";12;"12:55";"1";"30";"2";"3";"1";6;43;4
"2773";"202100002773";11;"20:00";"5";"30";"2";"3";"1";3;43;4
"2774";"202100002774";12;"18:08";"5";"29";"2";"1";"1";6;47;-4
"2775";"202100002775";12;"12:55";"1";"29";"2";"6";"1";3;48;-4
"2776";"202100002776";12;"21:10";"5";"29";"2";"1";"1";6;48;-4
"2777";"202100002777";11;"06:30";"5";"28";"2";"1";"1";1;48;1
"2778";"202100002778";12;"18:15";"5";"25";"2";"2";"1";3;47;5
"2779";"202100002779";12;"14:05";"1";"17";"2";"1";"1";2;45;-1
"2780";"202100002780";12;"13:41";"1";"15";"1";"1";"1";7;44;2
"2781";"202100002781";12;"08:30";"1";"13";"2";"2";"1";3;43;5
"2782";"202100002782";12;"15:15";"1";"13";"2";"1";"1";3;43;5
"2783";"202100002783";12;"17:00";"5";"13";"2";"1";"1";1;43;5
"2784";"202100002784";12;"12:20";"1";"11";"1";"1";"1";3;43;2
"2785";"202100002785";12;"10:00";"1";"06";"2";"1";"1";3;43;7
"2786";"202100002786";12;"19:50";"5";"06";"2";"1";"1";3;43;7
"2787";"202100002787";12;"17:00";"5";"75";"2";"3";"1";6;48;2
"2788";"202100002788";12;"20:40";"2";"75";"2";"5";"1";3;48;2
"2789";"202100002789";12;"20:15";"5";"75";"2";"2";"1";3;48;2
"2790";"202100002790";12;"16:05";"1";"75";"2";"1";"1";2;48;2
"2791";"202100002791";12;"15:20";"1";"75";"2";"2";"1";2;48;2
"2792";"202100002792";12;"17:15";"5";"75";"2";"1";"1";6;48;2
"2793";"202100002793";12;"23:10";"2";"75";"2";"1";"1";7;48;2
"2794";"202100002794";12;"17:05";"5";"75";"2";"2";"1";6;48;2
"2795";"202100002795";12;"19:40";"5";"75";"2";"2";"1";1;48;2
"2796";"202100002796";12;"16:00";"1";"75";"2";"1";"1";6;48;2
"2797";"202100002797";12;"02:35";"5";"75";"2";"2";"1";3;48;2
"2798";"202100002798";12;"18:15";"5";"75";"2";"2";"1";3;48;2
"2799";"202100002799";12;"14:56";"1";"75";"2";"2";"1";3;48;2
"2800";"202100002800";12;"14:40";"1";"75";"2";"4";"1";3;48;2
"2801";"202100002801";12;"19:50";"5";"94";"2";"1";"1";1;48;2
"2802";"202100002802";12;"20:10";"5";"94";"2";"1";"8";7;48;2
"2803";"202100002803";12;"10:25";"1";"94";"2";"9";"1";6;48;2
"2804";"202100002804";12;"13:25";"1";"94";"2";"2";"8";3;48;2
"2805";"202100002805";12;"08:00";"5";"94";"2";"1";"1";6;48;2
"2806";"202100002806";12;"21:15";"5";"94";"2";"2";"1";3;48;2
"2807";"202100002807";12;"08:25";"1";"94";"2";"3";"8";3;48;2
"2808";"202100002808";12;"18:15";"5";"94";"2";"1";"1";3;48;2
"2809";"202100002809";12;"09:50";"1";"93";"2";"2";"1";3;48;2
"2810";"202100002810";12;"10:20";"1";"93";"2";"1";"1";6;48;2
"2811";"202100002811";12;"14:40";"1";"93";"2";"2";"1";3;48;2
"2812";"202100002812";12;"09:05";"2";"93";"2";"3";"1";3;48;2
"2813";"202100002813";12;"19:15";"5";"93";"2";"1";"1";6;48;2
"2814";"202100002814";12;"17:50";"5";"93";"2";"9";"1";6;48;2
"2815";"202100002815";12;"15:05";"1";"93";"2";"1";"8";6;48;2
"2816";"202100002816";12;"22:05";"5";"93";"2";"2";"1";3;48;2
"2817";"202100002817";12;"14:20";"1";"92";"2";"7";"1";6;48;2
"2818";"202100002818";12;"06:45";"5";"92";"2";"1";"1";6;48;2
"2819";"202100002819";12;"11:00";"1";"92";"2";"2";"1";3;48;2
"2820";"202100002820";12;"19:40";"5";"92";"2";"2";"1";3;48;2
"2821";"202100002821";12;"12:50";"1";"92";"2";"1";"1";6;48;2
"2822";"202100002822";12;"23:40";"3";"35";"1";"1";"1";3;48;-1
"2823";"202100002823";12;"17:20";"3";"87";"1";"1";"9";6;46;1
"2824";"202100002824";12;"18:15";"3";"38";"1";"1";"1";1;45;4
"2825";"202100002825";12;"23:48";"3";"06";"1";"1";"1";6;43;7
"2826";"202100002826";12;"08:30";"1";"06";"2";"3";"1";1;43;7
"2827";"202100002827";12;"12:20";"1";"18";"2";"1";"8";6;47;2
"2828";"202100002828";12;"06:23";"3";"77";"1";"9";"1";6;48;3
"2829";"202100002829";12;"15:35";"1";"64";"1";"3";"1";3;43;0
"2830";"202100002830";12;"15:00";"1";"14";"2";"4";"1";6;49;0
"2831";"202100002831";12;"08:45";"1";"48";"1";"1";"1";6;44;3
"2832";"202100002832";12;"16:40";"3";"38";"1";"6";"5";3;44;5
"2833";"202100002833";12;"17:55";"5";"67";"2";"1";"1";2;48;7
"2834";"202100002834";12;"15:40";"1";"76";"2";"1";"5";3;49;1
"2835";"202100002835";12;"13:30";"1";"12";"2";"1";"1";7;43;2
"2836";"202100002836";12;"11:15";"1";"44";"2";"6";"1";6;47;-1
"2837";"202100002837";12;"07:55";"2";"44";"2";"3";"1";2;47;-2
"2838";"202100002838";12;"07:22";"3";"29";"1";"1";"1";6;48;-3
"2839";"202100002839";12;"22:15";"3";"31";"1";"1";"1";1;43;1
"2840";"202100002840";12;"06:40";"5";"38";"2";"1";"1";6;45;5
"2841";"202100002841";12;"15:55";"2";"02";"1";"1";"1";3;49;3
"2842";"202100002842";12;"09:15";"1";"58";"2";"1";"1";6;47;3
"2843";"202100002843";12;"13:45";"1";"72";"2";"1";"1";3;48;0
"2844";"202100002844";12;"08:15";"1";"83";"1";"1";"1";1;43;6
"2845";"202100002845";12;"16:45";"2";"60";"2";"1";"1";6;49;2
"2846";"202100002846";12;"09:16";"1";"60";"1";"3";"5";7;49;2
"2847";"202100002847";12;"17:45";"3";"45";"1";"1";"1";3;47;1
"2848";"202100002848";12;"12:25";"1";"45";"1";"1";"8";6;47;1
"2849";"202100002849";12;"15:00";"1";"16";"1";"3";"1";3;45;0
"2850";"202100002850";12;"10:45";"1";"16";"1";"1";"1";6;45;0
"2851";"202100002851";12;"12:45";"1";"04";"1";"1";"1";1;43;5
"2852";"202100002852";12;"20:00";"3";"85";"1";"2";"1";3;46;-1
"2853";"202100002853";11;"13:40";"1";"27";"1";"2";"1";3;49;1
"2854";"202100002854";12;"18:00";"3";"30";"1";"3";"1";1;43;4
"2855";"202100002855";12;"07:30";"2";"30";"1";"1";"1";2;44;4
"2856";"202100002856";12;"14:00";"1";"973";"2";"1";"1";3;4;-52
"2857";"202100002857";12;"17:20";"3";"06";"2";"1";"1";3;43;6
"2858";"202100002858";12;"19:55";"3";"01";"1";"1";"2";4;45;5
"2859";"202100002859";12;"04:00";"3";"33";"1";"1";"5";1;44;0
"2860";"202100002860";12;"23:30";"4";"971";"2";"1";"8";1;16;-61
"2861";"202100002861";12;"16:45";"2";"68";"2";"3";"8";6;47;7
"2862";"202100002862";12;"18:05";"3";"77";"1";"2";"1";3;48;2
"2863";"202100002863";12;"16:00";"1";"2A";"2";"2";"1";3;41;9
"2864";"202100002864";12;"08:45";"2";"84";"1";"1";"9";5;43;5
"2865";"202100002865";12;"12:10";"1";"06";"1";"1";"1";1;43;7
"2866";"202100002866";12;"08:00";"2";"71";"2";"4";"8";3;46;3
"2867";"202100002867";12;"16:15";"1";"52";"2";"1";"1";7;47;5
"2868";"202100002868";12;"07:50";"1";"01";"2";"3";"8";3;45;5
"2869";"202100002869";12;"16:45";"2";"76";"1";"1";"9";1;49;1
"2870";"202100002870";12;"23:30";"3";"60";"2";"9";"5";7;49;1
"2871";"202100002871";12;"08:40";"1";"94";"1";"1";"1";2;48;2
"2872";"202100002872";12;"18:00";"2";"92";"1";"1";"1";3;48;2
"2873";"202100002873";12;"12:00";"1";"93";"1";"1";"1";5;48;2
"2874";"202100002874";12;"08:10";"1";"93";"1";"1";"1";4;48;2
"2875";"202100002875";12;"08:40";"2";"94";"1";"1";"1";2;48;2
"2876";"202100002876";9;"07:08";"2";"2A";"2";"1";"8";6;41;8
"2877";"202100002877";8;"09:15";"1";"2A";"1";"1";"1";2;41;8
"2878";"202100002878";8;"23:10";"5";"2A";"2";"1";"1";3;41;8
"2879";"202100002879";7;"18:02";"1";"2A";"2";"1";"1";5;41;8
"2880";"202100002880";6;"16:20";"1";"2A";"1";"6";"1";4;41;8
"2881";"202100002881";10;"08:45";"1";"77";"2";"1";"1";6;48;2
"2882";"202100002882";12;"17:15";"1";"974";"1";"9";"1";7;-20;55
"2883";"202100002883";12;"08:00";"1";"972";"2";"1";"2";3;14;-60
"2884";"202100002884";12;"02:45";"5";"972";"1";"1";"2";6;14;-61
"2885";"202100002885";12;"17:10";"5";"69";"2";"1";"5";2;45;4
"2886";"202100002886";12;"12:30";"1";"69";"2";"1";"1";6;45;4
"2887";"202100002887";12;"22:20";"5";"69";"2";"2";"1";3;45;4
"2888";"202100002888";12;"10:05";"1";"2A";"2";"1";"1";6;41;8
"2889";"202100002889";12;"13:20";"1";"95";"2";"1";"1";7;48;2
"2890";"202100002890";12;"17:30";"5";"91";"2";"9";"8";3;48;2
"2891";"202100002891";12;"19:40";"4";"91";"1";"1";"1";2;48;2
"2892";"202100002892";12;"13:45";"1";"91";"2";"1";"8";6;48;2
"2893";"202100002893";12;"13:01";"1";"87";"2";"3";"1";6;45;1
"2894";"202100002894";12;"07:50";"2";"86";"2";"1";"1";2;46;0
"2895";"202100002895";12;"16:30";"1";"84";"2";"1";"1";6;44;4
"2896";"202100002896";12;"11:20";"1";"83";"2";"1";"1";6;43;5
"2897";"202100002897";12;"15:50";"1";"83";"2";"6";"1";6;43;6
"2898";"202100002898";12;"19:30";"5";"80";"2";"1";"1";6;49;2
"2899";"202100002899";12;"18:45";"5";"80";"2";"1";"1";3;49;2
"2900";"202100002900";12;"17:50";"3";"80";"1";"1";"1";3;49;2
"2901";"202100002901";12;"16:40";"5";"78";"2";"1";"1";6;48;2
"2902";"202100002902";12;"12:20";"1";"77";"2";"1";"1";2;48;2
"2903";"202100002903";12;"17:10";"2";"76";"2";"1";"8";6;49;0
"2904";"202100002904";12;"17:30";"5";"73";"2";"1";"1";6;45;5
"2905";"202100002905";12;"12:40";"1";"71";"1";"9";"5";3;46;4
"2906";"202100002906";12;"06:15";"5";"69";"2";"8";"5";3;45;5
"2907";"202100002907";12;"06:52";"5";"66";"2";"6";"1";3;42;2
"2908";"202100002908";12;"14:00";"1";"64";"2";"1";"1";2;43;0
"2909";"202100002909";12;"08:36";"1";"64";"2";"2";"1";7;43;0
"2910";"202100002910";12;"08:10";"2";"64";"2";"1";"1";3;43;-1
"2911";"202100002911";12;"10:39";"1";"63";"2";"1";"1";6;45;3
"2912";"202100002912";12;"06:45";"3";"63";"1";"1";"9";7;45;3
"2913";"202100002913";12;"19:53";"5";"63";"2";"1";"1";6;45;3
"2914";"202100002914";12;"18:39";"5";"63";"2";"3";"1";2;45;3
"2915";"202100002915";12;"07:55";"2";"62";"1";"1";"8";5;50;2
"2916";"202100002916";12;"13:30";"1";"61";"2";"3";"8";3;48;0
"2917";"202100002917";12;"08:00";"2";"59";"2";"2";"1";6;50;3
"2918";"202100002918";12;"09:10";"1";"59";"2";"3";"1";3;50;3
"2919";"202100002919";12;"06:10";"2";"59";"2";"9";"1";6;50;3
"2920";"202100002920";12;"21:50";"5";"57";"2";"1";"1";3;49;6
"2921";"202100002921";12;"10:00";"1";"57";"2";"1";"4";1;49;6
"2922";"202100002922";12;"12:40";"1";"56";"1";"1";"2";7;47;-3
"2923";"202100002923";12;"10:10";"1";"56";"1";"1";"2";7;47;-3
"2924";"202100002924";12;"17:50";"5";"56";"2";"2";"2";3;47;-3
"2925";"202100002925";12;"08:40";"1";"54";"2";"3";"5";6;48;6
"2926";"202100002926";12;"12:16";"1";"51";"2";"1";"1";7;49;4
"2927";"202100002927";12;"11:42";"1";"49";"2";"1";"1";7;47;0
"2928";"202100002928";12;"21:45";"5";"44";"2";"1";"1";3;47;-1
"2929";"202100002929";12;"19:00";"3";"42";"1";"1";"8";5;45;4
"2930";"202100002930";12;"17:00";"5";"41";"2";"3";"1";6;47;1
"2931";"202100002931";12;"08:10";"1";"41";"2";"1";"1";7;47;1
"2932";"202100002932";12;"08:00";"5";"37";"2";"6";"5";2;47;0
"2933";"202100002933";12;"18:10";"3";"35";"1";"1";"1";3;48;-1
"2934";"202100002934";12;"19:15";"5";"35";"2";"1";"8";2;48;-1
"2935";"202100002935";12;"17:10";"2";"35";"2";"1";"1";6;48;-1
"2936";"202100002936";12;"16:58";"1";"34";"2";"1";"1";7;43;3
"2937";"202100002937";12;"16:30";"2";"33";"2";"1";"7";6;44;0
"2938";"202100002938";11;"22:25";"5";"33";"2";"1";"2";3;44;-1
"2939";"202100002939";12;"14:10";"1";"31";"2";"1";"1";6;43;1
"2940";"202100002940";12;"09:00";"1";"31";"2";"9";"1";6;43;1
"2941";"202100002941";12;"15:50";"1";"29";"1";"1";"1";3;47;-3