"";"Num_Acc";"mois";"hrmn";"lum";"dep";"agg";"int";"atm";"col";"lat";"long"
"2942";"202100002942";12;"02:00";"5";"29";"2";"2";"1";6;48;-4
"2943";"202100002943";12;"08:20";"2";"27";"2";"1";"1";2;49;1
"2944";"202100002944";12;"17:20";"5";"27";"2";"4";"1";6;49;1
"2945";"202100002945";12;"17:31";"5";"27";"1";"1";"1";5;49;1
"2946";"202100002946";12;"15:50";"1";"25";"1";"1";"5";2;47;5
"2947";"202100002947";12;"00:10";"5";"18";"2";"7";"2";6;47;2
"2948";"202100002948";12;"18:27";"5";"18";"2";"1";"1";1;47;2
"2949";"202100002949";12;"08:40";"2";"14";"1";"1";"1";4;49;0
"2950";"202100002950";12;"21:30";"5";"14";"2";"6";"1";3;49;0
"2951";"202100002951";12;"14:20";"1";"13";"2";"1";"1";3;43;5
"2952";"202100002952";12;"08:45";"1";"13";"2";"1";"1";6;43;5
"2953";"202100002953";12;"09:15";"1";"13";"2";"1";"7";1;43;5
"2954";"202100002954";12;"16:43";"1";"11";"2";"3";"1";2;43;2
"2955";"202100002955";12;"11:10";"1";"11";"2";"1";"1";6;43;2
"2956";"202100002956";12;"08:32";"1";"10";"2";"1";"8";6;48;4
"2957";"202100002957";12;"14:42";"1";"10";"2";"2";"1";3;48;4
"2958";"202100002958";12;"12:35";"1";"10";"2";"9";"2";3;48;4
"2959";"202100002959";12;"17:20";"3";"07";"1";"1";"1";6;44;4
"2960";"202100002960";12;"17:35";"5";"75";"2";"1";"1";3;48;2
"2961";"202100002961";12;"12:05";"1";"75";"2";"4";"1";3;48;2
"2962";"202100002962";12;"08:40";"1";"75";"2";"1";"1";2;48;2
"2963";"202100002963";12;"16:00";"1";"75";"2";"1";"1";3;48;2
"2964";"202100002964";12;"20:10";"5";"75";"2";"2";"1";3;48;2
"2965";"202100002965";12;"23:45";"5";"75";"2";"5";"8";6;48;2
"2966";"202100002966";12;"15:20";"1";"75";"2";"1";"1";7;48;2
"2967";"202100002967";12;"09:15";"1";"75";"2";"1";"1";6;48;2
"2968";"202100002968";12;"09:10";"1";"75";"2";"2";"1";3;48;2
"2969";"202100002969";12;"21:05";"5";"75";"2";"2";"1";2;48;2
"2970";"202100002970";12;"11:02";"1";"75";"2";"1";"1";2;48;2
"2971";"202100002971";12;"19:20";"4";"75";"2";"7";"1";3;48;2
"2972";"202100002972";12;"17:00";"5";"75";"2";"1";"1";3;48;2
"2973";"202100002973";12;"13:30";"1";"94";"2";"3";"8";3;48;2
"2974";"202100002974";12;"12:35";"1";"94";"2";"1";"1";6;48;2
"2975";"202100002975";12;"20:30";"5";"94";"2";"1";"1";6;48;2
"2976";"202100002976";12;"17:28";"5";"94";"2";"2";"8";6;48;2
"2977";"202100002977";12;"17:00";"2";"94";"2";"1";"1";6;48;2
"2978";"202100002978";12;"09:45";"1";"93";"2";"2";"1";3;48;2
"2979";"202100002979";12;"20:10";"5";"93";"2";"7";"1";6;48;2
"2980";"202100002980";12;"16:45";"2";"93";"2";"1";"1";6;48;2
"2981";"202100002981";12;"19:40";"5";"93";"2";"1";"1";3;48;2
"2982";"202100002982";12;"17:40";"5";"93";"2";"9";"1";3;48;2
"2983";"202100002983";12;"07:45";"2";"92";"2";"1";"1";6;48;2
"2984";"202100002984";10;"14:20";"1";"92";"2";"2";"2";6;48;2
"2985";"202100002985";12;"21:12";"5";"92";"2";"1";"1";3;48;2
"2986";"202100002986";12;"20:00";"3";"40";"1";"1";"5";1;43;-1
"2987";"202100002987";12;"16:33";"2";"83";"2";"1";"1";6;43;6
"2988";"202100002988";12;"17:14";"5";"74";"2";"9";"5";6;45;6
"2989";"202100002989";12;"09:30";"1";"2B";"1";"2";"1";2;42;9
"2990";"202100002990";12;"08:00";"3";"79";"1";"1";"5";7;46;0
"2991";"202100002991";12;"16:00";"1";"79";"1";"1";"5";6;46;0
"2992";"202100002992";12;"17:20";"3";"79";"1";"1";"1";1;46;0
"2993";"202100002993";12;"18:20";"3";"2A";"1";"1";"1";1;41;8
"2994";"202100002994";12;"13:30";"1";"32";"1";"2";"1";1;43;0
"2995";"202100002995";12;"17:00";"1";"49";"2";"1";"9";2;47;0
"2996";"202100002996";12;"00:15";"5";"41";"2";"1";"1";6;47;2
"2997";"202100002997";12;"23:15";"3";"86";"1";"6";"5";7;46;0
"2998";"202100002998";12;"18:10";"5";"25";"2";"1";"2";1;47;6
"2999";"202100002999";12;"07:35";"2";"44";"1";"9";"1";1;47;-1
"3000";"202100003000";12;"09:45";"1";"15";"2";"2";"1";5;44;2
"3001";"202100003001";12;"15:00";"1";"58";"1";"1";"1";7;47;3
"3002";"202100003002";12;"06:30";"3";"54";"2";"1";"1";6;48;6
"3003";"202100003003";12;"14:50";"1";"72";"1";"1";"1";1;47;0
"3004";"202100003004";12;"22:15";"3";"18";"1";"2";"2";3;46;2
"3005";"202100003005";12;"18:35";"5";"36";"2";"1";"1";1;46;1
"3006";"202100003006";10;"17:08";"1";"07";"1";"1";"1";6;44;4
"3007";"202100003007";12;"08:00";"2";"85";"1";"1";"5";1;46;-1
"3008";"202100003008";12;"10:30";"1";"01";"1";"1";"5";6;45;5
"3009";"202100003009";12;"20:45";"5";"31";"1";"1";"1";6;43;1
"3010";"202100003010";12;"06:25";"1";"987";"1";"1";"1";3;-17;-149
"3011";"202100003011";12;"19:30";"3";"03";"1";"1";"1";3;46;2
"3012";"202100003012";12;"22:40";"5";"987";"1";"1";"1";6;-17;-149
"3013";"202100003013";12;"19:25";"3";"973";"1";"1";"1";3;4;-52
"3014";"202100003014";12;"22:50";"3";"37";"2";"1";"1";6;47;0
"3015";"202100003015";12;"17:30";"3";"77";"1";"1";"1";5;48;3
"3016";"202100003016";12;"19:20";"3";"26";"1";"1";"2";6;44;4
"3017";"202100003017";12;"17:45";"5";"21";"2";"1";"5";6;47;5
"3018";"202100003018";12;"22:15";"3";"10";"1";"1";"1";7;48;4
"3019";"202100003019";12;"19:35";"3";"08";"1";"1";"2";6;49;4
"3020";"202100003020";12;"21:10";"4";"68";"2";"9";"2";6;47;7
"3021";"202100003021";12;"21:45";"3";"54";"1";"1";"8";6;48;5
"3022";"202100003022";12;"15:30";"1";"03";"2";"3";"8";6;46;3
"3023";"202100003023";12;"16:20";"1";"03";"1";"1";"1";6;46;3
"3024";"202100003024";12;"21:35";"3";"74";"2";"1";"5";6;46;6
"3025";"202100003025";12;"12:20";"1";"01";"1";"1";"1";6;45;5
"3026";"202100003026";12;"15:15";"1";"65";"2";"3";"1";6;43;0
"3027";"202100003027";12;"15:20";"1";"64";"1";"1";"1";5;43;0
"3028";"202100003028";12;"16:40";"2";"33";"2";"1";"1";3;44;0
"3029";"202100003029";12;"15:25";"1";"85";"1";"1";"1";1;46;0
"3030";"202100003030";12;"08:30";"2";"59";"1";"6";"8";7;50;3
"3031";"202100003031";12;"14:00";"1";"13";"1";"1";"1";6;43;5
"3032";"202100003032";12;"09:20";"1";"13";"1";"1";"1";3;43;5
"3033";"202100003033";12;"07:50";"2";"13";"1";"1";"1";3;43;5
"3034";"202100003034";12;"21:00";"5";"69";"1";"1";"1";2;45;4
"3035";"202100003035";12;"18:20";"3";"69";"1";"1";"1";4;45;4
"3036";"202100003036";12;"02:45";"3";"57";"1";"1";"1";6;49;6
"3037";"202100003037";12;"16:55";"1";"33";"1";"1";"1";4;44;0
"3038";"202100003038";12;"15:18";"1";"33";"1";"1";"1";2;44;0
"3039";"202100003039";12;"08:50";"1";"33";"1";"1";"1";4;44;0
"3040";"202100003040";12;"00:25";"5";"59";"1";"1";"8";6;50;3
"3041";"202100003041";12;"14:24";"1";"91";"1";"1";"1";4;48;2
"3042";"202100003042";12;"08:55";"1";"91";"1";"1";"1";3;48;2
"3043";"202100003043";12;"19:00";"3";"78";"1";"1";"1";5;48;2
"3044";"202100003044";12;"17:00";"2";"92";"1";"1";"1";4;48;2
"3045";"202100003045";12;"08:20";"2";"92";"1";"9";"1";2;48;2
"3046";"202100003046";12;"18:00";"5";"92";"1";"1";"1";4;48;2
"3047";"202100003047";12;"18:10";"5";"92";"1";"1";"5";3;48;2
"3048";"202100003048";12;"12:15";"1";"92";"1";"1";"1";2;48;2
"3049";"202100003049";12;"17:05";"2";"93";"1";"1";"1";2;48;2
"3050";"202100003050";12;"16:20";"2";"95";"1";"1";"1";4;48;2
"3051";"202100003051";12;"08:50";"1";"95";"1";"1";"1";3;48;2
"3052";"202100003052";12;"06:25";"3";"93";"1";"1";"1";2;48;2
"3053";"202100003053";12;"09:10";"1";"95";"1";"1";"1";4;49;2
"3054";"202100003054";12;"17:30";"5";"94";"1";"1";"1";2;48;2
"3055";"202100003055";12;"08:30";"2";"94";"1";"1";"8";4;48;2
"3056";"202100003056";10;"21:17";"3";"87";"1";"1";"1";5;45;1
"3057";"202100003057";6;"20:55";"1";"85";"2";"3";"1";1;46;-1
"3058";"202100003058";12;"13:35";"1";"988";"2";"1";"2";4;-22;166
"3059";"202100003059";12;"17:15";"1";"974";"1";"9";"1";3;-21;55
"3060";"202100003060";11;"08:30";"1";"974";"1";"1";"1";3;-21;55
"3061";"202100003061";12;"02:50";"5";"973";"1";"1";"2";7;4;-52
"3062";"202100003062";12;"23:35";"4";"973";"1";"6";"2";3;4;-52
"3063";"202100003063";12;"20:00";"5";"69";"2";"1";"1";6;45;4
"3064";"202100003064";12;"17:15";"1";"69";"2";"3";"1";3;45;4
"3065";"202100003065";12;"15:47";"1";"69";"1";"9";"1";7;45;4
"3066";"202100003066";12;"11:20";"1";"972";"1";"1";"1";1;14;-61
"3067";"202100003067";12;"17:30";"5";"69";"2";"1";"1";3;45;4
"3068";"202100003068";11;"11:45";"1";"69";"2";"1";"8";6;45;4
"3069";"202100003069";12;"16:45";"5";"2B";"2";"1";"1";3;42;9
"3070";"202100003070";12;"19:05";"5";"971";"1";"1";"1";6;16;-61
"3071";"202100003071";12;"13:25";"1";"971";"1";"1";"1";4;16;-61
"3072";"202100003072";12;"07:56";"1";"971";"1";"1";"1";6;16;-61
"3073";"202100003073";12;"08:20";"2";"95";"2";"1";"1";1;48;2
"3074";"202100003074";12;"18:51";"5";"87";"2";"3";"1";3;45;1
"3075";"202100003075";12;"10:57";"1";"87";"2";"1";"1";3;45;1
"3076";"202100003076";12;"08:14";"1";"87";"1";"1";"1";6;45;1
"3077";"202100003077";12;"20:15";"5";"86";"2";"1";"1";3;46;0
"3078";"202100003078";12;"18:30";"5";"81";"2";"1";"1";2;43;2
"3079";"202100003079";12;"12:30";"1";"81";"2";"3";"1";3;43;2
"3080";"202100003080";12;"12:15";"1";"80";"1";"1";"2";2;49;2
"3081";"202100003081";12;"12:30";"1";"80";"1";"1";"2";3;49;2
"3082";"202100003082";10;"08:45";"1";"77";"2";"9";"1";6;48;2
"3083";"202100003083";12;"05:30";"4";"77";"2";"1";"2";6;48;2
"3084";"202100003084";12;"13:50";"1";"76";"2";"1";"1";7;49;0
"3085";"202100003085";12;"13:40";"1";"76";"2";"2";"1";3;49;0
"3086";"202100003086";11;"07:25";"2";"76";"2";"3";"1";3;49;0
"3087";"202100003087";12;"20:19";"5";"71";"2";"6";"1";6;46;4
"3088";"202100003088";12;"22:45";"5";"71";"2";"1";"9";6;46;4
"3089";"202100003089";12;"09:00";"1";"69";"2";"9";"1";7;45;4
"3090";"202100003090";12;"07:15";"5";"69";"2";"6";"1";3;45;4
"3091";"202100003091";12;"17:55";"5";"69";"2";"1";"1";6;45;4
"3092";"202100003092";12;"04:15";"4";"67";"2";"1";"1";6;48;7
"3093";"202100003093";12;"00:50";"5";"67";"2";"2";"1";3;48;7
"3094";"202100003094";12;"19:15";"5";"67";"2";"1";"2";3;48;7
"3095";"202100003095";12;"18:25";"5";"67";"2";"1";"2";6;48;7
"3096";"202100003096";12;"16:30";"2";"67";"2";"1";"2";6;48;7
"3097";"202100003097";12;"16:05";"1";"66";"2";"1";"1";6;42;2
"3098";"202100003098";12;"13:55";"1";"65";"2";"1";"1";6;43;0
"3099";"202100003099";12;"10:25";"1";"65";"2";"3";"1";3;43;0
"3100";"202100003100";12;"09:00";"1";"64";"2";"2";"1";1;43;0
"3101";"202100003101";12;"14:50";"1";"64";"1";"1";"1";7;43;-1
"3102";"202100003102";12;"19:10";"5";"64";"2";"1";"1";1;43;-1
"3103";"202100003103";12;"19:35";"5";"64";"2";"1";"1";5;43;-1
"3104";"202100003104";12;"08:22";"1";"63";"2";"1";"1";7;45;3
"3105";"202100003105";12;"14:10";"1";"63";"2";"3";"1";3;45;3
"3106";"202100003106";12;"16:42";"1";"63";"2";"2";"1";5;45;3
"3107";"202100003107";12;"12:05";"1";"62";"2";"1";"1";7;50;2
"3108";"202100003108";12;"19:20";"3";"60";"2";"1";"1";6;49;2
"3109";"202100003109";12;"17:45";"5";"59";"2";"1";"1";6;50;3
"3110";"202100003110";12;"08:00";"5";"59";"2";"1";"1";3;50;3
"3111";"202100003111";12;"02:40";"5";"59";"2";"6";"2";7;50;3
"3112";"202100003112";12;"07:50";"5";"59";"2";"6";"8";3;50;3
"3113";"202100003113";12;"08:05";"2";"59";"2";"1";"1";6;50;2
"3114";"202100003114";12;"12:18";"1";"54";"2";"2";"8";3;48;6
"3115";"202100003115";12;"17:25";"5";"51";"2";"1";"1";7;49;4
"3116";"202100003116";12;"07:45";"4";"51";"2";"2";"2";7;49;4
"3117";"202100003117";12;"21:20";"5";"50";"2";"2";"1";3;49;-1
"3118";"202100003118";12;"19:18";"5";"49";"2";"3";"1";3;47;0
"3119";"202100003119";12;"13:10";"1";"49";"2";"1";"1";7;47;0
"3120";"202100003120";12;"11:59";"1";"49";"2";"1";"1";3;47;0
"3121";"202100003121";12;"17:10";"5";"41";"2";"1";"1";6;47;1
"3122";"202100003122";11;"19:25";"5";"41";"2";"2";"1";3;47;1
"3123";"202100003123";12;"13:40";"1";"41";"2";"6";"1";2;47;1
"3124";"202100003124";12;"18:20";"5";"38";"2";"1";"3";6;45;5
"3125";"202100003125";12;"09:00";"1";"37";"2";"3";"1";3;47;0
"3126";"202100003126";12;"18:40";"3";"35";"1";"1";"1";2;48;-1
"3127";"202100003127";12;"17:50";"3";"33";"1";"1";"1";2;44;-1
"3128";"202100003128";12;"16:20";"2";"33";"1";"6";"1";2;44;-1
"3129";"202100003129";12;"12:18";"1";"31";"2";"1";"1";6;43;1
"3130";"202100003130";12;"08:10";"5";"29";"1";"1";"2";2;47;-4
"3131";"202100003131";12;"08:45";"1";"29";"2";"6";"1";3;48;-4
"3132";"202100003132";10;"02:40";"5";"29";"2";"1";"1";7;48;-4
"3133";"202100003133";12;"12:05";"1";"27";"1";"1";"1";7;49;1
"3134";"202100003134";12;"12:50";"1";"27";"2";"2";"8";3;49;1
"3135";"202100003135";12;"15:50";"1";"23";"2";"1";"1";6;46;1
"3136";"202100003136";12;"17:50";"5";"23";"2";"1";"8";6;46;1
"3137";"202100003137";12;"18:10";"3";"22";"1";"2";"1";3;48;-2
"3138";"202100003138";12;"16:50";"1";"22";"2";"1";"1";6;48;-2
"3139";"202100003139";12;"08:10";"1";"18";"2";"9";"8";3;47;2
"3140";"202100003140";12;"04:35";"5";"14";"2";"1";"1";7;49;0
"3141";"202100003141";12;"10:05";"5";"14";"2";"1";"3";3;49;0
"3142";"202100003142";12;"11:45";"1";"14";"2";"1";"1";4;49;0
"3143";"202100003143";12;"21:00";"5";"13";"2";"3";"1";3;43;5
"3144";"202100003144";12;"14:00";"1";"13";"2";"1";"1";3;43;5
"3145";"202100003145";12;"17:25";"2";"11";"2";"3";"1";6;43;3
"3146";"202100003146";12;"10:20";"1";"11";"2";"2";"1";3;43;2
"3147";"202100003147";12;"10:00";"1";"09";"1";"1";"1";4;42;1
"3148";"202100003148";12;"11:15";"1";"07";"1";"2";"1";3;44;4
"3149";"202100003149";12;"13:55";"1";"06";"1";"1";"1";1;43;6
"3150";"202100003150";12;"14:00";"1";"06";"2";"1";"1";6;43;7
"3151";"202100003151";12;"19:05";"5";"05";"2";"1";"1";2;44;6
"3152";"202100003152";12;"16:20";"1";"04";"2";"1";"1";4;43;5
"3153";"202100003153";12;"15:00";"1";"01";"2";"2";"1";3;46;5
"3154";"202100003154";12;"20:43";"5";"75";"2";"5";"2";6;48;2
"3155";"202100003155";12;"03:05";"5";"75";"2";"5";"1";6;48;2
"3156";"202100003156";12;"15:25";"1";"75";"2";"1";"8";2;48;2
"3157";"202100003157";12;"20:20";"5";"75";"2";"7";"1";2;48;2
"3158";"202100003158";12;"13:50";"1";"75";"2";"1";"1";3;48;2
"3159";"202100003159";12;"17:04";"5";"75";"2";"1";"1";3;48;2
"3160";"202100003160";12;"08:20";"1";"75";"2";"1";"1";6;48;2
"3161";"202100003161";12;"13:20";"1";"75";"2";"1";"8";6;48;2
"3162";"202100003162";12;"20:00";"5";"75";"2";"4";"1";2;48;2
"3163";"202100003163";12;"22:00";"5";"75";"2";"2";"1";3;48;2
"3164";"202100003164";12;"17:38";"5";"94";"2";"2";"1";3;48;2
"3165";"202100003165";12;"14:00";"1";"94";"2";"1";"2";7;48;2
"3166";"202100003166";12;"09:45";"1";"94";"2";"1";"1";2;48;2
"3167";"202100003167";12;"11:30";"1";"94";"2";"1";"2";3;48;2
"3168";"202100003168";12;"17:30";"5";"94";"1";"1";"1";6;48;2
"3169";"202100003169";12;"11:45";"1";"93";"2";"1";"8";6;48;2
"3170";"202100003170";12;"02:55";"5";"93";"2";"1";"1";1;48;2
"3171";"202100003171";12;"18:45";"5";"93";"2";"1";"1";1;48;2
"3172";"202100003172";12;"20:00";"5";"93";"2";"1";"2";1;48;2
"3173";"202100003173";12;"15:00";"1";"92";"2";"3";"1";6;48;2
"3174";"202100003174";12;"08:50";"1";"92";"2";"2";"1";3;48;2
"3175";"202100003175";12;"07:10";"5";"92";"2";"6";"2";6;48;2
"3176";"202100003176";11;"10:50";"1";"92";"2";"1";"1";2;48;2
"3177";"202100003177";12;"12:20";"1";"92";"2";"1";"1";6;48;2
"3178";"202100003178";12;"11:45";"1";"49";"1";"1";"1";6;47;0
"3179";"202100003179";12;"15:45";"1";"26";"2";"1";"1";6;44;5
"3180";"202100003180";12;"17:30";"3";"91";"1";"3";"1";3;48;2
"3181";"202100003181";12;"08:25";"2";"49";"1";"1";"5";6;47;0
"3182";"202100003182";12;"06:45";"1";"974";"2";"3";"1";1;-21;55
"3183";"202100003183";12;"18:13";"5";"68";"2";"2";"1";6;47;7
"3184";"202100003184";12;"10:55";"1";"30";"2";"1";"1";6;44;4
"3185";"202100003185";12;"23:15";"3";"62";"1";"1";"9";6;50;1
"3186";"202100003186";12;"07:55";"2";"77";"1";"2";"8";3;48;3
"3187";"202100003187";12;"12:45";"1";"82";"1";"1";"5";3;44;1
"3188";"202100003188";12;"18:20";"5";"61";"2";"3";"1";3;48;0
"3189";"202100003189";12;"20:41";"5";"25";"2";"1";"1";6;46;6
"3190";"202100003190";12;"15:30";"1";"03";"1";"2";"5";1;46;3
"3191";"202100003191";12;"17:50";"3";"15";"1";"1";"1";1;45;2
"3192";"202100003192";12;"23:23";"3";"72";"1";"1";"1";2;47;0
"3193";"202100003193";12;"14:25";"1";"06";"2";"1";"1";6;43;6
"3194";"202100003194";12;"11:45";"1";"83";"1";"1";"1";6;43;6
"3195";"202100003195";12;"06:55";"3";"60";"1";"1";"1";6;49;2
"3196";"202100003196";12;"05:00";"3";"10";"1";"1";"8";6;48;4
"3197";"202100003197";12;"08:05";"2";"21";"1";"1";"9";3;46;4
"3198";"202100003198";12;"19:15";"4";"973";"2";"3";"1";5;4;-52
"3199";"202100003199";12;"07:45";"2";"74";"2";"1";"5";3;46;6
"3200";"202100003200";12;"23:00";"3";"69";"1";"1";"1";5;46;4
"3201";"202100003201";12;"17:40";"3";"60";"1";"1";"1";2;49;2
"3202";"202100003202";12;"13:00";"1";"987";"1";"1";"1";7;-17;-149
"3203";"202100003203";12;"18:30";"5";"77";"2";"2";"1";3;49;3
"3204";"202100003204";12;"15:20";"1";"83";"1";"1";"9";7;43;5
"3205";"202100003205";12;"09:25";"1";"04";"1";"3";"1";3;43;5
"3206";"202100003206";12;"08:40";"1";"89";"2";"1";"1";1;47;3
"3207";"202100003207";12;"06:50";"5";"68";"2";"1";"8";1;47;6
"3208";"202100003208";12;"15:45";"1";"38";"1";"3";"1";7;45;4
"3209";"202100003209";12;"07:30";"3";"69";"2";"9";"5";6;45;4
"3210";"202100003210";12;"16:30";"1";"09";"2";"1";"1";6;42;1
"3211";"202100003211";12;"19:00";"5";"16";"2";"1";"1";2;45;0
"3212";"202100003212";12;"14:00";"1";"33";"1";"1";"1";7;44;0
"3213";"202100003213";12;"09:45";"1";"22";"1";"1";"4";7;48;-2
"3214";"202100003214";12;"11:15";"1";"13";"1";"1";"1";2;43;5
"3215";"202100003215";12;"15:55";"1";"69";"1";"1";"1";2;45;4
"3216";"202100003216";12;"08:00";"1";"42";"1";"9";"2";3;45;4
"3217";"202100003217";12;"16:55";"1";"33";"1";"1";"1";2;44;0
"3218";"202100003218";12;"08:30";"1";"33";"1";"1";"1";3;44;0
"3219";"202100003219";12;"18:10";"3";"91";"1";"1";"1";2;48;2
"3220";"202100003220";12;"05:45";"3";"94";"1";"1";"1";2;48;2
"3221";"202100003221";12;"23:09";"3";"91";"1";"1";"1";7;48;2
"3222";"202100003222";12;"22:50";"3";"91";"1";"1";"1";6;48;2
"3223";"202100003223";12;"16:00";"1";"78";"1";"1";"1";3;48;2
"3224";"202100003224";12;"13:30";"1";"78";"1";"1";"1";2;48;1
"3225";"202100003225";12;"21:50";"3";"93";"1";"1";"1";3;48;2
"3226";"202100003226";12;"04:00";"3";"95";"1";"1";"1";6;49;2
"3227";"202100003227";12;"03:40";"4";"93";"1";"1";"2";2;48;2
"3228";"202100003228";12;"18:50";"3";"94";"1";"1";"1";2;48;2
"3229";"202100003229";12;"15:20";"1";"77";"1";"1";"1";2;48;2
"3230";"202100003230";12;"19:00";"4";"973";"2";"1";"2";3;4;-52
"3231";"202100003231";12;"19:25";"5";"69";"2";"2";"1";3;45;4
"3232";"202100003232";12;"04:20";"5";"69";"2";"1";"1";4;45;4
"3233";"202100003233";12;"17:45";"5";"972";"1";"6";"1";5;14;-61
"3234";"202100003234";12;"01:25";"5";"2B";"2";"1";"1";5;42;9
"3235";"202100003235";12;"12:10";"1";"2A";"2";"1";"1";6;41;8
"3236";"202100003236";12;"02:55";"5";"83";"2";"1";"1";6;43;6
"3237";"202100003237";12;"21:10";"3";"83";"1";"9";"1";3;43;6
"3238";"202100003238";12;"17:45";"5";"83";"1";"1";"1";2;43;6
"3239";"202100003239";12;"17:40";"2";"83";"2";"3";"1";3;43;6
"3240";"202100003240";12;"20:00";"3";"81";"1";"1";"8";7;43;2
"3241";"202100003241";12;"08:00";"3";"77";"1";"3";"1";6;48;2
"3242";"202100003242";12;"23:30";"5";"76";"2";"3";"1";3;49;1
"3243";"202100003243";12;"17:30";"5";"69";"2";"1";"1";3;45;4
"3244";"202100003244";12;"13:15";"1";"69";"2";"3";"1";3;45;4
"3245";"202100003245";12;"08:30";"2";"62";"2";"1";"2";6;50;1
"3246";"202100003246";12;"17:00";"2";"37";"2";"1";"8";2;47;0
"3247";"202100003247";12;"19:30";"3";"35";"1";"1";"1";4;48;-1
"3248";"202100003248";12;"19:30";"5";"35";"1";"1";"1";4;48;-1
"3249";"202100003249";12;"18:40";"3";"35";"1";"1";"2";2;48;-1
"3250";"202100003250";12;"12:00";"1";"34";"2";"6";"1";6;43;3
"3251";"202100003251";12;"15:50";"1";"33";"2";"2";"1";7;44;-1
"3252";"202100003252";12;"09:55";"1";"29";"2";"6";"1";3;48;-4
"3253";"202100003253";12;"08:15";"3";"26";"1";"1";"1";6;44;4
"3254";"202100003254";12;"01:10";"5";"25";"2";"1";"1";6;47;5
"3255";"202100003255";12;"14:49";"1";"13";"2";"1";"1";1;43;5
"3256";"202100003256";12;"09:05";"1";"13";"2";"1";"1";3;43;5
"3257";"202100003257";12;"18:40";"5";"06";"2";"1";"1";6;43;6
"3258";"202100003258";12;"16:50";"5";"75";"2";"1";"1";5;48;2
"3259";"202100003259";12;"16:30";"2";"75";"2";"5";"2";3;48;2
"3260";"202100003260";12;"13:35";"1";"75";"2";"1";"1";6;48;2
"3261";"202100003261";12;"19:00";"5";"75";"2";"7";"2";2;48;2
"3262";"202100003262";12;"19:50";"5";"75";"2";"2";"2";3;48;2
"3263";"202100003263";12;"12:00";"1";"75";"2";"1";"2";7;48;2
"3264";"202100003264";12;"19:30";"5";"75";"2";"3";"8";6;48;2
"3265";"202100003265";12;"00:35";"5";"75";"2";"2";"2";3;48;2
"3266";"202100003266";12;"20:50";"5";"75";"2";"2";"2";3;48;2
"3267";"202100003267";12;"12:15";"1";"75";"2";"2";"1";6;48;2
"3268";"202100003268";12;"16:50";"2";"93";"2";"1";"2";6;48;2
"3269";"202100003269";12;"12:15";"1";"93";"2";"1";"8";3;48;2
"3270";"202100003270";12;"12:30";"1";"93";"2";"1";"2";5;48;2
"3271";"202100003271";12;"10:15";"1";"92";"2";"2";"1";3;48;2
"3272";"202100003272";12;"18:20";"5";"92";"2";"3";"1";3;48;2
"3273";"202100003273";12;"18:30";"5";"92";"2";"1";"2";6;48;2
"3274";"202100003274";12;"14:00";"1";"92";"2";"1";"2";3;48;2
"3275";"202100003275";12;"18:35";"5";"972";"2";"1";"2";6;14;-61
"3276";"202100003276";12;"17:25";"2";"83";"1";"1";"1";3;43;6
"3277";"202100003277";12;"11:55";"1";"06";"2";"1";"1";6;43;7
"3278";"202100003278";12;"21:20";"3";"60";"1";"2";"2";1;49;2
"3279";"202100003279";12;"19:00";"3";"87";"1";"1";"1";3;45;1
"3280";"202100003280";12;"23:40";"3";"57";"1";"1";"5";6;48;7
"3281";"202100003281";12;"17:35";"2";"56";"1";"1";"8";4;47;-2
"3282";"202100003282";12;"15:00";"1";"79";"2";"3";"1";1;46;0
"3283";"202100003283";12;"12:09";"1";"2A";"1";"1";"1";3;41;8
"3284";"202100003284";12;"17:50";"5";"11";"2";"1";"1";6;42;2
"3285";"202100003285";12;"15:25";"1";"12";"1";"3";"1";3;44;2
"3286";"202100003286";12;"12:30";"1";"44";"1";"1";"2";1;47;-1
"3287";"202100003287";12;"11:30";"1";"31";"2";"1";"7";6;43;1
"3288";"202100003288";12;"08:46";"1";"02";"1";"9";"2";3;49;3
"3289";"202100003289";12;"19:50";"3";"03";"1";"1";"5";6;46;3
"3290";"202100003290";12;"08:53";"1";"01";"1";"3";"1";3;45;5
"3291";"202100003291";12;"09:00";"1";"01";"1";"1";"1";6;45;5
"3292";"202100003292";12;"13:45";"1";"14";"1";"1";"1";6;49;0
"3293";"202100003293";12;"22:00";"5";"50";"2";"1";"1";7;49;-1
"3294";"202100003294";12;"18:30";"3";"83";"1";"1";"9";1;43;6
"3295";"202100003295";12;"19:30";"5";"53";"1";"1";"2";7;47;0
"3296";"202100003296";12;"18:35";"3";"04";"1";"1";"1";7;44;5
"3297";"202100003297";12;"08:00";"2";"85";"1";"2";"5";1;46;-1
"3298";"202100003298";12;"18:30";"3";"17";"1";"1";"1";6;46;0
"3299";"202100003299";12;"07:45";"2";"30";"2";"1";"1";6;44;4
"3300";"202100003300";12;"17:00";"2";"30";"1";"2";"1";3;43;4
"3301";"202100003301";12;"16:05";"2";"68";"1";"1";"1";6;47;7
"3302";"202100003302";12;"17:30";"2";"34";"2";"1";"1";5;43;3
"3303";"202100003303";12;"00:30";"5";"987";"2";"1";"1";1;-8;-140
"3304";"202100003304";12;"11:18";"1";"971";"1";"2";"1";3;16;-61
"3305";"202100003305";12;"10:30";"1";"2B";"1";"3";"1";2;42;9
"3306";"202100003306";12;"17:10";"5";"67";"2";"1";"1";6;48;7