"";"Num_Acc";"mois";"hrmn";"lum";"dep";"agg";"int";"atm";"col";"lat";"long"
"3307";"202100003307";12;"16:00";"2";"73";"1";"1";"1";6;45;6
"3308";"202100003308";12;"11:45";"1";"01";"2";"1";"1";3;45;5
"3309";"202100003309";12;"07:45";"2";"69";"1";"9";"5";3;45;4
"3310";"202100003310";12;"07:32";"2";"81";"1";"1";"5";1;43;2
"3311";"202100003311";12;"16:45";"1";"40";"2";"2";"7";3;44;-1
"3312";"202100003312";12;"13:20";"1";"72";"1";"1";"1";1;47;0
"3313";"202100003313";12;"17:30";"5";"22";"2";"7";"2";6;48;-3
"3314";"202100003314";12;"13:00";"1";"35";"1";"3";"1";2;48;-1
"3315";"202100003315";12;"09:00";"1";"35";"1";"6";"1";3;48;-1
"3316";"202100003316";12;"15:50";"2";"59";"1";"1";"1";1;50;3
"3317";"202100003317";12;"13:30";"1";"13";"1";"1";"1";2;43;5
"3318";"202100003318";12;"03:50";"5";"69";"1";"1";"1";2;45;4
"3319";"202100003319";12;"02:10";"3";"38";"1";"1";"1";6;45;4
"3320";"202100003320";12;"14:05";"1";"78";"1";"1";"2";6;48;2
"3321";"202100003321";12;"18:45";"3";"95";"1";"1";"2";2;48;2
"3322";"202100003322";12;"20:30";"3";"95";"1";"1";"2";6;49;2
"3323";"202100003323";12;"21:45";"3";"92";"1";"1";"1";5;48;2
"3324";"202100003324";12;"18:35";"3";"92";"1";"1";"1";5;48;2
"3325";"202100003325";12;"17:30";"5";"94";"1";"1";"2";2;48;2
"3326";"202100003326";12;"03:00";"3";"94";"1";"1";"2";6;48;2
"3327";"202100003327";12;"21:15";"5";"94";"1";"1";"1";4;48;2
"3328";"202100003328";12;"15:45";"1";"94";"1";"1";"1";3;48;2
"3329";"202100003329";12;"07:30";"3";"77";"1";"1";"9";7;48;2
"3330";"202100003330";12;"08:30";"1";"38";"2";"1";"1";1;45;4
"3331";"202100003331";12;"09:56";"1";"46";"1";"1";"1";6;44;1
"3332";"202100003332";12;"21:25";"3";"52";"1";"1";"5";6;47;5
"3333";"202100003333";12;"10:20";"1";"64";"1";"1";"1";7;43;0
"3334";"202100003334";12;"08:16";"1";"29";"2";"2";"1";3;48;-4
"3335";"202100003335";12;"21:06";"3";"19";"1";"9";"1";3;45;1
"3336";"202100003336";12;"14:15";"1";"19";"1";"1";"4";6;45;2
"3337";"202100003337";12;"05:10";"3";"56";"1";"1";"4";6;47;-3
"3338";"202100003338";12;"12:29";"1";"74";"1";"1";"4";4;45;6
"3339";"202100003339";12;"12:35";"1";"67";"1";"1";"5";6;48;7
"3340";"202100003340";12;"21:42";"3";"76";"1";"1";"1";7;49;0
"3341";"202100003341";12;"16:15";"1";"79";"1";"1";"1";1;46;0
"3342";"202100003342";12;"00:15";"3";"82";"2";"1";"1";7;44;1
"3343";"202100003343";12;"22:15";"5";"65";"2";"1";"1";6;43;0
"3344";"202100003344";12;"18:10";"3";"32";"1";"1";"3";6;43;1
"3345";"202100003345";12;"18:55";"3";"12";"1";"1";"1";1;44;2
"3346";"202100003346";12;"13:00";"1";"42";"1";"1";"1";6;45;3
"3347";"202100003347";12;"10:20";"1";"86";"1";"2";"1";3;46;0
"3348";"202100003348";12;"18:30";"3";"86";"1";"1";"2";1;46;0
"3349";"202100003349";12;"13:30";"1";"29";"1";"1";"1";6;47;-3
"3350";"202100003350";12;"15:55";"1";"29";"2";"1";"1";6;47;-4
"3351";"202100003351";12;"17:05";"2";"02";"1";"1";"1";7;49;3
"3352";"202100003352";12;"10:05";"1";"58";"1";"1";"1";1;47;3
"3353";"202100003353";12;"10:30";"1";"83";"2";"3";"1";1;43;6
"3354";"202100003354";12;"11:30";"1";"60";"1";"1";"1";1;49;2
"3355";"202100003355";12;"10:39";"1";"64";"2";"2";"7";3;43;-1
"3356";"202100003356";12;"16:30";"1";"73";"1";"8";"7";3;45;5
"3357";"202100003357";12;"13:00";"1";"40";"1";"1";"1";1;43;0
"3358";"202100003358";12;"21:45";"3";"24";"1";"1";"1";1;45;0
"3359";"202100003359";12;"13:15";"1";"85";"1";"2";"1";3;46;-1
"3360";"202100003360";12;"09:45";"1";"27";"1";"1";"8";6;48;0
"3361";"202100003361";12;"13:35";"1";"28";"1";"1";"8";7;48;1
"3362";"202100003362";12;"17:45";"3";"17";"1";"3";"1";1;45;0
"3363";"202100003363";12;"07:00";"3";"17";"1";"2";"1";3;45;0
"3364";"202100003364";12;"02:17";"3";"68";"1";"1";"1";2;48;7
"3365";"202100003365";12;"13:45";"1";"77";"1";"1";"1";3;48;2
"3366";"202100003366";12;"16:35";"1";"67";"1";"1";"1";4;48;7
"3367";"202100003367";12;"08:00";"3";"77";"1";"1";"2";6;48;2
"3368";"202100003368";12;"18:55";"5";"971";"1";"2";"1";3;16;-61
"3369";"202100003369";12;"19:45";"3";"37";"1";"2";"1";6;47;0
"3370";"202100003370";12;"14:15";"1";"95";"1";"1";"8";6;49;1
"3371";"202100003371";12;"10:05";"1";"78";"1";"1";"9";1;48;1
"3372";"202100003372";12;"22:10";"3";"11";"1";"1";"1";6;43;2
"3373";"202100003373";12;"07:57";"2";"11";"1";"2";"5";3;43;2
"3374";"202100003374";12;"23:20";"3";"34";"1";"1";"1";1;43;3
"3375";"202100003375";12;"19:00";"3";"84";"2";"1";"1";3;43;4
"3376";"202100003376";12;"08:07";"1";"13";"1";"1";"1";1;43;5
"3377";"202100003377";12;"15:15";"1";"52";"2";"2";"2";3;47;5
"3378";"202100003378";12;"11:45";"1";"87";"1";"1";"1";7;45;1
"3379";"202100003379";12;"09:15";"1";"27";"1";"1";"1";3;49;1
"3380";"202100003380";12;"19:55";"2";"80";"1";"1";"1";2;49;2
"3381";"202100003381";12;"17:00";"2";"80";"1";"1";"8";7;49;2
"3382";"202100003382";8;"15:55";"1";"38";"2";"9";"1";6;45;6
"3383";"202100003383";8;"22:45";"5";"73";"2";"1";"1";6;45;5
"3384";"202100003384";8;"18:40";"1";"73";"1";"1";"1";3;45;5
"3385";"202100003385";12;"22:15";"3";"974";"2";"1";"1";6;-20;55
"3386";"202100003386";12;"21:20";"5";"988";"2";"1";"1";6;-22;166
"3387";"202100003387";12;"19:00";"3";"976";"2";"1";"1";5;-12;45
"3388";"202100003388";12;"02:30";"5";"974";"2";"1";"1";6;-20;55
"3389";"202100003389";12;"21:44";"5";"974";"2";"3";"1";3;-20;55
"3390";"202100003390";12;"05:45";"2";"974";"2";"1";"1";7;-20;55
"3391";"202100003391";12;"10:17";"1";"973";"2";"2";"1";3;4;-52
"3392";"202100003392";12;"06:42";"1";"973";"2";"1";"1";6;4;-52
"3393";"202100003393";12;"09:55";"1";"972";"1";"1";"1";3;14;-60
"3394";"202100003394";12;"20:00";"5";"972";"2";"1";"1";4;14;-61
"3395";"202100003395";12;"07:25";"1";"972";"2";"1";"1";2;14;-61
"3396";"202100003396";12;"20:10";"5";"69";"2";"2";"1";6;45;4
"3397";"202100003397";12;"18:30";"5";"2B";"2";"6";"1";6;42;9
"3398";"202100003398";12;"15:40";"1";"95";"2";"1";"8";3;48;2
"3399";"202100003399";12;"03:35";"5";"91";"2";"1";"1";4;48;2
"3400";"202100003400";12;"20:15";"5";"91";"2";"5";"1";2;48;2
"3401";"202100003401";12;"07:45";"3";"91";"1";"1";"1";7;48;2
"3402";"202100003402";12;"03:00";"5";"81";"2";"1";"1";1;43;2
"3403";"202100003403";12;"17:40";"3";"77";"1";"1";"2";1;48;2
"3404";"202100003404";12;"00:50";"3";"76";"1";"1";"2";7;49;0
"3405";"202100003405";12;"18:20";"5";"71";"2";"1";"2";6;46;4
"3406";"202100003406";12;"00:00";"4";"69";"2";"1";"1";6;45;4
"3407";"202100003407";12;"18:20";"5";"64";"2";"1";"1";6;43;0
"3408";"202100003408";12;"18:15";"5";"59";"2";"1";"1";2;50;3
"3409";"202100003409";12;"12:40";"1";"56";"2";"2";"2";3;47;-2
"3410";"202100003410";12;"11:45";"1";"51";"2";"1";"1";2;49;4
"3411";"202100003411";12;"19:35";"4";"50";"2";"2";"1";6;49;-1
"3412";"202100003412";12;"18:30";"5";"44";"2";"1";"2";6;47;-1
"3413";"202100003413";12;"15:20";"1";"41";"2";"2";"1";3;47;1
"3414";"202100003414";12;"21:20";"3";"38";"1";"1";"2";5;45;5
"3415";"202100003415";12;"20:33";"3";"35";"1";"1";"2";2;48;-1
"3416";"202100003416";12;"19:50";"5";"35";"2";"1";"2";6;48;-1
"3417";"202100003417";12;"04:00";"3";"29";"2";"9";"2";6;47;-4
"3418";"202100003418";12;"18:40";"3";"29";"2";"1";"8";2;47;-3
"3419";"202100003419";12;"18:10";"5";"29";"1";"3";"1";2;47;-3
"3420";"202100003420";12;"06:55";"3";"27";"1";"1";"1";6;49;1
"3421";"202100003421";12;"16:00";"1";"24";"2";"1";"1";3;44;0
"3422";"202100003422";12;"20:15";"5";"22";"1";"4";"1";3;48;-2
"3423";"202100003423";12;"10:42";"1";"22";"2";"1";"1";2;48;-3
"3424";"202100003424";12;"11:56";"1";"22";"2";"1";"1";6;48;-3
"3425";"202100003425";12;"16:56";"1";"13";"2";"1";"1";3;43;5
"3426";"202100003426";12;"17:40";"4";"13";"2";"1";"1";1;43;5
"3427";"202100003427";12;"14:00";"1";"13";"2";"1";"1";5;43;5
"3428";"202100003428";12;"13:15";"1";"13";"2";"1";"1";1;43;5
"3429";"202100003429";12;"16:00";"1";"13";"2";"6";"1";1;43;4
"3430";"202100003430";12;"01:00";"5";"75";"2";"1";"1";7;48;2
"3431";"202100003431";12;"17:45";"2";"75";"2";"1";"1";4;48;2
"3432";"202100003432";12;"11:20";"1";"75";"2";"1";"1";6;48;2
"3433";"202100003433";12;"10:45";"1";"75";"2";"1";"1";6;48;2
"3434";"202100003434";12;"21:20";"5";"75";"2";"3";"1";3;48;2
"3435";"202100003435";12;"12:40";"1";"75";"2";"3";"1";3;48;2
"3436";"202100003436";12;"07:45";"2";"75";"2";"7";"1";3;48;2
"3437";"202100003437";12;"21:15";"5";"75";"2";"3";"1";3;48;2
"3438";"202100003438";12;"11:00";"1";"75";"2";"2";"1";6;48;2
"3439";"202100003439";12;"11:25";"1";"75";"2";"4";"1";3;48;2
"3440";"202100003440";12;"20:50";"5";"75";"2";"2";"1";3;48;2
"3441";"202100003441";12;"15:10";"1";"75";"2";"1";"1";3;48;2
"3442";"202100003442";12;"23:55";"5";"75";"2";"2";"1";6;48;2
"3443";"202100003443";12;"20:15";"5";"75";"2";"2";"1";6;48;2
"3444";"202100003444";12;"02:05";"5";"75";"2";"4";"1";2;48;2
"3445";"202100003445";12;"16:30";"1";"75";"2";"2";"1";3;48;2
"3446";"202100003446";12;"00:25";"5";"75";"2";"2";"1";3;48;2
"3447";"202100003447";12;"11:50";"1";"94";"2";"1";"1";7;48;2
"3448";"202100003448";12;"01:30";"5";"94";"2";"1";"1";7;48;2
"3449";"202100003449";12;"17:00";"5";"94";"2";"1";"1";4;48;2
"3450";"202100003450";12;"06:40";"5";"94";"2";"1";"1";6;48;2
"3451";"202100003451";12;"22:25";"5";"94";"2";"1";"1";3;48;2
"3452";"202100003452";12;"14:40";"1";"93";"2";"1";"1";3;48;2
"3453";"202100003453";12;"13:40";"1";"93";"2";"1";"1";6;48;2
"3454";"202100003454";12;"20:30";"5";"93";"2";"3";"1";5;48;2
"3455";"202100003455";4;"13:40";"1";"93";"2";"3";"8";1;48;2
"3456";"202100003456";12;"15:12";"1";"92";"2";"2";"1";3;48;2
"3457";"202100003457";12;"13:30";"1";"67";"1";"1";"2";5;48;7
"3458";"202100003458";12;"08:37";"1";"83";"1";"1";"1";5;43;6
"3459";"202100003459";12;"18:20";"5";"972";"1";"1";"2";1;14;-61
"3460";"202100003460";12;"22:00";"3";"57";"1";"1";"1";6;48;7
"3461";"202100003461";12;"00:30";"3";"51";"1";"1";"8";7;49;3
"3462";"202100003462";12;"17:45";"3";"77";"1";"1";"2";2;48;3
"3463";"202100003463";12;"17:35";"3";"61";"1";"2";"1";3;48;0
"3464";"202100003464";12;"17:00";"5";"12";"2";"1";"1";7;44;2
"3465";"202100003465";12;"17:55";"3";"39";"1";"1";"8";1;47;5
"3466";"202100003466";12;"04:30";"5";"39";"2";"1";"1";6;46;5
"3467";"202100003467";12;"07:20";"3";"29";"1";"1";"1";6;48;-4
"3468";"202100003468";12;"16:45";"1";"31";"1";"1";"1";2;43;1
"3469";"202100003469";12;"17:10";"2";"31";"2";"9";"1";1;43;1
"3470";"202100003470";12;"06:06";"3";"38";"1";"6";"1";7;45;5
"3471";"202100003471";12;"19:14";"5";"38";"2";"1";"3";6;45;5
"3472";"202100003472";12;"00:05";"3";"66";"1";"1";"1";1;42;2
"3473";"202100003473";12;"15:20";"1";"06";"1";"1";"1";1;44;7
"3474";"202100003474";12;"10:15";"1";"06";"1";"1";"1";1;43;6
"3475";"202100003475";12;"22:00";"5";"14";"2";"1";"8";2;49;0
"3476";"202100003476";12;"16:00";"1";"45";"1";"1";"1";6;47;2
"3477";"202100003477";12;"18:35";"5";"43";"2";"1";"4";1;45;4
"3478";"202100003478";12;"19:31";"3";"10";"1";"1";"1";6;48;4
"3479";"202100003479";12;"20:00";"3";"07";"1";"1";"9";6;45;4
"3480";"202100003480";12;"17:00";"3";"27";"1";"2";"2";3;48;0
"3481";"202100003481";12;"19:40";"3";"17";"1";"1";"1";7;45;-1
"3482";"202100003482";12;"20:18";"3";"30";"1";"1";"1";6;44;4
"3483";"202100003483";12;"11:05";"1";"78";"2";"6";"1";2;48;2
"3484";"202100003484";12;"19:50";"5";"38";"2";"6";"1";3;45;5
"3485";"202100003485";12;"11:35";"1";"37";"1";"1";"1";6;47;0
"3486";"202100003486";12;"18:30";"3";"68";"1";"1";"1";5;47;7
"3487";"202100003487";12;"11:20";"1";"27";"1";"1";"2";3;49;1
"3488";"202100003488";12;"15:37";"1";"971";"1";"1";"1";3;16;-61
"3489";"202100003489";12;"05:45";"2";"971";"1";"1";"1";1;16;-61
"3490";"202100003490";12;"02:00";"3";"977";"1";"1";"1";7;17;-62
"3491";"202100003491";12;"18:42";"3";"66";"1";"1";"1";5;42;2
"3492";"202100003492";12;"09:00";"1";"66";"2";"3";"1";6;42;2
"3493";"202100003493";12;"18:45";"3";"34";"1";"2";"1";5;43;3
"3494";"202100003494";12;"03:10";"3";"34";"1";"1";"1";6;43;3
"3495";"202100003495";12;"18:45";"3";"13";"1";"1";"6";1;43;5
"3496";"202100003496";12;"15:14";"1";"71";"1";"1";"8";7;46;4
"3497";"202100003497";12;"03:39";"5";"38";"1";"1";"9";6;45;5
"3498";"202100003498";12;"17:30";"5";"69";"2";"1";"1";1;45;4
"3499";"202100003499";12;"10:00";"1";"69";"2";"1";"1";1;45;4
"3500";"202100003500";12;"21:30";"3";"60";"1";"1";"2";2;49;1
"3501";"202100003501";12;"15:00";"1";"91";"1";"1";"1";4;48;2
"3502";"202100003502";12;"18:45";"2";"93";"1";"1";"1";3;48;2
"3503";"202100003503";12;"19:30";"3";"95";"1";"1";"1";5;49;2
"3504";"202100003504";12;"10:15";"1";"93";"1";"1";"1";2;48;2
"3505";"202100003505";12;"21:30";"3";"93";"1";"1";"1";4;48;2
"3506";"202100003506";12;"18:15";"4";"93";"1";"1";"1";2;48;2
"3507";"202100003507";12;"16:45";"3";"93";"1";"1";"1";2;48;2
"3508";"202100003508";12;"02:30";"3";"94";"1";"1";"1";2;48;2
"3509";"202100003509";12;"08:40";"1";"76";"2";"1";"1";6;49;0
"3510";"202100003510";12;"08:30";"5";"33";"2";"1";"3";6;44;0
"3511";"202100003511";12;"19:40";"5";"35";"2";"3";"3";6;48;-1
"3512";"202100003512";12;"14:15";"1";"05";"2";"1";"1";6;44;6
"3513";"202100003513";12;"16:45";"2";"71";"2";"9";"8";6;46;4
"3514";"202100003514";9;"11:00";"1";"2A";"2";"1";"1";3;41;8
"3515";"202100003515";9;"09:30";"1";"2A";"2";"1";"1";2;41;8
"3516";"202100003516";8;"10:30";"1";"2A";"2";"1";"1";1;41;8
"3517";"202100003517";8;"11:54";"1";"2A";"2";"1";"1";3;41;8
"3518";"202100003518";8;"10:30";"1";"2A";"1";"1";"1";4;41;8
"3519";"202100003519";8;"17:20";"1";"2A";"2";"1";"1";3;41;8
"3520";"202100003520";8;"09:20";"1";"2A";"2";"6";"1";3;41;8
"3521";"202100003521";7;"18:34";"1";"2A";"2";"1";"1";3;41;8
"3522";"202100003522";7;"13:35";"1";"2A";"2";"1";"1";2;41;8
"3523";"202100003523";5;"16:50";"1";"2A";"2";"1";"1";7;41;8
"3524";"202100003524";5;"20:40";"2";"2A";"2";"3";"1";7;41;8
"3525";"202100003525";5;"18:42";"1";"2A";"1";"1";"1";6;41;8
"3526";"202100003526";5;"12:02";"1";"2A";"2";"1";"1";3;41;8
"3527";"202100003527";5;"16:55";"1";"2A";"2";"1";"1";4;41;8
"3528";"202100003528";4;"11:10";"1";"2A";"2";"3";"1";3;41;8
"3529";"202100003529";9;"12:50";"1";"89";"2";"2";"1";3;48;3
"3530";"202100003530";5;"19:50";"1";"16";"2";"7";"7";7;45;0
"3531";"202100003531";9;"11:10";"1";"75";"2";"2";"1";3;48;2
"3532";"202100003532";3;"11:11";"1";"92";"2";"1";"1";6;48;2
"3533";"202100003533";12;"22:45";"5";"988";"2";"1";"1";3;-22;166
"3534";"202100003534";12;"09:00";"1";"976";"2";"3";"1";3;-12;45
"3535";"202100003535";12;"03:25";"5";"974";"1";"1";"1";6;-21;55
"3536";"202100003536";12;"17:00";"1";"974";"1";"9";"1";2;-21;55
"3537";"202100003537";12;"20:15";"3";"974";"2";"1";"1";3;-20;55
"3538";"202100003538";12;"17:00";"1";"974";"2";"1";"1";3;-20;55
"3539";"202100003539";12;"15:10";"1";"974";"2";"1";"1";1;-20;55
"3540";"202100003540";12;"17:20";"1";"974";"1";"1";"1";3;-20;55
"3541";"202100003541";12;"07:15";"1";"974";"2";"1";"1";1;-20;55
"3542";"202100003542";12;"06:20";"1";"974";"2";"1";"1";1;-20;55
"3543";"202100003543";12;"15:00";"1";"974";"1";"2";"8";3;-20;55
"3544";"202100003544";12;"00:30";"3";"974";"2";"1";"1";3;-20;55
"3545";"202100003545";12;"22:00";"5";"974";"2";"2";"1";3;-20;55
"3546";"202100003546";12;"13:15";"1";"973";"2";"1";"1";6;4;-52
"3547";"202100003547";12;"22:04";"5";"69";"2";"3";"1";3;45;4
"3548";"202100003548";12;"17:50";"5";"69";"2";"1";"1";6;45;4
"3549";"202100003549";12;"17:40";"4";"69";"2";"1";"2";1;45;4
"3550";"202100003550";12;"12:05";"1";"69";"2";"3";"3";6;45;4
"3551";"202100003551";12;"07:42";"1";"69";"2";"3";"2";3;45;4
"3552";"202100003552";12;"16:15";"1";"69";"1";"1";"1";1;45;4
"3553";"202100003553";12;"15:00";"1";"69";"2";"1";"1";6;45;4
"3554";"202100003554";12;"13:30";"1";"69";"2";"3";"1";2;45;4
"3555";"202100003555";12;"09:05";"1";"69";"2";"2";"1";2;45;4
"3556";"202100003556";12;"11:45";"1";"69";"2";"2";"3";3;45;4
"3557";"202100003557";12;"06:45";"5";"69";"2";"2";"2";3;45;4
"3558";"202100003558";11;"21:15";"5";"972";"1";"9";"1";7;14;-61
"3559";"202100003559";12;"17:08";"2";"69";"2";"1";"2";6;45;4
"3560";"202100003560";12;"01:40";"5";"69";"2";"1";"1";6;45;4
"3561";"202100003561";12;"17:20";"3";"69";"2";"1";"1";6;45;4
"3562";"202100003562";12;"14:50";"1";"69";"2";"2";"1";6;45;4
"3563";"202100003563";12;"06:00";"5";"69";"2";"1";"8";6;45;4
"3564";"202100003564";12;"17:20";"5";"2B";"2";"1";"1";2;42;9
"3565";"202100003565";12;"18:30";"4";"971";"2";"1";"1";6;16;-61
"3566";"202100003566";12;"07:40";"1";"971";"2";"1";"2";6;16;-61
"3567";"202100003567";12;"17:10";"2";"2A";"2";"1";"8";6;41;8
"3568";"202100003568";12;"06:55";"5";"95";"2";"6";"2";6;48;2
"3569";"202100003569";12;"21:20";"5";"95";"2";"1";"1";2;48;2
"3570";"202100003570";12;"16:27";"1";"95";"2";"1";"1";6;48;2
"3571";"202100003571";12;"07:05";"5";"91";"2";"1";"1";6;48;2
"3572";"202100003572";12;"08:10";"2";"91";"2";"1";"2";6;48;2
"3573";"202100003573";12;"18:00";"2";"91";"2";"1";"2";1;48;2
"3574";"202100003574";12;"08:40";"1";"91";"2";"2";"1";3;48;2
"3575";"202100003575";12;"08:10";"2";"91";"2";"2";"2";6;48;2
"3576";"202100003576";12;"23:30";"5";"87";"2";"2";"1";3;45;1
"3577";"202100003577";12;"01:14";"5";"87";"2";"1";"2";6;45;1
"3578";"202100003578";12;"06:32";"5";"87";"2";"1";"2";3;45;1
"3579";"202100003579";12;"07:48";"2";"87";"2";"2";"2";3;45;1
"3580";"202100003580";12;"08:07";"2";"87";"2";"1";"2";2;45;1
"3581";"202100003581";12;"19:36";"3";"87";"1";"1";"2";3;45;1
"3582";"202100003582";12;"07:45";"4";"86";"2";"1";"9";6;46;0
"3583";"202100003583";12;"13:30";"1";"84";"2";"6";"1";3;44;4
"3584";"202100003584";12;"18:00";"2";"84";"1";"1";"1";1;43;4
"3585";"202100003585";12;"12:30";"1";"83";"1";"1";"1";3;43;5
"3586";"202100003586";12;"09:00";"1";"83";"2";"1";"1";3;43;5
"3587";"202100003587";12;"11:25";"1";"82";"2";"2";"8";3;43;1
"3588";"202100003588";12;"15:50";"1";"78";"2";"1";"1";3;48;2
"3589";"202100003589";12;"11:20";"1";"78";"2";"3";"1";2;48;2
"3590";"202100003590";12;"16:30";"1";"78";"2";"1";"1";2;48;1
"3591";"202100003591";12;"16:55";"2";"78";"2";"2";"2";6;48;1
"3592";"202100003592";12;"17:00";"1";"77";"1";"1";"1";7;48;2
"3593";"202100003593";12;"23:30";"5";"77";"2";"1";"2";1;48;2
"3594";"202100003594";12;"06:50";"3";"77";"1";"1";"9";6;48;2
"3595";"202100003595";12;"06:45";"3";"76";"1";"1";"3";3;49;1
"3596";"202100003596";12;"05:45";"5";"76";"2";"2";"2";2;49;1
"3597";"202100003597";12;"12:20";"1";"76";"2";"1";"1";6;49;0
"3598";"202100003598";12;"19:45";"3";"76";"1";"3";"2";6;49;1
"3599";"202100003599";12;"12:45";"1";"76";"1";"1";"1";3;49;1
"3600";"202100003600";12;"15:15";"1";"74";"2";"4";"2";6;46;6
"3601";"202100003601";12;"17:15";"5";"74";"2";"2";"2";6;45;6
"3602";"202100003602";12;"12:10";"1";"72";"2";"3";"1";3;47;0
"3603";"202100003603";12;"08:20";"1";"72";"2";"6";"1";3;48;0
"3604";"202100003604";12;"07:00";"5";"72";"2";"1";"2";6;48;0
"3605";"202100003605";12;"18:25";"2";"70";"1";"1";"8";5;47;6
"3606";"202100003606";12;"12:10";"1";"69";"2";"1";"1";2;45;4
"3607";"202100003607";12;"10:55";"1";"67";"2";"3";"1";2;48;7
"3608";"202100003608";12;"07:20";"3";"67";"1";"4";"2";1;48;7
"3609";"202100003609";12;"08:20";"1";"66";"2";"1";"1";2;42;2
"3610";"202100003610";12;"18:11";"5";"65";"1";"6";"3";3;43;0
"3611";"202100003611";12;"08:35";"1";"65";"2";"1";"2";6;43;0
"3612";"202100003612";12;"19:45";"5";"64";"2";"1";"2";3;43;0
"3613";"202100003613";12;"04:30";"5";"64";"2";"1";"3";1;43;-1
"3614";"202100003614";12;"20:50";"5";"64";"2";"1";"4";7;43;-1
"3615";"202100003615";12;"08:00";"5";"64";"2";"1";"3";6;43;-1
"3616";"202100003616";11;"14:30";"1";"62";"1";"1";"3";3;50;2
"3617";"202100003617";12;"13:10";"1";"62";"2";"6";"1";3;50;1
"3618";"202100003618";12;"23:30";"5";"62";"2";"1";"2";6;50;2
"3619";"202100003619";12;"07:58";"2";"60";"2";"1";"1";6;49;2
"3620";"202100003620";12;"20:00";"5";"59";"1";"1";"1";5;50;3
"3621";"202100003621";11;"07:25";"5";"59";"2";"3";"3";3;50;3
"3622";"202100003622";12;"00:00";"5";"59";"2";"1";"1";6;50;3
"3623";"202100003623";12;"17:50";"5";"59";"2";"9";"9";3;50;3
"3624";"202100003624";12;"06:00";"5";"59";"2";"9";"2";6;50;3
"3625";"202100003625";12;"17:55";"5";"59";"2";"2";"1";3;50;3
"3626";"202100003626";12;"09:32";"1";"58";"2";"1";"1";6;46;3
"3627";"202100003627";12;"14:15";"1";"57";"2";"1";"2";6;49;6
"3628";"202100003628";12;"08:30";"1";"54";"2";"1";"8";6;48;6
"3629";"202100003629";12;"18:30";"5";"54";"2";"2";"1";3;48;6
"3630";"202100003630";12;"08:20";"1";"54";"2";"1";"4";2;48;6
"3631";"202100003631";12;"15:15";"1";"54";"2";"6";"1";3;48;6
"3632";"202100003632";12;"07:40";"2";"54";"2";"3";"1";3;48;6
"3633";"202100003633";12;"18:00";"5";"54";"2";"1";"8";5;48;6
"3634";"202100003634";12;"08:20";"1";"54";"2";"3";"1";3;48;6
"3635";"202100003635";12;"14:10";"1";"51";"2";"6";"1";7;49;4
"3636";"202100003636";12;"13:30";"1";"51";"2";"6";"8";2;49;4
"3637";"202100003637";12;"13:45";"1";"51";"2";"1";"8";7;49;4
"3638";"202100003638";12;"18:10";"5";"51";"2";"3";"8";3;49;4
"3639";"202100003639";12;"11:30";"1";"50";"2";"3";"2";6;48;-1
"3640";"202100003640";12;"17:05";"5";"50";"1";"1";"2";6;49;-1
"3641";"202100003641";12;"00:40";"5";"50";"1";"1";"2";6;49;-1
"3642";"202100003642";12;"18:05";"5";"50";"2";"2";"3";2;49;-1
"3643";"202100003643";12;"22:12";"5";"49";"2";"1";"1";3;47;0
"3644";"202100003644";12;"21:37";"5";"49";"2";"1";"2";6;47;0
"3645";"202100003645";12;"12:54";"1";"49";"2";"1";"1";6;47;0
"3646";"202100003646";12;"11:28";"1";"49";"2";"1";"1";2;47;0
"3647";"202100003647";12;"09:01";"1";"49";"2";"6";"1";7;47;0
"3648";"202100003648";12;"20:05";"5";"47";"2";"1";"2";2;44;0
"3649";"202100003649";12;"22:20";"5";"45";"2";"1";"1";6;47;1
"3650";"202100003650";12;"17:10";"1";"45";"2";"6";"1";1;47;1
"3651";"202100003651";12;"08:40";"1";"45";"2";"1";"9";2;48;2
"3652";"202100003652";12;"12:00";"1";"44";"2";"1";"3";6;47;-2
"3653";"202100003653";12;"18:00";"5";"44";"2";"1";"1";3;47;-1
"3654";"202100003654";12;"17:55";"5";"44";"2";"1";"3";6;47;-1
"3655";"202100003655";12;"03:45";"5";"43";"2";"6";"4";6;45;3
"3656";"202100003656";12;"21:36";"5";"38";"2";"7";"1";3;45;4
"3657";"202100003657";12;"21:30";"5";"37";"2";"1";"3";2;47;0
"3658";"202100003658";12;"07:15";"5";"37";"2";"3";"1";3;47;0
"3659";"202100003659";12;"09:30";"1";"37";"2";"1";"1";3;47;0
"3660";"202100003660";12;"18:00";"5";"35";"2";"2";"2";6;48;-1
"3661";"202100003661";12;"23:10";"5";"35";"2";"1";"2";6;48;-1
"3662";"202100003662";12;"19:30";"3";"35";"1";"1";"3";6;48;-1
"3663";"202100003663";12;"20:36";"5";"35";"2";"6";"2";7;48;-1
"3664";"202100003664";12;"17:06";"2";"35";"2";"1";"3";2;48;-1
"3665";"202100003665";12;"14:15";"1";"35";"2";"1";"2";2;48;-1
"3666";"202100003666";12;"20:10";"5";"35";"2";"3";"1";1;48;-1
"3667";"202100003667";12;"05:20";"5";"34";"2";"1";"1";1;43;3
"3668";"202100003668";12;"09:30";"1";"34";"2";"2";"1";6;43;3
"3669";"202100003669";12;"17:20";"5";"33";"2";"7";"2";6;44;0
"3670";"202100003670";12;"18:20";"5";"33";"2";"6";"2";3;44;0
"3671";"202100003671";12;"09:00";"1";"33";"2";"1";"8";6;44;0