"";"Num_Acc";"mois";"hrmn";"lum";"dep";"agg";"int";"atm";"col";"lat";"long"
"3672";"202100003672";12;"09:00";"1";"33";"2";"6";"2";3;44;0
"3673";"202100003673";12;"08:45";"2";"31";"2";"1";"3";6;43;1
"3674";"202100003674";12;"05:35";"5";"31";"2";"1";"2";2;43;1
"3675";"202100003675";12;"17:49";"5";"31";"2";"1";"3";6;43;1
"3676";"202100003676";12;"15:35";"1";"31";"2";"9";"3";3;43;0
"3677";"202100003677";12;"18:10";"3";"29";"1";"1";"2";2;47;-4
"3678";"202100003678";12;"09:00";"1";"29";"2";"1";"2";6;47;-4
"3679";"202100003679";12;"09:50";"1";"29";"2";"1";"1";2;48;-4
"3680";"202100003680";12;"09:50";"1";"27";"2";"2";"1";6;49;1
"3681";"202100003681";12;"13:35";"1";"27";"2";"1";"1";2;49;1
"3682";"202100003682";12;"04:25";"5";"26";"2";"3";"2";1;44;4
"3683";"202100003683";12;"08:28";"2";"26";"2";"1";"1";4;44;4
"3684";"202100003684";12;"14:05";"1";"26";"2";"1";"8";3;44;4
"3685";"202100003685";12;"13:40";"1";"26";"2";"1";"8";3;44;4
"3686";"202100003686";11;"14:10";"1";"19";"2";"3";"1";3;45;1
"3687";"202100003687";12;"07:42";"2";"18";"2";"1";"1";6;47;2
"3688";"202100003688";12;"19:30";"5";"17";"2";"9";"3";3;46;-1
"3689";"202100003689";12;"17:20";"5";"15";"2";"1";"1";1;44;2
"3690";"202100003690";12;"14:35";"1";"14";"2";"1";"1";6;49;0
"3691";"202100003691";12;"12:55";"1";"14";"2";"3";"1";3;49;0
"3692";"202100003692";12;"13:28";"1";"14";"2";"3";"1";6;49;0
"3693";"202100003693";12;"08:00";"2";"14";"2";"3";"8";3;49;0
"3694";"202100003694";12;"20:51";"5";"13";"2";"9";"1";3;43;5
"3695";"202100003695";12;"14:45";"1";"13";"2";"3";"1";3;43;5
"3696";"202100003696";12;"03:50";"5";"13";"2";"1";"2";1;43;5
"3697";"202100003697";12;"15:00";"1";"13";"2";"5";"1";3;43;5
"3698";"202100003698";12;"14:05";"1";"13";"2";"1";"1";3;43;5
"3699";"202100003699";12;"07:40";"1";"13";"2";"1";"1";3;43;5
"3700";"202100003700";12;"13:30";"1";"11";"2";"1";"2";3;43;2
"3701";"202100003701";12;"16:38";"1";"11";"2";"1";"2";2;43;2
"3702";"202100003702";12;"17:25";"3";"10";"2";"1";"8";4;48;4
"3703";"202100003703";12;"13:45";"1";"10";"2";"2";"7";3;48;4
"3704";"202100003704";12;"07:30";"2";"10";"2";"9";"9";3;48;4
"3705";"202100003705";12;"10:05";"1";"09";"2";"1";"2";7;43;1
"3706";"202100003706";12;"13:50";"1";"08";"2";"1";"1";3;49;4
"3707";"202100003707";12;"22:27";"5";"06";"2";"1";"1";3;43;7
"3708";"202100003708";12;"19:25";"5";"06";"2";"1";"1";6;43;7
"3709";"202100003709";12;"23:54";"5";"06";"2";"1";"1";2;43;7
"3710";"202100003710";12;"09:30";"1";"06";"2";"1";"1";2;43;7
"3711";"202100003711";12;"07:45";"1";"06";"2";"1";"1";2;43;7
"3712";"202100003712";12;"10:19";"1";"05";"2";"6";"1";3;44;6
"3713";"202100003713";12;"09:15";"1";"05";"1";"3";"4";3;44;6
"3714";"202100003714";12;"09:50";"1";"03";"2";"1";"1";2;46;3
"3715";"202100003715";12;"17:30";"3";"02";"2";"1";"1";5;49;3
"3716";"202100003716";12;"23:50";"5";"75";"2";"1";"3";7;48;2
"3717";"202100003717";12;"01:21";"5";"75";"2";"2";"2";6;48;2
"3718";"202100003718";12;"15:00";"1";"75";"2";"2";"1";6;48;2
"3719";"202100003719";12;"18:30";"5";"75";"2";"2";"1";3;48;2
"3720";"202100003720";12;"11:10";"1";"75";"2";"2";"2";3;48;2
"3721";"202100003721";12;"09:40";"1";"75";"2";"1";"2";2;48;2
"3722";"202100003722";12;"15:35";"1";"75";"2";"2";"1";3;48;2
"3723";"202100003723";12;"10:20";"1";"75";"2";"7";"2";3;48;2
"3724";"202100003724";12;"02:00";"5";"75";"2";"5";"2";6;48;2
"3725";"202100003725";12;"19:13";"5";"75";"2";"4";"1";6;48;2
"3726";"202100003726";12;"18:30";"5";"75";"2";"4";"1";6;48;2
"3727";"202100003727";12;"18:15";"5";"75";"2";"2";"1";2;48;2
"3728";"202100003728";12;"13:40";"1";"75";"2";"1";"1";7;48;2
"3729";"202100003729";12;"06:45";"5";"75";"2";"2";"2";3;48;2
"3730";"202100003730";12;"19:50";"5";"75";"2";"1";"1";3;48;2
"3731";"202100003731";12;"19:10";"5";"75";"2";"7";"1";3;48;2
"3732";"202100003732";12;"12:00";"1";"75";"2";"3";"8";3;48;2
"3733";"202100003733";12;"14:35";"1";"75";"2";"2";"1";6;48;2
"3734";"202100003734";12;"14:45";"1";"75";"2";"2";"6";6;48;2
"3735";"202100003735";12;"14:40";"1";"94";"2";"1";"1";2;48;2
"3736";"202100003736";12;"20:00";"5";"94";"2";"6";"1";2;48;2
"3737";"202100003737";12;"16:30";"2";"94";"2";"1";"1";2;48;2
"3738";"202100003738";12;"22:45";"5";"94";"2";"3";"3";3;48;2
"3739";"202100003739";12;"15:50";"1";"94";"2";"1";"1";7;48;2
"3740";"202100003740";12;"11:10";"1";"93";"2";"4";"9";1;48;2
"3741";"202100003741";12;"08:15";"2";"93";"2";"3";"2";6;48;2
"3742";"202100003742";12;"17:15";"5";"93";"2";"4";"1";3;48;2
"3743";"202100003743";12;"09:08";"1";"93";"2";"9";"2";3;48;2
"3744";"202100003744";12;"14:58";"1";"93";"2";"2";"1";3;48;2
"3745";"202100003745";12;"18:40";"5";"93";"2";"1";"1";3;48;2
"3746";"202100003746";12;"18:37";"5";"93";"2";"3";"1";6;48;2
"3747";"202100003747";12;"01:25";"5";"93";"2";"1";"3";7;48;2
"3748";"202100003748";12;"14:30";"1";"92";"2";"1";"1";7;48;2
"3749";"202100003749";12;"18:05";"5";"92";"2";"1";"1";6;48;2
"3750";"202100003750";12;"08:00";"5";"92";"2";"2";"3";3;48;2
"3751";"202100003751";12;"08:10";"5";"92";"2";"1";"2";6;48;2
"3752";"202100003752";12;"18:20";"5";"92";"2";"3";"1";6;48;2
"3753";"202100003753";12;"17:15";"5";"92";"2";"3";"1";3;48;2
"3754";"202100003754";12;"17:23";"5";"92";"2";"1";"1";6;48;2
"3755";"202100003755";12;"17:01";"5";"92";"2";"9";"1";3;48;2
"3756";"202100003756";12;"14:50";"1";"92";"2";"2";"1";3;48;2
"3757";"202100003757";12;"14:15";"1";"92";"2";"1";"6";3;48;2
"3758";"202100003758";12;"04:30";"3";"49";"1";"1";"8";7;47;0
"3759";"202100003759";12;"17:15";"3";"76";"1";"1";"2";1;49;1
"3760";"202100003760";12;"12:35";"1";"974";"2";"1";"1";6;-21;55
"3761";"202100003761";12;"14:10";"1";"26";"1";"1";"1";2;44;4
"3762";"202100003762";12;"18:50";"3";"76";"1";"1";"8";5;49;0
"3763";"202100003763";12;"09:40";"1";"12";"1";"1";"1";6;44;2
"3764";"202100003764";12;"10:00";"1";"62";"1";"1";"7";6;50;2
"3765";"202100003765";12;"23:05";"3";"57";"1";"1";"2";7;49;6
"3766";"202100003766";12;"20:00";"3";"51";"1";"1";"6";1;49;3
"3767";"202100003767";12;"11:50";"1";"51";"2";"1";"1";7;49;3
"3768";"202100003768";12;"08:55";"2";"56";"1";"6";"1";3;47;-2
"3769";"202100003769";12;"01:55";"3";"80";"1";"1";"8";6;49;1
"3770";"202100003770";12;"02:00";"3";"11";"1";"1";"2";6;43;2
"3771";"202100003771";12;"16:30";"1";"11";"2";"1";"2";6;42;2
"3772";"202100003772";12;"19:45";"5";"12";"2";"1";"4";7;44;2
"3773";"202100003773";12;"05:30";"3";"12";"1";"1";"2";6;44;2
"3774";"202100003774";12;"16:15";"1";"12";"1";"1";"2";1;44;2
"3775";"202100003775";12;"17:45";"3";"68";"1";"1";"1";6;48;7
"3776";"202100003776";12;"23:48";"3";"25";"1";"1";"2";6;47;6
"3777";"202100003777";12;"17:35";"5";"29";"2";"1";"1";6;47;-3
"3778";"202100003778";12;"18:15";"3";"03";"1";"3";"4";3;46;3
"3779";"202100003779";12;"08:00";"2";"54";"1";"1";"4";2;48;5
"3780";"202100003780";12;"20:00";"3";"72";"1";"1";"2";6;47;0
"3781";"202100003781";12;"15:50";"2";"14";"2";"1";"7";6;48;0
"3782";"202100003782";12;"08:50";"2";"45";"1";"1";"1";6;47;1
"3783";"202100003783";12;"06:27";"3";"16";"1";"1";"9";6;45;0
"3784";"202100003784";12;"18:00";"5";"87";"2";"1";"1";6;45;0
"3785";"202100003785";12;"09:25";"1";"87";"1";"1";"8";1;46;1
"3786";"202100003786";12;"06:15";"3";"34";"1";"1";"3";4;43;3
"3787";"202100003787";12;"06:56";"3";"60";"1";"1";"9";4;49;2
"3788";"202100003788";8;"22:45";"3";"34";"1";"1";"1";1;43;3
"3789";"202100003789";12;"17:00";"1";"987";"2";"1";"1";1;-17;-149
"3790";"202100003790";12;"08:30";"1";"77";"1";"1";"1";6;48;2
"3791";"202100003791";12;"15:55";"1";"34";"2";"3";"7";3;43;3
"3792";"202100003792";12;"16:45";"2";"84";"1";"1";"7";4;43;4
"3793";"202100003793";12;"13:10";"1";"26";"2";"3";"1";3;45;4
"3794";"202100003794";12;"15:00";"1";"69";"2";"2";"2";6;45;4
"3795";"202100003795";12;"04:20";"3";"85";"1";"1";"1";6;46;-1
"3796";"202100003796";12;"05:00";"2";"53";"1";"1";"1";6;47;0
"3797";"202100003797";12;"15:40";"1";"22";"1";"1";"2";1;48;-2
"3798";"202100003798";12;"08:35";"2";"02";"1";"1";"9";6;48;3
"3799";"202100003799";12;"12:10";"1";"59";"1";"1";"1";2;50;3
"3800";"202100003800";12;"07:15";"5";"59";"2";"1";"3";6;50;2
"3801";"202100003801";12;"01:10";"3";"13";"1";"1";"1";2;43;5
"3802";"202100003802";12;"16:00";"2";"13";"1";"1";"1";4;43;5
"3803";"202100003803";12;"17:00";"1";"69";"1";"1";"2";7;45;4
"3804";"202100003804";12;"20:00";"3";"69";"1";"9";"1";6;45;4
"3805";"202100003805";12;"14:55";"1";"57";"1";"9";"4";1;49;6
"3806";"202100003806";12;"20:45";"4";"33";"1";"1";"2";5;44;0
"3807";"202100003807";12;"13:50";"1";"33";"1";"1";"2";6;44;0
"3808";"202100003808";12;"07:40";"2";"62";"1";"1";"1";4;50;2
"3809";"202100003809";12;"09:00";"1";"91";"1";"1";"2";4;48;2
"3810";"202100003810";12;"15:00";"1";"91";"1";"1";"1";2;48;2
"3811";"202100003811";12;"14:00";"1";"91";"1";"1";"1";3;48;2
"3812";"202100003812";12;"12:35";"1";"91";"1";"1";"1";2;48;2
"3813";"202100003813";12;"08:30";"2";"91";"1";"1";"2";7;48;2
"3814";"202100003814";12;"08:35";"2";"91";"1";"1";"2";7;48;2
"3815";"202100003815";12;"17:50";"3";"75";"1";"1";"1";2;48;2
"3816";"202100003816";12;"10:45";"1";"92";"1";"1";"1";7;48;2
"3817";"202100003817";12;"06:50";"3";"92";"1";"1";"2";6;48;2
"3818";"202100003818";12;"14:00";"1";"93";"1";"1";"1";2;48;2
"3819";"202100003819";12;"09:45";"1";"93";"1";"1";"1";4;48;2
"3820";"202100003820";12;"01:10";"3";"95";"1";"1";"3";6;48;2
"3821";"202100003821";12;"12:10";"1";"92";"2";"1";"1";2;48;2
"3822";"202100003822";12;"17:05";"2";"92";"2";"1";"8";6;48;2
"3823";"202100003823";8;"17:30";"1";"60";"2";"1";"1";1;49;2
"3824";"202100003824";12;"22:56";"5";"75";"2";"2";"1";3;48;2
"3825";"202100003825";12;"19:20";"5";"75";"2";"3";"1";3;48;2
"3826";"202100003826";12;"03:37";"5";"75";"2";"4";"1";6;48;2
"3827";"202100003827";12;"10:20";"1";"75";"2";"3";"1";6;48;2
"3828";"202100003828";12;"21:44";"5";"75";"2";"7";"1";3;48;2
"3829";"202100003829";12;"14:05";"1";"75";"2";"2";"1";3;48;2
"3830";"202100003830";12;"08:30";"1";"75";"2";"1";"1";6;48;2
"3831";"202100003831";12;"20:00";"5";"75";"2";"2";"1";2;48;2
"3832";"202100003832";12;"19:20";"5";"75";"2";"5";"9";2;48;2
"3833";"202100003833";12;"10:10";"1";"75";"2";"2";"1";3;48;2
"3834";"202100003834";12;"11:11";"1";"75";"2";"2";"1";6;48;2
"3835";"202100003835";12;"16:55";"5";"75";"2";"5";"1";6;48;2
"3836";"202100003836";12;"18:00";"5";"75";"2";"1";"1";3;48;2
"3837";"202100003837";12;"13:15";"1";"75";"2";"3";"1";6;48;2
"3838";"202100003838";12;"17:10";"5";"75";"2";"2";"1";3;48;2
"3839";"202100003839";12;"22:10";"5";"75";"2";"1";"2";6;48;2
"3840";"202100003840";12;"18:05";"5";"75";"2";"1";"1";2;48;2
"3841";"202100003841";12;"12:05";"1";"75";"2";"2";"1";7;48;2
"3842";"202100003842";12;"23:30";"5";"75";"2";"3";"1";3;48;2
"3843";"202100003843";12;"12:10";"1";"94";"2";"1";"1";6;48;2
"3844";"202100003844";12;"17:00";"5";"94";"2";"6";"1";3;48;2
"3845";"202100003845";12;"08:15";"1";"94";"2";"3";"1";3;48;2
"3846";"202100003846";12;"12:10";"1";"94";"2";"1";"1";6;48;2
"3847";"202100003847";12;"18:00";"5";"94";"2";"9";"1";3;48;2
"3848";"202100003848";12;"22:50";"5";"93";"2";"3";"1";3;48;2
"3849";"202100003849";12;"18:48";"5";"93";"2";"1";"1";1;48;2
"3850";"202100003850";12;"17:35";"5";"93";"2";"1";"1";2;48;2
"3851";"202100003851";12;"15:25";"1";"93";"2";"9";"1";3;48;2
"3852";"202100003852";12;"13:00";"1";"93";"2";"1";"1";3;48;2
"3853";"202100003853";12;"20:15";"5";"93";"2";"1";"1";3;48;2
"3854";"202100003854";12;"12:28";"1";"93";"2";"1";"1";3;48;2
"3855";"202100003855";12;"14:15";"1";"92";"2";"1";"1";2;48;2
"3856";"202100003856";12;"19:00";"5";"92";"2";"1";"1";2;48;2
"3857";"202100003857";12;"10:11";"1";"92";"2";"1";"1";6;48;2
"3858";"202100003858";12;"00:02";"5";"92";"2";"1";"1";2;48;2
"3859";"202100003859";10;"10:10";"1";"92";"2";"2";"7";6;48;2
"3860";"202100003860";12;"20:00";"5";"92";"2";"2";"1";3;48;2
"3861";"202100003861";12;"17:50";"5";"92";"2";"1";"1";1;48;2
"3862";"202100003862";12;"18:45";"2";"92";"2";"2";"1";7;48;2
"3863";"202100003863";12;"18:15";"5";"92";"2";"2";"1";3;48;2
"3864";"202100003864";12;"18:25";"5";"95";"1";"1";"8";3;49;2
"3865";"202100003865";12;"13:40";"1";"95";"2";"1";"1";6;49;2
"3866";"202100003866";12;"07:15";"3";"76";"1";"1";"2";1;49;1
"3867";"202100003867";12;"14:35";"1";"28";"1";"1";"1";3;48;1
"3868";"202100003868";12;"08:00";"2";"71";"1";"1";"2";5;46;4
"3869";"202100003869";12;"17:50";"3";"62";"1";"1";"9";6;50;1
"3870";"202100003870";12;"16:50";"2";"52";"1";"1";"8";7;48;5
"3871";"202100003871";12;"18:30";"3";"35";"1";"2";"3";3;48;-1
"3872";"202100003872";12;"13:05";"1";"54";"1";"2";"8";3;49;5
"3873";"202100003873";12;"12:15";"1";"76";"1";"1";"1";7;49;1
"3874";"202100003874";12;"10:00";"1";"17";"2";"7";"2";6;46;-1
"3875";"202100003875";12;"17:30";"3";"63";"1";"3";"2";3;45;3
"3876";"202100003876";12;"08:00";"2";"62";"2";"1";"2";3;50;2
"3877";"202100003877";12;"18:30";"5";"83";"2";"1";"9";3;43;5
"3878";"202100003878";12;"18:05";"3";"51";"1";"1";"2";1;49;4
"3879";"202100003879";12;"08:10";"2";"51";"2";"1";"8";7;49;3
"3880";"202100003880";12;"21:15";"3";"67";"1";"1";"1";1;48;7
"3881";"202100003881";12;"08:05";"3";"80";"2";"1";"1";6;49;1
"3882";"202100003882";12;"12:45";"1";"82";"1";"1";"2";6;44;1
"3883";"202100003883";12;"13:00";"1";"89";"1";"3";"8";3;47;3
"3884";"202100003884";12;"18:30";"5";"63";"2";"1";"2";6;45;3
"3885";"202100003885";12;"07:08";"3";"55";"2";"1";"4";6;48;5
"3886";"202100003886";12;"18:52";"3";"55";"1";"1";"3";6;48;5
"3887";"202100003887";12;"07:40";"3";"49";"1";"1";"1";1;47;0
"3888";"202100003888";12;"11:40";"1";"49";"1";"1";"1";2;47;0
"3889";"202100003889";12;"17:45";"5";"39";"2";"3";"1";3;47;5
"3890";"202100003890";12;"21:35";"5";"44";"2";"1";"2";6;47;-2
"3891";"202100003891";12;"08:10";"2";"35";"1";"1";"2";4;48;-1
"3892";"202100003892";12;"18:50";"3";"35";"1";"1";"2";6;48;-1
"3893";"202100003893";12;"18:00";"3";"38";"1";"1";"1";1;45;5
"3894";"202100003894";12;"07:50";"3";"02";"1";"1";"2";1;49;3
"3895";"202100003895";12;"09:45";"1";"03";"1";"2";"1";3;46;3
"3896";"202100003896";12;"17:40";"3";"01";"1";"1";"2";1;46;4
"3897";"202100003897";12;"14:30";"1";"58";"1";"1";"4";6;47;3
"3898";"202100003898";10;"09:00";"1";"66";"2";"1";"1";6;42;2
"3899";"202100003899";12;"13:55";"1";"50";"2";"7";"2";6;49;-1
"3900";"202100003900";12;"21:45";"3";"07";"1";"1";"1";1;44;4
"3901";"202100003901";12;"08:00";"2";"21";"2";"1";"2";6;47;4
"3902";"202100003902";12;"10:22";"1";"28";"2";"1";"1";1;48;1
"3903";"202100003903";12;"07:00";"3";"88";"1";"1";"4";6;47;6
"3904";"202100003904";12;"18:00";"3";"60";"1";"9";"2";7;49;2
"3905";"202100003905";11;"16:55";"2";"35";"1";"1";"2";4;48;-1
"3906";"202100003906";12;"07:36";"3";"22";"1";"1";"9";7;48;-2
"3907";"202100003907";12;"08:00";"1";"987";"1";"1";"1";6;-22;-151
"3908";"202100003908";12;"19:30";"5";"18";"2";"1";"1";6;46;2
"3909";"202100003909";12;"20:10";"3";"77";"1";"1";"1";6;48;3
"3910";"202100003910";12;"15:15";"1";"78";"1";"1";"7";6;48;1
"3911";"202100003911";12;"17:00";"2";"78";"1";"1";"1";1;48;1
"3912";"202100003912";12;"12:00";"1";"2B";"2";"1";"2";2;42;8
"3913";"202100003913";5;"17:10";"1";"83";"1";"3";"1";3;43;6
"3914";"202100003914";12;"20:40";"3";"26";"1";"1";"2";3;44;4
"3915";"202100003915";12;"07:15";"2";"89";"1";"1";"1";3;47;3
"3916";"202100003916";12;"23:45";"3";"89";"1";"1";"1";6;47;3
"3917";"202100003917";12;"16:20";"2";"67";"2";"1";"1";3;48;7
"3918";"202100003918";12;"18:00";"3";"63";"1";"1";"1";3;45;3
"3919";"202100003919";12;"14:30";"1";"42";"2";"1";"1";2;45;4
"3920";"202100003920";12;"18:55";"5";"79";"2";"2";"2";3;46;0
"3921";"202100003921";12;"18:55";"5";"29";"2";"1";"2";6;48;-4
"3922";"202100003922";12;"14:00";"1";"60";"1";"2";"1";1;49;2
"3923";"202100003923";12;"20:30";"5";"60";"2";"1";"1";3;49;2
"3924";"202100003924";12;"08:50";"1";"83";"1";"1";"1";4;43;5
"3925";"202100003925";12;"10:00";"1";"33";"1";"1";"1";6;44;0
"3926";"202100003926";12;"08:40";"1";"33";"1";"1";"1";2;44;0
"3927";"202100003927";12;"07:00";"3";"33";"1";"1";"1";4;44;0
"3928";"202100003928";12;"05:50";"3";"59";"1";"1";"1";6;50;3
"3929";"202100003929";12;"19:45";"5";"92";"1";"1";"1";2;48;2
"3930";"202100003930";12;"19:00";"3";"91";"1";"1";"1";2;48;2
"3931";"202100003931";12;"11:45";"1";"91";"1";"1";"1";5;48;2
"3932";"202100003932";12;"09:00";"1";"91";"1";"1";"1";4;48;2
"3933";"202100003933";12;"07:30";"1";"94";"1";"1";"1";2;48;2
"3934";"202100003934";12;"21:45";"3";"92";"1";"1";"2";2;48;2
"3935";"202100003935";12;"20:20";"3";"78";"1";"1";"1";2;48;1
"3936";"202100003936";12;"18:00";"3";"78";"1";"1";"1";2;48;2
"3937";"202100003937";12;"17:55";"3";"78";"1";"1";"1";1;48;1
"3938";"202100003938";12;"09:35";"1";"78";"1";"1";"1";2;48;1
"3939";"202100003939";12;"15:00";"1";"93";"1";"1";"1";6;48;2
"3940";"202100003940";12;"10:30";"1";"93";"1";"1";"1";2;48;2
"3941";"202100003941";12;"09:00";"1";"95";"1";"1";"1";2;49;2
"3942";"202100003942";12;"01:20";"3";"93";"1";"1";"1";3;48;2
"3943";"202100003943";12;"06:15";"3";"95";"1";"1";"1";6;49;2
"3944";"202100003944";12;"19:00";"3";"94";"1";"1";"1";2;48;2
"3945";"202100003945";12;"10:50";"1";"77";"1";"1";"1";6;48;2
"3946";"202100003946";12;"04:15";"3";"77";"1";"1";"1";2;48;2
"3947";"202100003947";12;"23:55";"5";"94";"1";"1";"1";2;48;2
"3948";"202100003948";12;"20:35";"3";"60";"1";"1";"1";6;49;2
"3949";"202100003949";12;"17:55";"5";"87";"2";"1";"2";6;45;1
"3950";"202100003950";12;"15:00";"1";"13";"2";"1";"1";1;43;5
"3951";"202100003951";12;"18:15";"5";"976";"2";"1";"1";6;-12;45
"3952";"202100003952";12;"18:25";"5";"91";"2";"9";"1";6;48;2
"3953";"202100003953";6;"02:25";"5";"62";"2";"1";"1";6;50;2
"3954";"202100003954";7;"15:20";"1";"64";"2";"1";"1";6;43;-1
"3955";"202100003955";7;"15:45";"1";"16";"1";"1";"1";1;45;0
"3956";"202100003956";9;"08:20";"1";"75";"2";"2";"1";3;48;2
"3957";"202100003957";12;"11:50";"1";"974";"2";"9";"1";2;-21;55
"3958";"202100003958";12;"07:40";"1";"974";"2";"1";"1";3;-20;55
"3959";"202100003959";12;"15:45";"1";"973";"2";"2";"1";3;4;-52
"3960";"202100003960";12;"13:55";"1";"973";"2";"1";"8";4;4;-52
"3961";"202100003961";12;"16:50";"1";"973";"2";"1";"1";6;4;-52
"3962";"202100003962";12;"18:45";"5";"69";"2";"8";"2";3;45;4
"3963";"202100003963";12;"11:10";"1";"69";"2";"2";"2";3;45;4
"3964";"202100003964";12;"07:15";"5";"69";"2";"3";"2";3;45;4
"3965";"202100003965";12;"23:40";"5";"69";"2";"2";"2";3;45;4
"3966";"202100003966";12;"20:30";"5";"69";"2";"1";"3";7;45;4
"3967";"202100003967";12;"10:00";"1";"69";"2";"2";"8";3;45;4
"3968";"202100003968";12;"08:50";"1";"69";"2";"2";"2";3;45;4
"3969";"202100003969";12;"13:40";"1";"972";"2";"1";"1";3;14;-61
"3970";"202100003970";12;"11:00";"1";"972";"2";"1";"1";6;14;-61
"3971";"202100003971";12;"20:30";"5";"69";"2";"1";"1";6;45;4
"3972";"202100003972";12;"22:05";"5";"69";"2";"1";"2";7;45;4
"3973";"202100003973";12;"17:30";"5";"69";"2";"3";"2";6;45;4
"3974";"202100003974";11;"12:45";"1";"69";"2";"1";"1";1;45;4
"3975";"202100003975";12;"09:25";"1";"69";"2";"6";"2";3;45;4
"3976";"202100003976";12;"02:15";"5";"69";"2";"3";"2";2;45;4
"3977";"202100003977";12;"14:00";"1";"2B";"2";"6";"1";1;42;9
"3978";"202100003978";12;"16:45";"1";"971";"2";"6";"1";6;16;-61
"3979";"202100003979";12;"17:30";"5";"95";"2";"1";"2";6;48;2
"3980";"202100003980";12;"18:30";"5";"91";"2";"3";"2";1;48;2
"3981";"202100003981";12;"09:05";"1";"91";"2";"1";"9";6;48;2
"3982";"202100003982";12;"17:20";"2";"91";"2";"1";"8";2;48;2
"3983";"202100003983";12;"11:45";"1";"91";"2";"6";"1";3;48;2
"3984";"202100003984";12;"17:47";"1";"87";"2";"1";"2";6;45;1
"3985";"202100003985";12;"21:05";"5";"87";"2";"2";"2";5;45;1
"3986";"202100003986";12;"00:19";"5";"87";"2";"1";"2";6;45;1
"3987";"202100003987";12;"07:42";"2";"87";"1";"1";"1";5;45;1
"3988";"202100003988";12;"06:22";"5";"87";"1";"1";"2";1;45;1
"3989";"202100003989";12;"17:00";"1";"84";"2";"1";"1";3;43;4
"3990";"202100003990";12;"13:30";"1";"83";"2";"1";"1";2;43;6
"3991";"202100003991";12;"18:38";"2";"83";"2";"1";"1";3;43;6
"3992";"202100003992";12;"21:50";"3";"83";"1";"1";"1";1;43;6
"3993";"202100003993";12;"18:30";"3";"82";"2";"1";"1";6;44;1
"3994";"202100003994";12;"12:05";"1";"80";"2";"2";"1";3;49;2
"3995";"202100003995";12;"08:25";"1";"80";"2";"1";"1";6;49;2
"3996";"202100003996";12;"23:00";"5";"80";"2";"3";"1";3;49;2
"3997";"202100003997";12;"00:05";"5";"80";"2";"2";"3";3;49;2
"3998";"202100003998";12;"21:35";"3";"78";"1";"1";"1";3;48;2
"3999";"202100003999";12;"13:45";"1";"78";"2";"9";"1";6;48;2
"4000";"202100004000";12;"20:00";"5";"78";"2";"2";"2";3;48;2
"4001";"202100004001";12;"21:20";"5";"77";"2";"9";"1";3;48;2
"4002";"202100004002";12;"08:30";"1";"76";"1";"1";"5";2;49;1
"4003";"202100004003";12;"23:00";"5";"76";"2";"1";"1";6;49;0
"4004";"202100004004";12;"19:35";"3";"76";"1";"1";"1";6;49;0
"4005";"202100004005";12;"12:15";"1";"74";"2";"1";"2";6;45;6
"4006";"202100004006";12;"17:30";"5";"71";"2";"1";"1";6;46;4
"4007";"202100004007";12;"11:00";"1";"69";"2";"3";"1";4;45;4
"4008";"202100004008";12;"06:25";"5";"68";"2";"6";"2";3;47;7
"4009";"202100004009";12;"07:06";"5";"67";"2";"1";"2";3;48;7
"4010";"202100004010";12;"15:05";"1";"67";"2";"1";"1";1;48;7
"4011";"202100004011";12;"08:51";"1";"67";"2";"3";"8";2;48;7
"4012";"202100004012";12;"18:30";"5";"64";"1";"1";"3";4;43;0
"4013";"202100004013";12;"16:00";"2";"64";"1";"1";"3";2;43;0
"4014";"202100004014";12;"18:00";"5";"64";"2";"1";"2";3;43;-1
"4015";"202100004015";12;"16:20";"1";"64";"2";"1";"3";2;43;-1
"4016";"202100004016";12;"09:17";"1";"63";"2";"1";"1";4;45;3
"4017";"202100004017";12;"17:48";"1";"63";"2";"1";"1";2;45;3
"4018";"202100004018";11;"14:30";"1";"62";"2";"1";"2";6;50;1
"4019";"202100004019";12;"11:05";"1";"61";"2";"2";"1";3;48;0
"4020";"202100004020";12;"08:20";"2";"59";"2";"1";"8";2;50;3
"4021";"202100004021";12;"09:30";"1";"59";"2";"1";"1";1;50;3
"4022";"202100004022";12;"08:30";"1";"59";"1";"1";"9";6;50;4
"4023";"202100004023";12;"08:30";"1";"59";"2";"1";"8";6;50;3
"4024";"202100004024";12;"20:20";"5";"59";"2";"2";"3";6;50;3
"4025";"202100004025";12;"16:30";"1";"59";"2";"1";"2";6;51;2
"4026";"202100004026";11;"11:40";"1";"57";"2";"1";"1";6;49;6
"4027";"202100004027";12;"12:30";"1";"57";"2";"1";"1";3;49;6
"4028";"202100004028";12;"07:00";"4";"56";"2";"6";"2";3;47;-3
"4029";"202100004029";12;"15:12";"1";"56";"2";"1";"8";2;47;-3
"4030";"202100004030";12;"18:40";"5";"56";"2";"6";"1";2;47;-3
"4031";"202100004031";12;"19:00";"5";"56";"2";"1";"1";6;47;-3
"4032";"202100004032";12;"15:00";"1";"56";"2";"2";"1";3;47;-3
"4033";"202100004033";12;"17:20";"5";"54";"2";"3";"1";3;48;6
"4034";"202100004034";12;"07:15";"2";"54";"2";"3";"1";6;48;6
"4035";"202100004035";12;"18:25";"5";"54";"2";"1";"1";6;49;5
"4036";"202100004036";12;"15:45";"1";"51";"2";"3";"1";3;49;4