"";"Num_Acc";"mois";"hrmn";"lum";"dep";"agg";"int";"atm";"col";"lat";"long"
"4037";"202100004037";12;"13:10";"1";"51";"2";"1";"1";7;49;4
"4038";"202100004038";12;"16:55";"5";"51";"2";"4";"8";1;48;4
"4039";"202100004039";12;"18:00";"5";"50";"2";"1";"3";6;49;-1
"4040";"202100004040";12;"10:30";"1";"49";"2";"1";"1";6;47;0
"4041";"202100004041";12;"18:45";"5";"49";"2";"1";"1";7;47;0
"4042";"202100004042";12;"15:38";"1";"49";"2";"1";"1";3;47;0
"4043";"202100004043";12;"16:13";"1";"49";"2";"1";"1";6;47;0
"4044";"202100004044";12;"09:31";"1";"49";"2";"1";"8";7;47;0
"4045";"202100004045";12;"08:48";"1";"49";"2";"1";"1";3;47;0
"4046";"202100004046";12;"21:26";"5";"49";"2";"1";"2";3;47;0
"4047";"202100004047";12;"12:45";"1";"49";"2";"1";"3";3;47;0
"4048";"202100004048";12;"02:48";"5";"49";"2";"1";"1";7;47;0
"4049";"202100004049";12;"16:50";"4";"45";"2";"3";"2";6;47;1
"4050";"202100004050";12;"18:15";"5";"45";"2";"9";"2";6;48;2
"4051";"202100004051";12;"11:35";"1";"44";"2";"1";"3";6;47;-1
"4052";"202100004052";12;"12:20";"1";"43";"2";"1";"8";2;45;3
"4053";"202100004053";12;"12:53";"1";"37";"2";"1";"1";3;47;0
"4054";"202100004054";12;"18:20";"5";"37";"2";"1";"2";6;47;0
"4055";"202100004055";12;"09:50";"1";"37";"2";"3";"8";7;47;0
"4056";"202100004056";12;"22:09";"3";"35";"1";"1";"8";6;48;-1
"4057";"202100004057";12;"13:20";"1";"35";"2";"1";"1";1;48;-1
"4058";"202100004058";12;"18:50";"5";"35";"2";"2";"1";6;48;-1
"4059";"202100004059";12;"15:55";"1";"35";"1";"1";"8";2;48;-1
"4060";"202100004060";12;"07:00";"5";"33";"2";"1";"2";6;44;0
"4061";"202100004061";12;"16:30";"1";"33";"2";"2";"3";3;44;0
"4062";"202100004062";12;"13:14";"1";"33";"2";"2";"3";3;44;0
"4063";"202100004063";12;"10:00";"1";"33";"2";"1";"1";6;44;0
"4064";"202100004064";12;"20:30";"5";"33";"2";"6";"2";2;44;-1
"4065";"202100004065";12;"09:10";"1";"32";"2";"1";"8";7;43;0
"4066";"202100004066";12;"18:55";"5";"31";"2";"1";"2";4;43;1
"4067";"202100004067";12;"22:14";"5";"31";"2";"1";"3";3;43;1
"4068";"202100004068";12;"13:45";"1";"31";"2";"1";"2";6;43;1
"4069";"202100004069";11;"23:30";"3";"31";"2";"9";"2";7;43;1
"4070";"202100004070";12;"17:30";"5";"29";"2";"3";"1";5;48;-4
"4071";"202100004071";12;"18:40";"3";"29";"2";"4";"3";3;48;-4
"4072";"202100004072";12;"19:15";"5";"29";"2";"1";"8";1;48;-4
"4073";"202100004073";12;"11:00";"1";"27";"2";"6";"1";6;49;1
"4074";"202100004074";11;"08:50";"2";"27";"2";"1";"2";6;49;1
"4075";"202100004075";12;"08:50";"1";"26";"1";"1";"1";3;44;4
"4076";"202100004076";12;"08:43";"1";"25";"2";"1";"8";4;47;6
"4077";"202100004077";12;"10:20";"1";"22";"2";"1";"1";6;48;-2
"4078";"202100004078";12;"11:05";"1";"19";"2";"1";"1";6;45;1
"4079";"202100004079";12;"17:19";"2";"17";"1";"6";"9";3;45;0
"4080";"202100004080";12;"07:55";"2";"17";"1";"1";"8";4;46;-1
"4081";"202100004081";12;"19:20";"4";"17";"2";"1";"1";6;45;0
"4082";"202100004082";12;"05:22";"5";"15";"2";"2";"9";6;44;2
"4083";"202100004083";12;"17:05";"2";"15";"2";"1";"1";3;44;2
"4084";"202100004084";12;"23:35";"3";"14";"2";"1";"8";6;49;0
"4085";"202100004085";12;"06:50";"5";"13";"2";"3";"2";3;43;5
"4086";"202100004086";12;"09:30";"1";"13";"2";"9";"1";3;43;5
"4087";"202100004087";12;"08:30";"1";"13";"2";"1";"1";1;43;5
"4088";"202100004088";12;"07:58";"2";"13";"2";"3";"1";3;43;5
"4089";"202100004089";12;"19:10";"3";"13";"1";"1";"1";1;43;5
"4090";"202100004090";12;"07:50";"2";"13";"1";"1";"2";5;43;5
"4091";"202100004091";12;"14:50";"1";"11";"2";"2";"7";6;43;3
"4092";"202100004092";12;"09:30";"1";"10";"2";"1";"1";3;48;4
"4093";"202100004093";12;"08:06";"2";"10";"2";"6";"1";3;48;4
"4094";"202100004094";12;"12:10";"1";"09";"2";"1";"1";2;43;1
"4095";"202100004095";11;"19:09";"5";"06";"2";"1";"1";3;43;7
"4096";"202100004096";12;"12:40";"1";"06";"2";"1";"1";2;43;7
"4097";"202100004097";12;"10:52";"1";"06";"2";"1";"1";2;43;7
"4098";"202100004098";10;"16:55";"1";"05";"2";"1";"1";6;44;6
"4099";"202100004099";12;"17:45";"3";"04";"1";"1";"1";2;43;5
"4100";"202100004100";12;"00:02";"5";"03";"2";"1";"2";3;46;3
"4101";"202100004101";12;"09:10";"1";"03";"2";"1";"8";6;46;2
"4102";"202100004102";12;"18:34";"5";"03";"2";"9";"2";3;46;2
"4103";"202100004103";12;"22:00";"5";"01";"2";"2";"2";3;46;5
"4104";"202100004104";12;"09:55";"1";"01";"2";"1";"1";1;46;5
"4105";"202100004105";12;"18:00";"3";"01";"1";"1";"1";3;46;5
"4106";"202100004106";12;"14:35";"1";"75";"2";"4";"1";2;48;2
"4107";"202100004107";12;"17:10";"3";"75";"2";"1";"2";4;48;2
"4108";"202100004108";12;"20:56";"5";"75";"2";"7";"2";3;48;2
"4109";"202100004109";12;"13:20";"1";"75";"2";"1";"1";7;48;2
"4110";"202100004110";12;"12:10";"1";"75";"2";"5";"1";6;48;2
"4111";"202100004111";12;"09:15";"1";"75";"2";"2";"1";3;48;2
"4112";"202100004112";12;"14:30";"1";"75";"2";"7";"1";6;48;2
"4113";"202100004113";11;"17:40";"5";"75";"2";"1";"3";6;48;2
"4114";"202100004114";12;"18:10";"5";"75";"2";"7";"2";2;48;2
"4115";"202100004115";12;"13:38";"1";"75";"2";"3";"1";2;48;2
"4116";"202100004116";12;"11:26";"1";"75";"2";"2";"1";6;48;2
"4117";"202100004117";12;"00:10";"5";"75";"2";"4";"1";2;48;2
"4118";"202100004118";12;"17:52";"4";"75";"2";"2";"8";6;48;2
"4119";"202100004119";12;"13:30";"1";"75";"2";"2";"8";6;48;2
"4120";"202100004120";12;"19:15";"5";"75";"2";"2";"8";3;48;2
"4121";"202100004121";12;"13:12";"1";"75";"2";"5";"1";3;48;2
"4122";"202100004122";12;"09:40";"1";"75";"2";"2";"1";3;48;2
"4123";"202100004123";12;"12:50";"1";"75";"2";"2";"1";3;48;2
"4124";"202100004124";12;"09:50";"1";"75";"2";"4";"8";3;48;2
"4125";"202100004125";12;"23:20";"5";"94";"2";"2";"1";1;48;2
"4126";"202100004126";12;"19:25";"5";"94";"2";"1";"1";3;48;2
"4127";"202100004127";12;"14:15";"1";"94";"2";"2";"1";3;48;2
"4128";"202100004128";12;"14:30";"1";"94";"2";"9";"1";6;48;2
"4129";"202100004129";12;"16:00";"2";"94";"2";"6";"1";3;48;2
"4130";"202100004130";12;"10:20";"1";"94";"2";"1";"8";2;48;2
"4131";"202100004131";12;"09:50";"1";"93";"2";"1";"7";6;48;2
"4132";"202100004132";12;"09:00";"1";"93";"2";"9";"2";3;48;2
"4133";"202100004133";12;"11:00";"1";"93";"2";"2";"1";3;48;2
"4134";"202100004134";12;"19:40";"5";"93";"2";"1";"2";6;48;2
"4135";"202100004135";12;"18:15";"5";"93";"2";"3";"2";6;48;2
"4136";"202100004136";12;"09:50";"1";"92";"2";"6";"7";6;48;2
"4137";"202100004137";12;"00:48";"5";"92";"2";"2";"8";3;48;2
"4138";"202100004138";12;"20:10";"5";"92";"2";"1";"2";6;48;2
"4139";"202100004139";12;"13:10";"1";"92";"2";"1";"1";6;48;2
"4140";"202100004140";12;"21:35";"3";"44";"2";"1";"8";6;47;-1
"4141";"202100004141";12;"07:01";"3";"52";"1";"1";"1";7;48;4
"4142";"202100004142";12;"14:00";"1";"17";"1";"3";"2";3;46;-1
"4143";"202100004143";12;"10:45";"1";"42";"1";"3";"1";1;45;3
"4144";"202100004144";12;"07:52";"1";"28";"1";"2";"1";3;48;1
"4145";"202100004145";12;"09:30";"1";"68";"1";"3";"1";3;48;7
"4146";"202100004146";12;"07:45";"2";"35";"1";"1";"1";2;48;-1
"4147";"202100004147";12;"13:30";"1";"15";"1";"1";"7";3;45;3
"4148";"202100004148";12;"15:00";"1";"66";"1";"1";"1";6;42;2
"4149";"202100004149";12;"18:00";"3";"62";"2";"1";"8";6;50;2
"4150";"202100004150";12;"17:00";"3";"51";"1";"1";"2";4;49;3
"4151";"202100004151";12;"10:38";"1";"51";"1";"6";"8";1;49;3
"4152";"202100004152";12;"07:58";"2";"51";"1";"1";"8";1;49;3
"4153";"202100004153";12;"16:40";"2";"19";"1";"1";"4";7;45;1
"4154";"202100004154";12;"07:30";"3";"56";"1";"1";"2";6;47;-3
"4155";"202100004155";12;"12:45";"1";"56";"1";"2";"2";3;47;-2
"4156";"202100004156";12;"18:00";"5";"2B";"2";"1";"2";6;42;9
"4157";"202100004157";12;"08:00";"2";"80";"1";"1";"2";7;50;1
"4158";"202100004158";12;"08:00";"2";"81";"1";"1";"2";6;44;1
"4159";"202100004159";12;"07:55";"1";"89";"1";"1";"9";3;47;3
"4160";"202100004160";12;"16:25";"1";"42";"2";"1";"2";6;45;4
"4161";"202100004161";11;"18:00";"2";"31";"1";"1";"1";6;43;1
"4162";"202100004162";11;"00:15";"3";"72";"1";"1";"1";7;48;0
"4163";"202100004163";12;"12:00";"1";"06";"1";"1";"1";1;43;7
"4164";"202100004164";12;"22:45";"3";"14";"1";"1";"1";6;49;0
"4165";"202100004165";12;"19:10";"3";"60";"1";"1";"2";6;49;2
"4166";"202100004166";12;"11:30";"1";"60";"1";"1";"1";7;49;2
"4167";"202100004167";12;"18:45";"3";"60";"2";"1";"5";2;49;1
"4168";"202100004168";12;"13:30";"1";"40";"1";"1";"3";6;43;0
"4169";"202100004169";11;"13:30";"1";"40";"1";"1";"1";1;43;-1
"4170";"202100004170";12;"07:20";"3";"27";"1";"1";"8";7;48;0
"4171";"202100004171";12;"07:05";"3";"37";"1";"1";"9";6;47;0
"4172";"202100004172";12;"11:15";"1";"95";"2";"1";"1";3;49;2
"4173";"202100004173";12;"11:10";"1";"35";"1";"1";"1";1;47;-1
"4174";"202100004174";12;"17:10";"1";"987";"2";"9";"1";3;-17;-149
"4175";"202100004175";12;"05:45";"3";"17";"1";"1";"9";1;45;0
"4176";"202100004176";12;"06:15";"3";"34";"1";"1";"1";2;43;3
"4177";"202100004177";12;"18:00";"1";"976";"2";"1";"1";6;-12;45
"4178";"202100004178";12;"04:00";"3";"977";"2";"1";"1";1;17;-62
"4179";"202100004179";12;"00:40";"3";"18";"2";"1";"1";6;46;2
"4180";"202100004180";12;"23:15";"3";"34";"2";"6";"2";7;43;3
"4181";"202100004181";12;"07:00";"2";"84";"1";"1";"9";6;43;5
"4182";"202100004182";12;"12:25";"1";"83";"1";"1";"1";1;43;6
"4183";"202100004183";12;"07:15";"2";"13";"1";"1";"1";3;43;5
"4184";"202100004184";12;"07:30";"2";"10";"1";"1";"1";7;48;4
"4185";"202100004185";12;"16:15";"2";"42";"2";"9";"2";1;45;4
"4186";"202100004186";12;"11:55";"1";"26";"2";"1";"1";3;44;5
"4187";"202100004187";12;"03:00";"3";"46";"1";"1";"2";6;44;1
"4188";"202100004188";12;"21:50";"3";"33";"1";"6";"3";1;44;0
"4189";"202100004189";12;"05:50";"3";"14";"1";"1";"9";2;48;0
"4190";"202100004190";12;"09:00";"1";"76";"1";"1";"1";1;49;0
"4191";"202100004191";12;"12:50";"1";"62";"1";"1";"4";6;50;1
"4192";"202100004192";12;"13:45";"1";"13";"1";"1";"1";2;43;5
"4193";"202100004193";12;"07:45";"2";"13";"1";"1";"2";3;43;5
"4194";"202100004194";12;"17:45";"3";"67";"1";"1";"1";4;48;7
"4195";"202100004195";12;"14:56";"1";"33";"1";"1";"3";5;44;0
"4196";"202100004196";12;"10:25";"1";"33";"1";"1";"2";6;44;0
"4197";"202100004197";12;"08:50";"1";"33";"1";"1";"2";6;44;0
"4198";"202100004198";12;"05:35";"5";"59";"1";"1";"1";7;50;3
"4199";"202100004199";12;"18:00";"4";"59";"1";"1";"2";2;50;3
"4200";"202100004200";12;"14:10";"1";"59";"1";"1";"1";2;50;3
"4201";"202100004201";12;"02:55";"3";"59";"1";"1";"2";2;50;3
"4202";"202100004202";12;"18:10";"3";"91";"1";"1";"1";4;48;2
"4203";"202100004203";12;"16:30";"1";"92";"1";"1";"1";5;48;2
"4204";"202100004204";12;"11:05";"1";"92";"1";"1";"1";2;48;2
"4205";"202100004205";12;"07:25";"5";"78";"1";"1";"2";2;48;2
"4206";"202100004206";12;"23:10";"3";"93";"1";"1";"3";6;48;2
"4207";"202100004207";12;"01:28";"3";"95";"1";"9";"2";6;49;2
"4208";"202100004208";12;"19:45";"5";"94";"1";"1";"1";4;48;2
"4209";"202100004209";12;"01:00";"3";"77";"1";"9";"1";2;48;2
"4210";"202100004210";4;"13:20";"1";"62";"2";"1";"1";3;50;1
"4211";"202100004211";12;"19:20";"5";"32";"2";"1";"8";7;43;0
"4212";"202100004212";12;"12:42";"1";"44";"2";"1";"2";7;47;-1
"4213";"202100004213";12;"09:45";"1";"06";"2";"1";"1";6;43;7
"4214";"202100004214";12;"17:00";"2";"91";"2";"1";"2";6;48;2
"4215";"202100004215";12;"10:55";"1";"976";"2";"1";"1";3;-12;45
"4216";"202100004216";12;"21:30";"3";"974";"2";"1";"1";5;-20;55
"4217";"202100004217";12;"17:30";"5";"69";"2";"2";"1";3;45;4
"4218";"202100004218";12;"07:00";"5";"69";"2";"1";"2";6;45;4
"4219";"202100004219";12;"22:10";"5";"972";"1";"9";"1";2;14;-61
"4220";"202100004220";12;"09:15";"1";"69";"2";"1";"8";2;45;4
"4221";"202100004221";12;"00:55";"4";"95";"1";"1";"8";3;48;2
"4222";"202100004222";12;"15:15";"1";"91";"2";"9";"2";2;48;2
"4223";"202100004223";12;"19:10";"1";"87";"2";"3";"2";3;45;1
"4224";"202100004224";12;"07:37";"2";"86";"1";"1";"1";1;46;0
"4225";"202100004225";12;"08:58";"1";"86";"2";"1";"1";6;46;0
"4226";"202100004226";12;"18:15";"5";"80";"2";"1";"1";3;49;2
"4227";"202100004227";12;"19:20";"5";"80";"2";"1";"1";2;49;2
"4228";"202100004228";12;"18:25";"5";"80";"2";"1";"2";3;49;2
"4229";"202100004229";12;"06:35";"5";"79";"2";"1";"8";7;46;0
"4230";"202100004230";12;"09:00";"1";"77";"2";"2";"8";3;48;2
"4231";"202100004231";12;"07:50";"5";"76";"2";"2";"2";6;49;1
"4232";"202100004232";12;"19:25";"5";"76";"2";"1";"3";6;49;0
"4233";"202100004233";12;"21:15";"5";"76";"2";"6";"3";3;49;0
"4234";"202100004234";12;"19:40";"5";"76";"2";"1";"2";6;49;0
"4235";"202100004235";12;"22:30";"5";"76";"2";"1";"3";6;49;0
"4236";"202100004236";12;"10:20";"1";"72";"2";"9";"2";3;47;0
"4237";"202100004237";12;"00:25";"3";"71";"1";"1";"1";2;46;4
"4238";"202100004238";12;"16:10";"2";"67";"2";"3";"8";3;48;7
"4239";"202100004239";12;"03:40";"5";"66";"2";"3";"1";3;42;2
"4240";"202100004240";12;"21:50";"5";"66";"2";"6";"1";6;42;2
"4241";"202100004241";12;"16:15";"1";"64";"2";"1";"1";6;43;-1
"4242";"202100004242";12;"17:45";"1";"63";"2";"3";"1";6;45;3
"4243";"202100004243";12;"19:30";"5";"63";"2";"2";"1";6;45;3
"4244";"202100004244";12;"05:21";"5";"63";"2";"1";"1";6;45;3
"4245";"202100004245";7;"09:45";"1";"62";"1";"1";"2";1;50;2
"4246";"202100004246";12;"09:30";"1";"59";"2";"1";"1";1;50;3
"4247";"202100004247";12;"23:30";"5";"55";"2";"1";"2";1;48;5
"4248";"202100004248";12;"06:18";"5";"54";"2";"2";"1";6;48;6
"4249";"202100004249";12;"18:20";"5";"52";"2";"1";"2";3;48;4
"4250";"202100004250";12;"18:35";"5";"51";"2";"1";"2";2;49;4
"4251";"202100004251";12;"17:35";"5";"51";"2";"1";"2";7;49;4
"4252";"202100004252";12;"17:10";"5";"51";"2";"1";"1";3;49;4
"4253";"202100004253";12;"11:44";"1";"51";"2";"2";"1";7;49;4
"4254";"202100004254";12;"13:00";"1";"50";"2";"2";"2";1;49;-1
"4255";"202100004255";12;"13:55";"1";"45";"2";"1";"1";3;47;1
"4256";"202100004256";12;"09:05";"1";"45";"1";"1";"2";2;47;1
"4257";"202100004257";11;"11:50";"1";"42";"2";"4";"2";5;45;4
"4258";"202100004258";11;"10:00";"1";"42";"2";"1";"4";6;45;4
"4259";"202100004259";12;"21:05";"5";"41";"2";"1";"1";1;47;1
"4260";"202100004260";11;"03:10";"5";"38";"2";"3";"1";3;45;5
"4261";"202100004261";12;"18:30";"5";"37";"2";"2";"2";6;47;0
"4262";"202100004262";12;"16:55";"5";"37";"2";"1";"2";6;47;0
"4263";"202100004263";12;"15:30";"1";"35";"1";"1";"1";7;48;-1
"4264";"202100004264";12;"10:50";"1";"35";"2";"1";"2";6;48;-1
"4265";"202100004265";12;"06:30";"3";"34";"1";"1";"1";6;43;3
"4266";"202100004266";12;"11:00";"1";"33";"2";"1";"1";6;44;0
"4267";"202100004267";12;"07:45";"2";"33";"2";"3";"1";3;44;0
"4268";"202100004268";12;"12:10";"1";"31";"2";"1";"8";6;43;1
"4269";"202100004269";12;"23:30";"3";"29";"2";"2";"1";6;47;-4
"4270";"202100004270";12;"13:45";"1";"27";"2";"6";"1";3;49;1
"4271";"202100004271";12;"16:40";"5";"27";"2";"6";"2";6;49;1
"4272";"202100004272";11;"08:30";"1";"26";"2";"3";"1";6;44;4
"4273";"202100004273";12;"09:30";"1";"22";"2";"6";"2";3;48;-2
"4274";"202100004274";12;"19:20";"3";"17";"1";"1";"1";6;45;0
"4275";"202100004275";12;"19:00";"5";"17";"2";"9";"2";6;46;-1
"4276";"202100004276";12;"21:35";"5";"14";"2";"1";"8";7;49;0
"4277";"202100004277";12;"15:50";"1";"14";"1";"1";"8";1;49;0
"4278";"202100004278";12;"22:05";"5";"13";"2";"1";"1";3;43;5
"4279";"202100004279";12;"14:15";"1";"13";"2";"2";"1";3;43;5
"4280";"202100004280";12;"13:45";"1";"13";"2";"3";"1";1;43;5
"4281";"202100004281";12;"18:45";"5";"06";"2";"9";"1";5;43;6
"4282";"202100004282";12;"14:00";"1";"06";"2";"1";"1";6;43;7
"4283";"202100004283";12;"14:15";"1";"05";"1";"1";"1";7;44;6
"4284";"202100004284";12;"23:42";"5";"75";"2";"2";"1";4;48;2
"4285";"202100004285";12;"07:00";"5";"75";"2";"3";"1";2;48;2
"4286";"202100004286";12;"17:30";"5";"75";"2";"2";"2";2;48;2
"4287";"202100004287";12;"07:50";"5";"75";"2";"3";"1";2;48;2
"4288";"202100004288";12;"18:05";"3";"75";"2";"2";"2";6;48;2
"4289";"202100004289";12;"09:15";"1";"75";"2";"3";"8";6;48;2
"4290";"202100004290";12;"15:20";"1";"75";"2";"2";"2";2;48;2
"4291";"202100004291";12;"00:01";"3";"75";"2";"3";"1";6;48;2
"4292";"202100004292";12;"15:30";"1";"75";"2";"3";"1";7;48;2
"4293";"202100004293";12;"12:00";"1";"75";"2";"2";"1";2;48;2
"4294";"202100004294";12;"12:15";"1";"75";"2";"1";"1";3;48;2
"4295";"202100004295";12;"06:00";"5";"75";"2";"1";"2";3;48;2
"4296";"202100004296";12;"18:35";"5";"75";"2";"7";"2";3;48;2
"4297";"202100004297";12;"14:16";"1";"75";"2";"7";"1";1;48;2
"4298";"202100004298";12;"18:50";"5";"75";"2";"7";"2";7;48;2
"4299";"202100004299";12;"16:24";"1";"75";"2";"7";"2";3;48;2
"4300";"202100004300";12;"03:15";"5";"94";"2";"1";"8";6;48;2
"4301";"202100004301";12;"17:45";"5";"94";"2";"1";"3";6;48;2
"4302";"202100004302";12;"07:13";"5";"94";"2";"1";"2";7;48;2
"4303";"202100004303";12;"12:30";"1";"94";"2";"1";"1";3;48;2
"4304";"202100004304";12;"19:20";"5";"94";"2";"3";"2";3;48;2
"4305";"202100004305";12;"19:20";"5";"93";"2";"1";"2";2;48;2
"4306";"202100004306";12;"11:45";"1";"93";"2";"1";"2";1;48;2
"4307";"202100004307";12;"19:40";"5";"93";"2";"1";"2";6;48;2
"4308";"202100004308";12;"13:25";"1";"93";"2";"3";"8";3;48;2
"4309";"202100004309";12;"17:45";"5";"93";"2";"1";"2";6;48;2
"4310";"202100004310";12;"17:50";"5";"93";"2";"4";"2";5;48;2
"4311";"202100004311";12;"19:15";"5";"93";"2";"6";"2";1;48;2
"4312";"202100004312";12;"13:20";"1";"92";"2";"1";"2";6;48;2
"4313";"202100004313";12;"21:15";"5";"92";"2";"1";"1";6;48;2
"4314";"202100004314";12;"18:45";"5";"92";"2";"1";"2";6;48;2
"4315";"202100004315";12;"18:10";"3";"49";"1";"2";"3";3;47;-1
"4316";"202100004316";12;"10:11";"1";"68";"2";"1";"2";7;47;7
"4317";"202100004317";12;"22:30";"3";"974";"2";"1";"1";7;-21;55
"4318";"202100004318";12;"07:20";"1";"972";"2";"9";"1";1;14;-61
"4319";"202100004319";12;"16:20";"1";"83";"2";"1";"8";6;43;6
"4320";"202100004320";12;"17:15";"3";"60";"1";"1";"2";1;49;2
"4321";"202100004321";12;"10:00";"1";"19";"1";"3";"1";3;45;2
"4322";"202100004322";12;"11:20";"1";"65";"1";"1";"1";3;42;0
"4323";"202100004323";12;"18:45";"3";"81";"1";"1";"2";6;44;2
"4324";"202100004324";12;"07:23";"3";"49";"1";"1";"1";6;47;0
"4325";"202100004325";12;"16:20";"1";"86";"1";"9";"2";3;46;0
"4326";"202100004326";12;"08:00";"3";"22";"1";"1";"4";2;48;-3
"4327";"202100004327";12;"08:45";"1";"66";"2";"1";"1";6;42;2
"4328";"202100004328";12;"09:30";"1";"72";"2";"1";"1";6;48;0
"4329";"202100004329";12;"08:00";"2";"72";"1";"3";"1";5;48;0
"4330";"202100004330";11;"07:30";"1";"06";"2";"1";"1";2;43;7
"4331";"202100004331";12;"10:05";"1";"05";"1";"1";"4";1;44;6
"4332";"202100004332";12;"07:00";"3";"60";"1";"1";"9";2;49;1
"4333";"202100004333";12;"17:00";"2";"18";"2";"2";"3";3;46;2
"4334";"202100004334";12;"13:30";"1";"36";"1";"1";"1";7;46;1
"4335";"202100004335";12;"08:10";"1";"16";"2";"1";"1";6;45;0
"4336";"202100004336";12;"19:45";"5";"21";"2";"1";"8";6;47;4
"4337";"202100004337";12;"11:45";"1";"85";"1";"2";"3";3;46;-1
"4338";"202100004338";12;"10:05";"1";"27";"2";"3";"8";3;49;1
"4339";"202100004339";12;"17:05";"2";"37";"2";"1";"3";6;47;0
"4340";"202100004340";12;"05:24";"3";"53";"1";"1";"9";1;47;0
"4341";"202100004341";12;"18:50";"3";"31";"1";"1";"2";4;43;1
"4342";"202100004342";12;"19:15";"3";"01";"1";"1";"8";2;46;5
"4343";"202100004343";12;"15:30";"1";"06";"1";"1";"1";2;43;7
"4344";"202100004344";10;"20:05";"3";"68";"2";"3";"1";6;47;7
"4345";"202100004345";11;"15:00";"1";"988";"1";"1";"1";1;-22;166
"4346";"202100004346";12;"08:35";"1";"13";"1";"1";"2";1;43;5
"4347";"202100004347";11;"21:05";"4";"77";"2";"1";"5";6;48;2
"4348";"202100004348";12;"18:05";"5";"95";"2";"1";"2";6;49;2
"4349";"202100004349";12;"15:20";"1";"2A";"1";"1";"2";1;41;9
"4350";"202100004350";12;"17:35";"5";"89";"2";"1";"1";2;47;3
"4351";"202100004351";12;"17:50";"3";"71";"2";"3";"2";7;46;3
"4352";"202100004352";12;"09:18";"1";"68";"2";"3";"1";6;48;7
"4353";"202100004353";12;"17:30";"3";"67";"1";"1";"1";4;48;7
"4354";"202100004354";12;"02:30";"3";"55";"1";"1";"2";6;48;5
"4355";"202100004355";12;"18:15";"3";"54";"1";"1";"2";5;48;6
"4356";"202100004356";12;"07:35";"2";"42";"2";"4";"1";6;45;4
"4357";"202100004357";12;"12:30";"1";"01";"2";"1";"2";3;45;5
"4358";"202100004358";11;"07:50";"2";"47";"2";"3";"1";6;44;0
"4359";"202100004359";12;"18:35";"3";"40";"1";"1";"2";7;43;-1
"4360";"202100004360";11;"06:45";"5";"44";"2";"1";"1";6;47;-1
"4361";"202100004361";12;"17:15";"5";"60";"2";"7";"1";6;49;2
"4362";"202100004362";10;"21:00";"3";"59";"1";"1";"1";2;50;3
"4363";"202100004363";12;"19:42";"5";"13";"1";"1";"1";5;43;5
"4364";"202100004364";12;"18:00";"1";"13";"1";"1";"1";3;43;5
"4365";"202100004365";12;"14:40";"1";"13";"1";"1";"1";2;43;5
"4366";"202100004366";11;"21:55";"3";"57";"1";"1";"8";6;49;6
"4367";"202100004367";12;"18:45";"3";"54";"1";"1";"3";6;48;6
"4368";"202100004368";12;"02:30";"5";"33";"1";"1";"2";6;44;0
"4369";"202100004369";12;"14:40";"1";"59";"1";"1";"1";6;50;3
"4370";"202100004370";12;"23:00";"5";"94";"1";"9";"1";2;48;2
"4371";"202100004371";12;"22:00";"3";"94";"1";"1";"8";1;48;2
"4372";"202100004372";12;"19:48";"5";"92";"1";"1";"2";7;48;2
"4373";"202100004373";12;"09:50";"1";"92";"1";"1";"1";3;48;2
"4374";"202100004374";12;"09:15";"1";"78";"1";"1";"8";2;48;2
"4375";"202100004375";12;"08:20";"1";"92";"1";"1";"1";3;48;2
"4376";"202100004376";12;"14:20";"1";"93";"1";"1";"8";4;48;2
"4377";"202100004377";12;"09:55";"1";"95";"1";"1";"1";6;48;2
"4378";"202100004378";12;"09:00";"2";"93";"1";"1";"1";3;48;2
"4379";"202100004379";12;"04:04";"3";"93";"1";"1";"1";6;48;2
"4380";"202100004380";12;"19:05";"5";"93";"1";"1";"2";3;48;2
"4381";"202100004381";12;"14:45";"1";"95";"1";"1";"1";3;48;2
"4382";"202100004382";12;"20:30";"5";"94";"1";"1";"2";4;48;2
"4383";"202100004383";12;"19:05";"5";"94";"1";"1";"2";2;48;2
"4384";"202100004384";12;"19:00";"3";"94";"1";"1";"2";4;48;2
"4385";"202100004385";12;"17:30";"2";"77";"1";"1";"2";2;48;2
"4386";"202100004386";12;"09:00";"1";"77";"1";"1";"1";2;48;2
"4387";"202100004387";12;"07:25";"3";"94";"1";"1";"1";3;48;2
"4388";"202100004388";12;"13:20";"1";"94";"1";"1";"1";3;48;2
"4389";"202100004389";12;"10:10";"1";"94";"1";"1";"7";2;48;2
"4390";"202100004390";12;"10:00";"1";"94";"1";"1";"2";4;48;2
"4391";"202100004391";12;"23:40";"3";"94";"1";"1";"2";7;48;2
"4392";"202100004392";8;"18:00";"1";"14";"2";"1";"1";7;49;0
"4393";"202100004393";12;"13:40";"1";"94";"2";"9";"8";3;48;2
"4394";"202100004394";12;"08:20";"1";"75";"2";"1";"8";7;48;2
"4395";"202100004395";12;"03:30";"5";"75";"2";"1";"1";2;48;2
"4396";"202100004396";12;"17:40";"5";"75";"2";"4";"1";6;48;2
"4397";"202100004397";12;"08:40";"1";"75";"2";"1";"1";3;48;2
"4398";"202100004398";12;"19:00";"5";"75";"2";"2";"1";6;48;2
"4399";"202100004399";12;"18:40";"5";"75";"2";"1";"2";6;48;2
"4400";"202100004400";12;"06:27";"4";"75";"2";"3";"1";6;48;2
"4401";"202100004401";12;"09:20";"1";"75";"2";"1";"1";2;48;2
"4402";"202100004402";12;"07:56";"2";"75";"2";"7";"1";6;48;2