"";"Num_Acc";"mois";"hrmn";"lum";"dep";"agg";"int";"atm";"col";"lat";"long"
"4403";"202100004403";12;"17:15";"5";"75";"2";"1";"2";6;48;2
"4404";"202100004404";12;"14:45";"1";"75";"2";"1";"1";2;48;2
"4405";"202100004405";12;"11:45";"1";"75";"2";"2";"8";6;48;2
"4406";"202100004406";12;"07:30";"5";"75";"2";"3";"1";3;48;2
"4407";"202100004407";12;"08:00";"5";"75";"2";"1";"2";4;48;2
"4408";"202100004408";12;"02:05";"5";"75";"2";"7";"1";3;48;2
"4409";"202100004409";12;"19:25";"5";"94";"2";"1";"1";6;48;2
"4410";"202100004410";12;"15:40";"2";"94";"2";"1";"3";1;48;2
"4411";"202100004411";12;"07:30";"1";"94";"2";"2";"8";1;48;2
"4412";"202100004412";12;"06:45";"5";"94";"2";"3";"2";3;48;2
"4413";"202100004413";12;"06:55";"5";"94";"2";"1";"2";6;48;2
"4414";"202100004414";12;"18:30";"5";"94";"2";"1";"1";3;48;2
"4415";"202100004415";12;"13:15";"1";"94";"2";"1";"2";6;48;2
"4416";"202100004416";12;"13:15";"1";"94";"2";"1";"8";6;48;2
"4417";"202100004417";12;"18:50";"5";"93";"2";"7";"2";6;48;2
"4418";"202100004418";12;"17:41";"5";"93";"2";"1";"8";3;48;2
"4419";"202100004419";12;"18:30";"5";"93";"2";"2";"2";3;48;2
"4420";"202100004420";12;"11:50";"1";"93";"2";"1";"8";3;48;2
"4421";"202100004421";12;"17:20";"5";"93";"2";"9";"2";3;48;2
"4422";"202100004422";12;"16:45";"1";"93";"2";"1";"2";6;48;2
"4423";"202100004423";12;"08:05";"1";"93";"2";"1";"1";2;48;2
"4424";"202100004424";12;"08:30";"1";"93";"2";"8";"2";1;48;2
"4425";"202100004425";12;"14:20";"1";"92";"2";"1";"1";3;48;2
"4426";"202100004426";12;"09:35";"1";"92";"2";"3";"1";3;48;2
"4427";"202100004427";12;"15:30";"1";"92";"2";"3";"2";3;48;2
"4428";"202100004428";12;"19:00";"5";"92";"2";"3";"2";6;48;2
"4429";"202100004429";12;"10:42";"1";"92";"2";"7";"1";6;48;2
"4430";"202100004430";12;"21:30";"5";"92";"2";"1";"1";3;48;2
"4431";"202100004431";12;"08:45";"1";"62";"1";"1";"1";6;50;2
"4432";"202100004432";12;"08:48";"1";"68";"1";"9";"9";3;47;7
"4433";"202100004433";12;"23:25";"3";"71";"1";"1";"3";6;46;4
"4434";"202100004434";12;"20:15";"5";"34";"1";"1";"1";3;43;3
"4435";"202100004435";12;"18:00";"5";"62";"1";"1";"2";2;50;1
"4436";"202100004436";10;"12:05";"1";"66";"1";"1";"2";1;42;2
"4437";"202100004437";12;"18:20";"3";"57";"1";"1";"2";3;49;6
"4438";"202100004438";12;"07:50";"2";"56";"1";"1";"1";4;47;-3
"4439";"202100004439";12;"19:30";"5";"32";"2";"1";"2";1;43;0
"4440";"202100004440";12;"17:45";"3";"49";"2";"1";"2";1;47;0
"4441";"202100004441";12;"14:30";"1";"49";"1";"1";"3";7;47;0
"4442";"202100004442";12;"13:55";"1";"39";"2";"6";"1";3;47;5
"4443";"202100004443";12;"05:50";"3";"44";"1";"1";"1";6;47;-1
"4444";"202100004444";8;"19:30";"1";"29";"1";"4";"1";1;47;-4
"4445";"202100004445";12;"17:15";"2";"03";"2";"1";"2";3;46;3
"4446";"202100004446";12;"11:15";"1";"03";"1";"1";"2";6;46;2
"4447";"202100004447";12;"20:10";"3";"66";"1";"1";"1";7;42;2
"4448";"202100004448";12;"11:20";"1";"06";"2";"4";"1";3;43;7
"4449";"202100004449";12;"10:10";"1";"06";"2";"1";"1";2;43;7
"4450";"202100004450";12;"18:45";"3";"83";"1";"3";"1";3;43;6
"4451";"202100004451";12;"11:00";"1";"09";"1";"1";"8";7;43;1
"4452";"202100004452";12;"03:30";"3";"36";"1";"1";"8";6;46;1
"4453";"202100004453";12;"22:30";"3";"40";"1";"1";"3";6;43;-1
"4454";"202100004454";12;"18:25";"3";"37";"1";"2";"4";1;47;0
"4455";"202100004455";12;"10:30";"1";"42";"1";"1";"1";1;45;3
"4456";"202100004456";12;"08:15";"2";"76";"1";"1";"1";3;49;1
"4457";"202100004457";12;"17:20";"2";"51";"1";"1";"1";3;48;4
"4458";"202100004458";11;"11:15";"1";"34";"2";"6";"1";7;43;3
"4459";"202100004459";5;"18:00";"1";"34";"1";"1";"1";3;43;3
"4460";"202100004460";12;"21:55";"3";"971";"1";"1";"1";7;15;-61
"4461";"202100004461";12;"16:45";"2";"66";"1";"1";"1";1;42;2
"4462";"202100004462";11;"07:30";"1";"30";"1";"6";"1";6;43;4
"4463";"202100004463";12;"21:20";"3";"83";"1";"1";"1";1;43;6
"4464";"202100004464";12;"13:10";"1";"05";"1";"1";"1";7;44;5
"4465";"202100004465";12;"09:15";"1";"13";"1";"3";"1";3;43;4
"4466";"202100004466";12;"05:30";"3";"68";"1";"1";"9";6;47;7
"4467";"202100004467";12;"18:00";"3";"26";"1";"1";"2";1;45;4
"4468";"202100004468";12;"03:15";"3";"72";"1";"1";"2";7;47;0
"4469";"202100004469";12;"15:35";"1";"62";"1";"1";"3";6;50;1
"4470";"202100004470";12;"08:30";"1";"59";"1";"1";"1";3;50;3
"4471";"202100004471";12;"21:07";"3";"13";"1";"1";"2";6;43;5
"4472";"202100004472";12;"17:40";"2";"83";"1";"1";"1";5;43;5
"4473";"202100004473";12;"07:30";"3";"57";"1";"1";"8";2;49;6
"4474";"202100004474";12;"20:30";"5";"33";"1";"1";"3";6;44;0
"4475";"202100004475";12;"11:00";"1";"33";"1";"1";"1";2;44;0
"4476";"202100004476";12;"16:07";"1";"33";"1";"1";"2";4;44;0
"4477";"202100004477";12;"00:45";"4";"33";"1";"1";"1";7;44;0
"4478";"202100004478";12;"10:40";"1";"91";"1";"1";"1";2;48;2
"4479";"202100004479";12;"08:09";"1";"91";"1";"1";"8";3;48;2
"4480";"202100004480";12;"18:00";"5";"92";"1";"1";"2";2;48;2
"4481";"202100004481";12;"07:55";"1";"78";"1";"1";"1";3;48;2
"4482";"202100004482";12;"01:11";"5";"92";"1";"1";"8";5;48;2
"4483";"202100004483";12;"08:30";"2";"93";"1";"1";"2";7;48;2
"4484";"202100004484";12;"22:55";"3";"95";"1";"1";"2";6;49;2
"4485";"202100004485";12;"22:30";"3";"95";"1";"1";"2";6;49;2
"4486";"202100004486";12;"22:00";"3";"95";"1";"1";"2";4;48;2
"4487";"202100004487";12;"02:15";"4";"95";"1";"1";"8";6;49;2
"4488";"202100004488";12;"21:35";"3";"94";"1";"1";"2";6;48;2
"4489";"202100004489";12;"09:30";"1";"77";"1";"1";"9";2;48;2
"4490";"202100004490";12;"09:00";"1";"77";"1";"1";"1";2;48;2
"4491";"202100004491";12;"08:00";"2";"77";"1";"1";"2";6;48;2
"4492";"202100004492";12;"18:55";"3";"77";"1";"1";"3";6;48;2
"4493";"202100004493";2;"09:45";"1";"62";"2";"3";"1";3;50;1
"4494";"202100004494";7;"11:20";"1";"74";"1";"1";"1";6;46;6
"4495";"202100004495";7;"15:35";"1";"74";"2";"3";"1";3;46;6
"4496";"202100004496";9;"17:00";"1";"74";"2";"2";"1";3;45;6
"4497";"202100004497";9;"10:45";"1";"74";"2";"9";"1";6;45;6
"4498";"202100004498";8;"18:15";"1";"74";"2";"6";"1";3;46;6
"4499";"202100004499";9;"15:00";"1";"95";"1";"1";"1";6;48;2
"4500";"202100004500";12;"15:25";"1";"69";"2";"3";"1";6;45;4
"4501";"202100004501";12;"00:13";"5";"973";"2";"1";"2";6;4;-52
"4502";"202100004502";6;"23:10";"3";"13";"2";"1";"1";6;43;4
"4503";"202100004503";12;"03:30";"3";"974";"1";"1";"1";7;-20;55
"4504";"202100004504";12;"18:14";"1";"973";"2";"3";"2";3;4;-52
"4505";"202100004505";12;"23:00";"5";"69";"2";"2";"2";6;45;4
"4506";"202100004506";12;"16:35";"2";"69";"2";"3";"1";6;45;4
"4507";"202100004507";12;"12:00";"1";"69";"2";"1";"2";6;45;4
"4508";"202100004508";12;"14:00";"1";"69";"2";"1";"1";2;45;4
"4509";"202100004509";12;"19:25";"3";"972";"2";"1";"2";6;14;-61
"4510";"202100004510";12;"12:30";"1";"972";"1";"1";"1";6;14;-61
"4511";"202100004511";12;"13:29";"1";"972";"1";"3";"1";3;14;-61
"4512";"202100004512";12;"07:05";"5";"69";"2";"2";"3";6;45;4
"4513";"202100004513";12;"10:10";"1";"95";"2";"2";"1";3;48;2
"4514";"202100004514";12;"19:20";"5";"91";"2";"1";"2";6;48;2
"4515";"202100004515";12;"06:40";"3";"78";"1";"4";"2";7;49;1
"4516";"202100004516";12;"08:15";"1";"77";"1";"6";"2";3;48;2
"4517";"202100004517";12;"18:22";"5";"71";"2";"1";"3";6;46;4
"4518";"202100004518";12;"08:30";"2";"60";"2";"1";"2";7;49;2
"4519";"202100004519";12;"01:10";"5";"59";"2";"9";"8";1;50;3
"4520";"202100004520";12;"13:08";"1";"59";"2";"9";"9";6;51;2
"4521";"202100004521";12;"13:26";"1";"51";"2";"1";"2";6;49;4
"4522";"202100004522";12;"11:00";"1";"37";"1";"1";"2";6;47;0
"4523";"202100004523";12;"14:50";"1";"35";"1";"1";"1";4;48;-1
"4524";"202100004524";12;"10:15";"1";"31";"1";"1";"1";6;43;1
"4525";"202100004525";12;"21:55";"5";"14";"2";"1";"1";2;49;0
"4526";"202100004526";12;"15:30";"1";"13";"2";"1";"2";4;43;5
"4527";"202100004527";12;"13:50";"1";"13";"2";"1";"1";1;43;5
"4528";"202100004528";12;"00:51";"5";"13";"2";"2";"1";1;43;5
"4529";"202100004529";12;"07:00";"3";"07";"1";"1";"8";6;44;4
"4530";"202100004530";12;"19:30";"3";"06";"1";"1";"1";6;43;6
"4531";"202100004531";12;"15:29";"1";"06";"2";"4";"1";6;43;7
"4532";"202100004532";12;"16:00";"1";"75";"2";"2";"2";3;48;2
"4533";"202100004533";12;"06:00";"4";"75";"2";"2";"1";3;48;2
"4534";"202100004534";12;"19:40";"3";"75";"2";"2";"2";6;48;2
"4535";"202100004535";12;"20:00";"5";"75";"2";"3";"2";2;48;2
"4536";"202100004536";12;"12:30";"1";"75";"2";"7";"2";6;48;2
"4537";"202100004537";12;"21:35";"5";"75";"2";"3";"2";2;48;2
"4538";"202100004538";12;"12:50";"1";"75";"2";"1";"2";3;48;2
"4539";"202100004539";12;"13:15";"1";"75";"2";"2";"2";6;48;2
"4540";"202100004540";12;"00:05";"5";"75";"2";"1";"1";3;48;2
"4541";"202100004541";12;"11:00";"1";"75";"2";"2";"2";7;48;2
"4542";"202100004542";12;"19:55";"5";"75";"2";"7";"2";1;48;2
"4543";"202100004543";12;"16:00";"1";"75";"2";"4";"2";4;48;2
"4544";"202100004544";12;"02:45";"5";"75";"2";"2";"1";3;48;2
"4545";"202100004545";12;"19:31";"5";"75";"2";"4";"2";4;48;2
"4546";"202100004546";12;"08:45";"1";"75";"2";"4";"1";7;48;2
"4547";"202100004547";12;"04:35";"4";"94";"2";"9";"1";3;48;2
"4548";"202100004548";12;"21:33";"4";"94";"2";"1";"2";6;48;2
"4549";"202100004549";12;"11:05";"1";"94";"2";"6";"2";3;48;2
"4550";"202100004550";12;"18:20";"5";"94";"2";"2";"2";3;48;2
"4551";"202100004551";12;"17:40";"5";"93";"2";"9";"2";3;48;2
"4552";"202100004552";12;"21:30";"5";"93";"2";"9";"1";3;48;2
"4553";"202100004553";12;"21:50";"5";"93";"2";"1";"2";1;48;2
"4554";"202100004554";12;"14:50";"1";"93";"2";"1";"2";6;48;2
"4555";"202100004555";12;"12:50";"1";"93";"2";"2";"2";3;48;2
"4556";"202100004556";12;"00:30";"5";"93";"2";"1";"2";1;48;2
"4557";"202100004557";12;"14:30";"1";"93";"2";"1";"2";2;48;2
"4558";"202100004558";12;"00:00";"5";"93";"2";"3";"1";6;48;2
"4559";"202100004559";12;"20:00";"5";"93";"2";"1";"2";2;48;2
"4560";"202100004560";12;"00:25";"5";"93";"2";"1";"2";3;48;2
"4561";"202100004561";12;"16:55";"5";"92";"2";"1";"2";6;48;2
"4562";"202100004562";12;"13:00";"1";"92";"2";"3";"2";3;48;2
"4563";"202100004563";12;"19:00";"5";"92";"2";"1";"2";7;48;2
"4564";"202100004564";12;"21:10";"5";"92";"2";"1";"2";2;48;2
"4565";"202100004565";12;"16:40";"1";"60";"1";"1";"2";7;49;1
"4566";"202100004566";12;"16:10";"1";"974";"2";"1";"1";7;-21;55
"4567";"202100004567";12;"19:07";"2";"974";"1";"2";"1";1;-21;55
"4568";"202100004568";12;"19:24";"3";"74";"1";"1";"3";1;45;6
"4569";"202100004569";12;"18:15";"1";"974";"1";"1";"1";3;-21;55
"4570";"202100004570";12;"07:50";"2";"38";"1";"1";"5";1;45;5
"4571";"202100004571";12;"18:50";"3";"62";"1";"1";"2";1;50;3
"4572";"202100004572";12;"13:00";"1";"56";"1";"4";"1";3;47;-3
"4573";"202100004573";12;"17:30";"2";"63";"1";"3";"2";3;45;3
"4574";"202100004574";12;"16:15";"1";"61";"1";"1";"2";7;48;0
"4575";"202100004575";12;"17:05";"2";"68";"2";"3";"1";1;47;7
"4576";"202100004576";12;"07:40";"3";"44";"1";"1";"1";3;47;-2
"4577";"202100004577";12;"10:20";"1";"29";"2";"6";"2";3;47;-4
"4578";"202100004578";12;"18:40";"3";"70";"1";"1";"2";1;47;6
"4579";"202100004579";12;"14:00";"1";"70";"2";"1";"2";6;47;6
"4580";"202100004580";12;"18:10";"2";"58";"2";"9";"2";2;47;3
"4581";"202100004581";12;"08:00";"2";"58";"1";"1";"2";1;46;3
"4582";"202100004582";12;"20:20";"3";"72";"1";"2";"2";3;48;0
"4583";"202100004583";12;"20:20";"3";"73";"1";"1";"3";1;45;6
"4584";"202100004584";12;"23:00";"4";"10";"1";"1";"2";6;48;4
"4585";"202100004585";11;"13:22";"1";"36";"2";"6";"1";6;46;2
"4586";"202100004586";12;"05:30";"3";"40";"1";"1";"2";1;43;0
"4587";"202100004587";12;"01:00";"3";"04";"1";"1";"1";6;43;5
"4588";"202100004588";12;"06:30";"3";"28";"1";"1";"1";6;48;1
"4589";"202100004589";12;"12:33";"1";"37";"1";"6";"2";6;47;0
"4590";"202100004590";12;"15:40";"1";"64";"1";"9";"2";6;43;0
"4591";"202100004591";12;"00:30";"3";"45";"1";"1";"2";7;47;2
"4592";"202100004592";12;"17:45";"5";"45";"2";"1";"2";2;47;1
"4593";"202100004593";12;"05:15";"3";"77";"1";"1";"2";1;48;3
"4594";"202100004594";12;"08:30";"1";"77";"2";"1";"8";6;48;2
"4595";"202100004595";10;"15:20";"1";"66";"2";"1";"1";3;42;3
"4596";"202100004596";12;"18:45";"4";"13";"1";"1";"1";2;43;4
"4597";"202100004597";12;"19:00";"3";"13";"2";"3";"1";3;43;5
"4598";"202100004598";12;"20:00";"3";"68";"2";"4";"2";3;48;7
"4599";"202100004599";12;"22:35";"5";"88";"2";"3";"2";6;48;6
"4600";"202100004600";12;"11:00";"1";"63";"1";"1";"2";5;45;3
"4601";"202100004601";12;"07:20";"2";"42";"2";"2";"8";3;45;4
"4602";"202100004602";12;"05:25";"3";"38";"1";"1";"2";6;45;5
"4603";"202100004603";12;"07:10";"2";"38";"2";"3";"1";3;45;5
"4604";"202100004604";12;"18:20";"3";"24";"1";"1";"3";1;44;0
"4605";"202100004605";12;"21:25";"3";"49";"1";"1";"2";6;47;-1
"4606";"202100004606";12;"18:00";"2";"29";"2";"1";"8";6;48;-4
"4607";"202100004607";12;"16:40";"2";"59";"2";"1";"2";6;50;3
"4608";"202100004608";12;"18:15";"3";"13";"1";"1";"1";4;43;5
"4609";"202100004609";12;"10:00";"1";"13";"1";"1";"2";4;43;5
"4610";"202100004610";11;"18:35";"3";"13";"1";"1";"1";3;43;5
"4611";"202100004611";12;"20:55";"3";"13";"1";"1";"1";4;43;5
"4612";"202100004612";11;"16:10";"1";"13";"1";"1";"8";7;43;5
"4613";"202100004613";12;"05:00";"3";"69";"1";"1";"1";6;45;4
"4614";"202100004614";12;"22:50";"3";"38";"1";"1";"2";7;45;4
"4615";"202100004615";12;"16:45";"2";"69";"1";"1";"8";6;45;4
"4616";"202100004616";12;"14:05";"1";"69";"1";"1";"1";4;45;4
"4617";"202100004617";12;"18:08";"4";"33";"1";"1";"1";4;44;0
"4618";"202100004618";12;"18:05";"3";"33";"1";"1";"2";2;44;0
"4619";"202100004619";12;"13:12";"1";"33";"1";"1";"1";6;44;0
"4620";"202100004620";12;"17:50";"3";"91";"1";"1";"8";4;48;2
"4621";"202100004621";12;"16:30";"3";"94";"1";"1";"2";6;48;2
"4622";"202100004622";12;"17:10";"3";"91";"1";"1";"3";7;48;2
"4623";"202100004623";12;"16:35";"2";"92";"1";"1";"2";6;48;2
"4624";"202100004624";12;"16:00";"1";"91";"1";"1";"8";4;48;2
"4625";"202100004625";12;"11:45";"1";"94";"1";"1";"2";7;48;2
"4626";"202100004626";12;"10:25";"1";"94";"1";"1";"2";7;48;2
"4627";"202100004627";12;"09:15";"1";"92";"1";"1";"8";7;48;2
"4628";"202100004628";12;"19:50";"3";"78";"1";"1";"2";2;48;2
"4629";"202100004629";12;"15:30";"1";"78";"1";"1";"2";6;48;2
"4630";"202100004630";12;"13:50";"1";"92";"1";"1";"2";2;48;2
"4631";"202100004631";12;"01:10";"3";"92";"1";"1";"1";7;48;2
"4632";"202100004632";12;"22:10";"3";"93";"1";"1";"3";7;48;2
"4633";"202100004633";12;"18:25";"3";"93";"1";"1";"2";2;48;2
"4634";"202100004634";12;"19:15";"5";"93";"1";"1";"2";4;48;2
"4635";"202100004635";12;"17:30";"3";"95";"1";"1";"3";3;49;2
"4636";"202100004636";12;"11:40";"1";"93";"1";"1";"2";2;48;2
"4637";"202100004637";12;"06:40";"5";"93";"1";"1";"2";2;48;2
"4638";"202100004638";12;"07:40";"3";"95";"1";"1";"1";6;49;2
"4639";"202100004639";12;"06:20";"2";"93";"1";"1";"2";6;48;2
"4640";"202100004640";12;"08:40";"1";"95";"1";"1";"3";2;48;2
"4641";"202100004641";12;"01:50";"4";"95";"1";"1";"2";6;48;2
"4642";"202100004642";12;"13:05";"1";"94";"1";"1";"8";2;48;2
"4643";"202100004643";12;"13:20";"1";"94";"1";"1";"3";2;48;2
"4644";"202100004644";12;"11:00";"1";"94";"1";"1";"2";6;48;2
"4645";"202100004645";12;"05:55";"3";"94";"1";"1";"8";6;48;2
"4646";"202100004646";12;"03:45";"5";"94";"1";"1";"3";7;48;2
"4647";"202100004647";12;"19:40";"3";"77";"1";"1";"3";2;48;2
"4648";"202100004648";11;"12:50";"1";"33";"2";"1";"1";7;44;0
"4649";"202100004649";9;"08:30";"1";"19";"2";"1";"1";6;45;1
"4650";"202100004650";9;"19:20";"2";"74";"2";"3";"1";3;46;6
"4651";"202100004651";9;"17:56";"1";"74";"2";"1";"1";3;45;6
"4652";"202100004652";9;"17:00";"1";"74";"2";"1";"1";3;46;6
"4653";"202100004653";9;"16:40";"1";"74";"1";"1";"1";7;46;6
"4654";"202100004654";9;"23:30";"5";"74";"2";"9";"1";3;46;6
"4655";"202100004655";9;"07:22";"2";"74";"2";"3";"1";6;46;6
"4656";"202100004656";9;"15:40";"1";"74";"2";"2";"1";3;46;6
"4657";"202100004657";8;"16:10";"1";"74";"1";"1";"1";6;46;6
"4658";"202100004658";2;"04:00";"5";"59";"2";"1";"9";6;50;3
"4659";"202100004659";2;"09:55";"1";"59";"2";"1";"1";6;50;3
"4660";"202100004660";12;"19:35";"5";"27";"2";"1";"2";6;49;1
"4661";"202100004661";12;"18:35";"5";"24";"2";"9";"8";6;44;0
"4662";"202100004662";12;"16:42";"2";"72";"2";"1";"2";6;47;0
"4663";"202100004663";12;"14:45";"1";"50";"2";"1";"1";2;48;-1
"4664";"202100004664";12;"15:35";"1";"976";"2";"1";"1";3;-12;45
"4665";"202100004665";12;"06:35";"1";"976";"2";"1";"1";2;-12;45
"4666";"202100004666";12;"18:34";"2";"974";"1";"1";"8";1;-21;55
"4667";"202100004667";12;"08:50";"1";"974";"2";"1";"1";7;-21;55
"4668";"202100004668";12;"16:00";"1";"974";"2";"3";"1";3;-20;55
"4669";"202100004669";12;"07:50";"1";"974";"2";"6";"1";3;-20;55
"4670";"202100004670";12;"03:30";"3";"974";"1";"1";"1";6;-20;55
"4671";"202100004671";12;"17:40";"2";"973";"2";"1";"2";3;4;-52
"4672";"202100004672";12;"15:55";"1";"973";"2";"2";"2";3;4;-52
"4673";"202100004673";12;"17:51";"2";"973";"2";"6";"2";1;4;-52
"4674";"202100004674";12;"11:06";"1";"973";"2";"3";"1";3;4;-52
"4675";"202100004675";12;"12:58";"1";"973";"2";"1";"1";3;4;-52
"4676";"202100004676";12;"12:18";"1";"973";"2";"3";"2";1;4;-52
"4677";"202100004677";12;"12:45";"1";"973";"2";"1";"1";6;4;-52
"4678";"202100004678";12;"23:40";"5";"69";"2";"2";"2";3;45;4
"4679";"202100004679";12;"15:30";"1";"69";"2";"1";"1";6;45;4
"4680";"202100004680";12;"13:00";"1";"69";"2";"2";"1";3;45;4
"4681";"202100004681";12;"12:15";"1";"69";"2";"4";"1";2;45;4
"4682";"202100004682";12;"08:50";"1";"69";"2";"2";"1";3;45;4
"4683";"202100004683";12;"11:00";"1";"972";"2";"1";"1";3;14;-61
"4684";"202100004684";12;"14:50";"1";"69";"2";"1";"8";1;45;4
"4685";"202100004685";12;"19:45";"5";"69";"2";"3";"2";4;45;4
"4686";"202100004686";12;"16:40";"2";"69";"2";"1";"8";6;45;4
"4687";"202100004687";12;"10:45";"1";"69";"2";"9";"2";6;45;4
"4688";"202100004688";12;"01:15";"5";"2B";"2";"2";"8";3;42;9
"4689";"202100004689";12;"07:25";"2";"2B";"2";"9";"8";3;42;9
"4690";"202100004690";12;"18:15";"5";"2B";"2";"1";"1";3;42;9
"4691";"202100004691";12;"10:10";"1";"971";"1";"9";"2";6;16;-61
"4692";"202100004692";12;"10:15";"1";"971";"2";"3";"1";3;16;-61
"4693";"202100004693";12;"07:00";"1";"971";"1";"1";"1";2;16;-61
"4694";"202100004694";12;"12:00";"1";"971";"2";"2";"1";3;16;-61
"4695";"202100004695";12;"17:00";"5";"2A";"2";"1";"8";3;41;8
"4696";"202100004696";12;"11:20";"1";"2A";"2";"2";"8";3;41;8
"4697";"202100004697";12;"09:45";"1";"95";"2";"3";"2";3;48;2
"4698";"202100004698";12;"19:00";"5";"95";"2";"1";"2";6;48;2
"4699";"202100004699";12;"09:30";"1";"95";"2";"1";"1";3;48;2
"4700";"202100004700";12;"05:52";"3";"91";"2";"9";"9";7;48;2
"4701";"202100004701";12;"17:07";"5";"91";"2";"1";"3";6;48;2
"4702";"202100004702";12;"18:00";"5";"91";"2";"9";"3";6;48;2
"4703";"202100004703";12;"14:35";"1";"91";"2";"3";"2";3;48;2
"4704";"202100004704";12;"20:10";"5";"91";"2";"1";"2";6;48;2
"4705";"202100004705";12;"08:20";"1";"91";"2";"1";"9";7;48;2
"4706";"202100004706";12;"20:00";"5";"91";"2";"1";"3";6;48;2
"4707";"202100004707";12;"08:30";"2";"91";"2";"1";"8";6;48;2
"4708";"202100004708";12;"17:15";"5";"89";"2";"2";"3";6;47;3
"4709";"202100004709";12;"11:15";"1";"83";"2";"2";"1";3;43;5
"4710";"202100004710";12;"16:15";"1";"83";"1";"1";"1";5;43;6
"4711";"202100004711";12;"18:30";"3";"81";"2";"1";"1";4;43;2
"4712";"202100004712";12;"17:10";"2";"79";"2";"9";"2";7;46;0
"4713";"202100004713";12;"15:50";"1";"78";"2";"1";"1";6;48;2
"4714";"202100004714";11;"17:00";"5";"78";"2";"9";"2";3;49;2
"4715";"202100004715";11;"19:10";"5";"77";"2";"2";"1";3;48;2
"4716";"202100004716";12;"15:10";"1";"77";"2";"3";"2";6;48;2
"4717";"202100004717";12;"19:40";"5";"77";"2";"1";"2";6;48;2
"4718";"202100004718";12;"13:40";"1";"77";"2";"1";"2";6;48;2
"4719";"202100004719";12;"23:40";"5";"76";"2";"6";"3";1;49;1
"4720";"202100004720";12;"18:58";"5";"76";"2";"1";"3";6;49;1
"4721";"202100004721";12;"18:00";"5";"76";"2";"2";"3";6;49;1
"4722";"202100004722";12;"03:00";"5";"76";"2";"1";"2";7;49;0
"4723";"202100004723";12;"10:24";"1";"74";"2";"9";"2";6;45;6
"4724";"202100004724";12;"15:00";"1";"73";"1";"1";"1";3;45;5
"4725";"202100004725";12;"07:50";"5";"72";"2";"1";"8";3;47;0
"4726";"202100004726";12;"12:40";"1";"72";"2";"1";"1";3;48;0
"4727";"202100004727";12;"16:35";"1";"71";"2";"1";"8";2;46;4
"4728";"202100004728";12;"01:25";"5";"71";"2";"1";"2";3;46;4
"4729";"202100004729";12;"16:50";"5";"69";"2";"1";"1";3;45;4
"4730";"202100004730";12;"11:30";"1";"69";"2";"3";"1";6;45;4
"4731";"202100004731";12;"10:35";"1";"66";"2";"1";"1";6;42;2
"4732";"202100004732";12;"08:59";"1";"66";"2";"6";"7";6;42;2
"4733";"202100004733";12;"15:40";"1";"64";"2";"1";"2";4;43;-1
"4734";"202100004734";12;"15:50";"1";"64";"2";"1";"1";3;43;0
"4735";"202100004735";12;"00:00";"5";"64";"1";"1";"2";7;43;0
"4736";"202100004736";12;"17:10";"5";"64";"2";"1";"8";2;43;0
"4737";"202100004737";12;"15:21";"1";"63";"2";"3";"1";6;45;3
"4738";"202100004738";12;"13:33";"1";"63";"2";"1";"1";6;45;3
"4739";"202100004739";11;"21:30";"3";"59";"1";"9";"1";3;50;3
"4740";"202100004740";12;"13:00";"1";"59";"2";"3";"2";6;50;3
"4741";"202100004741";12;"14:45";"1";"59";"2";"1";"2";3;50;3
"4742";"202100004742";12;"18:50";"5";"59";"2";"2";"2";3;51;2
"4743";"202100004743";12;"06:32";"5";"57";"2";"1";"2";2;49;6
"4744";"202100004744";12;"21:50";"5";"56";"2";"3";"1";6;47;-2
"4745";"202100004745";12;"19:47";"5";"56";"2";"1";"1";3;47;-3
"4746";"202100004746";12;"15:35";"1";"56";"2";"3";"1";7;47;-3
"4747";"202100004747";12;"18:10";"2";"52";"2";"1";"1";3;48;5
"4748";"202100004748";12;"10:25";"1";"51";"2";"1";"1";7;49;4
"4749";"202100004749";12;"17:15";"2";"49";"2";"1";"3";4;47;0
"4750";"202100004750";12;"10:52";"1";"49";"2";"1";"2";6;47;0
"4751";"202100004751";12;"08:34";"2";"49";"2";"1";"2";6;47;0
"4752";"202100004752";12;"07:46";"2";"49";"2";"1";"1";3;47;0
"4753";"202100004753";12;"06:34";"5";"47";"2";"2";"2";2;44;0
"4754";"202100004754";12;"08:38";"1";"47";"2";"1";"1";2;44;0
"4755";"202100004755";12;"14:55";"2";"45";"2";"3";"2";3;47;1
"4756";"202100004756";12;"18:45";"5";"37";"2";"6";"1";3;47;0
"4757";"202100004757";12;"11:20";"1";"37";"2";"1";"2";3;47;0
"4758";"202100004758";12;"07:45";"1";"37";"2";"6";"2";3;47;0
"4759";"202100004759";12;"00:00";"5";"37";"2";"1";"1";3;47;0
"4760";"202100004760";12;"21:00";"5";"35";"2";"2";"2";1;48;-1
"4761";"202100004761";12;"18:35";"5";"35";"2";"2";"2";6;48;-1
"4762";"202100004762";12;"17:15";"2";"35";"2";"1";"2";6;48;-1
"4763";"202100004763";12;"03:20";"3";"35";"1";"1";"2";7;48;-1
"4764";"202100004764";12;"10:12";"1";"34";"2";"1";"1";6;43;3
"4765";"202100004765";12;"10:45";"1";"34";"2";"8";"1";6;43;3
"4766";"202100004766";12;"20:08";"5";"33";"2";"2";"2";3;44;0
"4767";"202100004767";12;"13:50";"1";"33";"2";"3";"3";1;44;0