"";"Num_Acc";"mois";"hrmn";"lum";"dep";"agg";"int";"atm";"col";"lat";"long"
"4768";"202100004768";12;"11:00";"1";"33";"2";"6";"7";3;44;0
"4769";"202100004769";12;"18:30";"5";"33";"2";"1";"3";6;44;0
"4770";"202100004770";12;"03:20";"5";"33";"2";"1";"8";1;44;0
"4771";"202100004771";12;"17:36";"3";"31";"1";"1";"2";2;43;1
"4772";"202100004772";12;"06:20";"3";"31";"1";"1";"2";5;43;1
"4773";"202100004773";12;"22:15";"5";"31";"2";"2";"2";3;43;1
"4774";"202100004774";12;"17:37";"5";"31";"2";"1";"8";6;43;1
"4775";"202100004775";12;"12:20";"1";"31";"1";"1";"1";4;43;1
"4776";"202100004776";12;"10:42";"1";"29";"1";"6";"1";1;48;-4
"4777";"202100004777";12;"11:30";"1";"29";"2";"1";"2";2;47;-4
"4778";"202100004778";12;"13:15";"1";"28";"2";"1";"1";3;48;1
"4779";"202100004779";12;"16:55";"5";"27";"2";"2";"2";6;49;1
"4780";"202100004780";12;"15:45";"1";"27";"1";"1";"4";3;49;1
"4781";"202100004781";12;"18:40";"3";"25";"2";"6";"8";6;47;6
"4782";"202100004782";12;"02:15";"5";"25";"2";"1";"3";7;47;6
"4783";"202100004783";11;"08:35";"1";"25";"2";"6";"7";2;47;5
"4784";"202100004784";12;"16:30";"1";"22";"2";"1";"2";1;48;-2
"4785";"202100004785";12;"17:30";"5";"14";"2";"9";"2";6;49;0
"4786";"202100004786";12;"07:35";"5";"14";"2";"1";"2";6;49;0
"4787";"202100004787";12;"11:15";"1";"14";"2";"1";"1";2;49;0
"4788";"202100004788";11;"21:00";"5";"13";"2";"1";"1";3;43;5
"4789";"202100004789";12;"14:50";"1";"13";"2";"3";"2";6;43;5
"4790";"202100004790";12;"02:24";"5";"13";"2";"1";"2";7;43;5
"4791";"202100004791";12;"20:45";"5";"13";"2";"9";"1";1;43;5
"4792";"202100004792";12;"05:20";"5";"13";"2";"1";"1";3;43;5
"4793";"202100004793";12;"22:10";"5";"11";"2";"2";"2";6;43;2
"4794";"202100004794";12;"04:00";"5";"10";"2";"1";"2";6;48;4
"4795";"202100004795";12;"12:30";"1";"10";"2";"6";"1";3;48;4
"4796";"202100004796";12;"16:53";"5";"10";"2";"1";"2";1;48;4
"4797";"202100004797";12;"13:39";"1";"10";"2";"1";"8";6;48;4
"4798";"202100004798";12;"11:29";"1";"10";"2";"3";"7";3;48;4
"4799";"202100004799";12;"13:15";"1";"06";"2";"1";"7";6;43;7
"4800";"202100004800";12;"16:55";"2";"06";"2";"1";"1";3;43;7
"4801";"202100004801";12;"08:48";"1";"06";"2";"1";"1";2;43;7
"4802";"202100004802";12;"13:51";"1";"06";"2";"1";"1";6;43;7
"4803";"202100004803";12;"07:50";"1";"06";"2";"1";"1";2;43;7
"4804";"202100004804";12;"18:50";"4";"75";"2";"4";"3";6;48;2
"4805";"202100004805";12;"17:10";"5";"75";"2";"4";"3";6;48;2
"4806";"202100004806";12;"04:40";"3";"75";"2";"2";"2";3;48;2
"4807";"202100004807";12;"23:45";"5";"75";"2";"7";"2";6;48;2
"4808";"202100004808";12;"22:58";"5";"75";"2";"1";"1";6;48;2
"4809";"202100004809";12;"20:25";"5";"75";"2";"3";"2";3;48;2
"4810";"202100004810";12;"22:00";"5";"75";"2";"2";"2";6;48;2
"4811";"202100004811";12;"01:00";"5";"75";"2";"3";"2";7;48;2
"4812";"202100004812";12;"09:15";"1";"75";"2";"3";"1";1;48;2
"4813";"202100004813";12;"20:00";"5";"75";"2";"2";"2";2;48;2
"4814";"202100004814";12;"21:00";"5";"75";"2";"2";"2";2;48;2
"4815";"202100004815";12;"15:23";"1";"75";"2";"3";"1";3;48;2
"4816";"202100004816";12;"15:15";"1";"75";"2";"4";"1";6;48;2
"4817";"202100004817";12;"17:00";"5";"75";"2";"3";"2";6;48;2
"4818";"202100004818";12;"16:45";"2";"75";"2";"3";"2";5;48;2
"4819";"202100004819";12;"11:50";"1";"75";"2";"1";"2";5;48;2
"4820";"202100004820";12;"02:50";"5";"75";"2";"3";"2";3;48;2
"4821";"202100004821";12;"12:50";"1";"75";"2";"1";"8";6;48;2
"4822";"202100004822";12;"02:15";"5";"75";"2";"2";"2";3;48;2
"4823";"202100004823";12;"07:40";"2";"94";"2";"1";"2";3;48;2
"4824";"202100004824";12;"10:30";"1";"94";"2";"5";"2";3;48;2
"4825";"202100004825";12;"21:00";"3";"94";"2";"9";"2";3;48;2
"4826";"202100004826";12;"20:05";"5";"94";"2";"6";"2";1;48;2
"4827";"202100004827";12;"11:05";"1";"94";"2";"2";"2";3;48;2
"4828";"202100004828";12;"18:20";"5";"94";"2";"2";"2";6;48;2
"4829";"202100004829";12;"14:45";"1";"93";"2";"1";"1";6;48;2
"4830";"202100004830";12;"20:40";"5";"93";"2";"2";"3";1;48;2
"4831";"202100004831";12;"22:05";"5";"93";"2";"1";"2";6;48;2
"4832";"202100004832";12;"09:20";"1";"93";"2";"1";"2";6;48;2
"4833";"202100004833";12;"17:33";"3";"92";"2";"2";"3";7;48;2
"4834";"202100004834";12;"22:25";"5";"92";"2";"1";"3";6;48;2
"4835";"202100004835";12;"19:10";"5";"92";"2";"3";"2";6;48;2
"4836";"202100004836";12;"13:15";"1";"92";"2";"1";"8";6;48;2
"4837";"202100004837";12;"17:51";"5";"92";"2";"6";"2";3;48;2
"4838";"202100004838";12;"16:30";"2";"92";"2";"1";"8";3;48;2
"4839";"202100004839";12;"04:50";"5";"73";"2";"3";"3";6;45;5
"4840";"202100004840";12;"20:25";"3";"74";"1";"1";"2";6;46;6
"4841";"202100004841";12;"17:00";"5";"58";"2";"1";"2";6;47;2
"4842";"202100004842";12;"23:15";"5";"65";"2";"1";"2";2;43;0
"4843";"202100004843";12;"17:15";"1";"14";"1";"1";"2";4;49;0
"4844";"202100004844";12;"12:55";"1";"62";"1";"1";"3";6;50;1
"4845";"202100004845";12;"14:15";"1";"30";"1";"1";"2";3;43;4
"4846";"202100004846";12;"07:50";"5";"51";"2";"3";"1";3;49;3
"4847";"202100004847";12;"00:35";"3";"56";"1";"1";"3";6;47;-2
"4848";"202100004848";12;"20:40";"3";"2A";"1";"1";"1";1;41;8
"4849";"202100004849";12;"08:36";"1";"11";"1";"1";"3";6;43;2
"4850";"202100004850";12;"15:27";"1";"71";"1";"1";"2";6;46;5
"4851";"202100004851";12;"13:05";"1";"71";"1";"1";"8";6;46;4
"4852";"202100004852";12;"13:35";"1";"89";"1";"1";"1";5;47;3
"4853";"202100004853";12;"15:55";"1";"61";"2";"7";"3";6;48;0
"4854";"202100004854";12;"05:30";"3";"61";"1";"1";"2";6;48;0
"4855";"202100004855";12;"11:25";"1";"47";"1";"3";"1";2;44;0
"4856";"202100004856";12;"16:00";"2";"44";"1";"2";"1";3;47;-1
"4857";"202100004857";12;"01:40";"3";"35";"1";"1";"2";6;48;-1
"4858";"202100004858";12;"07:30";"3";"31";"1";"1";"2";6;43;1
"4859";"202100004859";12;"06:25";"3";"38";"1";"1";"2";7;45;6
"4860";"202100004860";12;"15:20";"1";"38";"1";"1";"1";3;45;5
"4861";"202100004861";12;"23:00";"3";"02";"2";"9";"2";6;49;3
"4862";"202100004862";12;"17:25";"3";"01";"1";"3";"2";1;46;5
"4863";"202100004863";12;"23:53";"3";"70";"1";"1";"2";1;47;6
"4864";"202100004864";12;"16:50";"2";"58";"1";"1";"2";6;46;3
"4865";"202100004865";12;"02:50";"3";"54";"2";"1";"2";6;48;5
"4866";"202100004866";12;"10:30";"1";"64";"1";"1";"2";6;43;-1
"4867";"202100004867";12;"13:18";"1";"64";"1";"1";"3";3;43;-1
"4868";"202100004868";12;"09:00";"1";"53";"1";"1";"2";7;48;-1
"4869";"202100004869";12;"15:45";"1";"28";"1";"1";"2";1;48;1
"4870";"202100004870";12;"12:35";"1";"24";"1";"1";"2";1;44;0
"4871";"202100004871";12;"18:30";"3";"78";"1";"1";"2";2;48;2
"4872";"202100004872";12;"15:55";"1";"28";"1";"1";"3";6;48;1
"4873";"202100004873";12;"17:12";"3";"27";"1";"1";"4";5;49;0
"4874";"202100004874";12;"17:20";"2";"27";"1";"1";"4";6;49;0
"4875";"202100004875";12;"22:00";"5";"976";"2";"1";"1";3;-12;45
"4876";"202100004876";12;"07:00";"1";"976";"1";"1";"1";3;-12;45
"4877";"202100004877";12;"22:50";"3";"973";"1";"1";"2";3;5;-52
"4878";"202100004878";12;"13:00";"1";"973";"1";"1";"1";5;5;-52
"4879";"202100004879";12;"18:10";"3";"33";"2";"1";"3";6;44;-1
"4880";"202100004880";12;"20:45";"3";"28";"1";"1";"1";3;48;1
"4881";"202100004881";12;"18:05";"5";"91";"2";"1";"3";6;48;2
"4882";"202100004882";12;"19:40";"3";"34";"2";"1";"8";7;43;2
"4883";"202100004883";12;"17:15";"3";"05";"1";"1";"1";6;44;5
"4884";"202100004884";12;"18:15";"3";"13";"1";"1";"1";5;43;4
"4885";"202100004885";12;"00:15";"3";"71";"1";"1";"2";6;46;4
"4886";"202100004886";12;"19:10";"5";"68";"2";"1";"2";6;47;7
"4887";"202100004887";12;"17:58";"5";"68";"2";"1";"3";6;48;7
"4888";"202100004888";12;"17:05";"5";"55";"2";"3";"2";3;49;5
"4889";"202100004889";12;"20:30";"3";"38";"1";"1";"4";6;45;5
"4890";"202100004890";12;"05:45";"5";"69";"2";"1";"8";1;45;4
"4891";"202100004891";10;"16:50";"1";"64";"1";"9";"1";3;43;-1
"4892";"202100004892";12;"19:10";"3";"22";"1";"1";"3";4;48;-2
"4893";"202100004893";12;"13:00";"1";"69";"1";"1";"9";2;45;4
"4894";"202100004894";12;"11:45";"1";"33";"1";"1";"1";7;44;0
"4895";"202100004895";12;"17:50";"3";"77";"1";"1";"2";4;48;2
"4896";"202100004896";12;"13:35";"1";"92";"1";"1";"2";2;48;2
"4897";"202100004897";12;"11:10";"1";"92";"1";"1";"2";6;48;2
"4898";"202100004898";12;"00:40";"3";"78";"1";"1";"2";2;48;1
"4899";"202100004899";12;"15:00";"1";"93";"1";"1";"2";6;48;2
"4900";"202100004900";12;"13:45";"1";"93";"1";"1";"8";6;48;2
"4901";"202100004901";12;"10:15";"1";"93";"1";"1";"2";1;48;2
"4902";"202100004902";12;"02:49";"4";"93";"1";"1";"2";2;48;2
"4903";"202100004903";12;"02:45";"3";"92";"1";"1";"2";2;48;2
"4904";"202100004904";12;"22:20";"3";"95";"1";"1";"3";2;49;2
"4905";"202100004905";12;"09:00";"1";"94";"1";"1";"2";7;48;2
"4906";"202100004906";12;"07:15";"3";"94";"1";"1";"1";6;48;2
"4907";"202100004907";12;"05:55";"5";"94";"1";"1";"2";4;48;2
"4908";"202100004908";12;"03:45";"3";"94";"1";"1";"2";4;48;2
"4909";"202100004909";12;"17:40";"2";"75";"2";"1";"1";5;48;2
"4910";"202100004910";11;"13:08";"1";"75";"2";"2";"1";6;48;2
"4911";"202100004911";12;"20:50";"5";"75";"2";"7";"2";1;48;2
"4912";"202100004912";12;"14:20";"1";"75";"2";"1";"2";6;48;2
"4913";"202100004913";12;"15:13";"1";"75";"2";"2";"2";6;48;2
"4914";"202100004914";9;"21:54";"5";"75";"2";"4";"8";3;48;2
"4915";"202100004915";12;"18:20";"5";"75";"2";"2";"2";2;48;2
"4916";"202100004916";12;"00:55";"5";"75";"2";"2";"1";3;48;2
"4917";"202100004917";12;"17:10";"5";"75";"2";"3";"2";6;48;2
"4918";"202100004918";12;"14:15";"1";"75";"2";"4";"2";3;48;2
"4919";"202100004919";12;"19:15";"5";"75";"2";"2";"2";6;48;2
"4920";"202100004920";12;"18:15";"5";"75";"2";"3";"3";6;48;2
"4921";"202100004921";12;"09:35";"1";"75";"2";"3";"1";3;48;2
"4922";"202100004922";12;"22:30";"5";"75";"2";"2";"3";3;48;2
"4923";"202100004923";12;"18:40";"5";"75";"2";"1";"3";6;48;2
"4924";"202100004924";12;"16:20";"1";"75";"2";"1";"2";7;48;2
"4925";"202100004925";12;"10:45";"1";"75";"2";"3";"3";2;48;2
"4926";"202100004926";12;"16:15";"1";"75";"2";"1";"2";7;48;2
"4927";"202100004927";12;"19:30";"5";"75";"2";"2";"2";3;48;2
"4928";"202100004928";12;"13:15";"1";"94";"2";"1";"2";3;48;2
"4929";"202100004929";12;"14:50";"1";"94";"1";"1";"1";6;48;2
"4930";"202100004930";12;"21:00";"5";"94";"2";"1";"2";2;48;2
"4931";"202100004931";12;"16:00";"1";"93";"1";"9";"2";3;49;2
"4932";"202100004932";12;"16:30";"2";"93";"2";"1";"2";6;48;2
"4933";"202100004933";12;"13:40";"1";"93";"2";"1";"8";3;48;2
"4934";"202100004934";12;"11:30";"1";"93";"2";"1";"2";6;48;2
"4935";"202100004935";12;"15:40";"1";"93";"2";"2";"8";3;48;2
"4936";"202100004936";12;"19:15";"5";"93";"2";"3";"1";1;48;2
"4937";"202100004937";12;"14:15";"1";"93";"2";"3";"2";3;48;2
"4938";"202100004938";12;"13:25";"1";"93";"2";"9";"1";5;48;2
"4939";"202100004939";12;"01:55";"3";"93";"2";"1";"1";2;48;2
"4940";"202100004940";12;"07:00";"5";"93";"2";"1";"8";2;48;2
"4941";"202100004941";12;"18:30";"3";"92";"2";"2";"3";3;48;2
"4942";"202100004942";12;"20:30";"5";"92";"2";"3";"3";3;48;2
"4943";"202100004943";12;"20:00";"5";"92";"2";"3";"3";3;48;2
"4944";"202100004944";12;"20:45";"5";"92";"2";"2";"3";3;48;2
"4945";"202100004945";12;"18:00";"3";"92";"2";"2";"2";6;48;2
"4946";"202100004946";12;"09:40";"1";"92";"2";"2";"1";6;48;2
"4947";"202100004947";12;"12:20";"1";"60";"2";"2";"2";3;49;2
"4948";"202100004948";11;"18:10";"5";"06";"2";"1";"1";6;43;7
"4949";"202100004949";12;"13:43";"1";"22";"1";"1";"4";1;48;-2
"4950";"202100004950";12;"18:55";"5";"68";"2";"6";"2";4;47;7
"4951";"202100004951";12;"23:45";"3";"71";"1";"1";"2";5;46;4
"4952";"202100004952";12;"02:38";"5";"974";"2";"1";"1";1;-21;55
"4953";"202100004953";12;"01:57";"3";"29";"1";"1";"2";6;48;-3
"4954";"202100004954";11;"17:40";"3";"84";"1";"1";"2";3;43;5
"4955";"202100004955";12;"19:35";"5";"85";"2";"3";"6";3;46;-1
"4956";"202100004956";12;"13:10";"1";"23";"1";"2";"1";3;46;1
"4957";"202100004957";6;"01:50";"5";"77";"2";"1";"1";6;48;3
"4958";"202100004958";12;"14:45";"1";"2A";"1";"1";"2";1;42;8
"4959";"202100004959";12;"06:30";"5";"71";"2";"1";"3";2;46;4
"4960";"202100004960";12;"13:50";"2";"89";"1";"1";"2";6;47;3
"4961";"202100004961";11;"16:00";"1";"49";"1";"1";"1";7;47;0
"4962";"202100004962";12;"13:35";"1";"47";"2";"1";"8";3;44;0
"4963";"202100004963";12;"12:35";"1";"34";"2";"3";"1";3;43;3
"4964";"202100004964";12;"11:50";"1";"39";"1";"1";"3";3;46;6
"4965";"202100004965";12;"13:45";"1";"39";"2";"2";"1";6;46;5
"4966";"202100004966";11;"15:45";"1";"31";"1";"1";"5";6;43;1
"4967";"202100004967";12;"17:50";"3";"50";"1";"3";"3";1;48;-1
"4968";"202100004968";12;"22:00";"4";"50";"2";"6";"2";6;49;-1
"4969";"202100004969";12;"10:00";"1";"64";"2";"3";"2";3;43;0
"4970";"202100004970";12;"16:50";"1";"36";"1";"1";"2";6;46;1
"4971";"202100004971";12;"17:15";"2";"21";"1";"1";"4";1;47;4
"4972";"202100004972";12;"20:26";"3";"27";"2";"3";"2";3;49;0
"4973";"202100004973";12;"15:00";"1";"30";"1";"1";"7";7;44;4
"4974";"202100004974";12;"01:10";"3";"01";"1";"1";"3";6;46;5
"4975";"202100004975";12;"11:00";"1";"01";"2";"3";"2";6;46;4
"4976";"202100004976";12;"17:20";"3";"45";"1";"1";"2";5;47;1
"4977";"202100004977";12;"14:25";"1";"27";"1";"1";"2";6;49;0
"4978";"202100004978";12;"16:00";"1";"987";"1";"1";"1";3;-17;-149
"4979";"202100004979";12;"16:20";"1";"988";"1";"1";"1";1;-20;165
"4980";"202100004980";12;"17:35";"2";"971";"1";"1";"1";3;16;-61
"4981";"202100004981";12;"23:10";"3";"978";"2";"1";"1";2;18;-63
"4982";"202100004982";12;"11:25";"1";"2A";"1";"1";"2";5;41;9
"4983";"202100004983";12;"07:30";"2";"84";"1";"1";"1";1;44;4
"4984";"202100004984";11;"12:50";"1";"04";"1";"1";"1";7;43;5
"4985";"202100004985";12;"14:00";"1";"13";"1";"1";"1";1;43;5
"4986";"202100004986";12;"19:45";"3";"71";"1";"3";"3";3;46;4
"4987";"202100004987";12;"01:20";"3";"10";"2";"1";"3";6;48;4
"4988";"202100004988";12;"04:40";"3";"67";"1";"1";"9";6;48;7
"4989";"202100004989";12;"23:00";"3";"54";"1";"1";"3";7;48;6
"4990";"202100004990";12;"19:31";"5";"57";"2";"1";"2";6;49;6
"4991";"202100004991";12;"15:20";"1";"69";"2";"1";"1";5;45;4
"4992";"202100004992";12;"18:15";"5";"64";"2";"3";"3";1;43;-1
"4993";"202100004993";12;"08:42";"2";"47";"2";"1";"5";6;44;0
"4994";"202100004994";12;"12:15";"1";"33";"1";"1";"1";2;44;0
"4995";"202100004995";12;"06:00";"3";"50";"1";"2";"2";6;48;-1
"4996";"202100004996";11;"16:00";"1";"29";"1";"6";"2";3;48;-4
"4997";"202100004997";12;"18:00";"3";"13";"1";"1";"1";2;43;5
"4998";"202100004998";11;"12:00";"1";"13";"1";"1";"1";3;43;5
"4999";"202100004999";12;"22:30";"3";"83";"1";"1";"1";2;43;5
"5000";"202100005000";12;"04:25";"3";"69";"1";"1";"1";2;45;4
"5001";"202100005001";12;"17:50";"5";"69";"1";"1";"1";4;45;4
"5002";"202100005002";7;"19:50";"1";"69";"1";"1";"1";2;45;4
"5003";"202100005003";12;"19:23";"5";"33";"1";"1";"3";2;44;0
"5004";"202100005004";12;"18:15";"3";"94";"1";"1";"3";3;48;2
"5005";"202100005005";12;"14:30";"1";"91";"1";"1";"1";4;48;2
"5006";"202100005006";12;"07:39";"3";"94";"1";"1";"1";6;48;2
"5007";"202100005007";12;"05:15";"4";"94";"1";"1";"1";4;48;2
"5008";"202100005008";12;"18:45";"3";"92";"1";"1";"2";3;48;2
"5009";"202100005009";12;"18:00";"3";"78";"1";"1";"1";6;48;2
"5010";"202100005010";12;"21:25";"4";"93";"1";"1";"3";6;48;2
"5011";"202100005011";12;"18:30";"3";"95";"1";"1";"3";4;48;2
"5012";"202100005012";12;"16:10";"1";"93";"1";"1";"2";6;48;2
"5013";"202100005013";12;"01:00";"3";"95";"1";"1";"1";6;49;2
"5014";"202100005014";12;"00:55";"3";"77";"1";"1";"8";7;48;2
"5015";"202100005015";12;"09:30";"1";"92";"2";"8";"1";6;48;2
"5016";"202100005016";12;"17:00";"5";"54";"2";"1";"1";6;48;6
"5017";"202100005017";12;"21:00";"5";"45";"2";"1";"9";6;48;2
"5018";"202100005018";12;"10:10";"1";"30";"2";"1";"1";6;44;4
"5019";"202100005019";11;"09:55";"1";"30";"2";"6";"1";6;43;4
"5020";"202100005020";8;"10:07";"1";"65";"2";"1";"1";1;43;0
"5021";"202100005021";5;"14:40";"1";"42";"2";"9";"1";3;45;4
"5022";"202100005022";7;"22:19";"2";"35";"1";"1";"1";6;48;-1
"5023";"202100005023";12;"15:15";"1";"974";"2";"5";"1";3;-20;55
"5024";"202100005024";12;"17:45";"1";"974";"2";"1";"1";6;-20;55
"5025";"202100005025";12;"17:50";"2";"973";"2";"1";"1";1;4;-52
"5026";"202100005026";12;"14:00";"1";"973";"2";"9";"2";6;4;-52
"5027";"202100005027";12;"07:10";"1";"973";"1";"1";"2";3;4;-52
"5028";"202100005028";12;"15:40";"1";"69";"2";"1";"1";3;45;4
"5029";"202100005029";12;"14:10";"1";"972";"1";"1";"1";6;14;-61
"5030";"202100005030";12;"11:57";"1";"69";"2";"1";"2";6;45;4
"5031";"202100005031";12;"23:50";"5";"69";"2";"1";"1";6;45;4
"5032";"202100005032";12;"17:20";"5";"2A";"2";"1";"1";6;41;8
"5033";"202100005033";12;"17:15";"2";"95";"1";"1";"1";5;48;2
"5034";"202100005034";12;"08:10";"2";"95";"2";"1";"8";4;48;2
"5035";"202100005035";12;"06:10";"3";"95";"1";"1";"2";6;49;2
"5036";"202100005036";11;"12:49";"1";"95";"2";"1";"1";5;48;2
"5037";"202100005037";12;"10:20";"1";"91";"2";"1";"1";6;48;2
"5038";"202100005038";12;"14:50";"1";"91";"2";"3";"1";3;48;2
"5039";"202100005039";12;"11:30";"1";"91";"2";"1";"1";2;48;2
"5040";"202100005040";12;"08:16";"2";"91";"2";"2";"1";6;48;2
"5041";"202100005041";11;"09:05";"1";"87";"2";"1";"1";4;45;1
"5042";"202100005042";11;"16:10";"1";"80";"2";"1";"1";3;49;2
"5043";"202100005043";11;"21:45";"4";"80";"1";"1";"1";7;49;2
"5044";"202100005044";11;"16:10";"1";"80";"1";"1";"2";3;49;2
"5045";"202100005045";12;"18:00";"5";"77";"2";"3";"2";6;48;2
"5046";"202100005046";12;"17:30";"5";"76";"2";"1";"1";3;49;0
"5047";"202100005047";11;"17:25";"2";"76";"2";"1";"1";6;49;1
"5048";"202100005048";12;"17:30";"5";"69";"1";"1";"2";1;45;4
"5049";"202100005049";12;"16:40";"1";"69";"2";"2";"1";3;45;4
"5050";"202100005050";12;"15:30";"1";"69";"2";"1";"1";6;45;4
"5051";"202100005051";12;"07:15";"2";"69";"2";"1";"2";4;45;4
"5052";"202100005052";12;"06:30";"5";"69";"2";"2";"2";3;45;4
"5053";"202100005053";12;"07:20";"5";"64";"2";"1";"2";4;43;0
"5054";"202100005054";12;"10:30";"1";"62";"2";"6";"2";6;50;2
"5055";"202100005055";12;"17:55";"5";"61";"2";"6";"2";3;48;0
"5056";"202100005056";12;"19:30";"5";"60";"2";"3";"1";4;49;2
"5057";"202100005057";12;"17:15";"5";"59";"2";"1";"3";2;50;3
"5058";"202100005058";12;"14:10";"1";"57";"1";"1";"2";1;48;7
"5059";"202100005059";12;"18:15";"5";"56";"2";"2";"1";3;47;-3
"5060";"202100005060";12;"17:00";"5";"54";"2";"3";"1";6;48;6
"5061";"202100005061";12;"12:45";"1";"54";"2";"6";"1";3;48;6
"5062";"202100005062";12;"08:00";"1";"54";"2";"2";"1";6;48;6
"5063";"202100005063";12;"10:56";"1";"49";"2";"1";"1";6;47;0
"5064";"202100005064";12;"07:55";"2";"49";"2";"1";"1";7;47;0
"5065";"202100005065";12;"05:00";"5";"45";"2";"6";"2";7;47;1
"5066";"202100005066";12;"15:00";"1";"37";"2";"3";"1";3;47;0
"5067";"202100005067";12;"12:15";"1";"37";"2";"1";"1";7;47;0
"5068";"202100005068";12;"07:53";"2";"37";"2";"2";"1";3;47;0
"5069";"202100005069";12;"12:00";"1";"37";"2";"1";"8";6;47;0
"5070";"202100005070";12;"14:10";"1";"35";"2";"1";"1";1;48;-1
"5071";"202100005071";12;"08:10";"2";"35";"1";"1";"1";2;48;-1
"5072";"202100005072";12;"14:30";"1";"34";"2";"9";"1";3;43;3
"5073";"202100005073";12;"17:40";"5";"34";"1";"1";"2";6;43;3
"5074";"202100005074";12;"18:10";"5";"33";"2";"3";"2";3;44;0
"5075";"202100005075";12;"13:50";"1";"33";"2";"1";"8";2;44;0
"5076";"202100005076";12;"22:20";"5";"33";"2";"1";"2";3;44;0
"5077";"202100005077";12;"13:10";"1";"32";"2";"1";"8";3;43;0
"5078";"202100005078";12;"06:30";"3";"30";"1";"9";"1";6;44;4
"5079";"202100005079";12;"11:20";"1";"29";"2";"1";"2";6;48;-4
"5080";"202100005080";11;"13:25";"1";"27";"2";"1";"2";7;49;1
"5081";"202100005081";11;"11:05";"1";"26";"1";"6";"1";2;44;4
"5082";"202100005082";11;"20:30";"5";"26";"2";"2";"1";2;44;4
"5083";"202100005083";12;"16:45";"2";"14";"2";"1";"2";6;49;0
"5084";"202100005084";12;"15:05";"1";"13";"2";"1";"1";3;43;5
"5085";"202100005085";12;"11:25";"1";"13";"2";"1";"1";3;43;5
"5086";"202100005086";11;"21:20";"5";"13";"2";"1";"1";3;43;5
"5087";"202100005087";12;"23:02";"5";"11";"2";"1";"2";2;43;2
"5088";"202100005088";12;"16:18";"1";"10";"2";"2";"8";3;48;4
"5089";"202100005089";12;"15:30";"1";"10";"2";"7";"1";3;48;4
"5090";"202100005090";12;"11:10";"1";"10";"2";"4";"2";3;48;4
"5091";"202100005091";12;"07:40";"1";"06";"2";"1";"1";1;43;6
"5092";"202100005092";12;"18:28";"5";"06";"2";"9";"1";6;43;7
"5093";"202100005093";12;"12:22";"1";"06";"2";"4";"1";2;43;7
"5094";"202100005094";12;"12:40";"1";"75";"2";"1";"1";2;48;2
"5095";"202100005095";12;"08:30";"1";"75";"2";"1";"8";3;48;2
"5096";"202100005096";11;"20:00";"5";"75";"2";"4";"1";7;48;2
"5097";"202100005097";12;"10:10";"1";"75";"2";"7";"2";4;48;2
"5098";"202100005098";11;"13:55";"1";"75";"2";"4";"1";6;48;2
"5099";"202100005099";12;"18:15";"5";"75";"2";"1";"1";6;48;2
"5100";"202100005100";12;"23:40";"5";"75";"2";"1";"1";6;48;2
"5101";"202100005101";12;"09:50";"1";"75";"2";"1";"1";6;48;2
"5102";"202100005102";12;"10:05";"1";"75";"2";"3";"8";3;48;2
"5103";"202100005103";12;"18:20";"5";"75";"2";"4";"8";6;48;2
"5104";"202100005104";12;"22:23";"5";"75";"2";"7";"1";3;48;2
"5105";"202100005105";12;"21:10";"5";"75";"2";"2";"2";3;48;2
"5106";"202100005106";12;"13:35";"1";"75";"2";"1";"8";6;48;2
"5107";"202100005107";12;"16:05";"2";"94";"2";"1";"1";2;48;2
"5108";"202100005108";11;"09:40";"1";"94";"2";"3";"1";3;48;2
"5109";"202100005109";11;"05:40";"5";"94";"2";"3";"2";3;48;2
"5110";"202100005110";12;"18:30";"5";"94";"2";"2";"1";6;48;2
"5111";"202100005111";12;"16:00";"1";"94";"2";"1";"1";6;48;2
"5112";"202100005112";11;"17:25";"5";"94";"2";"2";"1";6;48;2
"5113";"202100005113";12;"07:50";"1";"94";"2";"1";"1";6;48;2
"5114";"202100005114";12;"07:00";"3";"94";"2";"1";"1";6;48;2
"5115";"202100005115";12;"03:50";"5";"94";"2";"1";"2";3;48;2
"5116";"202100005116";12;"11:56";"1";"94";"2";"9";"8";6;48;2
"5117";"202100005117";12;"01:55";"5";"94";"2";"1";"1";1;48;2
"5118";"202100005118";12;"09:40";"1";"94";"2";"9";"1";7;48;2
"5119";"202100005119";12;"10:52";"1";"94";"2";"1";"1";6;48;2
"5120";"202100005120";12;"06:10";"5";"93";"2";"1";"1";6;48;2
"5121";"202100005121";12;"14:30";"1";"93";"2";"1";"1";3;48;2
"5122";"202100005122";12;"23:55";"5";"93";"2";"3";"1";6;48;2
"5123";"202100005123";12;"10:20";"1";"92";"2";"1";"1";6;48;2
"5124";"202100005124";12;"17:45";"5";"92";"2";"1";"1";3;48;2
"5125";"202100005125";12;"08:15";"1";"92";"2";"1";"1";3;48;2
"5126";"202100005126";12;"11:05";"1";"92";"2";"1";"1";3;48;2
"5127";"202100005127";12;"13:15";"1";"92";"2";"5";"8";6;48;2
"5128";"202100005128";12;"19:10";"5";"92";"2";"1";"1";2;48;2
"5129";"202100005129";12;"12:30";"1";"92";"2";"1";"1";3;48;2
"5130";"202100005130";2;"12:30";"1";"92";"2";"1";"1";6;48;2
"5131";"202100005131";12;"18:16";"5";"92";"2";"9";"1";3;48;2
"5132";"202100005132";12;"23:10";"5";"92";"2";"6";"1";6;48;2
"5133";"202100005133";12;"15:45";"1";"44";"1";"1";"2";2;47;-1