"";"Num_Acc";"mois";"hrmn";"lum";"dep";"agg";"int";"atm";"col";"lat";"long"
"5134";"202100005134";12;"16:58";"3";"68";"2";"2";"2";3;48;7
"5135";"202100005135";12;"06:45";"1";"974";"2";"1";"1";3;-21;55
"5136";"202100005136";12;"11:10";"1";"972";"1";"1";"1";2;14;-61
"5137";"202100005137";11;"17:00";"5";"57";"2";"1";"2";6;49;6
"5138";"202100005138";12;"17:30";"5";"12";"1";"1";"2";6;44;2
"5139";"202100005139";12;"06:30";"3";"29";"1";"1";"3";4;48;-4
"5140";"202100005140";12;"21:30";"3";"25";"1";"1";"4";2;47;6
"5141";"202100005141";12;"15:45";"1";"17";"1";"2";"2";2;46;-1
"5142";"202100005142";12;"07:25";"3";"51";"1";"2";"1";1;49;4
"5143";"202100005143";11;"13:30";"1";"06";"2";"1";"1";6;43;7
"5144";"202100005144";11;"09:45";"1";"974";"2";"3";"1";1;-21;55
"5145";"202100005145";12;"19:25";"3";"44";"1";"1";"1";4;47;-1
"5146";"202100005146";12;"08:05";"2";"51";"2";"1";"1";1;49;4
"5147";"202100005147";12;"18:15";"5";"51";"1";"3";"2";4;49;4
"5148";"202100005148";12;"16:15";"2";"41";"2";"1";"1";3;47;2
"5149";"202100005149";12;"11:15";"1";"68";"1";"1";"1";6;48;7
"5150";"202100005150";12;"14:30";"1";"39";"1";"1";"2";6;47;5
"5151";"202100005151";12;"10:30";"1";"29";"1";"3";"3";6;47;-4
"5152";"202100005152";12;"23:00";"3";"03";"1";"1";"4";7;46;2
"5153";"202100005153";12;"17:30";"5";"03";"2";"1";"4";6;46;3
"5154";"202100005154";12;"16:45";"2";"54";"1";"1";"2";6;48;6
"5155";"202100005155";12;"17:30";"2";"72";"1";"1";"1";2;47;0
"5156";"202100005156";12;"18:00";"5";"06";"2";"1";"4";6;44;6
"5157";"202100005157";12;"16:50";"2";"60";"2";"3";"1";3;49;3
"5158";"202100005158";12;"12:13";"1";"60";"2";"6";"1";6;49;2
"5159";"202100005159";11;"18:55";"3";"45";"1";"3";"1";1;47;1
"5160";"202100005160";12;"07:25";"3";"64";"1";"1";"1";1;43;0
"5161";"202100005161";12;"08:05";"1";"64";"2";"1";"1";3;43;0
"5162";"202100005162";12;"02:10";"3";"18";"1";"3";"1";6;47;2
"5163";"202100005163";12;"14:00";"1";"85";"1";"6";"2";7;46;-1
"5164";"202100005164";12;"21:40";"5";"87";"2";"1";"1";6;46;0
"5165";"202100005165";12;"09:28";"1";"31";"1";"1";"1";2;43;1
"5166";"202100005166";12;"17:05";"5";"01";"1";"1";"9";2;46;5
"5167";"202100005167";12;"08:35";"1";"06";"1";"1";"1";6;43;7
"5168";"202100005168";11;"19:40";"3";"06";"1";"1";"1";6;43;7
"5169";"202100005169";11;"14:40";"1";"60";"1";"1";"1";4;49;2
"5170";"202100005170";12;"18:50";"5";"976";"2";"1";"1";1;-12;45
"5171";"202100005171";12;"21:00";"3";"77";"2";"1";"1";1;48;3
"5172";"202100005172";12;"16:00";"1";"77";"1";"2";"8";3;48;2
"5173";"202100005173";12;"15:25";"1";"95";"1";"1";"2";6;49;1
"5174";"202100005174";12;"15:00";"1";"78";"1";"4";"8";6;48;1
"5175";"202100005175";12;"14:00";"1";"66";"1";"1";"1";6;42;2
"5176";"202100005176";12;"17:30";"2";"30";"1";"1";"1";3;44;4
"5177";"202100005177";12;"04:00";"5";"13";"1";"1";"2";1;43;5
"5178";"202100005178";12;"08:25";"2";"69";"1";"1";"1";1;45;4
"5179";"202100005179";12;"11:00";"1";"32";"1";"1";"1";6;43;0
"5180";"202100005180";12;"19:55";"5";"60";"2";"1";"2";6;49;2
"5181";"202100005181";11;"16:55";"2";"80";"1";"1";"2";1;49;2
"5182";"202100005182";12;"17:57";"3";"13";"1";"1";"1";3;43;5
"5183";"202100005183";12;"08:00";"1";"13";"1";"1";"5";4;43;5
"5184";"202100005184";12;"07:45";"1";"13";"1";"1";"1";4;43;5
"5185";"202100005185";12;"18:20";"3";"13";"1";"1";"3";2;43;5
"5186";"202100005186";12;"18:16";"5";"13";"1";"1";"2";2;43;5
"5187";"202100005187";12;"15:43";"1";"13";"1";"1";"1";2;43;5
"5188";"202100005188";12;"12:55";"1";"83";"1";"1";"1";6;43;5
"5189";"202100005189";11;"06:10";"5";"69";"1";"1";"2";7;45;4
"5190";"202100005190";11;"18:45";"3";"69";"1";"9";"1";3;45;4
"5191";"202100005191";12;"09:00";"1";"33";"1";"1";"1";3;44;0
"5192";"202100005192";11;"16:14";"1";"59";"1";"1";"1";2;50;3
"5193";"202100005193";12;"18:00";"4";"91";"1";"1";"1";2;48;2
"5194";"202100005194";12;"05:45";"3";"91";"1";"1";"1";3;48;2
"5195";"202100005195";12;"21:30";"5";"92";"1";"1";"2";4;48;2
"5196";"202100005196";12;"19:41";"3";"78";"1";"1";"2";5;48;2
"5197";"202100005197";12;"18:30";"3";"93";"1";"1";"1";4;48;2
"5198";"202100005198";12;"17:30";"3";"93";"1";"1";"1";3;48;2
"5199";"202100005199";12;"16:00";"1";"93";"1";"1";"1";6;48;2
"5200";"202100005200";12;"08:50";"1";"93";"1";"1";"1";3;48;2
"5201";"202100005201";12;"09:25";"1";"95";"1";"1";"2";5;48;2
"5202";"202100005202";12;"19:45";"5";"94";"1";"1";"1";2;48;2
"5203";"202100005203";12;"18:26";"5";"08";"2";"1";"8";6;49;4
"5204";"202100005204";12;"21:48";"5";"95";"2";"1";"2";2;49;2
"5205";"202100005205";11;"16:45";"1";"38";"2";"1";"1";3;45;5
"5206";"202100005206";11;"15:27";"1";"92";"2";"2";"1";6;48;2
"5207";"202100005207";11;"17:40";"3";"69";"2";"1";"8";6;45;4
"5208";"202100005208";11;"07:55";"2";"92";"2";"2";"1";6;48;2
"5209";"202100005209";7;"16:45";"1";"33";"2";"1";"1";6;44;0
"5210";"202100005210";9;"12:50";"1";"19";"2";"1";"2";6;45;1
"5211";"202100005211";9;"13:35";"1";"19";"2";"1";"8";7;45;1
"5212";"202100005212";8;"20:30";"1";"19";"2";"2";"1";3;45;1
"5213";"202100005213";7;"19:47";"1";"10";"2";"6";"1";2;48;4
"5214";"202100005214";7;"22:45";"5";"06";"2";"1";"1";1;43;7
"5215";"202100005215";12;"06:15";"1";"988";"2";"1";"2";6;-22;166
"5216";"202100005216";12;"09:05";"1";"976";"2";"1";"1";2;-12;45
"5217";"202100005217";11;"16:00";"1";"974";"2";"1";"1";3;-21;55
"5218";"202100005218";11;"08:00";"1";"974";"1";"1";"1";6;-21;55
"5219";"202100005219";11;"09:45";"2";"974";"1";"1";"1";3;-20;55
"5220";"202100005220";11;"04:55";"5";"974";"1";"1";"1";7;-20;55
"5221";"202100005221";12;"17:05";"2";"69";"2";"1";"8";6;45;4
"5222";"202100005222";11;"00:25";"5";"69";"2";"1";"1";7;45;4
"5223";"202100005223";12;"18:20";"3";"972";"2";"1";"1";1;14;-61
"5224";"202100005224";11;"20:33";"5";"972";"1";"1";"1";6;14;-61
"5225";"202100005225";10;"04:20";"5";"972";"1";"1";"1";2;14;-61
"5226";"202100005226";12;"15:42";"1";"69";"2";"1";"2";6;45;4
"5227";"202100005227";11;"01:50";"5";"69";"2";"1";"1";6;45;4
"5228";"202100005228";12;"06:45";"2";"971";"1";"1";"1";7;16;-61
"5229";"202100005229";11;"18:21";"5";"971";"1";"9";"1";3;16;-61
"5230";"202100005230";12;"06:30";"5";"2A";"2";"3";"2";3;41;8
"5231";"202100005231";12;"08:30";"1";"95";"2";"6";"8";3;48;2
"5232";"202100005232";11;"23:30";"5";"95";"2";"1";"1";1;48;2
"5233";"202100005233";11;"11:25";"1";"95";"2";"9";"2";6;48;2
"5234";"202100005234";12;"15:25";"1";"95";"2";"1";"2";6;49;2
"5235";"202100005235";12;"19:31";"3";"91";"2";"1";"2";3;48;2
"5236";"202100005236";12;"20:30";"4";"91";"2";"9";"1";3;48;2
"5237";"202100005237";11;"09:50";"1";"91";"2";"2";"1";3;48;2
"5238";"202100005238";11;"16:43";"1";"89";"2";"2";"1";3;47;3
"5239";"202100005239";12;"10:33";"1";"87";"2";"1";"1";6;45;1
"5240";"202100005240";11;"08:51";"1";"87";"2";"1";"1";3;45;1
"5241";"202100005241";11;"13:10";"1";"87";"2";"2";"1";3;45;1
"5242";"202100005242";11;"17:55";"4";"86";"2";"1";"1";6;46;0
"5243";"202100005243";11;"23:05";"5";"86";"2";"1";"2";6;46;0
"5244";"202100005244";11;"17:00";"2";"86";"2";"1";"1";6;46;0
"5245";"202100005245";11;"12:18";"1";"86";"2";"1";"1";2;46;0
"5246";"202100005246";12;"07:20";"3";"86";"2";"1";"2";6;46;0
"5247";"202100005247";11;"18:30";"5";"83";"2";"1";"1";3;43;6
"5248";"202100005248";11;"11:00";"1";"83";"1";"1";"1";3;43;6
"5249";"202100005249";11;"17:55";"5";"83";"2";"1";"1";6;43;6
"5250";"202100005250";11;"01:05";"3";"81";"1";"1";"1";6;43;2
"5251";"202100005251";11;"04:02";"5";"80";"2";"1";"2";7;49;2
"5252";"202100005252";11;"07:55";"5";"80";"2";"1";"1";4;49;2
"5253";"202100005253";11;"19:00";"2";"78";"2";"1";"1";2;48;2
"5254";"202100005254";12;"15:42";"1";"78";"2";"1";"8";1;49;1
"5255";"202100005255";12;"08:20";"2";"77";"2";"1";"2";3;48;2
"5256";"202100005256";11;"19:11";"3";"77";"1";"2";"8";6;48;2
"5257";"202100005257";11;"18:03";"5";"76";"2";"2";"1";7;49;0
"5258";"202100005258";11;"08:20";"1";"74";"2";"2";"1";6;45;6
"5259";"202100005259";12;"19:13";"5";"72";"2";"9";"1";6;47;0
"5260";"202100005260";11;"16:35";"1";"72";"2";"2";"1";3;48;0
"5261";"202100005261";11;"19:00";"5";"69";"1";"2";"1";1;45;4
"5262";"202100005262";11;"09:50";"1";"69";"2";"3";"2";6;45;4
"5263";"202100005263";11;"16:30";"2";"69";"2";"1";"1";6;45;4
"5264";"202100005264";11;"17:40";"2";"69";"2";"1";"1";6;45;4
"5265";"202100005265";12;"17:40";"5";"67";"2";"1";"2";2;48;7
"5266";"202100005266";11;"16:33";"5";"67";"2";"1";"4";6;48;7
"5267";"202100005267";11;"08:40";"1";"67";"2";"1";"1";6;48;7
"5268";"202100005268";11;"09:05";"1";"67";"1";"1";"1";3;48;7
"5269";"202100005269";11;"22:20";"5";"67";"2";"3";"1";6;48;7
"5270";"202100005270";12;"13:50";"1";"66";"2";"3";"1";3;42;2
"5271";"202100005271";11;"15:21";"1";"66";"2";"3";"1";3;42;2
"5272";"202100005272";11;"08:53";"1";"66";"2";"1";"1";6;42;2
"5273";"202100005273";11;"11:44";"1";"66";"2";"1";"8";6;42;2
"5274";"202100005274";11;"18:45";"5";"66";"2";"3";"1";3;42;2
"5275";"202100005275";12;"08:10";"2";"64";"2";"1";"1";2;43;-1
"5276";"202100005276";12;"08:20";"1";"64";"2";"1";"1";2;43;0
"5277";"202100005277";11;"12:00";"1";"64";"2";"1";"1";3;43;-1
"5278";"202100005278";11;"16:35";"1";"63";"1";"1";"1";1;45;3
"5279";"202100005279";11;"21:54";"5";"63";"2";"1";"1";1;45;3
"5280";"202100005280";11;"19:15";"5";"63";"2";"1";"1";3;45;3
"5281";"202100005281";11;"14:33";"1";"63";"2";"1";"1";2;45;3
"5282";"202100005282";11;"10:18";"1";"63";"2";"5";"1";3;45;3
"5283";"202100005283";11;"18:00";"5";"59";"2";"1";"2";6;50;4
"5284";"202100005284";11;"17:30";"2";"59";"2";"1";"1";6;50;4
"5285";"202100005285";11;"17:10";"5";"59";"2";"3";"8";3;50;3
"5286";"202100005286";11;"17:10";"2";"59";"2";"9";"8";6;50;3
"5287";"202100005287";11;"08:30";"1";"59";"1";"1";"8";1;51;2
"5288";"202100005288";11;"17:09";"5";"57";"2";"1";"3";6;49;6
"5289";"202100005289";12;"11:00";"1";"57";"2";"9";"2";3;49;6
"5290";"202100005290";11;"07:20";"5";"57";"2";"2";"3";6;49;6
"5291";"202100005291";11;"21:10";"5";"56";"2";"1";"1";1;47;-3
"5292";"202100005292";11;"23:05";"5";"54";"2";"4";"2";6;48;6
"5293";"202100005293";11;"18:45";"2";"52";"2";"1";"2";3;48;5
"5294";"202100005294";12;"15:35";"1";"51";"2";"2";"2";7;49;4
"5295";"202100005295";11;"11:20";"1";"49";"2";"1";"1";3;47;0
"5296";"202100005296";11;"18:10";"5";"49";"2";"1";"1";6;47;0
"5297";"202100005297";11;"16:51";"1";"49";"2";"3";"1";3;47;0
"5298";"202100005298";11;"09:36";"1";"49";"2";"1";"8";6;47;0
"5299";"202100005299";11;"17:08";"2";"49";"2";"1";"1";7;47;0
"5300";"202100005300";12;"01:00";"5";"45";"2";"6";"1";7;47;1
"5301";"202100005301";12;"07:30";"5";"45";"2";"6";"2";3;47;1
"5302";"202100005302";12;"07:45";"5";"45";"2";"1";"2";3;47;1
"5303";"202100005303";11;"17:45";"3";"45";"1";"1";"2";5;48;2
"5304";"202100005304";11;"14:05";"1";"45";"2";"2";"8";3;47;2
"5305";"202100005305";11;"04:20";"3";"44";"2";"2";"1";3;47;-2
"5306";"202100005306";12;"13:30";"1";"44";"2";"3";"1";3;47;-1
"5307";"202100005307";11;"09:15";"1";"44";"1";"1";"1";3;47;-1
"5308";"202100005308";12;"05:00";"2";"38";"2";"1";"1";6;45;5
"5309";"202100005309";12;"20:55";"5";"37";"2";"1";"1";6;47;0
"5310";"202100005310";12;"16:00";"1";"37";"2";"1";"1";7;47;0
"5311";"202100005311";11;"23:50";"5";"37";"2";"1";"1";1;47;0
"5312";"202100005312";11;"11:10";"1";"37";"2";"1";"8";2;47;0
"5313";"202100005313";11;"18:45";"5";"37";"2";"1";"1";3;47;0
"5314";"202100005314";12;"19:45";"5";"35";"2";"2";"2";3;48;-1
"5315";"202100005315";12;"19:10";"5";"35";"2";"1";"1";2;48;-1
"5316";"202100005316";12;"18:05";"5";"35";"2";"2";"1";6;48;-1
"5317";"202100005317";12;"11:40";"1";"35";"2";"6";"2";6;48;-1
"5318";"202100005318";11;"18:40";"5";"35";"2";"9";"1";3;48;-1
"5319";"202100005319";11;"07:57";"5";"35";"2";"6";"2";3;48;-1
"5320";"202100005320";11;"08:00";"2";"35";"2";"1";"2";2;48;-1
"5321";"202100005321";12;"15:05";"1";"33";"2";"1";"1";4;44;0
"5322";"202100005322";12;"07:40";"2";"33";"2";"9";"3";6;44;0
"5323";"202100005323";11;"09:00";"1";"33";"2";"1";"1";3;44;0
"5324";"202100005324";11;"07:55";"1";"33";"2";"1";"1";6;44;-1
"5325";"202100005325";11;"07:57";"2";"32";"2";"6";"2";3;43;0
"5326";"202100005326";11;"03:40";"5";"31";"2";"1";"1";7;43;1
"5327";"202100005327";11;"16:45";"1";"31";"2";"1";"1";3;43;0
"5328";"202100005328";11;"00:50";"3";"30";"1";"1";"2";7;43;4
"5329";"202100005329";11;"01:10";"3";"30";"2";"1";"1";3;44;4
"5330";"202100005330";11;"13:54";"1";"29";"1";"1";"8";1;47;-4
"5331";"202100005331";11;"19:04";"3";"29";"2";"1";"8";7;47;-4
"5332";"202100005332";11;"17:20";"2";"29";"2";"4";"2";3;47;-3
"5333";"202100005333";12;"18:35";"5";"27";"2";"9";"2";3;49;1
"5334";"202100005334";12;"12:30";"1";"27";"2";"1";"2";7;49;1
"5335";"202100005335";11;"14:25";"1";"27";"2";"1";"1";7;49;1
"5336";"202100005336";11;"10:00";"1";"27";"2";"1";"8";7;49;1
"5337";"202100005337";11;"22:05";"5";"27";"2";"1";"2";6;49;1
"5338";"202100005338";11;"18:30";"3";"25";"1";"1";"8";1;46;6
"5339";"202100005339";12;"14:30";"1";"25";"2";"3";"3";3;47;6
"5340";"202100005340";11;"18:30";"5";"25";"2";"1";"2";6;47;5
"5341";"202100005341";11;"12:20";"1";"25";"2";"1";"2";3;47;5
"5342";"202100005342";12;"17:20";"2";"17";"2";"1";"2";3;45;0
"5343";"202100005343";12;"13:40";"1";"17";"2";"3";"1";6;45;-1
"5344";"202100005344";12;"17:00";"2";"14";"2";"1";"2";3;49;0
"5345";"202100005345";12;"15:40";"1";"14";"2";"2";"3";3;49;0
"5346";"202100005346";11;"17:25";"3";"14";"2";"1";"1";3;49;0
"5347";"202100005347";12;"16:10";"1";"13";"2";"1";"8";3;43;5
"5348";"202100005348";12;"11:35";"1";"13";"2";"4";"1";3;43;5
"5349";"202100005349";12;"10:15";"1";"13";"2";"1";"1";1;43;5
"5350";"202100005350";12;"02:00";"5";"13";"2";"1";"1";6;43;5
"5351";"202100005351";11;"18:30";"5";"13";"2";"3";"1";3;43;5
"5352";"202100005352";11;"18:30";"5";"13";"2";"1";"1";2;43;5
"5353";"202100005353";11;"09:30";"1";"13";"2";"1";"1";2;43;5
"5354";"202100005354";11;"15:30";"1";"13";"2";"1";"1";2;43;5
"5355";"202100005355";11;"16:03";"1";"13";"2";"2";"1";3;43;5
"5356";"202100005356";12;"12:10";"1";"13";"1";"1";"1";5;43;4
"5357";"202100005357";11;"12:17";"1";"12";"2";"3";"2";3;44;3
"5358";"202100005358";11;"17:55";"1";"11";"2";"3";"1";3;43;2
"5359";"202100005359";11;"08:30";"1";"11";"2";"6";"1";3;43;2
"5360";"202100005360";11;"15:25";"1";"09";"1";"1";"1";6;43;1
"5361";"202100005361";11;"11:00";"1";"09";"2";"2";"1";3;43;1
"5362";"202100005362";11;"08:00";"1";"08";"2";"1";"9";3;49;4
"5363";"202100005363";11;"12:20";"1";"07";"2";"6";"8";6;44;4
"5364";"202100005364";11;"14:50";"1";"06";"2";"1";"1";2;43;7
"5365";"202100005365";11;"10:00";"1";"06";"2";"1";"1";3;43;7
"5366";"202100005366";11;"08:35";"1";"05";"2";"3";"7";6;44;6
"5367";"202100005367";11;"18:44";"5";"05";"2";"3";"1";3;44;6
"5368";"202100005368";12;"08:50";"1";"04";"1";"3";"1";5;43;5
"5369";"202100005369";11;"17:42";"4";"03";"2";"1";"2";6;46;3
"5370";"202100005370";11;"12:40";"1";"03";"2";"1";"1";6;46;3
"5371";"202100005371";11;"20:15";"5";"75";"2";"3";"1";6;48;2
"5372";"202100005372";12;"11:10";"1";"75";"2";"2";"2";6;48;2
"5373";"202100005373";12;"11:00";"1";"75";"2";"2";"3";3;48;2
"5374";"202100005374";11;"02:22";"5";"75";"2";"2";"1";2;48;2
"5375";"202100005375";12;"17:55";"2";"75";"2";"2";"1";6;48;2
"5376";"202100005376";12;"18:15";"5";"75";"2";"3";"8";7;48;2
"5377";"202100005377";12;"12:45";"1";"75";"2";"1";"8";7;48;2
"5378";"202100005378";11;"19:40";"5";"75";"2";"1";"2";7;48;2
"5379";"202100005379";12;"21:15";"5";"75";"2";"2";"1";3;48;2
"5380";"202100005380";12;"18:55";"5";"75";"2";"2";"1";6;48;2
"5381";"202100005381";12;"07:50";"1";"75";"2";"2";"1";3;48;2
"5382";"202100005382";12;"11:22";"1";"75";"2";"1";"1";6;48;2
"5383";"202100005383";12;"07:55";"2";"75";"2";"1";"2";3;48;2
"5384";"202100005384";12;"13:50";"1";"75";"2";"7";"2";6;48;2
"5385";"202100005385";12;"10:30";"1";"75";"2";"7";"2";3;48;2
"5386";"202100005386";11;"12:45";"1";"75";"2";"1";"1";3;48;2
"5387";"202100005387";12;"19:10";"5";"75";"2";"2";"2";7;48;2
"5388";"202100005388";12;"08:30";"2";"94";"2";"1";"2";6;48;2
"5389";"202100005389";11;"23:20";"5";"94";"2";"2";"1";3;48;2
"5390";"202100005390";12;"06:38";"5";"93";"2";"3";"2";1;48;2
"5391";"202100005391";12;"15:15";"1";"93";"2";"1";"2";6;48;2
"5392";"202100005392";12;"13:45";"1";"93";"2";"1";"2";3;48;2
"5393";"202100005393";12;"06:55";"5";"93";"2";"2";"8";6;48;2
"5394";"202100005394";12;"10:20";"1";"93";"2";"2";"1";6;48;2
"5395";"202100005395";12;"08:05";"2";"93";"2";"1";"2";2;48;2
"5396";"202100005396";12;"15:44";"1";"92";"2";"1";"1";7;48;2
"5397";"202100005397";11;"22:30";"5";"92";"2";"1";"1";3;48;2
"5398";"202100005398";12;"13:10";"1";"92";"2";"1";"2";6;48;2
"5399";"202100005399";12;"15:47";"1";"92";"2";"1";"8";6;48;2
"5400";"202100005400";12;"10:25";"1";"92";"2";"1";"2";1;48;2
"5401";"202100005401";11;"12:40";"1";"92";"2";"1";"1";3;48;2
"5402";"202100005402";12;"19:10";"5";"92";"2";"1";"8";2;48;2
"5403";"202100005403";12;"20:20";"5";"92";"2";"1";"2";7;48;2
"5404";"202100005404";12;"17:40";"5";"35";"1";"2";"1";3;47;-2
"5405";"202100005405";11;"15:45";"1";"49";"1";"1";"1";6;47;0
"5406";"202100005406";12;"06:45";"3";"49";"2";"1";"1";6;47;0
"5407";"202100005407";11;"01:55";"3";"21";"1";"1";"1";2;47;5
"5408";"202100005408";11;"00:43";"3";"01";"1";"6";"1";6;46;4
"5409";"202100005409";12;"06:20";"3";"01";"1";"2";"2";3;46;5
"5410";"202100005410";11;"12:15";"1";"58";"2";"1";"1";1;47;2
"5411";"202100005411";11;"09:00";"1";"43";"1";"1";"1";2;45;3
"5412";"202100005412";12;"16:50";"1";"56";"1";"1";"2";6;48;-2
"5413";"202100005413";11;"07:50";"2";"56";"1";"1";"1";1;47;-3
"5414";"202100005414";12;"08:45";"1";"56";"1";"1";"8";1;47;-2
"5415";"202100005415";11;"06:25";"2";"67";"1";"1";"4";7;48;7
"5416";"202100005416";12;"09:45";"1";"79";"2";"6";"1";3;46;0
"5417";"202100005417";12;"12:35";"1";"32";"1";"1";"3";6;43;0
"5418";"202100005418";12;"12:00";"1";"71";"1";"2";"3";6;46;4
"5419";"202100005419";12;"16:50";"2";"68";"2";"1";"4";6;48;7
"5420";"202100005420";12;"16:15";"1";"29";"1";"1";"2";1;48;-3
"5421";"202100005421";12;"16:45";"3";"38";"1";"1";"2";1;45;5
"5422";"202100005422";12;"09:40";"1";"01";"2";"3";"2";6;46;5
"5423";"202100005423";11;"14:31";"1";"70";"1";"1";"4";1;47;6
"5424";"202100005424";12;"13:30";"1";"70";"1";"1";"3";6;47;6
"5425";"202100005425";12;"15:35";"1";"66";"1";"1";"1";6;42;3
"5426";"202100005426";11;"13:25";"1";"66";"2";"1";"1";1;42;2
"5427";"202100005427";12;"10:50";"1";"72";"1";"3";"1";4;48;0
"5428";"202100005428";11;"07:30";"2";"45";"1";"1";"5";5;48;2
"5429";"202100005429";12;"04:52";"3";"16";"1";"3";"5";6;45;0
"5430";"202100005430";11;"16:40";"1";"04";"1";"1";"1";3;43;6
"5431";"202100005431";12;"08:50";"1";"17";"1";"1";"1";6;45;0
"5432";"202100005432";12;"09:55";"1";"37";"2";"1";"1";6;47;0
"5433";"202100005433";12;"17:25";"5";"37";"2";"1";"1";6;47;0
"5434";"202100005434";12;"20:45";"3";"30";"1";"1";"8";7;44;4
"5435";"202100005435";11;"23:00";"3";"30";"1";"1";"1";3;44;4
"5436";"202100005436";12;"10:10";"1";"52";"1";"1";"8";1;48;5
"5437";"202100005437";12;"13:53";"1";"08";"1";"1";"8";1;49;5
"5438";"202100005438";12;"20:45";"3";"13";"1";"1";"5";1;43;5
"5439";"202100005439";11;"13:30";"1";"35";"1";"1";"1";7;48;-1
"5440";"202100005440";12;"07:00";"2";"973";"2";"1";"1";3;4;-52
"5441";"202100005441";12;"21:15";"3";"01";"1";"1";"2";2;45;5
"5442";"202100005442";12;"07:30";"3";"37";"1";"1";"1";1;47;1
"5443";"202100005443";11;"18:40";"3";"11";"1";"1";"1";6;43;2
"5444";"202100005444";12;"06:38";"3";"74";"1";"1";"2";4;46;6
"5445";"202100005445";12;"20:00";"5";"95";"2";"1";"1";6;49;2
"5446";"202100005446";12;"10:10";"1";"987";"2";"1";"3";6;-17;-149
"5447";"202100005447";12;"19:25";"3";"973";"1";"1";"2";6;4;-52
"5448";"202100005448";11;"07:45";"3";"33";"2";"1";"1";3;44;-1
"5449";"202100005449";12;"14:43";"1";"34";"1";"1";"2";3;43;3
"5450";"202100005450";12;"12:30";"1";"34";"1";"3";"1";3;43;4
"5451";"202100005451";11;"13:00";"1";"06";"1";"1";"1";1;43;7
"5452";"202100005452";12;"14:30";"1";"13";"1";"1";"1";2;43;5
"5453";"202100005453";12;"16:15";"1";"74";"2";"1";"2";1;46;6
"5454";"202100005454";11;"10:15";"1";"38";"1";"1";"8";1;45;5
"5455";"202100005455";12;"15:40";"1";"85";"1";"1";"1";6;46;-1
"5456";"202100005456";12;"16:45";"1";"14";"1";"3";"3";1;48;0
"5457";"202100005457";12;"15:50";"1";"27";"2";"4";"1";6;49;1
"5458";"202100005458";12;"13:30";"1";"60";"2";"1";"1";3;49;2
"5459";"202100005459";12;"15:20";"1";"62";"2";"4";"1";3;50;2
"5460";"202100005460";6;"17:00";"1";"69";"1";"1";"1";4;45;4
"5461";"202100005461";12;"05:30";"3";"91";"1";"1";"2";2;48;2
"5462";"202100005462";12;"08:45";"1";"92";"1";"1";"1";7;48;2
"5463";"202100005463";12;"06:50";"3";"78";"1";"1";"2";4;48;1
"5464";"202100005464";12;"19:40";"4";"93";"1";"1";"1";3;48;2
"5465";"202100005465";12;"14:50";"1";"93";"1";"1";"2";7;48;2
"5466";"202100005466";11;"23:30";"3";"93";"1";"1";"1";3;48;2
"5467";"202100005467";9;"07:17";"2";"74";"2";"1";"2";6;46;6
"5468";"202100005468";9;"08:10";"1";"74";"2";"1";"1";1;46;6
"5469";"202100005469";9;"10:50";"1";"74";"2";"3";"1";3;46;6
"5470";"202100005470";9;"14:40";"1";"74";"2";"1";"1";6;46;6
"5471";"202100005471";9;"06:00";"2";"74";"1";"1";"1";1;46;6
"5472";"202100005472";1;"23:20";"5";"94";"2";"1";"1";6;48;2
"5473";"202100005473";11;"12:10";"1";"974";"2";"1";"1";2;-21;55
"5474";"202100005474";11;"13:45";"1";"974";"1";"1";"2";3;-20;55
"5475";"202100005475";11;"10:15";"1";"974";"2";"2";"1";3;-20;55
"5476";"202100005476";11;"07:00";"5";"69";"2";"2";"1";6;45;4
"5477";"202100005477";11;"08:20";"1";"69";"2";"1";"1";1;45;4
"5478";"202100005478";11;"14:20";"1";"971";"2";"2";"1";6;16;-61
"5479";"202100005479";11;"13:55";"1";"2A";"2";"1";"1";7;41;8
"5480";"202100005480";11;"16:00";"1";"95";"1";"1";"1";3;49;2
"5481";"202100005481";11;"10:30";"1";"95";"2";"1";"1";6;48;2
"5482";"202100005482";11;"07:45";"5";"91";"2";"9";"2";7;48;2
"5483";"202100005483";11;"06:00";"5";"91";"2";"2";"1";6;48;2
"5484";"202100005484";11;"03:35";"5";"87";"2";"1";"4";6;45;1
"5485";"202100005485";11;"17:22";"1";"87";"2";"3";"1";3;45;1
"5486";"202100005486";11;"00:10";"3";"87";"1";"1";"2";6;45;1
"5487";"202100005487";11;"15:20";"1";"83";"2";"4";"7";6;43;5
"5488";"202100005488";11;"21:20";"5";"80";"2";"1";"2";1;49;2
"5489";"202100005489";11;"17:30";"5";"80";"2";"1";"1";7;49;2
"5490";"202100005490";11;"13:40";"1";"80";"1";"1";"1";2;49;2
"5491";"202100005491";11;"03:20";"5";"77";"2";"1";"1";6;48;2
"5492";"202100005492";11;"20:15";"5";"74";"1";"1";"1";2;46;6
"5493";"202100005493";11;"17:20";"5";"71";"2";"1";"2";5;46;4
"5494";"202100005494";11;"15:20";"1";"67";"2";"3";"1";3;48;7
"5495";"202100005495";11;"15:37";"1";"66";"2";"1";"1";3;42;2
"5496";"202100005496";11;"07:55";"1";"65";"2";"1";"1";1;43;0
"5497";"202100005497";11;"17:27";"2";"63";"2";"1";"1";3;45;3
"5498";"202100005498";11;"12:19";"1";"63";"2";"1";"1";6;45;3