"";"Num_Acc";"mois";"hrmn";"lum";"dep";"agg";"int";"atm";"col";"lat";"long"
"5499";"202100005499";11;"10:38";"1";"63";"2";"2";"1";3;45;3
"5500";"202100005500";11;"12:05";"1";"62";"2";"9";"8";6;50;1
"5501";"202100005501";11;"18:40";"5";"60";"1";"1";"3";6;49;2
"5502";"202100005502";11;"13:55";"1";"59";"2";"1";"1";3;50;3
"5503";"202100005503";11;"12:00";"1";"59";"2";"1";"2";6;50;3
"5504";"202100005504";11;"17:10";"5";"59";"2";"1";"3";2;50;3
"5505";"202100005505";11;"16:50";"2";"54";"2";"4";"1";6;49;5
"5506";"202100005506";11;"17:45";"5";"51";"2";"1";"1";7;49;4
"5507";"202100005507";11;"20:05";"5";"50";"1";"1";"1";2;48;-1
"5508";"202100005508";11;"13:55";"1";"43";"2";"2";"1";6;45;3
"5509";"202100005509";11;"15:49";"1";"38";"1";"1";"5";6;45;5
"5510";"202100005510";11;"17:30";"3";"35";"2";"1";"1";2;48;-1
"5511";"202100005511";11;"18:20";"5";"33";"2";"9";"1";6;44;0
"5512";"202100005512";11;"08:41";"1";"30";"2";"1";"1";3;44;4
"5513";"202100005513";11;"18:40";"4";"28";"2";"6";"2";4;48;1
"5514";"202100005514";11;"19:45";"5";"26";"2";"1";"1";2;44;4
"5515";"202100005515";11;"17:27";"5";"14";"2";"1";"1";6;49;0
"5516";"202100005516";11;"16:45";"1";"14";"2";"3";"1";3;49;0
"5517";"202100005517";11;"14:02";"1";"14";"1";"9";"1";6;49;0
"5518";"202100005518";11;"17:59";"5";"13";"2";"1";"1";2;43;5
"5519";"202100005519";11;"01:20";"5";"13";"2";"1";"1";3;43;5
"5520";"202100005520";11;"21:30";"5";"13";"2";"1";"1";3;43;5
"5521";"202100005521";11;"19:15";"5";"13";"2";"1";"1";6;43;5
"5522";"202100005522";11;"19:05";"5";"13";"2";"3";"1";3;43;5
"5523";"202100005523";11;"18:15";"2";"13";"2";"1";"1";3;43;5
"5524";"202100005524";11;"09:26";"1";"13";"2";"1";"1";2;43;5
"5525";"202100005525";11;"00:38";"5";"13";"2";"1";"1";1;43;5
"5526";"202100005526";11;"08:10";"1";"06";"2";"1";"1";6;43;7
"5527";"202100005527";11;"21:10";"5";"05";"2";"1";"1";2;44;6
"5528";"202100005528";11;"09:15";"1";"04";"1";"1";"2";7;43;5
"5529";"202100005529";11;"16:10";"1";"75";"2";"1";"1";2;48;2
"5530";"202100005530";11;"17:25";"5";"75";"2";"2";"1";6;48;2
"5531";"202100005531";11;"12:00";"1";"75";"2";"4";"1";6;48;2
"5532";"202100005532";11;"16:55";"5";"75";"2";"2";"1";3;48;2
"5533";"202100005533";11;"12:15";"1";"75";"2";"7";"1";2;48;2
"5534";"202100005534";11;"22:20";"5";"75";"2";"3";"1";3;48;2
"5535";"202100005535";11;"17:10";"5";"75";"2";"2";"1";6;48;2
"5536";"202100005536";11;"11:15";"1";"75";"2";"1";"8";3;48;2
"5537";"202100005537";11;"08:09";"1";"75";"2";"3";"8";6;48;2
"5538";"202100005538";11;"12:10";"1";"75";"2";"3";"1";6;48;2
"5539";"202100005539";11;"18:00";"5";"75";"2";"2";"1";6;48;2
"5540";"202100005540";11;"15:25";"1";"75";"2";"2";"1";6;48;2
"5541";"202100005541";11;"16:10";"1";"75";"2";"7";"8";6;48;2
"5542";"202100005542";11;"15:50";"1";"75";"2";"2";"1";3;48;2
"5543";"202100005543";11;"09:45";"1";"75";"2";"4";"8";7;48;2
"5544";"202100005544";11;"06:36";"5";"75";"2";"1";"1";3;48;2
"5545";"202100005545";11;"10:30";"1";"75";"2";"1";"8";6;48;2
"5546";"202100005546";11;"16:25";"1";"75";"2";"2";"8";3;48;2
"5547";"202100005547";11;"10:15";"1";"75";"2";"7";"8";3;48;2
"5548";"202100005548";11;"18:50";"5";"94";"2";"1";"8";3;48;2
"5549";"202100005549";11;"23:00";"5";"94";"2";"1";"1";2;48;2
"5550";"202100005550";11;"07:32";"2";"94";"2";"2";"8";3;48;2
"5551";"202100005551";11;"07:50";"5";"94";"2";"1";"9";3;48;2
"5552";"202100005552";11;"17:35";"2";"94";"2";"1";"1";6;48;2
"5553";"202100005553";11;"17:55";"5";"94";"2";"1";"8";2;48;2
"5554";"202100005554";11;"18:05";"5";"94";"2";"2";"2";3;48;2
"5555";"202100005555";11;"10:45";"1";"94";"2";"1";"8";6;48;2
"5556";"202100005556";11;"18:05";"5";"94";"2";"2";"1";6;48;2
"5557";"202100005557";11;"08:50";"1";"94";"2";"1";"1";6;48;2
"5558";"202100005558";11;"12:00";"1";"93";"2";"2";"1";3;48;2
"5559";"202100005559";11;"14:12";"1";"93";"2";"2";"1";3;48;2
"5560";"202100005560";11;"08:30";"5";"93";"2";"2";"2";3;48;2
"5561";"202100005561";11;"22:20";"3";"93";"2";"1";"1";2;48;2
"5562";"202100005562";11;"07:55";"2";"93";"2";"1";"8";6;48;2
"5563";"202100005563";11;"09:00";"1";"93";"2";"3";"2";3;48;2
"5564";"202100005564";11;"12:40";"1";"92";"2";"1";"8";6;48;2
"5565";"202100005565";11;"09:05";"1";"92";"2";"1";"1";3;48;2
"5566";"202100005566";11;"13:30";"1";"92";"2";"2";"1";3;48;2
"5567";"202100005567";11;"18:40";"5";"92";"2";"1";"1";7;48;2
"5568";"202100005568";11;"10:14";"1";"92";"2";"1";"8";7;48;2
"5569";"202100005569";11;"08:45";"1";"92";"2";"9";"1";6;48;2
"5570";"202100005570";11;"10:10";"1";"92";"2";"1";"1";3;48;2
"5571";"202100005571";11;"22:20";"5";"92";"2";"1";"1";2;48;2
"5572";"202100005572";11;"18:00";"5";"92";"2";"6";"1";6;48;2
"5573";"202100005573";11;"18:00";"5";"65";"2";"1";"1";1;43;0
"5574";"202100005574";11;"09:15";"1";"45";"1";"9";"1";3;47;2
"5575";"202100005575";11;"16:05";"1";"40";"2";"1";"1";6;43;-1
"5576";"202100005576";11;"11:10";"1";"40";"2";"9";"1";6;43;-1
"5577";"202100005577";11;"20:15";"5";"31";"2";"1";"5";6;43;1
"5578";"202100005578";12;"04:15";"3";"67";"1";"1";"1";1;48;7
"5579";"202100005579";11;"17:55";"5";"06";"2";"3";"1";3;43;7
"5580";"202100005580";12;"06:20";"3";"42";"2";"1";"1";1;45;4
"5581";"202100005581";11;"19:45";"3";"85";"1";"1";"1";7;46;0
"5582";"202100005582";11;"17:00";"1";"22";"1";"2";"8";3;48;-2
"5583";"202100005583";12;"08:00";"4";"41";"2";"1";"2";6;47;0
"5584";"202100005584";11;"02:00";"5";"95";"2";"1";"2";1;49;2
"5585";"202100005585";11;"15:15";"1";"56";"1";"1";"1";7;48;-3
"5586";"202100005586";10;"10:00";"1";"56";"1";"1";"2";6;47;-2
"5587";"202100005587";12;"19:00";"3";"79";"1";"2";"1";7;46;0
"5588";"202100005588";12;"08:25";"1";"71";"1";"1";"1";3;46;5
"5589";"202100005589";12;"08:00";"2";"76";"1";"4";"2";3;49;1
"5590";"202100005590";12;"06:40";"2";"47";"1";"1";"8";6;44;0
"5591";"202100005591";12;"10:00";"1";"03";"2";"9";"2";6;46;3
"5592";"202100005592";11;"20:05";"3";"58";"1";"1";"8";7;46;3
"5593";"202100005593";11;"16:30";"1";"66";"1";"3";"1";2;42;2
"5594";"202100005594";11;"15:10";"1";"66";"1";"1";"1";7;42;2
"5595";"202100005595";11;"17:20";"5";"14";"2";"1";"2";6;49;-1
"5596";"202100005596";11;"17:58";"5";"60";"2";"2";"2";6;49;2
"5597";"202100005597";11;"13:20";"1";"07";"1";"6";"1";3;44;4
"5598";"202100005598";12;"12:15";"1";"53";"2";"2";"2";3;48;0
"5599";"202100005599";12;"11:28";"1";"52";"2";"2";"3";3;48;5
"5600";"202100005600";11;"18:19";"5";"08";"2";"1";"2";6;49;4
"5601";"202100005601";11;"17:30";"2";"35";"1";"1";"1";4;48;-1
"5602";"202100005602";11;"12:40";"1";"33";"1";"1";"1";2;44;0
"5603";"202100005603";11;"21:26";"3";"83";"1";"1";"1";5;43;5
"5604";"202100005604";11;"16:10";"2";"41";"1";"1";"1";1;47;1
"5605";"202100005605";6;"16:50";"1";"84";"2";"6";"1";3;43;5
"5606";"202100005606";11;"17:20";"3";"06";"1";"1";"1";1;43;7
"5607";"202100005607";11;"18:20";"5";"57";"2";"1";"2";6;49;6
"5608";"202100005608";11;"08:25";"1";"33";"2";"1";"3";6;44;0
"5609";"202100005609";11;"22:30";"3";"49";"1";"1";"8";2;47;0
"5610";"202100005610";12;"09:50";"1";"60";"1";"1";"3";2;49;2
"5611";"202100005611";12;"18:23";"3";"60";"1";"1";"1";4;49;2
"5612";"202100005612";11;"07:30";"5";"59";"2";"1";"3";6;50;3
"5613";"202100005613";11;"17:55";"3";"13";"1";"1";"1";4;43;5
"5614";"202100005614";11;"07:00";"3";"13";"1";"1";"1";4;43;5
"5615";"202100005615";11;"21:15";"3";"13";"1";"1";"1";2;43;5
"5616";"202100005616";11;"18:30";"3";"69";"1";"1";"1";4;45;4
"5617";"202100005617";11;"20:24";"3";"69";"1";"1";"1";5;45;4
"5618";"202100005618";11;"05:15";"3";"42";"1";"1";"1";6;45;4
"5619";"202100005619";11;"19:30";"3";"94";"1";"1";"8";2;48;2
"5620";"202100005620";11;"17:40";"2";"94";"1";"1";"1";4;48;2
"5621";"202100005621";11;"08:46";"1";"91";"1";"1";"8";3;48;2
"5622";"202100005622";11;"08:30";"2";"78";"1";"1";"2";7;48;2
"5623";"202100005623";11;"19:20";"3";"95";"1";"1";"2";4;49;2
"5624";"202100005624";11;"23:00";"3";"92";"1";"9";"1";3;48;2
"5625";"202100005625";12;"08:45";"2";"94";"1";"1";"1";2;48;2
"5626";"202100005626";11;"17:30";"3";"93";"1";"1";"1";4;48;2
"5627";"202100005627";11;"08:15";"2";"94";"1";"1";"8";2;48;2
"5628";"202100005628";11;"18:30";"3";"77";"1";"1";"1";4;48;2
"5629";"202100005629";8;"16:35";"1";"14";"1";"1";"1";7;49;0
"5630";"202100005630";11;"07:20";"5";"93";"2";"2";"1";3;48;2
"5631";"202100005631";9;"02:08";"4";"75";"2";"4";"1";6;48;2
"5632";"202100005632";9;"23:35";"5";"92";"2";"1";"1";7;48;2
"5633";"202100005633";11;"16:50";"2";"75";"2";"1";"1";7;48;2
"5634";"202100005634";11;"02:11";"5";"75";"2";"5";"2";6;48;2
"5635";"202100005635";11;"09:10";"1";"75";"2";"1";"1";3;48;2
"5636";"202100005636";11;"18:40";"5";"75";"2";"1";"1";7;48;2
"5637";"202100005637";11;"16:40";"2";"75";"2";"2";"1";6;48;2
"5638";"202100005638";11;"12:15";"1";"75";"2";"4";"1";3;48;2
"5639";"202100005639";11;"11:45";"1";"75";"2";"4";"1";6;48;2
"5640";"202100005640";11;"07:58";"2";"75";"2";"3";"1";3;48;2
"5641";"202100005641";11;"21:10";"5";"75";"2";"2";"1";3;48;2
"5642";"202100005642";11;"19:35";"5";"75";"2";"2";"1";3;48;2
"5643";"202100005643";11;"11:10";"1";"75";"2";"1";"1";3;48;2
"5644";"202100005644";11;"08:15";"1";"75";"2";"3";"1";3;48;2
"5645";"202100005645";11;"17:52";"5";"75";"2";"7";"2";3;48;2
"5646";"202100005646";11;"22:45";"5";"75";"2";"2";"1";3;48;2
"5647";"202100005647";11;"08:10";"1";"75";"2";"5";"1";3;48;2
"5648";"202100005648";11;"15:00";"1";"75";"2";"1";"1";3;48;2
"5649";"202100005649";11;"14:20";"1";"75";"2";"1";"1";3;48;2
"5650";"202100005650";11;"06:36";"5";"75";"2";"2";"1";6;48;2
"5651";"202100005651";11;"08:10";"1";"75";"2";"2";"1";3;48;2
"5652";"202100005652";11;"21:55";"5";"75";"2";"3";"1";6;48;2
"5653";"202100005653";11;"21:35";"5";"94";"2";"4";"2";3;48;2
"5654";"202100005654";11;"03:20";"5";"94";"2";"1";"2";6;48;2
"5655";"202100005655";11;"08:38";"1";"94";"2";"1";"1";2;48;2
"5656";"202100005656";11;"20:50";"3";"94";"1";"9";"1";3;48;2
"5657";"202100005657";11;"20:10";"5";"94";"2";"9";"1";7;48;2
"5658";"202100005658";11;"08:00";"1";"94";"2";"1";"1";2;48;2
"5659";"202100005659";11;"15:15";"1";"94";"2";"3";"1";6;48;2
"5660";"202100005660";11;"22:35";"3";"94";"2";"1";"1";6;48;2
"5661";"202100005661";11;"12:00";"1";"94";"2";"1";"1";6;48;2
"5662";"202100005662";11;"13:10";"1";"94";"2";"9";"8";7;48;2
"5663";"202100005663";11;"19:00";"5";"93";"2";"1";"1";6;48;2
"5664";"202100005664";11;"12:30";"1";"93";"2";"1";"1";6;48;2
"5665";"202100005665";11;"17:20";"5";"93";"2";"1";"1";7;48;2
"5666";"202100005666";11;"06:50";"5";"93";"2";"1";"9";6;48;2
"5667";"202100005667";11;"00:20";"5";"93";"2";"9";"2";3;48;2
"5668";"202100005668";11;"18:05";"4";"93";"2";"3";"8";6;48;2
"5669";"202100005669";11;"11:40";"1";"93";"2";"1";"1";3;48;2
"5670";"202100005670";11;"15:10";"1";"92";"2";"1";"1";6;48;2
"5671";"202100005671";11;"12:49";"1";"92";"2";"1";"1";2;48;2
"5672";"202100005672";11;"19:30";"5";"92";"2";"2";"1";6;48;2
"5673";"202100005673";11;"17:00";"2";"92";"2";"1";"1";6;48;2
"5674";"202100005674";10;"23:30";"5";"92";"2";"1";"1";3;48;2
"5675";"202100005675";11;"10:39";"1";"76";"1";"9";"1";5;49;1
"5676";"202100005676";11;"11:10";"1";"73";"2";"2";"1";6;45;5
"5677";"202100005677";11;"17:00";"3";"42";"1";"1";"5";1;45;3
"5678";"202100005678";11;"21:45";"3";"83";"1";"1";"6";2;43;6
"5679";"202100005679";11;"17:10";"3";"42";"1";"2";"8";3;46;3
"5680";"202100005680";11;"10:25";"1";"06";"2";"1";"1";6;43;7
"5681";"202100005681";11;"18:27";"3";"83";"1";"6";"1";6;43;6
"5682";"202100005682";11;"00:10";"3";"59";"1";"1";"2";6;50;2
"5683";"202100005683";11;"08:15";"1";"30";"1";"1";"1";5;43;4
"5684";"202100005684";11;"16:45";"3";"57";"1";"1";"1";2;48;7
"5685";"202100005685";11;"13:40";"1";"79";"1";"1";"1";1;46;0
"5686";"202100005686";11;"18:25";"5";"80";"2";"1";"2";6;49;3
"5687";"202100005687";11;"06:00";"3";"65";"1";"1";"1";7;43;0
"5688";"202100005688";11;"15:15";"1";"89";"1";"1";"2";1;48;3
"5689";"202100005689";11;"17:30";"3";"38";"1";"1";"4";1;45;5
"5690";"202100005690";11;"12:30";"1";"02";"2";"9";"2";6;50;3
"5691";"202100005691";11;"08:50";"1";"06";"1";"1";"1";6;43;7
"5692";"202100005692";11;"12:00";"1";"05";"1";"3";"1";2;44;5
"5693";"202100005693";11;"18:00";"3";"50";"1";"1";"1";7;49;-1
"5694";"202100005694";11;"11:20";"1";"45";"2";"3";"1";3;47;2
"5695";"202100005695";11;"17:25";"3";"21";"1";"1";"2";1;47;4
"5696";"202100005696";11;"12:30";"1";"40";"2";"1";"1";1;43;0
"5697";"202100005697";11;"00:30";"3";"85";"1";"1";"5";6;46;-1
"5698";"202100005698";11;"16:50";"1";"78";"1";"1";"1";6;48;2
"5699";"202100005699";11;"15:05";"1";"976";"1";"1";"1";2;-12;45
"5700";"202100005700";11;"06:30";"3";"13";"1";"1";"1";2;43;5
"5701";"202100005701";11;"07:40";"4";"34";"2";"1";"3";6;43;3
"5702";"202100005702";11;"15:45";"1";"987";"1";"3";"1";3;-16;-151
"5703";"202100005703";11;"17:20";"2";"971";"1";"1";"1";2;15;-61
"5704";"202100005704";11;"16:15";"1";"77";"1";"3";"1";6;48;2
"5705";"202100005705";11;"12:10";"1";"2B";"2";"3";"1";6;42;9
"5706";"202100005706";11;"18:05";"3";"34";"1";"1";"1";1;43;3
"5707";"202100005707";11;"14:30";"1";"84";"2";"1";"1";6;44;4
"5708";"202100005708";11;"03:00";"3";"13";"1";"1";"1";2;43;5
"5709";"202100005709";11;"09:36";"1";"57";"2";"1";"7";6;49;6
"5710";"202100005710";11;"16:30";"1";"42";"2";"1";"8";6;45;4
"5711";"202100005711";11;"17:43";"5";"09";"2";"1";"3";6;42;1
"5712";"202100005712";11;"13:00";"1";"59";"2";"1";"2";6;50;2
"5713";"202100005713";11;"12:05";"1";"13";"1";"1";"3";2;43;5
"5714";"202100005714";11;"08:07";"1";"13";"1";"1";"3";1;43;5
"5715";"202100005715";11;"09:00";"1";"13";"1";"1";"3";2;43;5
"5716";"202100005716";11;"23:40";"3";"83";"1";"1";"2";6;43;5
"5717";"202100005717";11;"19:30";"5";"69";"1";"1";"1";2;45;4
"5718";"202100005718";11;"18:10";"3";"54";"1";"1";"2";4;48;6
"5719";"202100005719";11;"09:05";"1";"33";"1";"1";"2";4;44;0
"5720";"202100005720";11;"08:26";"2";"33";"1";"1";"2";7;44;0
"5721";"202100005721";11;"13:28";"1";"94";"1";"1";"1";2;48;2
"5722";"202100005722";11;"11:45";"1";"91";"1";"1";"1";3;48;2
"5723";"202100005723";11;"09:47";"1";"91";"1";"1";"1";2;48;2
"5724";"202100005724";11;"07:45";"3";"91";"1";"1";"1";3;48;2
"5725";"202100005725";11;"19:08";"3";"78";"1";"1";"1";4;48;2
"5726";"202100005726";11;"08:40";"2";"78";"1";"1";"1";6;48;1
"5727";"202100005727";11;"19:00";"3";"92";"1";"1";"1";3;48;2
"5728";"202100005728";11;"15:30";"1";"93";"1";"1";"1";3;48;2
"5729";"202100005729";11;"13:55";"1";"93";"1";"1";"1";5;48;2
"5730";"202100005730";11;"06:50";"2";"93";"1";"1";"4";5;48;2
"5731";"202100005731";11;"07:20";"5";"93";"1";"1";"1";6;48;2
"5732";"202100005732";11;"03:15";"3";"92";"1";"1";"1";3;48;2
"5733";"202100005733";11;"11:30";"1";"77";"1";"1";"1";6;48;2
"5734";"202100005734";11;"11:20";"1";"94";"1";"1";"1";2;48;2
"5735";"202100005735";11;"17:45";"4";"82";"2";"1";"1";6;44;1
"5736";"202100005736";11;"19:20";"5";"987";"2";"9";"1";3;-17;-149
"5737";"202100005737";11;"19:00";"5";"973";"2";"1";"1";6;4;-52
"5738";"202100005738";11;"18:00";"2";"973";"2";"1";"1";3;4;-52
"5739";"202100005739";11;"23:35";"5";"973";"2";"1";"1";6;4;-52
"5740";"202100005740";11;"02:00";"5";"973";"2";"1";"1";3;4;-52
"5741";"202100005741";11;"03:20";"5";"972";"1";"1";"1";6;14;-60
"5742";"202100005742";11;"21:30";"5";"95";"2";"1";"2";4;48;2
"5743";"202100005743";11;"11:15";"1";"90";"2";"2";"4";3;47;6
"5744";"202100005744";11;"08:50";"1";"83";"2";"1";"1";6;43;5
"5745";"202100005745";11;"21:05";"5";"83";"2";"1";"1";5;43;6
"5746";"202100005746";11;"10:25";"1";"77";"1";"4";"2";6;48;2
"5747";"202100005747";11;"07:55";"1";"76";"2";"2";"2";3;49;1
"5748";"202100005748";11;"01:50";"5";"76";"2";"1";"2";7;49;1
"5749";"202100005749";11;"19:25";"5";"71";"2";"3";"1";5;46;4
"5750";"202100005750";11;"05:45";"5";"64";"2";"1";"2";1;43;-1
"5751";"202100005751";11;"08:35";"2";"59";"2";"1";"2";6;50;3
"5752";"202100005752";11;"17:30";"5";"59";"2";"1";"2";6;50;2
"5753";"202100005753";11;"18:00";"5";"54";"2";"3";"1";3;48;6
"5754";"202100005754";11;"10:45";"1";"45";"2";"1";"1";3;47;1
"5755";"202100005755";11;"18:50";"5";"33";"2";"3";"1";3;44;0
"5756";"202100005756";11;"15:05";"1";"33";"2";"1";"8";1;44;0
"5757";"202100005757";11;"09:55";"1";"31";"2";"1";"1";3;43;1
"5758";"202100005758";8;"06:40";"2";"31";"2";"1";"1";2;43;1
"5759";"202100005759";11;"15:10";"1";"30";"2";"1";"1";1;44;4
"5760";"202100005760";11;"09:30";"1";"29";"2";"1";"1";6;47;-4
"5761";"202100005761";11;"17:30";"3";"27";"1";"1";"8";6;49;1
"5762";"202100005762";11;"19:35";"5";"22";"2";"1";"6";6;48;-2
"5763";"202100005763";11;"18:10";"5";"13";"2";"1";"1";2;43;5
"5764";"202100005764";11;"14:00";"1";"13";"2";"1";"1";3;43;5
"5765";"202100005765";11;"18:50";"3";"13";"1";"1";"1";1;43;4
"5766";"202100005766";11;"20:45";"5";"13";"2";"1";"1";3;43;5
"5767";"202100005767";11;"19:00";"3";"12";"1";"1";"1";5;44;3
"5768";"202100005768";11;"21:20";"5";"06";"2";"1";"1";6;43;7
"5769";"202100005769";11;"08:43";"1";"06";"2";"1";"1";6;43;7
"5770";"202100005770";11;"01:07";"5";"06";"2";"4";"1";3;43;6
"5771";"202100005771";11;"08:40";"1";"06";"2";"1";"1";3;43;7
"5772";"202100005772";11;"12:55";"1";"75";"2";"1";"2";2;48;2
"5773";"202100005773";11;"00:48";"5";"75";"2";"2";"2";6;48;2
"5774";"202100005774";11;"11:45";"1";"75";"2";"7";"2";7;48;2
"5775";"202100005775";11;"09:30";"1";"75";"2";"7";"2";1;48;2
"5776";"202100005776";11;"16:30";"1";"75";"2";"5";"1";6;48;2
"5777";"202100005777";11;"21:40";"5";"75";"2";"4";"2";6;48;2
"5778";"202100005778";11;"20:20";"5";"75";"2";"2";"2";6;48;2
"5779";"202100005779";11;"03:25";"5";"75";"2";"2";"2";7;48;2
"5780";"202100005780";11;"14:15";"1";"75";"2";"2";"1";3;48;2
"5781";"202100005781";11;"09:20";"1";"75";"2";"2";"2";3;48;2
"5782";"202100005782";11;"05:10";"5";"75";"2";"6";"8";3;48;2
"5783";"202100005783";11;"19:51";"3";"94";"1";"1";"8";3;48;2
"5784";"202100005784";11;"18:10";"5";"93";"2";"1";"1";4;48;2
"5785";"202100005785";11;"20:08";"5";"93";"2";"1";"2";5;48;2
"5786";"202100005786";11;"21:30";"5";"93";"2";"1";"2";2;48;2
"5787";"202100005787";11;"23:00";"3";"93";"2";"1";"1";6;48;2
"5788";"202100005788";11;"15:10";"1";"92";"2";"2";"1";3;48;2
"5789";"202100005789";8;"08:20";"1";"51";"1";"1";"1";7;48;4
"5790";"202100005790";11;"16:25";"1";"01";"1";"1";"1";6;46;5
"5791";"202100005791";11;"20:00";"3";"95";"1";"1";"2";5;49;2
"5792";"202100005792";11;"19:15";"3";"17";"1";"2";"1";3;46;0
"5793";"202100005793";11;"21:48";"5";"41";"2";"1";"1";6;47;1
"5794";"202100005794";11;"19:45";"5";"95";"2";"1";"1";2;49;2
"5795";"202100005795";11;"07:50";"1";"01";"1";"1";"1";5;45;4
"5796";"202100005796";11;"11:20";"1";"22";"1";"1";"1";6;48;-2
"5797";"202100005797";11;"13:00";"1";"19";"1";"1";"1";2;45;1
"5798";"202100005798";11;"03:05";"3";"60";"2";"1";"1";7;49;2
"5799";"202100005799";11;"23:45";"3";"44";"1";"1";"8";6;47;-1
"5800";"202100005800";11;"18:00";"3";"62";"2";"1";"4";3;50;2
"5801";"202100005801";11;"03:00";"5";"34";"2";"1";"1";1;43;3
"5802";"202100005802";11;"17:15";"3";"51";"1";"1";"2";3;49;4
"5803";"202100005803";11;"12:00";"1";"59";"2";"2";"7";3;50;4
"5804";"202100005804";11;"08:20";"1";"80";"1";"1";"8";7;50;1
"5805";"202100005805";11;"17:45";"5";"89";"2";"2";"2";3;48;3
"5806";"202100005806";10;"11:30";"1";"89";"2";"3";"1";1;47;3
"5807";"202100005807";11;"12:30";"1";"61";"1";"1";"8";5;48;0
"5808";"202100005808";11;"09:50";"1";"44";"2";"6";"1";6;47;-2
"5809";"202100005809";11;"18:30";"5";"44";"2";"1";"2";6;47;-1
"5810";"202100005810";11;"10:45";"1";"38";"1";"4";"8";4;45;5
"5811";"202100005811";11;"20:45";"3";"02";"1";"1";"2";6;49;3
"5812";"202100005812";11;"18:00";"5";"58";"2";"1";"2";6;47;3
"5813";"202100005813";11;"15:50";"1";"66";"1";"1";"1";7;42;2
"5814";"202100005814";11;"14:10";"1";"14";"2";"1";"1";6;49;0
"5815";"202100005815";11;"18:00";"3";"50";"1";"1";"1";3;48;-1
"5816";"202100005816";11;"12:10";"1";"16";"1";"2";"8";3;45;0
"5817";"202100005817";11;"15:05";"1";"53";"1";"1";"1";3;48;0
"5818";"202100005818";11;"08:50";"1";"85";"1";"3";"1";3;46;0
"5819";"202100005819";11;"12:50";"1";"37";"2";"1";"1";1;47;0
"5820";"202100005820";11;"00:25";"5";"987";"1";"1";"1";7;-17;-149
"5821";"202100005821";11;"19:00";"5";"35";"2";"3";"8";5;48;-1
"5822";"202100005822";11;"12:40";"1";"33";"1";"9";"2";2;44;0
"5823";"202100005823";11;"16:00";"1";"987";"1";"2";"1";1;-22;-151
"5824";"202100005824";11;"17:45";"3";"37";"2";"2";"1";3;47;1
"5825";"202100005825";11;"01:25";"5";"2B";"2";"6";"1";1;42;9
"5826";"202100005826";11;"14:05";"1";"67";"2";"5";"1";1;48;7
"5827";"202100005827";11;"00:18";"3";"38";"1";"3";"4";1;45;5
"5828";"202100005828";11;"12:30";"1";"81";"1";"1";"2";6;43;2
"5829";"202100005829";11;"16:00";"1";"65";"2";"1";"2";1;43;0
"5830";"202100005830";11;"12:10";"1";"47";"1";"1";"1";1;44;0
"5831";"202100005831";11;"02:00";"3";"33";"1";"1";"1";6;44;0
"5832";"202100005832";11;"02:12";"3";"33";"1";"2";"2";3;44;0
"5833";"202100005833";7;"19:41";"1";"33";"1";"1";"1";7;44;0
"5834";"202100005834";11;"14:57";"1";"22";"2";"1";"2";1;48;-3
"5835";"202100005835";11;"23:30";"5";"62";"2";"1";"1";6;50;1
"5836";"202100005836";11;"16:15";"1";"13";"1";"1";"8";2;43;5
"5837";"202100005837";11;"10:25";"1";"69";"1";"1";"1";2;45;4
"5838";"202100005838";11;"07:35";"2";"69";"1";"1";"2";6;45;4
"5839";"202100005839";11;"04:40";"5";"69";"1";"1";"2";2;45;4
"5840";"202100005840";11;"04:30";"5";"42";"1";"1";"2";2;45;4
"5841";"202100005841";11;"18:25";"3";"33";"1";"1";"1";4;44;0
"5842";"202100005842";11;"18:40";"3";"91";"1";"1";"1";2;48;2
"5843";"202100005843";11;"15:05";"1";"91";"1";"1";"1";6;48;2
"5844";"202100005844";11;"15:40";"1";"77";"1";"1";"8";6;48;2
"5845";"202100005845";11;"09:30";"1";"94";"1";"1";"1";1;48;2
"5846";"202100005846";11;"06:45";"3";"91";"1";"1";"2";7;48;2
"5847";"202100005847";11;"16:05";"1";"91";"1";"1";"2";5;48;2
"5848";"202100005848";11;"09:00";"1";"78";"1";"1";"2";2;48;1
"5849";"202100005849";11;"03:07";"3";"78";"1";"1";"1";3;48;1
"5850";"202100005850";11;"11:00";"1";"95";"1";"1";"2";6;49;2
"5851";"202100005851";11;"10:30";"2";"95";"1";"1";"3";6;49;2
"5852";"202100005852";11;"10:30";"1";"92";"1";"1";"2";6;48;2
"5853";"202100005853";11;"08:40";"2";"95";"1";"1";"8";6;48;2
"5854";"202100005854";11;"07:30";"3";"92";"1";"1";"2";6;48;2
"5855";"202100005855";11;"00:40";"3";"93";"1";"1";"2";6;48;2
"5856";"202100005856";11;"21:50";"5";"95";"1";"1";"2";6;48;2
"5857";"202100005857";11;"18:30";"3";"93";"1";"1";"2";6;48;2
"5858";"202100005858";11;"10:20";"1";"95";"1";"1";"2";2;49;2
"5859";"202100005859";11;"19:00";"3";"94";"1";"9";"1";2;48;2
"5860";"202100005860";2;"17:30";"1";"94";"2";"1";"1";3;48;2
"5861";"202100005861";11;"12:09";"1";"35";"2";"3";"3";6;48;-2
"5862";"202100005862";11;"17:53";"5";"78";"2";"3";"2";6;48;1
"5863";"202100005863";8;"01:05";"5";"14";"2";"1";"1";6;49;0