"";"Num_Acc";"mois";"hrmn";"lum";"dep";"agg";"int";"atm";"col";"lat";"long"
"5864";"202100005864";7;"17:05";"1";"14";"2";"1";"7";3;49;0
"5865";"202100005865";9;"07:55";"1";"02";"2";"2";"1";3;49;3
"5866";"202100005866";11;"14:50";"1";"974";"2";"2";"1";1;-20;55
"5867";"202100005867";11;"09:50";"1";"973";"2";"1";"1";3;4;-52
"5868";"202100005868";11;"14:25";"1";"973";"2";"1";"1";3;4;-52
"5869";"202100005869";11;"11:10";"1";"973";"2";"2";"1";3;4;-52
"5870";"202100005870";11;"14:35";"1";"973";"2";"3";"1";3;4;-52
"5871";"202100005871";11;"16:30";"1";"69";"2";"3";"1";1;45;4
"5872";"202100005872";11;"01:27";"5";"69";"1";"1";"8";6;45;4
"5873";"202100005873";11;"17:40";"5";"69";"2";"9";"1";6;45;4
"5874";"202100005874";11;"14:55";"1";"69";"2";"3";"1";2;45;4
"5875";"202100005875";11;"07:40";"1";"69";"2";"2";"8";3;45;4
"5876";"202100005876";11;"05:40";"2";"972";"1";"1";"2";6;14;-61
"5877";"202100005877";11;"00:10";"5";"69";"2";"3";"1";6;45;4
"5878";"202100005878";11;"03:00";"3";"69";"1";"1";"2";6;45;4
"5879";"202100005879";11;"15:15";"1";"69";"2";"1";"1";5;45;4
"5880";"202100005880";11;"11:20";"1";"69";"2";"1";"2";5;45;4
"5881";"202100005881";11;"12:05";"1";"69";"2";"3";"2";6;45;4
"5882";"202100005882";11;"14:38";"1";"2A";"2";"1";"3";6;41;8
"5883";"202100005883";11;"20:15";"5";"91";"2";"1";"2";3;48;2
"5884";"202100005884";11;"12:35";"1";"91";"2";"3";"8";2;48;2
"5885";"202100005885";11;"19:15";"5";"91";"2";"2";"2";1;48;2
"5886";"202100005886";11;"08:30";"1";"91";"2";"9";"8";3;48;2
"5887";"202100005887";11;"07:20";"3";"91";"2";"1";"1";6;48;2
"5888";"202100005888";11;"11:16";"1";"87";"2";"1";"2";7;45;1
"5889";"202100005889";11;"18:41";"5";"87";"1";"1";"1";6;45;1
"5890";"202100005890";11;"10:15";"1";"87";"2";"1";"1";6;45;1
"5891";"202100005891";11;"12:35";"1";"86";"2";"9";"2";6;46;0
"5892";"202100005892";11;"12:45";"1";"84";"2";"1";"1";3;44;5
"5893";"202100005893";11;"18:50";"5";"83";"2";"1";"2";6;43;5
"5894";"202100005894";11;"14:15";"1";"83";"2";"9";"1";3;43;5
"5895";"202100005895";11;"13:45";"1";"83";"2";"9";"7";6;43;6
"5896";"202100005896";11;"13:33";"1";"78";"2";"1";"2";6;48;2
"5897";"202100005897";11;"11:50";"1";"78";"2";"9";"2";1;48;2
"5898";"202100005898";11;"19:35";"3";"77";"1";"1";"2";6;48;2
"5899";"202100005899";11;"20:35";"5";"77";"2";"6";"2";3;48;2
"5900";"202100005900";11;"17:55";"5";"77";"2";"9";"1";3;48;2
"5901";"202100005901";11;"09:00";"1";"77";"2";"1";"1";1;48;2
"5902";"202100005902";11;"08:30";"1";"77";"2";"1";"1";6;48;2
"5903";"202100005903";11;"10:13";"1";"76";"2";"2";"1";6;49;0
"5904";"202100005904";11;"17:00";"3";"72";"1";"1";"2";2;47;0
"5905";"202100005905";11;"17:20";"5";"72";"2";"1";"8";6;47;0
"5906";"202100005906";11;"16:10";"1";"72";"2";"9";"1";6;48;0
"5907";"202100005907";11;"09:20";"1";"72";"2";"1";"1";2;47;0
"5908";"202100005908";11;"10:00";"1";"71";"1";"2";"1";3;46;4
"5909";"202100005909";11;"07:15";"3";"66";"2";"1";"1";6;42;2
"5910";"202100005910";11;"15:57";"1";"66";"2";"1";"3";1;42;2
"5911";"202100005911";11;"20:45";"5";"64";"2";"1";"2";2;43;0
"5912";"202100005912";11;"19:10";"5";"64";"2";"2";"1";6;43;0
"5913";"202100005913";11;"12:10";"1";"64";"2";"1";"1";2;43;0
"5914";"202100005914";11;"15:20";"1";"64";"2";"1";"1";3;43;-1
"5915";"202100005915";11;"17:39";"2";"63";"2";"1";"1";6;45;3
"5916";"202100005916";11;"20:00";"5";"63";"2";"1";"1";3;45;3
"5917";"202100005917";11;"17:10";"2";"62";"2";"1";"2";1;50;2
"5918";"202100005918";11;"08:00";"2";"62";"1";"1";"8";2;50;1
"5919";"202100005919";11;"19:10";"5";"62";"2";"1";"2";6;50;2
"5920";"202100005920";11;"23:30";"3";"60";"1";"1";"2";3;49;2
"5921";"202100005921";11;"13:20";"1";"60";"1";"1";"1";7;49;2
"5922";"202100005922";11;"19:20";"5";"59";"2";"1";"2";2;50;3
"5923";"202100005923";11;"07:50";"5";"59";"2";"2";"4";6;50;3
"5924";"202100005924";11;"11:25";"1";"59";"2";"3";"1";3;50;2
"5925";"202100005925";11;"08:15";"2";"59";"2";"1";"1";6;50;2
"5926";"202100005926";11;"18:35";"5";"58";"2";"1";"2";3;47;3
"5927";"202100005927";11;"18:24";"5";"57";"2";"1";"1";6;49;6
"5928";"202100005928";11;"11:35";"1";"56";"2";"1";"1";6;47;-2
"5929";"202100005929";11;"20:40";"5";"56";"2";"1";"1";7;47;-3
"5930";"202100005930";11;"14:50";"1";"56";"2";"1";"1";2;47;-3
"5931";"202100005931";11;"19:20";"5";"54";"2";"9";"2";3;48;6
"5932";"202100005932";11;"19:00";"5";"54";"2";"2";"2";1;48;6
"5933";"202100005933";11;"20:42";"5";"54";"2";"2";"1";6;48;6
"5934";"202100005934";11;"17:50";"5";"54";"2";"1";"1";1;48;6
"5935";"202100005935";11;"16:35";"2";"54";"1";"1";"1";3;48;6
"5936";"202100005936";11;"22:20";"5";"54";"2";"1";"1";6;49;5
"5937";"202100005937";11;"18:50";"5";"52";"2";"1";"1";1;48;4
"5938";"202100005938";11;"17:36";"5";"51";"1";"1";"2";2;49;4
"5939";"202100005939";11;"17:45";"5";"51";"2";"1";"2";7;49;4
"5940";"202100005940";11;"07:20";"5";"51";"2";"3";"1";2;49;4
"5941";"202100005941";11;"18:05";"2";"49";"1";"1";"1";2;47;0
"5942";"202100005942";11;"10:30";"1";"47";"2";"3";"8";6;44;0
"5943";"202100005943";11;"16:30";"5";"45";"2";"3";"3";3;47;1
"5944";"202100005944";11;"07:40";"2";"45";"2";"9";"1";3;47;2
"5945";"202100005945";11;"07:30";"5";"44";"2";"1";"2";1;47;-1
"5946";"202100005946";11;"20:28";"5";"37";"2";"3";"2";7;47;0
"5947";"202100005947";11;"13:47";"1";"37";"2";"1";"2";7;47;0
"5948";"202100005948";11;"08:45";"1";"37";"2";"3";"1";3;47;0
"5949";"202100005949";11;"10:10";"1";"37";"2";"3";"1";3;47;0
"5950";"202100005950";11;"19:40";"3";"35";"2";"1";"2";5;48;-1
"5951";"202100005951";11;"19:50";"5";"35";"2";"3";"2";6;48;-1
"5952";"202100005952";11;"18:50";"5";"35";"2";"1";"2";6;48;-1
"5953";"202100005953";11;"05:29";"3";"34";"1";"1";"1";7;43;3
"5954";"202100005954";11;"10:35";"1";"34";"2";"3";"1";3;43;3
"5955";"202100005955";11;"18:45";"5";"34";"2";"3";"2";6;43;3
"5956";"202100005956";11;"02:50";"5";"33";"2";"1";"2";2;44;0
"5957";"202100005957";11;"22:23";"5";"33";"2";"6";"2";3;44;0
"5958";"202100005958";11;"19:45";"5";"33";"2";"2";"1";3;44;0
"5959";"202100005959";11;"15:50";"1";"33";"2";"1";"2";4;44;0
"5960";"202100005960";11;"10:25";"1";"31";"2";"1";"2";6;43;1
"5961";"202100005961";11;"20:45";"5";"31";"2";"1";"1";3;43;1
"5962";"202100005962";11;"12:00";"1";"29";"2";"1";"7";2;47;-4
"5963";"202100005963";11;"18:25";"2";"29";"1";"1";"1";7;47;-3
"5964";"202100005964";11;"08:35";"2";"29";"1";"1";"2";7;47;-3
"5965";"202100005965";11;"00:10";"3";"27";"1";"1";"2";7;49;1
"5966";"202100005966";11;"22:55";"3";"27";"1";"1";"2";7;49;1
"5967";"202100005967";11;"13:45";"1";"27";"2";"1";"2";3;49;1
"5968";"202100005968";11;"06:55";"5";"26";"1";"3";"1";2;44;4
"5969";"202100005969";11;"20:55";"5";"17";"2";"6";"2";3;46;-1
"5970";"202100005970";11;"19:25";"5";"17";"2";"2";"3";3;46;-1
"5971";"202100005971";11;"11:25";"1";"16";"2";"1";"1";2;45;0
"5972";"202100005972";11;"08:25";"2";"15";"2";"1";"1";6;44;2
"5973";"202100005973";11;"21:35";"5";"13";"2";"1";"1";1;43;5
"5974";"202100005974";11;"17:55";"5";"13";"2";"9";"1";3;43;5
"5975";"202100005975";11;"19:46";"4";"13";"2";"7";"1";6;43;5
"5976";"202100005976";11;"16:30";"1";"13";"2";"1";"1";6;43;5
"5977";"202100005977";11;"15:50";"1";"13";"2";"1";"1";2;43;5
"5978";"202100005978";11;"14:30";"1";"13";"2";"1";"1";3;43;5
"5979";"202100005979";11;"14:45";"1";"13";"2";"1";"1";2;43;5
"5980";"202100005980";11;"12:35";"1";"13";"2";"1";"1";2;43;5
"5981";"202100005981";11;"08:00";"1";"13";"2";"2";"1";3;43;5
"5982";"202100005982";11;"06:30";"2";"13";"2";"3";"2";1;43;5
"5983";"202100005983";11;"18:07";"3";"13";"1";"1";"1";4;43;5
"5984";"202100005984";11;"19:40";"5";"11";"2";"2";"2";6;43;2
"5985";"202100005985";11;"20:24";"5";"10";"2";"1";"2";2;48;4
"5986";"202100005986";10;"18:32";"2";"06";"2";"1";"1";1;43;7
"5987";"202100005987";11;"10:15";"1";"03";"2";"3";"2";6;46;2
"5988";"202100005988";11;"21:00";"5";"75";"2";"2";"2";6;48;2
"5989";"202100005989";11;"10:20";"1";"75";"2";"4";"8";3;48;2
"5990";"202100005990";11;"23:57";"5";"75";"2";"2";"2";2;48;2
"5991";"202100005991";11;"16:40";"1";"75";"2";"1";"2";1;48;2
"5992";"202100005992";11;"10:50";"1";"75";"2";"2";"1";6;48;2
"5993";"202100005993";11;"21:30";"5";"75";"2";"2";"2";2;48;2
"5994";"202100005994";11;"14:30";"1";"75";"2";"1";"2";3;48;2
"5995";"202100005995";11;"17:00";"5";"75";"2";"1";"2";7;48;2
"5996";"202100005996";11;"11:45";"1";"75";"2";"2";"2";3;48;2
"5997";"202100005997";11;"22:25";"5";"75";"2";"2";"2";3;48;2
"5998";"202100005998";11;"04:55";"5";"75";"2";"2";"2";2;48;2
"5999";"202100005999";11;"01:15";"5";"75";"2";"1";"1";6;48;2
"6000";"202100006000";11;"00:55";"5";"75";"2";"7";"2";3;48;2
"6001";"202100006001";11;"23:45";"5";"75";"2";"7";"2";3;48;2
"6002";"202100006002";11;"18:50";"5";"75";"2";"4";"2";2;48;2
"6003";"202100006003";11;"23:00";"5";"94";"2";"1";"1";2;48;2
"6004";"202100006004";11;"14:00";"1";"94";"2";"1";"1";2;48;2
"6005";"202100006005";11;"17:25";"5";"94";"2";"1";"2";4;48;2
"6006";"202100006006";11;"14:40";"1";"94";"2";"2";"2";7;48;2
"6007";"202100006007";11;"18:40";"5";"94";"2";"3";"2";3;48;2
"6008";"202100006008";11;"22:00";"5";"94";"2";"1";"2";2;48;2
"6009";"202100006009";11;"10:40";"1";"94";"2";"1";"2";6;48;2
"6010";"202100006010";11;"21:40";"5";"93";"2";"1";"2";4;48;2
"6011";"202100006011";11;"15:40";"1";"93";"2";"2";"2";3;48;2
"6012";"202100006012";11;"17:30";"5";"93";"2";"2";"8";3;48;2
"6013";"202100006013";11;"19:32";"5";"92";"2";"3";"2";3;48;2
"6014";"202100006014";11;"09:40";"1";"92";"2";"1";"1";2;48;2
"6015";"202100006015";11;"22:35";"5";"92";"2";"3";"8";1;48;2
"6016";"202100006016";11;"22:58";"5";"92";"2";"1";"2";3;48;2
"6017";"202100006017";11;"15:50";"1";"92";"2";"9";"8";6;48;2
"6018";"202100006018";11;"15:55";"1";"92";"2";"1";"2";2;48;2
"6019";"202100006019";11;"10:44";"1";"92";"2";"9";"2";3;48;2
"6020";"202100006020";11;"21:00";"5";"92";"2";"2";"2";6;48;2
"6021";"202100006021";11;"02:45";"5";"92";"2";"2";"2";3;48;2
"6022";"202100006022";11;"18:05";"3";"84";"1";"1";"1";7;44;5
"6023";"202100006023";11;"17:35";"5";"84";"2";"1";"1";6;44;5
"6024";"202100006024";11;"07:02";"3";"71";"1";"1";"2";4;46;4
"6025";"202100006025";11;"18:00";"5";"83";"1";"1";"1";5;43;6
"6026";"202100006026";11;"19:15";"3";"83";"1";"6";"1";6;43;6
"6027";"202100006027";11;"21:00";"3";"46";"1";"1";"2";6;44;1
"6028";"202100006028";11;"01:40";"3";"34";"2";"1";"1";6;43;3
"6029";"202100006029";11;"16:45";"2";"61";"1";"1";"4";7;48;0
"6030";"202100006030";11;"09:35";"1";"27";"1";"1";"3";6;48;0
"6031";"202100006031";11;"00:10";"3";"74";"2";"4";"2";3;45;6
"6032";"202100006032";11;"17:40";"2";"65";"1";"1";"4";6;43;0
"6033";"202100006033";11;"16:15";"2";"81";"2";"3";"2";6;43;2
"6034";"202100006034";11;"15:50";"1";"46";"1";"1";"2";1;44;1
"6035";"202100006035";11;"13:30";"1";"47";"2";"1";"1";6;44;0
"6036";"202100006036";11;"01:40";"3";"34";"1";"1";"1";6;43;3
"6037";"202100006037";11;"16:13";"1";"39";"1";"1";"2";1;46;5
"6038";"202100006038";11;"05:15";"3";"31";"1";"1";"8";6;43;1
"6039";"202100006039";11;"07:50";"1";"70";"1";"1";"4";1;47;6
"6040";"202100006040";11;"06:30";"3";"14";"1";"1";"2";1;48;0
"6041";"202100006041";11;"20:20";"3";"64";"2";"1";"3";7;43;0
"6042";"202100006042";11;"11:00";"1";"16";"1";"2";"1";3;45;0
"6043";"202100006043";11;"13:56";"1";"53";"2";"6";"7";6;48;0
"6044";"202100006044";11;"01:30";"3";"85";"1";"1";"2";7;46;0
"6045";"202100006045";11;"15:40";"1";"85";"1";"1";"8";2;46;-1
"6046";"202100006046";11;"21:00";"3";"88";"1";"2";"4";3;48;6
"6047";"202100006047";11;"15:15";"1";"06";"2";"1";"1";3;43;6
"6048";"202100006048";11;"16:00";"1";"987";"1";"9";"1";6;-17;-149
"6049";"202100006049";11;"21:55";"3";"17";"1";"1";"2";5;46;0
"6050";"202100006050";11;"04:30";"2";"987";"1";"1";"1";1;-16;-151
"6051";"202100006051";11;"01:30";"3";"988";"1";"1";"2";7;-20;164
"6052";"202100006052";11;"19:15";"3";"971";"1";"1";"1";6;15;-61
"6053";"202100006053";11;"16:30";"1";"29";"1";"6";"2";6;47;-3
"6054";"202100006054";11;"18:30";"5";"30";"2";"6";"1";6;43;4
"6055";"202100006055";11;"00:25";"3";"34";"1";"6";"1";6;43;3
"6056";"202100006056";11;"17:25";"5";"38";"2";"9";"1";6;45;5
"6057";"202100006057";11;"15:35";"1";"01";"1";"1";"2";1;45;4
"6058";"202100006058";11;"18:15";"3";"69";"1";"1";"1";1;45;4
"6059";"202100006059";11;"19:30";"3";"81";"1";"1";"1";6;43;1
"6060";"202100006060";11;"06:15";"3";"79";"1";"1";"1";6;46;0
"6061";"202100006061";11;"10:33";"1";"17";"1";"1";"1";2;45;0
"6062";"202100006062";11;"04:00";"5";"33";"2";"1";"2";6;44;0
"6063";"202100006063";11;"11:15";"1";"33";"2";"1";"1";6;44;0
"6064";"202100006064";11;"15:30";"1";"33";"2";"3";"2";5;44;0
"6065";"202100006065";11;"18:30";"3";"49";"1";"3";"2";2;47;0
"6066";"202100006066";11;"19:30";"5";"60";"2";"1";"2";6;49;2
"6067";"202100006067";11;"21:30";"3";"60";"1";"1";"3";1;49;2
"6068";"202100006068";11;"02:57";"3";"59";"1";"1";"2";7;50;4
"6069";"202100006069";11;"02:00";"5";"59";"2";"1";"2";7;50;2
"6070";"202100006070";11;"05:15";"5";"33";"1";"1";"2";6;44;0
"6071";"202100006071";11;"12:30";"1";"92";"1";"1";"2";4;48;2
"6072";"202100006072";11;"13:40";"1";"91";"1";"1";"2";3;48;2
"6073";"202100006073";11;"12:25";"1";"94";"1";"1";"2";2;48;2
"6074";"202100006074";11;"19:40";"5";"94";"2";"1";"2";2;48;2
"6075";"202100006075";11;"01:03";"5";"94";"1";"1";"1";6;48;2
"6076";"202100006076";11;"18:40";"3";"91";"1";"1";"2";4;48;2
"6077";"202100006077";11;"13:05";"1";"78";"1";"1";"3";6;48;2
"6078";"202100006078";11;"04:10";"5";"78";"1";"1";"1";6;48;2
"6079";"202100006079";11;"18:59";"3";"78";"1";"1";"2";4;48;1
"6080";"202100006080";11;"10:45";"1";"95";"1";"1";"2";7;49;2
"6081";"202100006081";11;"00:45";"3";"93";"1";"1";"9";5;48;2
"6082";"202100006082";11;"11:30";"1";"93";"1";"1";"1";2;48;2
"6083";"202100006083";11;"01:45";"3";"94";"1";"1";"2";2;48;2
"6084";"202100006084";11;"23:15";"3";"77";"1";"1";"2";2;48;2
"6085";"202100006085";2;"21:30";"5";"94";"2";"1";"1";6;48;2
"6086";"202100006086";1;"16:45";"1";"94";"2";"1";"1";3;48;2
"6087";"202100006087";1;"09:30";"1";"94";"2";"2";"8";3;48;2
"6088";"202100006088";1;"19:20";"2";"94";"2";"1";"1";6;48;2
"6089";"202100006089";1;"21:40";"5";"94";"2";"1";"1";7;48;2
"6090";"202100006090";1;"16:50";"2";"94";"2";"2";"2";1;48;2
"6091";"202100006091";11;"19:20";"5";"75";"2";"1";"1";3;48;2
"6092";"202100006092";11;"18:45";"5";"75";"2";"4";"1";3;48;2
"6093";"202100006093";11;"09:45";"1";"75";"2";"2";"1";6;48;2
"6094";"202100006094";11;"13:40";"1";"75";"2";"7";"2";3;48;2
"6095";"202100006095";11;"13:40";"1";"75";"2";"1";"1";3;48;2
"6096";"202100006096";11;"12:55";"1";"75";"2";"2";"2";3;48;2
"6097";"202100006097";11;"17:45";"5";"75";"2";"3";"2";6;48;2
"6098";"202100006098";11;"18:40";"5";"75";"2";"4";"2";6;48;2
"6099";"202100006099";11;"14:30";"1";"75";"2";"7";"2";7;48;2
"6100";"202100006100";11;"16:00";"2";"75";"2";"3";"2";6;48;2
"6101";"202100006101";11;"14:55";"1";"75";"2";"2";"2";6;48;2
"6102";"202100006102";11;"09:30";"1";"75";"2";"7";"1";3;48;2
"6103";"202100006103";11;"15:54";"1";"75";"2";"2";"8";6;48;2
"6104";"202100006104";11;"09:05";"1";"75";"2";"4";"1";4;48;2
"6105";"202100006105";11;"09:50";"1";"75";"2";"2";"1";3;48;2
"6106";"202100006106";11;"14:30";"1";"94";"2";"2";"2";1;48;2
"6107";"202100006107";11;"21:30";"5";"94";"2";"1";"2";1;48;2
"6108";"202100006108";11;"09:15";"1";"94";"2";"1";"1";1;48;2
"6109";"202100006109";11;"20:00";"5";"94";"2";"1";"2";7;48;2
"6110";"202100006110";11;"11:05";"1";"75";"2";"1";"8";5;48;2
"6111";"202100006111";11;"19:10";"5";"94";"2";"2";"2";3;48;2
"6112";"202100006112";11;"13:10";"1";"94";"2";"1";"1";6;48;2
"6113";"202100006113";11;"23:00";"3";"94";"1";"1";"1";2;48;2
"6114";"202100006114";11;"17:00";"5";"94";"2";"9";"2";3;48;2
"6115";"202100006115";11;"14:30";"1";"94";"2";"3";"2";3;48;2
"6116";"202100006116";11;"11:15";"1";"94";"2";"2";"1";3;48;2
"6117";"202100006117";11;"05:25";"3";"94";"1";"1";"1";7;48;2
"6118";"202100006118";11;"15:20";"1";"94";"2";"3";"1";3;48;2
"6119";"202100006119";11;"07:56";"2";"93";"2";"3";"1";3;48;2
"6120";"202100006120";11;"14:45";"1";"93";"2";"1";"2";2;48;2
"6121";"202100006121";11;"11:45";"1";"93";"2";"1";"1";3;48;2
"6122";"202100006122";11;"17:00";"2";"93";"2";"2";"8";3;48;2
"6123";"202100006123";11;"19:50";"5";"93";"2";"1";"2";1;48;2
"6124";"202100006124";11;"19:45";"5";"92";"2";"2";"2";3;48;2
"6125";"202100006125";11;"17:20";"5";"92";"2";"5";"1";7;48;2
"6126";"202100006126";11;"13:45";"1";"92";"2";"1";"2";3;48;2
"6127";"202100006127";11;"14:15";"1";"92";"2";"1";"2";6;48;2
"6128";"202100006128";11;"19:30";"5";"92";"2";"1";"1";7;48;2
"6129";"202100006129";11;"18:45";"5";"92";"2";"2";"2";3;48;2
"6130";"202100006130";11;"16:20";"1";"35";"2";"1";"1";6;47;-2
"6131";"202100006131";11;"10:00";"1";"10";"2";"1";"2";6;48;4
"6132";"202100006132";11;"21:25";"3";"972";"2";"1";"1";6;14;-61
"6133";"202100006133";11;"17:30";"3";"84";"1";"1";"1";6;44;4
"6134";"202100006134";11;"16:30";"1";"61";"1";"1";"4";7;48;0
"6135";"202100006135";11;"08:37";"1";"51";"1";"1";"9";7;49;4
"6136";"202100006136";11;"00:15";"4";"56";"1";"1";"2";6;47;-3
"6137";"202100006137";11;"14:00";"1";"76";"1";"1";"4";1;49;0
"6138";"202100006138";11;"10:35";"1";"82";"1";"2";"2";3;44;1
"6139";"202100006139";11;"23:30";"3";"89";"1";"1";"2";6;47;3
"6140";"202100006140";11;"16:55";"2";"63";"1";"1";"8";6;45;3
"6141";"202100006141";11;"09:25";"1";"63";"2";"2";"1";3;45;3
"6142";"202100006142";11;"15:00";"1";"42";"1";"1";"4";6;45;3
"6143";"202100006143";11;"19:45";"5";"68";"2";"1";"1";6;47;7
"6144";"202100006144";11;"13:55";"1";"68";"2";"1";"8";6;47;7
"6145";"202100006145";11;"19:30";"3";"44";"1";"1";"1";6;47;-2
"6146";"202100006146";11;"15:40";"1";"35";"2";"4";"7";3;48;-1
"6147";"202100006147";11;"10:05";"1";"64";"1";"6";"3";7;43;0
"6148";"202100006148";11;"07:30";"2";"18";"1";"1";"2";1;47;2
"6149";"202100006149";11;"02:05";"3";"43";"1";"1";"2";7;45;3
"6150";"202100006150";11;"19:55";"3";"04";"1";"1";"1";6;43;6
"6151";"202100006151";11;"08:30";"1";"85";"2";"2";"1";3;46;-1
"6152";"202100006152";11;"20:35";"3";"27";"1";"2";"3";3;49;0
"6153";"202100006153";11;"13:30";"1";"37";"2";"1";"2";1;47;0
"6154";"202100006154";11;"08:35";"1";"973";"2";"6";"1";3;4;-52
"6155";"202100006155";11;"13:45";"1";"30";"1";"1";"1";3;43;4
"6156";"202100006156";11;"13:30";"1";"978";"2";"1";"1";3;18;-63
"6157";"202100006157";11;"18:30";"3";"988";"1";"1";"1";6;-22;166
"6158";"202100006158";11;"10:05";"1";"01";"1";"1";"8";2;46;5
"6159";"202100006159";10;"18:45";"1";"35";"1";"2";"1";3;48;-1
"6160";"202100006160";11;"18:00";"3";"42";"1";"1";"1";1;45;4
"6161";"202100006161";11;"07:45";"1";"987";"1";"1";"1";2;-17;-149
"6162";"202100006162";11;"15:20";"1";"44";"2";"2";"7";1;47;-2
"6163";"202100006163";11;"21:45";"3";"973";"1";"1";"1";6;5;-54
"6164";"202100006164";11;"06:54";"5";"73";"2";"1";"4";6;45;6
"6165";"202100006165";11;"12:45";"1";"27";"1";"1";"2";6;49;0
"6166";"202100006166";11;"15:30";"1";"28";"1";"1";"8";2;48;1
"6167";"202100006167";11;"19:15";"3";"988";"2";"1";"2";6;-20;165
"6168";"202100006168";11;"14:15";"1";"971";"1";"1";"2";4;16;-61
"6169";"202100006169";11;"11:45";"1";"28";"1";"1";"1";1;48;1
"6170";"202100006170";11;"13:30";"1";"2B";"2";"2";"2";6;42;8
"6171";"202100006171";11;"18:00";"4";"71";"2";"1";"1";6;46;3
"6172";"202100006172";11;"05:00";"3";"68";"1";"1";"1";7;47;7
"6173";"202100006173";11;"20:30";"3";"42";"1";"1";"1";1;45;4
"6174";"202100006174";11;"15:10";"1";"42";"1";"1";"1";2;45;4
"6175";"202100006175";11;"01:05";"3";"26";"1";"1";"1";7;44;4
"6176";"202100006176";11;"16:55";"5";"01";"1";"1";"2";7;45;5
"6177";"202100006177";11;"16:54";"2";"69";"1";"1";"1";7;46;4
"6178";"202100006178";11;"18:30";"3";"69";"2";"1";"1";6;45;4
"6179";"202100006179";11;"14:00";"1";"69";"1";"1";"1";1;45;5
"6180";"202100006180";11;"08:05";"1";"69";"2";"6";"1";6;45;4
"6181";"202100006181";11;"18:45";"3";"81";"1";"1";"1";6;43;1
"6182";"202100006182";11;"18:25";"3";"33";"1";"9";"8";2;44;0
"6183";"202100006183";11;"23:10";"3";"85";"1";"1";"2";6;46;-1
"6184";"202100006184";11;"17:15";"2";"50";"2";"1";"2";6;49;-1
"6185";"202100006185";11;"22:45";"5";"60";"2";"1";"2";5;49;2
"6186";"202100006186";11;"08:10";"2";"60";"1";"1";"2";4;49;2
"6187";"202100006187";11;"17:20";"4";"59";"1";"1";"3";6;50;3
"6188";"202100006188";11;"10:05";"1";"13";"1";"1";"1";2;43;5
"6189";"202100006189";11;"15:50";"1";"13";"1";"1";"2";7;43;5
"6190";"202100006190";11;"16:00";"1";"69";"2";"1";"2";6;45;4
"6191";"202100006191";11;"18:40";"1";"33";"1";"1";"2";4;44;0
"6192";"202100006192";11;"12:30";"1";"33";"1";"1";"1";5;44;0
"6193";"202100006193";11;"22:25";"3";"94";"1";"1";"2";2;48;2
"6194";"202100006194";11;"09:25";"1";"91";"1";"1";"1";3;48;2
"6195";"202100006195";11;"00:45";"3";"91";"1";"1";"1";7;48;2
"6196";"202100006196";11;"16:25";"1";"78";"1";"1";"2";4;48;2
"6197";"202100006197";11;"04:45";"4";"92";"1";"1";"1";1;48;2
"6198";"202100006198";11;"01:50";"3";"78";"1";"1";"8";7;48;2
"6199";"202100006199";11;"18:35";"3";"93";"1";"1";"2";3;48;2
"6200";"202100006200";11;"14:50";"1";"93";"1";"1";"2";6;48;2
"6201";"202100006201";11;"08:10";"1";"95";"1";"1";"1";2;49;2
"6202";"202100006202";11;"17:40";"3";"95";"2";"1";"2";3;48;2
"6203";"202100006203";11;"15:00";"1";"06";"2";"1";"8";3;43;7
"6204";"202100006204";7;"09:45";"1";"14";"2";"3";"1";3;49;0
"6205";"202100006205";8;"03:20";"5";"75";"2";"1";"1";6;48;2
"6206";"202100006206";11;"12:55";"1";"976";"2";"1";"1";2;-12;45
"6207";"202100006207";11;"07:20";"1";"974";"2";"1";"1";6;-21;55
"6208";"202100006208";11;"15:00";"1";"974";"2";"9";"1";5;-20;55
"6209";"202100006209";11;"13:10";"1";"973";"2";"3";"1";3;4;-52
"6210";"202100006210";11;"09:40";"1";"973";"2";"1";"1";6;4;-52
"6211";"202100006211";11;"21:35";"5";"69";"2";"2";"2";2;45;4
"6212";"202100006212";11;"12:40";"1";"69";"2";"1";"1";6;45;4
"6213";"202100006213";11;"17:15";"2";"69";"2";"9";"1";1;45;4
"6214";"202100006214";11;"13:30";"1";"69";"2";"2";"2";3;45;4
"6215";"202100006215";11;"12:20";"1";"69";"2";"3";"2";3;45;4
"6216";"202100006216";11;"20:15";"5";"69";"2";"2";"1";3;45;4
"6217";"202100006217";11;"08:20";"1";"2B";"1";"1";"2";1;42;9
"6218";"202100006218";11;"11:08";"1";"2B";"2";"4";"1";2;42;9
"6219";"202100006219";11;"18:05";"5";"91";"2";"1";"1";4;48;2
"6220";"202100006220";11;"11:41";"1";"87";"2";"1";"2";3;45;1
"6221";"202100006221";11;"19:17";"5";"87";"2";"2";"1";6;45;1
"6222";"202100006222";11;"18:59";"5";"87";"2";"2";"1";1;45;1
"6223";"202100006223";11;"13:20";"1";"87";"1";"3";"1";4;45;1
"6224";"202100006224";11;"16:35";"1";"87";"2";"1";"1";6;45;1
"6225";"202100006225";10;"20:10";"3";"85";"1";"1";"1";3;46;-1
"6226";"202100006226";11;"17:36";"5";"78";"2";"6";"2";1;48;1
"6227";"202100006227";11;"10:30";"1";"78";"2";"2";"8";2;49;1
"6228";"202100006228";11;"10:20";"1";"74";"2";"3";"8";3;46;6
"6229";"202100006229";11;"09:40";"1";"74";"2";"2";"8";3;46;6