"";"Num_Acc";"mois";"hrmn";"lum";"dep";"agg";"int";"atm";"col";"lat";"long"
"6230";"202100006230";11;"17:00";"1";"71";"2";"3";"1";3;46;4
"6231";"202100006231";11;"12:30";"1";"69";"2";"3";"2";7;45;4
"6232";"202100006232";11;"17:25";"5";"67";"2";"1";"1";6;48;7
"6233";"202100006233";11;"16:35";"2";"64";"2";"1";"3";3;43;-1
"6234";"202100006234";11;"15:05";"1";"64";"2";"1";"2";3;43;-1
"6235";"202100006235";11;"12:10";"1";"64";"2";"1";"2";3;43;-1
"6236";"202100006236";11;"11:00";"1";"64";"2";"6";"2";7;43;-1
"6237";"202100006237";11;"18:20";"5";"60";"2";"1";"1";6;49;2
"6238";"202100006238";11;"16:00";"1";"59";"2";"1";"1";3;50;3
"6239";"202100006239";11;"18:05";"5";"59";"1";"9";"1";3;50;3
"6240";"202100006240";11;"14:31";"1";"57";"2";"1";"7";6;49;6
"6241";"202100006241";11;"10:00";"1";"51";"2";"1";"1";2;49;4
"6242";"202100006242";11;"10:25";"1";"50";"2";"1";"2";6;49;-1
"6243";"202100006243";11;"17:55";"1";"49";"2";"1";"1";3;47;0
"6244";"202100006244";11;"07:29";"5";"49";"2";"1";"1";6;47;0
"6245";"202100006245";11;"07:18";"5";"45";"2";"1";"1";5;47;1
"6246";"202100006246";11;"17:20";"1";"42";"2";"1";"1";5;45;4
"6247";"202100006247";11;"09:00";"1";"42";"2";"1";"8";6;46;4
"6248";"202100006248";11;"19:55";"3";"41";"1";"1";"1";2;47;1
"6249";"202100006249";10;"16:50";"1";"38";"2";"1";"1";2;45;5
"6250";"202100006250";11;"14:20";"1";"38";"2";"3";"1";3;45;5
"6251";"202100006251";11;"00:16";"5";"37";"2";"1";"1";6;47;0
"6252";"202100006252";11;"19:20";"5";"37";"2";"1";"1";6;47;0
"6253";"202100006253";11;"13:00";"1";"37";"2";"6";"1";3;47;0
"6254";"202100006254";11;"08:15";"2";"35";"2";"1";"2";6;48;-1
"6255";"202100006255";11;"12:20";"1";"35";"2";"1";"1";3;48;-1
"6256";"202100006256";11;"02:00";"5";"33";"2";"1";"2";6;44;0
"6257";"202100006257";11;"05:35";"5";"33";"2";"3";"1";3;44;0
"6258";"202100006258";11;"13:00";"1";"29";"2";"6";"1";4;47;-4
"6259";"202100006259";11;"08:00";"1";"29";"1";"1";"1";4;47;-4
"6260";"202100006260";11;"14:25";"1";"27";"2";"3";"8";3;49;1
"6261";"202100006261";11;"12:55";"1";"27";"1";"3";"8";3;49;1
"6262";"202100006262";11;"17:10";"2";"22";"1";"1";"1";1;48;-3
"6263";"202100006263";11;"10:50";"1";"18";"2";"1";"1";3;47;2
"6264";"202100006264";11;"16:30";"1";"17";"2";"1";"1";3;46;-1
"6265";"202100006265";11;"19:45";"5";"15";"2";"2";"8";3;44;2
"6266";"202100006266";11;"18:30";"5";"13";"2";"1";"2";1;43;5
"6267";"202100006267";11;"20:00";"5";"13";"2";"1";"3";3;43;5
"6268";"202100006268";11;"22:00";"5";"13";"2";"1";"2";2;43;5
"6269";"202100006269";11;"20:00";"5";"13";"2";"1";"2";2;43;5
"6270";"202100006270";11;"19:15";"5";"13";"2";"1";"2";6;43;5
"6271";"202100006271";11;"20:15";"5";"13";"2";"6";"2";1;43;5
"6272";"202100006272";11;"12:50";"1";"11";"2";"1";"3";6;43;3
"6273";"202100006273";11;"20:10";"3";"09";"1";"1";"3";2;43;1
"6274";"202100006274";11;"19:46";"5";"08";"2";"2";"1";3;49;4
"6275";"202100006275";11;"15:15";"1";"06";"2";"1";"8";6;43;7
"6276";"202100006276";11;"13:55";"1";"06";"2";"1";"8";3;43;7
"6277";"202100006277";11;"07:55";"1";"06";"2";"1";"1";1;43;7
"6278";"202100006278";11;"10:10";"1";"04";"2";"3";"1";3;43;5
"6279";"202100006279";11;"13:50";"1";"03";"1";"1";"2";6;46;3
"6280";"202100006280";10;"06:10";"3";"02";"1";"1";"1";6;49;3
"6281";"202100006281";11;"13:40";"1";"01";"2";"3";"1";3;46;5
"6282";"202100006282";11;"16:41";"1";"75";"2";"2";"1";6;48;2
"6283";"202100006283";11;"19:50";"5";"75";"2";"1";"2";6;48;2
"6284";"202100006284";11;"11:00";"1";"75";"2";"2";"1";3;48;2
"6285";"202100006285";11;"17:50";"5";"75";"2";"3";"8";2;48;2
"6286";"202100006286";11;"14:30";"1";"75";"2";"2";"1";3;48;2
"6287";"202100006287";11;"20:15";"5";"75";"2";"4";"1";3;48;2
"6288";"202100006288";11;"13:30";"1";"75";"2";"3";"7";3;48;2
"6289";"202100006289";11;"15:00";"1";"75";"2";"7";"1";3;48;2
"6290";"202100006290";11;"19:55";"3";"75";"2";"1";"1";2;48;2
"6291";"202100006291";11;"18:40";"5";"75";"2";"5";"2";2;48;2
"6292";"202100006292";11;"07:54";"1";"75";"2";"1";"1";3;48;2
"6293";"202100006293";11;"13:15";"1";"75";"2";"1";"1";6;48;2
"6294";"202100006294";11;"11:50";"1";"75";"2";"1";"1";4;48;2
"6295";"202100006295";11;"10:05";"1";"75";"2";"4";"1";6;48;2
"6296";"202100006296";11;"17:10";"5";"75";"2";"5";"1";6;48;2
"6297";"202100006297";11;"09:12";"1";"75";"2";"2";"1";6;48;2
"6298";"202100006298";11;"06:45";"5";"75";"2";"1";"1";3;48;2
"6299";"202100006299";11;"01:10";"5";"75";"2";"7";"1";3;48;2
"6300";"202100006300";11;"09:00";"1";"75";"2";"4";"1";6;48;2
"6301";"202100006301";11;"17:25";"2";"75";"2";"2";"2";2;48;2
"6302";"202100006302";10;"13:37";"1";"75";"2";"3";"2";4;48;2
"6303";"202100006303";11;"00:38";"5";"75";"2";"2";"1";3;48;2
"6304";"202100006304";11;"17:05";"2";"94";"2";"1";"2";6;48;2
"6305";"202100006305";11;"15:00";"1";"94";"2";"1";"8";7;48;2
"6306";"202100006306";11;"23:30";"5";"94";"2";"2";"1";3;48;2
"6307";"202100006307";11;"21:25";"5";"93";"2";"3";"1";3;48;2
"6308";"202100006308";11;"16:30";"2";"93";"2";"9";"5";5;48;2
"6309";"202100006309";11;"19:45";"5";"93";"2";"6";"1";3;48;2
"6310";"202100006310";11;"20:10";"3";"93";"2";"1";"2";5;48;2
"6311";"202100006311";11;"14:15";"1";"93";"2";"2";"9";3;48;2
"6312";"202100006312";11;"08:25";"2";"93";"2";"2";"8";3;48;2
"6313";"202100006313";11;"13:10";"1";"93";"2";"1";"8";6;48;2
"6314";"202100006314";11;"08:40";"2";"92";"2";"2";"1";3;48;2
"6315";"202100006315";11;"19:40";"5";"92";"2";"3";"1";3;48;2
"6316";"202100006316";11;"16:39";"2";"92";"2";"3";"2";6;48;2
"6317";"202100006317";11;"20:30";"5";"92";"2";"1";"2";3;48;2
"6318";"202100006318";11;"02:51";"5";"92";"2";"1";"1";6;48;2
"6319";"202100006319";11;"10:09";"1";"92";"2";"1";"1";2;48;2
"6320";"202100006320";11;"08:00";"2";"54";"1";"1";"1";6;48;6
"6321";"202100006321";11;"10:30";"1";"83";"1";"1";"1";2;43;6
"6322";"202100006322";11;"19:45";"3";"83";"1";"1";"3";6;43;6
"6323";"202100006323";11;"23:45";"3";"974";"2";"1";"1";6;-21;55
"6324";"202100006324";11;"13:25";"1";"74";"2";"2";"1";3;45;6
"6325";"202100006325";11;"06:00";"2";"974";"1";"1";"1";2;-21;55
"6326";"202100006326";11;"17:10";"2";"14";"1";"1";"1";4;49;0
"6327";"202100006327";11;"18:45";"3";"19";"1";"1";"2";7;45;2
"6328";"202100006328";11;"19:00";"3";"80";"1";"2";"2";1;50;1
"6329";"202100006329";11;"17:45";"5";"71";"2";"1";"2";6;46;4
"6330";"202100006330";11;"18:30";"3";"63";"1";"1";"1";7;45;3
"6331";"202100006331";11;"16:15";"1";"39";"1";"3";"2";7;46;5
"6332";"202100006332";11;"13:40";"1";"29";"2";"1";"2";6;47;-3
"6333";"202100006333";11;"07:15";"3";"29";"1";"6";"3";6;48;-4
"6334";"202100006334";11;"08:00";"2";"31";"2";"1";"8";6;43;1
"6335";"202100006335";11;"17:29";"3";"03";"1";"1";"8";2;46;3
"6336";"202100006336";11;"16:10";"2";"66";"2";"1";"2";6;42;2
"6337";"202100006337";11;"15:45";"1";"72";"1";"1";"2";1;48;0
"6338";"202100006338";11;"14:50";"1";"06";"1";"3";"1";1;43;6
"6339";"202100006339";11;"18:45";"5";"05";"2";"6";"1";6;44;6
"6340";"202100006340";11;"09:40";"1";"36";"1";"1";"1";3;46;1
"6341";"202100006341";11;"17:45";"5";"21";"2";"1";"1";6;47;4
"6342";"202100006342";11;"17:30";"1";"987";"1";"1";"1";7;-17;-149
"6343";"202100006343";11;"19:45";"5";"987";"1";"1";"1";3;-17;-149
"6344";"202100006344";11;"22:25";"2";"21";"1";"1";"1";6;47;4
"6345";"202100006345";11;"14:08";"1";"976";"2";"1";"1";6;-12;45
"6346";"202100006346";11;"08:30";"1";"974";"1";"1";"1";1;-21;55
"6347";"202100006347";11;"08:56";"1";"971";"2";"1";"1";6;16;-61
"6348";"202100006348";11;"10:40";"1";"45";"2";"1";"1";6;48;2
"6349";"202100006349";11;"17:40";"5";"91";"2";"1";"1";6;48;2
"6350";"202100006350";11;"17:00";"3";"34";"1";"1";"1";7;43;3
"6351";"202100006351";11;"20:35";"5";"84";"1";"9";"2";7;43;4
"6352";"202100006352";11;"04:25";"3";"89";"1";"6";"1";2;47;3
"6353";"202100006353";11;"07:45";"1";"67";"2";"3";"1";3;48;7
"6354";"202100006354";11;"14:50";"1";"57";"1";"1";"1";7;49;6
"6355";"202100006355";11;"12:20";"1";"38";"2";"1";"8";1;45;5
"6356";"202100006356";11;"18:30";"5";"01";"2";"2";"1";3;45;5
"6357";"202100006357";11;"13:15";"1";"01";"1";"1";"5";6;45;5
"6358";"202100006358";11;"11:20";"1";"69";"2";"1";"1";2;45;4
"6359";"202100006359";11;"18:40";"3";"19";"1";"1";"2";3;45;1
"6360";"202100006360";11;"17:00";"1";"14";"2";"3";"8";3;48;0
"6361";"202100006361";10;"15:50";"1";"22";"2";"2";"1";3;48;-3
"6362";"202100006362";11;"17:50";"3";"22";"1";"1";"1";1;48;-2
"6363";"202100006363";11;"16:30";"2";"59";"1";"1";"7";4;50;2
"6364";"202100006364";11;"13:30";"1";"13";"1";"1";"3";7;43;5
"6365";"202100006365";11;"21:50";"3";"13";"1";"1";"3";6;43;5
"6366";"202100006366";11;"14:20";"1";"83";"1";"1";"1";3;43;5
"6367";"202100006367";11;"17:45";"3";"42";"1";"1";"1";2;45;4
"6368";"202100006368";11;"18:45";"3";"59";"1";"1";"1";4;50;2
"6369";"202100006369";11;"08:45";"1";"91";"1";"1";"1";2;48;2
"6370";"202100006370";11;"04:10";"3";"91";"1";"1";"1";7;48;2
"6371";"202100006371";11;"17:25";"2";"78";"1";"1";"2";2;48;1
"6372";"202100006372";11;"20:25";"3";"92";"1";"1";"1";3;48;2
"6373";"202100006373";11;"15:00";"1";"95";"1";"1";"1";4;49;2
"6374";"202100006374";11;"07:30";"2";"93";"1";"1";"1";3;48;2
"6375";"202100006375";11;"15:50";"1";"95";"1";"1";"1";2;49;2
"6376";"202100006376";11;"11:20";"1";"95";"1";"1";"1";3;49;2
"6377";"202100006377";11;"15:35";"1";"77";"1";"1";"1";6;48;2
"6378";"202100006378";11;"04:25";"3";"94";"1";"1";"1";6;48;2
"6379";"202100006379";11;"18:20";"2";"24";"2";"9";"1";6;44;0
"6380";"202100006380";9;"20:30";"5";"971";"1";"1";"1";1;16;-61
"6381";"202100006381";9;"13:55";"1";"971";"1";"1";"1";7;16;-61
"6382";"202100006382";9;"05:45";"2";"84";"2";"9";"1";4;43;4
"6383";"202100006383";6;"23:55";"5";"77";"2";"3";"1";6;48;2
"6384";"202100006384";11;"08:00";"1";"974";"1";"9";"1";1;-20;55
"6385";"202100006385";11;"09:20";"1";"974";"2";"1";"1";6;-20;55
"6386";"202100006386";11;"08:00";"1";"972";"2";"3";"1";3;14;-61
"6387";"202100006387";11;"13:30";"1";"69";"2";"9";"1";6;45;4
"6388";"202100006388";11;"17:45";"5";"69";"2";"1";"1";6;45;4
"6389";"202100006389";11;"17:10";"5";"69";"2";"1";"1";3;45;4
"6390";"202100006390";11;"14:20";"1";"69";"1";"1";"1";1;45;4
"6391";"202100006391";11;"10:50";"1";"971";"1";"9";"1";3;16;-61
"6392";"202100006392";11;"21:35";"3";"95";"2";"1";"1";2;48;2
"6393";"202100006393";11;"09:25";"1";"91";"2";"1";"8";6;48;2
"6394";"202100006394";11;"20:00";"5";"91";"2";"3";"1";3;48;2
"6395";"202100006395";11;"07:45";"1";"91";"2";"1";"1";6;48;2
"6396";"202100006396";10;"16:40";"1";"89";"2";"3";"1";3;48;3
"6397";"202100006397";11;"20:15";"3";"88";"1";"1";"1";2;48;6
"6398";"202100006398";11;"08:47";"1";"87";"2";"1";"1";7;45;1
"6399";"202100006399";11;"12:15";"1";"76";"2";"2";"1";6;49;1
"6400";"202100006400";11;"17:51";"2";"76";"2";"1";"1";2;49;0
"6401";"202100006401";11;"13:20";"1";"69";"2";"6";"1";6;45;4
"6402";"202100006402";11;"07:10";"5";"64";"2";"1";"1";3;43;0
"6403";"202100006403";11;"09:00";"1";"64";"2";"1";"1";6;43;-1
"6404";"202100006404";11;"17:15";"5";"64";"2";"1";"8";7;43;-1
"6405";"202100006405";11;"15:55";"1";"63";"2";"1";"1";6;45;3
"6406";"202100006406";11;"13:25";"1";"63";"2";"1";"1";6;45;3
"6407";"202100006407";11;"13:20";"1";"59";"2";"7";"1";6;50;3
"6408";"202100006408";11;"08:37";"1";"59";"2";"1";"8";7;50;3
"6409";"202100006409";11;"15:40";"1";"59";"1";"1";"1";3;50;3
"6410";"202100006410";6;"09:30";"1";"58";"2";"6";"1";2;46;3
"6411";"202100006411";11;"13:45";"1";"57";"2";"1";"1";6;49;6
"6412";"202100006412";11;"10:25";"1";"54";"1";"1";"8";1;48;6
"6413";"202100006413";11;"14:20";"1";"51";"2";"3";"1";3;49;4
"6414";"202100006414";11;"12:25";"1";"51";"2";"4";"1";3;49;4
"6415";"202100006415";11;"12:30";"1";"51";"2";"6";"1";3;49;4
"6416";"202100006416";11;"11:30";"1";"51";"2";"1";"1";7;49;4
"6417";"202100006417";11;"12:25";"1";"51";"2";"1";"1";1;49;4
"6418";"202100006418";11;"22:57";"5";"49";"2";"1";"1";7;47;0
"6419";"202100006419";11;"10:22";"1";"47";"2";"3";"1";3;44;0
"6420";"202100006420";11;"10:30";"1";"45";"2";"9";"1";6;47;1
"6421";"202100006421";11;"18:30";"3";"44";"1";"1";"1";3;47;-1
"6422";"202100006422";11;"15:45";"1";"37";"2";"4";"8";6;47;0
"6423";"202100006423";11;"18:00";"5";"34";"2";"1";"1";6;43;3
"6424";"202100006424";11;"17:35";"5";"33";"2";"1";"2";6;44;-1
"6425";"202100006425";11;"19:00";"5";"31";"2";"9";"3";6;43;1
"6426";"202100006426";11;"12:38";"1";"31";"2";"9";"2";3;43;1
"6427";"202100006427";11;"17:10";"2";"30";"2";"1";"1";6;43;4
"6428";"202100006428";11;"18:00";"5";"29";"2";"3";"1";1;48;-4
"6429";"202100006429";11;"08:40";"1";"29";"2";"1";"1";1;48;-4
"6430";"202100006430";11;"13:00";"1";"29";"2";"1";"1";6;48;-4
"6431";"202100006431";11;"07:05";"5";"29";"2";"2";"1";3;48;-4
"6432";"202100006432";11;"05:50";"5";"22";"2";"1";"1";3;48;-3
"6433";"202100006433";11;"18:58";"4";"21";"2";"1";"1";6;47;5
"6434";"202100006434";11;"19:30";"5";"17";"2";"3";"1";1;46;-1
"6435";"202100006435";11;"13:35";"1";"17";"1";"1";"1";2;46;-1
"6436";"202100006436";11;"22:50";"5";"17";"2";"6";"1";3;46;-1
"6437";"202100006437";11;"15:50";"1";"17";"2";"1";"7";6;45;0
"6438";"202100006438";11;"19:25";"5";"14";"2";"2";"1";1;49;0
"6439";"202100006439";11;"07:45";"2";"14";"2";"3";"1";3;49;0
"6440";"202100006440";11;"23:00";"5";"13";"2";"2";"2";3;43;5
"6441";"202100006441";11;"20:15";"5";"13";"2";"1";"3";6;43;5
"6442";"202100006442";11;"18:25";"5";"13";"2";"1";"3";6;43;5
"6443";"202100006443";11;"18:40";"5";"13";"2";"1";"2";6;43;5
"6444";"202100006444";11;"13:00";"1";"13";"2";"1";"1";3;43;5
"6445";"202100006445";11;"08:51";"1";"10";"2";"1";"1";6;48;4
"6446";"202100006446";11;"16:19";"2";"06";"2";"2";"8";3;43;7
"6447";"202100006447";11;"18:02";"5";"06";"2";"9";"1";6;43;7
"6448";"202100006448";11;"11:30";"1";"06";"2";"2";"1";6;43;7
"6449";"202100006449";11;"06:33";"2";"06";"2";"3";"1";3;43;7
"6450";"202100006450";11;"18:40";"5";"06";"2";"1";"2";5;43;7
"6451";"202100006451";11;"10:35";"1";"06";"2";"2";"1";3;43;7
"6452";"202100006452";11;"11:20";"1";"02";"2";"1";"7";2;49;3
"6453";"202100006453";11;"18:48";"5";"75";"2";"1";"1";4;48;2
"6454";"202100006454";11;"13:10";"1";"75";"2";"4";"1";3;48;2
"6455";"202100006455";11;"08:45";"1";"75";"2";"1";"1";4;48;2
"6456";"202100006456";11;"08:10";"1";"75";"2";"1";"1";3;48;2
"6457";"202100006457";11;"18:20";"2";"75";"2";"2";"1";6;48;2
"6458";"202100006458";11;"22:15";"5";"75";"2";"4";"1";6;48;2
"6459";"202100006459";11;"15:40";"1";"75";"2";"2";"1";2;48;2
"6460";"202100006460";11;"21:45";"5";"75";"2";"4";"1";2;48;2
"6461";"202100006461";11;"16:20";"1";"75";"2";"4";"1";6;48;2
"6462";"202100006462";11;"12:20";"1";"75";"2";"2";"1";6;48;2
"6463";"202100006463";11;"09:28";"1";"75";"2";"3";"1";3;48;2
"6464";"202100006464";11;"13:05";"1";"75";"2";"2";"1";3;48;2
"6465";"202100006465";11;"11:30";"1";"75";"2";"2";"1";3;48;2
"6466";"202100006466";11;"10:45";"1";"75";"2";"4";"1";6;48;2
"6467";"202100006467";11;"17:30";"3";"75";"2";"5";"1";6;48;2
"6468";"202100006468";11;"17:40";"5";"75";"2";"1";"1";3;48;2
"6469";"202100006469";11;"06:20";"2";"75";"2";"4";"1";3;48;2
"6470";"202100006470";11;"18:45";"5";"75";"2";"1";"1";7;48;2
"6471";"202100006471";11;"11:24";"1";"75";"2";"2";"1";3;48;2
"6472";"202100006472";11;"19:10";"5";"75";"2";"2";"1";3;48;2
"6473";"202100006473";11;"18:20";"5";"75";"2";"2";"1";6;48;2
"6474";"202100006474";11;"10:22";"1";"94";"2";"1";"1";6;48;2
"6475";"202100006475";11;"08:30";"1";"94";"2";"2";"1";6;48;2
"6476";"202100006476";11;"01:50";"5";"94";"2";"1";"1";6;48;2
"6477";"202100006477";11;"12:45";"1";"94";"2";"2";"1";3;48;2
"6478";"202100006478";11;"11:40";"1";"94";"2";"6";"7";6;48;2
"6479";"202100006479";11;"15:32";"1";"93";"2";"5";"1";6;48;2
"6480";"202100006480";11;"16:15";"1";"93";"1";"1";"1";2;48;2
"6481";"202100006481";11;"08:20";"1";"93";"2";"9";"1";3;48;2
"6482";"202100006482";11;"07:00";"5";"93";"2";"5";"1";3;48;2
"6483";"202100006483";11;"21:55";"5";"93";"2";"3";"1";3;48;2
"6484";"202100006484";11;"22:50";"4";"93";"2";"3";"1";3;48;2
"6485";"202100006485";11;"15:15";"1";"92";"2";"1";"1";3;48;2
"6486";"202100006486";11;"16:30";"1";"92";"2";"3";"1";6;48;2
"6487";"202100006487";11;"14:15";"1";"92";"2";"1";"1";2;48;2
"6488";"202100006488";11;"18:20";"5";"92";"2";"2";"1";3;48;2
"6489";"202100006489";11;"15:20";"1";"92";"2";"1";"1";7;48;2
"6490";"202100006490";11;"17:58";"5";"92";"2";"3";"1";7;48;2
"6491";"202100006491";11;"17:50";"5";"92";"2";"1";"1";6;48;2
"6492";"202100006492";11;"10:15";"1";"92";"2";"1";"1";2;48;2
"6493";"202100006493";11;"07:20";"2";"92";"2";"1";"1";6;48;2
"6494";"202100006494";11;"13:10";"1";"01";"2";"1";"1";1;45;4
"6495";"202100006495";11;"14:54";"1";"06";"2";"4";"8";6;43;7
"6496";"202100006496";11;"07:42";"2";"06";"2";"3";"2";3;43;7
"6497";"202100006497";11;"20:00";"5";"01";"1";"1";"1";1;46;6
"6498";"202100006498";11;"17:05";"5";"62";"2";"1";"2";6;50;2
"6499";"202100006499";11;"21:00";"3";"57";"1";"1";"1";1;49;6
"6500";"202100006500";11;"07:40";"2";"67";"1";"1";"1";4;48;7
"6501";"202100006501";11;"07:45";"1";"76";"1";"2";"1";3;49;0
"6502";"202100006502";11;"11:10";"1";"89";"2";"1";"1";6;48;3
"6503";"202100006503";11;"04:15";"3";"22";"1";"1";"2";1;48;-2
"6504";"202100006504";11;"19:30";"5";"02";"2";"1";"1";6;49;3
"6505";"202100006505";11;"10:17";"1";"85";"1";"1";"1";3;46;-1
"6506";"202100006506";11;"10:45";"1";"72";"1";"1";"7";6;47;0
"6507";"202100006507";11;"16:10";"2";"72";"1";"1";"7";4;48;0
"6508";"202100006508";10;"12:00";"1";"50";"2";"1";"1";6;49;-1
"6509";"202100006509";11;"16:30";"1";"60";"2";"1";"1";6;49;2
"6510";"202100006510";11;"06:45";"3";"45";"1";"1";"9";7;47;2
"6511";"202100006511";11;"14:25";"1";"16";"2";"9";"1";6;46;0
"6512";"202100006512";11;"01:25";"5";"07";"2";"9";"1";6;45;4
"6513";"202100006513";11;"06:41";"5";"07";"2";"1";"2";3;44;4
"6514";"202100006514";11;"18:26";"3";"21";"2";"1";"9";6;47;5
"6515";"202100006515";11;"16:30";"1";"24";"1";"1";"2";1;45;0
"6516";"202100006516";11;"20:15";"3";"85";"1";"1";"1";7;46;-1
"6517";"202100006517";11;"14:15";"1";"30";"1";"1";"3";1;43;4
"6518";"202100006518";11;"17:05";"1";"49";"1";"1";"1";5;47;0
"6519";"202100006519";11;"13:58";"1";"44";"1";"1";"1";1;47;-1
"6520";"202100006520";11;"17:00";"1";"74";"2";"1";"1";3;46;6
"6521";"202100006521";11;"10:10";"1";"38";"2";"2";"1";3;45;5
"6522";"202100006522";11;"20:30";"3";"38";"1";"1";"8";2;45;5
"6523";"202100006523";11;"13:05";"1";"974";"2";"1";"1";3;-20;55
"6524";"202100006524";11;"10:30";"1";"973";"1";"1";"1";5;4;-52
"6525";"202100006525";11;"17:15";"2";"77";"1";"3";"1";3;48;2
"6526";"202100006526";11;"07:40";"1";"71";"1";"1";"1";1;46;4
"6527";"202100006527";11;"02:52";"3";"88";"1";"1";"5";6;48;5
"6528";"202100006528";11;"14:20";"1";"69";"1";"4";"1";3;45;4
"6529";"202100006529";11;"12:00";"1";"76";"2";"1";"2";6;49;0
"6530";"202100006530";11;"18:00";"3";"76";"1";"1";"1";1;49;0
"6531";"202100006531";11;"17:00";"1";"13";"1";"1";"2";4;43;5
"6532";"202100006532";11;"16:20";"1";"13";"1";"1";"2";3;43;5
"6533";"202100006533";11;"12:06";"1";"13";"1";"1";"1";3;43;5
"6534";"202100006534";11;"18:30";"3";"42";"1";"1";"1";4;45;4
"6535";"202100006535";11;"21:30";"5";"33";"1";"1";"2";7;44;0
"6536";"202100006536";11;"19:35";"1";"33";"1";"1";"2";4;44;0
"6537";"202100006537";11;"09:02";"1";"33";"1";"1";"2";2;44;0
"6538";"202100006538";11;"03:35";"3";"33";"1";"1";"2";6;44;0
"6539";"202100006539";11;"15:50";"1";"91";"1";"1";"1";4;48;2
"6540";"202100006540";11;"18:30";"3";"92";"1";"1";"1";3;48;2
"6541";"202100006541";11;"18:40";"3";"77";"1";"1";"1";3;48;2
"6542";"202100006542";11;"17:50";"3";"94";"1";"1";"1";2;48;2
"6543";"202100006543";7;"09:04";"1";"65";"2";"1";"1";6;43;0
"6544";"202100006544";7;"21:45";"2";"61";"2";"3";"1";3;48;0
"6545";"202100006545";11;"17:40";"5";"75";"2";"1";"8";3;48;2
"6546";"202100006546";11;"14:00";"1";"72";"2";"1";"1";6;47;0
"6547";"202100006547";11;"19:05";"3";"02";"1";"1";"1";6;49;3
"6548";"202100006548";11;"02:55";"5";"92";"1";"1";"1";6;48;2
"6549";"202100006549";11;"16:15";"2";"971";"1";"1";"7";6;16;-61
"6550";"202100006550";11;"02:57";"3";"30";"1";"1";"1";6;43;4
"6551";"202100006551";11;"16:10";"1";"05";"2";"1";"1";6;44;6
"6552";"202100006552";11;"18:40";"3";"58";"2";"3";"1";3;46;3
"6553";"202100006553";9;"01:45";"3";"77";"1";"1";"1";1;48;2
"6554";"202100006554";11;"17:20";"1";"988";"2";"3";"1";3;-22;166
"6555";"202100006555";11;"11:30";"1";"976";"2";"1";"1";6;-12;45
"6556";"202100006556";11;"10:55";"1";"976";"2";"4";"1";7;-12;45
"6557";"202100006557";11;"11:20";"1";"974";"1";"1";"1";3;-21;55
"6558";"202100006558";11;"17:55";"1";"974";"2";"1";"1";3;-20;55
"6559";"202100006559";11;"23:30";"3";"974";"2";"1";"1";6;-20;55
"6560";"202100006560";11;"13:34";"1";"973";"2";"1";"1";3;4;-52
"6561";"202100006561";11;"03:13";"5";"973";"2";"3";"1";7;4;-52
"6562";"202100006562";11;"18:30";"5";"69";"2";"1";"1";4;45;4
"6563";"202100006563";11;"17:45";"5";"69";"2";"1";"1";6;45;4
"6564";"202100006564";11;"21:20";"5";"69";"2";"2";"1";3;45;4
"6565";"202100006565";11;"13:30";"1";"972";"2";"1";"1";1;14;-61
"6566";"202100006566";11;"06:15";"5";"69";"2";"1";"1";2;45;4
"6567";"202100006567";11;"18:00";"5";"69";"2";"3";"1";6;45;4
"6568";"202100006568";11;"09:51";"1";"69";"2";"1";"8";6;45;4
"6569";"202100006569";11;"17:48";"2";"2B";"2";"1";"1";4;42;9
"6570";"202100006570";11;"16:30";"1";"2A";"2";"3";"1";3;41;8
"6571";"202100006571";11;"17:50";"5";"95";"2";"9";"1";1;48;2
"6572";"202100006572";11;"13:40";"1";"95";"2";"1";"1";2;48;2
"6573";"202100006573";11;"19:25";"5";"95";"2";"3";"1";3;48;2
"6574";"202100006574";11;"20:54";"5";"91";"2";"1";"1";4;48;2
"6575";"202100006575";11;"11:10";"1";"91";"2";"3";"1";1;48;2
"6576";"202100006576";11;"08:30";"1";"91";"2";"1";"1";3;48;2
"6577";"202100006577";11;"12:12";"1";"91";"1";"1";"2";4;48;2
"6578";"202100006578";11;"05:00";"5";"91";"2";"2";"1";6;48;2
"6579";"202100006579";11;"19:30";"5";"91";"2";"3";"1";6;48;2
"6580";"202100006580";11;"19:00";"5";"87";"2";"3";"1";7;45;1
"6581";"202100006581";11;"08:04";"2";"87";"1";"1";"1";4;45;1
"6582";"202100006582";11;"18:08";"3";"87";"1";"1";"1";6;45;1
"6583";"202100006583";11;"10:55";"1";"87";"2";"3";"1";6;45;1
"6584";"202100006584";11;"08:17";"1";"87";"2";"1";"1";6;45;1
"6585";"202100006585";11;"00:00";"5";"86";"2";"3";"1";3;46;0
"6586";"202100006586";11;"19:50";"5";"85";"2";"2";"5";3;46;-1
"6587";"202100006587";11;"19:20";"3";"84";"2";"9";"1";2;43;4
"6588";"202100006588";11;"07:55";"1";"83";"2";"9";"1";6;43;5
"6589";"202100006589";9;"15:40";"1";"83";"2";"1";"1";6;43;5
"6590";"202100006590";11;"20:08";"3";"83";"1";"1";"1";6;43;5
"6591";"202100006591";11;"17:25";"3";"83";"1";"1";"1";5;43;5
"6592";"202100006592";11;"14:35";"1";"82";"2";"1";"1";5;44;1
"6593";"202100006593";11;"11:47";"1";"80";"2";"1";"2";3;49;2