"";"Num_Acc";"mois";"hrmn";"lum";"dep";"agg";"int";"atm";"col";"lat";"long"
"6594";"202100006594";11;"14:50";"1";"80";"2";"2";"1";3;49;2
"6595";"202100006595";11;"14:30";"1";"80";"2";"1";"1";3;49;2
"6596";"202100006596";11;"07:40";"3";"80";"1";"1";"1";1;49;2
"6597";"202100006597";11;"16:14";"1";"79";"2";"2";"1";3;46;0
"6598";"202100006598";11;"10:15";"1";"78";"2";"9";"1";6;48;2
"6599";"202100006599";11;"14:30";"1";"78";"2";"2";"1";3;49;1
"6600";"202100006600";11;"08:30";"1";"78";"2";"3";"1";6;48;1
"6601";"202100006601";11;"16:35";"1";"78";"2";"1";"1";3;48;1
"6602";"202100006602";11;"07:00";"2";"78";"2";"2";"8";3;48;1
"6603";"202100006603";11;"17:30";"5";"77";"2";"2";"1";6;48;2
"6604";"202100006604";11;"00:10";"5";"77";"2";"6";"2";1;48;2
"6605";"202100006605";11;"19:35";"5";"77";"1";"6";"1";3;48;2
"6606";"202100006606";11;"07:40";"1";"77";"2";"6";"1";3;48;2
"6607";"202100006607";11;"07:40";"1";"77";"2";"2";"8";3;48;2
"6608";"202100006608";11;"17:25";"5";"76";"2";"1";"1";1;49;1
"6609";"202100006609";11;"19:55";"5";"76";"2";"2";"2";3;49;0
"6610";"202100006610";11;"14:45";"1";"72";"2";"1";"1";3;48;0
"6611";"202100006611";11;"09:00";"1";"72";"2";"2";"1";3;47;0
"6612";"202100006612";11;"07:15";"2";"72";"2";"3";"1";3;47;0
"6613";"202100006613";11;"19:40";"4";"72";"2";"6";"2";3;47;0
"6614";"202100006614";11;"18:05";"5";"72";"2";"1";"8";6;47;0
"6615";"202100006615";11;"14:50";"1";"72";"2";"1";"2";7;48;0
"6616";"202100006616";11;"07:25";"1";"71";"2";"6";"1";2;46;4
"6617";"202100006617";11;"18:45";"5";"69";"1";"2";"1";3;45;4
"6618";"202100006618";11;"17:09";"2";"69";"1";"2";"1";3;45;4
"6619";"202100006619";10;"19:49";"2";"68";"2";"1";"1";6;48;7
"6620";"202100006620";11;"05:20";"5";"67";"2";"1";"1";6;48;7
"6621";"202100006621";11;"01:17";"5";"67";"2";"3";"1";3;48;7
"6622";"202100006622";11;"08:35";"1";"67";"2";"3";"8";3;48;7
"6623";"202100006623";11;"18:05";"5";"67";"2";"8";"1";1;48;7
"6624";"202100006624";11;"08:00";"1";"66";"2";"6";"1";3;42;2
"6625";"202100006625";11;"15:19";"1";"66";"2";"1";"1";6;42;2
"6626";"202100006626";11;"13:50";"1";"65";"2";"6";"1";3;43;0
"6627";"202100006627";11;"13:26";"1";"64";"2";"3";"1";3;43;0
"6628";"202100006628";11;"03:45";"5";"64";"2";"3";"2";1;43;0
"6629";"202100006629";11;"14:30";"1";"64";"2";"1";"1";7;43;-1
"6630";"202100006630";11;"13:10";"1";"64";"2";"1";"2";2;43;-1
"6631";"202100006631";11;"18:02";"2";"63";"2";"1";"1";6;45;3
"6632";"202100006632";11;"16:18";"1";"63";"2";"4";"1";3;45;3
"6633";"202100006633";11;"15:45";"1";"61";"1";"1";"1";5;48;0
"6634";"202100006634";10;"15:35";"1";"61";"2";"1";"1";2;48;0
"6635";"202100006635";11;"07:00";"3";"61";"1";"1";"8";5;48;0
"6636";"202100006636";11;"17:35";"2";"60";"2";"9";"8";6;49;2
"6637";"202100006637";11;"19:15";"5";"60";"1";"1";"1";4;49;2
"6638";"202100006638";11;"07:20";"2";"59";"2";"1";"1";6;51;2
"6639";"202100006639";11;"11:15";"1";"56";"2";"1";"1";3;47;-2
"6640";"202100006640";11;"13:30";"1";"56";"2";"6";"1";2;47;-3
"6641";"202100006641";11;"00:05";"5";"56";"2";"1";"2";6;47;-3
"6642";"202100006642";11;"14:10";"1";"54";"2";"3";"1";1;48;6
"6643";"202100006643";11;"08:45";"1";"54";"2";"2";"1";3;48;6
"6644";"202100006644";11;"10:55";"1";"52";"2";"1";"1";6;48;5
"6645";"202100006645";11;"14:30";"1";"51";"2";"6";"1";7;49;4
"6646";"202100006646";11;"07:45";"1";"51";"2";"1";"1";7;49;4
"6647";"202100006647";11;"09:50";"1";"50";"2";"1";"1";6;49;-1
"6648";"202100006648";11;"08:50";"1";"50";"2";"1";"2";3;49;-1
"6649";"202100006649";11;"12:20";"1";"50";"2";"1";"1";6;49;-1
"6650";"202100006650";11;"18:30";"5";"49";"2";"1";"2";7;47;0
"6651";"202100006651";11;"21:43";"3";"49";"2";"1";"1";2;47;0
"6652";"202100006652";11;"18:40";"5";"49";"2";"1";"1";2;47;0
"6653";"202100006653";11;"04:37";"5";"49";"2";"2";"1";3;47;0
"6654";"202100006654";11;"11:12";"1";"49";"2";"1";"1";7;47;0
"6655";"202100006655";11;"18:20";"5";"45";"2";"9";"1";1;47;1
"6656";"202100006656";11;"12:20";"1";"45";"2";"2";"1";3;47;1
"6657";"202100006657";11;"16:35";"1";"45";"2";"3";"1";3;47;1
"6658";"202100006658";11;"21:40";"5";"44";"2";"9";"1";3;47;-1
"6659";"202100006659";11;"19:20";"5";"42";"2";"1";"2";1;45;4
"6660";"202100006660";11;"19:30";"5";"42";"1";"1";"1";5;45;4
"6661";"202100006661";11;"19:55";"5";"37";"2";"1";"1";7;47;0
"6662";"202100006662";11;"10:25";"1";"37";"2";"1";"1";1;47;0
"6663";"202100006663";7;"20:50";"1";"35";"2";"2";"1";3;48;-1
"6664";"202100006664";11;"19:10";"3";"35";"1";"1";"1";4;48;-1
"6665";"202100006665";11;"20:00";"5";"34";"2";"2";"1";3;43;3
"6666";"202100006666";11;"17:00";"1";"33";"2";"3";"1";3;44;0
"6667";"202100006667";11;"21:00";"5";"33";"2";"3";"1";6;44;0
"6668";"202100006668";11;"19:10";"5";"33";"2";"2";"1";3;44;0
"6669";"202100006669";11;"12:30";"1";"33";"2";"2";"1";3;44;0
"6670";"202100006670";11;"10:50";"1";"33";"2";"1";"1";5;44;-1
"6671";"202100006671";11;"23:30";"3";"31";"2";"1";"2";4;43;1
"6672";"202100006672";11;"20:20";"5";"31";"2";"2";"2";3;43;1
"6673";"202100006673";11;"20:50";"5";"31";"2";"1";"2";2;43;1
"6674";"202100006674";11;"17:20";"5";"31";"2";"1";"1";4;43;1
"6675";"202100006675";11;"15:40";"1";"31";"2";"1";"8";7;43;0
"6676";"202100006676";11;"08:10";"5";"29";"2";"6";"1";2;48;-4
"6677";"202100006677";11;"07:38";"3";"29";"2";"3";"1";1;47;-4
"6678";"202100006678";11;"09:05";"1";"29";"1";"3";"7";2;47;-3
"6679";"202100006679";11;"08:00";"2";"29";"2";"2";"1";1;48;-4
"6680";"202100006680";11;"20:38";"5";"29";"2";"4";"1";1;48;-4
"6681";"202100006681";11;"21:10";"3";"27";"1";"1";"1";6;49;1
"6682";"202100006682";11;"20:10";"5";"27";"2";"2";"2";6;49;1
"6683";"202100006683";11;"19:00";"3";"26";"1";"1";"1";1;44;4
"6684";"202100006684";10;"00:10";"5";"25";"2";"4";"2";3;47;6
"6685";"202100006685";11;"18:10";"3";"25";"1";"1";"1";2;47;6
"6686";"202100006686";11;"17:55";"5";"25";"2";"1";"1";6;47;6
"6687";"202100006687";11;"06:20";"5";"22";"2";"6";"2";2;48;-2
"6688";"202100006688";11;"13:35";"1";"18";"2";"2";"1";3;47;2
"6689";"202100006689";11;"20:34";"3";"17";"1";"1";"2";3;46;-1
"6690";"202100006690";11;"16:04";"1";"14";"2";"6";"7";3;49;0
"6691";"202100006691";11;"10:30";"1";"14";"1";"9";"1";2;49;0
"6692";"202100006692";11;"13:25";"1";"14";"1";"1";"2";6;49;0
"6693";"202100006693";10;"09:00";"1";"30";"1";"3";"1";3;43;4
"6694";"202100006694";11;"18:30";"5";"13";"2";"9";"1";3;43;5
"6695";"202100006695";11;"17:50";"5";"13";"2";"1";"1";4;43;5
"6696";"202100006696";11;"13:45";"1";"13";"2";"1";"1";1;43;5
"6697";"202100006697";11;"13:06";"1";"13";"2";"1";"1";1;43;5
"6698";"202100006698";11;"09:07";"1";"13";"2";"1";"1";1;43;5
"6699";"202100006699";11;"03:01";"5";"13";"2";"2";"1";3;43;5
"6700";"202100006700";11;"16:30";"1";"13";"2";"3";"1";2;43;5
"6701";"202100006701";11;"10:45";"1";"13";"2";"9";"1";3;43;5
"6702";"202100006702";11;"14:00";"1";"13";"1";"9";"1";3;43;5
"6703";"202100006703";11;"21:40";"5";"13";"2";"2";"1";3;43;5
"6704";"202100006704";11;"15:50";"1";"11";"2";"3";"1";3;43;3
"6705";"202100006705";11;"18:10";"5";"11";"2";"1";"1";6;43;2
"6706";"202100006706";11;"20:15";"5";"10";"2";"3";"2";3;48;4
"6707";"202100006707";11;"19:00";"5";"09";"2";"2";"1";3;42;1
"6708";"202100006708";11;"18:20";"5";"09";"2";"9";"8";6;42;1
"6709";"202100006709";11;"17:45";"5";"07";"2";"6";"1";3;44;4
"6710";"202100006710";11;"13:13";"1";"06";"2";"3";"1";3;43;7
"6711";"202100006711";11;"17:50";"5";"06";"2";"1";"1";6;43;6
"6712";"202100006712";11;"19:45";"5";"06";"1";"1";"1";6;43;6
"6713";"202100006713";11;"16:45";"1";"05";"1";"1";"1";6;44;6
"6714";"202100006714";11;"03:55";"5";"05";"2";"4";"1";6;44;6
"6715";"202100006715";11;"21:25";"5";"03";"2";"1";"1";6;46;3
"6716";"202100006716";11;"16:50";"1";"75";"2";"1";"1";2;48;2
"6717";"202100006717";11;"09:30";"1";"75";"2";"1";"1";4;48;2
"6718";"202100006718";11;"11:49";"1";"75";"2";"2";"1";3;48;2
"6719";"202100006719";11;"20:35";"5";"75";"2";"2";"1";3;48;2
"6720";"202100006720";11;"16:00";"1";"75";"2";"1";"1";6;48;2
"6721";"202100006721";11;"10:30";"1";"75";"2";"2";"1";3;48;2
"6722";"202100006722";11;"20:00";"5";"75";"2";"1";"1";2;48;2
"6723";"202100006723";11;"19:50";"5";"75";"2";"1";"1";6;48;2
"6724";"202100006724";11;"12:00";"1";"75";"2";"3";"1";3;48;2
"6725";"202100006725";11;"18:45";"5";"75";"2";"1";"1";6;48;2
"6726";"202100006726";11;"12:29";"1";"75";"2";"5";"1";2;48;2
"6727";"202100006727";11;"16:05";"1";"75";"2";"2";"1";2;48;2
"6728";"202100006728";11;"21:15";"5";"94";"2";"1";"1";6;48;2
"6729";"202100006729";11;"09:10";"1";"94";"2";"3";"7";6;48;2
"6730";"202100006730";11;"11:50";"1";"94";"2";"1";"1";2;48;2
"6731";"202100006731";11;"15:00";"1";"94";"2";"2";"1";3;48;2
"6732";"202100006732";11;"14:40";"1";"93";"2";"1";"1";3;48;2
"6733";"202100006733";11;"17:15";"5";"93";"2";"2";"1";3;48;2
"6734";"202100006734";11;"09:05";"1";"93";"2";"1";"1";3;48;2
"6735";"202100006735";11;"09:12";"1";"93";"2";"3";"1";3;48;2
"6736";"202100006736";11;"17:49";"5";"92";"2";"4";"1";3;48;2
"6737";"202100006737";11;"20:11";"5";"92";"2";"2";"1";1;48;2
"6738";"202100006738";11;"20:15";"5";"92";"2";"1";"1";7;48;2
"6739";"202100006739";11;"22:40";"5";"92";"2";"2";"1";3;48;2
"6740";"202100006740";11;"18:35";"3";"92";"2";"2";"1";1;48;2
"6741";"202100006741";11;"01:10";"5";"92";"2";"2";"9";3;48;2
"6742";"202100006742";11;"20:15";"5";"92";"2";"3";"1";3;48;2
"6743";"202100006743";11;"19:35";"5";"92";"2";"2";"1";6;48;2
"6744";"202100006744";11;"00:10";"5";"92";"2";"1";"1";3;48;2
"6745";"202100006745";11;"08:50";"1";"92";"2";"3";"1";3;48;2
"6746";"202100006746";11;"21:00";"5";"974";"2";"1";"1";1;-21;55
"6747";"202100006747";11;"01:00";"3";"01";"1";"4";"1";2;45;4
"6748";"202100006748";11;"17:50";"5";"68";"1";"2";"1";4;47;7
"6749";"202100006749";11;"18:20";"5";"59";"2";"6";"9";1;50;2
"6750";"202100006750";11;"18:25";"3";"23";"1";"1";"1";1;46;1
"6751";"202100006751";11;"20:25";"3";"89";"1";"1";"9";1;48;3
"6752";"202100006752";11;"17:15";"1";"19";"1";"1";"1";6;45;1
"6753";"202100006753";11;"13:30";"1";"59";"2";"8";"1";6;50;2
"6754";"202100006754";11;"12:30";"1";"80";"1";"1";"1";1;49;2
"6755";"202100006755";11;"21:45";"3";"71";"1";"1";"1";6;46;4
"6756";"202100006756";10;"12:00";"1";"63";"1";"1";"8";3;45;3
"6757";"202100006757";11;"16:10";"1";"12";"1";"1";"1";6;43;2
"6758";"202100006758";11;"18:35";"5";"46";"2";"9";"1";3;44;1
"6759";"202100006759";11;"17:00";"1";"44";"2";"1";"1";6;47;-2
"6760";"202100006760";11;"11:25";"1";"44";"1";"3";"1";1;46;-1
"6761";"202100006761";11;"10:00";"1";"29";"2";"6";"1";6;47;-3
"6762";"202100006762";11;"23:30";"5";"29";"1";"1";"1";6;48;-3
"6763";"202100006763";11;"10:31";"1";"02";"2";"1";"1";1;49;3
"6764";"202100006764";11;"08:30";"1";"54";"1";"1";"1";6;49;5
"6765";"202100006765";11;"17:25";"2";"50";"1";"2";"2";3;49;-1
"6766";"202100006766";11;"19:20";"3";"83";"1";"1";"1";7;43;5
"6767";"202100006767";11;"07:45";"4";"60";"2";"1";"5";6;49;1
"6768";"202100006768";11;"14:30";"1";"40";"2";"1";"1";3;43;-1
"6769";"202100006769";11;"10:35";"1";"24";"1";"1";"1";7;45;0
"6770";"202100006770";11;"19:48";"5";"27";"2";"1";"1";3;49;0
"6771";"202100006771";11;"08:25";"1";"28";"1";"1";"5";3;48;1
"6772";"202100006772";11;"16:35";"1";"30";"1";"1";"2";7;43;4
"6773";"202100006773";11;"11:30";"1";"13";"2";"1";"1";7;43;5
"6774";"202100006774";11;"05:30";"2";"976";"1";"1";"1";1;-12;45
"6775";"202100006775";11;"08:10";"1";"27";"1";"1";"5";4;49;0
"6776";"202100006776";11;"18:05";"3";"13";"1";"1";"1";3;43;5
"6777";"202100006777";11;"07:40";"1";"987";"2";"3";"1";5;-8;-140
"6778";"202100006778";11;"15:40";"1";"988";"1";"1";"1";6;-21;165
"6779";"202100006779";11;"07:45";"1";"973";"2";"1";"1";7;4;-52
"6780";"202100006780";11;"00:10";"3";"973";"1";"1";"1";1;4;-52
"6781";"202100006781";11;"17:00";"1";"977";"2";"1";"1";3;17;-62
"6782";"202100006782";11;"10:00";"1";"34";"2";"1";"3";6;43;3
"6783";"202100006783";11;"20:00";"5";"83";"2";"1";"9";6;43;6
"6784";"202100006784";11;"14:15";"1";"79";"1";"4";"1";2;46;0
"6785";"202100006785";11;"11:00";"1";"29";"1";"6";"1";6;48;-4
"6786";"202100006786";11;"07:50";"2";"35";"1";"1";"9";2;48;-1
"6787";"202100006787";11;"17:35";"3";"13";"1";"1";"1";4;43;5
"6788";"202100006788";11;"14:15";"1";"13";"1";"1";"1";3;43;5
"6789";"202100006789";11;"08:45";"1";"13";"1";"1";"1";2;43;5
"6790";"202100006790";11;"06:45";"1";"13";"1";"1";"5";7;43;5
"6791";"202100006791";11;"20:42";"3";"13";"1";"1";"5";5;43;5
"6792";"202100006792";11;"08:20";"1";"83";"1";"1";"1";3;43;5
"6793";"202100006793";11;"18:15";"3";"69";"1";"1";"1";2;45;5
"6794";"202100006794";11;"00:10";"3";"33";"1";"1";"1";6;44;0
"6795";"202100006795";11;"18:40";"3";"91";"1";"1";"1";7;48;2
"6796";"202100006796";11;"18:00";"3";"91";"1";"1";"1";2;48;2
"6797";"202100006797";11;"09:10";"1";"91";"1";"1";"1";3;48;2
"6798";"202100006798";11;"18:35";"3";"78";"1";"1";"1";2;48;2
"6799";"202100006799";11;"18:10";"3";"92";"1";"1";"1";4;48;2
"6800";"202100006800";11;"11:00";"1";"92";"1";"1";"1";6;48;2
"6801";"202100006801";11;"14:15";"1";"95";"1";"1";"1";4;49;2
"6802";"202100006802";11;"10:00";"1";"95";"1";"1";"1";2;49;2
"6803";"202100006803";11;"08:55";"1";"95";"1";"1";"1";4;48;2
"6804";"202100006804";11;"09:05";"1";"95";"1";"1";"1";3;48;2
"6805";"202100006805";11;"07:30";"4";"93";"1";"1";"1";5;48;2
"6806";"202100006806";11;"06:20";"3";"93";"1";"1";"1";3;48;2
"6807";"202100006807";11;"20:15";"3";"77";"1";"1";"1";2;48;2
"6808";"202100006808";11;"15:10";"1";"94";"1";"1";"1";3;48;2
"6809";"202100006809";11;"13:30";"1";"94";"1";"1";"1";2;48;2
"6810";"202100006810";11;"12:30";"1";"77";"1";"1";"1";2;48;2
"6811";"202100006811";11;"18:25";"2";"75";"2";"4";"1";3;48;2
"6812";"202100006812";11;"17:20";"5";"75";"2";"1";"1";3;48;2
"6813";"202100006813";11;"19:50";"5";"75";"2";"4";"2";2;48;2
"6814";"202100006814";11;"01:15";"5";"75";"2";"1";"1";2;48;2
"6815";"202100006815";11;"22:45";"5";"75";"2";"3";"1";2;48;2
"6816";"202100006816";11;"07:55";"1";"75";"2";"3";"1";7;48;2
"6817";"202100006817";11;"10:50";"1";"75";"2";"3";"1";1;48;2
"6818";"202100006818";11;"08:50";"1";"75";"2";"2";"1";3;48;2
"6819";"202100006819";11;"17:30";"5";"75";"2";"7";"1";2;48;2
"6820";"202100006820";11;"17:10";"5";"75";"2";"3";"1";6;48;2
"6821";"202100006821";11;"10:54";"1";"94";"2";"1";"8";5;48;2
"6822";"202100006822";11;"21:10";"5";"94";"2";"2";"1";3;48;2
"6823";"202100006823";11;"18:35";"5";"94";"2";"3";"1";6;48;2
"6824";"202100006824";11;"17:30";"2";"94";"1";"3";"1";3;48;2
"6825";"202100006825";11;"08:00";"1";"93";"2";"9";"1";2;48;2
"6826";"202100006826";11;"10:40";"1";"93";"2";"1";"1";1;48;2
"6827";"202100006827";11;"18:30";"5";"93";"2";"1";"1";7;48;2
"6828";"202100006828";11;"20:00";"5";"93";"2";"1";"2";6;48;2
"6829";"202100006829";11;"20:30";"3";"93";"2";"9";"8";6;48;2
"6830";"202100006830";11;"00:25";"5";"93";"2";"1";"8";2;48;2
"6831";"202100006831";11;"19:55";"5";"93";"2";"9";"1";2;48;2
"6832";"202100006832";11;"17:00";"2";"93";"2";"1";"1";6;48;2
"6833";"202100006833";11;"21:39";"5";"93";"2";"1";"1";6;48;2
"6834";"202100006834";11;"11:40";"1";"92";"2";"7";"2";2;48;2
"6835";"202100006835";11;"08:00";"2";"92";"2";"1";"1";6;48;2
"6836";"202100006836";11;"22:40";"5";"92";"2";"9";"1";3;48;2
"6837";"202100006837";11;"13:25";"1";"92";"2";"4";"8";6;48;2
"6838";"202100006838";11;"14:30";"1";"92";"2";"9";"2";2;48;2
"6839";"202100006839";11;"13:20";"1";"92";"2";"1";"1";6;48;2
"6840";"202100006840";11;"08:15";"1";"92";"2";"1";"1";6;48;2
"6841";"202100006841";11;"15:20";"1";"92";"2";"2";"1";3;48;2
"6842";"202100006842";11;"18:45";"5";"51";"2";"3";"1";3;48;4
"6843";"202100006843";11;"22:34";"5";"95";"2";"1";"1";7;49;2
"6844";"202100006844";11;"19:10";"5";"76";"2";"2";"1";1;49;0
"6845";"202100006845";11;"08:25";"1";"41";"1";"1";"1";3;47;0
"6846";"202100006846";11;"09:10";"1";"41";"1";"1";"1";2;47;1
"6847";"202100006847";11;"07:30";"1";"51";"1";"1";"2";3;49;4
"6848";"202100006848";11;"16:30";"1";"51";"1";"3";"1";4;49;3
"6849";"202100006849";11;"19:00";"3";"19";"1";"1";"1";6;45;1
"6850";"202100006850";11;"13:00";"1";"56";"1";"1";"6";6;47;-2
"6851";"202100006851";11;"21:05";"3";"56";"1";"1";"2";6;47;-2
"6852";"202100006852";11;"18:16";"5";"82";"2";"6";"1";6;43;1
"6853";"202100006853";11;"13:00";"1";"32";"1";"1";"1";1;43;0
"6854";"202100006854";11;"13:18";"1";"63";"1";"3";"1";1;45;3
"6855";"202100006855";11;"17:45";"3";"61";"1";"1";"9";5;48;0
"6856";"202100006856";11;"18:35";"5";"55";"2";"1";"1";2;49;5
"6857";"202100006857";11;"09:30";"2";"41";"2";"1";"7";1;47;1
"6858";"202100006858";11;"05:18";"3";"34";"1";"6";"1";7;43;3
"6859";"202100006859";10;"20:05";"3";"35";"1";"1";"1";2;48;-1
"6860";"202100006860";11;"15:55";"1";"29";"2";"4";"1";6;48;-3
"6861";"202100006861";11;"12:27";"1";"29";"2";"8";"1";6;47;-3
"6862";"202100006862";11;"03:15";"3";"03";"1";"1";"1";6;46;3
"6863";"202100006863";11;"23:45";"3";"72";"1";"1";"2";7;48;0
"6864";"202100006864";11;"13:15";"1";"50";"1";"1";"1";7;49;-1
"6865";"202100006865";11;"18:10";"3";"60";"1";"1";"1";2;49;2
"6866";"202100006866";11;"18:20";"5";"60";"2";"1";"1";6;49;2
"6867";"202100006867";11;"07:30";"2";"64";"1";"1";"1";1;43;-1
"6868";"202100006868";11;"08:00";"3";"10";"1";"1";"1";6;48;4
"6869";"202100006869";11;"14:56";"1";"27";"1";"1";"7";1;49;0
"6870";"202100006870";11;"20:25";"3";"17";"1";"1";"1";6;46;0
"6871";"202100006871";11;"08:20";"1";"37";"1";"1";"8";5;47;1
"6872";"202100006872";11;"07:35";"3";"37";"2";"2";"1";6;47;0
"6873";"202100006873";11;"16:45";"1";"67";"1";"1";"1";6;48;7
"6874";"202100006874";11;"07:05";"2";"24";"1";"1";"8";6;44;0
"6875";"202100006875";11;"16:10";"2";"68";"1";"1";"1";4;48;7
"6876";"202100006876";11;"18:15";"2";"85";"1";"3";"1";1;46;-1
"6877";"202100006877";11;"09:30";"1";"06";"1";"1";"1";2;43;7
"6878";"202100006878";11;"17:00";"1";"77";"1";"1";"1";6;48;2
"6879";"202100006879";11;"08:30";"1";"95";"1";"1";"7";5;49;1
"6880";"202100006880";11;"21:20";"3";"30";"2";"1";"1";7;43;4
"6881";"202100006881";11;"18:20";"5";"67";"2";"1";"1";6;48;7
"6882";"202100006882";11;"18:00";"5";"38";"1";"6";"1";3;45;5
"6883";"202100006883";11;"07:25";"2";"07";"2";"1";"1";1;44;4
"6884";"202100006884";11;"17:30";"3";"01";"1";"1";"1";2;46;5
"6885";"202100006885";11;"09:50";"1";"69";"2";"1";"1";6;45;4
"6886";"202100006886";11;"17:15";"2";"49";"1";"1";"1";7;47;-1
"6887";"202100006887";11;"19:00";"3";"59";"1";"1";"1";1;50;2
"6888";"202100006888";11;"07:30";"2";"59";"2";"1";"1";6;50;2
"6889";"202100006889";11;"18:09";"3";"13";"1";"1";"1";6;43;5
"6890";"202100006890";11;"09:40";"1";"33";"1";"1";"1";3;44;0
"6891";"202100006891";11;"13:20";"1";"59";"1";"1";"2";6;50;3
"6892";"202100006892";11;"17:00";"3";"91";"1";"1";"1";5;48;2
"6893";"202100006893";11;"08:45";"1";"91";"1";"1";"1";3;48;2
"6894";"202100006894";11;"08:00";"1";"91";"1";"1";"1";2;48;2
"6895";"202100006895";11;"01:30";"3";"93";"1";"1";"1";5;48;2
"6896";"202100006896";11;"23:25";"3";"95";"1";"1";"2";6;49;2
"6897";"202100006897";6;"17:22";"1";"38";"2";"2";"1";1;45;5
"6898";"202100006898";11;"21:00";"5";"93";"2";"1";"1";6;48;2
"6899";"202100006899";11;"14:10";"1";"976";"2";"1";"2";6;-12;45
"6900";"202100006900";11;"17:45";"2";"17";"2";"1";"1";6;45;-1
"6901";"202100006901";11;"10:45";"1";"976";"2";"1";"1";3;-12;45
"6902";"202100006902";11;"12:10";"1";"974";"1";"1";"1";5;-21;55
"6903";"202100006903";11;"15:35";"1";"974";"1";"4";"1";1;-21;55
"6904";"202100006904";11;"11:55";"1";"69";"2";"4";"8";6;45;4
"6905";"202100006905";11;"01:25";"5";"69";"2";"1";"2";6;45;4
"6906";"202100006906";11;"12:10";"1";"91";"2";"3";"1";3;48;2
"6907";"202100006907";11;"06:27";"5";"91";"2";"2";"1";5;48;2
"6908";"202100006908";11;"11:25";"1";"91";"2";"1";"1";4;48;2
"6909";"202100006909";11;"23:30";"5";"81";"2";"1";"1";3;43;2
"6910";"202100006910";11;"03:15";"5";"77";"2";"1";"1";1;48;2
"6911";"202100006911";11;"11:10";"1";"77";"1";"3";"1";3;48;2
"6912";"202100006912";11;"07:55";"1";"74";"1";"1";"1";6;46;6
"6913";"202100006913";11;"04:08";"5";"69";"2";"2";"1";2;45;4
"6914";"202100006914";11;"19:30";"5";"69";"2";"1";"8";3;45;4
"6915";"202100006915";11;"14:45";"1";"64";"2";"1";"2";7;43;0
"6916";"202100006916";11;"09:40";"1";"64";"1";"1";"1";2;43;0
"6917";"202100006917";11;"08:15";"2";"51";"2";"3";"8";7;49;3
"6918";"202100006918";11;"19:46";"5";"49";"2";"1";"3";6;47;0
"6919";"202100006919";11;"20:55";"5";"44";"2";"1";"1";6;47;-1
"6920";"202100006920";11;"20:30";"5";"35";"2";"1";"2";2;48;-1
"6921";"202100006921";11;"14:30";"1";"35";"1";"1";"2";2;48;-1
"6922";"202100006922";11;"11:55";"1";"35";"2";"2";"2";3;48;-1
"6923";"202100006923";11;"18:00";"1";"31";"2";"1";"1";1;43;1
"6924";"202100006924";11;"17:35";"2";"31";"1";"1";"1";2;43;1
"6925";"202100006925";11;"16:00";"1";"29";"2";"6";"7";2;48;-4
"6926";"202100006926";11;"18:30";"5";"27";"2";"1";"1";6;49;1
"6927";"202100006927";11;"10:30";"1";"25";"1";"1";"5";4;47;6
"6928";"202100006928";11;"14:00";"1";"17";"2";"1";"1";3;45;-1
"6929";"202100006929";11;"04:03";"5";"13";"2";"1";"1";2;43;5
"6930";"202100006930";11;"03:00";"5";"13";"2";"1";"1";3;43;5
"6931";"202100006931";11;"19:15";"5";"13";"2";"1";"1";6;43;5
"6932";"202100006932";11;"10:30";"1";"13";"2";"9";"2";3;43;5
"6933";"202100006933";11;"17:35";"5";"12";"1";"1";"1";3;44;2
"6934";"202100006934";11;"07:51";"2";"06";"2";"9";"8";3;43;7
"6935";"202100006935";11;"18:50";"5";"75";"2";"1";"1";3;48;2
"6936";"202100006936";11;"17:45";"5";"75";"2";"1";"1";3;48;2
"6937";"202100006937";11;"15:34";"1";"75";"2";"2";"2";6;48;2
"6938";"202100006938";11;"14:10";"1";"75";"2";"3";"2";6;48;2
"6939";"202100006939";11;"20:30";"5";"75";"2";"1";"1";3;48;2
"6940";"202100006940";11;"01:00";"5";"75";"2";"1";"2";7;48;2
"6941";"202100006941";11;"17:15";"5";"75";"2";"1";"8";7;48;2
"6942";"202100006942";11;"00:10";"5";"75";"2";"2";"8";6;48;2
"6943";"202100006943";11;"19:30";"5";"75";"2";"4";"1";3;48;2
"6944";"202100006944";11;"19:18";"5";"75";"2";"2";"1";3;48;2
"6945";"202100006945";11;"15:40";"1";"75";"2";"2";"2";1;48;2
"6946";"202100006946";11;"13:00";"1";"94";"2";"4";"2";3;48;2
"6947";"202100006947";11;"12:50";"1";"94";"2";"2";"2";3;48;2
"6948";"202100006948";11;"12:55";"1";"93";"2";"2";"3";3;48;2
"6949";"202100006949";11;"10:40";"1";"93";"2";"1";"2";3;48;2
"6950";"202100006950";11;"19:25";"5";"92";"2";"1";"1";3;48;2
"6951";"202100006951";11;"13:15";"1";"92";"2";"1";"2";6;48;2
"6952";"202100006952";11;"21:30";"3";"95";"1";"1";"8";6;49;2
"6953";"202100006953";11;"18:45";"5";"01";"2";"1";"1";6;45;4
"6954";"202100006954";11;"15:42";"1";"59";"2";"1";"2";1;50;2
"6955";"202100006955";11;"14:50";"1";"51";"1";"2";"2";3;48;3
"6956";"202100006956";11;"15:00";"1";"79";"2";"2";"1";7;46;0
"6957";"202100006957";10;"17:30";"2";"63";"1";"3";"1";3;45;3
"6958";"202100006958";11;"18:05";"2";"29";"1";"1";"9";2;47;-4
"6959";"202100006959";11;"08:10";"2";"01";"1";"2";"5";3;46;5