"";"Num_Acc";"mois";"hrmn";"lum";"dep";"agg";"int";"atm";"col";"lat";"long"
"6960";"202100006960";11;"06:50";"2";"01";"1";"2";"1";5;46;5
"6961";"202100006961";11;"19:15";"3";"70";"1";"1";"1";1;47;6
"6962";"202100006962";11;"19:20";"3";"72";"1";"1";"2";7;47;0
"6963";"202100006963";11;"01:30";"3";"14";"1";"1";"8";6;49;0
"6964";"202100006964";11;"17:55";"5";"18";"2";"2";"2";3;46;2
"6965";"202100006965";11;"23:06";"3";"18";"1";"1";"2";7;46;3
"6966";"202100006966";11;"09:00";"1";"16";"1";"1";"1";6;45;0
"6967";"202100006967";11;"20:30";"3";"27";"1";"1";"1";7;48;0
"6968";"202100006968";11;"15:48";"1";"31";"1";"1";"1";1;43;1
"6969";"202100006969";11;"17:40";"3";"68";"1";"1";"5";2;47;7
"6970";"202100006970";11;"15:54";"1";"85";"1";"1";"1";1;46;-1
"6971";"202100006971";11;"15:40";"1";"30";"1";"1";"1";3;43;4
"6972";"202100006972";11;"16:50";"1";"988";"1";"1";"1";6;-22;166
"6973";"202100006973";11;"19:45";"5";"974";"2";"1";"1";1;-21;55
"6974";"202100006974";11;"16:10";"1";"973";"1";"1";"1";1;5;-52
"6975";"202100006975";11;"10:10";"1";"37";"2";"1";"2";6;47;0
"6976";"202100006976";11;"16:25";"1";"06";"2";"3";"7";3;43;7
"6977";"202100006977";11;"20:44";"3";"21";"1";"1";"1";6;47;4
"6978";"202100006978";11;"07:54";"2";"79";"2";"1";"5";3;46;0
"6979";"202100006979";11;"19:05";"3";"35";"1";"9";"1";1;48;-1
"6980";"202100006980";11;"08:10";"1";"60";"2";"1";"1";6;49;2
"6981";"202100006981";11;"19:15";"3";"13";"1";"1";"1";2;43;5
"6982";"202100006982";11;"08:20";"2";"13";"1";"1";"1";6;43;5
"6983";"202100006983";11;"17:00";"5";"69";"1";"1";"1";4;45;4
"6984";"202100006984";11;"14:30";"1";"67";"1";"1";"8";4;48;7
"6985";"202100006985";11;"10:44";"1";"94";"1";"1";"2";1;48;2
"6986";"202100006986";11;"11:25";"1";"78";"1";"1";"2";5;48;1
"6987";"202100006987";11;"18:10";"5";"78";"1";"1";"1";2;48;2
"6988";"202100006988";11;"19:30";"3";"95";"1";"1";"1";2;48;2
"6989";"202100006989";11;"16:05";"1";"95";"1";"1";"2";6;49;2
"6990";"202100006990";11;"20:30";"3";"77";"1";"1";"1";6;48;2
"6991";"202100006991";11;"15:00";"1";"93";"1";"1";"2";7;48;2
"6992";"202100006992";11;"14:00";"1";"94";"1";"1";"3";2;48;2
"6993";"202100006993";11;"23:20";"3";"94";"1";"1";"1";4;48;2
"6994";"202100006994";11;"20:15";"5";"94";"1";"1";"1";6;48;2
"6995";"202100006995";7;"23:24";"5";"29";"2";"2";"1";3;48;-4
"6996";"202100006996";8;"07:00";"1";"74";"1";"1";"1";1;45;6
"6997";"202100006997";11;"13:15";"1";"91";"2";"1";"1";2;48;2
"6998";"202100006998";11;"20:15";"3";"988";"2";"1";"3";7;-22;166
"6999";"202100006999";11;"09:05";"1";"974";"2";"1";"1";2;-20;55
"7000";"202100007000";11;"14:15";"1";"974";"1";"1";"1";2;-20;55
"7001";"202100007001";11;"02:00";"5";"69";"2";"1";"1";7;45;4
"7002";"202100007002";11;"13:46";"1";"972";"2";"1";"1";4;14;-61
"7003";"202100007003";11;"10:00";"1";"972";"2";"1";"2";7;14;-61
"7004";"202100007004";11;"16:44";"1";"971";"2";"3";"2";3;16;-61
"7005";"202100007005";11;"16:50";"1";"91";"2";"9";"1";2;48;2
"7006";"202100007006";11;"07:40";"2";"86";"1";"1";"1";3;46;0
"7007";"202100007007";11;"10:00";"1";"83";"1";"1";"1";6;43;6
"7008";"202100007008";11;"15:15";"1";"83";"2";"1";"1";2;43;5
"7009";"202100007009";11;"19:45";"3";"81";"2";"1";"1";1;43;2
"7010";"202100007010";11;"18:40";"5";"79";"2";"2";"1";3;46;0
"7011";"202100007011";11;"20:28";"5";"78";"2";"3";"1";3;48;2
"7012";"202100007012";11;"13:00";"1";"76";"2";"1";"1";6;49;1
"7013";"202100007013";11;"19:40";"3";"64";"2";"3";"1";1;43;0
"7014";"202100007014";11;"16:25";"1";"64";"2";"1";"1";3;43;0
"7015";"202100007015";11;"12:25";"1";"64";"2";"1";"1";7;43;-1
"7016";"202100007016";11;"07:00";"5";"44";"2";"1";"1";1;47;-1
"7017";"202100007017";11;"20:40";"5";"37";"2";"1";"1";6;47;0
"7018";"202100007018";11;"02:15";"5";"37";"2";"1";"1";6;47;0
"7019";"202100007019";11;"23:30";"5";"35";"2";"1";"2";6;48;-1
"7020";"202100007020";11;"17:45";"5";"34";"2";"3";"1";1;43;3
"7021";"202100007021";11;"14:00";"1";"34";"2";"4";"1";2;43;3
"7022";"202100007022";11;"19:35";"5";"33";"2";"6";"1";1;44;0
"7023";"202100007023";11;"08:30";"1";"33";"2";"3";"1";3;44;0
"7024";"202100007024";11;"07:35";"2";"31";"1";"1";"1";4;43;1
"7025";"202100007025";11;"09:20";"1";"29";"2";"5";"1";1;48;-4
"7026";"202100007026";11;"15:35";"1";"27";"2";"1";"8";2;49;1
"7027";"202100007027";11;"18:40";"5";"25";"2";"9";"8";2;47;6
"7028";"202100007028";11;"21:40";"5";"24";"2";"3";"5";3;45;0
"7029";"202100007029";11;"18:10";"3";"22";"1";"1";"1";4;48;-2
"7030";"202100007030";11;"10:50";"1";"21";"2";"1";"1";6;47;4
"7031";"202100007031";11;"09:40";"1";"19";"2";"4";"1";3;45;2
"7032";"202100007032";11;"09:55";"1";"17";"2";"1";"9";6;46;-1
"7033";"202100007033";11;"00:10";"5";"13";"2";"1";"1";7;43;5
"7034";"202100007034";11;"22:30";"5";"13";"2";"9";"1";3;43;5
"7035";"202100007035";11;"19:10";"5";"13";"2";"1";"1";3;43;4
"7036";"202100007036";11;"06:10";"5";"13";"2";"1";"1";1;43;4
"7037";"202100007037";11;"17:27";"5";"10";"2";"1";"1";3;48;4
"7038";"202100007038";11;"14:24";"1";"10";"2";"2";"1";3;48;4
"7039";"202100007039";11;"14:14";"1";"06";"2";"1";"1";3;43;7
"7040";"202100007040";11;"03:52";"3";"06";"2";"2";"1";2;43;7
"7041";"202100007041";11;"16:45";"5";"06";"2";"1";"1";1;43;7
"7042";"202100007042";11;"02:50";"5";"06";"2";"2";"1";3;43;6
"7043";"202100007043";11;"13:42";"1";"75";"2";"1";"1";4;48;2
"7044";"202100007044";11;"11:35";"1";"75";"2";"4";"8";7;48;2
"7045";"202100007045";11;"14:30";"1";"75";"2";"5";"8";3;48;2
"7046";"202100007046";11;"11:10";"1";"75";"2";"3";"1";3;48;2
"7047";"202100007047";11;"10:40";"1";"75";"2";"4";"1";6;48;2
"7048";"202100007048";11;"07:00";"5";"75";"2";"2";"1";6;48;2
"7049";"202100007049";11;"16:15";"1";"75";"2";"3";"1";6;48;2
"7050";"202100007050";11;"01:30";"5";"75";"2";"5";"1";2;48;2
"7051";"202100007051";11;"23:45";"5";"75";"2";"1";"1";4;48;2
"7052";"202100007052";11;"12:40";"1";"94";"2";"9";"1";3;48;2
"7053";"202100007053";11;"00:20";"5";"94";"2";"1";"1";2;48;2
"7054";"202100007054";11;"18:25";"5";"94";"2";"1";"1";3;48;2
"7055";"202100007055";11;"11:20";"1";"94";"2";"1";"8";4;48;2
"7056";"202100007056";11;"08:15";"5";"94";"2";"1";"2";3;48;2
"7057";"202100007057";11;"09:50";"1";"93";"2";"2";"8";2;48;2
"7058";"202100007058";11;"22:10";"5";"93";"2";"1";"1";1;48;2
"7059";"202100007059";11;"19:40";"5";"93";"2";"1";"1";3;48;2
"7060";"202100007060";11;"18:30";"5";"93";"2";"1";"1";7;48;2
"7061";"202100007061";11;"21:15";"5";"93";"2";"1";"1";1;48;2
"7062";"202100007062";11;"21:00";"5";"92";"2";"1";"1";6;48;2
"7063";"202100007063";11;"00:37";"5";"92";"2";"1";"1";4;48;2
"7064";"202100007064";11;"11:45";"1";"92";"2";"1";"1";7;48;2
"7065";"202100007065";11;"13:15";"1";"92";"2";"1";"1";2;48;2
"7066";"202100007066";11;"13:06";"1";"83";"1";"1";"1";3;43;6
"7067";"202100007067";11;"06:30";"2";"67";"2";"2";"1";3;48;7
"7068";"202100007068";11;"19:00";"3";"54";"1";"1";"1";1;49;5
"7069";"202100007069";11;"12:15";"1";"26";"2";"1";"1";3;45;4
"7070";"202100007070";11;"00:15";"5";"30";"2";"1";"1";6;44;4
"7071";"202100007071";11;"16:30";"1";"30";"1";"1";"1";6;44;4
"7072";"202100007072";11;"16:20";"1";"95";"1";"1";"2";6;49;2
"7073";"202100007073";11;"15:50";"1";"56";"1";"1";"8";6;48;-3
"7074";"202100007074";11;"01:00";"3";"74";"1";"1";"5";1;46;6
"7075";"202100007075";11;"18:20";"5";"2B";"2";"3";"1";2;42;9
"7076";"202100007076";11;"04:15";"3";"2B";"1";"1";"1";3;42;9
"7077";"202100007077";11;"11:30";"1";"46";"1";"2";"1";3;44;1
"7078";"202100007078";11;"08:45";"2";"68";"1";"1";"5";1;47;7
"7079";"202100007079";11;"07:50";"1";"01";"2";"3";"2";7;46;5
"7080";"202100007080";11;"04:00";"3";"26";"1";"1";"5";6;44;5
"7081";"202100007081";11;"15:30";"1";"58";"2";"1";"8";1;46;3
"7082";"202100007082";11;"14:39";"1";"14";"1";"1";"3";7;49;0
"7083";"202100007083";11;"04:30";"3";"50";"1";"1";"5";6;49;-1
"7084";"202100007084";11;"12:30";"1";"04";"1";"1";"1";7;43;6
"7085";"202100007085";11;"11:45";"1";"37";"2";"1";"8";3;47;0
"7086";"202100007086";11;"08:18";"1";"13";"1";"1";"2";1;43;5
"7087";"202100007087";11;"17:55";"3";"91";"1";"1";"1";1;48;2
"7088";"202100007088";11;"06:53";"3";"06";"1";"1";"1";6;43;7
"7089";"202100007089";11;"13:20";"1";"02";"1";"1";"2";7;49;3
"7090";"202100007090";11;"06:00";"2";"38";"2";"3";"1";6;45;6
"7091";"202100007091";11;"00:15";"3";"13";"1";"2";"1";3;43;5
"7092";"202100007092";11;"15:10";"1";"13";"1";"1";"1";2;43;5
"7093";"202100007093";11;"11:15";"1";"971";"1";"1";"1";6;16;-61
"7094";"202100007094";11;"20:00";"4";"971";"2";"1";"1";6;16;-61
"7095";"202100007095";11;"07:59";"2";"54";"1";"1";"2";7;48;6
"7096";"202100007096";11;"08:50";"1";"57";"2";"6";"1";6;49;6
"7097";"202100007097";11;"21:10";"3";"42";"1";"1";"5";6;45;4
"7098";"202100007098";11;"23:30";"5";"69";"2";"1";"5";6;46;4
"7099";"202100007099";11;"10:35";"1";"81";"1";"1";"1";7;43;1
"7100";"202100007100";11;"22:38";"3";"33";"1";"1";"1";6;44;0
"7101";"202100007101";10;"17:40";"1";"44";"1";"1";"1";5;47;-1
"7102";"202100007102";11;"11:30";"1";"60";"1";"2";"5";3;49;2
"7103";"202100007103";11;"21:10";"3";"02";"1";"1";"2";6;49;3
"7104";"202100007104";11;"03:00";"3";"13";"1";"1";"1";6;43;5
"7105";"202100007105";11;"21:12";"5";"13";"1";"1";"1";7;43;5
"7106";"202100007106";11;"07:20";"1";"69";"1";"1";"1";3;45;4
"7107";"202100007107";4;"05:10";"3";"69";"1";"9";"1";6;45;4
"7108";"202100007108";11;"19:00";"3";"33";"1";"1";"1";6;44;0
"7109";"202100007109";11;"14:55";"1";"78";"1";"1";"1";3;48;1
"7110";"202100007110";11;"20:17";"3";"78";"1";"1";"1";2;48;2
"7111";"202100007111";11;"16:15";"1";"93";"1";"1";"2";3;48;2
"7112";"202100007112";11;"14:00";"1";"60";"1";"1";"1";6;49;2
"7113";"202100007113";11;"23:00";"3";"93";"1";"1";"1";2;48;2
"7114";"202100007114";11;"21:20";"5";"94";"1";"1";"1";2;48;2
"7115";"202100007115";11;"14:30";"1";"77";"1";"1";"1";7;48;2
"7116";"202100007116";11;"02:35";"4";"94";"1";"9";"2";2;48;2
"7117";"202100007117";11;"07:40";"2";"29";"2";"1";"1";6;48;-4
"7118";"202100007118";11;"00:50";"5";"33";"2";"2";"1";6;44;0
"7119";"202100007119";11;"19:00";"5";"92";"2";"1";"1";6;48;2
"7120";"202100007120";11;"17:00";"2";"76";"2";"1";"1";6;49;0
"7121";"202100007121";11;"16:25";"1";"974";"2";"7";"1";6;-20;55
"7122";"202100007122";11;"13:50";"1";"33";"2";"3";"8";6;44;0
"7123";"202100007123";11;"17:45";"2";"13";"2";"1";"1";2;43;5
"7124";"202100007124";11;"22:10";"1";"29";"2";"6";"1";6;47;-4
"7125";"202100007125";11;"13:15";"1";"28";"2";"1";"7";6;48;1
"7126";"202100007126";11;"08:30";"1";"25";"2";"6";"1";2;47;6
"7127";"202100007127";11;"18:50";"2";"988";"2";"2";"2";6;-22;166
"7128";"202100007128";11;"17:45";"2";"988";"2";"2";"1";3;-22;166
"7129";"202100007129";11;"15:40";"1";"988";"2";"2";"1";2;-22;166
"7130";"202100007130";11;"04:00";"5";"988";"2";"2";"1";6;-22;166
"7131";"202100007131";11;"17:10";"1";"974";"1";"1";"1";2;-21;55
"7132";"202100007132";11;"11:45";"1";"974";"1";"1";"1";7;-20;55
"7133";"202100007133";11;"05:00";"2";"974";"2";"2";"1";3;-20;55
"7134";"202100007134";11;"13:00";"1";"974";"2";"1";"1";3;-20;55
"7135";"202100007135";11;"15:16";"1";"974";"1";"9";"1";3;-20;55
"7136";"202100007136";11;"16:50";"1";"974";"2";"1";"1";2;-20;55
"7137";"202100007137";11;"18:50";"4";"973";"2";"1";"1";3;4;-52
"7138";"202100007138";11;"18:15";"1";"973";"2";"3";"1";3;4;-52
"7139";"202100007139";11;"08:05";"1";"973";"2";"1";"1";6;4;-52
"7140";"202100007140";11;"13:30";"1";"973";"2";"1";"1";6;4;-52
"7141";"202100007141";11;"12:20";"1";"973";"2";"1";"1";3;4;-52
"7142";"202100007142";11;"13:45";"1";"69";"2";"1";"1";2;45;4
"7143";"202100007143";11;"08:15";"2";"69";"2";"3";"1";3;45;4
"7144";"202100007144";11;"18:15";"4";"69";"2";"2";"1";3;45;4
"7145";"202100007145";11;"12:30";"1";"69";"2";"3";"8";3;45;4
"7146";"202100007146";11;"13:05";"1";"69";"2";"1";"1";3;45;4
"7147";"202100007147";11;"12:30";"1";"69";"2";"1";"1";2;45;4
"7148";"202100007148";11;"07:35";"1";"69";"2";"4";"1";6;45;4
"7149";"202100007149";11;"20:05";"3";"69";"2";"3";"1";3;45;4
"7150";"202100007150";11;"15:25";"1";"972";"2";"1";"1";1;14;-61
"7151";"202100007151";11;"19:39";"5";"69";"2";"3";"1";1;45;4
"7152";"202100007152";11;"18:30";"4";"69";"2";"1";"1";2;45;4
"7153";"202100007153";11;"14:50";"1";"69";"2";"1";"1";3;45;4
"7154";"202100007154";11;"10:40";"1";"69";"2";"1";"1";2;45;4
"7155";"202100007155";11;"14:20";"1";"69";"2";"7";"1";6;45;4
"7156";"202100007156";11;"18:00";"5";"69";"2";"1";"1";6;45;4
"7157";"202100007157";11;"15:10";"1";"2B";"2";"1";"1";2;42;9
"7158";"202100007158";11;"16:10";"1";"971";"2";"1";"1";3;16;-61
"7159";"202100007159";11;"07:10";"1";"971";"1";"1";"1";3;16;-61
"7160";"202100007160";11;"18:30";"5";"95";"2";"2";"1";3;48;2
"7161";"202100007161";11;"16:40";"1";"95";"2";"4";"1";5;49;2
"7162";"202100007162";11;"10:08";"1";"91";"2";"1";"1";2;48;2
"7163";"202100007163";11;"14:20";"1";"88";"2";"1";"1";3;48;6
"7164";"202100007164";11;"13:54";"1";"87";"2";"1";"1";3;45;1
"7165";"202100007165";11;"07:44";"5";"87";"2";"3";"1";3;45;1
"7166";"202100007166";11;"11:45";"1";"84";"2";"1";"1";6;44;5
"7167";"202100007167";11;"13:50";"1";"83";"2";"1";"1";6;43;5
"7168";"202100007168";11;"16:00";"1";"83";"2";"1";"1";6;43;5
"7169";"202100007169";11;"07:00";"1";"83";"2";"1";"1";3;43;5
"7170";"202100007170";11;"09:00";"1";"83";"2";"1";"1";2;43;5
"7171";"202100007171";11;"07:40";"2";"81";"2";"3";"8";3;43;2
"7172";"202100007172";11;"17:50";"3";"80";"1";"1";"5";2;49;2
"7173";"202100007173";11;"18:35";"5";"80";"2";"2";"1";1;49;2
"7174";"202100007174";11;"21:43";"3";"80";"1";"1";"2";5;49;2
"7175";"202100007175";11;"13:00";"1";"78";"2";"1";"1";6;48;2
"7176";"202100007176";11;"16:55";"1";"77";"1";"1";"8";6;48;3
"7177";"202100007177";11;"15:15";"1";"77";"1";"1";"1";2;48;2
"7178";"202100007178";11;"01:58";"3";"77";"1";"6";"5";1;48;2
"7179";"202100007179";11;"19:45";"5";"77";"2";"1";"5";2;48;2
"7180";"202100007180";11;"22:20";"3";"77";"1";"1";"5";6;48;2
"7181";"202100007181";11;"11:40";"1";"76";"2";"1";"1";6;49;1
"7182";"202100007182";11;"13:10";"1";"76";"1";"1";"1";2;49;1
"7183";"202100007183";11;"06:45";"5";"76";"1";"1";"1";2;49;1
"7184";"202100007184";11;"10:00";"1";"76";"2";"2";"1";6;49;0
"7185";"202100007185";11;"22:45";"5";"76";"2";"1";"1";7;49;0
"7186";"202100007186";11;"17:59";"2";"76";"1";"1";"2";7;49;0
"7187";"202100007187";11;"12:25";"1";"74";"2";"1";"1";3;46;6
"7188";"202100007188";11;"17:27";"2";"72";"2";"1";"1";2;47;0
"7189";"202100007189";11;"19:27";"5";"72";"2";"6";"1";3;47;0
"7190";"202100007190";11;"17:53";"2";"72";"2";"1";"1";3;48;0
"7191";"202100007191";11;"09:30";"1";"72";"2";"6";"1";3;48;0
"7192";"202100007192";11;"14:00";"1";"72";"2";"6";"1";3;47;0
"7193";"202100007193";11;"00:45";"5";"71";"1";"1";"1";6;46;4
"7194";"202100007194";11;"19:55";"3";"71";"1";"6";"2";7;46;4
"7195";"202100007195";11;"08:10";"2";"69";"2";"2";"1";3;45;4
"7196";"202100007196";11;"17:25";"5";"69";"2";"3";"1";3;45;4
"7197";"202100007197";11;"12:50";"1";"68";"1";"1";"1";4;47;7
"7198";"202100007198";11;"08:45";"1";"67";"2";"1";"8";6;48;7
"7199";"202100007199";11;"13:25";"1";"67";"1";"1";"1";1;48;7
"7200";"202100007200";11;"19:15";"5";"64";"2";"3";"1";3;43;0
"7201";"202100007201";11;"20:00";"5";"64";"2";"6";"1";3;43;0
"7202";"202100007202";11;"18:00";"5";"64";"2";"6";"1";3;43;0
"7203";"202100007203";11;"12:20";"1";"64";"2";"3";"1";3;43;0
"7204";"202100007204";11;"10:00";"1";"64";"2";"2";"1";3;43;0
"7205";"202100007205";11;"11:05";"1";"64";"2";"1";"1";6;43;-1
"7206";"202100007206";11;"02:05";"4";"64";"2";"1";"1";6;43;-1
"7207";"202100007207";11;"18:00";"5";"64";"2";"3";"1";1;43;-1
"7208";"202100007208";11;"14:20";"1";"64";"2";"1";"1";2;43;-1
"7209";"202100007209";11;"09:15";"1";"63";"2";"2";"1";3;45;3
"7210";"202100007210";11;"12:23";"1";"63";"2";"2";"1";6;45;3
"7211";"202100007211";11;"17:29";"1";"63";"2";"2";"1";6;45;3
"7212";"202100007212";11;"08:07";"5";"63";"2";"2";"1";3;45;3
"7213";"202100007213";11;"17:15";"2";"63";"2";"1";"1";4;45;3
"7214";"202100007214";11;"10:50";"1";"59";"2";"1";"7";6;50;3
"7215";"202100007215";11;"18:00";"5";"59";"2";"9";"5";6;50;3
"7216";"202100007216";11;"18:00";"5";"59";"2";"2";"1";2;50;3
"7217";"202100007217";10;"17:10";"1";"59";"2";"1";"1";6;50;3
"7218";"202100007218";11;"07:42";"2";"59";"2";"1";"1";4;50;3
"7219";"202100007219";11;"18:40";"5";"59";"2";"1";"1";5;50;3
"7220";"202100007220";11;"08:40";"1";"59";"2";"1";"1";3;50;3
"7221";"202100007221";11;"16:50";"1";"59";"2";"3";"1";6;50;3
"7222";"202100007222";11;"07:34";"5";"57";"2";"1";"1";6;49;6
"7223";"202100007223";11;"07:30";"2";"56";"1";"1";"8";6;47;-2
"7224";"202100007224";11;"19:45";"5";"56";"2";"3";"1";3;47;-2
"7225";"202100007225";11;"08:40";"1";"56";"2";"4";"1";1;47;-3
"7226";"202100007226";11;"16:35";"1";"56";"2";"6";"1";3;47;-3
"7227";"202100007227";11;"13:20";"1";"56";"2";"3";"1";7;47;-3
"7228";"202100007228";11;"07:50";"2";"56";"2";"3";"8";2;47;-3
"7229";"202100007229";11;"23:35";"3";"54";"2";"1";"1";2;48;6
"7230";"202100007230";11;"22:45";"5";"54";"2";"1";"1";6;48;6
"7231";"202100007231";11;"15:00";"1";"54";"2";"1";"1";6;48;6
"7232";"202100007232";11;"07:40";"2";"54";"2";"2";"2";3;48;6
"7233";"202100007233";11;"10:00";"1";"54";"2";"1";"1";6;48;6
"7234";"202100007234";11;"19:00";"3";"53";"1";"1";"1";2;48;0
"7235";"202100007235";11;"16:35";"1";"51";"2";"1";"1";4;49;4
"7236";"202100007236";11;"20:15";"3";"51";"2";"6";"1";2;49;4
"7237";"202100007237";11;"08:45";"1";"51";"2";"2";"5";7;49;4
"7238";"202100007238";10;"14:00";"1";"50";"2";"1";"1";7;49;-1
"7239";"202100007239";11;"14:00";"1";"49";"2";"6";"1";3;47;0
"7240";"202100007240";11;"00:45";"5";"49";"2";"1";"1";6;47;0
"7241";"202100007241";11;"11:36";"1";"49";"2";"1";"1";2;47;0
"7242";"202100007242";11;"17:58";"2";"49";"2";"6";"1";3;47;0
"7243";"202100007243";11;"16:12";"1";"49";"2";"3";"1";3;47;0
"7244";"202100007244";11;"08:32";"2";"49";"2";"6";"1";3;47;0
"7245";"202100007245";11;"17:25";"1";"49";"1";"1";"1";2;47;0
"7246";"202100007246";11;"07:37";"2";"49";"2";"6";"1";3;47;0
"7247";"202100007247";11;"00:15";"5";"49";"2";"1";"1";7;47;0
"7248";"202100007248";11;"18:10";"5";"47";"2";"2";"2";3;44;0
"7249";"202100007249";11;"14:05";"1";"47";"2";"1";"1";2;44;0
"7250";"202100007250";11;"17:30";"5";"45";"2";"2";"1";3;47;1
"7251";"202100007251";11;"15:10";"1";"45";"2";"6";"1";6;47;1
"7252";"202100007252";11;"17:05";"2";"45";"1";"1";"1";7;47;1
"7253";"202100007253";11;"14:30";"1";"45";"1";"1";"1";6;47;1
"7254";"202100007254";11;"13:30";"1";"45";"2";"1";"1";6;47;1
"7255";"202100007255";11;"07:40";"2";"45";"1";"1";"1";3;47;1
"7256";"202100007256";11;"08:40";"1";"45";"2";"6";"5";7;48;2
"7257";"202100007257";8;"16:20";"1";"43";"2";"1";"1";5;45;3
"7258";"202100007258";11;"07:50";"3";"40";"2";"1";"1";3;43;0
"7259";"202100007259";11;"19:55";"3";"40";"1";"1";"1";3;43;0
"7260";"202100007260";9;"13:35";"1";"40";"2";"1";"1";3;43;0
"7261";"202100007261";11;"19:30";"5";"37";"2";"4";"8";3;47;0
"7262";"202100007262";11;"15:55";"1";"37";"2";"1";"1";6;47;0
"7263";"202100007263";11;"01:35";"5";"37";"2";"2";"8";1;47;0
"7264";"202100007264";11;"20:50";"5";"37";"2";"2";"1";2;47;0
"7265";"202100007265";11;"08:15";"1";"37";"2";"1";"1";6;47;0
"7266";"202100007266";11;"18:30";"3";"35";"1";"1";"1";2;48;-1
"7267";"202100007267";11;"18:05";"5";"35";"2";"1";"1";3;48;-1
"7268";"202100007268";11;"07:30";"5";"35";"2";"6";"1";3;48;-1
"7269";"202100007269";11;"11:30";"1";"35";"2";"2";"5";3;48;-1
"7270";"202100007270";11;"08:50";"1";"34";"2";"3";"1";5;43;3
"7271";"202100007271";11;"14:00";"1";"33";"2";"1";"1";2;44;0
"7272";"202100007272";11;"05:00";"5";"33";"2";"7";"1";3;44;0
"7273";"202100007273";11;"12:45";"1";"33";"1";"6";"1";2;44;0
"7274";"202100007274";11;"21:50";"5";"32";"2";"6";"1";2;43;0
"7275";"202100007275";11;"23:20";"3";"31";"1";"1";"1";4;43;1
"7276";"202100007276";11;"19:50";"5";"31";"2";"1";"1";4;43;1
"7277";"202100007277";11;"18:00";"5";"31";"2";"3";"1";3;43;1
"7278";"202100007278";11;"13:35";"1";"31";"2";"2";"8";1;43;1
"7279";"202100007279";11;"08:50";"1";"31";"1";"1";"1";6;43;1
"7280";"202100007280";10;"11:35";"1";"30";"2";"2";"1";6;43;4
"7281";"202100007281";11;"13:35";"1";"30";"1";"3";"1";3;44;4
"7282";"202100007282";11;"17:15";"2";"29";"1";"1";"1";2;48;-4
"7283";"202100007283";11;"18:00";"1";"29";"2";"1";"1";6;48;-4
"7284";"202100007284";11;"07:00";"5";"28";"1";"2";"1";3;48;1
"7285";"202100007285";11;"17:55";"5";"27";"2";"1";"1";4;49;1
"7286";"202100007286";11;"17:53";"3";"27";"2";"1";"1";2;49;1
"7287";"202100007287";11;"16:40";"1";"26";"1";"2";"1";3;45;5
"7288";"202100007288";11;"07:35";"1";"26";"2";"1";"1";3;44;4
"7289";"202100007289";11;"10:30";"1";"25";"2";"1";"1";3;47;6
"7290";"202100007290";11;"05:35";"5";"19";"2";"3";"1";6;45;1
"7291";"202100007291";11;"01:00";"3";"18";"1";"1";"1";6;47;2
"7292";"202100007292";11;"08:40";"1";"17";"2";"1";"1";3;45;-1
"7293";"202100007293";11;"21:20";"5";"17";"2";"1";"8";6;46;-1
"7294";"202100007294";11;"08:50";"1";"14";"2";"3";"1";3;49;0
"7295";"202100007295";11;"17:45";"3";"14";"2";"1";"1";4;49;0
"7296";"202100007296";11;"22:25";"3";"14";"1";"1";"2";6;49;0
"7297";"202100007297";11;"18:05";"5";"14";"2";"1";"1";2;49;0
"7298";"202100007298";11;"14:35";"1";"14";"2";"2";"1";6;49;0
"7299";"202100007299";11;"18:15";"5";"13";"1";"1";"1";2;43;5
"7300";"202100007300";11;"16:30";"1";"13";"2";"1";"1";6;43;5
"7301";"202100007301";11;"05:30";"5";"13";"2";"1";"1";1;43;5
"7302";"202100007302";11;"05:50";"5";"13";"2";"2";"1";3;43;5
"7303";"202100007303";11;"17:05";"2";"13";"2";"1";"1";3;43;5
"7304";"202100007304";11;"16:45";"2";"13";"2";"1";"1";3;43;5
"7305";"202100007305";11;"09:40";"1";"13";"2";"1";"1";2;43;5
"7306";"202100007306";11;"16:00";"2";"13";"2";"1";"1";1;43;4
"7307";"202100007307";11;"12:45";"1";"13";"2";"1";"1";6;43;5
"7308";"202100007308";11;"04:35";"5";"12";"1";"1";"1";6;44;2
"7309";"202100007309";11;"18:05";"1";"11";"2";"2";"1";3;43;3
"7310";"202100007310";11;"23:30";"5";"11";"2";"1";"1";6;43;2
"7311";"202100007311";11;"07:10";"2";"11";"2";"2";"1";3;43;2
"7312";"202100007312";11;"08:48";"1";"11";"2";"3";"1";6;43;2
"7313";"202100007313";11;"02:02";"5";"10";"2";"1";"1";6;48;4
"7314";"202100007314";11;"18:00";"5";"10";"2";"1";"2";3;48;4
"7315";"202100007315";11;"08:40";"1";"09";"2";"3";"1";6;42;1
"7316";"202100007316";11;"15:53";"1";"09";"1";"9";"8";1;42;1
"7317";"202100007317";11;"18:05";"5";"06";"2";"1";"1";3;43;7
"7318";"202100007318";11;"19:50";"5";"06";"2";"1";"1";3;43;7
"7319";"202100007319";11;"15:20";"1";"06";"2";"2";"1";5;43;7
"7320";"202100007320";11;"07:52";"1";"06";"2";"1";"1";7;43;7
"7321";"202100007321";11;"05:54";"5";"06";"2";"2";"1";3;43;7
"7322";"202100007322";11;"17:46";"5";"06";"1";"1";"1";3;43;6
"7323";"202100007323";11;"13:30";"1";"06";"2";"1";"1";7;43;6