"";"Num_Acc";"mois";"hrmn";"lum";"dep";"agg";"int";"atm";"col";"lat";"long"
"7324";"202100007324";11;"07:50";"3";"06";"2";"1";"2";2;43;7
"7325";"202100007325";11;"17:55";"5";"06";"2";"1";"1";6;43;7
"7326";"202100007326";11;"18:35";"3";"03";"2";"1";"8";1;46;2
"7327";"202100007327";11;"11:52";"1";"02";"2";"2";"1";3;49;3
"7328";"202100007328";11;"23:15";"5";"02";"2";"2";"1";3;49;3
"7329";"202100007329";11;"13:00";"1";"75";"2";"1";"1";6;48;2
"7330";"202100007330";11;"12:45";"1";"75";"2";"4";"1";3;48;2
"7331";"202100007331";11;"08:15";"1";"75";"2";"4";"1";3;48;2
"7332";"202100007332";11;"12:30";"1";"75";"2";"5";"1";7;48;2
"7333";"202100007333";11;"12:20";"1";"75";"2";"1";"1";6;48;2
"7334";"202100007334";11;"19:45";"5";"75";"2";"7";"1";2;48;2
"7335";"202100007335";11;"13:05";"1";"75";"2";"2";"1";1;48;2
"7336";"202100007336";11;"08:40";"1";"75";"2";"3";"8";3;48;2
"7337";"202100007337";11;"18:25";"5";"75";"2";"3";"1";1;48;2
"7338";"202100007338";11;"02:00";"5";"75";"2";"3";"1";6;48;2
"7339";"202100007339";11;"16:05";"1";"75";"2";"3";"1";7;48;2
"7340";"202100007340";11;"18:30";"5";"75";"2";"3";"1";6;48;2
"7341";"202100007341";11;"11:10";"1";"75";"2";"3";"1";7;48;2
"7342";"202100007342";11;"18:55";"5";"75";"2";"1";"1";3;48;2
"7343";"202100007343";11;"16:30";"1";"75";"2";"2";"1";6;48;2
"7344";"202100007344";11;"11:15";"1";"75";"2";"3";"1";1;48;2
"7345";"202100007345";11;"05:20";"5";"75";"2";"7";"1";6;48;2
"7346";"202100007346";11;"10:50";"1";"75";"2";"3";"1";3;48;2
"7347";"202100007347";11;"08:50";"1";"75";"2";"4";"1";3;48;2
"7348";"202100007348";11;"01:24";"5";"75";"2";"2";"1";3;48;2
"7349";"202100007349";11;"18:35";"5";"94";"2";"1";"1";3;48;2
"7350";"202100007350";11;"06:50";"5";"94";"2";"7";"1";3;48;2
"7351";"202100007351";11;"18:11";"5";"94";"2";"1";"2";3;48;2
"7352";"202100007352";11;"07:30";"5";"94";"2";"6";"8";3;48;2
"7353";"202100007353";11;"11:15";"1";"94";"2";"1";"1";1;48;2
"7354";"202100007354";11;"11:05";"1";"94";"2";"1";"1";3;48;2
"7355";"202100007355";11;"08:00";"1";"94";"2";"1";"1";3;48;2
"7356";"202100007356";11;"14:05";"1";"94";"2";"1";"2";2;48;2
"7357";"202100007357";11;"19:40";"5";"94";"2";"1";"1";3;48;2
"7358";"202100007358";11;"16:50";"1";"94";"2";"1";"1";6;48;2
"7359";"202100007359";11;"14:05";"1";"93";"2";"1";"1";6;48;2
"7360";"202100007360";11;"09:00";"1";"93";"2";"1";"1";2;48;2
"7361";"202100007361";11;"08:30";"2";"93";"2";"1";"1";6;48;2
"7362";"202100007362";11;"04:30";"5";"93";"1";"3";"1";1;48;2
"7363";"202100007363";11;"14:10";"1";"93";"2";"1";"1";6;48;2
"7364";"202100007364";11;"00:20";"5";"93";"2";"2";"1";1;48;2
"7365";"202100007365";11;"19:05";"5";"93";"2";"2";"1";6;48;2
"7366";"202100007366";11;"19:10";"5";"93";"2";"9";"1";3;48;2
"7367";"202100007367";11;"11:00";"1";"93";"2";"3";"1";3;48;2
"7368";"202100007368";11;"14:00";"1";"93";"2";"5";"1";3;48;2
"7369";"202100007369";11;"14:35";"1";"93";"2";"1";"8";6;48;2
"7370";"202100007370";11;"08:10";"2";"92";"2";"9";"1";3;48;2
"7371";"202100007371";11;"12:05";"1";"92";"2";"6";"1";3;48;2
"7372";"202100007372";11;"12:08";"1";"92";"2";"1";"1";1;48;2
"7373";"202100007373";11;"19:00";"5";"92";"2";"9";"1";7;48;2
"7374";"202100007374";11;"07:50";"2";"60";"1";"2";"2";7;49;2
"7375";"202100007375";11;"02:00";"3";"35";"1";"1";"9";7;48;-1
"7376";"202100007376";11;"11:30";"1";"35";"2";"1";"1";6;47;-2
"7377";"202100007377";11;"03:25";"3";"52";"1";"1";"1";6;48;5
"7378";"202100007378";11;"10:30";"1";"71";"1";"1";"2";3;46;3
"7379";"202100007379";11;"06:05";"3";"41";"1";"1";"1";2;47;1
"7380";"202100007380";11;"13:10";"1";"38";"2";"1";"1";3;45;5
"7381";"202100007381";11;"11:40";"1";"68";"2";"1";"1";6;47;7
"7382";"202100007382";11;"12:45";"1";"89";"1";"1";"8";7;48;3
"7383";"202100007383";11;"17:30";"3";"51";"1";"2";"1";3;49;3
"7384";"202100007384";11;"11:30";"1";"56";"1";"2";"1";5;47;-2
"7385";"202100007385";11;"12:20";"1";"79";"2";"1";"1";2;46;0
"7386";"202100007386";11;"20:00";"5";"32";"2";"1";"1";6;43;0
"7387";"202100007387";11;"14:05";"1";"11";"1";"1";"1";1;43;2
"7388";"202100007388";11;"22:35";"3";"71";"1";"1";"2";5;46;4
"7389";"202100007389";11;"03:40";"3";"63";"1";"1";"1";6;46;2
"7390";"202100007390";11;"17:00";"2";"61";"1";"2";"1";3;48;0
"7391";"202100007391";11;"18:20";"3";"34";"1";"2";"1";6;43;2
"7392";"202100007392";11;"11:08";"1";"39";"1";"2";"1";3;46;5
"7393";"202100007393";11;"22:04";"3";"44";"1";"1";"5";7;47;-1
"7394";"202100007394";11;"07:00";"3";"35";"1";"2";"5";6;48;-1
"7395";"202100007395";11;"16:45";"1";"72";"1";"9";"2";3;47;0
"7396";"202100007396";11;"08:30";"1";"14";"2";"1";"1";2;48;0
"7397";"202100007397";11;"23:00";"3";"14";"1";"1";"1";6;49;0
"7398";"202100007398";11;"19:00";"5";"50";"1";"1";"1";2;49;-1
"7399";"202100007399";11;"18:00";"3";"50";"1";"1";"2";2;49;-1
"7400";"202100007400";11;"15:00";"1";"40";"2";"3";"1";1;43;0
"7401";"202100007401";11;"07:30";"1";"987";"2";"2";"1";3;-17;-149
"7402";"202100007402";11;"17:45";"3";"69";"1";"1";"1";1;45;4
"7403";"202100007403";11;"08:50";"1";"988";"1";"1";"3";6;-21;165
"7404";"202100007404";11;"18:15";"3";"988";"1";"1";"3";2;-22;166
"7405";"202100007405";11;"18:10";"3";"973";"1";"1";"1";3;5;-53
"7406";"202100007406";11;"12:50";"1";"44";"1";"1";"1";6;47;-1
"7407";"202100007407";11;"19:10";"3";"29";"1";"1";"1";1;47;-3
"7408";"202100007408";11;"13:10";"1";"41";"1";"3";"1";3;47;1
"7409";"202100007409";11;"00:30";"3";"91";"1";"1";"8";7;48;2
"7410";"202100007410";11;"17:40";"1";"78";"1";"2";"1";3;48;1
"7411";"202100007411";11;"06:05";"3";"68";"1";"1";"2";1;48;7
"7412";"202100007412";11;"07:50";"1";"73";"1";"1";"1";6;45;6
"7413";"202100007413";11;"17:55";"5";"44";"2";"1";"1";6;47;-1
"7414";"202100007414";11;"11:30";"1";"69";"1";"1";"1";7;45;5
"7415";"202100007415";11;"16:30";"1";"33";"1";"1";"1";6;44;0
"7416";"202100007416";11;"19:30";"3";"33";"1";"1";"1";1;44;0
"7417";"202100007417";11;"19:45";"3";"85";"1";"1";"1";1;46;0
"7418";"202100007418";11;"21:20";"3";"60";"2";"6";"1";7;49;2
"7419";"202100007419";11;"18:30";"3";"80";"1";"1";"2";7;49;2
"7420";"202100007420";11;"17:25";"1";"13";"1";"1";"1";2;43;5
"7421";"202100007421";11;"09:30";"1";"69";"1";"1";"1";5;45;5
"7422";"202100007422";11;"04:20";"3";"33";"1";"1";"1";2;44;0
"7423";"202100007423";11;"19:15";"5";"91";"2";"9";"1";3;48;2
"7424";"202100007424";11;"13:00";"1";"92";"1";"1";"1";2;48;2
"7425";"202100007425";11;"06:20";"2";"92";"1";"1";"1";2;48;2
"7426";"202100007426";11;"10:50";"1";"92";"1";"1";"1";3;48;2
"7427";"202100007427";11;"17:00";"3";"95";"1";"1";"1";3;49;2
"7428";"202100007428";11;"23:45";"3";"93";"1";"1";"1";5;48;2
"7429";"202100007429";11;"19:35";"3";"94";"1";"1";"1";6;48;2
"7430";"202100007430";11;"08:10";"2";"77";"1";"1";"1";6;48;2
"7431";"202100007431";11;"15:00";"1";"75";"2";"7";"1";3;48;2
"7432";"202100007432";11;"17:20";"2";"75";"2";"1";"1";3;48;2
"7433";"202100007433";11;"21:10";"5";"75";"2";"1";"1";1;48;2
"7434";"202100007434";11;"19:00";"5";"75";"2";"4";"1";3;48;2
"7435";"202100007435";11;"15:00";"1";"75";"2";"1";"1";6;48;2
"7436";"202100007436";11;"12:20";"1";"75";"2";"3";"1";6;48;2
"7437";"202100007437";11;"14:15";"1";"75";"2";"1";"1";1;48;2
"7438";"202100007438";11;"15:30";"1";"75";"2";"7";"1";3;48;2
"7439";"202100007439";11;"09:15";"1";"75";"2";"7";"1";6;48;2
"7440";"202100007440";11;"09:43";"1";"75";"2";"1";"1";6;48;2
"7441";"202100007441";11;"18:36";"5";"75";"2";"2";"1";3;48;2
"7442";"202100007442";11;"09:00";"1";"75";"2";"3";"1";2;48;2
"7443";"202100007443";11;"07:05";"3";"75";"2";"1";"1";2;48;2
"7444";"202100007444";11;"12:45";"1";"75";"2";"4";"1";7;48;2
"7445";"202100007445";11;"22:20";"5";"75";"2";"7";"1";6;48;2
"7446";"202100007446";11;"17:45";"5";"75";"2";"2";"1";6;48;2
"7447";"202100007447";11;"09:50";"1";"75";"2";"1";"1";6;48;2
"7448";"202100007448";11;"13:35";"1";"75";"2";"3";"1";3;48;2
"7449";"202100007449";11;"08:20";"1";"94";"2";"3";"1";1;48;2
"7450";"202100007450";11;"18:45";"5";"94";"2";"1";"1";6;48;2
"7451";"202100007451";11;"17:20";"5";"94";"2";"4";"1";1;48;2
"7452";"202100007452";11;"15:55";"1";"94";"2";"6";"1";2;48;2
"7453";"202100007453";11;"13:55";"1";"93";"2";"2";"1";3;49;2
"7454";"202100007454";11;"18:50";"5";"93";"2";"3";"1";3;48;2
"7455";"202100007455";11;"16:00";"1";"93";"2";"2";"1";3;48;2
"7456";"202100007456";11;"13:05";"1";"93";"2";"1";"1";3;48;2
"7457";"202100007457";11;"07:35";"2";"93";"2";"9";"1";2;48;2
"7458";"202100007458";11;"16:15";"1";"93";"2";"1";"1";1;48;2
"7459";"202100007459";11;"23:40";"5";"93";"2";"1";"1";2;48;2
"7460";"202100007460";11;"19:00";"5";"93";"2";"1";"1";5;48;2
"7461";"202100007461";11;"15:00";"1";"92";"2";"3";"1";4;48;2
"7462";"202100007462";11;"10:00";"1";"92";"2";"1";"1";6;48;2
"7463";"202100007463";11;"11:30";"1";"92";"2";"2";"1";2;48;2
"7464";"202100007464";11;"13:15";"1";"92";"2";"6";"1";3;48;2
"7465";"202100007465";11;"09:50";"1";"92";"2";"2";"1";3;48;2
"7466";"202100007466";11;"17:50";"5";"92";"2";"1";"1";6;48;2
"7467";"202100007467";11;"21:07";"5";"92";"2";"1";"1";6;48;2
"7468";"202100007468";11;"01:29";"5";"92";"2";"1";"1";1;48;2
"7469";"202100007469";11;"15:20";"1";"92";"2";"1";"1";2;48;2
"7470";"202100007470";11;"17:50";"2";"92";"2";"2";"1";3;48;2
"7471";"202100007471";10;"15:30";"1";"92";"2";"3";"1";7;48;2
"7472";"202100007472";11;"10:00";"1";"92";"2";"1";"1";6;48;2
"7473";"202100007473";11;"08:45";"1";"92";"2";"1";"1";6;48;2
"7474";"202100007474";11;"14:30";"1";"37";"1";"1";"1";6;47;0
"7475";"202100007475";11;"09:42";"1";"62";"2";"9";"1";6;50;2
"7476";"202100007476";11;"18:45";"3";"17";"1";"1";"1";1;45;0
"7477";"202100007477";11;"19:30";"3";"76";"1";"1";"1";6;49;1
"7478";"202100007478";11;"17:00";"2";"62";"2";"1";"2";1;50;1
"7479";"202100007479";11;"07:45";"1";"30";"1";"1";"1";7;44;4
"7480";"202100007480";11;"16:10";"1";"95";"1";"1";"1";3;49;2
"7481";"202100007481";11;"12:30";"1";"51";"1";"1";"1";1;48;4
"7482";"202100007482";11;"23:30";"3";"51";"1";"1";"5";7;48;4
"7483";"202100007483";11;"16:00";"1";"74";"1";"1";"1";1;46;5
"7484";"202100007484";11;"23:00";"3";"79";"1";"1";"1";6;46;0
"7485";"202100007485";11;"05:00";"3";"79";"1";"1";"1";6;46;0
"7486";"202100007486";11;"12:30";"1";"80";"1";"1";"1";7;49;2
"7487";"202100007487";11;"08:30";"1";"82";"1";"3";"5";4;44;1
"7488";"202100007488";11;"11:03";"1";"89";"2";"1";"5";6;48;3
"7489";"202100007489";11;"11:50";"1";"61";"1";"2";"1";3;48;0
"7490";"202100007490";10;"04:45";"5";"42";"2";"2";"1";2;45;4
"7491";"202100007491";11;"08:25";"1";"41";"1";"3";"8";3;47;1
"7492";"202100007492";11;"01:05";"3";"86";"1";"1";"5";6;46;0
"7493";"202100007493";11;"13:45";"1";"44";"2";"6";"1";1;47;-2
"7494";"202100007494";11;"14:30";"1";"44";"1";"2";"1";3;47;-1
"7495";"202100007495";11;"16:50";"1";"29";"1";"1";"1";6;48;-4
"7496";"202100007496";11;"07:00";"2";"31";"1";"1";"1";6;43;0
"7497";"202100007497";11;"17:05";"2";"84";"1";"1";"1";7;43;5
"7498";"202100007498";11;"17:30";"5";"58";"2";"1";"2";1;47;3
"7499";"202100007499";10;"20:15";"4";"06";"2";"3";"1";3;43;6
"7500";"202100007500";11;"18:00";"2";"64";"2";"1";"1";1;43;-1
"7501";"202100007501";11;"15:30";"1";"07";"1";"1";"1";6;44;4
"7502";"202100007502";11;"15:50";"1";"28";"1";"1";"1";7;48;1
"7503";"202100007503";11;"15:20";"1";"87";"1";"2";"1";3;45;1
"7504";"202100007504";11;"11:50";"1";"52";"1";"1";"8";7;47;5
"7505";"202100007505";11;"19:00";"3";"76";"1";"1";"1";2;49;0
"7506";"202100007506";11;"11:10";"1";"13";"1";"1";"1";3;43;5
"7507";"202100007507";11;"18:10";"3";"13";"1";"1";"1";2;43;5
"7508";"202100007508";11;"19:00";"3";"44";"1";"1";"1";3;47;-1
"7509";"202100007509";11;"20:04";"3";"49";"1";"1";"5";1;47;0
"7510";"202100007510";11;"15:30";"1";"971";"1";"1";"1";7;16;-61
"7511";"202100007511";11;"19:50";"3";"74";"1";"1";"1";5;46;6
"7512";"202100007512";11;"04:50";"2";"987";"2";"1";"1";1;-17;-149
"7513";"202100007513";11;"21:15";"3";"988";"1";"1";"1";6;-21;165
"7514";"202100007514";10;"21:00";"5";"973";"2";"1";"1";3;5;-53
"7515";"202100007515";11;"15:30";"1";"971";"2";"4";"1";3;15;-61
"7516";"202100007516";11;"17:20";"1";"45";"1";"1";"1";1;47;1
"7517";"202100007517";10;"02:45";"3";"83";"1";"1";"2";7;43;6
"7518";"202100007518";11;"10:05";"1";"13";"2";"1";"1";5;43;5
"7519";"202100007519";11;"17:40";"2";"10";"1";"1";"8";1;48;4
"7520";"202100007520";11;"17:53";"3";"68";"1";"3";"1";5;48;7
"7521";"202100007521";11;"07:30";"1";"88";"1";"1";"1";1;48;6
"7522";"202100007522";11;"11:30";"1";"38";"1";"1";"1";2;45;5
"7523";"202100007523";11;"03:00";"5";"69";"2";"2";"1";7;45;5
"7524";"202100007524";11;"22:05";"3";"81";"1";"1";"1";6;43;1
"7525";"202100007525";11;"12:15";"1";"17";"2";"4";"1";3;45;-1
"7526";"202100007526";11;"21:00";"3";"44";"1";"1";"1";6;47;-1
"7527";"202100007527";11;"13:15";"1";"14";"2";"3";"1";3;49;0
"7528";"202100007528";11;"18:00";"3";"56";"1";"1";"1";1;47;-2
"7529";"202100007529";11;"16:00";"1";"22";"2";"1";"1";7;48;-2
"7530";"202100007530";11;"07:50";"2";"27";"2";"1";"1";4;49;1
"7531";"202100007531";11;"00:00";"3";"76";"1";"1";"1";7;49;1
"7532";"202100007532";11;"21:43";"3";"60";"1";"1";"8";6;49;2
"7533";"202100007533";11;"07:30";"1";"62";"1";"1";"2";4;50;1
"7534";"202100007534";11;"09:15";"1";"59";"1";"3";"1";7;50;2
"7535";"202100007535";11;"14:30";"1";"13";"1";"1";"1";5;43;5
"7536";"202100007536";11;"09:57";"1";"13";"1";"1";"1";2;43;5
"7537";"202100007537";11;"18:18";"3";"13";"1";"1";"1";2;43;5
"7538";"202100007538";11;"08:00";"1";"13";"1";"1";"1";2;43;5
"7539";"202100007539";11;"04:50";"5";"69";"2";"1";"2";5;45;4
"7540";"202100007540";11;"02:30";"5";"33";"1";"1";"1";6;44;0
"7541";"202100007541";11;"09:40";"1";"91";"1";"1";"1";5;48;2
"7542";"202100007542";11;"10:39";"1";"94";"1";"1";"1";2;48;2
"7543";"202100007543";11;"07:25";"2";"91";"1";"1";"1";4;48;2
"7544";"202100007544";11;"21:35";"3";"78";"1";"1";"1";2;48;2
"7545";"202100007545";11;"08:40";"1";"92";"1";"1";"1";3;48;2
"7546";"202100007546";11;"08:14";"1";"92";"1";"1";"1";3;48;2
"7547";"202100007547";11;"19:00";"5";"93";"1";"1";"1";3;48;2
"7548";"202100007548";11;"18:45";"3";"95";"1";"1";"1";3;49;2
"7549";"202100007549";11;"17:50";"3";"92";"1";"1";"1";4;48;2
"7550";"202100007550";11;"16:10";"1";"92";"1";"1";"1";3;48;2
"7551";"202100007551";11;"10:50";"1";"93";"1";"1";"1";3;48;2
"7552";"202100007552";11;"08:30";"1";"95";"1";"1";"1";6;49;2
"7553";"202100007553";11;"09:25";"1";"95";"1";"1";"1";2;48;2
"7554";"202100007554";11;"05:40";"2";"93";"1";"1";"1";2;48;2
"7555";"202100007555";11;"07:15";"3";"92";"1";"1";"2";6;48;2
"7556";"202100007556";11;"07:30";"2";"94";"1";"1";"1";3;48;2
"7557";"202100007557";7;"07:40";"1";"91";"1";"1";"2";7;48;2
"7558";"202100007558";8;"19:28";"1";"74";"1";"1";"1";6;45;6
"7559";"202100007559";7;"13:20";"1";"14";"2";"3";"1";6;49;0
"7560";"202100007560";8;"10:15";"1";"74";"1";"4";"1";5;46;6
"7561";"202100007561";11;"19:20";"3";"988";"2";"1";"1";1;-22;166
"7562";"202100007562";11;"19:20";"5";"974";"2";"4";"1";2;-20;55
"7563";"202100007563";11;"10:15";"1";"974";"2";"3";"1";3;-20;55
"7564";"202100007564";11;"07:05";"1";"973";"2";"3";"1";3;4;-52
"7565";"202100007565";11;"19:20";"5";"69";"2";"1";"1";3;45;4
"7566";"202100007566";11;"07:25";"2";"69";"2";"9";"1";3;45;4
"7567";"202100007567";11;"18:05";"3";"972";"1";"8";"2";3;14;-61
"7568";"202100007568";11;"17:20";"1";"972";"2";"1";"1";7;14;-61
"7569";"202100007569";11;"14:00";"1";"972";"2";"1";"1";2;14;-61
"7570";"202100007570";11;"18:15";"5";"69";"2";"9";"1";3;45;4
"7571";"202100007571";11;"15:45";"1";"971";"1";"6";"1";2;16;-61
"7572";"202100007572";11;"10:37";"1";"971";"2";"1";"1";6;16;-61
"7573";"202100007573";11;"08:15";"1";"2A";"2";"2";"8";2;41;8
"7574";"202100007574";11;"19:45";"5";"91";"2";"3";"2";3;48;2
"7575";"202100007575";11;"18:00";"5";"91";"2";"3";"1";6;48;2
"7576";"202100007576";11;"14:15";"1";"91";"1";"1";"1";3;48;2
"7577";"202100007577";11;"20:12";"5";"87";"2";"1";"2";6;45;1
"7578";"202100007578";11;"12:35";"1";"87";"2";"3";"1";3;45;1
"7579";"202100007579";11;"15:30";"1";"84";"2";"1";"1";2;44;4
"7580";"202100007580";11;"21:30";"3";"77";"1";"1";"5";2;48;3
"7581";"202100007581";11;"08:42";"1";"77";"1";"1";"8";4;48;2
"7582";"202100007582";11;"22:00";"5";"76";"2";"1";"1";2;49;1
"7583";"202100007583";11;"20:30";"5";"76";"2";"1";"1";2;49;1
"7584";"202100007584";11;"23:25";"5";"76";"2";"1";"1";7;49;1
"7585";"202100007585";11;"15:25";"1";"76";"2";"1";"1";3;49;0
"7586";"202100007586";11;"18:56";"5";"73";"2";"1";"1";2;45;5
"7587";"202100007587";11;"08:30";"1";"72";"2";"1";"1";6;48;0
"7588";"202100007588";11;"13:10";"1";"69";"2";"2";"8";3;45;4
"7589";"202100007589";11;"12:05";"1";"69";"2";"1";"1";1;45;4
"7590";"202100007590";11;"12:50";"1";"69";"2";"1";"1";7;45;4
"7591";"202100007591";11;"08:08";"1";"68";"2";"1";"1";3;47;7
"7592";"202100007592";11;"17:55";"3";"68";"1";"3";"2";3;48;7
"7593";"202100007593";11;"17:00";"2";"67";"2";"3";"8";3;48;7
"7594";"202100007594";11;"13:50";"1";"67";"2";"1";"1";3;48;7
"7595";"202100007595";11;"20:10";"5";"67";"2";"8";"1";2;48;7
"7596";"202100007596";11;"11:20";"1";"67";"2";"3";"1";6;48;7
"7597";"202100007597";11;"09:05";"1";"65";"2";"1";"2";6;43;0
"7598";"202100007598";11;"07:53";"1";"65";"2";"1";"2";4;43;0
"7599";"202100007599";11;"09:44";"1";"63";"2";"4";"1";1;45;3
"7600";"202100007600";11;"07:28";"5";"63";"2";"1";"1";6;45;3
"7601";"202100007601";11;"16:10";"1";"61";"2";"2";"7";3;48;0
"7602";"202100007602";11;"07:10";"5";"59";"2";"1";"1";3;50;3
"7603";"202100007603";11;"11:05";"1";"59";"1";"1";"1";6;50;2
"7604";"202100007604";11;"08:05";"1";"58";"2";"3";"1";3;46;3
"7605";"202100007605";11;"09:15";"1";"56";"2";"1";"1";1;47;-3
"7606";"202100007606";11;"16:20";"1";"54";"2";"1";"1";6;48;6
"7607";"202100007607";11;"18:00";"2";"52";"2";"1";"1";7;48;4
"7608";"202100007608";11;"18:22";"5";"51";"2";"1";"2";2;49;4
"7609";"202100007609";11;"08:00";"1";"51";"2";"6";"2";7;49;4
"7610";"202100007610";11;"08:30";"1";"51";"1";"1";"2";7;49;4
"7611";"202100007611";11;"07:17";"5";"45";"2";"2";"2";6;47;1
"7612";"202100007612";11;"12:00";"1";"45";"2";"3";"1";3;47;1
"7613";"202100007613";11;"04:35";"5";"45";"2";"1";"2";6;47;2
"7614";"202100007614";11;"02:30";"3";"44";"2";"1";"1";6;47;-2
"7615";"202100007615";11;"11:45";"1";"44";"2";"3";"1";6;47;-2
"7616";"202100007616";11;"16:50";"2";"42";"2";"1";"2";6;45;4
"7617";"202100007617";11;"12:05";"1";"39";"2";"6";"1";5;47;5
"7618";"202100007618";11;"02:35";"4";"38";"2";"2";"2";3;45;5
"7619";"202100007619";11;"23:50";"5";"37";"2";"1";"1";6;47;0
"7620";"202100007620";11;"18:00";"3";"35";"1";"6";"1";6;48;-1
"7621";"202100007621";11;"19:50";"5";"35";"2";"1";"1";6;48;-1
"7622";"202100007622";11;"16:09";"1";"34";"2";"3";"1";3;43;3
"7623";"202100007623";11;"18:40";"5";"33";"2";"1";"1";6;44;0
"7624";"202100007624";10;"03:50";"5";"33";"2";"2";"1";3;44;0
"7625";"202100007625";11;"07:45";"2";"33";"2";"6";"1";3;44;0
"7626";"202100007626";11;"22:15";"5";"33";"1";"2";"1";3;44;0
"7627";"202100007627";11;"14:20";"1";"33";"2";"1";"1";3;44;0
"7628";"202100007628";11;"13:20";"1";"29";"1";"1";"8";1;47;-4
"7629";"202100007629";11;"07:40";"1";"28";"2";"2";"2";1;48;1
"7630";"202100007630";11;"12:45";"1";"27";"1";"1";"8";6;49;1
"7631";"202100007631";11;"22:45";"5";"27";"2";"1";"2";7;49;1
"7632";"202100007632";11;"00:00";"5";"26";"2";"2";"1";3;44;4
"7633";"202100007633";10;"09:55";"1";"22";"2";"1";"1";6;48;-3
"7634";"202100007634";11;"18:56";"5";"21";"2";"1";"8";6;47;5
"7635";"202100007635";11;"12:26";"1";"17";"2";"1";"8";6;46;-1
"7636";"202100007636";11;"12:45";"1";"13";"2";"1";"1";3;43;5
"7637";"202100007637";11;"12:45";"1";"13";"2";"1";"1";3;43;5
"7638";"202100007638";11;"14:50";"1";"13";"1";"3";"1";3;43;4
"7639";"202100007639";11;"17:10";"2";"13";"1";"6";"1";3;43;5
"7640";"202100007640";11;"18:03";"5";"10";"2";"1";"2";6;48;4
"7641";"202100007641";11;"13:30";"1";"10";"2";"1";"2";6;48;4
"7642";"202100007642";11;"09:20";"1";"10";"2";"1";"2";7;48;4
"7643";"202100007643";11;"06:20";"5";"10";"2";"1";"2";7;48;4
"7644";"202100007644";11;"17:00";"3";"07";"2";"1";"1";6;44;4
"7645";"202100007645";11;"08:20";"1";"07";"2";"6";"1";3;44;4
"7646";"202100007646";11;"18:10";"5";"06";"2";"1";"1";6;43;7
"7647";"202100007647";10;"16:45";"1";"04";"2";"1";"1";7;43;5
"7648";"202100007648";11;"13:15";"1";"75";"2";"1";"1";3;48;2
"7649";"202100007649";11;"08:30";"1";"75";"2";"1";"1";4;48;2
"7650";"202100007650";11;"10:50";"1";"75";"2";"1";"8";6;48;2
"7651";"202100007651";11;"08:40";"1";"75";"2";"5";"2";2;48;2
"7652";"202100007652";11;"07:55";"1";"75";"2";"3";"2";2;48;2
"7653";"202100007653";11;"08:50";"1";"75";"2";"1";"8";7;48;2
"7654";"202100007654";11;"19:05";"5";"75";"2";"3";"1";6;48;2
"7655";"202100007655";11;"12:40";"1";"75";"2";"3";"1";2;48;2
"7656";"202100007656";11;"15:50";"1";"75";"2";"2";"1";3;48;2
"7657";"202100007657";11;"10:05";"1";"75";"2";"1";"1";7;48;2
"7658";"202100007658";11;"21:50";"5";"75";"2";"4";"1";3;48;2
"7659";"202100007659";11;"09:30";"1";"75";"2";"3";"8";3;48;2
"7660";"202100007660";11;"19:30";"5";"75";"2";"2";"1";3;48;2
"7661";"202100007661";11;"15:00";"1";"75";"2";"1";"1";6;48;2
"7662";"202100007662";11;"10:20";"1";"75";"2";"2";"2";3;48;2
"7663";"202100007663";11;"22:00";"5";"75";"2";"1";"1";6;48;2
"7664";"202100007664";11;"17:30";"5";"75";"2";"3";"1";3;48;2
"7665";"202100007665";11;"14:00";"1";"75";"2";"1";"1";1;48;2
"7666";"202100007666";11;"07:20";"5";"75";"2";"3";"1";4;48;2
"7667";"202100007667";11;"08:50";"1";"75";"2";"2";"2";7;48;2
"7668";"202100007668";11;"08:00";"1";"75";"2";"2";"1";7;48;2
"7669";"202100007669";11;"08:20";"1";"94";"2";"9";"8";3;48;2
"7670";"202100007670";11;"05:50";"5";"94";"2";"3";"2";3;48;2
"7671";"202100007671";11;"19:59";"3";"94";"1";"1";"1";3;48;2
"7672";"202100007672";11;"09:15";"1";"94";"2";"2";"8";1;48;2
"7673";"202100007673";11;"18:20";"5";"93";"2";"2";"1";3;48;2
"7674";"202100007674";11;"13:25";"1";"93";"2";"1";"2";2;48;2
"7675";"202100007675";11;"10:45";"1";"93";"2";"3";"1";6;48;2
"7676";"202100007676";11;"18:35";"5";"93";"2";"1";"2";6;48;2
"7677";"202100007677";11;"16:02";"1";"93";"2";"1";"1";6;48;2
"7678";"202100007678";11;"08:20";"1";"93";"2";"2";"8";3;48;2
"7679";"202100007679";11;"13:50";"1";"93";"2";"1";"1";2;48;2
"7680";"202100007680";11;"07:39";"2";"93";"2";"2";"1";3;48;2
"7681";"202100007681";11;"19:00";"3";"92";"2";"1";"2";6;48;2
"7682";"202100007682";11;"19:30";"5";"92";"2";"2";"1";3;48;2
"7683";"202100007683";11;"09:00";"1";"92";"2";"2";"1";6;48;2
"7684";"202100007684";11;"17:20";"5";"92";"2";"1";"1";7;48;2
"7685";"202100007685";11;"07:40";"2";"92";"2";"1";"8";2;48;2
"7686";"202100007686";11;"17:55";"5";"92";"2";"3";"1";6;48;2
"7687";"202100007687";11;"08:55";"1";"92";"2";"1";"1";3;48;2
"7688";"202100007688";11;"09:30";"1";"92";"2";"1";"1";3;48;2