"";"Num_Acc";"mois";"hrmn";"lum";"dep";"agg";"int";"atm";"col";"lat";"long"
"7689";"202100007689";11;"07:15";"3";"92";"2";"1";"1";6;48;2
"7690";"202100007690";11;"21:30";"5";"92";"2";"1";"1";7;48;2
"7691";"202100007691";11;"18:48";"5";"92";"2";"2";"1";6;48;2
"7692";"202100007692";11;"18:20";"1";"92";"2";"1";"1";3;48;2
"7693";"202100007693";11;"18:50";"5";"92";"2";"1";"2";4;48;2
"7694";"202100007694";11;"09:30";"1";"974";"2";"1";"1";1;-21;55
"7695";"202100007695";11;"16:20";"1";"52";"1";"1";"8";6;47;5
"7696";"202100007696";11;"18:45";"3";"83";"1";"4";"1";3;43;6
"7697";"202100007697";11;"10:05";"1";"50";"1";"1";"1";2;49;-1
"7698";"202100007698";11;"11:30";"1";"61";"1";"1";"8";6;48;0
"7699";"202100007699";11;"15:40";"1";"51";"2";"2";"1";1;49;3
"7700";"202100007700";11;"13:40";"1";"69";"2";"3";"2";3;46;4
"7701";"202100007701";11;"15:10";"1";"89";"2";"3";"2";7;47;3
"7702";"202100007702";11;"07:40";"2";"61";"2";"3";"8";3;48;0
"7703";"202100007703";11;"15:30";"1";"22";"1";"2";"1";1;48;-2
"7704";"202100007704";11;"07:15";"5";"29";"2";"1";"2";6;48;-4
"7705";"202100007705";11;"18:20";"3";"03";"1";"1";"1";1;46;3
"7706";"202100007706";11;"17:00";"2";"03";"2";"1";"2";7;46;2
"7707";"202100007707";11;"00:35";"3";"03";"1";"1";"5";6;46;2
"7708";"202100007708";11;"13:00";"1";"14";"1";"1";"1";6;49;0
"7709";"202100007709";11;"17:30";"2";"14";"1";"1";"1";7;49;0
"7710";"202100007710";11;"18:50";"3";"85";"1";"1";"1";1;46;-1
"7711";"202100007711";11;"16:00";"1";"37";"2";"1";"1";6;47;0
"7712";"202100007712";11;"16:40";"1";"30";"1";"3";"1";2;44;4
"7713";"202100007713";11;"21:10";"3";"52";"1";"1";"5";6;48;5
"7714";"202100007714";10;"14:40";"1";"88";"1";"1";"1";7;48;5
"7715";"202100007715";11;"09:12";"1";"45";"1";"1";"5";3;48;3
"7716";"202100007716";11;"01:45";"3";"971";"2";"9";"1";6;16;-61
"7717";"202100007717";11;"15:55";"1";"971";"1";"3";"1";3;16;-61
"7718";"202100007718";11;"12:00";"1";"977";"1";"4";"7";3;17;-62
"7719";"202100007719";11;"20:15";"4";"37";"2";"6";"1";3;47;0
"7720";"202100007720";11;"13:20";"1";"28";"1";"1";"1";1;48;1
"7721";"202100007721";11;"07:15";"5";"91";"2";"6";"1";6;48;2
"7722";"202100007722";11;"16:05";"1";"84";"2";"1";"1";6;43;4
"7723";"202100007723";11;"05:30";"3";"83";"1";"1";"1";3;43;6
"7724";"202100007724";11;"11:00";"1";"52";"2";"3";"1";7;47;5
"7725";"202100007725";11;"17:00";"2";"88";"1";"2";"1";5;48;5
"7726";"202100007726";11;"16:30";"1";"07";"2";"1";"1";6;44;4
"7727";"202100007727";11;"07:10";"2";"01";"1";"1";"5";5;46;5
"7728";"202100007728";11;"14:40";"1";"81";"1";"1";"1";3;43;1
"7729";"202100007729";11;"20:40";"5";"33";"1";"3";"1";3;44;0
"7730";"202100007730";11;"08:45";"1";"85";"2";"2";"5";3;46;-1
"7731";"202100007731";11;"07:58";"1";"50";"1";"1";"1";2;49;-1
"7732";"202100007732";11;"13:30";"1";"14";"1";"1";"1";1;48;0
"7733";"202100007733";11;"18:15";"3";"60";"1";"1";"1";6;49;2
"7734";"202100007734";11;"01:50";"3";"62";"1";"1";"2";6;50;2
"7735";"202100007735";11;"18:30";"1";"13";"1";"1";"1";2;43;5
"7736";"202100007736";11;"11:10";"1";"69";"1";"1";"1";2;45;4
"7737";"202100007737";11;"17:30";"2";"59";"1";"1";"2";2;50;2
"7738";"202100007738";11;"17:40";"2";"91";"1";"1";"1";3;48;2
"7739";"202100007739";11;"09:05";"1";"95";"1";"1";"1";6;49;2
"7740";"202100007740";11;"08:30";"1";"94";"1";"1";"2";4;48;2
"7741";"202100007741";11;"06:15";"3";"94";"1";"1";"2";2;48;2
"7742";"202100007742";11;"01:50";"5";"35";"2";"4";"1";6;48;-1
"7743";"202100007743";11;"13:00";"1";"75";"2";"2";"1";3;48;2
"7744";"202100007744";11;"11:25";"1";"54";"2";"1";"1";6;48;6
"7745";"202100007745";8;"11:45";"1";"75";"2";"1";"1";6;48;2
"7746";"202100007746";11;"10:46";"1";"976";"2";"1";"1";6;-12;45
"7747";"202100007747";7;"12:35";"1";"976";"2";"6";"1";2;-12;45
"7748";"202100007748";11;"06:35";"1";"974";"1";"3";"1";3;-21;55
"7749";"202100007749";11;"20:25";"3";"974";"2";"3";"1";3;-20;55
"7750";"202100007750";11;"14:40";"1";"973";"2";"9";"1";3;4;-52
"7751";"202100007751";11;"23:35";"5";"69";"2";"2";"1";6;45;4
"7752";"202100007752";11;"17:50";"5";"69";"2";"3";"1";3;45;4
"7753";"202100007753";11;"11:50";"1";"69";"2";"2";"1";6;45;4
"7754";"202100007754";11;"18:10";"5";"972";"2";"1";"2";6;14;-61
"7755";"202100007755";11;"13:00";"1";"972";"1";"1";"1";7;14;-61
"7756";"202100007756";11;"11:55";"1";"972";"2";"3";"1";6;14;-61
"7757";"202100007757";11;"10:45";"1";"69";"2";"9";"1";6;45;4
"7758";"202100007758";11;"11:45";"1";"69";"2";"1";"1";3;45;4
"7759";"202100007759";11;"03:10";"5";"69";"2";"9";"5";7;45;4
"7760";"202100007760";11;"07:20";"2";"2B";"1";"1";"2";7;42;9
"7761";"202100007761";11;"18:35";"5";"2A";"2";"1";"1";3;41;8
"7762";"202100007762";11;"15:45";"1";"95";"2";"1";"1";6;48;2
"7763";"202100007763";11;"00:55";"5";"88";"2";"2";"2";3;48;6
"7764";"202100007764";11;"12:32";"1";"87";"2";"1";"1";2;45;1
"7765";"202100007765";11;"07:54";"5";"87";"2";"3";"1";3;45;1
"7766";"202100007766";11;"17:50";"1";"87";"1";"1";"2";4;45;1
"7767";"202100007767";11;"18:30";"2";"85";"2";"6";"1";6;46;-1
"7768";"202100007768";11;"16:00";"1";"83";"2";"9";"1";3;43;5
"7769";"202100007769";11;"08:40";"1";"83";"2";"6";"1";3;43;5
"7770";"202100007770";11;"11:10";"1";"83";"2";"1";"2";3;43;6
"7771";"202100007771";11;"06:55";"2";"83";"2";"6";"1";3;43;6
"7772";"202100007772";11;"08:45";"1";"80";"1";"1";"8";4;49;2
"7773";"202100007773";11;"16:45";"1";"80";"2";"6";"1";1;49;2
"7774";"202100007774";11;"19:10";"3";"79";"1";"1";"1";1;46;0
"7775";"202100007775";11;"19:03";"5";"78";"2";"3";"2";6;48;1
"7776";"202100007776";11;"09:50";"1";"78";"2";"6";"8";3;48;1
"7777";"202100007777";11;"17:10";"2";"78";"2";"1";"1";6;49;2
"7778";"202100007778";11;"16:05";"1";"77";"1";"3";"1";3;48;2
"7779";"202100007779";11;"21:00";"5";"76";"2";"2";"1";1;49;1
"7780";"202100007780";11;"03:20";"5";"76";"2";"2";"2";1;49;1
"7781";"202100007781";11;"14:05";"1";"74";"2";"3";"8";6;45;6
"7782";"202100007782";11;"11:50";"1";"69";"1";"1";"8";1;45;4
"7783";"202100007783";11;"11:14";"1";"68";"2";"1";"1";3;47;7
"7784";"202100007784";11;"17:47";"5";"68";"2";"9";"1";3;48;7
"7785";"202100007785";11;"08:30";"2";"67";"2";"1";"8";4;48;7
"7786";"202100007786";11;"06:10";"5";"67";"2";"3";"1";3;48;7
"7787";"202100007787";11;"10:50";"1";"67";"2";"1";"7";6;48;7
"7788";"202100007788";11;"14:00";"1";"67";"2";"1";"1";6;48;7
"7789";"202100007789";11;"09:45";"1";"67";"2";"6";"1";3;48;7
"7790";"202100007790";11;"10:25";"1";"66";"2";"1";"1";6;42;2
"7791";"202100007791";11;"18:15";"5";"66";"2";"3";"1";3;42;2
"7792";"202100007792";11;"08:15";"1";"64";"2";"1";"2";2;43;-1
"7793";"202100007793";11;"18:20";"5";"64";"2";"1";"1";3;43;-1
"7794";"202100007794";11;"15:20";"1";"62";"2";"1";"1";6;50;2
"7795";"202100007795";11;"07:07";"3";"59";"2";"1";"1";6;50;3
"7796";"202100007796";11;"22:30";"5";"59";"2";"2";"1";6;50;3
"7797";"202100007797";11;"19:00";"2";"58";"2";"6";"1";3;46;3
"7798";"202100007798";11;"14:45";"1";"56";"2";"1";"1";2;47;-3
"7799";"202100007799";11;"09:30";"1";"56";"2";"6";"1";3;47;-3
"7800";"202100007800";11;"18:45";"5";"56";"2";"6";"1";1;47;-3
"7801";"202100007801";11;"01:12";"3";"54";"2";"1";"1";7;48;6
"7802";"202100007802";11;"09:28";"1";"54";"2";"2";"2";3;48;6
"7803";"202100007803";11;"19:15";"5";"54";"2";"6";"5";3;48;6
"7804";"202100007804";11;"11:32";"1";"54";"2";"1";"1";3;48;6
"7805";"202100007805";11;"11:40";"1";"54";"2";"1";"1";3;48;6
"7806";"202100007806";11;"10:45";"1";"54";"2";"2";"1";3;48;6
"7807";"202100007807";11;"06:30";"5";"53";"2";"1";"1";6;48;0
"7808";"202100007808";11;"14:00";"1";"50";"2";"6";"1";3;49;-1
"7809";"202100007809";11;"07:56";"2";"49";"2";"1";"1";3;47;0
"7810";"202100007810";11;"20:30";"3";"45";"1";"1";"2";1;47;1
"7811";"202100007811";11;"16:00";"1";"42";"2";"3";"3";6;45;4
"7812";"202100007812";11;"08:00";"1";"42";"1";"1";"7";4;45;4
"7813";"202100007813";11;"08:30";"1";"38";"2";"1";"8";6;45;4
"7814";"202100007814";11;"17:20";"2";"35";"2";"1";"1";3;48;-1
"7815";"202100007815";11;"17:15";"1";"35";"2";"9";"1";3;48;-1
"7816";"202100007816";11;"18:35";"3";"33";"2";"1";"1";4;44;0
"7817";"202100007817";11;"09:45";"1";"33";"2";"1";"1";6;44;0
"7818";"202100007818";11;"10:55";"1";"33";"2";"3";"1";3;44;0
"7819";"202100007819";11;"11:14";"1";"33";"2";"1";"1";1;44;0
"7820";"202100007820";11;"19:15";"5";"31";"2";"2";"2";3;43;1
"7821";"202100007821";11;"09:05";"1";"31";"2";"1";"8";6;43;1
"7822";"202100007822";11;"18:10";"5";"30";"2";"6";"1";2;44;4
"7823";"202100007823";10;"14:30";"1";"29";"2";"3";"1";3;48;-4
"7824";"202100007824";11;"17:05";"4";"27";"2";"2";"2";3;49;1
"7825";"202100007825";11;"14:55";"1";"27";"2";"1";"2";2;49;1
"7826";"202100007826";11;"08:40";"1";"27";"2";"1";"1";4;49;1
"7827";"202100007827";11;"18:30";"3";"22";"1";"9";"1";2;48;-2
"7828";"202100007828";11;"13:35";"1";"14";"2";"1";"1";6;49;0
"7829";"202100007829";11;"19:00";"5";"13";"2";"1";"1";3;43;5
"7830";"202100007830";11;"16:40";"2";"13";"2";"1";"1";3;43;5
"7831";"202100007831";10;"05:00";"5";"13";"2";"9";"1";1;43;5
"7832";"202100007832";11;"09:00";"2";"13";"2";"3";"2";3;43;5
"7833";"202100007833";11;"17:30";"1";"13";"2";"1";"1";3;43;5
"7834";"202100007834";11;"08:56";"2";"12";"2";"4";"1";6;44;2
"7835";"202100007835";11;"15:40";"1";"12";"2";"1";"7";3;44;3
"7836";"202100007836";11;"06:00";"5";"12";"2";"1";"1";3;44;2
"7837";"202100007837";11;"19:00";"5";"11";"2";"1";"2";2;43;2
"7838";"202100007838";11;"14:00";"1";"10";"2";"1";"8";2;48;4
"7839";"202100007839";11;"12:40";"1";"10";"1";"9";"2";3;48;4
"7840";"202100007840";11;"12:30";"1";"10";"2";"3";"1";3;48;4
"7841";"202100007841";11;"11:29";"1";"05";"2";"3";"8";3;44;6
"7842";"202100007842";11;"02:25";"3";"05";"2";"1";"1";6;44;6
"7843";"202100007843";11;"08:45";"1";"75";"2";"1";"8";3;48;2
"7844";"202100007844";11;"11:05";"1";"75";"2";"1";"1";2;48;2
"7845";"202100007845";11;"07:50";"1";"75";"2";"4";"1";3;48;2
"7846";"202100007846";11;"13:20";"1";"75";"2";"1";"1";5;48;2
"7847";"202100007847";11;"08:20";"1";"75";"2";"4";"1";6;48;2
"7848";"202100007848";11;"05:30";"5";"75";"2";"4";"1";3;48;2
"7849";"202100007849";11;"06:19";"5";"75";"2";"2";"1";3;48;2
"7850";"202100007850";11;"20:50";"5";"75";"2";"3";"2";3;48;2
"7851";"202100007851";11;"16:25";"2";"75";"2";"2";"8";3;48;2
"7852";"202100007852";11;"05:00";"5";"75";"2";"1";"1";3;48;2
"7853";"202100007853";11;"21:30";"5";"75";"2";"3";"1";6;48;2
"7854";"202100007854";11;"18:50";"5";"75";"2";"2";"1";2;48;2
"7855";"202100007855";11;"10:00";"1";"75";"2";"2";"8";6;48;2
"7856";"202100007856";11;"19:30";"5";"75";"2";"2";"2";2;48;2
"7857";"202100007857";11;"09:07";"1";"75";"2";"1";"1";3;48;2
"7858";"202100007858";11;"03:51";"5";"75";"2";"3";"1";6;48;2
"7859";"202100007859";11;"09:05";"1";"94";"2";"1";"1";1;48;2
"7860";"202100007860";11;"20:15";"5";"94";"2";"1";"1";2;48;2
"7861";"202100007861";11;"15:00";"1";"94";"2";"1";"1";3;48;2
"7862";"202100007862";11;"12:40";"1";"94";"2";"1";"1";6;48;2
"7863";"202100007863";11;"12:20";"1";"94";"1";"1";"8";2;48;2
"7864";"202100007864";11;"16:55";"2";"93";"2";"2";"1";6;48;2
"7865";"202100007865";11;"16:30";"1";"93";"2";"1";"8";3;48;2
"7866";"202100007866";11;"13:50";"1";"93";"2";"1";"1";6;48;2
"7867";"202100007867";11;"03:55";"5";"93";"2";"3";"2";6;48;2
"7868";"202100007868";11;"10:45";"1";"93";"2";"1";"1";2;48;2
"7869";"202100007869";11;"00:05";"5";"93";"2";"2";"2";3;48;2
"7870";"202100007870";11;"15:30";"1";"93";"2";"1";"1";6;48;2
"7871";"202100007871";11;"09:00";"1";"93";"2";"2";"1";3;48;2
"7872";"202100007872";11;"11:32";"1";"93";"2";"1";"1";3;48;2
"7873";"202100007873";11;"07:15";"1";"93";"2";"2";"1";3;48;2
"7874";"202100007874";11;"18:50";"5";"93";"2";"1";"1";6;48;2
"7875";"202100007875";11;"21:25";"5";"92";"2";"1";"2";6;48;2
"7876";"202100007876";11;"11:00";"1";"92";"2";"1";"1";3;48;2
"7877";"202100007877";11;"17:45";"5";"92";"2";"1";"2";2;48;2
"7878";"202100007878";11;"03:19";"5";"92";"2";"1";"1";7;48;2
"7879";"202100007879";11;"12:20";"2";"92";"2";"2";"1";6;48;2
"7880";"202100007880";11;"18:20";"3";"57";"1";"1";"1";5;49;6
"7881";"202100007881";11;"12:45";"1";"35";"1";"1";"8";7;48;-1
"7882";"202100007882";11;"17:30";"2";"41";"1";"1";"2";2;47;1
"7883";"202100007883";8;"15:35";"1";"17";"1";"2";"1";5;45;0
"7884";"202100007884";11;"12:00";"1";"84";"1";"1";"1";1;44;5
"7885";"202100007885";10;"17:00";"1";"68";"2";"1";"1";3;48;7
"7886";"202100007886";11;"19:28";"3";"974";"2";"3";"1";1;-21;55
"7887";"202100007887";10;"20:20";"3";"974";"1";"1";"1";3;-21;55
"7888";"202100007888";11;"08:20";"1";"41";"1";"1";"8";7;47;1
"7889";"202100007889";11;"19:09";"5";"01";"2";"1";"1";1;46;5
"7890";"202100007890";11;"07:18";"2";"01";"2";"6";"1";2;46;5
"7891";"202100007891";11;"05:45";"3";"65";"1";"1";"1";6;43;0
"7892";"202100007892";11;"22:17";"3";"23";"1";"1";"8";7;46;1
"7893";"202100007893";11;"19:00";"3";"95";"1";"1";"8";6;49;2
"7894";"202100007894";11;"18:25";"3";"32";"1";"4";"8";1;43;0
"7895";"202100007895";11;"11:20";"1";"89";"1";"1";"2";5;47;3
"7896";"202100007896";11;"19:10";"3";"42";"1";"2";"2";3;45;3
"7897";"202100007897";11;"01:00";"4";"46";"2";"9";"2";6;44;1
"7898";"202100007898";11;"01:45";"3";"86";"1";"1";"1";7;46;0
"7899";"202100007899";11;"16:25";"1";"68";"2";"2";"8";6;47;7
"7900";"202100007900";11;"07:00";"2";"44";"1";"1";"8";6;47;-1
"7901";"202100007901";9;"00:57";"3";"70";"1";"1";"1";1;47;6
"7902";"202100007902";11;"18:00";"5";"50";"2";"1";"1";6;49;-1
"7903";"202100007903";11;"21:30";"3";"36";"1";"1";"1";1;46;1
"7904";"202100007904";11;"17:40";"2";"27";"1";"3";"8";3;49;0
"7905";"202100007905";11;"08:15";"1";"27";"1";"1";"5";5;49;0
"7906";"202100007906";11;"06:45";"2";"27";"1";"9";"1";2;48;0
"7907";"202100007907";11;"20:55";"3";"17";"1";"1";"1";6;45;0
"7908";"202100007908";11;"15:00";"1";"978";"2";"1";"1";3;18;-63
"7909";"202100007909";11;"09:45";"1";"978";"1";"1";"1";7;18;-63
"7910";"202100007910";11;"08:10";"1";"01";"1";"1";"1";2;45;5
"7911";"202100007911";11;"09:20";"1";"971";"1";"1";"1";6;16;-61
"7912";"202100007912";11;"07:50";"2";"77";"1";"1";"5";1;48;2
"7913";"202100007913";11;"08:15";"2";"91";"2";"3";"2";6;48;2
"7914";"202100007914";11;"16:00";"1";"83";"1";"1";"1";3;43;6
"7915";"202100007915";11;"20:30";"5";"13";"2";"3";"1";3;43;4
"7916";"202100007916";11;"16:45";"1";"21";"1";"1";"5";6;47;5
"7917";"202100007917";11;"12:45";"1";"67";"1";"1";"8";7;48;7
"7918";"202100007918";11;"02:15";"5";"74";"2";"1";"1";7;45;6
"7919";"202100007919";11;"11:55";"1";"38";"1";"3";"1";3;45;5
"7920";"202100007920";11;"16:40";"1";"69";"1";"1";"1";3;45;4
"7921";"202100007921";11;"18:40";"3";"31";"1";"1";"1";6;43;1
"7922";"202100007922";11;"18:50";"4";"17";"2";"3";"1";3;45;-1
"7923";"202100007923";11;"18:00";"2";"64";"1";"1";"1";6;43;0
"7924";"202100007924";11;"19:00";"3";"85";"1";"1";"1";1;46;-1
"7925";"202100007925";11;"15:30";"1";"50";"1";"3";"7";6;49;-1
"7926";"202100007926";11;"16:30";"1";"76";"1";"1";"8";3;49;1
"7927";"202100007927";11;"14:05";"1";"80";"2";"3";"1";3;50;1
"7928";"202100007928";11;"17:10";"2";"80";"1";"1";"1";7;49;2
"7929";"202100007929";10;"13:15";"1";"59";"2";"1";"1";3;50;3
"7930";"202100007930";11;"19:45";"3";"13";"1";"1";"1";2;43;5
"7931";"202100007931";11;"18:15";"3";"13";"1";"1";"1";2;43;5
"7932";"202100007932";11;"22:30";"5";"13";"1";"1";"1";1;43;5
"7933";"202100007933";11;"12:35";"1";"83";"1";"1";"1";6;43;6
"7934";"202100007934";11;"18:50";"3";"83";"1";"1";"2";2;43;5
"7935";"202100007935";11;"17:40";"5";"69";"1";"1";"1";2;45;4
"7936";"202100007936";11;"10:20";"1";"69";"1";"1";"1";2;45;4
"7937";"202100007937";11;"20:25";"5";"33";"1";"9";"8";6;44;0
"7938";"202100007938";11;"07:50";"1";"33";"1";"1";"1";3;44;0
"7939";"202100007939";11;"03:30";"4";"33";"1";"1";"1";6;44;0
"7940";"202100007940";11;"19:15";"3";"91";"1";"1";"1";3;48;2
"7941";"202100007941";11;"18:40";"4";"94";"1";"1";"8";3;48;2
"7942";"202100007942";11;"14:25";"1";"94";"1";"1";"8";5;48;2
"7943";"202100007943";11;"14:43";"1";"91";"1";"1";"1";3;48;2
"7944";"202100007944";11;"15:45";"1";"78";"1";"9";"1";2;48;2
"7945";"202100007945";11;"10:00";"1";"92";"1";"1";"8";7;48;2
"7946";"202100007946";11;"20:50";"4";"93";"1";"1";"1";5;48;2
"7947";"202100007947";11;"18:00";"3";"93";"1";"1";"2";5;48;2
"7948";"202100007948";11;"12:20";"1";"93";"1";"1";"1";2;48;2
"7949";"202100007949";11;"09:50";"1";"93";"1";"1";"1";2;48;2
"7950";"202100007950";11;"19:40";"3";"77";"1";"1";"1";3;48;2
"7951";"202100007951";11;"17:30";"3";"77";"1";"1";"2";6;48;2
"7952";"202100007952";11;"16:30";"1";"94";"1";"1";"1";2;48;2
"7953";"202100007953";11;"14:30";"1";"77";"1";"1";"1";6;48;2
"7954";"202100007954";11;"11:00";"1";"94";"1";"1";"1";2;48;2
"7955";"202100007955";11;"09:30";"1";"77";"1";"1";"8";2;48;2
"7956";"202100007956";3;"01:07";"4";"78";"1";"1";"1";7;48;2
"7957";"202100007957";5;"15:15";"1";"38";"2";"1";"1";6;45;4
"7958";"202100007958";4;"16:15";"1";"38";"1";"1";"1";2;45;4
"7959";"202100007959";3;"12:15";"1";"38";"2";"1";"1";4;45;5
"7960";"202100007960";11;"16:00";"1";"94";"2";"1";"1";6;48;2
"7961";"202100007961";3;"17:50";"1";"73";"2";"1";"7";3;45;5
"7962";"202100007962";8;"10:00";"1";"40";"1";"2";"1";3;43;0
"7963";"202100007963";11;"19:00";"5";"974";"2";"3";"1";3;-20;55
"7964";"202100007964";11;"07:00";"1";"974";"1";"1";"1";6;-20;55
"7965";"202100007965";11;"18:30";"3";"973";"2";"1";"1";3;4;-52
"7966";"202100007966";11;"07:00";"1";"973";"2";"1";"2";3;4;-52
"7967";"202100007967";11;"16:50";"2";"69";"2";"1";"1";6;45;4
"7968";"202100007968";11;"12:35";"1";"69";"2";"1";"1";6;45;4
"7969";"202100007969";11;"15:45";"1";"972";"2";"1";"1";7;14;-61
"7970";"202100007970";11;"00:25";"5";"972";"2";"1";"2";6;14;-61
"7971";"202100007971";11;"21:13";"5";"69";"2";"7";"1";3;45;4
"7972";"202100007972";11;"20:30";"5";"69";"2";"2";"1";6;45;4
"7973";"202100007973";11;"10:20";"1";"2B";"2";"1";"1";1;42;9
"7974";"202100007974";11;"11:40";"1";"971";"2";"3";"1";3;16;-61
"7975";"202100007975";11;"12:30";"1";"971";"2";"1";"1";1;16;-61
"7976";"202100007976";11;"07:33";"1";"971";"2";"4";"1";3;16;-61
"7977";"202100007977";11;"13:50";"1";"95";"2";"1";"8";6;48;2
"7978";"202100007978";11;"06:10";"5";"95";"1";"6";"2";6;49;2
"7979";"202100007979";11;"12:05";"1";"95";"2";"1";"1";3;48;2
"7980";"202100007980";11;"08:15";"1";"91";"2";"4";"1";6;48;2
"7981";"202100007981";11;"17:20";"3";"91";"1";"1";"1";2;48;2
"7982";"202100007982";11;"16:10";"1";"91";"1";"1";"8";4;48;2
"7983";"202100007983";11;"19:15";"3";"91";"2";"1";"2";6;48;2
"7984";"202100007984";11;"01:20";"5";"91";"2";"9";"1";7;48;2
"7985";"202100007985";11;"11:54";"1";"88";"2";"1";"8";6;48;6
"7986";"202100007986";11;"08:38";"2";"87";"2";"2";"1";3;45;1
"7987";"202100007987";11;"16:50";"1";"87";"1";"1";"1";7;45;1
"7988";"202100007988";11;"19:00";"5";"78";"2";"9";"1";3;48;1
"7989";"202100007989";11;"07:40";"2";"77";"2";"3";"1";3;48;2
"7990";"202100007990";11;"13:28";"1";"76";"1";"1";"1";1;49;0
"7991";"202100007991";11;"17:21";"5";"76";"2";"2";"2";3;49;0
"7992";"202100007992";11;"18:10";"5";"76";"2";"3";"1";6;49;0
"7993";"202100007993";11;"13:25";"1";"76";"2";"1";"1";2;49;0
"7994";"202100007994";11;"12:15";"1";"74";"2";"3";"8";3;46;6
"7995";"202100007995";11;"20:10";"5";"71";"2";"1";"5";6;46;4
"7996";"202100007996";11;"15:32";"1";"71";"2";"2";"1";3;46;4
"7997";"202100007997";11;"13:30";"1";"69";"1";"4";"1";3;46;4
"7998";"202100007998";11;"08:05";"1";"69";"1";"1";"1";2;46;4
"7999";"202100007999";11;"00:00";"5";"67";"2";"1";"1";6;48;7
"8000";"202100008000";11;"11:14";"1";"66";"2";"3";"1";6;42;2
"8001";"202100008001";11;"22:33";"5";"66";"2";"3";"1";3;42;2
"8002";"202100008002";11;"18:50";"3";"64";"1";"1";"1";2;43;0
"8003";"202100008003";11;"20:50";"4";"64";"2";"1";"2";7;43;-1
"8004";"202100008004";11;"17:25";"2";"64";"2";"1";"1";6;43;-1
"8005";"202100008005";11;"16:38";"1";"63";"2";"3";"1";3;45;3
"8006";"202100008006";11;"14:12";"1";"63";"2";"1";"1";2;45;3
"8007";"202100008007";11;"09:51";"1";"63";"2";"1";"1";6;45;3
"8008";"202100008008";11;"20:12";"5";"54";"2";"1";"1";3;48;6
"8009";"202100008009";11;"08:00";"2";"54";"2";"2";"2";3;48;6
"8010";"202100008010";11;"18:20";"5";"54";"2";"1";"1";2;48;6
"8011";"202100008011";11;"15:13";"1";"51";"2";"2";"5";3;49;4
"8012";"202100008012";11;"13:52";"1";"51";"2";"1";"1";3;49;3
"8013";"202100008013";11;"19:40";"5";"49";"2";"6";"1";3;47;0
"8014";"202100008014";11;"17:56";"1";"49";"2";"1";"1";7;47;0
"8015";"202100008015";11;"19:17";"5";"49";"2";"1";"1";1;47;0
"8016";"202100008016";11;"16:58";"1";"47";"2";"1";"1";6;44;0
"8017";"202100008017";11;"17:36";"5";"44";"2";"2";"1";3;47;-2
"8018";"202100008018";11;"17:50";"3";"44";"1";"1";"1";7;47;-1
"8019";"202100008019";11;"20:50";"5";"42";"2";"2";"1";6;45;4
"8020";"202100008020";11;"18:00";"3";"38";"1";"1";"1";4;45;5
"8021";"202100008021";11;"12:35";"1";"38";"2";"1";"1";3;45;5
"8022";"202100008022";11;"17:00";"2";"37";"2";"1";"1";6;47;0
"8023";"202100008023";11;"08:10";"1";"37";"2";"1";"1";4;47;0
"8024";"202100008024";11;"19:10";"3";"35";"1";"1";"1";4;48;-1
"8025";"202100008025";11;"09:00";"1";"35";"1";"1";"1";2;48;-1
"8026";"202100008026";11;"11:15";"1";"33";"2";"6";"1";6;44;0
"8027";"202100008027";11;"02:45";"5";"33";"2";"1";"1";6;44;0
"8028";"202100008028";11;"09:00";"1";"33";"2";"1";"1";6;44;0
"8029";"202100008029";11;"19:10";"4";"31";"1";"1";"2";4;43;1
"8030";"202100008030";11;"13:15";"1";"31";"2";"7";"1";2;43;1
"8031";"202100008031";11;"11:10";"1";"31";"2";"1";"1";3;43;1
"8032";"202100008032";10;"11:55";"1";"30";"2";"1";"1";6;43;4
"8033";"202100008033";11;"13:45";"1";"29";"2";"2";"1";3;48;-4
"8034";"202100008034";11;"15:15";"1";"28";"2";"1";"1";1;48;1
"8035";"202100008035";11;"09:30";"1";"24";"2";"1";"1";2;44;0
"8036";"202100008036";11;"16:25";"1";"14";"2";"1";"1";2;49;0
"8037";"202100008037";11;"17:00";"2";"13";"2";"1";"2";1;43;5
"8038";"202100008038";11;"13:38";"1";"11";"2";"1";"1";6;43;2
"8039";"202100008039";11;"17:00";"2";"10";"1";"1";"1";2;48;3
"8040";"202100008040";11;"07:08";"2";"06";"2";"2";"2";3;43;7
"8041";"202100008041";11;"00:00";"5";"06";"2";"2";"1";3;43;7
"8042";"202100008042";11;"22:00";"5";"75";"2";"1";"1";3;48;2
"8043";"202100008043";11;"02:41";"5";"75";"2";"4";"2";6;48;2
"8044";"202100008044";11;"13:52";"1";"75";"2";"4";"8";2;48;2
"8045";"202100008045";11;"13:10";"1";"75";"2";"3";"2";3;48;2
"8046";"202100008046";11;"18:00";"5";"75";"2";"3";"1";6;48;2
"8047";"202100008047";11;"18:00";"5";"75";"2";"2";"2";7;48;2
"8048";"202100008048";11;"17:20";"2";"75";"2";"3";"2";6;48;2
"8049";"202100008049";11;"12:30";"1";"75";"2";"2";"1";3;48;2
"8050";"202100008050";10;"08:40";"1";"75";"2";"4";"1";3;48;2
"8051";"202100008051";11;"18:10";"5";"75";"2";"3";"2";6;48;2
"8052";"202100008052";11;"15:40";"1";"75";"2";"3";"2";6;48;2
"8053";"202100008053";11;"14:50";"1";"75";"2";"5";"2";3;48;2