"";"Num_Acc";"mois";"hrmn";"lum";"dep";"agg";"int";"atm";"col";"lat";"long"
"8054";"202100008054";11;"17:50";"5";"75";"2";"2";"2";3;48;2
"8055";"202100008055";11;"14:45";"1";"75";"2";"4";"8";3;48;2
"8056";"202100008056";11;"07:45";"1";"75";"2";"2";"1";6;48;2
"8057";"202100008057";11;"21:30";"5";"94";"2";"2";"1";3;48;2
"8058";"202100008058";11;"12:00";"1";"94";"2";"2";"8";3;48;2
"8059";"202100008059";11;"17:15";"5";"94";"2";"2";"2";6;48;2
"8060";"202100008060";11;"12:20";"1";"94";"2";"1";"1";3;48;2
"8061";"202100008061";11;"18:35";"5";"94";"2";"3";"2";6;48;2
"8062";"202100008062";11;"09:30";"1";"93";"2";"1";"1";3;48;2
"8063";"202100008063";11;"09:30";"1";"93";"2";"1";"1";4;48;2
"8064";"202100008064";11;"17:50";"5";"93";"2";"3";"1";3;48;2
"8065";"202100008065";11;"16:08";"1";"93";"2";"3";"1";6;48;2
"8066";"202100008066";11;"13:35";"1";"93";"2";"1";"1";1;48;2
"8067";"202100008067";11;"14:06";"1";"93";"2";"3";"2";3;48;2
"8068";"202100008068";11;"19:50";"5";"93";"2";"1";"2";6;48;2
"8069";"202100008069";11;"22:00";"5";"92";"2";"9";"1";2;48;2
"8070";"202100008070";11;"15:20";"1";"92";"2";"9";"1";2;48;2
"8071";"202100008071";11;"18:15";"5";"92";"2";"3";"2";7;48;2
"8072";"202100008072";11;"18:19";"5";"92";"2";"7";"2";3;48;2
"8073";"202100008073";11;"16:30";"1";"09";"1";"1";"1";7;43;1
"8074";"202100008074";11;"19:00";"3";"51";"1";"1";"1";3;49;3
"8075";"202100008075";11;"17:40";"3";"01";"2";"1";"2";2;45;4
"8076";"202100008076";11;"18:40";"3";"35";"1";"1";"1";1;48;-1
"8077";"202100008077";11;"17:10";"2";"91";"2";"9";"3";6;48;2
"8078";"202100008078";11;"06:45";"3";"19";"1";"1";"8";1;45;1
"8079";"202100008079";11;"15:00";"1";"56";"1";"1";"8";6;47;-2
"8080";"202100008080";10;"18:55";"2";"31";"2";"3";"1";3;43;1
"8081";"202100008081";11;"15:15";"1";"80";"1";"1";"2";1;50;1
"8082";"202100008082";11;"10:00";"1";"82";"2";"1";"1";6;43;0
"8083";"202100008083";11;"20:10";"3";"61";"1";"2";"1";3;48;0
"8084";"202100008084";11;"17:30";"3";"55";"1";"1";"5";1;49;5
"8085";"202100008085";11;"19:55";"3";"42";"2";"1";"2";3;45;4
"8086";"202100008086";11;"11:15";"1";"86";"1";"2";"1";3;46;0
"8087";"202100008087";11;"09:10";"1";"86";"1";"2";"8";3;46;0
"8088";"202100008088";11;"18:50";"3";"58";"1";"1";"1";1;46;3
"8089";"202100008089";11;"04:55";"3";"72";"1";"1";"1";2;47;0
"8090";"202100008090";11;"17:40";"3";"24";"1";"1";"1";1;45;0
"8091";"202100008091";10;"10:26";"1";"24";"1";"1";"7";6;45;1
"8092";"202100008092";11;"14:50";"1";"04";"2";"1";"1";7;43;5
"8093";"202100008093";11;"06:45";"3";"04";"1";"1";"1";6;43;5
"8094";"202100008094";11;"07:53";"1";"85";"1";"1";"8";6;46;0
"8095";"202100008095";11;"17:00";"1";"30";"1";"1";"8";3;43;4
"8096";"202100008096";11;"11:40";"1";"52";"1";"1";"8";7;47;5
"8097";"202100008097";11;"06:24";"3";"04";"1";"1";"1";2;44;5
"8098";"202100008098";11;"20:20";"5";"06";"2";"3";"2";3;43;7
"8099";"202100008099";11;"11:50";"1";"33";"2";"3";"1";3;44;0
"8100";"202100008100";11;"23:50";"3";"68";"1";"1";"1";6;47;7
"8101";"202100008101";11;"15:53";"1";"45";"1";"1";"1";2;48;1
"8102";"202100008102";11;"17:15";"1";"987";"1";"1";"1";3;-17;-149
"8103";"202100008103";11;"15:45";"1";"987";"1";"1";"1";1;-17;-149
"8104";"202100008104";11;"22:45";"3";"973";"1";"1";"2";1;5;-52
"8105";"202100008105";11;"00:50";"3";"971";"1";"1";"1";1;16;-61
"8106";"202100008106";11;"19:00";"3";"06";"2";"1";"1";3;43;7
"8107";"202100008107";11;"17:30";"2";"67";"1";"1";"1";5;48;7
"8108";"202100008108";11;"14:48";"1";"74";"1";"1";"1";3;46;6
"8109";"202100008109";11;"18:30";"3";"72";"1";"1";"1";6;47;0
"8110";"202100008110";11;"23:30";"3";"14";"1";"1";"1";6;49;0
"8111";"202100008111";11;"18:00";"3";"60";"1";"1";"1";6;49;2
"8112";"202100008112";11;"14:00";"1";"69";"1";"1";"1";7;45;4
"8113";"202100008113";11;"09:05";"1";"33";"1";"1";"1";5;44;0
"8114";"202100008114";11;"07:40";"3";"59";"1";"1";"2";6;50;3
"8115";"202100008115";11;"18:30";"3";"91";"1";"1";"2";7;48;2
"8116";"202100008116";11;"09:07";"1";"94";"1";"1";"1";4;48;2
"8117";"202100008117";11;"07:55";"2";"94";"1";"1";"1";3;48;2
"8118";"202100008118";11;"19:15";"5";"92";"1";"1";"1";2;48;2
"8119";"202100008119";11;"18:15";"3";"78";"1";"1";"2";3;48;2
"8120";"202100008120";11;"16:20";"1";"92";"1";"1";"1";6;48;2
"8121";"202100008121";11;"19:00";"5";"93";"1";"1";"2";3;48;2
"8122";"202100008122";11;"12:05";"1";"93";"1";"1";"1";3;48;2
"8123";"202100008123";11;"08:30";"2";"93";"1";"1";"5";5;48;2
"8124";"202100008124";11;"08:20";"1";"95";"1";"1";"5";7;49;2
"8125";"202100008125";11;"02:35";"3";"60";"1";"1";"5";1;49;2
"8126";"202100008126";11;"22:00";"3";"95";"1";"1";"1";2;48;2
"8127";"202100008127";11;"19:30";"3";"94";"1";"1";"2";4;48;2
"8128";"202100008128";11;"19:20";"2";"77";"1";"1";"2";6;48;2
"8129";"202100008129";11;"17:30";"3";"77";"1";"1";"1";6;48;2
"8130";"202100008130";11;"16:30";"3";"77";"1";"1";"1";6;48;2
"8131";"202100008131";11;"13:55";"1";"94";"1";"1";"1";3;48;2
"8132";"202100008132";11;"10:45";"1";"77";"1";"1";"1";6;48;2
"8133";"202100008133";11;"09:30";"1";"94";"1";"1";"1";6;48;2
"8134";"202100008134";11;"08:30";"1";"94";"1";"1";"1";3;48;2
"8135";"202100008135";11;"08:10";"1";"75";"1";"1";"1";2;48;2
"8136";"202100008136";11;"08:00";"1";"33";"2";"2";"1";3;44;0
"8137";"202100008137";11;"11:20";"1";"92";"2";"9";"1";6;48;2
"8138";"202100008138";8;"17:12";"1";"60";"1";"2";"1";3;49;2
"8139";"202100008139";11;"18:30";"5";"988";"2";"1";"1";6;-22;166
"8140";"202100008140";11;"17:21";"2";"65";"2";"6";"2";2;43;0
"8141";"202100008141";11;"07:45";"2";"35";"2";"2";"1";5;48;-1
"8142";"202100008142";11;"16:00";"1";"75";"2";"1";"1";3;48;2
"8143";"202100008143";11;"18:50";"5";"75";"2";"2";"1";3;48;2
"8144";"202100008144";11;"21:45";"5";"75";"2";"3";"1";3;48;2
"8145";"202100008145";11;"20:00";"5";"75";"2";"7";"1";2;48;2
"8146";"202100008146";11;"10:00";"1";"75";"2";"7";"8";3;48;2
"8147";"202100008147";11;"02:45";"5";"75";"2";"7";"2";6;48;2
"8148";"202100008148";11;"15:45";"1";"75";"2";"1";"1";7;48;2
"8149";"202100008149";11;"14:35";"1";"75";"2";"3";"1";6;48;2
"8150";"202100008150";11;"02:25";"5";"75";"2";"3";"1";2;48;2
"8151";"202100008151";11;"07:15";"5";"94";"2";"2";"2";3;48;2
"8152";"202100008152";11;"12:00";"1";"94";"2";"9";"1";6;48;2
"8153";"202100008153";11;"20:45";"5";"94";"2";"8";"2";6;48;2
"8154";"202100008154";11;"20:15";"5";"94";"2";"2";"1";3;48;2
"8155";"202100008155";11;"15:29";"1";"93";"2";"1";"1";2;48;2
"8156";"202100008156";11;"02:08";"5";"93";"2";"1";"1";3;48;2
"8157";"202100008157";11;"15:55";"1";"92";"2";"1";"8";7;48;2
"8158";"202100008158";11;"20:35";"5";"92";"2";"1";"1";3;48;2
"8159";"202100008159";11;"05:15";"2";"974";"1";"1";"1";7;-21;55
"8160";"202100008160";11;"14:50";"1";"38";"2";"1";"2";7;45;4
"8161";"202100008161";11;"21:25";"3";"38";"1";"3";"1";3;45;4
"8162";"202100008162";11;"17:10";"2";"28";"2";"1";"1";1;48;1
"8163";"202100008163";11;"11:50";"1";"83";"1";"1";"3";5;43;6
"8164";"202100008164";11;"09:30";"1";"46";"2";"1";"1";7;44;1
"8165";"202100008165";11;"16:20";"2";"01";"2";"1";"8";1;45;4
"8166";"202100008166";11;"16:40";"2";"01";"2";"1";"1";6;46;4
"8167";"202100008167";11;"08:00";"1";"30";"1";"1";"2";1;44;4
"8168";"202100008168";11;"22:20";"3";"83";"1";"1";"2";3;43;6
"8169";"202100008169";11;"18:00";"5";"77";"2";"2";"8";3;48;3
"8170";"202100008170";11;"19:40";"3";"62";"1";"1";"1";6;50;1
"8171";"202100008171";11;"16:20";"1";"51";"1";"1";"2";1;48;4
"8172";"202100008172";11;"19:00";"3";"51";"1";"1";"1";3;49;4
"8173";"202100008173";11;"12:30";"1";"76";"1";"4";"1";6;49;0
"8174";"202100008174";11;"02:25";"3";"82";"1";"1";"8";6;43;1
"8175";"202100008175";11;"17:15";"2";"71";"1";"1";"2";1;46;4
"8176";"202100008176";11;"10:25";"1";"71";"2";"1";"1";6;46;4
"8177";"202100008177";11;"19:45";"5";"63";"2";"6";"2";6;45;3
"8178";"202100008178";11;"17:10";"2";"63";"1";"2";"1";6;45;3
"8179";"202100008179";10;"18:40";"2";"61";"2";"1";"2";7;48;0
"8180";"202100008180";11;"09:10";"1";"55";"1";"1";"2";6;48;5
"8181";"202100008181";11;"14:10";"1";"49";"1";"1";"1";6;47;0
"8182";"202100008182";11;"20:45";"5";"42";"2";"1";"1";1;45;4
"8183";"202100008183";11;"09:05";"1";"47";"1";"2";"1";3;44;0
"8184";"202100008184";11;"11:30";"1";"41";"1";"3";"2";7;47;1
"8185";"202100008185";11;"18:50";"3";"34";"1";"1";"1";7;43;3
"8186";"202100008186";11;"19:20";"3";"68";"1";"1";"2";3;47;7
"8187";"202100008187";11;"16:30";"1";"38";"1";"1";"1";6;45;5
"8188";"202100008188";11;"07:55";"1";"02";"1";"1";"1";5;49;3
"8189";"202100008189";11;"18:20";"2";"15";"1";"1";"1";5;44;2
"8190";"202100008190";11;"07:15";"2";"01";"1";"2";"1";3;46;5
"8191";"202100008191";11;"11:30";"1";"50";"1";"1";"1";6;49;-1
"8192";"202100008192";11;"08:30";"1";"45";"1";"3";"8";1;48;2
"8193";"202100008193";11;"13:20";"1";"16";"1";"1";"1";7;45;0
"8194";"202100008194";11;"10:15";"1";"07";"1";"1";"1";7;44;4
"8195";"202100008195";11;"17:30";"2";"40";"1";"3";"1";2;43;-1
"8196";"202100008196";11;"19:10";"3";"24";"1";"2";"1";1;45;0
"8197";"202100008197";11;"16:55";"1";"17";"1";"1";"1";1;46;0
"8198";"202100008198";11;"13:40";"1";"30";"1";"1";"1";1;43;4
"8199";"202100008199";11;"08:00";"1";"48";"1";"3";"1";2;44;3
"8200";"202100008200";11;"20:40";"3";"987";"1";"1";"1";3;-17;-149
"8201";"202100008201";11;"05:30";"3";"42";"1";"1";"1";2;45;4
"8202";"202100008202";11;"12:15";"1";"82";"1";"2";"1";3;44;1
"8203";"202100008203";11;"08:00";"2";"49";"1";"1";"5";5;47;0
"8204";"202100008204";11;"08:30";"1";"38";"2";"1";"1";6;45;5
"8205";"202100008205";11;"17:00";"2";"77";"2";"2";"2";6;48;3
"8206";"202100008206";11;"06:45";"3";"95";"1";"1";"5";2;49;2
"8207";"202100008207";11;"14:40";"1";"34";"1";"1";"1";5;43;3
"8208";"202100008208";11;"12:15";"1";"13";"1";"1";"1";2;43;4
"8209";"202100008209";11;"16:20";"1";"69";"2";"1";"8";6;45;4
"8210";"202100008210";11;"12:20";"1";"33";"2";"1";"1";6;44;0
"8211";"202100008211";11;"17:15";"2";"50";"1";"1";"2";1;49;-1
"8212";"202100008212";11;"15:45";"1";"60";"1";"2";"1";3;49;2
"8213";"202100008213";11;"16:40";"1";"60";"1";"1";"5";1;49;2
"8214";"202100008214";11;"19:18";"3";"13";"1";"1";"2";5;43;5
"8215";"202100008215";11;"18:28";"3";"69";"1";"1";"1";2;45;4
"8216";"202100008216";11;"04:10";"5";"69";"1";"1";"2";4;45;4
"8217";"202100008217";11;"10:00";"1";"42";"1";"9";"8";6;45;4
"8218";"202100008218";11;"10:20";"1";"94";"1";"1";"1";7;48;2
"8219";"202100008219";11;"07:05";"3";"94";"1";"1";"2";6;48;2
"8220";"202100008220";11;"18:00";"3";"78";"1";"1";"1";4;48;2
"8221";"202100008221";11;"17:55";"3";"93";"1";"1";"1";2;48;2
"8222";"202100008222";11;"14:00";"1";"93";"1";"1";"1";2;48;2
"8223";"202100008223";11;"10:00";"1";"95";"1";"1";"1";6;49;2
"8224";"202100008224";11;"06:00";"3";"95";"1";"1";"2";4;49;2
"8225";"202100008225";11;"12:55";"1";"95";"1";"1";"2";2;49;2
"8226";"202100008226";11;"08:15";"2";"93";"1";"1";"2";6;48;2
"8227";"202100008227";11;"19:00";"3";"95";"1";"1";"1";2;49;2
"8228";"202100008228";11;"16:50";"2";"93";"1";"1";"2";2;48;2
"8229";"202100008229";11;"17:15";"2";"93";"1";"1";"1";4;48;2
"8230";"202100008230";11;"17:00";"3";"93";"1";"1";"2";3;48;2
"8231";"202100008231";11;"15:00";"1";"93";"1";"1";"2";4;48;2
"8232";"202100008232";11;"18:10";"5";"07";"2";"1";"1";6;44;4
"8233";"202100008233";11;"12:45";"1";"42";"2";"3";"1";1;45;4
"8234";"202100008234";11;"16:15";"1";"75";"2";"1";"1";2;48;2
"8235";"202100008235";11;"16:50";"2";"27";"2";"7";"1";6;49;1
"8236";"202100008236";11;"17:05";"2";"06";"2";"1";"1";6;43;7
"8237";"202100008237";8;"03:25";"5";"78";"2";"3";"1";7;48;2
"8238";"202100008238";10;"18:35";"5";"68";"2";"1";"1";6;47;7
"8239";"202100008239";11;"01:25";"5";"974";"2";"1";"1";6;-20;55
"8240";"202100008240";11;"23:40";"5";"69";"2";"1";"2";2;45;4
"8241";"202100008241";11;"22:40";"5";"69";"2";"2";"2";6;45;4
"8242";"202100008242";11;"18:00";"5";"972";"1";"1";"2";4;14;-61
"8243";"202100008243";11;"21:45";"5";"69";"2";"1";"2";7;45;4
"8244";"202100008244";11;"20:50";"5";"95";"2";"3";"2";3;48;2
"8245";"202100008245";11;"21:55";"5";"83";"2";"1";"1";3;43;5
"8246";"202100008246";11;"21:15";"3";"77";"1";"1";"1";6;48;2
"8247";"202100008247";11;"14:40";"1";"13";"2";"1";"1";3;43;5
"8248";"202100008248";11;"21:13";"5";"06";"2";"1";"1";6;43;7
"8249";"202100008249";8;"20:10";"1";"30";"2";"3";"1";3;44;4
"8250";"202100008250";11;"13:10";"1";"69";"2";"2";"1";3;45;4
"8251";"202100008251";11;"18:40";"5";"75";"2";"1";"1";4;48;2
"8252";"202100008252";11;"22:31";"5";"75";"2";"1";"1";3;48;2
"8253";"202100008253";11;"15:26";"1";"75";"2";"3";"1";3;48;2
"8254";"202100008254";11;"00:30";"5";"75";"2";"3";"1";6;48;2
"8255";"202100008255";11;"02:40";"5";"75";"2";"3";"8";6;48;2
"8256";"202100008256";11;"18:10";"5";"75";"2";"1";"1";6;48;2
"8257";"202100008257";11;"14:20";"1";"75";"2";"7";"2";5;48;2
"8258";"202100008258";11;"20:20";"5";"75";"2";"3";"9";5;48;2
"8259";"202100008259";11;"23:20";"5";"75";"2";"3";"1";3;48;2
"8260";"202100008260";11;"15:10";"1";"75";"2";"7";"2";3;48;2
"8261";"202100008261";11;"21:15";"5";"75";"2";"1";"1";2;48;2
"8262";"202100008262";11;"19:00";"5";"75";"2";"2";"1";6;48;2
"8263";"202100008263";11;"12:30";"1";"75";"2";"3";"2";6;48;2
"8264";"202100008264";11;"02:00";"5";"75";"2";"3";"1";3;48;2
"8265";"202100008265";11;"20:45";"5";"75";"2";"1";"1";5;48;2
"8266";"202100008266";11;"14:15";"1";"94";"2";"2";"1";6;48;2
"8267";"202100008267";11;"09:08";"1";"94";"2";"2";"2";3;48;2
"8268";"202100008268";11;"01:10";"5";"94";"2";"1";"1";7;48;2
"8269";"202100008269";11;"21:45";"5";"94";"2";"6";"1";7;48;2
"8270";"202100008270";11;"19:45";"5";"93";"2";"2";"9";3;48;2
"8271";"202100008271";11;"11:29";"1";"93";"2";"1";"2";3;48;2
"8272";"202100008272";11;"08:00";"1";"93";"2";"1";"2";5;48;2
"8273";"202100008273";11;"22:50";"3";"93";"1";"1";"1";7;48;2
"8274";"202100008274";11;"20:20";"5";"93";"2";"1";"2";1;48;2
"8275";"202100008275";11;"18:55";"4";"92";"2";"3";"1";3;48;2
"8276";"202100008276";11;"01:03";"5";"92";"2";"1";"1";2;48;2
"8277";"202100008277";11;"11:15";"1";"92";"2";"3";"1";3;48;2
"8278";"202100008278";11;"11:17";"1";"92";"2";"2";"8";6;48;2
"8279";"202100008279";11;"18:35";"5";"92";"2";"1";"1";6;48;2
"8280";"202100008280";11;"15:30";"1";"47";"1";"1";"1";6;44;0
"8281";"202100008281";11;"18:30";"5";"38";"2";"1";"1";6;45;4
"8282";"202100008282";9;"20:20";"3";"51";"1";"1";"1";7;49;3
"8283";"202100008283";10;"15:45";"1";"972";"1";"1";"1";1;14;-61
"8284";"202100008284";11;"06:20";"1";"972";"2";"1";"1";1;14;-61
"8285";"202100008285";11;"17:00";"1";"63";"1";"1";"8";7;46;2
"8286";"202100008286";11;"02:40";"3";"67";"2";"1";"5";6;48;7
"8287";"202100008287";11;"01:30";"3";"34";"1";"1";"1";2;43;3
"8288";"202100008288";11;"16:50";"1";"51";"1";"1";"8";7;48;3
"8289";"202100008289";11;"18:15";"3";"51";"1";"1";"1";2;48;4
"8290";"202100008290";11;"20:20";"5";"79";"2";"1";"1";7;46;0
"8291";"202100008291";11;"18:00";"4";"79";"2";"1";"1";7;46;0
"8292";"202100008292";11;"17:00";"1";"2A";"2";"1";"1";1;41;8
"8293";"202100008293";11;"11:20";"1";"32";"1";"1";"8";1;43;0
"8294";"202100008294";11;"21:35";"3";"42";"1";"1";"2";7;46;4
"8295";"202100008295";11;"12:50";"1";"42";"1";"1";"8";6;45;4
"8296";"202100008296";11;"14:45";"1";"86";"1";"1";"1";6;46;0
"8297";"202100008297";11;"12:00";"1";"29";"1";"1";"8";6;48;-4
"8298";"202100008298";11;"19:30";"3";"38";"1";"1";"1";5;45;5
"8299";"202100008299";11;"08:25";"1";"13";"1";"3";"1";1;43;4
"8300";"202100008300";11;"14:15";"1";"72";"2";"9";"2";3;48;0
"8301";"202100008301";11;"19:00";"3";"72";"2";"1";"2";1;47;0
"8302";"202100008302";11;"19:00";"3";"06";"2";"1";"1";6;43;7
"8303";"202100008303";11;"04:45";"5";"06";"2";"1";"1";6;43;7
"8304";"202100008304";11;"21:15";"3";"14";"1";"1";"2";6;49;0
"8305";"202100008305";11;"21:40";"3";"50";"1";"9";"1";6;49;-1
"8306";"202100008306";11;"15:20";"1";"50";"1";"1";"2";5;49;-1
"8307";"202100008307";11;"13:20";"1";"09";"1";"1";"3";6;42;1
"8308";"202100008308";11;"18:00";"2";"64";"1";"1";"1";2;43;0
"8309";"202100008309";11;"18:45";"3";"43";"1";"1";"9";7;45;3
"8310";"202100008310";11;"14:30";"1";"53";"1";"1";"1";7;48;0
"8311";"202100008311";11;"18:00";"3";"28";"1";"1";"1";4;48;0
"8312";"202100008312";11;"01:40";"4";"17";"1";"1";"1";7;45;0
"8313";"202100008313";11;"17:35";"2";"30";"1";"1";"1";2;43;4
"8314";"202100008314";11;"02:00";"3";"88";"1";"1";"5";6;48;5
"8315";"202100008315";11;"15:00";"1";"978";"2";"1";"1";7;18;-63
"8316";"202100008316";11;"06:25";"3";"72";"1";"1";"1";6;47;0
"8317";"202100008317";11;"01:45";"3";"34";"1";"1";"1";4;43;4
"8318";"202100008318";11;"17:55";"1";"988";"1";"1";"1";6;-21;165
"8319";"202100008319";11;"12:00";"1";"78";"1";"1";"2";1;48;1
"8320";"202100008320";11;"09:10";"1";"78";"1";"1";"2";6;48;1
"8321";"202100008321";11;"17:15";"3";"34";"1";"3";"1";3;43;4
"8322";"202100008322";11;"17:10";"2";"84";"1";"3";"8";4;43;5
"8323";"202100008323";11;"18:15";"3";"83";"1";"1";"1";1;43;6
"8324";"202100008324";11;"14:10";"1";"68";"2";"2";"1";3;47;7
"8325";"202100008325";11;"04:25";"3";"88";"1";"1";"2";6;48;5
"8326";"202100008326";11;"09:40";"1";"55";"2";"1";"8";6;49;5
"8327";"202100008327";11;"17:20";"3";"54";"1";"9";"2";3;48;6
"8328";"202100008328";11;"15:35";"1";"01";"2";"1";"2";7;45;4
"8329";"202100008329";11;"17:30";"2";"79";"1";"1";"2";6;46;0
"8330";"202100008330";11;"12:00";"1";"85";"1";"9";"1";2;46;-1
"8331";"202100008331";10;"04:00";"3";"44";"1";"1";"2";7;47;-2
"8332";"202100008332";11;"17:40";"2";"56";"2";"1";"1";3;47;-2
"8333";"202100008333";11;"23:30";"5";"60";"2";"1";"1";1;49;2
"8334";"202100008334";7;"01:30";"3";"59";"2";"1";"1";6;50;2
"8335";"202100008335";11;"18:00";"5";"13";"1";"1";"1";2;43;5
"8336";"202100008336";11;"02:47";"3";"67";"1";"1";"5";2;48;7
"8337";"202100008337";11;"14:20";"1";"33";"1";"1";"1";2;44;0
"8338";"202100008338";11;"08:40";"1";"91";"1";"1";"2";6;48;2
"8339";"202100008339";11;"06:50";"3";"91";"1";"1";"2";5;48;2
"8340";"202100008340";11;"22:50";"5";"94";"2";"9";"1";2;48;2
"8341";"202100008341";11;"08:50";"1";"92";"1";"1";"2";2;48;2
"8342";"202100008342";11;"01:05";"3";"95";"1";"1";"1";2;49;2
"8343";"202100008343";11;"23:40";"3";"94";"1";"1";"1";6;48;2
"8344";"202100008344";11;"18:30";"3";"974";"1";"1";"1";5;-20;55
"8345";"202100008345";11;"10:35";"1";"973";"2";"3";"1";3;4;-52
"8346";"202100008346";11;"16:10";"1";"91";"2";"9";"7";6;48;2
"8347";"202100008347";11;"01:30";"3";"91";"1";"1";"5";6;48;2
"8348";"202100008348";11;"07:45";"2";"72";"2";"9";"1";6;48;0
"8349";"202100008349";11;"14:50";"1";"57";"2";"1";"1";2;49;6
"8350";"202100008350";11;"18:48";"5";"49";"2";"1";"1";6;47;0
"8351";"202100008351";11;"17:50";"5";"37";"2";"1";"1";3;47;0
"8352";"202100008352";11;"15:30";"1";"34";"2";"1";"2";6;43;3
"8353";"202100008353";11;"07:43";"2";"33";"2";"3";"1";7;44;0
"8354";"202100008354";11;"04:30";"5";"31";"2";"1";"1";7;43;1
"8355";"202100008355";11;"05:00";"5";"13";"2";"1";"8";1;43;5
"8356";"202100008356";11;"15:35";"1";"11";"2";"1";"1";3;43;2
"8357";"202100008357";11;"13:20";"1";"06";"2";"1";"2";6;43;7
"8358";"202100008358";11;"17:40";"5";"75";"2";"1";"1";3;48;2
"8359";"202100008359";11;"07:36";"2";"75";"2";"1";"5";6;48;2
"8360";"202100008360";11;"13:17";"1";"75";"2";"2";"1";6;48;2
"8361";"202100008361";11;"07:45";"2";"75";"2";"1";"1";3;48;2
"8362";"202100008362";11;"21:00";"5";"75";"2";"2";"1";3;48;2
"8363";"202100008363";11;"17:55";"5";"75";"2";"2";"1";6;48;2
"8364";"202100008364";11;"11:00";"1";"75";"2";"3";"1";6;48;2
"8365";"202100008365";11;"18:25";"5";"75";"2";"2";"1";3;48;2
"8366";"202100008366";11;"17:30";"2";"75";"2";"3";"1";6;48;2
"8367";"202100008367";11;"12:50";"1";"75";"2";"2";"1";3;48;2
"8368";"202100008368";11;"16:06";"2";"75";"2";"2";"1";1;48;2
"8369";"202100008369";11;"19:45";"5";"75";"2";"3";"1";2;48;2
"8370";"202100008370";11;"12:05";"1";"75";"2";"2";"1";3;48;2
"8371";"202100008371";11;"18:30";"5";"75";"2";"4";"1";3;48;2
"8372";"202100008372";11;"19:00";"5";"94";"2";"2";"1";3;48;2
"8373";"202100008373";11;"16:10";"1";"93";"2";"6";"1";1;48;2
"8374";"202100008374";11;"16:35";"2";"93";"2";"1";"8";3;48;2
"8375";"202100008375";11;"14:30";"1";"93";"2";"2";"1";3;48;2
"8376";"202100008376";11;"17:30";"5";"93";"2";"1";"1";1;48;2
"8377";"202100008377";11;"22:05";"5";"93";"2";"2";"1";3;48;2
"8378";"202100008378";11;"17:25";"5";"93";"2";"1";"1";3;48;2
"8379";"202100008379";11;"12:45";"1";"92";"2";"3";"1";3;48;2
"8380";"202100008380";11;"14:35";"1";"92";"2";"3";"1";3;48;2
"8381";"202100008381";11;"17:15";"1";"92";"2";"2";"1";3;48;2
"8382";"202100008382";11;"20:25";"5";"92";"2";"1";"1";7;48;2
"8383";"202100008383";11;"17:35";"5";"92";"2";"1";"1";6;48;2
"8384";"202100008384";11;"07:00";"3";"35";"1";"1";"5";1;47;-1
"8385";"202100008385";11;"15:05";"1";"16";"1";"3";"1";3;46;0
"8386";"202100008386";10;"15:30";"1";"84";"2";"1";"1";3;44;5
"8387";"202100008387";11;"16:00";"1";"28";"1";"1";"1";3;48;1
"8388";"202100008388";11;"19:35";"3";"28";"1";"1";"1";1;48;1
"8389";"202100008389";11;"21:50";"3";"974";"1";"1";"1";6;-21;55
"8390";"202100008390";11;"01:15";"3";"50";"1";"1";"2";7;48;0
"8391";"202100008391";11;"01:30";"3";"61";"1";"1";"2";7;48;0
"8392";"202100008392";11;"18:35";"4";"34";"1";"9";"1";2;43;3
"8393";"202100008393";11;"20:30";"3";"61";"1";"1";"1";6;48;0
"8394";"202100008394";11;"14:30";"1";"55";"2";"1";"1";7;49;5
"8395";"202100008395";11;"21:15";"3";"12";"1";"1";"5";6;44;2
"8396";"202100008396";11;"11:40";"1";"01";"1";"2";"5";3;46;4
"8397";"202100008397";11;"13:15";"1";"06";"2";"1";"1";1;43;6
"8398";"202100008398";11;"16:00";"1";"50";"2";"1";"1";2;48;-1
"8399";"202100008399";11;"12:00";"1";"10";"1";"1";"1";6;48;4
"8400";"202100008400";11;"04:40";"3";"40";"1";"1";"5";1;43;0
"8401";"202100008401";11;"23:20";"5";"04";"2";"2";"1";3;44;6
"8402";"202100008402";11;"16:25";"1";"17";"1";"1";"1";6;45;0
"8403";"202100008403";11;"15:30";"1";"37";"2";"1";"1";7;47;0
"8404";"202100008404";11;"01:30";"3";"30";"1";"1";"1";2;44;4
"8405";"202100008405";11;"18:00";"2";"48";"1";"1";"1";1;44;3
"8406";"202100008406";11;"11:30";"1";"55";"1";"1";"2";2;49;5
"8407";"202100008407";11;"19:10";"5";"972";"1";"9";"1";3;14;-61
"8408";"202100008408";11;"01:00";"5";"45";"1";"1";"1";6;47;2
"8409";"202100008409";11;"16:20";"1";"78";"2";"2";"1";3;48;1
"8410";"202100008410";11;"23:20";"3";"48";"1";"1";"1";6;44;3
"8411";"202100008411";11;"18:55";"3";"11";"1";"1";"1";6;43;1
"8412";"202100008412";11;"09:18";"1";"34";"1";"3";"1";3;43;3
"8413";"202100008413";11;"08:30";"1";"83";"2";"1";"1";6;43;6
"8414";"202100008414";10;"16:30";"1";"13";"2";"9";"1";1;43;5
"8415";"202100008415";10;"14:00";"1";"13";"1";"3";"2";3;43;4
"8416";"202100008416";11;"22:32";"3";"73";"1";"4";"5";6;45;6
"8417";"202100008417";11;"18:20";"5";"38";"2";"2";"1";3;45;5
"8418";"202100008418";10;"11:20";"1";"07";"2";"4";"1";6;44;4
"8419";"202100008419";11;"11:15";"1";"69";"2";"7";"1";6;45;4