"";"Num_Acc";"mois";"hrmn";"lum";"dep";"agg";"int";"atm";"col";"lat";"long"
"8420";"202100008420";11;"08:45";"1";"81";"1";"1";"1";7;43;1
"8421";"202100008421";11;"14:20";"1";"19";"1";"1";"2";6;45;1
"8422";"202100008422";11;"18:00";"5";"27";"2";"2";"1";1;49;1
"8423";"202100008423";11;"07:47";"2";"60";"1";"1";"5";7;49;2
"8424";"202100008424";11;"11:45";"1";"60";"2";"1";"1";6;49;2
"8425";"202100008425";11;"10:30";"1";"60";"1";"1";"2";7;49;2
"8426";"202100008426";11;"01:50";"3";"02";"2";"1";"2";6;49;3
"8427";"202100008427";11;"16:00";"1";"62";"2";"6";"7";3;50;2
"8428";"202100008428";11;"17:00";"1";"13";"1";"1";"1";3;43;5
"8429";"202100008429";11;"18:41";"3";"13";"1";"1";"2";3;43;5
"8430";"202100008430";11;"18:05";"3";"69";"1";"1";"1";4;45;4
"8431";"202100008431";11;"03:50";"3";"95";"1";"1";"1";6;49;2
"8432";"202100008432";11;"10:45";"1";"93";"1";"1";"1";3;48;2
"8433";"202100008433";11;"06:10";"1";"974";"2";"1";"1";1;-21;55
"8434";"202100008434";11;"19:10";"5";"974";"2";"1";"1";6;-20;55
"8435";"202100008435";11;"16:35";"1";"974";"2";"1";"1";3;-20;55
"8436";"202100008436";11;"12:30";"1";"973";"2";"9";"1";6;4;-52
"8437";"202100008437";11;"17:40";"2";"69";"2";"2";"1";2;45;4
"8438";"202100008438";11;"07:15";"2";"69";"2";"4";"1";3;45;4
"8439";"202100008439";11;"10:30";"1";"972";"1";"1";"1";4;14;-61
"8440";"202100008440";11;"05:25";"2";"972";"1";"1";"1";6;14;-61
"8441";"202100008441";11;"16:10";"2";"2B";"2";"9";"2";3;42;9
"8442";"202100008442";11;"10:40";"1";"971";"1";"1";"1";2;16;-61
"8443";"202100008443";11;"23:39";"5";"971";"1";"1";"1";7;16;-61
"8444";"202100008444";11;"07:37";"1";"971";"1";"1";"1";3;16;-61
"8445";"202100008445";11;"11:30";"1";"91";"2";"1";"1";6;48;2
"8446";"202100008446";11;"08:40";"1";"83";"2";"1";"3";6;43;5
"8447";"202100008447";11;"18:50";"3";"83";"1";"9";"3";2;43;6
"8448";"202100008448";11;"14:44";"1";"80";"2";"1";"1";2;49;2
"8449";"202100008449";11;"08:35";"1";"78";"2";"1";"1";3;48;2
"8450";"202100008450";11;"12:10";"1";"78";"2";"2";"1";2;48;1
"8451";"202100008451";11;"09:10";"1";"78";"1";"1";"1";2;49;2
"8452";"202100008452";10;"07:50";"5";"77";"2";"8";"1";6;48;3
"8453";"202100008453";11;"23:15";"5";"76";"2";"1";"1";7;49;1
"8454";"202100008454";11;"13:40";"1";"71";"2";"2";"1";3;46;4
"8455";"202100008455";11;"16:40";"1";"71";"2";"6";"1";3;46;4
"8456";"202100008456";11;"14:00";"1";"69";"1";"6";"1";3;45;4
"8457";"202100008457";11;"14:59";"1";"68";"2";"3";"1";1;47;7
"8458";"202100008458";11;"04:50";"5";"64";"2";"1";"1";6;43;-1
"8459";"202100008459";11;"15:00";"1";"64";"2";"9";"1";3;43;-1
"8460";"202100008460";11;"01:50";"5";"59";"2";"1";"2";2;50;3
"8461";"202100008461";10;"04:15";"5";"59";"2";"3";"1";1;50;3
"8462";"202100008462";11;"19:37";"5";"59";"2";"1";"1";6;50;3
"8463";"202100008463";11;"19:35";"5";"57";"2";"2";"1";3;49;6
"8464";"202100008464";11;"11:25";"1";"54";"2";"2";"1";1;48;6
"8465";"202100008465";11;"19:25";"5";"54";"2";"1";"1";2;48;6
"8466";"202100008466";11;"18:35";"5";"54";"2";"2";"1";3;48;6
"8467";"202100008467";11;"13:00";"1";"50";"2";"1";"1";3;49;-1
"8468";"202100008468";11;"13:50";"1";"45";"2";"1";"1";3;47;1
"8469";"202100008469";11;"12:30";"1";"44";"2";"1";"1";3;47;-1
"8470";"202100008470";11;"18:10";"5";"44";"2";"6";"1";3;47;-1
"8471";"202100008471";11;"16:10";"1";"44";"2";"1";"1";3;47;-1
"8472";"202100008472";11;"15:10";"1";"37";"2";"1";"1";7;47;0
"8473";"202100008473";11;"22:50";"5";"35";"2";"3";"1";3;48;-1
"8474";"202100008474";11;"18:30";"3";"35";"1";"1";"1";2;48;-1
"8475";"202100008475";11;"19:25";"5";"35";"2";"6";"1";7;48;-1
"8476";"202100008476";11;"16:40";"1";"35";"2";"6";"1";3;48;-1
"8477";"202100008477";11;"13:30";"1";"35";"2";"9";"1";3;48;-1
"8478";"202100008478";11;"10:25";"1";"35";"2";"1";"7";2;48;-1
"8479";"202100008479";11;"21:40";"5";"33";"2";"2";"1";3;44;0
"8480";"202100008480";11;"13:10";"1";"33";"2";"1";"1";3;44;0
"8481";"202100008481";11;"10:30";"1";"31";"2";"1";"8";3;43;1
"8482";"202100008482";11;"18:50";"4";"31";"2";"1";"2";1;43;1
"8483";"202100008483";11;"12:08";"1";"31";"2";"6";"1";3;43;1
"8484";"202100008484";11;"08:47";"2";"31";"1";"3";"1";3;43;0
"8485";"202100008485";10;"23:00";"3";"30";"1";"1";"1";2;43;4
"8486";"202100008486";11;"16:00";"1";"29";"2";"1";"1";2;47;-4
"8487";"202100008487";11;"17:50";"3";"29";"2";"1";"2";2;47;-4
"8488";"202100008488";11;"17:15";"3";"25";"1";"1";"1";3;46;6
"8489";"202100008489";11;"06:55";"5";"21";"2";"1";"1";6;47;5
"8490";"202100008490";11;"17:15";"1";"17";"2";"3";"1";3;45;-1
"8491";"202100008491";11;"20:16";"5";"17";"2";"1";"1";6;46;-1
"8492";"202100008492";11;"06:10";"5";"13";"2";"1";"1";1;43;5
"8493";"202100008493";11;"16:15";"1";"13";"2";"7";"1";1;43;5
"8494";"202100008494";11;"21:30";"3";"13";"2";"1";"2";1;43;5
"8495";"202100008495";11;"18:59";"5";"10";"2";"1";"1";6;48;4
"8496";"202100008496";11;"13:30";"1";"06";"1";"1";"1";2;43;7
"8497";"202100008497";11;"08:08";"1";"75";"2";"1";"1";6;48;2
"8498";"202100008498";11;"12:00";"1";"75";"2";"7";"7";6;48;2
"8499";"202100008499";11;"13:10";"1";"75";"2";"7";"1";6;48;2
"8500";"202100008500";11;"19:00";"5";"75";"2";"2";"1";6;48;2
"8501";"202100008501";11;"02:30";"5";"75";"2";"2";"1";6;48;2
"8502";"202100008502";11;"08:14";"1";"75";"2";"5";"1";3;48;2
"8503";"202100008503";11;"02:20";"5";"75";"2";"2";"1";1;48;2
"8504";"202100008504";11;"18:10";"5";"75";"2";"3";"1";3;48;2
"8505";"202100008505";11;"03:00";"5";"75";"2";"3";"5";6;48;2
"8506";"202100008506";11;"23:05";"5";"75";"2";"1";"1";6;48;2
"8507";"202100008507";11;"17:47";"5";"94";"2";"1";"1";3;48;2
"8508";"202100008508";11;"13:10";"1";"94";"2";"1";"1";2;48;2
"8509";"202100008509";11;"18:05";"5";"93";"2";"1";"1";2;48;2
"8510";"202100008510";11;"17:50";"2";"93";"2";"1";"1";2;48;2
"8511";"202100008511";11;"19:20";"5";"93";"2";"9";"1";3;48;2
"8512";"202100008512";11;"07:54";"1";"93";"2";"1";"5";2;48;2
"8513";"202100008513";11;"18:36";"5";"92";"2";"3";"1";3;48;2
"8514";"202100008514";11;"16:05";"1";"92";"2";"1";"1";2;48;2
"8515";"202100008515";11;"11:10";"1";"92";"2";"6";"1";5;48;2
"8516";"202100008516";11;"14:50";"1";"92";"2";"1";"1";2;48;2
"8517";"202100008517";11;"06:50";"5";"92";"2";"1";"1";6;48;2
"8518";"202100008518";11;"17:20";"3";"57";"1";"1";"5";3;48;7
"8519";"202100008519";11;"08:30";"1";"13";"2";"1";"2";3;43;4
"8520";"202100008520";11;"19:45";"5";"68";"2";"1";"1";2;48;7
"8521";"202100008521";11;"17:55";"5";"28";"2";"1";"1";1;48;1
"8522";"202100008522";11;"09:10";"1";"63";"1";"1";"5";1;46;3
"8523";"202100008523";11;"11:50";"1";"22";"1";"1";"2";2;48;-3
"8524";"202100008524";11;"16:45";"1";"26";"2";"9";"1";1;45;4
"8525";"202100008525";11;"07:30";"2";"41";"1";"1";"5";1;47;1
"8526";"202100008526";11;"19:00";"3";"40";"1";"1";"1";6;44;0
"8527";"202100008527";11;"22:00";"3";"51";"1";"1";"5";7;48;4
"8528";"202100008528";11;"15:50";"1";"56";"1";"1";"1";6;48;-3
"8529";"202100008529";11;"19:58";"3";"67";"1";"1";"2";7;48;7
"8530";"202100008530";11;"21:50";"3";"33";"1";"2";"5";6;45;0
"8531";"202100008531";11;"18:00";"2";"49";"1";"1";"1";6;47;-1
"8532";"202100008532";11;"20:45";"3";"12";"1";"1";"2";1;44;2
"8533";"202100008533";11;"10:15";"1";"42";"2";"1";"1";6;45;4
"8534";"202100008534";11;"08:30";"1";"47";"1";"1";"5";3;44;0
"8535";"202100008535";10;"00:30";"3";"41";"1";"1";"1";6;47;1
"8536";"202100008536";11;"09:00";"1";"41";"1";"2";"1";3;47;1
"8537";"202100008537";11;"20:05";"3";"44";"1";"1";"1";6;47;-1
"8538";"202100008538";11;"16:30";"1";"29";"1";"6";"1";2;47;-4
"8539";"202100008539";11;"07:30";"3";"02";"1";"1";"5";1;49;3
"8540";"202100008540";11;"00:14";"3";"01";"2";"6";"1";6;46;4
"8541";"202100008541";11;"11:30";"1";"58";"2";"1";"1";3;46;3
"8542";"202100008542";11;"18:45";"2";"72";"2";"6";"2";6;47;0
"8543";"202100008543";11;"18:00";"3";"50";"1";"1";"1";6;49;-1
"8544";"202100008544";11;"01:45";"3";"40";"1";"1";"5";5;43;0
"8545";"202100008545";11;"11:37";"1";"04";"1";"1";"2";1;43;5
"8546";"202100008546";11;"17:00";"1";"37";"2";"1";"1";1;47;0
"8547";"202100008547";11;"14:45";"1";"52";"2";"1";"1";6;48;5
"8548";"202100008548";11;"11:20";"1";"88";"1";"1";"1";2;48;5
"8549";"202100008549";11;"18:20";"3";"72";"1";"1";"1";4;48;0
"8550";"202100008550";11;"19:25";"3";"24";"1";"1";"1";6;44;1
"8551";"202100008551";11;"13:30";"1";"976";"2";"1";"1";6;-12;45
"8552";"202100008552";11;"06:20";"2";"77";"1";"1";"5";1;48;2
"8553";"202100008553";11;"20:45";"3";"66";"1";"1";"2";1;42;3
"8554";"202100008554";11;"07:45";"1";"84";"1";"1";"1";2;43;5
"8555";"202100008555";11;"20:29";"3";"83";"1";"1";"8";6;43;5
"8556";"202100008556";11;"16:00";"1";"05";"1";"1";"1";7;44;5
"8557";"202100008557";11;"16:00";"1";"05";"1";"3";"1";1;44;5
"8558";"202100008558";11;"08:00";"2";"68";"2";"1";"8";2;48;7
"8559";"202100008559";11;"10:55";"1";"67";"1";"3";"5";1;48;7
"8560";"202100008560";11;"17:30";"5";"57";"2";"9";"5";1;49;6
"8561";"202100008561";11;"20:20";"3";"26";"1";"1";"1";1;44;4
"8562";"202100008562";10;"06:55";"5";"26";"1";"3";"1";3;45;5
"8563";"202100008563";11;"17:15";"2";"07";"2";"3";"1";3;44;4
"8564";"202100008564";11;"01:45";"4";"01";"1";"1";"1";7;45;5
"8565";"202100008565";11;"15:00";"1";"69";"1";"1";"1";7;45;4
"8566";"202100008566";11;"19:30";"3";"81";"2";"1";"5";1;43;2
"8567";"202100008567";11;"16:30";"1";"87";"1";"1";"1";6;45;1
"8568";"202100008568";11;"16:25";"1";"86";"1";"1";"1";1;46;0
"8569";"202100008569";11;"21:15";"3";"85";"2";"1";"1";1;46;0
"8570";"202100008570";11;"10:30";"1";"29";"2";"6";"1";2;47;-4
"8571";"202100008571";11;"17:20";"3";"27";"1";"1";"1";7;49;1
"8572";"202100008572";10;"18:00";"2";"27";"1";"1";"1";7;49;1
"8573";"202100008573";11;"19:45";"3";"60";"1";"6";"1";6;49;2
"8574";"202100008574";11;"15:00";"1";"13";"1";"1";"1";3;43;5
"8575";"202100008575";11;"00:00";"3";"13";"1";"1";"2";2;43;5
"8576";"202100008576";11;"14:06";"1";"13";"1";"1";"1";2;43;5
"8577";"202100008577";11;"09:00";"1";"69";"1";"1";"1";4;45;4
"8578";"202100008578";11;"13:30";"1";"91";"1";"1";"1";7;48;2
"8579";"202100008579";11;"13:33";"1";"91";"1";"9";"1";6;48;2
"8580";"202100008580";11;"18:55";"3";"92";"1";"1";"1";4;48;2
"8581";"202100008581";11;"20:00";"3";"95";"1";"1";"1";4;48;2
"8582";"202100008582";11;"12:40";"1";"95";"1";"1";"1";2;48;2
"8583";"202100008583";11;"06:45";"3";"95";"1";"1";"5";6;49;2
"8584";"202100008584";11;"16:45";"1";"95";"1";"1";"1";4;49;2
"8585";"202100008585";11;"21:00";"3";"94";"1";"1";"1";2;48;2
"8586";"202100008586";11;"16:45";"1";"77";"1";"1";"1";3;48;2
"8587";"202100008587";11;"20:40";"5";"75";"2";"1";"1";2;48;2
"8588";"202100008588";11;"17:40";"2";"75";"2";"1";"1";4;48;2
"8589";"202100008589";11;"07:15";"2";"75";"2";"1";"1";3;48;2
"8590";"202100008590";11;"19:10";"2";"75";"2";"1";"1";2;48;2
"8591";"202100008591";11;"09:00";"1";"75";"2";"1";"1";7;48;2
"8592";"202100008592";11;"00:50";"5";"75";"2";"7";"1";6;48;2
"8593";"202100008593";11;"15:30";"1";"75";"2";"3";"1";6;48;2
"8594";"202100008594";11;"10:50";"1";"75";"2";"1";"1";6;48;2
"8595";"202100008595";11;"15:00";"1";"75";"2";"5";"1";6;48;2
"8596";"202100008596";11;"20:55";"5";"75";"2";"1";"1";6;48;2
"8597";"202100008597";11;"08:35";"1";"75";"2";"2";"1";7;48;2
"8598";"202100008598";11;"22:30";"5";"75";"2";"2";"1";3;48;2
"8599";"202100008599";11;"17:30";"2";"75";"2";"2";"1";6;48;2
"8600";"202100008600";11;"15:57";"1";"75";"2";"2";"1";6;48;2
"8601";"202100008601";11;"09:45";"1";"75";"2";"1";"1";7;48;2
"8602";"202100008602";11;"20:50";"5";"75";"2";"2";"1";6;48;2
"8603";"202100008603";11;"21:45";"5";"75";"2";"1";"1";3;48;2
"8604";"202100008604";11;"14:10";"1";"75";"2";"7";"1";6;48;2
"8605";"202100008605";11;"10:00";"1";"75";"2";"4";"1";3;48;2
"8606";"202100008606";11;"15:00";"1";"75";"2";"2";"1";7;48;2
"8607";"202100008607";11;"08:00";"2";"75";"2";"3";"1";3;48;2
"8608";"202100008608";11;"14:40";"1";"94";"2";"1";"1";6;48;2
"8609";"202100008609";11;"07:35";"1";"94";"2";"2";"1";3;48;2
"8610";"202100008610";11;"17:45";"5";"94";"2";"2";"1";6;48;2
"8611";"202100008611";11;"08:30";"5";"94";"2";"1";"1";2;48;2
"8612";"202100008612";11;"15:30";"1";"94";"2";"9";"8";3;48;2
"8613";"202100008613";11;"18:40";"4";"94";"2";"1";"5";6;48;2
"8614";"202100008614";11;"17:00";"1";"93";"2";"3";"1";3;48;2
"8615";"202100008615";11;"07:47";"1";"93";"2";"1";"1";6;48;2
"8616";"202100008616";11;"22:52";"5";"93";"2";"2";"1";3;48;2
"8617";"202100008617";11;"14:40";"1";"93";"2";"1";"1";3;48;2
"8618";"202100008618";11;"18:00";"5";"93";"2";"9";"1";3;48;2
"8619";"202100008619";11;"23:03";"5";"92";"2";"1";"1";7;48;2
"8620";"202100008620";11;"08:12";"2";"92";"2";"6";"1";6;48;2
"8621";"202100008621";11;"19:30";"5";"92";"2";"2";"1";6;48;2
"8622";"202100008622";11;"17:15";"2";"92";"2";"5";"1";5;48;2
"8623";"202100008623";11;"17:00";"5";"92";"2";"2";"1";3;48;2
"8624";"202100008624";11;"18:35";"5";"92";"2";"1";"1";6;48;2
"8625";"202100008625";11;"17:30";"2";"92";"2";"1";"1";7;48;2
"8626";"202100008626";11;"17:10";"1";"92";"2";"1";"1";5;48;2
"8627";"202100008627";11;"08:20";"2";"92";"2";"3";"1";1;48;2
"8628";"202100008628";11;"18:25";"5";"41";"2";"1";"1";3;47;1
"8629";"202100008629";11;"18:20";"3";"62";"1";"1";"1";1;50;2
"8630";"202100008630";11;"14:30";"1";"58";"2";"1";"1";7;47;3
"8631";"202100008631";11;"11:45";"1";"62";"2";"1";"1";7;50;1
"8632";"202100008632";11;"20:55";"3";"51";"1";"1";"5";3;49;3
"8633";"202100008633";11;"07:30";"3";"56";"1";"1";"5";6;48;-2
"8634";"202100008634";11;"09:30";"1";"56";"1";"2";"1";3;47;-3
"8635";"202100008635";11;"14:15";"1";"2B";"2";"1";"1";3;42;9
"8636";"202100008636";11;"10:10";"1";"49";"2";"1";"1";6;47;0
"8637";"202100008637";11;"06:50";"5";"49";"2";"1";"5";6;47;0
"8638";"202100008638";11;"18:00";"3";"12";"1";"1";"1";6;44;2
"8639";"202100008639";11;"21:10";"5";"68";"2";"3";"1";3;47;7
"8640";"202100008640";11;"12:00";"1";"29";"1";"1";"1";7;48;-3
"8641";"202100008641";11;"20:25";"3";"03";"1";"1";"1";2;46;2
"8642";"202100008642";11;"07:00";"2";"72";"1";"1";"1";6;48;0
"8643";"202100008643";11;"16:50";"1";"64";"1";"1";"1";1;43;0
"8644";"202100008644";11;"19:30";"3";"85";"1";"1";"1";1;46;0
"8645";"202100008645";11;"14:00";"1";"28";"1";"1";"1";7;48;1
"8646";"202100008646";11;"22:30";"3";"30";"1";"1";"2";6;43;4
"8647";"202100008647";11;"13:10";"1";"30";"1";"1";"1";1;43;4
"8648";"202100008648";11;"15:30";"1";"30";"1";"3";"1";3;43;4
"8649";"202100008649";11;"22:35";"3";"52";"1";"1";"5";1;48;5
"8650";"202100008650";11;"20:50";"3";"76";"1";"1";"8";7;49;0
"8651";"202100008651";11;"10:20";"1";"18";"1";"1";"1";3;46;2
"8652";"202100008652";11;"04:40";"3";"38";"1";"1";"1";7;45;5
"8653";"202100008653";11;"17:50";"3";"13";"1";"1";"1";2;43;5
"8654";"202100008654";11;"22:30";"5";"988";"2";"2";"1";1;-21;165
"8655";"202100008655";11;"05:10";"1";"974";"2";"1";"1";1;-21;55
"8656";"202100008656";11;"19:05";"3";"45";"2";"4";"5";3;47;2
"8657";"202100008657";11;"10:10";"1";"34";"1";"1";"1";6;43;3
"8658";"202100008658";11;"08:35";"1";"89";"2";"1";"5";3;47;3
"8659";"202100008659";11;"15:55";"1";"89";"2";"1";"1";1;47;3
"8660";"202100008660";11;"05:06";"3";"55";"1";"1";"9";7;49;5
"8661";"202100008661";11;"16:20";"2";"69";"2";"3";"1";1;46;4
"8662";"202100008662";11;"08:30";"1";"13";"1";"1";"3";2;43;5
"8663";"202100008663";11;"11:50";"1";"83";"1";"1";"2";4;43;5
"8664";"202100008664";11;"04:00";"3";"33";"1";"1";"2";6;44;0
"8665";"202100008665";11;"19:45";"5";"59";"1";"1";"1";2;50;3
"8666";"202100008666";11;"20:35";"4";"91";"1";"1";"5";7;48;2
"8667";"202100008667";11;"20:20";"4";"92";"1";"1";"5";4;48;2
"8668";"202100008668";11;"15:25";"1";"92";"1";"1";"1";2;48;2
"8669";"202100008669";11;"08:40";"2";"77";"1";"1";"1";6;48;2
"8670";"202100008670";11;"06:40";"3";"94";"1";"1";"1";3;48;2
"8671";"202100008671";9;"21:10";"5";"77";"2";"1";"1";1;48;2
"8672";"202100008672";8;"14:10";"1";"30";"2";"9";"1";1;44;4
"8673";"202100008673";8;"18:45";"1";"75";"2";"1";"1";6;48;2
"8674";"202100008674";11;"18:30";"3";"974";"1";"1";"1";1;-20;55
"8675";"202100008675";11;"18:55";"5";"973";"2";"1";"1";3;4;-52
"8676";"202100008676";11;"12:28";"1";"973";"1";"6";"1";3;4;-52
"8677";"202100008677";11;"07:25";"1";"973";"2";"1";"1";3;4;-52
"8678";"202100008678";11;"17:05";"2";"69";"2";"2";"1";3;45;4
"8679";"202100008679";11;"16:55";"1";"69";"2";"9";"1";6;45;4
"8680";"202100008680";11;"13:55";"1";"69";"2";"2";"1";3;45;4
"8681";"202100008681";11;"12:00";"1";"69";"2";"2";"1";3;45;4
"8682";"202100008682";11;"17:20";"2";"69";"2";"9";"1";4;45;4
"8683";"202100008683";11;"15:40";"1";"69";"2";"1";"1";6;45;4
"8684";"202100008684";11;"12:30";"1";"69";"2";"1";"1";4;45;4
"8685";"202100008685";11;"11:30";"1";"69";"2";"1";"1";3;45;4
"8686";"202100008686";11;"19:20";"3";"69";"2";"1";"1";3;45;4
"8687";"202100008687";11;"20:50";"5";"95";"2";"1";"1";1;48;2
"8688";"202100008688";11;"19:45";"5";"91";"2";"1";"1";5;48;2
"8689";"202100008689";11;"14:07";"1";"87";"2";"1";"1";3;45;1
"8690";"202100008690";11;"08:25";"1";"30";"1";"9";"1";3;43;4
"8691";"202100008691";11;"05:25";"5";"84";"1";"3";"1";7;43;4
"8692";"202100008692";11;"05:50";"3";"84";"2";"1";"1";1;43;4
"8693";"202100008693";11;"18:10";"5";"80";"2";"1";"1";6;49;2
"8694";"202100008694";11;"07:22";"2";"79";"1";"6";"1";2;47;0
"8695";"202100008695";11;"19:20";"5";"78";"2";"6";"1";3;48;2
"8696";"202100008696";11;"07:06";"5";"78";"2";"1";"2";6;49;1
"8697";"202100008697";11;"10:15";"1";"77";"2";"1";"8";6;48;2
"8698";"202100008698";11;"12:10";"1";"77";"1";"1";"8";6;48;2
"8699";"202100008699";11;"08:08";"1";"77";"2";"8";"5";6;48;2
"8700";"202100008700";11;"20:50";"5";"76";"2";"2";"1";3;49;0
"8701";"202100008701";11;"03:55";"5";"72";"2";"9";"1";6;47;0
"8702";"202100008702";11;"15:30";"1";"69";"2";"1";"1";1;45;4
"8703";"202100008703";11;"08:55";"1";"69";"2";"9";"1";3;45;4
"8704";"202100008704";11;"14:30";"1";"67";"2";"3";"2";6;48;7
"8705";"202100008705";11;"14:12";"1";"67";"2";"1";"1";3;48;7
"8706";"202100008706";11;"19:15";"5";"67";"2";"3";"1";5;48;7
"8707";"202100008707";11;"14:48";"1";"66";"1";"1";"1";2;42;2
"8708";"202100008708";11;"16:55";"1";"64";"2";"3";"1";2;43;0
"8709";"202100008709";11;"22:06";"5";"63";"2";"1";"1";1;45;3
"8710";"202100008710";11;"12:51";"1";"63";"2";"3";"1";3;45;3
"8711";"202100008711";11;"08:57";"1";"63";"2";"6";"1";3;45;3
"8712";"202100008712";11;"21:02";"5";"63";"2";"1";"1";3;45;3
"8713";"202100008713";11;"07:40";"1";"62";"2";"6";"1";3;50;2
"8714";"202100008714";11;"13:20";"1";"61";"1";"1";"1";7;48;0
"8715";"202100008715";11;"20:15";"5";"59";"2";"1";"1";3;50;3
"8716";"202100008716";11;"10:05";"1";"59";"2";"1";"1";5;50;3
"8717";"202100008717";11;"17:15";"2";"59";"2";"1";"1";3;50;3
"8718";"202100008718";11;"15:35";"1";"57";"2";"1";"1";6;49;6
"8719";"202100008719";11;"12:08";"1";"51";"2";"2";"1";2;49;4
"8720";"202100008720";11;"18:25";"3";"49";"2";"3";"1";3;47;0
"8721";"202100008721";11;"14:33";"1";"49";"2";"1";"1";3;47;0
"8722";"202100008722";11;"12:30";"1";"47";"2";"1";"1";7;44;0
"8723";"202100008723";11;"17:25";"2";"45";"2";"1";"1";6;47;1
"8724";"202100008724";11;"16:50";"1";"38";"2";"9";"1";3;45;5
"8725";"202100008725";11;"18:40";"3";"37";"1";"1";"1";4;47;0
"8726";"202100008726";11;"08:40";"1";"35";"1";"1";"1";2;48;-1
"8727";"202100008727";11;"09:20";"1";"33";"2";"2";"1";6;44;0
"8728";"202100008728";11;"17:25";"1";"33";"2";"2";"1";6;44;0
"8729";"202100008729";11;"04:50";"5";"33";"2";"2";"1";3;44;-1
"8730";"202100008730";11;"02:30";"3";"31";"2";"1";"2";7;43;1
"8731";"202100008731";11;"09:00";"1";"30";"2";"1";"1";3;44;4
"8732";"202100008732";11;"18:00";"5";"25";"1";"6";"1";6;47;5
"8733";"202100008733";11;"18:50";"5";"17";"2";"1";"1";3;45;0
"8734";"202100008734";11;"14:30";"1";"14";"2";"3";"1";3;49;0
"8735";"202100008735";11;"20:00";"5";"13";"2";"1";"1";1;43;5
"8736";"202100008736";11;"13:00";"1";"13";"2";"2";"1";3;43;5
"8737";"202100008737";11;"23:24";"5";"13";"2";"1";"1";3;43;5
"8738";"202100008738";11;"15:10";"1";"13";"2";"3";"1";6;43;5
"8739";"202100008739";11;"18:00";"1";"11";"2";"1";"1";6;43;2
"8740";"202100008740";11;"11:22";"1";"10";"2";"3";"2";1;48;4
"8741";"202100008741";11;"18:30";"5";"06";"2";"2";"1";1;43;7
"8742";"202100008742";11;"08:10";"1";"06";"2";"1";"1";3;43;7
"8743";"202100008743";11;"18:10";"5";"75";"2";"4";"1";3;48;2
"8744";"202100008744";11;"05:20";"5";"75";"2";"1";"1";6;48;2
"8745";"202100008745";11;"21:33";"5";"75";"2";"2";"1";3;48;2
"8746";"202100008746";11;"17:00";"2";"75";"2";"1";"1";6;48;2
"8747";"202100008747";11;"18:45";"5";"75";"2";"3";"1";3;48;2
"8748";"202100008748";11;"15:52";"1";"75";"2";"4";"1";6;48;2
"8749";"202100008749";11;"19:45";"5";"75";"2";"3";"1";3;48;2
"8750";"202100008750";11;"13:40";"1";"75";"2";"7";"1";7;48;2
"8751";"202100008751";11;"00:15";"5";"75";"2";"2";"1";3;48;2
"8752";"202100008752";11;"15:40";"1";"75";"2";"1";"1";3;48;2
"8753";"202100008753";11;"19:00";"5";"75";"2";"3";"1";6;48;2
"8754";"202100008754";11;"18:15";"5";"75";"2";"3";"1";6;48;2
"8755";"202100008755";11;"16:15";"1";"75";"2";"3";"1";7;48;2
"8756";"202100008756";11;"20:00";"5";"75";"2";"4";"1";2;48;2
"8757";"202100008757";11;"17:15";"2";"75";"2";"3";"1";3;48;2
"8758";"202100008758";11;"16:50";"1";"75";"2";"2";"1";6;48;2
"8759";"202100008759";11;"12:30";"1";"75";"2";"1";"1";1;48;2
"8760";"202100008760";11;"20:20";"3";"75";"2";"4";"1";3;48;2
"8761";"202100008761";11;"09:10";"1";"75";"2";"2";"1";3;48;2
"8762";"202100008762";11;"17:02";"1";"94";"2";"9";"1";3;48;2
"8763";"202100008763";11;"09:00";"1";"94";"2";"1";"1";3;48;2
"8764";"202100008764";11;"11:00";"1";"94";"2";"3";"1";3;48;2
"8765";"202100008765";11;"18:10";"5";"94";"2";"1";"1";3;48;2
"8766";"202100008766";11;"20:05";"5";"94";"2";"1";"1";6;48;2
"8767";"202100008767";11;"10:10";"1";"93";"2";"3";"1";3;48;2
"8768";"202100008768";11;"15:00";"1";"93";"2";"1";"1";2;48;2
"8769";"202100008769";11;"02:50";"5";"93";"2";"6";"1";6;48;2
"8770";"202100008770";11;"00:50";"5";"93";"2";"3";"1";6;48;2
"8771";"202100008771";11;"13:10";"1";"93";"2";"1";"1";6;48;2
"8772";"202100008772";11;"09:30";"1";"92";"2";"9";"1";6;48;2
"8773";"202100008773";11;"11:30";"1";"92";"2";"1";"1";2;48;2
"8774";"202100008774";11;"10:19";"1";"92";"2";"3";"1";3;48;2
"8775";"202100008775";11;"16:35";"1";"92";"2";"1";"1";6;48;2
"8776";"202100008776";11;"09:25";"1";"92";"2";"1";"1";6;48;2
"8777";"202100008777";11;"11:37";"1";"92";"2";"1";"1";6;48;2
"8778";"202100008778";11;"16:04";"1";"92";"2";"2";"1";6;48;2
"8779";"202100008779";11;"18:35";"5";"92";"2";"3";"1";6;48;2
"8780";"202100008780";11;"15:40";"1";"92";"2";"2";"1";6;48;2
"8781";"202100008781";11;"14:00";"1";"92";"2";"2";"1";6;48;2
"8782";"202100008782";11;"08:45";"1";"92";"2";"3";"1";7;48;2
"8783";"202100008783";11;"17:00";"2";"35";"2";"3";"1";3;47;-1
"8784";"202100008784";11;"18:10";"3";"18";"2";"3";"1";3;47;2