"";"Num_Acc";"mois";"hrmn";"lum";"dep";"agg";"int";"atm";"col";"lat";"long"
"8785";"202100008785";10;"10:00";"1";"06";"1";"1";"1";7;43;7
"8786";"202100008786";11;"18:20";"3";"83";"1";"1";"2";5;43;6
"8787";"202100008787";11;"10:30";"1";"83";"1";"1";"2";6;43;5
"8788";"202100008788";11;"18:50";"3";"51";"1";"1";"5";1;48;4
"8789";"202100008789";11;"05:50";"4";"95";"2";"1";"1";6;49;2
"8790";"202100008790";11;"13:40";"1";"33";"1";"1";"1";6;45;0
"8791";"202100008791";11;"00:00";"5";"42";"2";"1";"1";6;46;4
"8792";"202100008792";11;"12:15";"1";"86";"1";"9";"1";1;46;0
"8793";"202100008793";10;"09:35";"1";"86";"2";"3";"1";6;46;0
"8794";"202100008794";11;"20:55";"3";"35";"1";"1";"1";6;48;-1
"8795";"202100008795";11;"16:00";"1";"06";"1";"1";"8";1;43;7
"8796";"202100008796";11;"13:30";"1";"06";"2";"1";"1";1;43;7
"8797";"202100008797";10;"10:45";"1";"09";"1";"3";"1";3;42;1
"8798";"202100008798";11;"12:40";"1";"53";"2";"1";"1";6;48;0
"8799";"202100008799";11;"17:34";"3";"88";"1";"1";"1";5;48;5
"8800";"202100008800";11;"08:05";"1";"60";"1";"9";"5";7;49;2
"8801";"202100008801";11;"06:15";"1";"987";"1";"1";"2";3;-17;-149
"8802";"202100008802";11;"20:15";"5";"976";"2";"1";"1";2;-12;45
"8803";"202100008803";11;"11:30";"1";"976";"2";"1";"1";6;-12;45
"8804";"202100008804";11;"11:30";"1";"37";"2";"1";"1";6;47;0
"8805";"202100008805";11;"16:01";"1";"95";"2";"1";"1";1;49;2
"8806";"202100008806";11;"22:30";"3";"13";"1";"2";"1";3;43;4
"8807";"202100008807";11;"18:35";"5";"21";"2";"1";"5";6;47;5
"8808";"202100008808";11;"08:50";"1";"74";"1";"1";"7";1;45;6
"8809";"202100008809";11;"19:45";"3";"38";"2";"4";"1";7;45;4
"8810";"202100008810";11;"18:45";"5";"01";"2";"6";"1";3;45;4
"8811";"202100008811";11;"16:25";"2";"01";"1";"1";"1";6;46;6
"8812";"202100008812";11;"23:00";"3";"81";"1";"1";"1";6;43;1
"8813";"202100008813";11;"14:10";"1";"09";"1";"1";"3";3;43;1
"8814";"202100008814";11;"13:00";"1";"33";"2";"1";"1";2;44;0
"8815";"202100008815";11;"18:30";"3";"33";"1";"1";"1";1;44;0
"8816";"202100008816";11;"15:45";"1";"35";"2";"3";"1";3;48;-1
"8817";"202100008817";11;"07:00";"5";"62";"2";"1";"1";6;50;3
"8818";"202100008818";11;"19:00";"3";"13";"1";"1";"1";2;43;5
"8819";"202100008819";11;"15:00";"1";"13";"1";"1";"1";2;43;5
"8820";"202100008820";11;"06:00";"3";"13";"1";"1";"1";2;43;5
"8821";"202100008821";11;"07:55";"1";"13";"1";"1";"1";2;43;5
"8822";"202100008822";11;"00:25";"3";"69";"1";"1";"2";4;45;4
"8823";"202100008823";11;"06:45";"5";"33";"1";"1";"1";4;44;0
"8824";"202100008824";11;"21:20";"5";"59";"1";"1";"1";6;50;3
"8825";"202100008825";11;"18:00";"3";"92";"1";"1";"1";7;48;2
"8826";"202100008826";11;"18:15";"3";"91";"1";"1";"1";2;48;2
"8827";"202100008827";11;"09:00";"1";"91";"1";"1";"1";2;48;2
"8828";"202100008828";11;"07:30";"2";"91";"1";"1";"5";2;48;2
"8829";"202100008829";11;"15:50";"1";"78";"1";"1";"1";6;48;2
"8830";"202100008830";11;"06:30";"3";"92";"1";"9";"1";3;48;2
"8831";"202100008831";11;"17:20";"2";"95";"1";"1";"1";2;49;2
"8832";"202100008832";11;"08:40";"1";"95";"1";"1";"1";4;49;2
"8833";"202100008833";11;"09:45";"1";"92";"1";"9";"1";6;48;2
"8834";"202100008834";11;"09:30";"1";"95";"1";"1";"1";6;49;2
"8835";"202100008835";11;"07:00";"1";"95";"1";"1";"1";2;49;2
"8836";"202100008836";11;"03:30";"4";"93";"1";"1";"1";1;48;2
"8837";"202100008837";8;"20:15";"1";"62";"1";"1";"1";7;50;1
"8838";"202100008838";11;"11:45";"1";"75";"2";"4";"1";6;48;2
"8839";"202100008839";11;"01:30";"5";"75";"2";"2";"1";3;48;2
"8840";"202100008840";11;"20:10";"5";"75";"2";"2";"1";3;48;2
"8841";"202100008841";11;"08:50";"1";"75";"2";"5";"1";3;48;2
"8842";"202100008842";11;"12:35";"1";"75";"2";"2";"1";3;48;2
"8843";"202100008843";11;"10:00";"1";"75";"2";"1";"1";2;48;2
"8844";"202100008844";11;"01:15";"5";"75";"2";"3";"1";3;48;2
"8845";"202100008845";11;"02:25";"5";"75";"2";"2";"1";3;48;2
"8846";"202100008846";11;"11:30";"1";"75";"2";"1";"1";3;48;2
"8847";"202100008847";11;"08:35";"1";"75";"2";"1";"1";6;48;2
"8848";"202100008848";11;"13:30";"1";"75";"2";"2";"1";6;48;2
"8849";"202100008849";11;"09:30";"1";"75";"2";"2";"1";4;48;2
"8850";"202100008850";11;"08:00";"1";"75";"2";"2";"1";3;48;2
"8851";"202100008851";11;"10:20";"1";"94";"2";"1";"1";3;48;2
"8852";"202100008852";11;"11:40";"1";"94";"2";"1";"1";2;48;2
"8853";"202100008853";11;"11:52";"1";"94";"2";"1";"1";2;48;2
"8854";"202100008854";11;"18:14";"4";"94";"2";"1";"1";1;48;2
"8855";"202100008855";11;"11:20";"1";"93";"2";"1";"1";3;48;2
"8856";"202100008856";11;"17:10";"2";"93";"2";"1";"1";6;48;2
"8857";"202100008857";11;"18:00";"5";"92";"2";"1";"1";3;48;2
"8858";"202100008858";11;"16:50";"1";"92";"2";"1";"1";6;48;2
"8859";"202100008859";11;"18:50";"5";"92";"2";"3";"1";6;48;2
"8860";"202100008860";11;"15:30";"1";"92";"2";"1";"1";6;48;2
"8861";"202100008861";11;"09:30";"1";"92";"2";"1";"1";4;48;2
"8862";"202100008862";11;"15:50";"1";"92";"2";"2";"1";3;48;2
"8863";"202100008863";11;"18:25";"5";"92";"2";"1";"1";6;48;2
"8864";"202100008864";11;"12:45";"1";"92";"2";"1";"1";3;48;2
"8865";"202100008865";11;"09:20";"1";"92";"2";"1";"9";2;48;2
"8866";"202100008866";10;"19:40";"5";"86";"2";"2";"1";3;46;0
"8867";"202100008867";11;"02:45";"3";"988";"1";"1";"5";7;-20;164
"8868";"202100008868";11;"12:45";"1";"26";"1";"1";"1";2;44;4
"8869";"202100008869";11;"17:05";"1";"23";"1";"1";"9";3;46;2
"8870";"202100008870";11;"20:25";"3";"87";"1";"1";"1";4;45;1
"8871";"202100008871";11;"19:00";"5";"974";"2";"6";"1";6;-21;55
"8872";"202100008872";11;"06:00";"3";"14";"1";"1";"1";6;49;0
"8873";"202100008873";9;"12:20";"1";"34";"1";"1";"5";2;43;3
"8874";"202100008874";11;"17:25";"2";"59";"2";"2";"1";6;50;3
"8875";"202100008875";11;"15:20";"1";"67";"2";"1";"7";1;48;6
"8876";"202100008876";11;"21:30";"5";"65";"2";"1";"2";6;43;0
"8877";"202100008877";11;"15:40";"1";"81";"1";"1";"1";6;43;1
"8878";"202100008878";11;"08:40";"1";"63";"2";"1";"7";2;45;2
"8879";"202100008879";11;"13:25";"1";"39";"1";"3";"1";3;46;5
"8880";"202100008880";11;"20:30";"3";"25";"1";"1";"1";5;46;6
"8881";"202100008881";10;"21:04";"3";"29";"1";"1";"3";6;48;-4
"8882";"202100008882";11;"10:45";"1";"29";"2";"2";"1";6;48;-4
"8883";"202100008883";11;"15:00";"1";"14";"2";"1";"1";2;49;0
"8884";"202100008884";11;"07:30";"2";"09";"2";"1";"1";6;42;1
"8885";"202100008885";10;"15:15";"1";"45";"1";"1";"7";3;47;2
"8886";"202100008886";11;"16:15";"2";"36";"2";"1";"7";6;46;1
"8887";"202100008887";11;"19:50";"5";"07";"2";"3";"1";2;45;4
"8888";"202100008888";6;"09:30";"1";"07";"1";"4";"1";1;44;4
"8889";"202100008889";10;"14:30";"1";"85";"1";"3";"1";3;46;-1
"8890";"202100008890";11;"07:30";"1";"30";"1";"1";"1";4;43;4
"8891";"202100008891";11;"18:50";"3";"973";"1";"9";"1";6;4;-52
"8892";"202100008892";11;"18:38";"3";"45";"1";"1";"1";6;48;2
"8893";"202100008893";11;"19:45";"5";"49";"2";"6";"1";1;47;0
"8894";"202100008894";11;"00:35";"3";"03";"1";"1";"1";7;46;2
"8895";"202100008895";11;"08:30";"1";"34";"1";"1";"1";5;43;3
"8896";"202100008896";11;"05:50";"4";"74";"1";"1";"1";1;46;6
"8897";"202100008897";11;"09:20";"1";"73";"1";"1";"1";7;45;6
"8898";"202100008898";11;"05:40";"3";"60";"1";"1";"1";6;49;2
"8899";"202100008899";11;"15:30";"1";"77";"1";"1";"1";4;48;2
"8900";"202100008900";11;"14:50";"1";"988";"2";"1";"1";1;-21;164
"8901";"202100008901";11;"10:56";"3";"974";"1";"1";"1";7;-20;55
"8902";"202100008902";11;"18:00";"3";"34";"1";"3";"1";3;43;4
"8903";"202100008903";11;"10:29";"1";"38";"1";"1";"1";3;45;5
"8904";"202100008904";11;"17:40";"2";"81";"1";"1";"1";7;43;2
"8905";"202100008905";11;"16:30";"1";"76";"2";"1";"1";1;49;0
"8906";"202100008906";11;"13:00";"1";"60";"1";"1";"1";6;49;2
"8907";"202100008907";11;"09:00";"2";"80";"1";"1";"1";2;49;2
"8908";"202100008908";11;"14:30";"1";"13";"1";"1";"1";4;43;5
"8909";"202100008909";11;"09:31";"1";"13";"1";"1";"1";2;43;5
"8910";"202100008910";11;"05:55";"5";"83";"1";"1";"1";5;43;5
"8911";"202100008911";11;"11:26";"1";"69";"1";"1";"1";3;45;4
"8912";"202100008912";11;"15:00";"1";"78";"1";"1";"1";2;48;2
"8913";"202100008913";11;"14:30";"1";"92";"1";"1";"1";5;48;2
"8914";"202100008914";11;"13:02";"1";"78";"1";"1";"1";5;48;2
"8915";"202100008915";11;"05:15";"3";"93";"1";"1";"1";6;48;2
"8916";"202100008916";11;"04:30";"3";"92";"1";"1";"1";2;48;2
"8917";"202100008917";11;"21:00";"5";"94";"1";"1";"1";6;48;2
"8918";"202100008918";5;"21:20";"2";"74";"2";"6";"1";3;45;6
"8919";"202100008919";5;"14:10";"1";"74";"2";"1";"1";1;45;6
"8920";"202100008920";5;"12:10";"1";"74";"2";"3";"1";1;45;6
"8921";"202100008921";5;"14:00";"1";"74";"2";"1";"1";6;46;6
"8922";"202100008922";11;"11:30";"1";"29";"2";"1";"1";3;48;-4
"8923";"202100008923";11;"23:03";"3";"974";"1";"1";"1";3;-21;55
"8924";"202100008924";11;"20:50";"5";"974";"2";"2";"1";3;-21;55
"8925";"202100008925";11;"20:15";"3";"974";"2";"1";"1";1;-20;55
"8926";"202100008926";11;"19:51";"5";"973";"2";"1";"1";6;4;-52
"8927";"202100008927";11;"19:40";"5";"69";"2";"2";"1";3;45;4
"8928";"202100008928";11;"18:45";"5";"69";"2";"1";"1";4;45;4
"8929";"202100008929";11;"14:00";"1";"69";"2";"2";"1";2;45;4
"8930";"202100008930";11;"08:45";"1";"69";"2";"2";"1";3;45;4
"8931";"202100008931";11;"03:45";"5";"69";"2";"1";"1";6;45;4
"8932";"202100008932";11;"18:17";"4";"971";"2";"1";"1";3;16;-61
"8933";"202100008933";11;"09:15";"1";"91";"1";"9";"9";6;48;2
"8934";"202100008934";11;"03:40";"3";"81";"2";"1";"1";6;43;2
"8935";"202100008935";11;"17:30";"2";"77";"2";"1";"1";3;48;2
"8936";"202100008936";11;"11:20";"1";"77";"2";"3";"1";3;48;2
"8937";"202100008937";11;"20:00";"5";"76";"2";"3";"1";3;49;1
"8938";"202100008938";11;"07:00";"5";"76";"2";"1";"1";2;49;1
"8939";"202100008939";11;"19:15";"5";"74";"2";"1";"1";3;46;6
"8940";"202100008940";11;"19:50";"5";"69";"2";"3";"1";2;45;4
"8941";"202100008941";11;"16:30";"2";"69";"2";"1";"1";2;45;4
"8942";"202100008942";11;"15:40";"1";"64";"2";"2";"1";3;43;0
"8943";"202100008943";11;"18:40";"5";"64";"2";"1";"1";3;43;-1
"8944";"202100008944";11;"20:30";"5";"59";"2";"1";"1";3;50;3
"8945";"202100008945";11;"02:45";"5";"59";"2";"6";"2";6;50;3
"8946";"202100008946";10;"08:40";"2";"59";"2";"1";"1";3;50;3
"8947";"202100008947";11;"12:30";"1";"59";"2";"1";"1";7;51;2
"8948";"202100008948";11;"03:30";"5";"37";"2";"6";"1";6;47;0
"8949";"202100008949";11;"22:50";"3";"35";"1";"1";"1";6;48;-1
"8950";"202100008950";11;"06:40";"5";"35";"2";"2";"2";2;48;-1
"8951";"202100008951";11;"15:30";"1";"33";"2";"6";"1";3;44;0
"8952";"202100008952";11;"18:50";"5";"29";"1";"1";"2";4;48;-4
"8953";"202100008953";11;"16:45";"2";"13";"2";"1";"8";3;43;5
"8954";"202100008954";11;"12:50";"1";"13";"2";"2";"1";3;43;5
"8955";"202100008955";11;"12:10";"1";"13";"2";"1";"1";1;43;5
"8956";"202100008956";11;"16:20";"1";"13";"2";"1";"1";3;43;5
"8957";"202100008957";11;"23:40";"3";"13";"1";"1";"1";1;43;4
"8958";"202100008958";11;"23:20";"3";"13";"2";"1";"1";7;43;5
"8959";"202100008959";11;"11:00";"1";"04";"2";"1";"1";6;44;6
"8960";"202100008960";11;"18:55";"5";"01";"2";"2";"1";5;46;5
"8961";"202100008961";11;"23:00";"5";"01";"2";"1";"8";3;46;5
"8962";"202100008962";11;"19:35";"5";"75";"2";"5";"1";3;48;2
"8963";"202100008963";11;"15:45";"1";"75";"2";"7";"1";2;48;2
"8964";"202100008964";11;"17:55";"2";"75";"2";"4";"1";6;48;2
"8965";"202100008965";11;"18:25";"5";"75";"2";"4";"1";7;48;2
"8966";"202100008966";11;"11:32";"1";"75";"2";"3";"1";3;48;2
"8967";"202100008967";11;"16:10";"1";"75";"2";"3";"8";3;48;2
"8968";"202100008968";11;"16:50";"2";"75";"2";"1";"1";3;48;2
"8969";"202100008969";11;"01:30";"5";"75";"2";"3";"1";3;48;2
"8970";"202100008970";11;"10:30";"1";"75";"2";"7";"1";3;48;2
"8971";"202100008971";11;"22:45";"5";"75";"2";"2";"1";3;48;2
"8972";"202100008972";11;"15:20";"1";"94";"2";"1";"1";2;48;2
"8973";"202100008973";11;"10:30";"1";"94";"2";"1";"2";3;48;2
"8974";"202100008974";11;"14:15";"1";"93";"2";"1";"1";1;48;2
"8975";"202100008975";11;"11:40";"1";"93";"2";"9";"1";4;48;2
"8976";"202100008976";11;"21:50";"5";"93";"2";"5";"1";3;48;2
"8977";"202100008977";11;"16:00";"1";"92";"2";"2";"1";3;48;2
"8978";"202100008978";11;"18:05";"5";"92";"2";"1";"1";6;48;2
"8979";"202100008979";11;"22:47";"5";"92";"2";"1";"1";7;48;2
"8980";"202100008980";11;"17:50";"5";"92";"2";"1";"1";6;48;2
"8981";"202100008981";11;"13:20";"1";"92";"2";"1";"1";6;48;2
"8982";"202100008982";11;"16:45";"2";"31";"2";"1";"1";6;43;1
"8983";"202100008983";10;"16:10";"1";"83";"2";"1";"1";6;43;6
"8984";"202100008984";11;"10:10";"1";"63";"2";"4";"1";1;46;3
"8985";"202100008985";11;"13:25";"1";"79";"1";"1";"2";3;46;0
"8986";"202100008986";11;"19:15";"3";"58";"1";"1";"8";2;47;3
"8987";"202100008987";11;"17:30";"2";"62";"2";"2";"1";1;50;1
"8988";"202100008988";11;"08:55";"1";"66";"2";"1";"7";6;42;2
"8989";"202100008989";11;"16:00";"1";"51";"1";"2";"1";3;48;4
"8990";"202100008990";11;"14:30";"1";"56";"1";"2";"1";3;47;-2
"8991";"202100008991";11;"06:58";"2";"79";"1";"1";"5";1;46;0
"8992";"202100008992";11;"21:30";"3";"33";"1";"1";"1";2;44;0
"8993";"202100008993";11;"11:20";"1";"11";"1";"1";"1";6;42;2
"8994";"202100008994";11;"23:20";"5";"61";"2";"1";"1";6;48;0
"8995";"202100008995";11;"16:45";"2";"55";"1";"1";"1";7;49;5
"8996";"202100008996";11;"16:06";"1";"42";"1";"1";"9";7;45;4
"8997";"202100008997";10;"19:30";"3";"46";"1";"1";"8";7;44;1
"8998";"202100008998";11;"18:30";"3";"58";"1";"9";"2";6;47;3
"8999";"202100008999";11;"08:45";"1";"54";"2";"3";"5";6;48;6
"9000";"202100009000";10;"17:00";"1";"14";"1";"1";"1";1;49;0
"9001";"202100009001";11;"18:35";"3";"05";"1";"1";"1";1;44;6
"9002";"202100009002";11;"02:10";"3";"05";"1";"1";"1";1;44;5
"9003";"202100009003";11;"15:30";"1";"60";"1";"1";"7";7;49;2
"9004";"202100009004";11;"11:20";"1";"60";"2";"1";"1";1;49;2
"9005";"202100009005";11;"07:50";"2";"64";"1";"1";"8";3;43;-1
"9006";"202100009006";11;"11:05";"1";"64";"2";"1";"1";3;43;-1
"9007";"202100009007";11;"15:30";"1";"64";"1";"1";"1";7;43;0
"9008";"202100009008";11;"20:15";"3";"18";"1";"1";"8";6;46;3
"9009";"202100009009";11;"14:00";"1";"07";"1";"1";"1";1;44;4
"9010";"202100009010";11;"16:00";"1";"53";"1";"1";"1";3;48;-1
"9011";"202100009011";11;"16:50";"2";"40";"2";"4";"1";1;43;-1
"9012";"202100009012";11;"21:30";"3";"28";"1";"1";"1";7;48;0
"9013";"202100009013";10;"17:00";"1";"87";"2";"9";"8";1;46;1
"9014";"202100009014";11;"17:15";"2";"48";"2";"2";"1";3;44;3
"9015";"202100009015";11;"07:45";"2";"95";"2";"1";"1";3;49;2
"9016";"202100009016";11;"13:45";"1";"69";"2";"6";"1";3;45;4
"9017";"202100009017";11;"07:20";"2";"79";"1";"1";"1";5;46;0
"9018";"202100009018";11;"02:55";"3";"68";"1";"1";"5";2;47;7
"9019";"202100009019";11;"20:00";"3";"62";"1";"1";"3";5;50;2
"9020";"202100009020";11;"21:00";"3";"57";"1";"9";"8";7;48;7
"9021";"202100009021";11;"08:00";"3";"57";"1";"1";"2";6;48;6
"9022";"202100009022";11;"20:50";"3";"34";"1";"1";"1";2;43;3
"9023";"202100009023";11;"07:33";"2";"45";"1";"1";"1";5;47;1
"9024";"202100009024";11;"09:05";"1";"95";"1";"1";"1";3;49;2
"9025";"202100009025";11;"16:10";"1";"971";"2";"1";"1";6;16;-61
"9026";"202100009026";11;"18:10";"3";"45";"1";"1";"1";7;47;2
"9027";"202100009027";10;"18:00";"3";"30";"2";"1";"1";5;43;4
"9028";"202100009028";11;"15:45";"1";"13";"1";"1";"1";6;43;5
"9029";"202100009029";11;"08:45";"1";"13";"1";"2";"1";3;43;4
"9030";"202100009030";11;"10:25";"1";"13";"1";"3";"1";3;43;5
"9031";"202100009031";11;"06:10";"3";"88";"1";"1";"1";7;48;5
"9032";"202100009032";11;"18:00";"3";"38";"2";"1";"2";1;45;5
"9033";"202100009033";11;"15:50";"1";"69";"1";"9";"1";6;45;4
"9034";"202100009034";9;"01:30";"3";"09";"1";"1";"1";6;42;1
"9035";"202100009035";11;"17:00";"1";"33";"2";"6";"1";3;44;0
"9036";"202100009036";11;"08:00";"1";"60";"1";"1";"1";1;49;1
"9037";"202100009037";11;"13:20";"1";"13";"1";"1";"1";3;43;5
"9038";"202100009038";11;"07:33";"2";"13";"1";"1";"1";2;43;5
"9039";"202100009039";11;"17:45";"3";"13";"1";"1";"1";5;43;5
"9040";"202100009040";11;"12:46";"1";"13";"1";"1";"1";2;43;5
"9041";"202100009041";11;"19:04";"3";"13";"1";"1";"1";2;43;5
"9042";"202100009042";11;"23:47";"3";"13";"1";"1";"6";5;43;5
"9043";"202100009043";11;"11:05";"1";"67";"1";"1";"1";6;48;7
"9044";"202100009044";11;"21:50";"4";"33";"1";"1";"2";6;44;0
"9045";"202100009045";11;"19:20";"5";"94";"1";"1";"1";2;48;2
"9046";"202100009046";11;"16:35";"1";"94";"1";"1";"1";2;48;2
"9047";"202100009047";11;"13:05";"1";"91";"1";"1";"1";4;48;2
"9048";"202100009048";11;"10:20";"1";"91";"1";"1";"2";3;48;2
"9049";"202100009049";11;"02:13";"3";"77";"1";"9";"1";6;48;2
"9050";"202100009050";11;"23:00";"4";"78";"1";"1";"1";2;48;2
"9051";"202100009051";11;"17:22";"5";"92";"1";"1";"1";4;48;2
"9052";"202100009052";11;"21:40";"3";"95";"1";"1";"1";2;49;2
"9053";"202100009053";11;"19:30";"3";"93";"1";"1";"1";2;48;2
"9054";"202100009054";11;"13:00";"1";"95";"1";"1";"1";3;49;2
"9055";"202100009055";11;"14:10";"1";"93";"1";"1";"1";4;48;2
"9056";"202100009056";11;"12:15";"1";"93";"1";"1";"2";7;48;2
"9057";"202100009057";11;"05:00";"3";"92";"1";"1";"2";2;48;2
"9058";"202100009058";11;"20:40";"3";"95";"1";"1";"1";6;48;2
"9059";"202100009059";11;"18:30";"5";"93";"1";"9";"1";4;48;2
"9060";"202100009060";11;"11:40";"1";"38";"2";"1";"1";6;45;5
"9061";"202100009061";11;"17:45";"2";"91";"2";"1";"1";6;48;2
"9062";"202100009062";11;"18:36";"2";"971";"2";"1";"1";6;16;-61
"9063";"202100009063";11;"20:40";"5";"37";"2";"1";"1";6;47;0
"9064";"202100009064";11;"20:20";"5";"14";"2";"1";"1";6;49;0
"9065";"202100009065";11;"04:50";"1";"988";"2";"1";"1";7;-22;166
"9066";"202100009066";11;"21:00";"5";"976";"2";"1";"1";3;-12;45
"9067";"202100009067";11;"09:46";"1";"973";"1";"6";"1";3;4;-52
"9068";"202100009068";11;"21:50";"3";"973";"2";"9";"2";3;4;-52
"9069";"202100009069";11;"14:30";"1";"69";"2";"2";"1";3;45;4
"9070";"202100009070";11;"06:15";"5";"69";"2";"1";"1";2;45;4
"9071";"202100009071";11;"21:05";"5";"972";"2";"1";"1";6;14;-61
"9072";"202100009072";11;"06:30";"1";"971";"2";"2";"1";3;16;-61
"9073";"202100009073";11;"21:45";"5";"95";"2";"1";"2";1;48;2
"9074";"202100009074";11;"17:02";"2";"95";"2";"3";"1";3;48;2
"9075";"202100009075";11;"14:05";"1";"91";"2";"2";"1";3;48;2
"9076";"202100009076";11;"16:20";"1";"83";"2";"3";"1";1;43;5
"9077";"202100009077";11;"13:00";"1";"79";"2";"2";"1";3;46;0
"9078";"202100009078";11;"19:30";"5";"76";"2";"2";"1";3;49;1
"9079";"202100009079";11;"18:30";"5";"76";"2";"1";"8";6;49;1
"9080";"202100009080";11;"06:25";"5";"74";"2";"3";"2";7;46;6
"9081";"202100009081";11;"21:55";"3";"71";"1";"1";"1";6;46;4
"9082";"202100009082";11;"18:50";"5";"71";"2";"3";"1";3;46;4
"9083";"202100009083";11;"14:00";"1";"69";"2";"2";"1";3;45;4
"9084";"202100009084";11;"23:15";"5";"67";"2";"9";"1";1;48;7
"9085";"202100009085";11;"09:45";"1";"62";"2";"3";"1";3;50;1
"9086";"202100009086";11;"20:00";"5";"60";"2";"2";"1";7;49;2
"9087";"202100009087";11;"06:20";"3";"59";"2";"1";"1";6;50;3
"9088";"202100009088";11;"08:50";"1";"59";"2";"2";"1";3;50;3
"9089";"202100009089";11;"05:30";"5";"59";"2";"1";"1";2;50;3
"9090";"202100009090";11;"14:40";"1";"54";"2";"1";"1";2;48;6
"9091";"202100009091";11;"20:45";"3";"45";"1";"1";"1";6;47;1
"9092";"202100009092";11;"18:30";"3";"45";"2";"7";"1";6;47;1
"9093";"202100009093";11;"14:00";"1";"44";"2";"1";"1";3;47;-1
"9094";"202100009094";11;"17:45";"2";"38";"2";"1";"1";3;45;5
"9095";"202100009095";11;"00:10";"5";"37";"2";"1";"1";1;47;0
"9096";"202100009096";11;"02:40";"5";"37";"2";"6";"1";1;47;0
"9097";"202100009097";11;"16:56";"1";"34";"2";"2";"1";6;43;3
"9098";"202100009098";11;"11:00";"1";"34";"2";"2";"1";3;43;3
"9099";"202100009099";10;"13:20";"1";"33";"2";"1";"1";2;44;0
"9100";"202100009100";11;"06:47";"2";"33";"2";"1";"1";6;44;0
"9101";"202100009101";11;"07:00";"5";"31";"2";"1";"1";2;43;1
"9102";"202100009102";11;"12:50";"1";"27";"2";"3";"1";2;49;1
"9103";"202100009103";10;"05:58";"5";"25";"2";"1";"1";6;46;6
"9104";"202100009104";11;"15:15";"1";"17";"2";"1";"1";3;45;-1
"9105";"202100009105";11;"01:40";"3";"17";"1";"9";"1";6;46;-1
"9106";"202100009106";11;"02:20";"5";"14";"2";"1";"1";7;49;0
"9107";"202100009107";11;"14:40";"1";"14";"2";"1";"1";1;49;0
"9108";"202100009108";11;"09:15";"1";"14";"1";"1";"1";7;49;0
"9109";"202100009109";11;"20:50";"5";"13";"2";"2";"1";2;43;5
"9110";"202100009110";11;"17:16";"1";"13";"2";"1";"1";1;43;5
"9111";"202100009111";11;"06:15";"3";"13";"2";"1";"1";3;43;5
"9112";"202100009112";11;"05:15";"5";"13";"2";"1";"1";6;43;5
"9113";"202100009113";11;"07:30";"1";"13";"2";"6";"1";3;43;4
"9114";"202100009114";11;"16:14";"1";"12";"2";"1";"2";6;44;2
"9115";"202100009115";11;"04:30";"5";"10";"2";"6";"1";6;48;4
"9116";"202100009116";11;"17:55";"5";"75";"2";"1";"1";3;48;2
"9117";"202100009117";11;"19:19";"2";"75";"2";"4";"1";2;48;2
"9118";"202100009118";11;"01:50";"5";"75";"2";"7";"1";3;48;2
"9119";"202100009119";11;"11:10";"1";"75";"2";"3";"1";3;48;2
"9120";"202100009120";11;"00:55";"5";"75";"2";"1";"1";7;48;2
"9121";"202100009121";11;"08:30";"1";"75";"2";"2";"1";3;48;2
"9122";"202100009122";11;"17:10";"5";"75";"2";"2";"1";3;48;2
"9123";"202100009123";11;"14:05";"1";"75";"2";"1";"1";3;48;2
"9124";"202100009124";11;"11:00";"1";"94";"2";"1";"1";3;48;2
"9125";"202100009125";11;"12:00";"1";"94";"2";"4";"1";3;48;2
"9126";"202100009126";11;"21:20";"5";"94";"2";"2";"1";3;48;2
"9127";"202100009127";11;"05:25";"5";"94";"2";"1";"1";3;48;2
"9128";"202100009128";11;"01:40";"3";"93";"1";"9";"1";6;48;2
"9129";"202100009129";11;"03:00";"5";"93";"2";"1";"1";6;48;2
"9130";"202100009130";11;"18:30";"5";"93";"1";"9";"1";2;48;2
"9131";"202100009131";11;"07:10";"2";"93";"2";"9";"1";3;48;2
"9132";"202100009132";11;"22:40";"5";"93";"1";"1";"1";4;48;2
"9133";"202100009133";11;"09:20";"1";"92";"2";"6";"7";3;48;2
"9134";"202100009134";11;"14:16";"1";"92";"2";"1";"1";3;48;2
"9135";"202100009135";11;"03:00";"5";"92";"2";"7";"1";6;48;2
"9136";"202100009136";11;"20:15";"5";"92";"2";"1";"1";2;48;2
"9137";"202100009137";11;"20:00";"5";"95";"2";"1";"1";6;49;2
"9138";"202100009138";11;"17:30";"5";"06";"2";"3";"1";3;43;7
"9139";"202100009139";11;"17:00";"2";"62";"2";"2";"1";3;50;2
"9140";"202100009140";11;"14:40";"1";"22";"1";"1";"1";2;48;-2
"9141";"202100009141";11;"07:20";"2";"72";"1";"1";"1";6;47;0
"9142";"202100009142";11;"14:00";"1";"87";"1";"2";"1";3;45;1
"9143";"202100009143";11;"12:30";"1";"62";"1";"1";"1";6;50;2
"9144";"202100009144";10;"21:45";"5";"59";"2";"4";"1";3;50;3
"9145";"202100009145";11;"16:50";"1";"74";"1";"1";"1";1;46;6
"9146";"202100009146";11;"16:30";"1";"76";"2";"1";"1";3;49;0
"9147";"202100009147";11;"20:17";"3";"82";"2";"4";"1";6;44;0
"9148";"202100009148";11;"16:00";"1";"82";"1";"3";"1";1;44;1
"9149";"202100009149";11;"11:05";"1";"33";"1";"9";"1";3;44;0