"";"Num_Acc";"mois";"hrmn";"lum";"dep";"agg";"int";"atm";"col";"lat";"long"
"9150";"202100009150";11;"04:00";"3";"11";"1";"1";"8";6;43;2
"9151";"202100009151";11;"16:40";"1";"61";"1";"2";"1";3;48;0
"9152";"202100009152";11;"18:30";"3";"49";"2";"9";"1";1;47;0
"9153";"202100009153";11;"14:50";"1";"34";"1";"1";"1";3;43;3
"9154";"202100009154";11;"15:00";"1";"35";"1";"2";"1";3;48;-1
"9155";"202100009155";11;"06:00";"3";"29";"1";"1";"2";6;47;-3
"9156";"202100009156";11;"06:50";"2";"31";"1";"1";"1";1;43;0
"9157";"202100009157";11;"20:30";"3";"31";"1";"1";"1";1;43;1
"9158";"202100009158";11;"16:38";"1";"38";"1";"1";"1";7;45;5
"9159";"202100009159";11;"13:55";"1";"70";"1";"9";"1";6;47;6
"9160";"202100009160";11;"12:00";"1";"50";"1";"1";"9";7;49;-1
"9161";"202100009161";11;"02:25";"3";"43";"1";"1";"1";7;45;3
"9162";"202100009162";11;"18:00";"3";"10";"1";"1";"1";1;48;3
"9163";"202100009163";11;"09:30";"1";"17";"1";"1";"1";7;45;0
"9164";"202100009164";11;"13:35";"1";"37";"2";"3";"1";3;47;0
"9165";"202100009165";9;"03:45";"3";"37";"2";"1";"1";6;47;0
"9166";"202100009166";11;"15:00";"1";"987";"2";"1";"1";1;-17;-149
"9167";"202100009167";11;"00:50";"3";"38";"1";"1";"1";6;45;5
"9168";"202100009168";11;"04:45";"3";"51";"1";"1";"1";7;49;4
"9169";"202100009169";11;"12:30";"1";"34";"2";"2";"1";3;43;3
"9170";"202100009170";11;"09:20";"1";"974";"1";"1";"1";1;-20;55
"9171";"202100009171";11;"17:20";"2";"33";"2";"1";"8";3;44;-1
"9172";"202100009172";11;"03:25";"5";"45";"2";"1";"2";6;48;2
"9173";"202100009173";11;"19:45";"3";"45";"1";"1";"1";6;47;2
"9174";"202100009174";11;"11:15";"1";"83";"1";"1";"1";6;43;6
"9175";"202100009175";11;"13:45";"1";"83";"1";"1";"1";1;43;5
"9176";"202100009176";11;"10:25";"1";"69";"1";"3";"5";1;45;4
"9177";"202100009177";11;"05:00";"3";"31";"1";"1";"1";6;43;1
"9178";"202100009178";11;"20:16";"3";"27";"1";"1";"1";6;49;1
"9179";"202100009179";10;"09:00";"1";"57";"1";"9";"7";3;49;6
"9180";"202100009180";11;"16:00";"1";"13";"1";"1";"1";4;43;5
"9181";"202100009181";11;"02:46";"5";"13";"1";"4";"1";7;43;5
"9182";"202100009182";11;"18:15";"3";"13";"1";"9";"1";2;43;5
"9183";"202100009183";10;"20:50";"3";"01";"1";"1";"1";2;45;4
"9184";"202100009184";11;"21:25";"3";"91";"1";"1";"1";2;48;2
"9185";"202100009185";11;"02:25";"4";"94";"2";"9";"1";1;48;2
"9186";"202100009186";11;"23:10";"5";"92";"1";"1";"1";6;48;2
"9187";"202100009187";11;"10:35";"1";"60";"1";"1";"1";4;49;2
"9188";"202100009188";11;"01:05";"3";"92";"1";"1";"1";2;48;2
"9189";"202100009189";11;"00:10";"4";"92";"1";"1";"1";6;48;2
"9190";"202100009190";11;"19:00";"3";"94";"1";"1";"1";2;48;2
"9191";"202100009191";11;"08:55";"1";"43";"2";"1";"1";6;45;3
"9192";"202100009192";11;"17:00";"1";"64";"2";"1";"8";6;43;-1
"9193";"202100009193";4;"02:45";"5";"02";"2";"2";"1";3;49;3
"9194";"202100009194";8;"01:10";"5";"02";"2";"1";"1";6;49;3
"9195";"202100009195";11;"17:40";"1";"974";"2";"2";"1";3;-21;55
"9196";"202100009196";11;"17:45";"1";"974";"2";"1";"1";3;-20;55
"9197";"202100009197";11;"14:50";"1";"974";"2";"1";"1";2;-20;55
"9198";"202100009198";11;"13:09";"1";"973";"2";"1";"1";3;4;-52
"9199";"202100009199";11;"22:00";"5";"973";"2";"2";"1";3;4;-52
"9200";"202100009200";11;"18:33";"2";"973";"2";"9";"1";3;4;-52
"9201";"202100009201";11;"22:30";"5";"69";"2";"2";"1";3;45;4
"9202";"202100009202";11;"20:25";"5";"69";"2";"3";"1";3;45;4
"9203";"202100009203";11;"18:30";"5";"69";"2";"2";"2";6;45;4
"9204";"202100009204";11;"08:45";"1";"69";"2";"1";"1";3;45;4
"9205";"202100009205";11;"15:00";"1";"972";"1";"1";"1";7;14;-61
"9206";"202100009206";11;"10:03";"1";"972";"2";"6";"1";6;14;-60
"9207";"202100009207";11;"14:00";"1";"69";"2";"1";"1";7;45;4
"9208";"202100009208";11;"15:15";"1";"69";"2";"1";"1";6;45;4
"9209";"202100009209";11;"08:05";"1";"69";"2";"2";"1";3;45;4
"9210";"202100009210";11;"11:50";"1";"69";"2";"2";"1";3;45;4
"9211";"202100009211";11;"05:20";"4";"69";"1";"1";"1";6;45;4
"9212";"202100009212";11;"19:43";"5";"971";"2";"1";"1";3;16;-61
"9213";"202100009213";11;"19:05";"5";"971";"1";"1";"1";3;16;-61
"9214";"202100009214";11;"17:45";"1";"971";"2";"9";"1";2;16;-61
"9215";"202100009215";11;"16:55";"2";"95";"2";"1";"2";6;48;2
"9216";"202100009216";11;"22:45";"3";"95";"2";"1";"1";6;48;2
"9217";"202100009217";11;"15:00";"1";"95";"2";"1";"1";3;48;2
"9218";"202100009218";11;"13:00";"1";"91";"2";"1";"1";5;48;2
"9219";"202100009219";11;"18:04";"5";"91";"2";"9";"2";6;48;2
"9220";"202100009220";11;"18:00";"5";"91";"2";"2";"1";6;48;2
"9221";"202100009221";10;"04:52";"3";"89";"1";"1";"1";1;47;3
"9222";"202100009222";11;"17:15";"1";"87";"2";"1";"1";6;45;1
"9223";"202100009223";10;"11:25";"1";"81";"2";"1";"1";6;43;2
"9224";"202100009224";11;"17:45";"5";"76";"1";"6";"1";4;49;1
"9225";"202100009225";11;"22:30";"5";"72";"2";"2";"1";3;47;0
"9226";"202100009226";11;"17:10";"2";"72";"1";"1";"1";4;48;0
"9227";"202100009227";11;"16:50";"1";"71";"2";"1";"1";3;46;4
"9228";"202100009228";11;"23:00";"5";"69";"2";"1";"1";4;45;4
"9229";"202100009229";11;"20:40";"5";"69";"2";"1";"1";4;45;4
"9230";"202100009230";11;"05:30";"5";"67";"2";"3";"1";3;48;7
"9231";"202100009231";11;"14:20";"1";"67";"2";"3";"1";3;48;7
"9232";"202100009232";11;"15:50";"1";"66";"2";"3";"1";6;42;2
"9233";"202100009233";11;"13:07";"1";"65";"2";"9";"3";6;43;0
"9234";"202100009234";11;"14:45";"1";"64";"2";"1";"2";6;43;0
"9235";"202100009235";11;"17:00";"1";"64";"2";"1";"1";3;43;-1
"9236";"202100009236";11;"14:36";"1";"63";"2";"2";"8";6;45;3
"9237";"202100009237";10;"14:59";"1";"59";"2";"1";"8";6;50;3
"9238";"202100009238";11;"16:30";"1";"59";"1";"9";"1";7;50;2
"9239";"202100009239";11;"08:50";"1";"59";"2";"8";"8";1;50;3
"9240";"202100009240";10;"23:20";"3";"59";"1";"2";"1";3;50;3
"9241";"202100009241";11;"16:00";"1";"54";"2";"1";"1";3;48;6
"9242";"202100009242";11;"10:38";"1";"54";"2";"1";"1";6;48;6
"9243";"202100009243";11;"13:15";"1";"52";"2";"1";"1";3;48;5
"9244";"202100009244";11;"09:30";"1";"51";"2";"1";"2";1;48;4
"9245";"202100009245";11;"16:30";"1";"44";"2";"1";"1";2;47;-1
"9246";"202100009246";11;"18:45";"5";"44";"2";"1";"1";3;47;-1
"9247";"202100009247";11;"05:45";"5";"38";"2";"2";"1";3;45;5
"9248";"202100009248";11;"05:00";"5";"37";"2";"1";"8";3;47;0
"9249";"202100009249";11;"22:22";"5";"35";"2";"5";"1";3;48;-1
"9250";"202100009250";11;"15:15";"1";"35";"2";"9";"1";6;48;-1
"9251";"202100009251";11;"11:15";"1";"35";"2";"1";"7";4;48;-1
"9252";"202100009252";11;"11:30";"1";"35";"2";"1";"1";6;48;-1
"9253";"202100009253";11;"08:45";"2";"35";"1";"1";"1";6;48;-1
"9254";"202100009254";11;"07:45";"2";"35";"2";"1";"5";6;48;-1
"9255";"202100009255";11;"14:37";"1";"34";"2";"3";"1";3;43;3
"9256";"202100009256";11;"18:05";"5";"33";"2";"3";"1";1;44;0
"9257";"202100009257";10;"13:35";"1";"30";"2";"1";"1";2;43;4
"9258";"202100009258";11;"13:50";"1";"30";"2";"9";"1";6;44;4
"9259";"202100009259";11;"14:30";"1";"29";"2";"1";"1";4;47;-4
"9260";"202100009260";11;"15:30";"1";"29";"1";"6";"7";2;48;-4
"9261";"202100009261";11;"02:47";"3";"28";"2";"2";"1";6;48;1
"9262";"202100009262";11;"07:55";"1";"27";"2";"1";"8";3;49;1
"9263";"202100009263";11;"12:10";"1";"24";"1";"3";"1";3;45;0
"9264";"202100009264";11;"21:45";"5";"14";"2";"1";"1";2;49;0
"9265";"202100009265";11;"19:00";"3";"14";"1";"9";"1";5;49;0
"9266";"202100009266";11;"17:40";"5";"13";"2";"1";"1";6;43;5
"9267";"202100009267";11;"18:05";"5";"13";"2";"9";"1";3;43;5
"9268";"202100009268";11;"10:10";"1";"13";"2";"1";"1";3;43;5
"9269";"202100009269";11;"08:37";"1";"13";"2";"1";"1";3;43;5
"9270";"202100009270";11;"13:38";"1";"12";"2";"1";"1";6;44;2
"9271";"202100009271";11;"17:20";"2";"11";"2";"1";"1";7;43;2
"9272";"202100009272";11;"08:40";"1";"11";"2";"1";"8";7;43;2
"9273";"202100009273";11;"17:26";"2";"10";"2";"2";"1";3;48;4
"9274";"202100009274";11;"01:50";"5";"10";"2";"1";"1";2;48;4
"9275";"202100009275";11;"10:05";"1";"06";"2";"1";"1";3;43;7
"9276";"202100009276";11;"04:50";"5";"06";"2";"1";"1";1;43;7
"9277";"202100009277";11;"09:32";"1";"06";"2";"1";"1";6;43;7
"9278";"202100009278";11;"22:10";"5";"06";"2";"3";"1";6;43;7
"9279";"202100009279";11;"14:05";"1";"06";"2";"2";"1";3;43;7
"9280";"202100009280";9;"00:45";"3";"02";"1";"1";"1";2;49;3
"9281";"202100009281";11;"23:25";"5";"75";"2";"1";"1";2;48;2
"9282";"202100009282";11;"09:00";"1";"75";"2";"7";"8";3;48;2
"9283";"202100009283";11;"13:45";"1";"75";"2";"2";"1";6;48;2
"9284";"202100009284";11;"13:30";"1";"75";"2";"1";"1";6;48;2
"9285";"202100009285";11;"18:09";"5";"75";"2";"1";"1";4;48;2
"9286";"202100009286";11;"08:20";"1";"75";"2";"1";"8";2;48;2
"9287";"202100009287";11;"09:20";"1";"75";"2";"2";"1";3;48;2
"9288";"202100009288";11;"20:15";"5";"75";"2";"2";"1";6;48;2
"9289";"202100009289";11;"17:45";"3";"75";"2";"3";"1";2;48;2
"9290";"202100009290";11;"15:30";"1";"75";"2";"7";"1";2;48;2
"9291";"202100009291";11;"14:48";"1";"75";"2";"3";"1";6;48;2
"9292";"202100009292";11;"15:50";"1";"75";"2";"1";"1";6;48;2
"9293";"202100009293";11;"10:00";"1";"75";"2";"4";"8";3;48;2
"9294";"202100009294";11;"19:00";"5";"75";"2";"3";"1";1;48;2
"9295";"202100009295";11;"17:11";"2";"75";"2";"2";"1";6;48;2
"9296";"202100009296";11;"07:40";"2";"94";"2";"3";"1";3;48;2
"9297";"202100009297";11;"21:05";"5";"94";"2";"1";"1";2;48;2
"9298";"202100009298";11;"05:50";"5";"94";"2";"2";"1";3;48;2
"9299";"202100009299";11;"19:30";"4";"94";"2";"3";"2";6;48;2
"9300";"202100009300";11;"21:15";"5";"94";"2";"3";"1";3;48;2
"9301";"202100009301";11;"17:00";"1";"94";"2";"6";"8";3;48;2
"9302";"202100009302";11;"12:30";"1";"94";"2";"1";"1";2;48;2
"9303";"202100009303";11;"18:50";"5";"94";"1";"1";"3";1;48;2
"9304";"202100009304";11;"17:30";"5";"94";"2";"6";"2";6;48;2
"9305";"202100009305";11;"20:50";"5";"94";"2";"3";"5";3;48;2
"9306";"202100009306";11;"07:50";"2";"94";"2";"1";"1";6;48;2
"9307";"202100009307";11;"01:20";"5";"95";"1";"9";"1";3;48;2
"9308";"202100009308";11;"19:10";"5";"93";"2";"1";"1";6;48;2
"9309";"202100009309";11;"09:05";"1";"93";"2";"1";"1";2;48;2
"9310";"202100009310";11;"16:30";"1";"93";"2";"1";"3";3;48;2
"9311";"202100009311";11;"16:50";"1";"93";"2";"9";"2";3;48;2
"9312";"202100009312";11;"14:25";"1";"93";"2";"2";"1";6;48;2
"9313";"202100009313";11;"09:20";"1";"93";"2";"3";"1";2;48;2
"9314";"202100009314";11;"22:15";"5";"93";"2";"2";"1";3;48;2
"9315";"202100009315";11;"20:00";"5";"93";"2";"2";"1";6;48;2
"9316";"202100009316";11;"11:35";"1";"93";"2";"1";"1";2;48;2
"9317";"202100009317";11;"19:50";"5";"92";"2";"1";"1";6;48;2
"9318";"202100009318";11;"13:00";"1";"92";"2";"1";"1";7;48;2
"9319";"202100009319";11;"10:00";"1";"92";"2";"2";"1";6;48;2
"9320";"202100009320";11;"21:05";"5";"92";"2";"2";"1";3;48;2
"9321";"202100009321";11;"07:08";"1";"92";"2";"9";"1";3;48;2
"9322";"202100009322";10;"00:55";"5";"92";"2";"5";"1";3;48;2
"9323";"202100009323";10;"09:35";"1";"92";"2";"2";"1";3;48;2
"9324";"202100009324";11;"13:00";"1";"92";"2";"9";"1";7;48;2
"9325";"202100009325";11;"16:20";"1";"92";"2";"3";"1";3;48;2
"9326";"202100009326";11;"09:10";"1";"92";"2";"2";"8";2;48;2
"9327";"202100009327";11;"16:00";"1";"92";"2";"1";"1";3;48;2
"9328";"202100009328";11;"07:17";"1";"974";"2";"1";"1";7;-21;55
"9329";"202100009329";11;"19:14";"3";"65";"1";"1";"1";1;43;0
"9330";"202100009330";11;"12:30";"1";"50";"1";"1";"1";6;49;-1
"9331";"202100009331";11;"01:36";"3";"62";"2";"6";"1";6;50;2
"9332";"202100009332";11;"13:15";"1";"57";"2";"1";"1";6;49;6
"9333";"202100009333";11;"12:45";"1";"62";"1";"1";"1";6;50;2
"9334";"202100009334";11;"17:30";"3";"19";"1";"1";"1";3;45;1
"9335";"202100009335";11;"01:25";"3";"89";"2";"1";"1";6;48;3
"9336";"202100009336";11;"14:10";"1";"49";"1";"1";"1";2;47;0
"9337";"202100009337";11;"23:55";"3";"12";"1";"1";"1";6;44;2
"9338";"202100009338";11;"13:15";"1";"47";"1";"1";"1";1;44;0
"9339";"202100009339";11;"14:45";"1";"34";"1";"1";"6";6;43;2
"9340";"202100009340";11;"15:50";"1";"22";"1";"1";"1";1;48;-3
"9341";"202100009341";11;"18:10";"5";"25";"2";"1";"1";6;47;6
"9342";"202100009342";11;"15:45";"1";"44";"1";"6";"8";3;47;-2
"9343";"202100009343";11;"21:00";"3";"29";"1";"1";"1";2;48;-4
"9344";"202100009344";11;"14:30";"1";"31";"1";"3";"1";3;43;1
"9345";"202100009345";11;"05:00";"5";"38";"2";"3";"8";6;45;5
"9346";"202100009346";11;"09:15";"1";"54";"1";"1";"9";7;48;6
"9347";"202100009347";11;"20:45";"3";"72";"1";"1";"1";3;47;0
"9348";"202100009348";11;"17:30";"1";"14";"1";"1";"1";6;48;0
"9349";"202100009349";11;"18:35";"3";"64";"1";"1";"2";5;43;-1
"9350";"202100009350";11;"17:30";"2";"64";"1";"1";"1";1;43;-1
"9351";"202100009351";11;"11:30";"1";"10";"1";"2";"8";3;48;4
"9352";"202100009352";11;"19:20";"5";"07";"2";"1";"1";1;44;4
"9353";"202100009353";11;"18:25";"3";"85";"1";"1";"1";6;46;-1
"9354";"202100009354";11;"14:15";"1";"87";"1";"2";"1";3;46;1
"9355";"202100009355";11;"06:30";"5";"30";"1";"1";"6";3;43;4
"9356";"202100009356";11;"02:00";"3";"08";"1";"1";"1";6;49;4
"9357";"202100009357";11;"19:25";"5";"973";"2";"1";"2";5;4;-52
"9358";"202100009358";11;"01:58";"5";"978";"2";"1";"1";1;18;-63
"9359";"202100009359";11;"22:15";"3";"34";"1";"1";"1";2;43;3
"9360";"202100009360";11;"00:10";"3";"59";"1";"1";"1";2;50;3
"9361";"202100009361";11;"19:50";"5";"987";"1";"1";"2";6;-17;-149
"9362";"202100009362";11;"14:28";"1";"988";"1";"1";"1";5;-21;165
"9363";"202100009363";11;"21:30";"3";"974";"2";"1";"1";6;-21;55
"9364";"202100009364";11;"10:10";"1";"971";"2";"1";"1";2;16;-61
"9365";"202100009365";10;"07:26";"2";"91";"1";"1";"1";1;48;2
"9366";"202100009366";11;"11:30";"1";"2A";"2";"3";"1";3;41;9
"9367";"202100009367";11;"08:15";"1";"06";"2";"1";"1";1;43;7
"9368";"202100009368";11;"07:30";"2";"68";"2";"3";"2";3;47;7
"9369";"202100009369";11;"17:00";"2";"73";"1";"4";"1";3;45;5
"9370";"202100009370";11;"10:00";"1";"09";"2";"1";"1";6;43;1
"9371";"202100009371";11;"04:45";"3";"50";"1";"2";"1";6;48;-1
"9372";"202100009372";11;"17:25";"1";"22";"1";"1";"7";3;48;-2
"9373";"202100009373";11;"17:15";"1";"76";"1";"1";"1";4;49;0
"9374";"202100009374";10;"21:45";"3";"60";"1";"3";"1";1;49;1
"9375";"202100009375";10;"12:33";"1";"60";"2";"3";"1";3;49;2
"9376";"202100009376";11;"16:35";"1";"13";"1";"1";"1";3;43;5
"9377";"202100009377";11;"08:30";"1";"13";"1";"1";"8";3;43;5
"9378";"202100009378";11;"18:20";"3";"83";"1";"1";"1";2;43;6
"9379";"202100009379";11;"19:45";"5";"69";"1";"1";"1";3;45;4
"9380";"202100009380";11;"17:40";"5";"69";"1";"1";"1";2;45;4
"9381";"202100009381";11;"15:35";"1";"33";"1";"1";"1";4;44;0
"9382";"202100009382";11;"14:00";"1";"91";"1";"1";"1";5;48;2
"9383";"202100009383";11;"13:00";"1";"77";"1";"1";"1";7;48;2
"9384";"202100009384";11;"05:15";"3";"91";"1";"1";"1";6;48;2
"9385";"202100009385";11;"21:50";"3";"91";"1";"1";"1";6;48;2
"9386";"202100009386";11;"03:00";"4";"78";"1";"1";"1";6;48;2
"9387";"202100009387";11;"13:00";"1";"93";"1";"1";"1";2;48;2
"9388";"202100009388";11;"06:30";"3";"95";"1";"1";"1";6;48;2
"9389";"202100009389";11;"23:30";"3";"95";"1";"1";"2";6;49;2
"9390";"202100009390";11;"23:30";"3";"95";"1";"1";"2";6;49;2
"9391";"202100009391";11;"19:00";"3";"94";"1";"1";"1";4;48;2
"9392";"202100009392";11;"15:43";"1";"75";"1";"1";"1";3;48;2
"9393";"202100009393";8;"14:55";"1";"75";"2";"1";"1";6;48;2
"9394";"202100009394";11;"10:30";"1";"988";"2";"4";"1";5;-22;166
"9395";"202100009395";11;"15:45";"1";"988";"2";"9";"1";2;-22;166
"9396";"202100009396";11;"06:55";"1";"974";"2";"4";"1";3;-21;55
"9397";"202100009397";10;"16:40";"1";"974";"1";"1";"1";6;-21;55
"9398";"202100009398";11;"09:00";"1";"974";"1";"1";"1";3;-20;55
"9399";"202100009399";11;"19:50";"5";"974";"2";"3";"1";3;-20;55
"9400";"202100009400";11;"10:46";"1";"973";"2";"1";"1";6;4;-52
"9401";"202100009401";11;"09:06";"1";"973";"1";"1";"2";2;4;-52
"9402";"202100009402";11;"20:00";"5";"69";"2";"1";"2";6;45;4
"9403";"202100009403";11;"17:15";"5";"69";"2";"4";"1";3;45;4
"9404";"202100009404";11;"10:00";"1";"69";"2";"2";"1";3;45;4
"9405";"202100009405";11;"09:15";"1";"972";"1";"1";"1";2;14;-61
"9406";"202100009406";11;"15:50";"1";"972";"2";"1";"7";3;14;-61
"9407";"202100009407";11;"11:33";"1";"972";"2";"1";"1";3;14;-61
"9408";"202100009408";11;"13:30";"1";"971";"2";"1";"1";6;16;-61
"9409";"202100009409";11;"19:25";"5";"971";"2";"1";"1";6;16;-61
"9410";"202100009410";10;"10:50";"1";"95";"2";"3";"7";3;48;2
"9411";"202100009411";11;"18:00";"1";"87";"2";"1";"2";3;45;1
"9412";"202100009412";11;"17:20";"1";"87";"2";"1";"2";2;45;1
"9413";"202100009413";11;"15:25";"1";"86";"2";"2";"2";3;46;0
"9414";"202100009414";11;"11:15";"1";"83";"2";"1";"1";2;43;6
"9415";"202100009415";11;"09:00";"1";"80";"2";"1";"1";3;49;2
"9416";"202100009416";11;"10:45";"1";"80";"2";"2";"1";3;49;2
"9417";"202100009417";11;"09:15";"1";"77";"1";"1";"2";6;48;2
"9418";"202100009418";11;"17:00";"1";"76";"2";"3";"2";3;49;1
"9419";"202100009419";11;"08:55";"1";"74";"2";"1";"1";3;46;6
"9420";"202100009420";11;"19:20";"5";"64";"2";"1";"2";1;43;0
"9421";"202100009421";11;"17:40";"2";"64";"2";"1";"2";1;43;0
"9422";"202100009422";11;"13:40";"1";"59";"2";"1";"1";6;50;3
"9423";"202100009423";11;"12:05";"1";"59";"2";"3";"2";3;50;3
"9424";"202100009424";11;"06:40";"5";"59";"2";"1";"2";6;50;3
"9425";"202100009425";11;"13:05";"1";"59";"2";"1";"1";1;50;2
"9426";"202100009426";11;"08:49";"1";"56";"1";"1";"1";2;47;-3
"9427";"202100009427";11;"07:40";"2";"55";"2";"1";"2";6;48;5
"9428";"202100009428";11;"20:20";"5";"54";"2";"1";"1";2;48;6
"9429";"202100009429";11;"16:50";"2";"54";"2";"1";"2";2;48;6
"9430";"202100009430";11;"14:00";"1";"50";"2";"1";"1";6;49;-1
"9431";"202100009431";11;"19:57";"5";"49";"2";"1";"1";3;47;0
"9432";"202100009432";11;"12:03";"1";"49";"2";"1";"1";6;47;0
"9433";"202100009433";11;"14:00";"1";"45";"2";"3";"2";3;47;1
"9434";"202100009434";11;"17:25";"2";"39";"2";"1";"2";6;47;5
"9435";"202100009435";11;"20:20";"5";"37";"2";"3";"1";3;47;0
"9436";"202100009436";11;"17:40";"5";"35";"2";"3";"1";3;48;-1
"9437";"202100009437";11;"19:00";"5";"35";"1";"1";"2";2;48;-1
"9438";"202100009438";11;"17:20";"1";"33";"2";"1";"1";2;44;0
"9439";"202100009439";11;"07:42";"2";"33";"2";"4";"2";3;44;0
"9440";"202100009440";11;"16:55";"1";"31";"2";"1";"7";6;43;1
"9441";"202100009441";11;"12:30";"1";"29";"2";"1";"8";6;47;-4
"9442";"202100009442";10;"18:35";"1";"28";"2";"1";"1";3;48;1
"9443";"202100009443";11;"17:30";"5";"26";"2";"1";"1";1;44;4
"9444";"202100009444";11;"15:34";"1";"17";"2";"1";"1";6;46;-1
"9445";"202100009445";11;"16:05";"1";"17";"2";"1";"7";6;46;-1
"9446";"202100009446";11;"14:50";"1";"14";"2";"9";"1";3;49;0
"9447";"202100009447";10;"02:38";"5";"13";"2";"1";"1";6;43;5
"9448";"202100009448";10;"03:45";"5";"13";"2";"1";"2";7;43;5
"9449";"202100009449";11;"15:51";"1";"13";"2";"2";"1";3;43;5
"9450";"202100009450";11;"09:40";"1";"13";"2";"1";"1";3;43;4
"9451";"202100009451";11;"09:10";"1";"13";"2";"1";"1";6;43;5
"9452";"202100009452";11;"05:31";"3";"11";"1";"1";"3";7;43;2
"9453";"202100009453";11;"08:48";"1";"10";"2";"1";"2";6;48;4
"9454";"202100009454";11;"14:00";"1";"06";"2";"2";"1";3;43;7
"9455";"202100009455";11;"15:53";"1";"02";"2";"9";"1";3;49;3
"9456";"202100009456";11;"12:25";"1";"75";"2";"1";"1";3;48;2
"9457";"202100009457";11;"08:10";"1";"75";"2";"1";"1";3;48;2
"9458";"202100009458";11;"18:00";"5";"75";"2";"1";"1";3;48;2
"9459";"202100009459";11;"17:23";"3";"75";"2";"2";"2";3;48;2
"9460";"202100009460";11;"20:00";"5";"75";"2";"2";"2";6;48;2
"9461";"202100009461";11;"17:00";"2";"75";"2";"3";"3";7;48;2
"9462";"202100009462";11;"08:45";"1";"75";"2";"1";"8";6;48;2
"9463";"202100009463";11;"17:40";"2";"75";"2";"4";"1";6;48;2
"9464";"202100009464";11;"18:00";"5";"75";"2";"2";"2";6;48;2
"9465";"202100009465";11;"14:05";"1";"75";"2";"2";"8";6;48;2
"9466";"202100009466";11;"20:15";"5";"75";"2";"2";"2";7;48;2
"9467";"202100009467";11;"18:27";"5";"75";"2";"3";"8";6;48;2
"9468";"202100009468";11;"14:20";"1";"75";"2";"1";"1";6;48;2
"9469";"202100009469";11;"20:00";"5";"94";"2";"1";"2";3;48;2
"9470";"202100009470";11;"07:38";"5";"94";"2";"2";"2";6;48;2
"9471";"202100009471";11;"23:00";"5";"94";"2";"1";"1";2;48;2
"9472";"202100009472";11;"23:50";"5";"94";"2";"2";"1";1;48;2
"9473";"202100009473";11;"17:20";"2";"94";"2";"1";"2";2;48;2
"9474";"202100009474";11;"10:25";"1";"94";"2";"3";"1";1;48;2
"9475";"202100009475";11;"21:30";"5";"94";"2";"1";"1";2;48;2
"9476";"202100009476";11;"12:30";"1";"94";"2";"1";"1";6;48;2
"9477";"202100009477";11;"11:50";"1";"94";"2";"5";"2";3;48;2
"9478";"202100009478";11;"10:00";"1";"94";"2";"1";"3";2;48;2
"9479";"202100009479";11;"17:55";"2";"94";"2";"1";"2";4;48;2
"9480";"202100009480";11;"17:00";"2";"94";"2";"9";"2";6;48;2
"9481";"202100009481";11;"10:20";"1";"94";"2";"2";"2";3;48;2
"9482";"202100009482";11;"11:50";"1";"93";"2";"5";"1";3;48;2
"9483";"202100009483";11;"19:00";"5";"93";"2";"2";"2";3;48;2
"9484";"202100009484";11;"11:30";"1";"93";"2";"1";"2";6;48;2
"9485";"202100009485";11;"09:30";"1";"92";"2";"3";"8";6;48;2
"9486";"202100009486";11;"16:40";"2";"92";"2";"2";"3";3;48;2
"9487";"202100009487";11;"06:30";"5";"92";"2";"1";"2";6;48;2
"9488";"202100009488";11;"13:50";"1";"92";"2";"2";"1";3;48;2
"9489";"202100009489";11;"18:40";"5";"92";"2";"2";"8";2;48;2
"9490";"202100009490";11;"07:50";"2";"92";"2";"1";"1";2;48;2
"9491";"202100009491";10;"19:15";"1";"92";"2";"1";"1";3;48;2
"9492";"202100009492";11;"01:54";"5";"92";"2";"1";"1";6;48;2
"9493";"202100009493";10;"14:15";"1";"51";"1";"1";"1";3;48;4
"9494";"202100009494";11;"16:30";"2";"62";"1";"1";"3";6;50;2
"9495";"202100009495";11;"19:48";"3";"91";"1";"1";"2";1;48;2
"9496";"202100009496";11;"16:10";"1";"38";"2";"1";"1";1;45;4
"9497";"202100009497";11;"08:30";"1";"95";"1";"1";"1";2;49;2
"9498";"202100009498";9;"11:45";"1";"51";"1";"1";"1";7;49;3
"9499";"202100009499";11;"10:50";"1";"972";"1";"1";"1";6;14;-60
"9500";"202100009500";11;"23:30";"3";"62";"2";"1";"9";6;50;2
"9501";"202100009501";11;"09:00";"1";"11";"2";"1";"1";2;43;2
"9502";"202100009502";11;"15:25";"1";"64";"2";"2";"1";6;43;0
"9503";"202100009503";11;"17:20";"1";"21";"1";"1";"1";6;47;4
"9504";"202100009504";11;"21:45";"5";"62";"2";"1";"3";2;50;2
"9505";"202100009505";11;"14:02";"1";"34";"2";"1";"1";2;43;3
"9506";"202100009506";11;"05:50";"3";"34";"2";"1";"2";1;43;3
"9507";"202100009507";11;"03:10";"5";"19";"1";"1";"1";6;45;1
"9508";"202100009508";11;"12:30";"1";"32";"1";"1";"8";2;43;1
"9509";"202100009509";11;"19:35";"5";"42";"2";"1";"3";6;46;3
"9510";"202100009510";11;"23:05";"5";"42";"2";"1";"2";2;45;4
"9511";"202100009511";11;"17:50";"3";"42";"1";"1";"1";4;45;4
"9512";"202100009512";11;"10:25";"1";"68";"1";"1";"8";7;47;7
"9513";"202100009513";11;"19:00";"5";"68";"2";"3";"2";3;47;7
"9514";"202100009514";11;"19:37";"3";"25";"1";"1";"2";1;47;6