"";"Num_Acc";"mois";"hrmn";"lum";"dep";"agg";"int";"atm";"col";"lat";"long"
"9515";"202100009515";11;"10:37";"1";"44";"2";"2";"1";3;47;-2
"9516";"202100009516";11;"05:55";"3";"35";"1";"1";"1";6;48;-1
"9517";"202100009517";11;"08:48";"1";"13";"1";"1";"1";7;43;4
"9518";"202100009518";11;"15:05";"1";"03";"1";"1";"1";1;46;3
"9519";"202100009519";11;"08:40";"1";"01";"2";"1";"1";1;46;5
"9520";"202100009520";7;"09:00";"1";"06";"1";"1";"1";2;44;7
"9521";"202100009521";11;"23:00";"3";"14";"1";"6";"2";7;49;0
"9522";"202100009522";11;"07:40";"2";"36";"2";"2";"1";3;46;1
"9523";"202100009523";11;"08:15";"2";"85";"1";"1";"5";7;46;-1
"9524";"202100009524";10;"18:20";"1";"17";"1";"1";"1";7;46;0
"9525";"202100009525";11;"08:55";"1";"35";"1";"2";"1";3;48;-1
"9526";"202100009526";11;"11:30";"1";"06";"1";"1";"3";2;43;7
"9527";"202100009527";11;"20:15";"3";"988";"1";"1";"1";5;-21;164
"9528";"202100009528";11;"14:10";"1";"971";"1";"1";"1";6;16;-61
"9529";"202100009529";11;"20:40";"3";"77";"1";"1";"7";1;49;2
"9530";"202100009530";11;"09:25";"1";"2B";"1";"9";"8";3;42;9
"9531";"202100009531";11;"12:40";"1";"05";"1";"1";"1";6;44;5
"9532";"202100009532";11;"07:00";"2";"13";"1";"1";"1";3;43;5
"9533";"202100009533";11;"17:07";"2";"03";"1";"3";"2";2;46;3
"9534";"202100009534";10;"17:12";"2";"73";"1";"1";"1";2;45;5
"9535";"202100009535";11;"15:00";"1";"38";"2";"1";"1";6;45;4
"9536";"202100009536";10;"13:38";"1";"19";"1";"1";"2";6;45;1
"9537";"202100009537";10;"23:45";"3";"33";"1";"1";"1";1;45;0
"9538";"202100009538";11;"22:15";"3";"22";"2";"1";"2";6;48;-2
"9539";"202100009539";11;"15:00";"1";"76";"1";"1";"1";5;49;0
"9540";"202100009540";11;"18:15";"5";"60";"1";"1";"2";3;49;2
"9541";"202100009541";10;"13:10";"1";"60";"1";"2";"1";3;49;2
"9542";"202100009542";11;"15:25";"1";"60";"2";"2";"1";4;49;1
"9543";"202100009543";11;"18:00";"3";"59";"1";"1";"2";4;50;3
"9544";"202100009544";11;"09:00";"1";"13";"1";"1";"1";2;43;5
"9545";"202100009545";11;"18:42";"3";"13";"1";"1";"1";2;43;5
"9546";"202100009546";11;"07:55";"2";"33";"1";"1";"5";3;44;0
"9547";"202100009547";11;"09:10";"1";"77";"1";"1";"1";7;48;2
"9548";"202100009548";11;"08:20";"5";"94";"1";"1";"1";3;48;2
"9549";"202100009549";11;"06:50";"5";"94";"1";"1";"2";7;48;2
"9550";"202100009550";11;"16:00";"1";"78";"1";"1";"1";6;48;1
"9551";"202100009551";11;"10:10";"1";"78";"1";"1";"1";6;48;2
"9552";"202100009552";11;"09:30";"1";"78";"1";"1";"1";2;48;2
"9553";"202100009553";11;"19:20";"3";"92";"1";"1";"1";4;48;2
"9554";"202100009554";11;"14:35";"1";"92";"1";"1";"1";3;48;2
"9555";"202100009555";11;"08:00";"2";"78";"1";"1";"1";6;48;1
"9556";"202100009556";11;"18:30";"3";"93";"1";"1";"2";2;48;2
"9557";"202100009557";11;"18:30";"3";"93";"1";"1";"2";6;48;2
"9558";"202100009558";11;"08:45";"1";"93";"1";"1";"2";2;48;2
"9559";"202100009559";11;"08:15";"1";"93";"1";"1";"2";3;48;2
"9560";"202100009560";11;"07:00";"3";"93";"1";"1";"2";4;48;2
"9561";"202100009561";11;"23:27";"3";"95";"1";"1";"1";6;49;2
"9562";"202100009562";11;"15:00";"1";"95";"1";"1";"1";6;49;2
"9563";"202100009563";11;"22:10";"3";"77";"1";"1";"1";3;48;2
"9564";"202100009564";5;"10:25";"1";"14";"2";"6";"8";6;49;0
"9565";"202100009565";11;"09:25";"1";"971";"2";"4";"1";6;16;-61
"9566";"202100009566";5;"18:05";"1";"59";"1";"1";"7";5;50;3
"9567";"202100009567";10;"20:00";"5";"06";"2";"2";"1";3;43;7
"9568";"202100009568";8;"03:00";"3";"83";"1";"1";"1";7;43;6
"9569";"202100009569";6;"07:30";"1";"74";"2";"9";"1";6;46;6
"9570";"202100009570";11;"22:02";"4";"973";"2";"2";"1";1;4;-52
"9571";"202100009571";11;"18:00";"1";"69";"2";"3";"1";3;45;4
"9572";"202100009572";11;"08:25";"1";"972";"2";"7";"1";3;14;-60
"9573";"202100009573";11;"19:50";"5";"69";"2";"9";"1";3;45;4
"9574";"202100009574";11;"10:20";"1";"2B";"1";"1";"2";4;42;9
"9575";"202100009575";11;"08:02";"1";"95";"2";"1";"2";6;49;2
"9576";"202100009576";11;"15:05";"1";"91";"2";"3";"1";3;48;2
"9577";"202100009577";11;"10:20";"1";"91";"2";"2";"1";3;48;2
"9578";"202100009578";11;"15:30";"1";"89";"1";"1";"1";2;47;3
"9579";"202100009579";11;"13:30";"1";"78";"2";"2";"8";3;48;2
"9580";"202100009580";11;"10:30";"1";"72";"2";"6";"1";3;48;0
"9581";"202100009581";11;"18:00";"2";"71";"2";"1";"2";6;46;4
"9582";"202100009582";11;"08:05";"1";"71";"1";"1";"2";7;46;4
"9583";"202100009583";10;"02:00";"5";"70";"2";"1";"8";6;47;6
"9584";"202100009584";11;"17:25";"2";"69";"2";"2";"1";1;45;4
"9585";"202100009585";11;"06:25";"3";"69";"2";"1";"2";5;45;4
"9586";"202100009586";11;"18:34";"5";"67";"2";"8";"1";3;48;7
"9587";"202100009587";11;"08:02";"1";"66";"2";"3";"1";3;42;2
"9588";"202100009588";11;"08:25";"1";"56";"2";"1";"1";6;47;-3
"9589";"202100009589";10;"17:10";"1";"56";"2";"1";"1";3;47;-3
"9590";"202100009590";10;"17:25";"1";"56";"2";"1";"1";6;47;-3
"9591";"202100009591";10;"13:45";"1";"56";"2";"1";"1";3;47;-3
"9592";"202100009592";11;"16:24";"1";"51";"2";"1";"1";7;49;4
"9593";"202100009593";11;"08:40";"5";"51";"2";"1";"2";7;49;4
"9594";"202100009594";10;"06:28";"5";"51";"2";"6";"1";3;49;3
"9595";"202100009595";11;"19:05";"5";"42";"2";"1";"2";1;45;4
"9596";"202100009596";11;"12:00";"1";"37";"2";"1";"1";2;47;0
"9597";"202100009597";11;"09:20";"1";"37";"2";"1";"1";6;47;0
"9598";"202100009598";11;"08:35";"1";"33";"1";"1";"2";7;44;0
"9599";"202100009599";11;"06:55";"5";"33";"2";"2";"2";3;44;0
"9600";"202100009600";11;"00:10";"5";"33";"2";"1";"2";6;44;0
"9601";"202100009601";11;"03:30";"3";"31";"1";"1";"2";6;43;1
"9602";"202100009602";11;"08:35";"1";"27";"2";"1";"1";4;49;1
"9603";"202100009603";10;"19:45";"5";"25";"2";"1";"1";6;46;6
"9604";"202100009604";11;"14:20";"1";"25";"2";"2";"2";4;47;5
"9605";"202100009605";11;"19:15";"5";"25";"2";"5";"2";1;47;6
"9606";"202100009606";10;"17:55";"2";"24";"2";"3";"2";3;45;0
"9607";"202100009607";11;"18:30";"5";"15";"2";"1";"3";3;44;2
"9608";"202100009608";11;"10:50";"1";"13";"2";"2";"1";3;43;5
"9609";"202100009609";11;"13:40";"1";"11";"2";"1";"1";6;43;2
"9610";"202100009610";11;"10:00";"1";"10";"2";"6";"8";3;48;4
"9611";"202100009611";11;"16:30";"2";"06";"2";"1";"2";3;43;6
"9612";"202100009612";11;"07:40";"2";"75";"2";"5";"1";3;48;2
"9613";"202100009613";11;"16:15";"1";"75";"2";"2";"8";3;48;2
"9614";"202100009614";11;"19:45";"5";"75";"2";"1";"1";4;48;2
"9615";"202100009615";11;"16:20";"1";"75";"2";"1";"8";5;48;2
"9616";"202100009616";11;"19:45";"5";"75";"2";"7";"1";3;48;2
"9617";"202100009617";11;"09:05";"1";"75";"2";"2";"1";6;48;2
"9618";"202100009618";11;"00:30";"5";"75";"2";"5";"2";6;48;2
"9619";"202100009619";10;"04:50";"5";"75";"2";"3";"2";2;48;2
"9620";"202100009620";11;"19:48";"5";"75";"2";"2";"1";6;48;2
"9621";"202100009621";11;"23:20";"5";"75";"2";"2";"3";2;48;2
"9622";"202100009622";11;"20:40";"5";"75";"2";"2";"1";3;48;2
"9623";"202100009623";11;"08:00";"1";"75";"2";"2";"1";6;48;2
"9624";"202100009624";11;"11:40";"1";"75";"2";"4";"1";7;48;2
"9625";"202100009625";11;"12:50";"1";"75";"2";"2";"1";6;48;2
"9626";"202100009626";11;"19:00";"5";"75";"2";"3";"1";3;48;2
"9627";"202100009627";11;"13:06";"1";"75";"2";"7";"1";3;48;2
"9628";"202100009628";10;"23:35";"5";"94";"2";"3";"1";6;48;2
"9629";"202100009629";11;"19:10";"5";"94";"2";"9";"1";6;48;2
"9630";"202100009630";11;"14:30";"1";"94";"2";"1";"1";7;48;2
"9631";"202100009631";11;"10:30";"1";"94";"2";"1";"1";1;48;2
"9632";"202100009632";11;"07:45";"5";"94";"2";"1";"2";3;48;2
"9633";"202100009633";11;"07:50";"1";"94";"2";"1";"2";6;48;2
"9634";"202100009634";10;"17:55";"1";"94";"2";"1";"1";2;48;2
"9635";"202100009635";11;"17:30";"5";"93";"2";"3";"8";3;48;2
"9636";"202100009636";11;"11:25";"1";"93";"2";"9";"2";2;48;2
"9637";"202100009637";11;"02:10";"5";"93";"2";"2";"2";2;48;2
"9638";"202100009638";11;"08:15";"1";"93";"2";"1";"8";3;48;2
"9639";"202100009639";11;"22:40";"5";"93";"2";"2";"2";3;48;2
"9640";"202100009640";11;"12:42";"1";"93";"2";"9";"1";3;48;2
"9641";"202100009641";11;"22:24";"5";"93";"2";"1";"2";3;48;2
"9642";"202100009642";11;"10:30";"1";"93";"2";"1";"1";3;48;2
"9643";"202100009643";9;"15:40";"1";"93";"2";"9";"1";3;48;2
"9644";"202100009644";11;"19:20";"5";"93";"2";"9";"1";3;48;2
"9645";"202100009645";11;"08:15";"1";"93";"2";"1";"1";6;48;2
"9646";"202100009646";11;"01:25";"5";"93";"2";"1";"2";3;48;2
"9647";"202100009647";11;"09:20";"1";"93";"2";"1";"1";3;48;2
"9648";"202100009648";9;"18:45";"1";"92";"2";"9";"1";3;48;2
"9649";"202100009649";11;"16:45";"2";"92";"2";"9";"1";6;48;2
"9650";"202100009650";11;"15:15";"1";"92";"2";"9";"1";7;48;2
"9651";"202100009651";11;"05:51";"5";"92";"2";"1";"2";3;48;2
"9652";"202100009652";11;"08:20";"1";"76";"1";"1";"2";3;49;0
"9653";"202100009653";11;"19:10";"3";"22";"1";"2";"2";5;48;-2
"9654";"202100009654";10;"17:15";"1";"31";"2";"4";"1";3;43;1
"9655";"202100009655";11;"20:25";"3";"974";"2";"2";"1";7;-21;55
"9656";"202100009656";11;"16:30";"1";"01";"2";"1";"2";6;45;4
"9657";"202100009657";11;"18:30";"3";"971";"1";"1";"9";5;15;-61
"9658";"202100009658";11;"16:00";"1";"66";"1";"6";"7";3;42;2
"9659";"202100009659";11;"17:45";"3";"11";"1";"1";"1";6;43;3
"9660";"202100009660";11;"09:00";"1";"63";"1";"1";"2";6;45;3
"9661";"202100009661";11;"08:15";"1";"61";"2";"1";"1";6;48;0
"9662";"202100009662";11;"17:35";"2";"49";"1";"1";"2";7;47;0
"9663";"202100009663";9;"00:08";"3";"86";"1";"1";"2";6;46;0
"9664";"202100009664";11;"17:53";"2";"44";"1";"9";"1";2;47;-1
"9665";"202100009665";11;"11:00";"1";"44";"2";"6";"1";6;47;-2
"9666";"202100009666";11;"18:10";"2";"35";"1";"1";"1";5;48;-1
"9667";"202100009667";11;"08:50";"1";"29";"1";"3";"1";3;47;-4
"9668";"202100009668";11;"18:31";"5";"31";"2";"6";"3";6;43;1
"9669";"202100009669";11;"08:07";"2";"72";"2";"9";"5";3;48;0
"9670";"202100009670";11;"15:50";"1";"90";"1";"1";"1";1;47;6
"9671";"202100009671";11;"19:15";"3";"73";"1";"1";"2";6;45;6
"9672";"202100009672";11;"18:00";"5";"18";"2";"2";"2";3;46;2
"9673";"202100009673";11;"18:30";"3";"43";"1";"1";"2";6;45;4
"9674";"202100009674";11;"18:25";"2";"16";"1";"1";"1";4;45;0
"9675";"202100009675";11;"09:55";"1";"17";"1";"1";"1";6;45;0
"9676";"202100009676";10;"11:35";"1";"40";"1";"9";"1";2;43;-1
"9677";"202100009677";11;"21:30";"3";"13";"1";"1";"1";1;43;5
"9678";"202100009678";11;"09:48";"1";"01";"1";"1";"1";2;46;5
"9679";"202100009679";11;"20:43";"3";"67";"1";"1";"8";7;48;7
"9680";"202100009680";11;"12:10";"1";"33";"1";"1";"2";4;44;0
"9681";"202100009681";11;"15:59";"1";"44";"1";"1";"1";2;47;-2
"9682";"202100009682";11;"20:40";"3";"974";"1";"1";"1";2;-20;55
"9683";"202100009683";11;"08:25";"1";"977";"2";"1";"1";6;17;-62
"9684";"202100009684";11;"14:00";"1";"971";"1";"1";"1";1;16;-61
"9685";"202100009685";11;"09:30";"1";"77";"1";"1";"1";1;48;3
"9686";"202100009686";10;"18:20";"2";"91";"2";"1";"1";3;48;2
"9687";"202100009687";11;"10:05";"1";"84";"2";"1";"1";1;43;4
"9688";"202100009688";10;"16:45";"1";"06";"2";"1";"1";6;43;7
"9689";"202100009689";11;"08:35";"1";"55";"1";"1";"5";6;48;5
"9690";"202100009690";11;"12:00";"1";"74";"1";"1";"2";5;46;6
"9691";"202100009691";11;"23:49";"5";"38";"1";"1";"2";6;45;5
"9692";"202100009692";11;"23:30";"5";"44";"2";"1";"1";6;47;-1
"9693";"202100009693";11;"17:05";"1";"01";"1";"2";"2";3;46;5
"9694";"202100009694";10;"17:15";"1";"69";"1";"1";"1";4;45;4
"9695";"202100009695";11;"22:35";"5";"79";"2";"6";"1";3;46;0
"9696";"202100009696";11;"12:30";"1";"14";"1";"1";"2";7;48;0
"9697";"202100009697";11;"11:00";"1";"22";"1";"4";"7";3;48;-2
"9698";"202100009698";10;"16:05";"1";"22";"1";"2";"7";3;48;-3
"9699";"202100009699";11;"06:00";"3";"83";"1";"1";"2";7;43;6
"9700";"202100009700";11;"03:15";"3";"13";"1";"1";"1";6;43;5
"9701";"202100009701";11;"09:40";"1";"69";"1";"1";"1";2;45;4
"9702";"202100009702";11;"06:40";"5";"69";"1";"1";"2";5;45;4
"9703";"202100009703";11;"10:50";"1";"57";"1";"1";"1";4;49;6
"9704";"202100009704";11;"02:30";"3";"59";"1";"1";"8";6;50;3
"9705";"202100009705";10;"02:05";"3";"59";"1";"1";"1";6;50;2
"9706";"202100009706";10;"07:40";"1";"59";"1";"1";"1";6;50;3
"9707";"202100009707";11;"17:55";"3";"91";"1";"1";"1";3;48;2
"9708";"202100009708";11;"07:45";"2";"91";"1";"1";"2";2;48;2
"9709";"202100009709";11;"08:50";"1";"91";"1";"1";"2";2;48;2
"9710";"202100009710";11;"23:20";"3";"91";"1";"1";"2";2;48;2
"9711";"202100009711";11;"18:00";"3";"92";"1";"1";"1";7;48;2
"9712";"202100009712";9;"13:10";"1";"92";"1";"1";"1";3;48;2
"9713";"202100009713";11;"17:53";"3";"95";"1";"1";"1";2;49;2
"9714";"202100009714";11;"18:30";"5";"93";"1";"1";"1";3;48;2
"9715";"202100009715";11;"07:00";"2";"93";"1";"1";"1";5;48;2
"9716";"202100009716";11;"10:00";"1";"93";"1";"1";"8";7;48;2
"9717";"202100009717";6;"15:05";"1";"06";"2";"1";"8";3;43;7
"9718";"202100009718";11;"18:00";"5";"85";"2";"1";"2";6;46;-1
"9719";"202100009719";11;"18:25";"5";"78";"2";"2";"1";6;48;2
"9720";"202100009720";11;"13:05";"1";"44";"2";"2";"2";3;47;-1
"9721";"202100009721";11;"21:35";"5";"41";"2";"1";"3";6;47;1
"9722";"202100009722";10;"13:50";"1";"03";"2";"1";"2";6;46;3
"9723";"202100009723";1;"15:15";"1";"43";"2";"2";"2";7;45;4
"9724";"202100009724";11;"09:50";"1";"974";"1";"1";"1";1;-21;55
"9725";"202100009725";11;"16:38";"1";"973";"2";"1";"1";3;4;-52
"9726";"202100009726";11;"18:00";"5";"69";"2";"1";"1";2;45;4
"9727";"202100009727";11;"17:55";"5";"69";"2";"2";"2";6;45;4
"9728";"202100009728";11;"10:30";"1";"69";"2";"9";"1";6;45;4
"9729";"202100009729";11;"10:00";"1";"69";"2";"1";"1";2;45;4
"9730";"202100009730";11;"07:30";"2";"69";"2";"9";"1";3;45;4
"9731";"202100009731";11;"16:40";"1";"2A";"2";"1";"8";2;41;8
"9732";"202100009732";11;"15:45";"1";"95";"2";"1";"1";3;49;2
"9733";"202100009733";11;"06:48";"5";"95";"2";"1";"2";6;49;2
"9734";"202100009734";11;"07:50";"2";"95";"2";"1";"2";6;48;2
"9735";"202100009735";11;"18:20";"5";"91";"2";"1";"1";2;48;2
"9736";"202100009736";11;"22:26";"3";"91";"2";"2";"3";3;48;2
"9737";"202100009737";11;"08:59";"2";"87";"2";"1";"2";2;45;1
"9738";"202100009738";11;"09:57";"1";"87";"1";"1";"2";6;45;1
"9739";"202100009739";10;"18:14";"1";"87";"2";"1";"1";4;45;1
"9740";"202100009740";10;"16:10";"1";"87";"2";"1";"1";7;45;1
"9741";"202100009741";10;"14:00";"1";"87";"1";"1";"2";2;45;1
"9742";"202100009742";11;"18:15";"5";"81";"2";"6";"1";6;43;2
"9743";"202100009743";10;"14:00";"1";"80";"2";"1";"1";6;49;2
"9744";"202100009744";10;"11:10";"1";"80";"2";"1";"1";6;49;2
"9745";"202100009745";10;"05:57";"5";"76";"2";"3";"1";3;49;0
"9746";"202100009746";10;"20:41";"5";"76";"2";"1";"1";6;49;0
"9747";"202100009747";11;"09:50";"1";"74";"2";"1";"2";6;46;6
"9748";"202100009748";11;"08:30";"1";"71";"2";"1";"2";7;46;4
"9749";"202100009749";11;"19:00";"5";"69";"2";"1";"2";6;45;4
"9750";"202100009750";10;"13:05";"1";"67";"2";"1";"2";6;48;7
"9751";"202100009751";10;"20:20";"5";"67";"2";"3";"1";1;48;7
"9752";"202100009752";10;"20:20";"5";"67";"2";"1";"1";6;48;7
"9753";"202100009753";10;"18:30";"5";"67";"2";"3";"1";3;48;7
"9754";"202100009754";10;"08:50";"1";"67";"2";"8";"5";2;48;7
"9755";"202100009755";10;"13:50";"1";"66";"1";"1";"1";2;42;2
"9756";"202100009756";10;"14:20";"1";"66";"2";"1";"1";6;42;2
"9757";"202100009757";11;"11:35";"1";"65";"2";"6";"1";4;43;0
"9758";"202100009758";11;"08:30";"1";"64";"2";"5";"1";5;43;0
"9759";"202100009759";11;"16:50";"1";"64";"2";"1";"1";4;43;-1
"9760";"202100009760";11;"12:20";"1";"61";"2";"3";"1";2;48;0
"9761";"202100009761";11;"09:30";"1";"59";"2";"1";"2";6;50;3
"9762";"202100009762";11;"20:15";"5";"58";"2";"3";"1";1;46;3
"9763";"202100009763";11;"14:37";"1";"54";"1";"1";"2";3;48;6
"9764";"202100009764";11;"18:15";"2";"54";"2";"3";"1";2;48;6
"9765";"202100009765";11;"10:05";"1";"51";"1";"1";"1";2;49;4
"9766";"202100009766";11;"08:35";"1";"49";"2";"1";"1";6;47;0
"9767";"202100009767";10;"04:15";"3";"44";"1";"1";"1";7;47;-1
"9768";"202100009768";11;"01:30";"5";"42";"2";"3";"1";3;45;4
"9769";"202100009769";10;"10:15";"1";"42";"2";"1";"1";1;45;4
"9770";"202100009770";11;"20:00";"5";"38";"2";"2";"8";2;45;5
"9771";"202100009771";11;"15:35";"1";"37";"2";"3";"1";5;47;0
"9772";"202100009772";11;"13:05";"1";"37";"2";"2";"1";3;47;0
"9773";"202100009773";11;"19:00";"5";"35";"2";"9";"2";3;48;-1
"9774";"202100009774";11;"18:15";"5";"35";"2";"1";"2";3;48;-1
"9775";"202100009775";11;"09:00";"1";"35";"2";"2";"1";3;48;-1
"9776";"202100009776";11;"21:45";"5";"33";"2";"3";"2";6;44;0
"9777";"202100009777";11;"17:37";"2";"33";"2";"3";"3";3;44;0
"9778";"202100009778";11;"17:50";"1";"33";"2";"1";"2";2;44;0
"9779";"202100009779";11;"11:05";"1";"33";"2";"1";"2";6;44;-1
"9780";"202100009780";11;"16:20";"1";"31";"2";"1";"1";6;43;1
"9781";"202100009781";11;"23:05";"5";"31";"2";"1";"1";6;43;1
"9782";"202100009782";10;"04:51";"5";"30";"2";"1";"1";7;43;4
"9783";"202100009783";11;"06:45";"2";"29";"1";"1";"8";6;47;-3
"9784";"202100009784";11;"18:50";"5";"29";"2";"1";"1";6;48;-4
"9785";"202100009785";11;"12:35";"1";"25";"2";"1";"2";1;47;6
"9786";"202100009786";10;"18:05";"2";"21";"2";"3";"1";3;47;5
"9787";"202100009787";10;"21:16";"5";"17";"2";"1";"1";1;46;-1
"9788";"202100009788";11;"17:25";"2";"17";"2";"9";"3";1;46;-1
"9789";"202100009789";11;"18:05";"3";"15";"1";"1";"2";2;44;2
"9790";"202100009790";11;"14:15";"1";"14";"2";"1";"8";4;49;0
"9791";"202100009791";11;"18:10";"1";"13";"2";"1";"1";2;43;5
"9792";"202100009792";11;"16:45";"1";"13";"2";"1";"1";1;43;5
"9793";"202100009793";11;"10:02";"1";"10";"2";"1";"1";7;48;4
"9794";"202100009794";11;"23:00";"5";"06";"2";"4";"1";3;43;7
"9795";"202100009795";11;"12:05";"1";"06";"2";"1";"1";6;43;6
"9796";"202100009796";11;"10:35";"1";"04";"2";"1";"1";6;43;5
"9797";"202100009797";11;"18:50";"5";"75";"2";"1";"1";2;48;2
"9798";"202100009798";11;"16:30";"1";"75";"2";"4";"8";6;48;2
"9799";"202100009799";11;"01:00";"5";"75";"2";"1";"1";2;48;2
"9800";"202100009800";10;"02:45";"5";"75";"2";"4";"1";3;48;2
"9801";"202100009801";10;"16:35";"1";"75";"2";"1";"2";3;48;2
"9802";"202100009802";10;"06:04";"2";"75";"2";"1";"1";6;48;2
"9803";"202100009803";11;"17:30";"5";"75";"2";"2";"1";6;48;2
"9804";"202100009804";11;"17:50";"5";"75";"2";"2";"1";7;48;2
"9805";"202100009805";11;"13:30";"1";"75";"2";"3";"1";6;48;2
"9806";"202100009806";11;"19:20";"5";"75";"2";"2";"1";6;48;2
"9807";"202100009807";11;"10:10";"1";"75";"2";"1";"1";5;48;2
"9808";"202100009808";11;"08:35";"1";"75";"2";"2";"1";3;48;2
"9809";"202100009809";11;"17:25";"2";"75";"2";"3";"8";3;48;2
"9810";"202100009810";11;"12:00";"1";"75";"2";"1";"1";3;48;2
"9811";"202100009811";11;"19:20";"5";"75";"2";"3";"1";7;48;2
"9812";"202100009812";11;"18:03";"5";"94";"2";"1";"1";2;48;2
"9813";"202100009813";11;"10:25";"1";"94";"2";"1";"1";3;48;2
"9814";"202100009814";11;"04:50";"5";"94";"1";"9";"2";7;48;2
"9815";"202100009815";11;"18:15";"5";"93";"2";"8";"1";3;48;2
"9816";"202100009816";11;"13:10";"1";"93";"2";"9";"1";3;48;2
"9817";"202100009817";11;"21:40";"5";"93";"2";"1";"1";6;48;2
"9818";"202100009818";11;"19:51";"5";"93";"2";"3";"1";3;48;2
"9819";"202100009819";11;"09:20";"1";"92";"2";"1";"1";3;48;2
"9820";"202100009820";10;"09:00";"1";"92";"2";"3";"1";3;48;2
"9821";"202100009821";10;"20:50";"5";"92";"2";"3";"1";3;48;2
"9822";"202100009822";11;"16:45";"2";"92";"2";"1";"1";6;48;2
"9823";"202100009823";11;"11:15";"1";"86";"2";"1";"8";6;46;0
"9824";"202100009824";11;"13:50";"1";"52";"1";"1";"1";6;47;5
"9825";"202100009825";10;"15:35";"1";"31";"2";"1";"1";2;43;1
"9826";"202100009826";10;"15:30";"1";"81";"2";"1";"1";6;43;1
"9827";"202100009827";11;"22:14";"3";"28";"1";"1";"3";4;48;1
"9828";"202100009828";11;"18:15";"2";"28";"1";"1";"1";1;48;1
"9829";"202100009829";11;"00:00";"3";"972";"1";"1";"1";6;14;-60
"9830";"202100009830";11;"08:45";"1";"34";"2";"7";"1";6;43;3
"9831";"202100009831";11;"16:00";"1";"51";"1";"1";"1";1;48;3
"9832";"202100009832";10;"20:15";"3";"80";"1";"2";"1";1;49;2
"9833";"202100009833";10;"04:45";"3";"82";"1";"1";"8";6;44;1
"9834";"202100009834";11;"18:15";"3";"55";"1";"1";"2";6;49;5
"9835";"202100009835";11;"07:50";"1";"34";"1";"2";"1";3;43;3
"9836";"202100009836";11;"18:45";"3";"68";"1";"2";"1";3;47;7
"9837";"202100009837";11;"08:15";"1";"25";"2";"4";"2";3;47;6
"9838";"202100009838";11;"19:30";"5";"29";"1";"1";"2";6;48;-4
"9839";"202100009839";11;"08:00";"2";"29";"1";"1";"2";6;48;-4
"9840";"202100009840";11;"17:20";"2";"01";"2";"3";"1";3;46;5
"9841";"202100009841";11;"08:50";"1";"50";"1";"3";"1";3;49;-1
"9842";"202100009842";10;"19:15";"3";"45";"1";"1";"2";2;47;2
"9843";"202100009843";10;"19:28";"3";"10";"1";"3";"1";7;48;4
"9844";"202100009844";11;"09:20";"1";"16";"1";"1";"8";1;45;0
"9845";"202100009845";11;"14:50";"1";"53";"1";"1";"1";7;48;0
"9846";"202100009846";11;"11:00";"1";"21";"2";"1";"1";2;47;4
"9847";"202100009847";11;"09:59";"1";"21";"1";"2";"1";3;47;4
"9848";"202100009848";11;"09:30";"1";"24";"1";"1";"9";6;44;1
"9849";"202100009849";11;"18:20";"3";"87";"1";"1";"3";1;45;0
"9850";"202100009850";11;"14:45";"1";"88";"1";"6";"2";6;47;6
"9851";"202100009851";11;"07:15";"2";"02";"1";"1";"2";6;49;3
"9852";"202100009852";11;"08:53";"1";"67";"2";"1";"2";7;48;7
"9853";"202100009853";10;"16:15";"1";"976";"1";"1";"1";1;-12;45
"9854";"202100009854";11;"01:25";"3";"76";"1";"1";"1";7;49;1
"9855";"202100009855";11;"19:30";"3";"13";"1";"1";"1";6;43;5
"9856";"202100009856";11;"14:15";"1";"77";"1";"1";"1";2;48;3
"9857";"202100009857";11;"17:40";"2";"77";"1";"1";"1";6;48;2
"9858";"202100009858";11;"09:00";"1";"34";"1";"1";"1";2;43;3
"9859";"202100009859";11;"18:45";"5";"34";"2";"3";"1";1;43;4
"9860";"202100009860";11;"20:55";"3";"34";"1";"6";"2";6;43;4
"9861";"202100009861";11;"18:20";"3";"83";"1";"1";"1";3;43;6
"9862";"202100009862";11;"18:00";"5";"67";"2";"1";"3";6;48;7
"9863";"202100009863";11;"17:10";"1";"79";"1";"2";"1";3;46;0
"9864";"202100009864";11;"19:15";"4";"85";"2";"4";"2";6;46;-2
"9865";"202100009865";11;"13:40";"1";"27";"2";"1";"1";6;49;1
"9866";"202100009866";11;"13:50";"1";"59";"1";"1";"1";1;50;4
"9867";"202100009867";11;"01:50";"3";"13";"1";"1";"1";3;43;5
"9868";"202100009868";11;"01:10";"3";"13";"1";"1";"1";1;43;5
"9869";"202100009869";11;"08:35";"1";"33";"1";"1";"2";6;44;0
"9870";"202100009870";10;"02:45";"3";"59";"1";"1";"1";7;50;3
"9871";"202100009871";11;"19:00";"3";"92";"1";"1";"1";3;48;2
"9872";"202100009872";11;"18:03";"2";"91";"1";"1";"1";4;48;2
"9873";"202100009873";11;"06:15";"4";"91";"1";"1";"2";7;48;2
"9874";"202100009874";11;"01:40";"3";"91";"1";"1";"2";2;48;2
"9875";"202100009875";11;"21:15";"3";"91";"1";"1";"8";2;48;2
"9876";"202100009876";11;"04:31";"3";"91";"1";"9";"9";1;48;2
"9877";"202100009877";11;"19:00";"3";"92";"1";"1";"1";2;48;2
"9878";"202100009878";11;"17:50";"5";"75";"1";"1";"1";3;48;2
"9879";"202100009879";11;"20:30";"3";"92";"1";"1";"2";2;48;2