"";"Num_Acc";"mois";"hrmn";"lum";"dep";"agg";"int";"atm";"col";"lat";"long"
"9880";"202100009880";11;"09:00";"1";"95";"1";"1";"1";6;49;2
"9881";"202100009881";11;"06:30";"3";"60";"1";"1";"1";2;49;2
"9882";"202100009882";11;"06:30";"3";"95";"1";"1";"1";6;49;2
"9883";"202100009883";11;"20:28";"4";"60";"1";"1";"8";4;49;2
"9884";"202100009884";11;"19:50";"3";"95";"1";"1";"2";6;49;2
"9885";"202100009885";11;"16:50";"1";"93";"1";"1";"8";4;48;2
"9886";"202100009886";10;"12:50";"1";"92";"1";"1";"1";4;48;2
"9887";"202100009887";11;"17:05";"1";"94";"1";"1";"1";2;48;2
"9888";"202100009888";11;"15:00";"1";"77";"1";"1";"1";4;48;2
"9889";"202100009889";11;"00:10";"3";"94";"1";"1";"2";6;48;2
"9890";"202100009890";8;"06:30";"5";"78";"2";"1";"1";6;48;2
"9891";"202100009891";10;"12:30";"1";"974";"2";"2";"1";3;-20;55
"9892";"202100009892";10;"10:15";"1";"974";"2";"1";"1";3;-20;55
"9893";"202100009893";10;"21:00";"5";"972";"1";"1";"1";2;14;-61
"9894";"202100009894";10;"13:00";"1";"971";"2";"9";"1";5;16;-61
"9895";"202100009895";10;"20:15";"5";"2A";"1";"1";"1";1;41;8
"9896";"202100009896";11;"19:00";"5";"91";"2";"1";"1";6;48;2
"9897";"202100009897";10;"11:55";"1";"91";"2";"1";"1";4;48;2
"9898";"202100009898";10;"17:15";"1";"83";"2";"1";"2";5;43;5
"9899";"202100009899";10;"17:10";"1";"83";"2";"1";"1";6;43;5
"9900";"202100009900";10;"19:40";"5";"77";"2";"1";"2";6;48;2
"9901";"202100009901";11;"10:30";"1";"76";"1";"1";"1";7;49;1
"9902";"202100009902";11;"00:30";"5";"69";"2";"2";"1";2;45;4
"9903";"202100009903";11;"16:50";"1";"64";"2";"1";"1";2;43;-1
"9904";"202100009904";11;"16:55";"1";"64";"2";"1";"1";7;43;-1
"9905";"202100009905";11;"16:15";"1";"59";"2";"2";"2";1;50;3
"9906";"202100009906";11;"08:45";"1";"56";"1";"1";"2";7;47;-2
"9907";"202100009907";10;"18:10";"1";"44";"1";"1";"1";2;47;-1
"9908";"202100009908";11;"12:57";"1";"33";"2";"1";"2";2;44;0
"9909";"202100009909";11;"08:45";"2";"31";"2";"1";"2";6;43;1
"9910";"202100009910";11;"05:30";"5";"31";"2";"1";"2";1;43;1
"9911";"202100009911";11;"15:45";"1";"25";"2";"3";"7";3;47;6
"9912";"202100009912";10;"02:34";"5";"17";"2";"9";"1";6;45;-1
"9913";"202100009913";11;"09:44";"1";"14";"2";"9";"1";3;49;0
"9914";"202100009914";11;"21:10";"3";"13";"1";"9";"1";6;43;5
"9915";"202100009915";11;"07:10";"2";"06";"2";"2";"2";3;43;7
"9916";"202100009916";10;"18:20";"2";"75";"2";"4";"2";2;48;2
"9917";"202100009917";11;"06:04";"3";"75";"2";"3";"1";6;48;2
"9918";"202100009918";10;"23:37";"5";"75";"2";"1";"2";3;48;2
"9919";"202100009919";11;"01:20";"5";"75";"2";"7";"1";7;48;2
"9920";"202100009920";10;"16:15";"1";"75";"2";"7";"1";2;48;2
"9921";"202100009921";11;"10:55";"1";"75";"2";"3";"1";6;48;2
"9922";"202100009922";11;"11:15";"1";"75";"2";"4";"1";2;48;2
"9923";"202100009923";11;"11:50";"1";"75";"2";"2";"1";3;48;2
"9924";"202100009924";11;"06:15";"5";"75";"2";"4";"1";3;48;2
"9925";"202100009925";11;"11:20";"1";"75";"2";"2";"1";3;48;2
"9926";"202100009926";10;"11:55";"1";"75";"2";"1";"2";3;48;2
"9927";"202100009927";11;"19:20";"5";"75";"2";"3";"2";6;48;2
"9928";"202100009928";11;"07:30";"1";"75";"2";"2";"1";2;48;2
"9929";"202100009929";11;"04:40";"5";"75";"2";"2";"1";6;48;2
"9930";"202100009930";11;"17:00";"5";"75";"2";"2";"2";7;48;2
"9931";"202100009931";11;"04:23";"5";"75";"2";"2";"1";6;48;2
"9932";"202100009932";11;"07:30";"2";"94";"2";"2";"1";1;48;2
"9933";"202100009933";11;"06:00";"3";"77";"2";"1";"1";2;49;2
"9934";"202100009934";11;"17:48";"2";"93";"2";"1";"2";6;48;2
"9935";"202100009935";11;"13:58";"1";"93";"2";"6";"1";3;48;2
"9936";"202100009936";11;"07:30";"2";"93";"2";"1";"1";5;48;2
"9937";"202100009937";11;"17:10";"1";"93";"2";"3";"2";3;48;2
"9938";"202100009938";11;"09:30";"1";"92";"2";"3";"1";6;48;2
"9939";"202100009939";10;"22:10";"5";"92";"2";"2";"1";3;48;2
"9940";"202100009940";11;"12:20";"1";"92";"2";"9";"1";3;48;2
"9941";"202100009941";11;"19:30";"5";"92";"2";"1";"1";7;48;2
"9942";"202100009942";11;"15:00";"1";"83";"1";"1";"1";6;43;6
"9943";"202100009943";11;"15:00";"1";"71";"1";"1";"1";2;46;4
"9944";"202100009944";10;"17:50";"1";"62";"2";"6";"1";3;50;2
"9945";"202100009945";11;"06:32";"2";"62";"1";"1";"1";6;50;2
"9946";"202100009946";11;"13:30";"1";"51";"2";"6";"8";7;49;4
"9947";"202100009947";11;"00:30";"3";"56";"1";"1";"1";6;47;-2
"9948";"202100009948";10;"06:45";"3";"74";"1";"1";"1";6;45;5
"9949";"202100009949";10;"20:15";"3";"76";"1";"2";"3";3;49;0
"9950";"202100009950";11;"20:50";"3";"82";"1";"1";"2";6;43;1
"9951";"202100009951";11;"15:55";"1";"32";"1";"1";"8";2;43;1
"9952";"202100009952";10;"16:20";"1";"11";"1";"1";"1";5;43;2
"9953";"202100009953";11;"09:45";"1";"61";"2";"1";"1";6;48;0
"9954";"202100009954";10;"16:00";"1";"61";"1";"1";"1";6;48;0
"9955";"202100009955";11;"07:40";"1";"46";"1";"1";"2";6;44;1
"9956";"202100009956";11;"08:00";"1";"47";"1";"1";"2";7;44;0
"9957";"202100009957";10;"01:30";"3";"29";"2";"1";"1";6;48;-4
"9958";"202100009958";10;"19:15";"3";"38";"1";"1";"6";1;45;5
"9959";"202100009959";7;"08:00";"1";"06";"1";"1";"1";3;43;7
"9960";"202100009960";11;"08:55";"1";"06";"2";"1";"1";6;43;6
"9961";"202100009961";11;"12:15";"1";"50";"2";"1";"7";6;48;-1
"9962";"202100009962";11;"21:30";"3";"50";"1";"1";"1";2;48;-1
"9963";"202100009963";11;"18:54";"3";"21";"1";"3";"2";3;46;4
"9964";"202100009964";11;"17:15";"1";"40";"1";"1";"8";7;43;0
"9965";"202100009965";10;"05:25";"3";"85";"1";"1";"2";6;46;-1
"9966";"202100009966";11;"09:13";"1";"06";"2";"1";"7";6;43;6
"9967";"202100009967";10;"11:50";"1";"33";"1";"1";"1";2;44;0
"9968";"202100009968";11;"21:10";"3";"28";"1";"9";"2";2;48;1
"9969";"202100009969";10;"13:30";"1";"973";"2";"1";"2";6;3;-51
"9970";"202100009970";11;"15:00";"1";"21";"2";"6";"1";3;47;5
"9971";"202100009971";11;"15:35";"1";"45";"2";"2";"1";3;47;2
"9972";"202100009972";10;"01:20";"5";"11";"2";"4";"1";6;43;2
"9973";"202100009973";10;"19:00";"2";"34";"1";"9";"1";6;43;3
"9974";"202100009974";11;"12:25";"1";"34";"2";"3";"1";6;43;3
"9975";"202100009975";11;"15:10";"1";"13";"1";"3";"1";1;43;4
"9976";"202100009976";11;"22:00";"3";"08";"1";"9";"1";6;49;4
"9977";"202100009977";11;"16:50";"2";"69";"2";"1";"9";6;45;4
"9978";"202100009978";10;"13:00";"1";"69";"2";"2";"1";2;45;4
"9979";"202100009979";11;"18:30";"5";"64";"2";"1";"3";3;43;0
"9980";"202100009980";10;"08:00";"5";"33";"2";"2";"1";3;44;0
"9981";"202100009981";10;"15:20";"1";"33";"1";"1";"1";4;44;0
"9982";"202100009982";10;"18:30";"3";"56";"1";"1";"9";1;47;-2
"9983";"202100009983";11;"10:30";"1";"60";"1";"1";"1";2;49;2
"9984";"202100009984";10;"01:30";"3";"59";"2";"1";"1";6;50;2
"9985";"202100009985";10;"08:05";"2";"13";"1";"1";"1";4;43;5
"9986";"202100009986";11;"02:30";"3";"91";"1";"1";"8";6;48;2
"9987";"202100009987";11;"00:50";"3";"91";"1";"1";"1";6;48;2
"9988";"202100009988";11;"10:15";"1";"60";"1";"1";"1";4;49;2
"9989";"202100009989";11;"21:00";"5";"94";"1";"1";"3";4;48;2
"9990";"202100009990";11;"20:00";"3";"94";"1";"1";"1";2;48;2
"9991";"202100009991";6;"06:30";"2";"62";"1";"1";"1";6;50;1
"9992";"202100009992";10;"19:35";"3";"974";"1";"6";"1";3;-21;55
"9993";"202100009993";10;"14:30";"1";"974";"1";"1";"1";2;-21;55
"9994";"202100009994";10;"06:30";"2";"69";"2";"1";"1";7;45;4
"9995";"202100009995";10;"02:15";"5";"69";"2";"1";"2";3;45;4
"9996";"202100009996";10;"19:40";"3";"972";"1";"1";"1";6;14;-61
"9997";"202100009997";10;"18:20";"3";"972";"2";"1";"1";1;14;-60
"9998";"202100009998";10;"02:00";"5";"69";"2";"1";"2";2;45;4
"9999";"202100009999";10;"19:50";"3";"971";"1";"3";"1";3;16;-61
"10000";"202100010000";10;"18:50";"3";"971";"1";"1";"1";1;16;-61
"10001";"202100010001";10;"11:50";"1";"971";"1";"1";"1";1;16;-61
"10002";"202100010002";10;"18:50";"5";"95";"2";"1";"2";6;48;2
"10003";"202100010003";10;"20:43";"5";"91";"2";"1";"1";7;48;2
"10004";"202100010004";10;"15:50";"1";"91";"2";"1";"3";6;48;2
"10005";"202100010005";10;"09:55";"1";"91";"2";"1";"1";6;48;2
"10006";"202100010006";10;"10:50";"1";"91";"1";"2";"1";3;48;2
"10007";"202100010007";10;"14:45";"1";"83";"2";"6";"1";2;43;6
"10008";"202100010008";10;"15:15";"1";"83";"2";"1";"3";3;43;5
"10009";"202100010009";10;"18:10";"5";"78";"2";"9";"2";6;48;2
"10010";"202100010010";10;"12:40";"1";"78";"2";"1";"2";6;48;1
"10011";"202100010011";10;"17:05";"1";"77";"2";"1";"3";6;48;2
"10012";"202100010012";10;"18:55";"5";"76";"2";"9";"1";3;49;0
"10013";"202100010013";10;"13:10";"1";"69";"2";"5";"1";3;45;4
"10014";"202100010014";10;"17:35";"1";"64";"2";"1";"2";3;43;0
"10015";"202100010015";10;"13:40";"1";"60";"2";"2";"2";3;49;2
"10016";"202100010016";10;"04:00";"5";"54";"2";"1";"2";6;48;6
"10017";"202100010017";10;"00:34";"5";"51";"2";"3";"1";2;49;4
"10018";"202100010018";11;"00:26";"5";"49";"2";"1";"1";1;47;0
"10019";"202100010019";10;"11:45";"1";"49";"1";"1";"1";6;47;0
"10020";"202100010020";10;"22:25";"4";"41";"2";"1";"1";6;47;1
"10021";"202100010021";10;"15:50";"1";"33";"2";"1";"1";6;44;0
"10022";"202100010022";10;"23:50";"5";"31";"1";"1";"2";2;43;1
"10023";"202100010023";10;"02:20";"5";"31";"2";"7";"1";7;43;1
"10024";"202100010024";10;"13:40";"1";"27";"2";"1";"3";3;49;1
"10025";"202100010025";10;"18:45";"5";"25";"2";"1";"2";2;47;6
"10026";"202100010026";10;"16:57";"1";"25";"2";"1";"1";7;47;6
"10027";"202100010027";10;"15:00";"1";"17";"2";"1";"1";6;45;-1
"10028";"202100010028";10;"16:00";"1";"14";"1";"1";"1";6;49;0
"10029";"202100010029";10;"19:05";"3";"13";"1";"1";"2";7;43;5
"10030";"202100010030";10;"17:30";"5";"13";"2";"3";"1";3;43;5
"10031";"202100010031";10;"04:00";"5";"13";"2";"2";"1";3;43;5
"10032";"202100010032";10;"17:42";"5";"10";"2";"2";"2";3;48;4
"10033";"202100010033";10;"14:20";"1";"10";"2";"2";"1";3;48;4
"10034";"202100010034";10;"13:47";"1";"10";"2";"2";"1";3;48;4
"10035";"202100010035";10;"23:45";"3";"06";"1";"1";"2";6;43;6
"10036";"202100010036";10;"12:09";"1";"04";"2";"1";"2";3;43;5
"10037";"202100010037";10;"12:15";"1";"75";"2";"1";"8";2;48;2
"10038";"202100010038";10;"05:32";"5";"75";"2";"4";"1";3;48;2
"10039";"202100010039";10;"08:45";"1";"75";"2";"1";"2";3;48;2
"10040";"202100010040";10;"05:40";"5";"75";"2";"4";"1";4;48;2
"10041";"202100010041";10;"12:48";"1";"75";"2";"7";"2";4;48;2
"10042";"202100010042";10;"14:30";"1";"75";"2";"3";"2";3;48;2
"10043";"202100010043";10;"18:10";"4";"75";"2";"1";"2";3;48;2
"10044";"202100010044";10;"00:15";"5";"75";"2";"1";"1";3;48;2
"10045";"202100010045";10;"15:40";"1";"75";"2";"4";"3";7;48;2
"10046";"202100010046";10;"01:30";"5";"75";"2";"5";"1";2;48;2
"10047";"202100010047";10;"01:10";"3";"94";"1";"1";"8";6;48;2
"10048";"202100010048";10;"02:35";"5";"94";"2";"1";"2";2;48;2
"10049";"202100010049";10;"15:00";"1";"94";"2";"1";"2";7;48;2
"10050";"202100010050";10;"20:45";"5";"93";"2";"6";"2";6;48;2
"10051";"202100010051";10;"06:20";"5";"93";"2";"2";"1";3;48;2
"10052";"202100010052";10;"16:09";"1";"93";"2";"9";"3";3;48;2
"10053";"202100010053";10;"20:15";"5";"93";"2";"1";"2";3;48;2
"10054";"202100010054";10;"06:15";"5";"93";"2";"1";"1";2;48;2
"10055";"202100010055";10;"16:40";"1";"93";"2";"1";"2";2;48;2
"10056";"202100010056";10;"20:45";"5";"92";"2";"1";"2";3;48;2
"10057";"202100010057";10;"06:40";"5";"92";"2";"9";"8";3;48;2
"10058";"202100010058";10;"02:29";"5";"92";"2";"1";"1";7;48;2
"10059";"202100010059";11;"11:00";"1";"37";"1";"2";"1";3;46;0
"10060";"202100010060";10;"15:45";"1";"2A";"1";"1";"2";6;41;8
"10061";"202100010061";11;"13:50";"1";"41";"2";"1";"1";1;47;1
"10062";"202100010062";11;"10:59";"1";"45";"2";"6";"1";4;47;2
"10063";"202100010063";10;"19:50";"5";"84";"2";"1";"1";7;44;5
"10064";"202100010064";10;"17:05";"1";"86";"1";"1";"1";6;46;0
"10065";"202100010065";11;"17:45";"3";"54";"1";"3";"1";1;49;5
"10066";"202100010066";10;"20:00";"3";"34";"2";"1";"8";1;43;3
"10067";"202100010067";10;"17:50";"3";"34";"2";"1";"2";1;43;3
"10068";"202100010068";10;"00:40";"5";"91";"2";"1";"2";7;48;2
"10069";"202100010069";10;"16:00";"1";"51";"2";"3";"1";3;48;4
"10070";"202100010070";11;"12:20";"1";"2A";"1";"1";"2";6;41;9
"10071";"202100010071";10;"06:25";"3";"61";"1";"1";"1";6;48;0
"10072";"202100010072";10;"06:30";"3";"61";"1";"1";"3";7;48;0
"10073";"202100010073";10;"11:30";"1";"68";"1";"9";"1";2;47;7
"10074";"202100010074";10;"16:25";"1";"39";"2";"1";"1";7;46;5
"10075";"202100010075";11;"05:30";"3";"25";"2";"9";"3";6;47;6
"10076";"202100010076";11;"16:00";"1";"25";"1";"1";"2";3;47;6
"10077";"202100010077";10;"16:20";"1";"38";"1";"1";"1";3;45;5
"10078";"202100010078";10;"17:00";"1";"03";"1";"1";"1";6;46;3
"10079";"202100010079";10;"16:30";"1";"58";"2";"1";"8";3;47;3
"10080";"202100010080";11;"00:00";"3";"54";"1";"1";"2";6;48;5
"10081";"202100010081";10;"18:44";"1";"72";"2";"9";"1";3;47;0
"10082";"202100010082";10;"20:44";"3";"14";"1";"1";"2";7;49;0
"10083";"202100010083";10;"19:05";"3";"14";"1";"1";"2";7;49;0
"10084";"202100010084";10;"19:20";"3";"83";"1";"1";"1";7;43;6
"10085";"202100010085";10;"13:22";"1";"64";"2";"1";"3";3;43;-1
"10086";"202100010086";10;"14:30";"1";"36";"2";"1";"1";3;46;1
"10087";"202100010087";10;"23:25";"3";"16";"1";"1";"1";7;45;0
"10088";"202100010088";10;"09:35";"1";"21";"2";"1";"7";6;47;4
"10089";"202100010089";10;"17:00";"1";"85";"2";"1";"8";6;46;-2
"10090";"202100010090";11;"12:05";"1";"27";"1";"9";"1";7;49;0
"10091";"202100010091";10;"23:20";"3";"17";"1";"1";"1";6;45;-1
"10092";"202100010092";11;"05:45";"3";"52";"2";"1";"2";6;47;5
"10093";"202100010093";11;"16:00";"1";"67";"2";"1";"8";7;48;7
"10094";"202100010094";10;"19:10";"3";"38";"2";"1";"3";5;45;5
"10095";"202100010095";11;"11:10";"1";"95";"1";"1";"7";5;49;2
"10096";"202100010096";11;"01:29";"3";"01";"1";"1";"3";2;45;5
"10097";"202100010097";11;"16:25";"1";"2B";"1";"1";"2";1;42;9
"10098";"202100010098";11;"07:50";"2";"2B";"1";"1";"2";7;42;9
"10099";"202100010099";10;"18:00";"2";"13";"1";"1";"2";1;43;5
"10100";"202100010100";10;"12:00";"1";"67";"1";"1";"1";2;48;7
"10101";"202100010101";10;"14:40";"1";"69";"1";"1";"1";1;45;4
"10102";"202100010102";8;"03:15";"4";"33";"1";"1";"1";7;44;0
"10103";"202100010103";10;"15:15";"1";"35";"2";"1";"1";7;48;-1
"10104";"202100010104";10;"19:05";"5";"60";"2";"1";"1";1;49;2
"10105";"202100010105";10;"12:15";"1";"62";"1";"1";"3";6;50;1
"10106";"202100010106";10;"04:10";"3";"59";"1";"6";"1";6;50;2
"10107";"202100010107";10;"01:00";"3";"13";"1";"1";"1";7;43;5
"10108";"202100010108";10;"11:25";"1";"13";"1";"1";"3";7;43;5
"10109";"202100010109";10;"16:00";"1";"33";"1";"1";"2";4;44;0
"10110";"202100010110";10;"01:05";"3";"92";"1";"1";"1";6;48;2
"10111";"202100010111";10;"19:00";"3";"60";"1";"1";"9";4;49;2
"10112";"202100010112";10;"16:20";"1";"95";"1";"1";"2";6;48;2
"10113";"202100010113";10;"15:04";"1";"93";"1";"1";"2";2;48;2
"10114";"202100010114";10;"14:00";"1";"95";"1";"1";"3";2;49;2
"10115";"202100010115";10;"06:15";"3";"95";"1";"1";"1";2;49;2
"10116";"202100010116";10;"20:00";"3";"95";"1";"1";"2";6;49;2
"10117";"202100010117";10;"17:55";"1";"95";"1";"1";"1";2;49;2
"10118";"202100010118";10;"12:45";"1";"60";"1";"3";"2";3;49;2
"10119";"202100010119";10;"13:50";"1";"93";"1";"1";"2";3;48;2
"10120";"202100010120";10;"12:15";"1";"95";"1";"1";"2";6;49;2
"10121";"202100010121";10;"10:50";"1";"93";"1";"1";"3";1;48;2
"10122";"202100010122";10;"04:30";"3";"95";"1";"1";"2";4;48;2
"10123";"202100010123";10;"02:20";"3";"75";"1";"1";"1";2;48;2
"10124";"202100010124";10;"16:00";"1";"94";"1";"1";"2";3;48;2
"10125";"202100010125";10;"11:40";"1";"94";"1";"1";"2";6;48;2
"10126";"202100010126";10;"06:30";"5";"37";"2";"3";"2";3;47;0
"10127";"202100010127";10;"13:50";"1";"971";"2";"1";"1";2;16;-61
"10128";"202100010128";10;"17:00";"1";"974";"1";"9";"1";2;-21;55
"10129";"202100010129";10;"12:20";"1";"973";"2";"2";"1";3;4;-52
"10130";"202100010130";10;"14:00";"1";"69";"2";"2";"1";3;45;4
"10131";"202100010131";10;"13:20";"1";"69";"2";"2";"1";6;45;4
"10132";"202100010132";10;"06:30";"5";"69";"2";"2";"1";3;45;4
"10133";"202100010133";10;"12:15";"1";"972";"2";"1";"1";4;14;-61
"10134";"202100010134";10;"10:25";"1";"972";"2";"1";"2";3;14;-61
"10135";"202100010135";10;"20:20";"5";"69";"2";"1";"1";7;45;4
"10136";"202100010136";10;"10:20";"1";"69";"2";"1";"1";6;45;4
"10137";"202100010137";10;"14:20";"1";"91";"2";"1";"2";2;48;2
"10138";"202100010138";10;"21:40";"5";"76";"2";"2";"1";3;49;1
"10139";"202100010139";10;"21:00";"5";"69";"2";"3";"1";6;45;4
"10140";"202100010140";10;"15:55";"1";"69";"2";"1";"1";7;45;4
"10141";"202100010141";10;"13:20";"1";"69";"2";"1";"1";3;45;4
"10142";"202100010142";10;"04:00";"5";"64";"2";"1";"9";7;43;-1
"10143";"202100010143";10;"07:10";"5";"64";"2";"1";"1";6;43;-1
"10144";"202100010144";10;"23:10";"5";"59";"2";"9";"2";6;51;2
"10145";"202100010145";10;"23:39";"5";"57";"2";"1";"1";6;49;6
"10146";"202100010146";10;"03:05";"5";"51";"2";"1";"2";7;49;4
"10147";"202100010147";10;"18:12";"1";"49";"2";"1";"1";3;47;0
"10148";"202100010148";10;"13:13";"1";"49";"2";"1";"1";4;47;0
"10149";"202100010149";10;"00:30";"5";"37";"2";"1";"8";2;47;0
"10150";"202100010150";10;"20:00";"3";"37";"2";"1";"1";4;47;0
"10151";"202100010151";10;"11:45";"1";"35";"1";"1";"1";2;48;-1
"10152";"202100010152";10;"14:35";"1";"34";"2";"1";"1";6;43;3
"10153";"202100010153";10;"09:30";"1";"34";"2";"3";"2";3;43;3
"10154";"202100010154";10;"00:55";"5";"33";"2";"2";"1";3;44;0
"10155";"202100010155";10;"20:00";"5";"33";"2";"2";"1";3;44;0
"10156";"202100010156";10;"12:00";"1";"33";"2";"3";"1";3;44;0
"10157";"202100010157";10;"11:10";"1";"23";"2";"1";"1";2;46;1
"10158";"202100010158";10;"13:00";"1";"18";"2";"1";"8";-1;47;2
"10159";"202100010159";10;"14:50";"1";"13";"2";"1";"3";6;43;5
"10160";"202100010160";9;"03:00";"5";"13";"2";"1";"2";7;43;5
"10161";"202100010161";10;"13:40";"1";"06";"2";"9";"2";6;43;6
"10162";"202100010162";10;"01:03";"5";"03";"2";"1";"1";6;46;2
"10163";"202100010163";10;"22:10";"5";"75";"2";"4";"2";7;48;2
"10164";"202100010164";10;"08:34";"1";"75";"2";"1";"1";2;48;2
"10165";"202100010165";10;"08:25";"1";"75";"2";"1";"1";3;48;2
"10166";"202100010166";10;"20:45";"5";"75";"2";"2";"8";3;48;2
"10167";"202100010167";10;"23:57";"5";"75";"2";"3";"2";3;48;2
"10168";"202100010168";10;"22:55";"5";"75";"2";"4";"1";3;48;2
"10169";"202100010169";10;"07:45";"5";"75";"2";"3";"1";3;48;2
"10170";"202100010170";10;"13:00";"1";"75";"2";"3";"1";3;48;2
"10171";"202100010171";10;"04:10";"5";"75";"2";"2";"2";6;48;2
"10172";"202100010172";10;"22:30";"5";"75";"2";"2";"2";6;48;2
"10173";"202100010173";10;"19:35";"2";"94";"2";"9";"1";3;48;2
"10174";"202100010174";10;"20:35";"5";"94";"2";"1";"1";2;48;2
"10175";"202100010175";10;"11:00";"1";"94";"2";"3";"3";7;48;2
"10176";"202100010176";10;"20:00";"5";"94";"2";"2";"2";3;48;2
"10177";"202100010177";10;"14:50";"1";"94";"2";"1";"2";1;48;2
"10178";"202100010178";10;"06:15";"5";"94";"2";"1";"2";6;48;2
"10179";"202100010179";10;"15:10";"1";"93";"2";"2";"2";3;48;2
"10180";"202100010180";10;"00:05";"5";"93";"2";"5";"2";3;48;2
"10181";"202100010181";10;"19:40";"4";"93";"2";"1";"2";6;48;2
"10182";"202100010182";10;"16:00";"1";"93";"2";"1";"2";2;48;2
"10183";"202100010183";10;"05:05";"5";"93";"2";"1";"3";3;48;2
"10184";"202100010184";10;"23:13";"5";"93";"2";"1";"2";2;48;2
"10185";"202100010185";10;"20:55";"5";"92";"2";"6";"2";6;48;2
"10186";"202100010186";10;"07:54";"2";"92";"2";"3";"2";3;48;2
"10187";"202100010187";10;"17:20";"1";"92";"2";"1";"2";2;48;2
"10188";"202100010188";10;"18:22";"2";"92";"2";"1";"1";2;48;2
"10189";"202100010189";10;"21:13";"5";"92";"2";"1";"1";6;48;2
"10190";"202100010190";10;"05:30";"3";"92";"2";"1";"2";6;48;2
"10191";"202100010191";10;"13:30";"1";"92";"2";"1";"2";1;48;2
"10192";"202100010192";10;"01:30";"3";"01";"1";"1";"2";6;45;5
"10193";"202100010193";10;"11:00";"1";"86";"1";"3";"1";3;46;0
"10194";"202100010194";10;"01:25";"5";"59";"1";"1";"1";6;50;2
"10195";"202100010195";10;"07:25";"3";"34";"1";"1";"2";2;43;3
"10196";"202100010196";10;"07:25";"2";"30";"1";"1";"2";6;44;4
"10197";"202100010197";10;"20:00";"3";"50";"1";"2";"1";3;49;-1
"10198";"202100010198";10;"19:30";"5";"83";"2";"1";"2";1;43;6
"10199";"202100010199";10;"18:37";"5";"77";"2";"1";"2";1;48;3
"10200";"202100010200";10;"02:00";"3";"66";"1";"1";"1";6;42;2
"10201";"202100010201";10;"22:40";"3";"56";"1";"1";"1";6;47;-3
"10202";"202100010202";10;"20:30";"3";"76";"1";"9";"1";7;49;0
"10203";"202100010203";10;"15:10";"1";"80";"2";"1";"3";6;49;2
"10204";"202100010204";10;"02:19";"3";"32";"1";"1";"5";6;43;0
"10205";"202100010205";10;"16:00";"1";"71";"2";"1";"1";3;46;4
"10206";"202100010206";10;"16:15";"1";"63";"2";"1";"1";6;45;3
"10207";"202100010207";10;"03:00";"3";"49";"1";"1";"1";6;47;-1
"10208";"202100010208";10;"19:30";"3";"39";"1";"1";"2";6;46;5
"10209";"202100010209";10;"10:55";"1";"44";"1";"1";"1";1;47;-1
"10210";"202100010210";10;"20:13";"3";"44";"1";"1";"1";5;47;-1
"10211";"202100010211";10;"19:00";"2";"03";"2";"1";"1";2;46;3
"10212";"202100010212";10;"11:50";"1";"03";"1";"3";"1";3;46;3
"10213";"202100010213";10;"17:20";"1";"26";"1";"1";"1";6;44;5
"10214";"202100010214";10;"02:20";"3";"60";"1";"6";"2";6;49;2
"10215";"202100010215";10;"17:42";"1";"43";"1";"1";"1";7;45;4
"10216";"202100010216";10;"05:10";"3";"16";"1";"1";"1";6;45;0
"10217";"202100010217";10;"18:00";"1";"40";"1";"1";"1";1;43;0
"10218";"202100010218";10;"19:20";"5";"24";"2";"1";"2";1;44;1
"10219";"202100010219";10;"15:45";"1";"85";"2";"2";"1";3;46;-1
"10220";"202100010220";10;"18:30";"2";"85";"1";"1";"1";1;46;-1
"10221";"202100010221";10;"01:35";"3";"85";"1";"1";"1";6;46;-1
"10222";"202100010222";10;"02:15";"3";"50";"1";"1";"8";6;49;-1
"10223";"202100010223";10;"00:30";"3";"976";"1";"1";"1";1;-12;45
"10224";"202100010224";10;"23:50";"3";"34";"1";"1";"3";6;43;3
"10225";"202100010225";10;"21:00";"5";"987";"1";"1";"1";2;-17;-149
"10226";"202100010226";10;"00:15";"3";"13";"1";"1";"1";1;43;5
"10227";"202100010227";10;"07:29";"5";"77";"2";"3";"1";1;48;3
"10228";"202100010228";10;"03:40";"3";"78";"1";"1";"8";1;48;1
"10229";"202100010229";10;"10:00";"1";"34";"2";"1";"1";6;43;3
"10230";"202100010230";10;"16:20";"1";"71";"2";"1";"2";7;46;4
"10231";"202100010231";10;"16:30";"1";"74";"1";"1";"2";1;46;6
"10232";"202100010232";10;"06:45";"5";"42";"2";"1";"1";1;45;4
"10233";"202100010233";10;"15:55";"1";"38";"1";"1";"1";1;45;5
"10234";"202100010234";10;"06:55";"2";"38";"1";"1";"8";7;45;5
"10235";"202100010235";10;"15:40";"1";"01";"2";"1";"1";6;45;5
"10236";"202100010236";10;"10:50";"1";"60";"1";"1";"1";7;49;2
"10237";"202100010237";10;"13:00";"1";"59";"1";"1";"2";1;50;3
"10238";"202100010238";10;"16:30";"1";"13";"1";"1";"1";2;43;5
"10239";"202100010239";10;"09:55";"1";"13";"1";"1";"3";6;43;5
"10240";"202100010240";10;"02:15";"5";"13";"1";"1";"1";7;43;5
"10241";"202100010241";10;"18:30";"1";"13";"1";"1";"1";2;43;5