"";"Num_Acc";"mois";"hrmn";"lum";"dep";"agg";"int";"atm";"col";"lat";"long"
"10242";"202100010242";10;"15:35";"1";"13";"1";"1";"1";2;43;5
"10243";"202100010243";10;"11:06";"1";"13";"1";"1";"2";6;43;5
"10244";"202100010244";10;"09:53";"1";"42";"1";"1";"1";3;45;4
"10245";"202100010245";10;"10:53";"1";"54";"1";"1";"1";3;48;6
"10246";"202100010246";10;"17:00";"1";"94";"1";"1";"2";2;48;2
"10247";"202100010247";10;"17:35";"1";"94";"1";"1";"1";6;48;2
"10248";"202100010248";10;"11:30";"1";"94";"1";"1";"2";4;48;2
"10249";"202100010249";10;"08:00";"5";"92";"1";"1";"2";7;48;2
"10250";"202100010250";10;"06:10";"3";"78";"1";"1";"2";6;48;2
"10251";"202100010251";10;"20:30";"3";"78";"1";"1";"2";4;48;2
"10252";"202100010252";10;"20:25";"3";"78";"1";"1";"1";3;48;2
"10253";"202100010253";10;"18:45";"3";"93";"1";"1";"2";5;48;2
"10254";"202100010254";10;"19:45";"1";"93";"1";"1";"2";2;48;2
"10255";"202100010255";10;"09:00";"1";"93";"1";"1";"2";7;48;2
"10256";"202100010256";10;"05:00";"3";"93";"1";"1";"3";6;48;2
"10257";"202100010257";10;"02:15";"3";"93";"1";"1";"2";7;48;2
"10258";"202100010258";10;"01:50";"5";"95";"1";"1";"2";6;48;2
"10259";"202100010259";10;"01:20";"3";"95";"1";"1";"8";6;48;2
"10260";"202100010260";10;"19:15";"2";"95";"1";"1";"3";4;49;2
"10261";"202100010261";10;"21:30";"3";"76";"2";"2";"1";6;49;1
"10262";"202100010262";10;"16:30";"1";"91";"2";"1";"1";6;48;2
"10263";"202100010263";10;"08:45";"1";"974";"1";"1";"2";7;-20;55
"10264";"202100010264";10;"17:05";"1";"973";"2";"1";"1";3;4;-52
"10265";"202100010265";10;"22:10";"5";"69";"2";"1";"1";2;45;4
"10266";"202100010266";10;"17:45";"1";"69";"2";"1";"1";6;45;4
"10267";"202100010267";10;"16:00";"1";"69";"2";"1";"1";6;45;4
"10268";"202100010268";10;"05:50";"1";"971";"2";"2";"2";3;16;-61
"10269";"202100010269";10;"10:37";"1";"95";"2";"6";"7";6;48;2
"10270";"202100010270";10;"22:10";"5";"91";"2";"9";"2";3;48;2
"10271";"202100010271";10;"19:04";"2";"91";"1";"3";"1";3;48;2
"10272";"202100010272";10;"21:17";"5";"87";"2";"1";"1";6;45;1
"10273";"202100010273";10;"19:25";"1";"87";"2";"1";"1";2;45;1
"10274";"202100010274";10;"12:21";"1";"87";"2";"1";"1";6;45;1
"10275";"202100010275";10;"17:11";"1";"87";"2";"2";"1";3;45;1
"10276";"202100010276";10;"07:57";"2";"87";"2";"3";"1";3;45;1
"10277";"202100010277";10;"09:05";"1";"84";"2";"1";"1";6;43;4
"10278";"202100010278";10;"16:55";"1";"77";"2";"1";"3";6;48;2
"10279";"202100010279";10;"12:50";"1";"77";"1";"1";"1";6;48;2
"10280";"202100010280";10;"22:50";"5";"72";"2";"6";"2";3;47;0
"10281";"202100010281";10;"18:15";"1";"72";"2";"1";"1";6;48;0
"10282";"202100010282";9;"12:25";"1";"70";"2";"1";"1";3;47;6
"10283";"202100010283";10;"18:20";"5";"69";"2";"1";"1";3;45;4
"10284";"202100010284";10;"12:50";"1";"69";"2";"3";"1";3;45;4
"10285";"202100010285";10;"18:40";"5";"69";"2";"6";"1";3;45;4
"10286";"202100010286";10;"09:30";"1";"69";"2";"2";"1";3;45;4
"10287";"202100010287";10;"11:05";"1";"69";"2";"1";"1";6;45;4
"10288";"202100010288";10;"22:07";"3";"66";"2";"1";"1";3;42;2
"10289";"202100010289";10;"15:45";"1";"65";"2";"2";"2";3;43;0
"10290";"202100010290";10;"19:05";"1";"65";"2";"3";"1";3;43;0
"10291";"202100010291";10;"22:16";"5";"64";"2";"1";"2";5;43;-1
"10292";"202100010292";10;"12:50";"1";"64";"2";"1";"2";3;43;-1
"10293";"202100010293";10;"12:40";"1";"64";"2";"6";"2";7;43;-1
"10294";"202100010294";10;"17:35";"1";"64";"1";"1";"1";2;43;-1
"10295";"202100010295";10;"14:00";"1";"63";"1";"1";"1";4;45;3
"10296";"202100010296";10;"19:55";"5";"62";"2";"3";"1";3;50;2
"10297";"202100010297";10;"22:45";"3";"62";"2";"1";"1";6;50;2
"10298";"202100010298";10;"00:45";"5";"59";"1";"1";"1";7;50;3
"10299";"202100010299";10;"16:40";"1";"59";"2";"1";"1";3;50;3
"10300";"202100010300";10;"07:40";"2";"59";"2";"6";"1";3;50;3
"10301";"202100010301";10;"20:30";"3";"58";"2";"6";"1";7;46;3
"10302";"202100010302";10;"20:40";"5";"58";"2";"3";"1";3;46;3
"10303";"202100010303";10;"09:55";"1";"54";"2";"1";"1";6;48;6
"10304";"202100010304";10;"11:50";"1";"54";"1";"5";"1";3;48;6
"10305";"202100010305";10;"19:00";"2";"54";"1";"1";"1";6;48;6
"10306";"202100010306";10;"18:35";"5";"51";"2";"2";"1";4;49;4
"10307";"202100010307";10;"18:10";"5";"51";"2";"3";"3";7;49;4
"10308";"202100010308";10;"18:51";"5";"51";"2";"6";"1";7;49;4
"10309";"202100010309";10;"17:53";"1";"49";"2";"2";"1";3;47;0
"10310";"202100010310";10;"15:38";"1";"49";"2";"1";"1";7;47;0
"10311";"202100010311";10;"02:20";"5";"49";"2";"1";"1";7;47;0
"10312";"202100010312";10;"01:31";"5";"49";"2";"1";"1";6;47;0
"10313";"202100010313";10;"17:30";"1";"47";"2";"2";"1";3;44;0
"10314";"202100010314";10;"18:57";"5";"45";"2";"7";"2";2;47;1
"10315";"202100010315";10;"18:12";"2";"45";"2";"2";"2";3;47;1
"10316";"202100010316";10;"22:15";"5";"37";"2";"1";"1";6;47;0
"10317";"202100010317";10;"23:05";"5";"37";"2";"3";"1";3;47;0
"10318";"202100010318";10;"15:45";"1";"35";"2";"1";"7";2;48;-1
"10319";"202100010319";10;"15:00";"1";"34";"2";"1";"1";3;43;3
"10320";"202100010320";10;"16:35";"1";"34";"2";"6";"1";3;43;3
"10321";"202100010321";10;"16:20";"1";"33";"2";"9";"8";6;44;0
"10322";"202100010322";10;"14:05";"1";"33";"2";"1";"1";3;44;0
"10323";"202100010323";10;"11:10";"1";"31";"2";"1";"1";3;43;1
"10324";"202100010324";10;"11:55";"1";"27";"1";"1";"1";2;49;1
"10325";"202100010325";10;"03:50";"5";"27";"2";"1";"1";1;49;1
"10326";"202100010326";10;"19:30";"2";"19";"2";"3";"1";3;45;1
"10327";"202100010327";10;"16:39";"1";"17";"2";"1";"2";2;46;-1
"10328";"202100010328";10;"02:00";"5";"17";"2";"1";"1";6;46;-1
"10329";"202100010329";10;"18:50";"3";"14";"2";"1";"1";3;49;0
"10330";"202100010330";10;"14:00";"1";"14";"2";"1";"1";6;49;0
"10331";"202100010331";10;"17:55";"1";"14";"2";"9";"1";3;49;0
"10332";"202100010332";10;"15:45";"1";"13";"2";"1";"1";2;43;5
"10333";"202100010333";10;"14:30";"1";"13";"2";"1";"1";1;43;5
"10334";"202100010334";10;"11:00";"1";"13";"2";"2";"1";6;43;5
"10335";"202100010335";10;"18:00";"2";"10";"2";"1";"2";7;48;4
"10336";"202100010336";10;"10:57";"1";"10";"2";"6";"1";3;48;4
"10337";"202100010337";10;"19:30";"3";"06";"2";"1";"1";6;43;7
"10338";"202100010338";10;"18:00";"2";"06";"2";"1";"1";6;43;7
"10339";"202100010339";10;"13:15";"1";"02";"2";"1";"1";6;49;3
"10340";"202100010340";10;"20:00";"5";"75";"2";"1";"1";2;48;2
"10341";"202100010341";10;"22:20";"5";"75";"2";"1";"1";3;48;2
"10342";"202100010342";10;"01:38";"5";"75";"2";"1";"1";6;48;2
"10343";"202100010343";10;"13:35";"1";"75";"2";"3";"1";3;48;2
"10344";"202100010344";10;"01:05";"5";"75";"2";"2";"1";3;48;2
"10345";"202100010345";10;"19:30";"5";"75";"2";"2";"2";3;48;2
"10346";"202100010346";10;"05:50";"5";"75";"2";"5";"1";6;48;2
"10347";"202100010347";10;"09:50";"1";"75";"2";"3";"1";2;48;2
"10348";"202100010348";10;"09:30";"1";"75";"2";"4";"1";7;48;2
"10349";"202100010349";10;"13:00";"1";"75";"2";"2";"2";3;48;2
"10350";"202100010350";10;"07:55";"2";"75";"2";"4";"1";7;48;2
"10351";"202100010351";10;"21:00";"5";"75";"2";"1";"1";2;48;2
"10352";"202100010352";10;"16:02";"1";"75";"2";"3";"3";2;48;2
"10353";"202100010353";10;"16:20";"1";"75";"2";"3";"3";6;48;2
"10354";"202100010354";10;"15:25";"1";"75";"2";"3";"2";6;48;2
"10355";"202100010355";10;"02:20";"5";"75";"2";"3";"1";6;48;2
"10356";"202100010356";10;"17:30";"1";"75";"2";"4";"1";3;48;2
"10357";"202100010357";10;"15:50";"1";"75";"2";"7";"2";4;48;2
"10358";"202100010358";10;"14:25";"1";"94";"2";"9";"2";3;48;2
"10359";"202100010359";10;"13:30";"1";"94";"2";"3";"2";6;48;2
"10360";"202100010360";10;"17:00";"1";"94";"2";"2";"7";6;48;2
"10361";"202100010361";10;"19:50";"5";"94";"2";"2";"1";3;48;2
"10362";"202100010362";10;"10:20";"1";"94";"2";"9";"1";3;48;2
"10363";"202100010363";10;"19:30";"2";"94";"2";"1";"1";6;48;2
"10364";"202100010364";10;"18:30";"2";"94";"2";"1";"1";1;48;2
"10365";"202100010365";10;"20:00";"5";"94";"2";"2";"2";3;48;2
"10366";"202100010366";10;"11:45";"1";"94";"2";"1";"1";3;48;2
"10367";"202100010367";10;"04:30";"5";"94";"2";"4";"1";6;48;2
"10368";"202100010368";10;"14:05";"1";"93";"2";"2";"2";3;48;2
"10369";"202100010369";10;"20:00";"5";"93";"2";"9";"2";3;48;2
"10370";"202100010370";10;"17:45";"1";"93";"2";"1";"1";6;48;2
"10371";"202100010371";10;"17:25";"1";"93";"2";"2";"1";3;48;2
"10372";"202100010372";10;"16:10";"1";"93";"2";"3";"1";3;48;2
"10373";"202100010373";10;"17:15";"1";"93";"2";"1";"1";6;48;2
"10374";"202100010374";10;"20:55";"5";"93";"2";"1";"1";1;48;2
"10375";"202100010375";10;"12:40";"1";"93";"2";"9";"1";3;48;2
"10376";"202100010376";10;"17:15";"1";"93";"2";"1";"2";3;48;2
"10377";"202100010377";10;"09:10";"1";"93";"2";"1";"1";6;48;2
"10378";"202100010378";10;"12:20";"1";"93";"2";"9";"2";6;48;2
"10379";"202100010379";10;"16:25";"1";"92";"2";"1";"7";6;48;2
"10380";"202100010380";10;"15:40";"1";"92";"2";"1";"2";5;48;2
"10381";"202100010381";10;"17:50";"1";"92";"2";"1";"1";3;48;2
"10382";"202100010382";10;"15:25";"1";"92";"2";"1";"2";6;48;2
"10383";"202100010383";10;"12:45";"1";"92";"2";"1";"2";7;48;2
"10384";"202100010384";10;"16:00";"1";"92";"2";"1";"2";7;48;2
"10385";"202100010385";10;"00:30";"5";"92";"2";"1";"1";7;48;2
"10386";"202100010386";10;"22:40";"5";"92";"2";"2";"1";6;48;2
"10387";"202100010387";10;"17:52";"1";"92";"2";"1";"2";6;48;2
"10388";"202100010388";10;"16:05";"1";"92";"2";"1";"3";7;48;2
"10389";"202100010389";10;"13:30";"1";"92";"2";"9";"2";1;48;2
"10390";"202100010390";10;"15:45";"1";"01";"2";"1";"1";3;46;5
"10391";"202100010391";10;"07:20";"3";"91";"1";"2";"2";3;48;2
"10392";"202100010392";10;"19:00";"3";"41";"1";"1";"2";7;47;1
"10393";"202100010393";10;"12:30";"1";"83";"1";"1";"1";5;43;6
"10394";"202100010394";10;"18:30";"3";"972";"1";"1";"1";3;14;-60
"10395";"202100010395";10;"11:50";"1";"12";"1";"1";"1";6;44;2
"10396";"202100010396";10;"07:00";"3";"22";"1";"1";"3";7;48;-2
"10397";"202100010397";10;"01:55";"3";"48";"1";"1";"2";6;44;3
"10398";"202100010398";10;"15:00";"1";"91";"1";"1";"2";2;48;2
"10399";"202100010399";9;"15:30";"1";"51";"1";"1";"1";7;49;3
"10400";"202100010400";10;"21:00";"3";"56";"1";"1";"2";6;47;-2
"10401";"202100010401";10;"23:55";"3";"2B";"2";"1";"1";6;42;9
"10402";"202100010402";10;"15:10";"1";"82";"2";"1";"1";1;44;1
"10403";"202100010403";10;"11:50";"1";"11";"1";"1";"1";7;42;2
"10404";"202100010404";10;"21:50";"5";"63";"1";"1";"1";6;45;3
"10405";"202100010405";10;"11:10";"1";"76";"1";"1";"8";7;49;1
"10406";"202100010406";10;"00:45";"3";"49";"2";"1";"1";6;47;0
"10407";"202100010407";10;"06:30";"3";"42";"1";"1";"6";6;45;4
"10408";"202100010408";10;"12:20";"1";"44";"2";"6";"1";3;47;-1
"10409";"202100010409";10;"17:40";"1";"01";"2";"2";"1";7;46;5
"10410";"202100010410";10;"16:25";"1";"14";"2";"1";"1";3;49;0
"10411";"202100010411";10;"14:45";"1";"05";"2";"1";"1";6;44;6
"10412";"202100010412";10;"15:00";"1";"83";"1";"1";"1";6;43;5
"10413";"202100010413";10;"23:50";"3";"07";"1";"1";"2";7;44;4
"10414";"202100010414";10;"23:20";"3";"53";"1";"1";"1";7;48;0
"10415";"202100010415";10;"21:15";"5";"24";"2";"2";"8";6;45;0
"10416";"202100010416";10;"13:43";"1";"04";"1";"1";"1";6;43;5
"10417";"202100010417";10;"15:00";"1";"04";"1";"1";"8";7;44;6
"10418";"202100010418";10;"19:35";"3";"85";"1";"6";"1";6;46;-2
"10419";"202100010419";10;"16:15";"1";"85";"2";"1";"1";6;46;-1
"10420";"202100010420";10;"21:15";"4";"28";"2";"1";"1";1;48;1
"10421";"202100010421";10;"15:45";"1";"52";"1";"1";"1";7;48;4
"10422";"202100010422";10;"16:41";"1";"35";"1";"6";"1";3;48;-1
"10423";"202100010423";10;"19:30";"3";"973";"1";"1";"1";3;4;-52
"10424";"202100010424";10;"23:20";"5";"987";"1";"1";"1";2;-17;-149
"10425";"202100010425";10;"11:22";"1";"987";"2";"3";"3";3;-16;-151
"10426";"202100010426";10;"12:35";"1";"06";"1";"1";"1";2;43;6
"10427";"202100010427";10;"19:22";"3";"33";"1";"1";"2";1;44;0
"10428";"202100010428";10;"21:20";"3";"69";"1";"1";"1";4;46;4
"10429";"202100010429";10;"20:40";"3";"77";"1";"1";"2";3;48;2
"10430";"202100010430";10;"21:35";"3";"33";"1";"6";"1";2;44;-1
"10431";"202100010431";10;"07:05";"3";"77";"1";"1";"1";3;48;2
"10432";"202100010432";10;"13:05";"1";"78";"2";"3";"2";2;48;1
"10433";"202100010433";10;"02:20";"3";"34";"1";"1";"2";6;43;3
"10434";"202100010434";10;"10:30";"1";"05";"1";"1";"2";1;44;6
"10435";"202100010435";10;"05:47";"3";"13";"1";"1";"2";6;43;5
"10436";"202100010436";10;"11:50";"1";"13";"1";"1";"1";1;43;5
"10437";"202100010437";10;"13:25";"1";"13";"1";"1";"1";7;43;5
"10438";"202100010438";10;"07:38";"2";"71";"2";"1";"1";3;46;4
"10439";"202100010439";10;"16:00";"1";"21";"2";"1";"7";6;47;5
"10440";"202100010440";10;"21:30";"5";"52";"2";"3";"1";1;47;5
"10441";"202100010441";10;"09:50";"1";"67";"2";"1";"7";6;48;7
"10442";"202100010442";10;"08:21";"2";"38";"2";"2";"1";3;45;5
"10443";"202100010443";10;"17:20";"1";"69";"2";"3";"1";3;45;4
"10444";"202100010444";10;"17:25";"1";"49";"1";"1";"1";1;47;0
"10445";"202100010445";10;"14:00";"1";"22";"1";"1";"1";1;48;-2
"10446";"202100010446";10;"17:42";"1";"35";"1";"2";"1";3;47;-1
"10447";"202100010447";10;"12:00";"1";"76";"1";"1";"1";7;49;0
"10448";"202100010448";10;"08:25";"1";"60";"1";"1";"2";1;49;1
"10449";"202100010449";10;"16:30";"1";"13";"1";"1";"1";2;43;5
"10450";"202100010450";10;"18:35";"1";"13";"1";"1";"1";2;43;5
"10451";"202100010451";10;"19:45";"3";"69";"1";"1";"1";2;45;4
"10452";"202100010452";10;"11:20";"1";"69";"1";"1";"1";2;45;4
"10453";"202100010453";10;"11:45";"1";"42";"1";"1";"1";3;45;4
"10454";"202100010454";6;"05:50";"3";"57";"1";"1";"1";7;49;5
"10455";"202100010455";10;"18:20";"1";"92";"1";"1";"1";3;48;2
"10456";"202100010456";10;"13:55";"1";"94";"1";"1";"2";3;48;2
"10457";"202100010457";10;"13:30";"1";"91";"1";"1";"2";2;48;2
"10458";"202100010458";10;"13:40";"1";"91";"1";"1";"2";7;48;2
"10459";"202100010459";10;"08:30";"1";"91";"1";"1";"1";3;48;2
"10460";"202100010460";10;"19:10";"2";"93";"1";"1";"2";7;48;2
"10461";"202100010461";10;"16:15";"1";"93";"1";"1";"2";7;48;2
"10462";"202100010462";10;"11:10";"1";"92";"1";"1";"1";3;48;2
"10463";"202100010463";10;"10:35";"1";"93";"1";"1";"1";7;48;2
"10464";"202100010464";10;"12:35";"1";"94";"1";"1";"2";2;48;2
"10465";"202100010465";10;"13:00";"1";"94";"2";"9";"1";6;48;2
"10466";"202100010466";8;"20:00";"1";"34";"1";"1";"1";4;43;3
"10467";"202100010467";10;"18:20";"5";"976";"2";"9";"1";3;-12;45
"10468";"202100010468";10;"19:15";"5";"974";"2";"2";"1";1;-20;55
"10469";"202100010469";8;"19:46";"1";"973";"2";"3";"1";3;4;-52
"10470";"202100010470";10;"17:45";"2";"69";"1";"9";"1";3;45;4
"10471";"202100010471";10;"11:20";"1";"69";"2";"2";"1";6;45;4
"10472";"202100010472";10;"13:25";"1";"69";"2";"1";"1";6;45;4
"10473";"202100010473";10;"09:20";"1";"69";"2";"1";"1";3;45;4
"10474";"202100010474";10;"00:15";"5";"69";"2";"1";"1";2;45;4
"10475";"202100010475";10;"17:20";"2";"69";"2";"1";"7";6;45;4
"10476";"202100010476";10;"14:40";"1";"971";"1";"1";"1";1;16;-61
"10477";"202100010477";10;"16:00";"1";"2A";"2";"6";"1";3;41;8
"10478";"202100010478";10;"17:30";"1";"95";"2";"3";"1";5;49;2
"10479";"202100010479";10;"19:20";"5";"91";"2";"1";"1";2;48;2
"10480";"202100010480";10;"15:30";"1";"91";"2";"3";"1";6;48;2
"10481";"202100010481";10;"08:55";"1";"91";"2";"1";"1";6;48;2
"10482";"202100010482";10;"09:15";"1";"91";"2";"2";"1";3;48;2
"10483";"202100010483";10;"06:05";"4";"91";"2";"1";"3";6;48;2
"10484";"202100010484";10;"06:20";"5";"91";"2";"6";"1";3;48;2
"10485";"202100010485";10;"12:05";"1";"86";"2";"2";"1";3;46;0
"10486";"202100010486";10;"05:50";"4";"84";"2";"1";"1";6;43;4
"10487";"202100010487";10;"14:15";"1";"83";"1";"1";"1";3;43;6
"10488";"202100010488";10;"07:45";"2";"81";"2";"3";"1";3;43;2
"10489";"202100010489";10;"08:40";"1";"80";"2";"1";"1";3;49;2
"10490";"202100010490";10;"12:00";"1";"80";"2";"1";"1";6;49;2
"10491";"202100010491";10;"14:50";"1";"77";"2";"3";"1";3;48;2
"10492";"202100010492";10;"15:05";"1";"77";"2";"1";"1";2;48;2
"10493";"202100010493";10;"18:05";"1";"77";"2";"1";"1";6;48;2
"10494";"202100010494";10;"16:10";"1";"77";"1";"1";"1";6;48;2
"10495";"202100010495";10;"20:00";"3";"76";"2";"2";"1";5;49;1
"10496";"202100010496";10;"22:00";"5";"76";"2";"1";"1";7;49;0
"10497";"202100010497";10;"15:40";"1";"76";"1";"6";"1";3;49;1
"10498";"202100010498";10;"08:30";"1";"71";"2";"1";"5";7;46;4
"10499";"202100010499";10;"16:30";"1";"71";"2";"3";"1";1;46;4
"10500";"202100010500";10;"12:35";"1";"71";"2";"1";"1";7;46;4
"10501";"202100010501";10;"09:50";"1";"71";"2";"1";"1";6;46;4
"10502";"202100010502";10;"06:48";"5";"69";"1";"1";"5";1;45;4
"10503";"202100010503";10;"11:50";"1";"65";"2";"3";"1";6;43;0
"10504";"202100010504";10;"16:33";"1";"65";"1";"1";"1";6;43;0
"10505";"202100010505";10;"16:00";"1";"65";"2";"3";"1";6;43;0
"10506";"202100010506";10;"16:55";"1";"64";"2";"1";"1";4;43;0
"10507";"202100010507";10;"16:50";"1";"64";"2";"6";"1";3;43;0
"10508";"202100010508";10;"18:10";"1";"64";"2";"1";"1";3;43;-1
"10509";"202100010509";10;"07:56";"4";"63";"2";"5";"1";1;45;3
"10510";"202100010510";10;"19:20";"1";"62";"2";"1";"1";3;50;2
"10511";"202100010511";10;"18:45";"2";"62";"2";"1";"1";6;50;2
"10512";"202100010512";10;"11:45";"1";"62";"2";"6";"7";6;50;1
"10513";"202100010513";10;"12:30";"1";"61";"2";"3";"1";3;48;0
"10514";"202100010514";10;"13:45";"1";"61";"2";"1";"1";6;48;0
"10515";"202100010515";10;"20:50";"3";"60";"1";"1";"1";1;49;2
"10516";"202100010516";10;"13:45";"1";"59";"2";"1";"1";6;50;3
"10517";"202100010517";10;"17:30";"1";"59";"2";"3";"1";6;50;3
"10518";"202100010518";10;"15:20";"1";"59";"2";"1";"1";6;50;2
"10519";"202100010519";10;"16:30";"1";"56";"1";"3";"7";3;47;-3
"10520";"202100010520";10;"11:30";"1";"49";"2";"2";"1";5;47;0
"10521";"202100010521";10;"15:22";"1";"49";"2";"1";"1";3;47;0
"10522";"202100010522";10;"08:50";"1";"49";"2";"1";"1";6;47;0
"10523";"202100010523";10;"08:17";"1";"49";"2";"1";"1";3;47;0
"10524";"202100010524";10;"20:15";"5";"49";"2";"3";"1";1;47;0
"10525";"202100010525";10;"18:03";"1";"49";"2";"1";"1";3;47;0
"10526";"202100010526";10;"16:30";"1";"45";"2";"3";"1";3;47;1
"10527";"202100010527";10;"11:00";"1";"42";"1";"1";"1";7;45;4
"10528";"202100010528";10;"16:42";"1";"42";"2";"1";"1";6;45;4
"10529";"202100010529";10;"08:07";"1";"42";"2";"4";"1";6;46;4
"10530";"202100010530";10;"00:00";"5";"37";"2";"1";"1";6;47;0
"10531";"202100010531";10;"18:40";"1";"35";"1";"1";"1";3;48;-1
"10532";"202100010532";10;"17:20";"1";"35";"2";"1";"1";3;48;-1
"10533";"202100010533";10;"08:45";"1";"35";"2";"3";"1";6;48;-1
"10534";"202100010534";10;"19:40";"5";"33";"2";"2";"1";1;44;0
"10535";"202100010535";10;"17:50";"1";"31";"1";"1";"1";2;43;1
"10536";"202100010536";10;"15:00";"1";"31";"2";"1";"1";3;43;1
"10537";"202100010537";10;"21:35";"3";"29";"1";"9";"2";3;48;-4
"10538";"202100010538";10;"16:30";"1";"29";"2";"1";"1";2;47;-3
"10539";"202100010539";10;"19:15";"2";"27";"2";"1";"1";3;49;1
"10540";"202100010540";10;"23:30";"5";"25";"2";"2";"1";3;47;6
"10541";"202100010541";10;"21:05";"5";"13";"2";"1";"1";3;43;5
"10542";"202100010542";10;"13:20";"1";"13";"2";"1";"1";1;43;5
"10543";"202100010543";10;"13:30";"1";"13";"2";"1";"1";6;43;5
"10544";"202100010544";10;"22:00";"5";"13";"2";"4";"1";2;43;5
"10545";"202100010545";10;"17:15";"1";"11";"2";"1";"1";3;43;2
"10546";"202100010546";10;"17:26";"1";"10";"2";"1";"1";2;48;4
"10547";"202100010547";10;"16:39";"1";"10";"1";"1";"1";3;48;4
"10548";"202100010548";10;"16:20";"1";"07";"1";"9";"1";7;44;4
"10549";"202100010549";10;"07:45";"2";"06";"2";"1";"1";7;43;7
"10550";"202100010550";10;"09:40";"1";"06";"2";"1";"1";3;43;6
"10551";"202100010551";10;"17:50";"1";"75";"2";"2";"7";6;48;2
"10552";"202100010552";10;"14:55";"1";"75";"2";"3";"1";6;48;2
"10553";"202100010553";10;"18:30";"5";"75";"2";"1";"1";6;48;2
"10554";"202100010554";10;"15:30";"1";"75";"2";"1";"1";6;48;2
"10555";"202100010555";10;"09:20";"1";"75";"2";"3";"1";7;48;2
"10556";"202100010556";10;"17:45";"1";"75";"2";"3";"1";2;48;2
"10557";"202100010557";10;"17:40";"1";"75";"2";"4";"1";3;48;2
"10558";"202100010558";10;"15:15";"1";"75";"2";"1";"1";3;48;2
"10559";"202100010559";10;"16:40";"1";"75";"2";"2";"1";6;48;2
"10560";"202100010560";10;"16:40";"1";"75";"2";"3";"1";6;48;2
"10561";"202100010561";10;"06:30";"3";"75";"2";"1";"1";2;48;2
"10562";"202100010562";10;"00:15";"5";"75";"2";"3";"1";6;48;2
"10563";"202100010563";10;"20:30";"5";"75";"2";"3";"1";3;48;2
"10564";"202100010564";10;"14:20";"1";"75";"2";"3";"1";3;48;2
"10565";"202100010565";10;"15:30";"1";"75";"2";"1";"1";5;48;2
"10566";"202100010566";10;"09:40";"1";"75";"2";"4";"1";3;48;2
"10567";"202100010567";10;"09:30";"1";"75";"2";"2";"1";2;48;2
"10568";"202100010568";10;"00:10";"5";"75";"2";"3";"1";3;48;2
"10569";"202100010569";10;"20:00";"5";"75";"2";"2";"1";4;48;2
"10570";"202100010570";10;"20:45";"5";"75";"2";"7";"1";3;48;2
"10571";"202100010571";10;"08:40";"1";"75";"2";"3";"1";3;48;2
"10572";"202100010572";10;"17:50";"1";"75";"2";"2";"1";6;48;2
"10573";"202100010573";10;"20:45";"5";"75";"2";"3";"1";6;48;2
"10574";"202100010574";10;"08:15";"1";"94";"2";"2";"5";3;48;2
"10575";"202100010575";10;"14:01";"1";"94";"2";"1";"1";3;48;2
"10576";"202100010576";10;"09:35";"1";"94";"2";"1";"1";2;48;2
"10577";"202100010577";10;"20:10";"5";"94";"2";"3";"8";3;48;2
"10578";"202100010578";10;"15:20";"1";"94";"2";"3";"1";3;48;2
"10579";"202100010579";10;"19:50";"5";"94";"2";"1";"1";2;48;2
"10580";"202100010580";10;"10:00";"1";"93";"2";"3";"1";1;48;2
"10581";"202100010581";10;"07:45";"1";"93";"2";"9";"1";2;48;2
"10582";"202100010582";10;"13:09";"1";"93";"2";"1";"1";6;48;2
"10583";"202100010583";10;"13:30";"1";"93";"2";"1";"1";1;48;2
"10584";"202100010584";10;"14:40";"1";"93";"2";"1";"1";3;48;2
"10585";"202100010585";10;"16:20";"1";"93";"2";"2";"1";3;48;2
"10586";"202100010586";10;"07:00";"5";"93";"2";"3";"1";1;48;2
"10587";"202100010587";10;"18:50";"5";"93";"2";"1";"1";3;48;2
"10588";"202100010588";10;"23:18";"5";"93";"2";"1";"1";6;48;2
"10589";"202100010589";10;"16:40";"1";"93";"1";"1";"1";2;48;2
"10590";"202100010590";10;"12:36";"1";"93";"2";"1";"1";3;48;2
"10591";"202100010591";10;"03:00";"5";"92";"2";"1";"1";6;48;2
"10592";"202100010592";10;"18:00";"1";"92";"2";"2";"1";6;48;2
"10593";"202100010593";10;"13:46";"1";"92";"2";"1";"1";2;48;2
"10594";"202100010594";10;"10:00";"1";"92";"2";"1";"1";7;48;2
"10595";"202100010595";10;"15:25";"1";"92";"2";"2";"1";3;48;2
"10596";"202100010596";10;"07:40";"5";"49";"2";"1";"2";3;47;0
"10597";"202100010597";10;"14:00";"1";"12";"1";"2";"1";3;43;2
"10598";"202100010598";10;"08:45";"1";"33";"2";"3";"1";1;44;0
"10599";"202100010599";10;"21:04";"3";"33";"1";"1";"1";6;44;0
"10600";"202100010600";10;"09:04";"1";"06";"1";"1";"1";1;43;7