"";"Num_Acc";"mois";"hrmn";"lum";"dep";"agg";"int";"atm";"col";"lat";"long"
"10601";"202100010601";10;"16:55";"1";"28";"1";"1";"1";2;48;1
"10602";"202100010602";10;"13:58";"1";"85";"2";"1";"1";3;46;-1
"10603";"202100010603";10;"11:35";"1";"23";"1";"1";"1";1;46;1
"10604";"202100010604";9;"18:55";"1";"51";"1";"1";"1";7;49;3
"10605";"202100010605";10;"19:30";"3";"56";"1";"1";"1";6;48;-3
"10606";"202100010606";10;"05:00";"3";"74";"1";"1";"5";7;46;6
"10607";"202100010607";10;"10:10";"1";"2B";"2";"3";"1";2;42;8
"10608";"202100010608";10;"06:15";"3";"80";"1";"1";"1";6;49;2
"10609";"202100010609";10;"17:08";"1";"32";"1";"1";"1";6;43;0
"10610";"202100010610";10;"20:30";"3";"32";"2";"1";"1";6;43;0
"10611";"202100010611";10;"21:45";"3";"63";"1";"9";"1";6;45;3
"10612";"202100010612";10;"17:10";"2";"25";"1";"1";"1";3;47;6
"10613";"202100010613";10;"17:35";"1";"44";"1";"1";"1";1;47;-2
"10614";"202100010614";10;"05:00";"3";"29";"1";"1";"1";6;48;-3
"10615";"202100010615";10;"17:00";"1";"29";"1";"1";"8";7;48;-4
"10616";"202100010616";10;"16:45";"1";"38";"2";"6";"1";2;45;5
"10617";"202100010617";10;"14:45";"1";"38";"1";"1";"1";6;44;5
"10618";"202100010618";10;"15:00";"1";"03";"2";"3";"1";1;46;3
"10619";"202100010619";10;"19:20";"3";"26";"1";"1";"1";6;44;4
"10620";"202100010620";10;"18:00";"1";"26";"1";"2";"1";1;44;4
"10621";"202100010621";10;"07:30";"1";"58";"2";"1";"1";7;46;3
"10622";"202100010622";10;"16:05";"1";"72";"1";"8";"1";3;48;0
"10623";"202100010623";10;"14:40";"1";"90";"1";"3";"7";3;47;6
"10624";"202100010624";10;"07:15";"3";"36";"1";"1";"1";6;46;1
"10625";"202100010625";10;"12:00";"1";"16";"1";"2";"1";3;45;0
"10626";"202100010626";10;"12:15";"1";"24";"1";"2";"1";3;45;0
"10627";"202100010627";10;"18:45";"1";"27";"1";"1";"1";6;48;0
"10628";"202100010628";10;"12:44";"1";"28";"1";"1";"7";1;48;1
"10629";"202100010629";10;"23:28";"3";"87";"1";"1";"2";7;45;1
"10630";"202100010630";10;"03:45";"3";"88";"1";"1";"1";6;48;6
"10631";"202100010631";10;"12:25";"1";"95";"2";"1";"1";6;49;2
"10632";"202100010632";10;"22:20";"5";"38";"2";"1";"1";1;45;5
"10633";"202100010633";10;"13:50";"1";"25";"1";"1";"1";6;47;6
"10634";"202100010634";10;"18:10";"2";"38";"1";"3";"1";1;45;5
"10635";"202100010635";10;"09:00";"1";"37";"2";"1";"1";2;47;0
"10636";"202100010636";9;"01:25";"3";"28";"1";"1";"5";6;48;1
"10637";"202100010637";10;"18:50";"3";"95";"2";"1";"1";3;49;2
"10638";"202100010638";10;"07:15";"3";"34";"1";"9";"2";7;43;4
"10639";"202100010639";10;"17:40";"1";"13";"1";"1";"1";3;43;4
"10640";"202100010640";10;"18:00";"3";"74";"1";"1";"1";1;46;6
"10641";"202100010641";10;"12:45";"1";"74";"1";"4";"1";3;45;6
"10642";"202100010642";10;"12:10";"1";"44";"2";"1";"1";3;47;-1
"10643";"202100010643";9;"23:37";"5";"38";"2";"2";"1";1;45;5
"10644";"202100010644";10;"19:50";"3";"69";"1";"1";"1";7;45;4
"10645";"202100010645";10;"14:30";"1";"81";"1";"2";"1";5;43;1
"10646";"202100010646";10;"15:05";"1";"09";"1";"4";"1";1;42;1
"10647";"202100010647";10;"12:20";"1";"09";"1";"1";"1";1;43;1
"10648";"202100010648";10;"17:30";"1";"09";"2";"1";"1";7;42;1
"10649";"202100010649";10;"16:55";"1";"44";"1";"2";"1";3;47;-2
"10650";"202100010650";10;"19:13";"3";"44";"1";"3";"2";5;47;-1
"10651";"202100010651";10;"16:40";"1";"44";"1";"1";"1";6;47;-1
"10652";"202100010652";10;"15:35";"1";"14";"1";"1";"1";5;48;0
"10653";"202100010653";10;"21:30";"3";"56";"1";"3";"1";3;47;-2
"10654";"202100010654";10;"21:45";"3";"29";"1";"1";"3";7;48;-4
"10655";"202100010655";10;"14:50";"1";"62";"1";"1";"2";3;50;3
"10656";"202100010656";10;"12:00";"1";"59";"2";"6";"1";3;50;2
"10657";"202100010657";10;"18:28";"1";"13";"1";"1";"1";6;43;5
"10658";"202100010658";10;"10:56";"1";"13";"1";"1";"1";4;43;5
"10659";"202100010659";10;"16:20";"1";"13";"1";"1";"1";5;43;5
"10660";"202100010660";10;"20:44";"5";"13";"1";"1";"1";1;43;5
"10661";"202100010661";10;"16:40";"1";"69";"1";"1";"1";3;45;4
"10662";"202100010662";10;"09:05";"1";"33";"1";"1";"1";4;44;0
"10663";"202100010663";10;"14:10";"1";"59";"1";"1";"1";5;50;3
"10664";"202100010664";10;"19:30";"5";"91";"1";"1";"1";4;48;2
"10665";"202100010665";10;"13:57";"1";"91";"1";"1";"1";3;48;2
"10666";"202100010666";10;"06:55";"4";"91";"1";"1";"1";5;48;2
"10667";"202100010667";10;"08:05";"2";"91";"1";"1";"1";3;48;2
"10668";"202100010668";10;"15:00";"1";"91";"1";"1";"1";2;48;2
"10669";"202100010669";10;"18:00";"2";"78";"1";"1";"1";2;48;2
"10670";"202100010670";10;"17:55";"1";"78";"1";"1";"1";2;48;1
"10671";"202100010671";10;"17:45";"1";"93";"1";"1";"1";2;48;2
"10672";"202100010672";10;"19:00";"4";"93";"1";"1";"1";5;48;2
"10673";"202100010673";10;"18:30";"3";"93";"1";"1";"1";2;48;2
"10674";"202100010674";10;"15:45";"1";"95";"1";"1";"1";4;48;2
"10675";"202100010675";10;"16:15";"1";"93";"1";"1";"1";2;48;2
"10676";"202100010676";10;"05:30";"3";"93";"1";"1";"8";2;48;2
"10677";"202100010677";10;"18:20";"3";"93";"1";"1";"1";5;48;2
"10678";"202100010678";10;"17:50";"3";"94";"1";"1";"1";2;48;2
"10679";"202100010679";10;"20:15";"5";"92";"2";"1";"1";6;48;2
"10680";"202100010680";10;"07:55";"1";"974";"2";"9";"1";1;-20;55
"10681";"202100010681";10;"14:45";"1";"973";"2";"1";"1";6;4;-52
"10682";"202100010682";10;"13:40";"1";"973";"2";"1";"1";6;4;-52
"10683";"202100010683";10;"22:05";"5";"69";"2";"2";"1";3;45;4
"10684";"202100010684";10;"19:00";"5";"69";"2";"1";"1";1;45;4
"10685";"202100010685";10;"07:40";"1";"972";"1";"1";"1";6;14;-61
"10686";"202100010686";10;"03:44";"5";"2B";"2";"1";"1";6;42;9
"10687";"202100010687";10;"17:09";"1";"95";"2";"1";"1";2;48;2
"10688";"202100010688";10;"17:16";"1";"88";"2";"3";"1";3;48;6
"10689";"202100010689";10;"07:45";"2";"83";"2";"4";"1";6;43;5
"10690";"202100010690";10;"00:10";"5";"78";"2";"3";"1";3;48;2
"10691";"202100010691";10;"10:30";"1";"77";"2";"1";"1";6;48;2
"10692";"202100010692";10;"20:29";"3";"77";"1";"1";"1";1;48;2
"10693";"202100010693";10;"17:00";"1";"77";"2";"1";"1";6;48;2
"10694";"202100010694";10;"09:00";"1";"76";"2";"2";"1";3;49;1
"10695";"202100010695";9;"05:02";"5";"73";"2";"1";"1";6;45;5
"10696";"202100010696";10;"13:00";"1";"69";"2";"1";"1";7;45;4
"10697";"202100010697";10;"16:30";"1";"66";"2";"3";"1";3;42;2
"10698";"202100010698";10;"07:36";"5";"66";"2";"1";"1";6;42;2
"10699";"202100010699";10;"13:32";"1";"63";"2";"1";"1";2;45;3
"10700";"202100010700";10;"21:24";"3";"63";"2";"1";"1";6;45;3
"10701";"202100010701";10;"14:41";"1";"63";"1";"1";"1";2;45;3
"10702";"202100010702";10;"11:35";"1";"59";"2";"1";"1";6;50;3
"10703";"202100010703";10;"10:20";"1";"57";"2";"1";"7";6;49;6
"10704";"202100010704";10;"16:05";"1";"52";"2";"1";"1";3;48;4
"10705";"202100010705";10;"20:00";"5";"50";"2";"2";"1";3;49;-1
"10706";"202100010706";10;"17:00";"1";"49";"2";"1";"1";1;47;0
"10707";"202100010707";10;"08:00";"5";"49";"2";"2";"1";3;47;0
"10708";"202100010708";10;"10:00";"1";"49";"2";"5";"1";3;47;0
"10709";"202100010709";10;"18:25";"1";"44";"2";"2";"1";3;47;-2
"10710";"202100010710";10;"14:29";"1";"43";"2";"1";"1";2;45;3
"10711";"202100010711";10;"04:20";"3";"37";"2";"1";"1";6;47;0
"10712";"202100010712";10;"20:00";"5";"36";"2";"1";"1";6;46;1
"10713";"202100010713";10;"17:00";"1";"35";"2";"3";"1";2;48;-1
"10714";"202100010714";10;"23:05";"5";"33";"2";"3";"1";6;44;0
"10715";"202100010715";10;"03:32";"5";"33";"2";"1";"1";2;44;0
"10716";"202100010716";10;"14:40";"1";"31";"2";"1";"1";6;43;1
"10717";"202100010717";10;"08:00";"2";"31";"2";"1";"1";6;43;1
"10718";"202100010718";10;"12:45";"1";"31";"2";"9";"1";3;43;1
"10719";"202100010719";10;"15:12";"1";"31";"2";"1";"1";4;43;0
"10720";"202100010720";10;"19:00";"3";"29";"1";"1";"1";6;48;-4
"10721";"202100010721";10;"08:05";"2";"27";"2";"4";"5";6;49;1
"10722";"202100010722";10;"17:25";"1";"70";"2";"1";"1";6;47;6
"10723";"202100010723";10;"17:15";"1";"18";"2";"9";"1";3;47;2
"10724";"202100010724";10;"15:10";"1";"18";"2";"9";"1";3;47;2
"10725";"202100010725";10;"15:38";"1";"17";"2";"1";"1";6;46;-1
"10726";"202100010726";10;"19:00";"5";"13";"2";"1";"1";2;43;5
"10727";"202100010727";10;"21:20";"5";"13";"2";"1";"1";3;43;5
"10728";"202100010728";9;"17:45";"1";"13";"2";"1";"1";1;43;5
"10729";"202100010729";10;"15:52";"1";"13";"2";"1";"1";1;43;5
"10730";"202100010730";10;"12:30";"1";"13";"2";"1";"1";6;43;5
"10731";"202100010731";10;"11:15";"1";"75";"2";"1";"1";4;48;2
"10732";"202100010732";10;"07:40";"3";"75";"2";"1";"1";3;48;2
"10733";"202100010733";10;"13:40";"1";"75";"2";"1";"1";6;48;2
"10734";"202100010734";10;"22:38";"5";"75";"2";"1";"1";4;48;2
"10735";"202100010735";10;"14:15";"1";"75";"2";"3";"1";6;48;2
"10736";"202100010736";10;"02:45";"5";"75";"2";"7";"1";3;48;2
"10737";"202100010737";10;"22:00";"5";"75";"2";"2";"1";3;48;2
"10738";"202100010738";10;"19:35";"5";"75";"2";"2";"1";2;48;2
"10739";"202100010739";10;"12:40";"1";"75";"2";"2";"1";6;48;2
"10740";"202100010740";10;"19:55";"5";"75";"2";"2";"1";7;48;2
"10741";"202100010741";10;"22:50";"5";"75";"2";"7";"1";3;48;2
"10742";"202100010742";10;"12:40";"1";"75";"2";"2";"1";6;48;2
"10743";"202100010743";10;"17:15";"1";"94";"2";"1";"1";3;48;2
"10744";"202100010744";10;"20:15";"5";"94";"2";"3";"1";2;48;2
"10745";"202100010745";10;"05:45";"5";"94";"2";"1";"1";3;48;2
"10746";"202100010746";10;"20:15";"5";"94";"2";"9";"1";3;48;2
"10747";"202100010747";10;"21:00";"5";"93";"2";"1";"1";6;48;2
"10748";"202100010748";10;"19:17";"3";"93";"2";"1";"1";6;48;2
"10749";"202100010749";10;"13:00";"1";"93";"2";"1";"1";3;48;2
"10750";"202100010750";10;"09:45";"1";"93";"2";"1";"1";3;48;2
"10751";"202100010751";10;"16:15";"1";"93";"2";"1";"1";3;48;2
"10752";"202100010752";10;"10:30";"1";"93";"2";"2";"1";3;48;2
"10753";"202100010753";10;"20:10";"5";"93";"2";"1";"1";6;48;2
"10754";"202100010754";10;"16:20";"1";"93";"2";"2";"1";3;48;2
"10755";"202100010755";10;"14:38";"1";"93";"2";"1";"1";6;48;2
"10756";"202100010756";10;"22:24";"5";"92";"2";"9";"1";3;48;2
"10757";"202100010757";10;"19:20";"5";"92";"2";"1";"1";2;48;2
"10758";"202100010758";10;"11:50";"1";"92";"2";"1";"1";6;48;2
"10759";"202100010759";10;"01:00";"5";"2A";"2";"1";"1";7;42;8
"10760";"202100010760";10;"07:45";"2";"83";"1";"1";"1";3;43;6
"10761";"202100010761";10;"16:40";"1";"86";"1";"1";"1";2;46;0
"10762";"202100010762";10;"21:30";"5";"95";"2";"1";"1";6;49;2
"10763";"202100010763";10;"20:11";"3";"95";"2";"1";"1";2;49;2
"10764";"202100010764";10;"02:05";"4";"33";"2";"1";"1";6;44;0
"10765";"202100010765";10;"15:25";"1";"68";"1";"1";"1";1;48;7
"10766";"202100010766";10;"12:30";"1";"63";"1";"1";"1";6;45;3
"10767";"202100010767";10;"08:45";"1";"59";"1";"1";"1";7;50;2
"10768";"202100010768";10;"10:00";"1";"62";"1";"1";"1";6;50;2
"10769";"202100010769";10;"16:55";"1";"51";"1";"2";"7";3;48;4
"10770";"202100010770";10;"17:10";"2";"19";"1";"1";"7";3;45;2
"10771";"202100010771";10;"12:00";"1";"95";"1";"1";"1";2;49;2
"10772";"202100010772";10;"16:38";"1";"56";"1";"1";"1";6;47;-2
"10773";"202100010773";10;"17:15";"1";"79";"1";"1";"1";2;46;0
"10774";"202100010774";10;"14:30";"1";"82";"2";"1";"1";6;44;1
"10775";"202100010775";10;"16:45";"1";"69";"1";"1";"1";1;45;4
"10776";"202100010776";10;"07:50";"2";"32";"2";"1";"5";6;43;0
"10777";"202100010777";10;"19:20";"3";"71";"1";"6";"1";7;46;4
"10778";"202100010778";10;"17:00";"1";"76";"1";"1";"1";7;50;1
"10779";"202100010779";10;"13:23";"1";"61";"2";"6";"1";6;48;0
"10780";"202100010780";10;"07:30";"1";"49";"1";"3";"1";3;47;0
"10781";"202100010781";10;"12:40";"1";"01";"1";"1";"7";1;45;5
"10782";"202100010782";10;"18:45";"2";"34";"1";"1";"1";1;43;3
"10783";"202100010783";10;"15:15";"1";"22";"1";"3";"1";1;48;-3
"10784";"202100010784";10;"18:45";"2";"44";"1";"1";"1";6;47;-1
"10785";"202100010785";10;"15:40";"1";"44";"1";"2";"1";3;47;-1
"10786";"202100010786";10;"03:00";"3";"84";"1";"1";"1";-1;43;5
"10787";"202100010787";9;"07:00";"2";"06";"1";"1";"2";2;43;7
"10788";"202100010788";10;"19:40";"3";"14";"1";"1";"1";2;49;0
"10789";"202100010789";10;"16:15";"1";"45";"1";"1";"1";2;48;2
"10790";"202100010790";10;"17:02";"1";"45";"1";"1";"7";3;47;1
"10791";"202100010791";10;"21:30";"3";"16";"1";"9";"1";6;45;0
"10792";"202100010792";10;"10:20";"1";"07";"1";"1";"1";1;44;4
"10793";"202100010793";10;"06:40";"2";"07";"2";"1";"1";6;45;4
"10794";"202100010794";10;"19:00";"3";"21";"1";"1";"1";7;47;5
"10795";"202100010795";10;"14:45";"1";"24";"2";"2";"1";3;45;1
"10796";"202100010796";10;"15:30";"1";"85";"1";"2";"1";3;46;-1
"10797";"202100010797";10;"19:00";"3";"34";"1";"3";"1";3;43;3
"10798";"202100010798";10;"07:30";"2";"68";"1";"1";"1";4;47;7
"10799";"202100010799";10;"16:15";"1";"27";"1";"1";"1";6;49;0
"10800";"202100010800";10;"12:00";"1";"971";"1";"1";"1";6;16;-61
"10801";"202100010801";10;"16:00";"1";"30";"1";"9";"1";3;44;4
"10802";"202100010802";10;"20:45";"5";"11";"2";"1";"1";6;43;1
"10803";"202100010803";10;"13:10";"1";"34";"1";"1";"8";7;43;4
"10804";"202100010804";10;"20:40";"3";"84";"2";"4";"1";6;43;4
"10805";"202100010805";10;"19:35";"3";"06";"2";"1";"1";6;43;7
"10806";"202100010806";10;"10:15";"1";"13";"1";"1";"1";3;43;5
"10807";"202100010807";10;"11:40";"1";"67";"1";"2";"1";1;48;7
"10808";"202100010808";10;"15:00";"1";"88";"1";"1";"7";2;48;5
"10809";"202100010809";10;"15:20";"1";"88";"2";"2";"1";3;48;6
"10810";"202100010810";10;"17:15";"2";"54";"1";"2";"1";6;48;6
"10811";"202100010811";6;"19:00";"2";"07";"2";"3";"1";3;45;4
"10812";"202100010812";10;"17:05";"1";"69";"2";"3";"1";3;46;4
"10813";"202100010813";10;"18:00";"1";"69";"2";"3";"1";6;45;4
"10814";"202100010814";8;"13:33";"1";"69";"2";"1";"1";6;45;4
"10815";"202100010815";10;"07:10";"3";"65";"1";"1";"1";1;43;0
"10816";"202100010816";10;"08:40";"2";"33";"1";"3";"1";3;44;0
"10817";"202100010817";10;"09:08";"1";"44";"2";"6";"1";3;47;-1
"10818";"202100010818";10;"12:43";"1";"22";"2";"1";"1";6;48;-2
"10819";"202100010819";10;"11:45";"1";"27";"1";"3";"1";2;49;1
"10820";"202100010820";10;"21:00";"3";"60";"1";"1";"1";7;49;1
"10821";"202100010821";10;"07:05";"5";"59";"2";"1";"1";6;50;2
"10822";"202100010822";10;"19:03";"5";"13";"1";"1";"1";2;43;5
"10823";"202100010823";10;"16:10";"1";"13";"2";"1";"1";2;43;5
"10824";"202100010824";10;"17:50";"1";"33";"1";"1";"1";3;44;0
"10825";"202100010825";10;"14:10";"1";"33";"1";"1";"1";4;44;0
"10826";"202100010826";10;"06:55";"3";"33";"1";"1";"5";4;44;0
"10827";"202100010827";10;"19:35";"3";"91";"1";"1";"1";2;48;2
"10828";"202100010828";10;"17:25";"1";"91";"2";"1";"1";3;48;2
"10829";"202100010829";10;"16:20";"1";"94";"1";"1";"1";3;48;2
"10830";"202100010830";10;"08:05";"1";"94";"1";"1";"1";5;48;2
"10831";"202100010831";10;"22:15";"3";"91";"1";"1";"1";7;48;2
"10832";"202100010832";10;"10:55";"1";"78";"1";"1";"1";2;48;2
"10833";"202100010833";10;"19:15";"2";"93";"1";"1";"1";2;48;2
"10834";"202100010834";10;"13:20";"1";"95";"1";"1";"1";3;49;2
"10835";"202100010835";10;"02:00";"5";"95";"1";"1";"1";6;49;2
"10836";"202100010836";10;"19:40";"3";"77";"1";"1";"1";2;48;2
"10837";"202100010837";10;"17:05";"1";"94";"1";"1";"1";2;48;2
"10838";"202100010838";10;"22:18";"5";"79";"2";"2";"1";3;46;0
"10839";"202100010839";8;"12:17";"1";"36";"2";"1";"1";6;46;1
"10840";"202100010840";10;"07:35";"1";"974";"1";"1";"1";2;-20;55
"10841";"202100010841";10;"13:20";"1";"974";"2";"2";"1";3;-20;55
"10842";"202100010842";10;"07:50";"1";"974";"2";"1";"1";1;-20;55
"10843";"202100010843";10;"17:35";"2";"974";"1";"3";"1";1;-20;55
"10844";"202100010844";10;"16:30";"1";"974";"2";"9";"8";1;-20;55
"10845";"202100010845";10;"16:30";"1";"69";"2";"3";"1";2;45;4
"10846";"202100010846";10;"07:15";"5";"69";"2";"1";"1";6;45;4
"10847";"202100010847";10;"17:20";"1";"69";"2";"3";"1";3;45;4
"10848";"202100010848";10;"06:40";"5";"69";"2";"1";"8";3;45;4
"10849";"202100010849";10;"17:00";"1";"971";"2";"6";"1";3;16;-61
"10850";"202100010850";10;"07:00";"5";"2A";"2";"3";"1";3;41;8
"10851";"202100010851";10;"21:20";"4";"91";"2";"6";"8";7;48;2
"10852";"202100010852";10;"11:30";"1";"91";"2";"3";"1";6;48;2
"10853";"202100010853";10;"08:50";"1";"91";"1";"1";"2";2;48;2
"10854";"202100010854";10;"15:40";"1";"91";"2";"1";"1";6;48;2
"10855";"202100010855";10;"16:32";"1";"87";"2";"2";"1";3;45;1
"10856";"202100010856";10;"16:03";"1";"87";"2";"2";"2";7;45;1
"10857";"202100010857";10;"16:20";"1";"86";"2";"2";"1";1;46;0
"10858";"202100010858";10;"19:35";"1";"84";"1";"9";"1";3;44;5
"10859";"202100010859";9;"16:45";"1";"84";"2";"1";"2";3;43;4
"10860";"202100010860";10;"11:45";"1";"83";"2";"9";"1";6;43;6
"10861";"202100010861";10;"07:00";"5";"80";"2";"1";"1";3;49;2
"10862";"202100010862";10;"08:00";"1";"77";"2";"1";"5";1;48;2
"10863";"202100010863";10;"07:49";"1";"77";"2";"1";"5";6;48;2
"10864";"202100010864";10;"23:05";"3";"77";"1";"1";"1";2;48;3
"10865";"202100010865";10;"16:00";"1";"76";"2";"3";"1";3;49;0
"10866";"202100010866";10;"18:20";"5";"74";"2";"1";"1";3;46;6
"10867";"202100010867";10;"08:15";"1";"73";"2";"6";"1";2;45;5
"10868";"202100010868";10;"17:30";"1";"69";"2";"1";"1";3;45;4
"10869";"202100010869";10;"16:45";"1";"69";"1";"1";"1";6;46;4
"10870";"202100010870";10;"17:05";"1";"67";"2";"3";"1";2;48;7
"10871";"202100010871";10;"10:08";"1";"66";"2";"1";"1";6;42;2
"10872";"202100010872";10;"18:00";"1";"66";"2";"1";"1";3;42;2
"10873";"202100010873";10;"15:29";"1";"65";"2";"2";"7";3;43;0
"10874";"202100010874";10;"15:55";"1";"64";"2";"1";"1";3;43;-1
"10875";"202100010875";10;"08:50";"1";"64";"1";"3";"1";3;43;-1
"10876";"202100010876";10;"11:20";"1";"64";"2";"6";"1";3;43;0
"10877";"202100010877";10;"10:45";"1";"64";"2";"1";"7";6;43;-1
"10878";"202100010878";10;"16:51";"1";"64";"2";"1";"1";3;43;-1
"10879";"202100010879";10;"04:26";"5";"63";"2";"1";"1";6;45;3
"10880";"202100010880";10;"23:35";"5";"63";"2";"4";"1";6;45;3
"10881";"202100010881";10;"12:15";"1";"63";"2";"2";"1";3;45;3
"10882";"202100010882";10;"22:18";"5";"63";"2";"2";"1";3;45;3
"10883";"202100010883";10;"11:41";"1";"63";"2";"1";"1";3;45;3
"10884";"202100010884";10;"19:17";"3";"62";"1";"1";"2";7;50;2
"10885";"202100010885";10;"16:00";"1";"62";"2";"1";"1";6;50;2
"10886";"202100010886";10;"08:10";"2";"61";"2";"3";"8";2;48;0
"10887";"202100010887";10;"18:00";"2";"59";"2";"1";"2";3;50;3
"10888";"202100010888";10;"02:50";"5";"59";"2";"2";"2";6;50;3
"10889";"202100010889";10;"16:20";"1";"58";"2";"1";"1";3;46;3
"10890";"202100010890";10;"14:40";"1";"58";"2";"3";"1";2;46;3
"10891";"202100010891";10;"18:05";"1";"58";"2";"3";"1";1;46;3
"10892";"202100010892";10;"08:40";"1";"56";"2";"1";"1";4;47;-3
"10893";"202100010893";10;"17:20";"1";"54";"2";"9";"1";3;48;6
"10894";"202100010894";10;"10:00";"1";"54";"2";"1";"1";3;48;6
"10895";"202100010895";10;"08:00";"1";"54";"2";"1";"1";2;48;6
"10896";"202100010896";10;"15:10";"1";"52";"1";"1";"1";1;48;5
"10897";"202100010897";10;"10:25";"1";"51";"2";"2";"1";3;49;4
"10898";"202100010898";10;"15:28";"1";"50";"2";"6";"1";6;48;-1
"10899";"202100010899";10;"08:10";"1";"50";"2";"1";"1";3;49;-1
"10900";"202100010900";10;"05:40";"5";"50";"2";"1";"1";6;49;-1
"10901";"202100010901";10;"16:44";"1";"49";"2";"1";"1";7;47;0
"10902";"202100010902";10;"17:20";"1";"44";"2";"1";"1";3;47;-1
"10903";"202100010903";10;"01:25";"5";"42";"2";"1";"1";6;45;4
"10904";"202100010904";8;"00:00";"5";"42";"2";"1";"1";2;45;4
"10905";"202100010905";10;"06:30";"5";"42";"2";"1";"1";6;45;4
"10906";"202100010906";9;"20:45";"5";"42";"2";"1";"1";6;45;4
"10907";"202100010907";10;"15:20";"1";"37";"2";"1";"1";2;47;0
"10908";"202100010908";10;"21:45";"5";"35";"2";"3";"1";6;48;-1
"10909";"202100010909";10;"17:30";"1";"35";"2";"1";"1";2;48;-1
"10910";"202100010910";10;"08:15";"1";"35";"2";"6";"5";3;48;-1
"10911";"202100010911";10;"22:00";"5";"33";"2";"4";"1";3;44;0
"10912";"202100010912";10;"17:20";"1";"33";"1";"1";"1";3;44;0
"10913";"202100010913";10;"16:20";"1";"33";"2";"2";"1";4;44;0
"10914";"202100010914";10;"07:20";"5";"33";"2";"6";"2";3;44;0
"10915";"202100010915";10;"17:00";"1";"29";"2";"1";"1";3;47;-4
"10916";"202100010916";8;"16:38";"1";"29";"2";"1";"1";4;48;-4
"10917";"202100010917";10;"19:10";"2";"17";"2";"1";"1";1;46;-1
"10918";"202100010918";10;"19:40";"3";"14";"2";"1";"1";6;49;0
"10919";"202100010919";10;"18:30";"2";"13";"2";"2";"1";3;43;5
"10920";"202100010920";10;"21:50";"5";"13";"2";"1";"1";7;43;5
"10921";"202100010921";10;"13:40";"1";"13";"2";"3";"1";3;43;5
"10922";"202100010922";10;"17:20";"1";"13";"1";"6";"1";7;43;4
"10923";"202100010923";10;"20:45";"3";"12";"1";"1";"1";2;44;2
"10924";"202100010924";10;"21:34";"5";"12";"2";"1";"1";1;44;2
"10925";"202100010925";10;"07:48";"1";"10";"2";"1";"1";2;48;4
"10926";"202100010926";10;"23:20";"3";"07";"2";"1";"1";7;44;4
"10927";"202100010927";10;"23:30";"5";"06";"2";"1";"1";7;43;7
"10928";"202100010928";10;"19:11";"2";"75";"2";"1";"1";7;48;2
"10929";"202100010929";10;"08:15";"1";"75";"2";"1";"2";7;48;2
"10930";"202100010930";10;"18:05";"2";"75";"2";"2";"1";6;48;2
"10931";"202100010931";10;"01:14";"5";"75";"2";"4";"1";6;48;2
"10932";"202100010932";10;"13:21";"1";"75";"2";"2";"1";2;48;2
"10933";"202100010933";10;"18:33";"5";"75";"2";"3";"1";3;48;2
"10934";"202100010934";10;"13:50";"1";"75";"2";"2";"1";3;48;2
"10935";"202100010935";10;"20:30";"5";"75";"2";"1";"1";3;48;2
"10936";"202100010936";10;"16:47";"1";"75";"2";"2";"1";7;48;2
"10937";"202100010937";10;"19:20";"5";"75";"2";"2";"1";3;48;2
"10938";"202100010938";10;"09:25";"1";"75";"2";"1";"1";1;48;2
"10939";"202100010939";10;"12:40";"1";"75";"2";"3";"1";3;48;2
"10940";"202100010940";10;"20:35";"2";"75";"2";"2";"1";6;48;2
"10941";"202100010941";10;"20:50";"5";"94";"2";"1";"2";3;48;2
"10942";"202100010942";10;"21:35";"5";"94";"2";"6";"1";6;48;2
"10943";"202100010943";10;"14:30";"1";"94";"2";"2";"1";3;48;2
"10944";"202100010944";10;"11:50";"1";"94";"2";"9";"1";2;48;2
"10945";"202100010945";10;"16:35";"1";"93";"2";"3";"8";3;48;2
"10946";"202100010946";10;"12:00";"1";"93";"2";"3";"8";3;48;2
"10947";"202100010947";10;"09:10";"1";"93";"2";"3";"1";3;48;2
"10948";"202100010948";10;"10:15";"1";"93";"2";"1";"1";1;48;2
"10949";"202100010949";10;"22:00";"5";"93";"2";"3";"1";1;48;2
"10950";"202100010950";10;"14:10";"1";"92";"2";"2";"1";3;48;2
"10951";"202100010951";10;"03:00";"5";"92";"2";"3";"1";7;48;2
"10952";"202100010952";10;"13:25";"1";"92";"2";"3";"1";3;48;2
"10953";"202100010953";10;"16:55";"1";"92";"2";"1";"1";6;48;2
"10954";"202100010954";10;"19:17";"5";"92";"2";"3";"1";6;48;2
"10955";"202100010955";10;"16:00";"1";"92";"2";"9";"1";3;48;2
"10956";"202100010956";10;"11:40";"1";"92";"2";"1";"1";3;48;2
"10957";"202100010957";10;"16:34";"1";"66";"1";"9";"1";6;42;2
"10958";"202100010958";10;"08:40";"1";"974";"2";"1";"1";3;-21;55
"10959";"202100010959";10;"19:00";"3";"11";"1";"3";"1";3;43;2
"10960";"202100010960";10;"15:55";"1";"01";"1";"2";"1";3;46;4