"";"Num_Acc";"mois";"hrmn";"lum";"dep";"agg";"int";"atm";"col";"lat";"long"
"10961";"202100010961";10;"19:20";"2";"71";"1";"1";"5";1;46;5
"10962";"202100010962";10;"11:00";"1";"30";"1";"3";"1";3;44;4
"10963";"202100010963";10;"18:00";"1";"74";"2";"1";"1";3;46;6
"10964";"202100010964";10;"13:30";"1";"83";"1";"1";"1";2;43;6
"10965";"202100010965";10;"17:50";"1";"19";"1";"1";"1";5;45;1
"10966";"202100010966";10;"15:05";"1";"59";"1";"8";"1";1;50;2
"10967";"202100010967";10;"18:45";"2";"79";"1";"2";"1";3;46;0
"10968";"202100010968";10;"08:15";"1";"79";"2";"2";"1";3;46;0
"10969";"202100010969";10;"14:00";"1";"2B";"1";"1";"1";2;42;9
"10970";"202100010970";10;"11:00";"1";"2B";"2";"1";"1";1;42;9
"10971";"202100010971";10;"09:10";"1";"80";"1";"1";"1";6;49;1
"10972";"202100010972";10;"19:00";"2";"32";"1";"1";"1";6;43;0
"10973";"202100010973";10;"10:14";"1";"89";"1";"1";"1";1;48;3
"10974";"202100010974";10;"20:00";"3";"61";"1";"1";"1";6;48;0
"10975";"202100010975";10;"18:00";"2";"39";"2";"1";"1";6;46;5
"10976";"202100010976";10;"16:45";"1";"29";"1";"1";"1";6;48;-4
"10977";"202100010977";10;"08:00";"2";"29";"1";"3";"1";1;48;-4
"10978";"202100010978";10;"18:50";"5";"38";"2";"6";"9";3;45;5
"10979";"202100010979";10;"10:45";"1";"38";"2";"1";"7";3;45;5
"10980";"202100010980";10;"10:40";"1";"03";"2";"1";"7";6;46;2
"10981";"202100010981";10;"20:00";"3";"72";"1";"1";"1";6;48;0
"10982";"202100010982";10;"07:55";"2";"72";"1";"1";"1";3;48;0
"10983";"202100010983";10;"17:30";"1";"72";"1";"9";"2";7;48;0
"10984";"202100010984";10;"15:10";"1";"14";"1";"1";"1";7;49;0
"10985";"202100010985";10;"15:30";"1";"50";"1";"2";"1";3;48;-1
"10986";"202100010986";10;"07:15";"3";"60";"1";"1";"5";2;49;1
"10987";"202100010987";10;"07:30";"2";"45";"1";"1";"5";3;47;1
"10988";"202100010988";10;"08:15";"2";"16";"1";"1";"1";7;45;0
"10989";"202100010989";10;"08:45";"1";"07";"2";"6";"7";6;45;4
"10990";"202100010990";10;"13:45";"1";"40";"1";"1";"1";1;43;0
"10991";"202100010991";10;"18:15";"1";"24";"1";"3";"1";1;45;0
"10992";"202100010992";10;"09:00";"1";"87";"1";"1";"1";1;46;1
"10993";"202100010993";10;"17:50";"2";"49";"1";"9";"1";4;47;0
"10994";"202100010994";10;"01:11";"3";"01";"1";"1";"6";6;46;5
"10995";"202100010995";10;"13:45";"1";"988";"1";"1";"1";6;-21;165
"10996";"202100010996";10;"19:45";"3";"973";"2";"1";"1";1;5;-52
"10997";"202100010997";10;"00:53";"3";"77";"2";"1";"1";7;48;2
"10998";"202100010998";10;"14:40";"1";"06";"1";"1";"1";1;43;6
"10999";"202100010999";10;"15:30";"1";"13";"1";"6";"1";3;43;4
"11000";"202100011000";10;"20:00";"3";"13";"1";"1";"1";2;43;4
"11001";"202100011001";10;"16:00";"1";"38";"1";"1";"1";3;45;4
"11002";"202100011002";10;"04:30";"3";"21";"1";"1";"1";6;47;5
"11003";"202100011003";10;"16:30";"1";"67";"2";"1";"7";1;48;7
"11004";"202100011004";10;"16:10";"1";"38";"2";"1";"1";6;45;5
"11005";"202100011005";10;"21:20";"5";"01";"2";"1";"1";6;45;5
"11006";"202100011006";10;"08:00";"1";"69";"2";"1";"1";3;45;4
"11007";"202100011007";10;"09:40";"1";"69";"2";"2";"1";6;45;4
"11008";"202100011008";10;"17:15";"1";"24";"2";"9";"1";6;44;0
"11009";"202100011009";10;"15:15";"1";"24";"2";"1";"1";1;44;0
"11010";"202100011010";10;"13:45";"1";"33";"2";"1";"1";3;44;0
"11011";"202100011011";10;"09:40";"1";"14";"1";"1";"7";6;48;0
"11012";"202100011012";10;"10:10";"1";"80";"2";"1";"1";6;49;2
"11013";"202100011013";10;"05:00";"3";"80";"1";"1";"1";7;49;2
"11014";"202100011014";10;"17:30";"1";"62";"2";"1";"1";6;50;3
"11015";"202100011015";10;"20:40";"5";"59";"2";"1";"2";6;50;4
"11016";"202100011016";10;"13:13";"1";"13";"1";"1";"1";5;43;5
"11017";"202100011017";10;"14:00";"1";"13";"1";"1";"1";2;43;5
"11018";"202100011018";10;"11:45";"1";"13";"1";"1";"1";2;43;5
"11019";"202100011019";10;"07:55";"2";"13";"1";"1";"5";2;43;5
"11020";"202100011020";10;"18:00";"1";"13";"1";"1";"1";2;43;5
"11021";"202100011021";10;"14:18";"1";"13";"1";"1";"1";3;43;5
"11022";"202100011022";10;"16:51";"1";"83";"1";"1";"1";2;43;5
"11023";"202100011023";10;"15:55";"1";"33";"1";"1";"1";4;44;0
"11024";"202100011024";10;"09:00";"1";"91";"1";"1";"1";2;48;2
"11025";"202100011025";10;"19:10";"3";"91";"1";"1";"1";2;48;2
"11026";"202100011026";10;"09:00";"1";"92";"1";"1";"1";6;48;2
"11027";"202100011027";10;"16:10";"1";"93";"1";"1";"1";2;48;2
"11028";"202100011028";10;"08:20";"1";"93";"1";"1";"1";6;48;2
"11029";"202100011029";10;"08:10";"2";"93";"1";"1";"1";5;48;2
"11030";"202100011030";10;"08:05";"1";"93";"1";"1";"1";2;48;2
"11031";"202100011031";10;"06:30";"3";"93";"1";"1";"9";3;48;2
"11032";"202100011032";10;"22:00";"4";"95";"1";"1";"1";5;48;2
"11033";"202100011033";10;"18:10";"1";"93";"1";"1";"1";2;48;2
"11034";"202100011034";10;"08:40";"1";"95";"1";"1";"2";5;48;2
"11035";"202100011035";10;"08:50";"1";"93";"1";"1";"2";5;48;2
"11036";"202100011036";10;"17:15";"2";"77";"1";"1";"1";2;48;2
"11037";"202100011037";10;"09:00";"1";"77";"1";"1";"1";6;48;2
"11038";"202100011038";10;"20:20";"3";"94";"1";"1";"1";3;48;2
"11039";"202100011039";10;"09:45";"1";"69";"2";"2";"1";6;45;4
"11040";"202100011040";10;"17:50";"1";"06";"2";"1";"1";3;43;7
"11041";"202100011041";10;"14:45";"1";"05";"2";"1";"7";6;44;6
"11042";"202100011042";10;"10:05";"1";"33";"2";"1";"1";6;44;-1
"11043";"202100011043";10;"12:20";"1";"976";"2";"3";"1";3;-12;45
"11044";"202100011044";10;"05:20";"3";"974";"2";"6";"1";3;-20;55
"11045";"202100011045";10;"15:55";"1";"69";"2";"2";"1";6;45;4
"11046";"202100011046";10;"19:00";"2";"69";"2";"2";"1";6;45;4
"11047";"202100011047";10;"19:05";"5";"69";"2";"1";"1";6;45;4
"11048";"202100011048";10;"17:20";"2";"69";"2";"1";"1";1;45;4
"11049";"202100011049";10;"08:50";"1";"69";"2";"2";"7";3;45;4
"11050";"202100011050";10;"08:00";"1";"69";"2";"9";"1";3;45;4
"11051";"202100011051";10;"03:45";"5";"2B";"1";"6";"1";6;42;9
"11052";"202100011052";10;"23:55";"5";"971";"1";"1";"1";1;16;-61
"11053";"202100011053";10;"16:50";"1";"971";"2";"3";"1";3;16;-61
"11054";"202100011054";10;"02:45";"5";"2A";"2";"6";"2";7;41;8
"11055";"202100011055";10;"21:31";"5";"95";"2";"6";"1";3;49;2
"11056";"202100011056";10;"21:40";"5";"91";"2";"1";"2";7;48;2
"11057";"202100011057";10;"11:20";"1";"87";"2";"2";"1";6;45;1
"11058";"202100011058";10;"08:52";"1";"87";"2";"1";"2";2;45;1
"11059";"202100011059";10;"16:30";"1";"85";"2";"1";"1";3;46;-1
"11060";"202100011060";10;"10:15";"1";"83";"2";"1";"1";3;43;6
"11061";"202100011061";10;"00:05";"5";"83";"2";"1";"1";6;43;6
"11062";"202100011062";10;"17:20";"1";"77";"2";"3";"1";2;48;3
"11063";"202100011063";10;"13:28";"1";"76";"2";"3";"1";6;49;1
"11064";"202100011064";10;"00:00";"5";"76";"2";"1";"1";6;49;0
"11065";"202100011065";10;"18:00";"1";"76";"2";"1";"1";6;49;0
"11066";"202100011066";10;"14:35";"1";"74";"2";"1";"1";3;46;6
"11067";"202100011067";10;"10:10";"1";"71";"1";"1";"1";1;46;4
"11068";"202100011068";10;"20:00";"5";"68";"2";"1";"1";2;47;7
"11069";"202100011069";10;"11:40";"1";"67";"2";"1";"1";6;48;7
"11070";"202100011070";10;"19:30";"5";"67";"2";"3";"1";6;48;7
"11071";"202100011071";10;"08:15";"1";"67";"2";"1";"1";6;48;7
"11072";"202100011072";10;"08:45";"1";"67";"2";"8";"1";3;48;7
"11073";"202100011073";10;"11:40";"1";"64";"1";"1";"1";2;43;-1
"11074";"202100011074";10;"20:25";"5";"59";"2";"3";"1";3;50;3
"11075";"202100011075";10;"11:15";"1";"59";"2";"2";"1";3;50;3
"11076";"202100011076";10;"15:00";"1";"59";"2";"1";"1";6;50;3
"11077";"202100011077";10;"19:00";"5";"59";"2";"1";"1";3;50;3
"11078";"202100011078";10;"07:50";"5";"59";"2";"1";"1";6;50;3
"11079";"202100011079";10;"12:35";"1";"56";"2";"3";"1";3;47;-2
"11080";"202100011080";10;"17:30";"1";"56";"2";"1";"1";6;47;-3
"11081";"202100011081";10;"20:35";"5";"56";"2";"1";"2";7;47;-3
"11082";"202100011082";10;"09:35";"1";"56";"2";"6";"1";3;47;-3
"11083";"202100011083";10;"18:50";"2";"56";"2";"6";"1";3;47;-3
"11084";"202100011084";10;"14:47";"1";"56";"2";"1";"1";6;47;-3
"11085";"202100011085";10;"14:00";"1";"54";"2";"1";"1";2;48;6
"11086";"202100011086";10;"09:52";"1";"54";"2";"9";"1";3;48;6
"11087";"202100011087";10;"14:48";"1";"38";"2";"3";"1";1;45;5
"11088";"202100011088";10;"16:25";"1";"37";"2";"3";"1";6;47;0
"11089";"202100011089";10;"05:00";"5";"37";"1";"1";"1";7;47;0
"11090";"202100011090";10;"17:00";"1";"35";"1";"6";"3";3;48;-1
"11091";"202100011091";10;"19:00";"5";"33";"2";"1";"2";2;44;0
"11092";"202100011092";10;"15:14";"1";"33";"2";"6";"1";3;44;0
"11093";"202100011093";10;"19:15";"1";"31";"2";"1";"1";3;43;1
"11094";"202100011094";9;"15:25";"1";"29";"2";"1";"1";6;48;-4
"11095";"202100011095";10;"08:35";"2";"29";"2";"3";"1";3;48;-4
"11096";"202100011096";10;"18:10";"1";"28";"2";"1";"1";2;48;1
"11097";"202100011097";10;"17:50";"1";"22";"1";"6";"1";6;48;-2
"11098";"202100011098";10;"18:10";"1";"21";"2";"2";"1";3;47;5
"11099";"202100011099";10;"12:10";"1";"17";"1";"1";"1";3;45;-1
"11100";"202100011100";10;"20:30";"5";"13";"2";"2";"1";3;43;5
"11101";"202100011101";10;"17:50";"1";"13";"2";"1";"1";3;43;5
"11102";"202100011102";10;"07:10";"5";"13";"2";"1";"1";2;43;5
"11103";"202100011103";10;"00:00";"5";"13";"2";"1";"1";3;43;5
"11104";"202100011104";10;"08:25";"1";"13";"2";"1";"1";3;43;5
"11105";"202100011105";10;"10:10";"1";"09";"2";"1";"1";2;42;1
"11106";"202100011106";10;"15:00";"1";"07";"2";"1";"1";7;44;4
"11107";"202100011107";10;"16:40";"1";"03";"2";"1";"1";2;46;3
"11108";"202100011108";10;"05:40";"5";"75";"2";"4";"1";2;48;2
"11109";"202100011109";10;"11:05";"1";"75";"2";"2";"1";6;48;2
"11110";"202100011110";10;"03:00";"5";"75";"2";"1";"1";1;48;2
"11111";"202100011111";10;"20:50";"5";"75";"2";"1";"1";6;48;2
"11112";"202100011112";10;"18:25";"2";"75";"2";"2";"1";6;48;2
"11113";"202100011113";10;"10:06";"1";"75";"2";"1";"8";2;48;2
"11114";"202100011114";10;"13:49";"1";"75";"2";"2";"1";6;48;2
"11115";"202100011115";10;"15:00";"1";"75";"2";"1";"8";6;48;2
"11116";"202100011116";10;"16:40";"1";"75";"2";"1";"1";6;48;2
"11117";"202100011117";10;"12:05";"1";"75";"2";"3";"8";6;48;2
"11118";"202100011118";10;"23:25";"5";"94";"2";"2";"1";3;48;2
"11119";"202100011119";10;"01:50";"5";"94";"2";"1";"1";6;48;2
"11120";"202100011120";10;"07:50";"5";"94";"2";"9";"2";3;48;2
"11121";"202100011121";10;"09:52";"1";"94";"2";"9";"2";3;48;2
"11122";"202100011122";10;"20:50";"3";"94";"2";"3";"1";3;48;2
"11123";"202100011123";10;"17:10";"1";"93";"1";"9";"1";1;48;2
"11124";"202100011124";10;"14:50";"1";"93";"2";"1";"1";4;48;2
"11125";"202100011125";10;"08:14";"2";"93";"2";"2";"2";3;48;2
"11126";"202100011126";10;"18:00";"1";"93";"2";"1";"1";3;48;2
"11127";"202100011127";10;"13:30";"1";"93";"2";"1";"1";6;48;2
"11128";"202100011128";10;"08:00";"4";"93";"2";"6";"2";6;48;2
"11129";"202100011129";10;"07:50";"5";"93";"2";"1";"2";6;48;2
"11130";"202100011130";10;"14:35";"1";"92";"2";"9";"1";3;48;2
"11131";"202100011131";10;"08:55";"2";"92";"2";"2";"2";7;48;2
"11132";"202100011132";10;"12:00";"1";"92";"2";"9";"2";3;48;2
"11133";"202100011133";10;"09:45";"1";"92";"2";"3";"1";3;48;2
"11134";"202100011134";10;"11:21";"1";"92";"2";"6";"1";3;48;2
"11135";"202100011135";10;"08:15";"2";"92";"2";"3";"2";3;48;2
"11136";"202100011136";10;"13:20";"1";"37";"1";"1";"2";1;47;0
"11137";"202100011137";10;"23:00";"5";"24";"2";"1";"1";6;45;0
"11138";"202100011138";10;"10:10";"1";"33";"1";"1";"1";1;44;0
"11139";"202100011139";10;"19:10";"3";"972";"1";"1";"1";6;14;-60
"11140";"202100011140";10;"15:45";"1";"62";"2";"1";"1";3;50;1
"11141";"202100011141";10;"00:08";"3";"50";"1";"1";"1";7;48;-1
"11142";"202100011142";10;"16:00";"1";"36";"1";"1";"1";6;46;1
"11143";"202100011143";10;"18:25";"1";"22";"2";"1";"2";2;48;-2
"11144";"202100011144";10;"15:00";"1";"56";"2";"3";"1";3;47;-3
"11145";"202100011145";10;"01:15";"5";"2B";"2";"1";"1";5;41;9
"11146";"202100011146";10;"14:55";"1";"2B";"1";"1";"1";7;42;9
"11147";"202100011147";10;"15:10";"1";"32";"1";"1";"1";2;43;1
"11148";"202100011148";10;"00:30";"5";"11";"2";"1";"1";6;43;2
"11149";"202100011149";10;"17:18";"2";"49";"2";"3";"1";3;47;0
"11150";"202100011150";10;"03:15";"3";"49";"1";"1";"5";7;47;0
"11151";"202100011151";10;"12:30";"1";"42";"1";"1";"1";6;45;4
"11152";"202100011152";10;"13:45";"1";"68";"1";"1";"1";6;47;7
"11153";"202100011153";10;"17:40";"2";"68";"2";"3";"7";3;47;7
"11154";"202100011154";10;"13:55";"1";"44";"2";"3";"1";3;47;-1
"11155";"202100011155";10;"13:10";"1";"35";"1";"1";"1";7;48;-2
"11156";"202100011156";10;"08:00";"2";"70";"1";"1";"8";6;47;6
"11157";"202100011157";10;"16:15";"1";"06";"2";"1";"1";3;43;7
"11158";"202100011158";10;"16:40";"1";"50";"1";"2";"1";3;48;-1
"11159";"202100011159";10;"14:00";"1";"73";"1";"1";"1";1;45;5
"11160";"202100011160";10;"13:55";"1";"43";"2";"3";"1";1;45;3
"11161";"202100011161";10;"17:25";"2";"43";"1";"1";"1";7;44;3
"11162";"202100011162";10;"10:20";"1";"36";"1";"1";"2";3;46;1
"11163";"202100011163";10;"17:30";"1";"04";"2";"1";"1";1;44;5
"11164";"202100011164";10;"14:55";"1";"53";"1";"3";"1";7;48;0
"11165";"202100011165";10;"10:30";"1";"07";"2";"4";"1";3;44;4
"11166";"202100011166";10;"17:45";"1";"72";"1";"1";"3";3;48;0
"11167";"202100011167";10;"18:10";"1";"24";"1";"1";"2";1;45;0
"11168";"202100011168";10;"06:55";"1";"987";"1";"1";"1";1;-16;-150
"11169";"202100011169";10;"15:00";"1";"66";"2";"1";"1";3;42;2
"11170";"202100011170";10;"20:45";"3";"67";"1";"1";"1";2;48;7
"11171";"202100011171";8;"15:10";"1";"54";"1";"9";"7";3;48;5
"11172";"202100011172";10;"16:00";"1";"42";"1";"2";"1";1;45;4
"11173";"202100011173";10;"09:50";"1";"38";"1";"4";"1";3;45;5
"11174";"202100011174";10;"17:15";"1";"69";"1";"1";"1";2;45;4
"11175";"202100011175";10;"14:55";"1";"31";"1";"1";"1";1;43;1
"11176";"202100011176";10;"10:30";"1";"33";"2";"3";"1";6;44;0
"11177";"202100011177";10;"11:34";"1";"33";"2";"1";"1";6;45;0
"11178";"202100011178";10;"17:35";"2";"59";"2";"1";"2";6;50;3
"11179";"202100011179";10;"23:10";"5";"13";"1";"1";"1";7;43;5
"11180";"202100011180";10;"08:15";"2";"13";"1";"1";"1";4;43;5
"11181";"202100011181";10;"22:55";"3";"83";"1";"1";"1";6;43;6
"11182";"202100011182";10;"08:37";"1";"33";"1";"1";"2";6;44;0
"11183";"202100011183";10;"09:50";"1";"94";"1";"1";"2";7;48;2
"11184";"202100011184";10;"11:10";"1";"78";"1";"1";"1";5;48;2
"11185";"202100011185";10;"14:00";"1";"93";"1";"1";"1";2;48;2
"11186";"202100011186";10;"06:00";"3";"93";"1";"1";"2";6;48;2
"11187";"202100011187";6;"00:30";"5";"28";"2";"6";"1";1;48;1
"11188";"202100011188";10;"21:30";"5";"94";"2";"2";"1";3;48;2
"11189";"202100011189";6;"14:25";"1";"07";"1";"1";"1";1;44;4
"11190";"202100011190";10;"06:50";"5";"69";"1";"1";"1";1;45;4
"11191";"202100011191";10;"05:10";"5";"95";"2";"1";"1";6;48;2
"11192";"202100011192";10;"03:45";"5";"91";"2";"1";"1";2;48;2
"11193";"202100011193";10;"07:13";"5";"91";"2";"2";"1";1;48;2
"11194";"202100011194";10;"19:45";"2";"83";"1";"1";"1";5;43;6
"11195";"202100011195";10;"19:00";"5";"83";"2";"1";"1";2;43;6
"11196";"202100011196";10;"00:21";"5";"79";"2";"1";"1";7;46;0
"11197";"202100011197";10;"11:35";"1";"76";"2";"1";"1";6;49;1
"11198";"202100011198";10;"12:20";"1";"73";"2";"6";"1";3;45;5
"11199";"202100011199";10;"21:15";"5";"73";"2";"1";"1";6;45;6
"11200";"202100011200";10;"09:30";"1";"69";"2";"3";"1";6;45;4
"11201";"202100011201";10;"20:08";"5";"69";"2";"3";"1";6;45;4
"11202";"202100011202";10;"19:55";"4";"65";"2";"4";"1";3;43;0
"11203";"202100011203";10;"20:20";"5";"59";"2";"3";"1";3;50;3
"11204";"202100011204";10;"18:00";"2";"59";"2";"1";"1";6;50;3
"11205";"202100011205";10;"14:15";"1";"59";"2";"2";"1";1;50;3
"11206";"202100011206";10;"10:00";"1";"59";"2";"1";"1";3;50;3
"11207";"202100011207";10;"16:00";"1";"59";"2";"1";"1";3;50;3
"11208";"202100011208";10;"13:45";"1";"59";"2";"1";"1";1;50;2
"11209";"202100011209";10;"13:05";"1";"56";"2";"2";"2";3;47;-3
"11210";"202100011210";10;"18:40";"1";"50";"2";"1";"1";3;49;-1
"11211";"202100011211";10;"15:45";"1";"47";"1";"1";"1";1;44;0
"11212";"202100011212";10;"13:15";"1";"47";"1";"1";"1";6;44;0
"11213";"202100011213";10;"16:31";"1";"45";"2";"2";"1";3;47;1
"11214";"202100011214";10;"13:16";"1";"45";"1";"1";"1";5;47;1
"11215";"202100011215";10;"12:56";"1";"45";"2";"3";"1";3;47;1
"11216";"202100011216";10;"10:08";"1";"45";"2";"1";"1";3;47;1
"11217";"202100011217";10;"21:40";"5";"44";"2";"1";"2";6;47;-1
"11218";"202100011218";10;"18:40";"5";"35";"2";"1";"1";3;48;-1
"11219";"202100011219";10;"02:15";"5";"35";"2";"1";"1";6;48;-1
"11220";"202100011220";10;"19:20";"5";"34";"2";"1";"1";6;43;3
"11221";"202100011221";10;"11:10";"1";"31";"2";"2";"1";3;43;1
"11222";"202100011222";10;"04:25";"3";"31";"1";"1";"5";6;43;0
"11223";"202100011223";10;"19:10";"1";"30";"2";"7";"1";2;44;4
"11224";"202100011224";10;"14:15";"1";"27";"2";"7";"7";3;49;1
"11225";"202100011225";10;"06:30";"3";"13";"2";"1";"5";1;43;5
"11226";"202100011226";10;"02:00";"5";"13";"2";"2";"1";3;43;5
"11227";"202100011227";10;"18:05";"1";"11";"2";"3";"1";6;43;2
"11228";"202100011228";10;"12:10";"1";"01";"2";"1";"1";3;46;5
"11229";"202100011229";10;"14:30";"1";"75";"2";"1";"1";3;48;2
"11230";"202100011230";10;"15:20";"1";"75";"2";"1";"1";6;48;2
"11231";"202100011231";10;"17:31";"1";"75";"2";"4";"1";6;48;2
"11232";"202100011232";10;"19:13";"5";"75";"2";"1";"1";3;48;2
"11233";"202100011233";10;"00:55";"5";"75";"2";"3";"1";3;48;2
"11234";"202100011234";10;"23:15";"5";"75";"2";"2";"1";3;48;2
"11235";"202100011235";10;"20:00";"5";"75";"2";"3";"1";3;48;2
"11236";"202100011236";10;"11:20";"1";"75";"2";"3";"1";2;48;2
"11237";"202100011237";10;"13:45";"1";"75";"2";"4";"1";6;48;2
"11238";"202100011238";10;"06:20";"4";"75";"2";"4";"1";3;48;2
"11239";"202100011239";10;"03:45";"5";"75";"2";"3";"1";3;48;2
"11240";"202100011240";10;"18:30";"1";"75";"2";"2";"1";3;48;2
"11241";"202100011241";10;"11:15";"1";"75";"2";"2";"1";6;48;2
"11242";"202100011242";10;"09:20";"1";"75";"2";"1";"8";3;48;2
"11243";"202100011243";10;"06:15";"5";"75";"2";"2";"1";3;48;2
"11244";"202100011244";10;"17:15";"1";"75";"2";"4";"1";1;48;2
"11245";"202100011245";10;"11:00";"1";"94";"2";"1";"1";6;48;2
"11246";"202100011246";10;"18:00";"1";"94";"2";"3";"1";1;48;2
"11247";"202100011247";10;"12:20";"1";"94";"2";"1";"1";6;48;2
"11248";"202100011248";10;"16:50";"1";"93";"2";"1";"1";2;48;2
"11249";"202100011249";10;"16:30";"1";"93";"2";"1";"1";2;48;2
"11250";"202100011250";10;"21:48";"5";"93";"2";"3";"1";3;48;2
"11251";"202100011251";10;"23:45";"5";"93";"2";"1";"1";5;48;2
"11252";"202100011252";10;"00:30";"5";"93";"2";"1";"1";1;48;2
"11253";"202100011253";10;"14:45";"1";"93";"2";"9";"1";3;48;2
"11254";"202100011254";10;"11:03";"1";"93";"2";"1";"1";6;48;2
"11255";"202100011255";10;"12:50";"1";"92";"2";"9";"1";2;48;2
"11256";"202100011256";10;"21:00";"5";"92";"2";"2";"1";2;48;2
"11257";"202100011257";10;"23:15";"3";"60";"1";"2";"1";3;49;2
"11258";"202100011258";10;"17:50";"1";"35";"2";"7";"2";6;47;-2
"11259";"202100011259";10;"20:50";"5";"80";"2";"1";"1";6;50;2
"11260";"202100011260";10;"00:30";"3";"86";"1";"1";"1";6;46;0
"11261";"202100011261";10;"18:20";"3";"83";"1";"1";"1";7;43;6
"11262";"202100011262";10;"17:30";"1";"28";"1";"1";"1";7;48;1
"11263";"202100011263";10;"10:05";"1";"972";"1";"1";"1";6;14;-60
"11264";"202100011264";10;"18:05";"2";"01";"1";"1";"1";6;46;4
"11265";"202100011265";10;"23:06";"3";"59";"1";"1";"1";1;50;3
"11266";"202100011266";10;"23:00";"3";"58";"1";"1";"1";7;47;2
"11267";"202100011267";10;"16:20";"1";"30";"1";"1";"1";7;44;4
"11268";"202100011268";10;"11:05";"1";"57";"1";"1";"7";1;48;6
"11269";"202100011269";10;"16:35";"1";"56";"1";"1";"1";3;48;-3
"11270";"202100011270";10;"12:10";"1";"76";"1";"2";"1";5;49;0
"11271";"202100011271";10;"10:20";"1";"76";"2";"9";"8";6;49;0
"11272";"202100011272";10;"20:15";"3";"79";"1";"1";"1";1;46;0
"11273";"202100011273";10;"11:15";"1";"82";"1";"2";"1";3;43;1
"11274";"202100011274";9;"13:25";"1";"33";"1";"1";"1";6;45;0
"11275";"202100011275";10;"16:30";"1";"69";"2";"1";"1";6;45;4
"11276";"202100011276";10;"09:25";"1";"68";"2";"7";"1";6;47;7
"11277";"202100011277";10;"15:25";"1";"39";"1";"1";"1";7;46;5
"11278";"202100011278";10;"15:45";"1";"38";"2";"1";"1";3;45;5
"11279";"202100011279";10;"09:30";"1";"38";"1";"2";"1";3;45;5
"11280";"202100011280";10;"17:00";"1";"84";"1";"1";"1";1;43;5
"11281";"202100011281";10;"06:30";"3";"03";"1";"1";"5";2;46;3
"11282";"202100011282";10;"08:00";"1";"01";"2";"2";"5";3;46;4
"11283";"202100011283";10;"08:25";"2";"85";"1";"1";"5";6;46;-1
"11284";"202100011284";10;"16:15";"1";"70";"1";"1";"1";3;47;5
"11285";"202100011285";10;"11:45";"1";"14";"1";"3";"2";3;48;0
"11286";"202100011286";10;"22:30";"3";"64";"1";"3";"1";7;43;0
"11287";"202100011287";10;"07:10";"3";"10";"1";"1";"1";7;48;4
"11288";"202100011288";10;"14:40";"1";"16";"1";"1";"1";6;45;0
"11289";"202100011289";10;"17:05";"1";"07";"1";"1";"1";1;45;4
"11290";"202100011290";10;"09:20";"1";"27";"1";"2";"2";3;49;0
"11291";"202100011291";10;"07:30";"2";"28";"1";"1";"5";1;48;1
"11292";"202100011292";10;"18:15";"1";"87";"2";"9";"1";6;45;0
"11293";"202100011293";10;"16:20";"1";"30";"1";"1";"1";6;44;4
"11294";"202100011294";10;"21:50";"3";"38";"2";"1";"1";6;45;5
"11295";"202100011295";9;"07:10";"1";"33";"1";"1";"1";2;44;0
"11296";"202100011296";10;"08:40";"1";"89";"1";"1";"1";2;47;3
"11297";"202100011297";10;"23:45";"3";"21";"1";"1";"1";3;47;4
"11298";"202100011298";10;"10:25";"1";"38";"2";"1";"1";3;45;5
"11299";"202100011299";10;"17:30";"2";"987";"1";"1";"2";7;-16;-151
"11300";"202100011300";10;"18:30";"3";"987";"2";"1";"3";7;-17;-149
"11301";"202100011301";10;"18:00";"2";"988";"2";"1";"1";6;-20;167
"11302";"202100011302";10;"19:00";"3";"971";"2";"1";"1";6;16;-61
"11303";"202100011303";10;"17:15";"1";"29";"1";"1";"1";6;47;-3
"11304";"202100011304";10;"21:23";"3";"77";"1";"1";"1";6;48;2
"11305";"202100011305";10;"04:00";"3";"2A";"2";"1";"1";1;41;9
"11306";"202100011306";10;"14:35";"1";"06";"2";"1";"1";1;43;7
"11307";"202100011307";10;"14:15";"1";"13";"1";"4";"1";3;43;4
"11308";"202100011308";10;"20:50";"3";"26";"1";"1";"1";5;45;4
"11309";"202100011309";10;"14:50";"1";"89";"2";"1";"1";7;47;3
"11310";"202100011310";10;"16:15";"1";"89";"2";"3";"2";3;47;3
"11311";"202100011311";10;"19:30";"5";"67";"2";"1";"3";6;48;7
"11312";"202100011312";10;"17:30";"2";"74";"1";"9";"1";3;46;6
"11313";"202100011313";10;"07:30";"2";"74";"2";"1";"1";3;46;6
"11314";"202100011314";10;"05:00";"3";"69";"1";"1";"1";7;45;4
"11315";"202100011315";10;"17:40";"1";"69";"2";"1";"1";6;45;4
"11316";"202100011316";10;"15:35";"1";"31";"2";"1";"1";2;43;1
"11317";"202100011317";10;"16:30";"1";"86";"2";"3";"1";3;46;0
"11318";"202100011318";10;"21:24";"3";"27";"2";"1";"1";1;49;1
"11319";"202100011319";10;"21:30";"5";"02";"2";"1";"1";6;48;3