"";"Num_Acc";"mois";"hrmn";"lum";"dep";"agg";"int";"atm";"col";"lat";"long"
"11320";"202100011320";10;"16:43";"1";"13";"1";"1";"1";4;43;5
"11321";"202100011321";10;"18:05";"1";"13";"1";"1";"1";2;43;5
"11322";"202100011322";10;"19:20";"3";"92";"1";"1";"1";4;48;2
"11323";"202100011323";10;"14:10";"1";"94";"1";"1";"1";2;48;2
"11324";"202100011324";10;"12:30";"1";"91";"1";"1";"1";5;48;2
"11325";"202100011325";10;"19:45";"3";"78";"1";"1";"1";5;48;2
"11326";"202100011326";10;"16:00";"1";"92";"1";"1";"1";4;48;2
"11327";"202100011327";10;"17:00";"1";"93";"1";"1";"1";4;48;2
"11328";"202100011328";10;"12:40";"1";"92";"1";"1";"1";2;48;2
"11329";"202100011329";10;"22:40";"3";"95";"1";"1";"1";2;48;2
"11330";"202100011330";10;"09:20";"1";"92";"1";"1";"1";3;48;2
"11331";"202100011331";10;"18:10";"2";"77";"1";"1";"1";6;48;2
"11332";"202100011332";10;"18:25";"1";"94";"1";"1";"1";2;48;2
"11333";"202100011333";10;"15:15";"1";"94";"1";"1";"1";6;48;2
"11334";"202100011334";10;"19:30";"5";"94";"1";"1";"8";6;48;2
"11335";"202100011335";10;"06:50";"3";"94";"1";"1";"1";2;48;2
"11336";"202100011336";10;"09:23";"2";"94";"1";"1";"8";5;48;2
"11337";"202100011337";5;"11:55";"1";"02";"1";"1";"2";7;49;3
"11338";"202100011338";10;"12:00";"1";"976";"2";"1";"1";6;-12;45
"11339";"202100011339";10;"12:30";"1";"972";"2";"9";"1";6;14;-61
"11340";"202100011340";10;"14:00";"1";"91";"2";"1";"1";6;48;2
"11341";"202100011341";10;"19:50";"5";"72";"2";"1";"1";6;48;0
"11342";"202100011342";10;"14:00";"1";"64";"2";"1";"1";6;43;0
"11343";"202100011343";10;"15:50";"1";"75";"2";"7";"8";2;48;2
"11344";"202100011344";10;"12:40";"1";"973";"2";"2";"1";3;4;-52
"11345";"202100011345";10;"17:05";"1";"54";"2";"1";"1";6;48;6
"11346";"202100011346";10;"08:15";"1";"987";"1";"1";"1";3;-17;-149
"11347";"202100011347";10;"17:05";"1";"974";"1";"9";"1";2;-20;55
"11348";"202100011348";10;"20:24";"4";"973";"2";"1";"1";6;4;-52
"11349";"202100011349";10;"15:24";"1";"973";"1";"1";"1";2;4;-52
"11350";"202100011350";10;"10:59";"1";"973";"2";"1";"1";6;4;-52
"11351";"202100011351";10;"23:30";"5";"69";"2";"2";"1";3;45;4
"11352";"202100011352";10;"16:20";"1";"69";"2";"2";"1";3;45;4
"11353";"202100011353";10;"00:11";"5";"972";"1";"1";"1";6;14;-61
"11354";"202100011354";10;"20:00";"3";"972";"1";"1";"1";3;14;-61
"11355";"202100011355";10;"16:00";"1";"972";"1";"1";"1";3;14;-61
"11356";"202100011356";10;"02:15";"5";"69";"2";"1";"1";1;45;4
"11357";"202100011357";10;"13:15";"1";"971";"1";"1";"1";2;16;-61
"11358";"202100011358";10;"05:20";"5";"2A";"2";"1";"1";7;41;8
"11359";"202100011359";10;"07:20";"5";"95";"2";"1";"1";3;49;2
"11360";"202100011360";10;"16:00";"1";"91";"2";"1";"1";5;48;2
"11361";"202100011361";10;"13:00";"1";"91";"2";"1";"1";2;48;2
"11362";"202100011362";10;"04:55";"5";"91";"2";"2";"1";3;48;2
"11363";"202100011363";10;"16:50";"1";"86";"2";"1";"1";3;46;0
"11364";"202100011364";10;"13:30";"1";"86";"2";"3";"1";3;46;0
"11365";"202100011365";10;"09:35";"1";"83";"2";"1";"1";3;43;5
"11366";"202100011366";10;"08:00";"1";"83";"2";"6";"1";3;43;5
"11367";"202100011367";10;"05:45";"3";"83";"1";"1";"1";7;43;6
"11368";"202100011368";10;"14:20";"1";"82";"2";"2";"1";3;44;1
"11369";"202100011369";10;"12:10";"1";"73";"2";"3";"1";3;45;6
"11370";"202100011370";10;"19:45";"2";"65";"1";"2";"1";3;43;0
"11371";"202100011371";10;"12:33";"1";"65";"1";"9";"1";3;43;0
"11372";"202100011372";10;"10:30";"1";"64";"2";"1";"7";6;43;-1
"11373";"202100011373";10;"19:15";"2";"62";"2";"1";"8";3;50;1
"11374";"202100011374";10;"17:50";"5";"59";"2";"1";"1";3;50;3
"11375";"202100011375";10;"02:40";"5";"59";"2";"1";"8";1;50;3
"11376";"202100011376";10;"19:40";"5";"59";"2";"1";"1";5;50;3
"11377";"202100011377";10;"00:20";"5";"54";"2";"2";"1";6;48;6
"11378";"202100011378";10;"16:35";"1";"54";"2";"2";"1";6;48;6
"11379";"202100011379";10;"20:25";"5";"54";"2";"2";"1";3;48;6
"11380";"202100011380";10;"12:20";"1";"51";"2";"1";"1";3;49;3
"11381";"202100011381";10;"16:11";"1";"49";"2";"1";"1";4;47;0
"11382";"202100011382";10;"16:00";"1";"38";"2";"1";"1";1;45;5
"11383";"202100011383";10;"19:10";"5";"37";"2";"4";"1";3;47;0
"11384";"202100011384";10;"14:00";"1";"37";"2";"1";"1";3;47;0
"11385";"202100011385";10;"18:30";"1";"34";"2";"1";"1";3;43;3
"11386";"202100011386";10;"04:30";"5";"30";"2";"1";"1";1;44;4
"11387";"202100011387";10;"19:40";"3";"29";"1";"6";"1";7;48;-4
"11388";"202100011388";10;"00:22";"5";"29";"2";"1";"1";3;48;-4
"11389";"202100011389";10;"11:10";"1";"27";"2";"1";"1";6;49;1
"11390";"202100011390";10;"09:30";"1";"21";"2";"3";"1";3;47;5
"11391";"202100011391";10;"14:00";"1";"17";"2";"6";"1";3;45;-1
"11392";"202100011392";10;"11:40";"1";"17";"2";"3";"1";3;46;-1
"11393";"202100011393";10;"03:50";"3";"14";"1";"1";"1";6;49;0
"11394";"202100011394";10;"21:45";"5";"13";"2";"1";"1";6;43;5
"11395";"202100011395";10;"20:00";"5";"13";"2";"1";"1";2;43;5
"11396";"202100011396";10;"18:30";"2";"13";"2";"1";"1";3;43;5
"11397";"202100011397";10;"15:30";"1";"13";"2";"2";"1";1;43;5
"11398";"202100011398";10;"13:20";"1";"13";"2";"3";"1";3;43;5
"11399";"202100011399";10;"06:15";"5";"13";"2";"2";"1";3;43;5
"11400";"202100011400";10;"00:18";"5";"13";"2";"6";"1";6;43;5
"11401";"202100011401";10;"21:20";"5";"13";"2";"1";"1";7;43;5
"11402";"202100011402";10;"21:45";"3";"11";"2";"3";"1";6;43;2
"11403";"202100011403";10;"09:25";"1";"11";"1";"1";"1";2;43;2
"11404";"202100011404";10;"12:45";"1";"10";"2";"3";"1";1;48;4
"11405";"202100011405";10;"14:40";"1";"06";"2";"1";"1";6;43;7
"11406";"202100011406";10;"11:30";"1";"06";"2";"1";"1";2;43;7
"11407";"202100011407";10;"06:20";"2";"01";"2";"3";"1";2;46;5
"11408";"202100011408";10;"14:50";"1";"75";"2";"1";"1";2;48;2
"11409";"202100011409";10;"20:55";"2";"75";"2";"1";"1";4;48;2
"11410";"202100011410";10;"05:25";"5";"75";"2";"1";"1";2;48;2
"11411";"202100011411";10;"02:00";"5";"75";"2";"4";"1";2;48;2
"11412";"202100011412";10;"08:50";"1";"75";"2";"1";"1";3;48;2
"11413";"202100011413";10;"09:57";"1";"75";"2";"1";"1";6;48;2
"11414";"202100011414";10;"20:01";"5";"75";"2";"2";"1";6;48;2
"11415";"202100011415";10;"18:35";"1";"75";"2";"2";"1";7;48;2
"11416";"202100011416";10;"14:40";"1";"75";"2";"2";"1";6;48;2
"11417";"202100011417";10;"16:00";"1";"75";"2";"1";"1";3;48;2
"11418";"202100011418";10;"14:00";"1";"75";"2";"3";"1";7;48;2
"11419";"202100011419";10;"16:15";"1";"75";"2";"4";"1";3;48;2
"11420";"202100011420";10;"22:45";"5";"75";"2";"2";"1";6;48;2
"11421";"202100011421";10;"00:40";"5";"75";"2";"2";"1";3;48;2
"11422";"202100011422";10;"13:16";"1";"75";"2";"2";"1";3;48;2
"11423";"202100011423";10;"00:15";"5";"75";"2";"7";"1";1;48;2
"11424";"202100011424";10;"16:22";"1";"75";"2";"1";"8";6;48;2
"11425";"202100011425";10;"01:00";"5";"75";"2";"3";"1";3;48;2
"11426";"202100011426";10;"14:40";"1";"75";"2";"2";"1";3;48;2
"11427";"202100011427";10;"05:50";"5";"75";"2";"3";"1";7;48;2
"11428";"202100011428";10;"22:14";"5";"75";"2";"2";"1";3;48;2
"11429";"202100011429";10;"13:00";"1";"94";"2";"1";"1";6;48;2
"11430";"202100011430";10;"21:19";"5";"94";"2";"9";"1";3;48;2
"11431";"202100011431";10;"05:15";"5";"94";"2";"1";"1";1;48;2
"11432";"202100011432";10;"01:45";"5";"94";"2";"9";"1";2;48;2
"11433";"202100011433";10;"11:00";"1";"94";"2";"1";"1";6;48;2
"11434";"202100011434";10;"11:55";"1";"94";"2";"2";"1";3;48;2
"11435";"202100011435";10;"20:40";"3";"93";"1";"1";"1";2;48;2
"11436";"202100011436";10;"18:05";"2";"93";"2";"2";"1";2;48;2
"11437";"202100011437";10;"19:38";"5";"93";"1";"9";"8";3;48;2
"11438";"202100011438";10;"16:11";"1";"93";"2";"9";"1";3;48;2
"11439";"202100011439";10;"21:35";"5";"92";"2";"1";"1";3;48;2
"11440";"202100011440";10;"18:46";"2";"92";"2";"9";"1";3;48;2
"11441";"202100011441";10;"10:30";"1";"92";"2";"2";"1";6;48;2
"11442";"202100011442";10;"18:15";"1";"92";"2";"1";"1";3;48;2
"11443";"202100011443";10;"09:15";"1";"37";"1";"1";"1";6;47;0
"11444";"202100011444";10;"09:50";"1";"12";"1";"2";"1";5;44;2
"11445";"202100011445";10;"23:15";"3";"54";"1";"1";"1";6;48;6
"11446";"202100011446";10;"19:45";"3";"62";"2";"3";"1";1;50;2
"11447";"202100011447";10;"14:45";"1";"17";"2";"6";"1";3;46;-1
"11448";"202100011448";10;"05:00";"5";"31";"2";"1";"1";6;43;1
"11449";"202100011449";10;"22:05";"3";"974";"1";"1";"1";1;-21;55
"11450";"202100011450";10;"22:30";"3";"972";"1";"1";"1";6;14;-60
"11451";"202100011451";10;"15:45";"1";"63";"1";"1";"1";7;45;2
"11452";"202100011452";10;"18:15";"1";"51";"1";"1";"1";7;48;4
"11453";"202100011453";10;"12:00";"1";"76";"1";"1";"1";3;49;0
"11454";"202100011454";10;"15:45";"1";"80";"1";"2";"1";3;49;2
"11455";"202100011455";10;"04:30";"4";"80";"2";"1";"1";6;50;1
"11456";"202100011456";10;"12:10";"1";"82";"1";"3";"1";3;44;1
"11457";"202100011457";10;"17:00";"1";"82";"1";"1";"1";6;44;1
"11458";"202100011458";10;"17:15";"1";"32";"1";"1";"1";1;43;0
"11459";"202100011459";10;"21:30";"3";"32";"1";"1";"1";6;43;0
"11460";"202100011460";10;"12:30";"1";"61";"2";"1";"1";7;48;0
"11461";"202100011461";10;"12:15";"1";"61";"2";"1";"1";6;48;0
"11462";"202100011462";10;"16:55";"1";"49";"1";"1";"1";6;47;0
"11463";"202100011463";10;"10:00";"1";"12";"1";"6";"1";7;44;3
"11464";"202100011464";10;"14:30";"1";"68";"2";"9";"1";7;47;7
"11465";"202100011465";10;"21:00";"5";"44";"2";"1";"1";2;47;-1
"11466";"202100011466";10;"20:15";"5";"35";"2";"3";"2";3;48;-1
"11467";"202100011467";10;"00:22";"3";"29";"1";"1";"2";6;48;-4
"11468";"202100011468";10;"09:00";"2";"03";"1";"1";"1";7;46;2
"11469";"202100011469";10;"10:35";"1";"70";"2";"1";"7";6;47;6
"11470";"202100011470";10;"16:30";"1";"70";"2";"1";"1";6;47;5
"11471";"202100011471";10;"16:00";"1";"70";"2";"1";"1";7;47;6
"11472";"202100011472";10;"06:00";"3";"58";"1";"1";"5";6;47;3
"11473";"202100011473";10;"20:50";"5";"54";"2";"1";"1";6;48;5
"11474";"202100011474";10;"13:15";"1";"72";"1";"1";"1";3;48;0
"11475";"202100011475";10;"11:45";"1";"43";"1";"4";"1";7;45;4
"11476";"202100011476";10;"14:10";"1";"10";"1";"1";"1";3;48;4
"11477";"202100011477";10;"17:20";"1";"24";"1";"1";"1";3;44;1
"11478";"202100011478";10;"04:45";"3";"04";"1";"1";"1";7;44;5
"11479";"202100011479";10;"00:00";"5";"85";"2";"6";"1";6;46;-1
"11480";"202100011480";10;"08:45";"1";"27";"1";"2";"1";3;48;1
"11481";"202100011481";10;"15:50";"1";"17";"1";"3";"1";3;45;0
"11482";"202100011482";10;"17:30";"1";"37";"2";"1";"1";6;47;0
"11483";"202100011483";10;"06:00";"3";"30";"1";"1";"1";6;44;4
"11484";"202100011484";10;"11:30";"1";"08";"1";"1";"1";7;49;4
"11485";"202100011485";10;"14:55";"1";"88";"1";"1";"1";1;48;7
"11486";"202100011486";10;"15:50";"1";"88";"1";"3";"1";3;48;6
"11487";"202100011487";10;"10:40";"1";"88";"1";"2";"1";3;48;6
"11488";"202100011488";10;"08:30";"1";"04";"1";"1";"1";6;44;5
"11489";"202100011489";10;"20:20";"5";"95";"2";"1";"1";1;49;2
"11490";"202100011490";10;"12:10";"1";"974";"1";"1";"1";2;-21;55
"11491";"202100011491";10;"08:00";"2";"33";"2";"6";"1";3;44;-1
"11492";"202100011492";10;"17:00";"1";"2B";"1";"1";"1";5;42;9
"11493";"202100011493";10;"23:50";"3";"30";"2";"1";"1";1;44;4
"11494";"202100011494";10;"07:50";"1";"34";"1";"1";"1";6;43;3
"11495";"202100011495";10;"19:15";"3";"83";"1";"1";"1";5;43;6
"11496";"202100011496";10;"06:55";"5";"67";"2";"3";"1";3;48;7
"11497";"202100011497";10;"16:45";"1";"69";"2";"1";"7";1;45;4
"11498";"202100011498";10;"14:30";"1";"86";"1";"1";"1";2;46;0
"11499";"202100011499";10;"19:45";"5";"33";"2";"1";"1";3;44;0
"11500";"202100011500";10;"19:15";"2";"33";"1";"1";"1";6;44;0
"11501";"202100011501";10;"14:40";"1";"14";"2";"1";"1";6;48;0
"11502";"202100011502";10;"10:00";"1";"22";"2";"3";"1";1;48;-2
"11503";"202100011503";10;"17:15";"1";"35";"1";"1";"1";6;48;-1
"11504";"202100011504";10;"22:30";"3";"02";"1";"1";"1";7;49;4
"11505";"202100011505";10;"14:15";"1";"59";"1";"1";"8";3;50;3
"11506";"202100011506";10;"17:47";"1";"13";"1";"1";"1";4;43;5
"11507";"202100011507";10;"01:30";"5";"13";"1";"1";"1";6;43;5
"11508";"202100011508";10;"07:34";"2";"13";"1";"1";"1";6;43;5
"11509";"202100011509";10;"07:45";"1";"13";"1";"1";"1";2;43;5
"11510";"202100011510";10;"12:45";"1";"94";"1";"1";"1";2;48;2
"11511";"202100011511";10;"14:25";"1";"91";"1";"1";"1";3;48;2
"11512";"202100011512";10;"12:45";"1";"78";"1";"1";"1";3;48;1
"11513";"202100011513";10;"12:45";"1";"92";"1";"1";"1";2;48;2
"11514";"202100011514";10;"21:15";"3";"78";"1";"1";"1";5;48;2
"11515";"202100011515";10;"20:55";"5";"92";"1";"1";"1";5;48;2
"11516";"202100011516";10;"20:25";"5";"92";"1";"1";"1";3;48;2
"11517";"202100011517";10;"13:30";"1";"78";"1";"1";"1";4;48;2
"11518";"202100011518";10;"19:30";"5";"93";"1";"1";"1";7;48;2
"11519";"202100011519";10;"07:30";"3";"93";"1";"1";"1";3;48;2
"11520";"202100011520";10;"03:55";"4";"75";"1";"1";"2";6;48;2
"11521";"202100011521";10;"15:20";"1";"93";"1";"1";"1";6;48;2
"11522";"202100011522";10;"08:44";"1";"94";"1";"1";"1";6;48;2
"11523";"202100011523";7;"22:45";"5";"75";"2";"2";"1";6;48;2
"11524";"202100011524";10;"17:30";"2";"973";"1";"1";"1";3;4;-52
"11525";"202100011525";10;"07:32";"1";"973";"2";"9";"1";3;4;-52
"11526";"202100011526";10;"22:50";"5";"69";"2";"2";"1";3;45;4
"11527";"202100011527";10;"23:15";"5";"69";"2";"1";"1";3;45;4
"11528";"202100011528";10;"14:00";"1";"69";"2";"3";"1";3;45;4
"11529";"202100011529";10;"14:30";"1";"69";"2";"2";"1";3;45;4
"11530";"202100011530";10;"08:40";"1";"972";"2";"1";"1";6;14;-61
"11531";"202100011531";10;"00:10";"5";"69";"2";"1";"1";6;45;4
"11532";"202100011532";10;"19:05";"5";"69";"2";"1";"1";3;45;4
"11533";"202100011533";10;"17:15";"1";"69";"2";"2";"1";1;45;4
"11534";"202100011534";10;"20:20";"5";"69";"2";"1";"1";6;45;4
"11535";"202100011535";10;"08:50";"1";"69";"2";"2";"1";3;45;4
"11536";"202100011536";10;"15:00";"1";"69";"2";"4";"1";1;45;4
"11537";"202100011537";10;"01:40";"5";"69";"2";"3";"1";2;45;4
"11538";"202100011538";10;"14:37";"1";"69";"2";"9";"1";3;45;4
"11539";"202100011539";10;"09:39";"1";"2B";"2";"1";"1";2;42;9
"11540";"202100011540";10;"23:30";"5";"2A";"2";"1";"1";7;41;8
"11541";"202100011541";10;"22:44";"3";"91";"1";"1";"1";1;48;2
"11542";"202100011542";10;"08:25";"2";"91";"2";"1";"9";6;48;2
"11543";"202100011543";10;"07:50";"2";"91";"2";"2";"1";3;48;2
"11544";"202100011544";10;"15:20";"1";"91";"2";"1";"1";4;48;2
"11545";"202100011545";10;"15:10";"1";"91";"2";"3";"8";3;48;2
"11546";"202100011546";10;"07:20";"5";"91";"2";"9";"9";6;48;2
"11547";"202100011547";10;"07:56";"5";"87";"2";"1";"1";6;45;1
"11548";"202100011548";10;"15:33";"1";"87";"2";"2";"1";3;45;1
"11549";"202100011549";10;"19:25";"4";"87";"2";"2";"3";3;45;1
"11550";"202100011550";10;"13:40";"1";"86";"2";"1";"1";1;46;0
"11551";"202100011551";10;"11:45";"1";"86";"2";"1";"2";2;46;0
"11552";"202100011552";10;"10:45";"1";"83";"2";"1";"1";6;43;6
"11553";"202100011553";10;"15:59";"1";"76";"2";"1";"1";6;49;1
"11554";"202100011554";10;"07:45";"5";"76";"2";"2";"1";6;49;1
"11555";"202100011555";10;"20:20";"5";"72";"2";"1";"1";6;47;0
"11556";"202100011556";10;"19:00";"2";"71";"2";"1";"1";1;46;4
"11557";"202100011557";10;"17:00";"1";"68";"2";"2";"1";6;48;7
"11558";"202100011558";10;"23:00";"5";"67";"2";"1";"1";6;48;7
"11559";"202100011559";10;"13:20";"1";"66";"2";"1";"1";2;42;2
"11560";"202100011560";10;"12:04";"1";"66";"2";"1";"1";6;42;2
"11561";"202100011561";10;"12:00";"1";"66";"2";"1";"1";6;42;2
"11562";"202100011562";10;"11:40";"1";"65";"2";"3";"1";4;43;0
"11563";"202100011563";10;"10:00";"1";"65";"2";"9";"1";2;43;0
"11564";"202100011564";10;"07:55";"2";"65";"2";"3";"1";3;43;0
"11565";"202100011565";10;"11:30";"1";"64";"2";"9";"1";7;43;0
"11566";"202100011566";10;"09:00";"1";"64";"2";"1";"1";2;43;0
"11567";"202100011567";10;"19:40";"5";"64";"2";"1";"1";2;43;-1
"11568";"202100011568";10;"18:45";"1";"64";"1";"1";"1";3;43;-1
"11569";"202100011569";10;"08:30";"1";"64";"2";"9";"2";7;43;-1
"11570";"202100011570";10;"20:00";"3";"61";"1";"1";"1";7;48;0
"11571";"202100011571";10;"08:30";"1";"61";"2";"2";"1";1;48;0
"11572";"202100011572";10;"17:45";"1";"59";"2";"1";"1";6;50;3
"11573";"202100011573";10;"07:45";"2";"59";"2";"1";"1";3;50;3
"11574";"202100011574";10;"15:50";"1";"59";"2";"2";"1";3;50;3
"11575";"202100011575";10;"17:50";"1";"59";"2";"2";"2";3;50;3
"11576";"202100011576";10;"19:35";"5";"56";"2";"3";"1";3;47;-3
"11577";"202100011577";10;"22:57";"5";"54";"2";"1";"1";6;48;6
"11578";"202100011578";10;"14:20";"1";"54";"2";"9";"1";6;48;6
"11579";"202100011579";10;"16:48";"1";"54";"1";"1";"2";1;48;6
"11580";"202100011580";10;"18:30";"2";"54";"1";"1";"1";6;49;5
"11581";"202100011581";10;"07:55";"2";"51";"2";"6";"1";3;49;4
"11582";"202100011582";10;"08:35";"1";"51";"2";"3";"1";5;49;4
"11583";"202100011583";10;"07:30";"2";"51";"2";"2";"2";7;49;4
"11584";"202100011584";10;"01:20";"5";"50";"2";"1";"1";6;49;-1
"11585";"202100011585";10;"22:20";"3";"49";"1";"1";"1";6;47;0
"11586";"202100011586";10;"18:20";"1";"49";"2";"1";"1";3;47;0
"11587";"202100011587";10;"11:22";"1";"49";"2";"1";"1";3;47;0
"11588";"202100011588";10;"07:50";"2";"49";"2";"1";"1";6;47;0
"11589";"202100011589";10;"17:43";"1";"49";"2";"1";"1";2;47;0
"11590";"202100011590";10;"10:20";"1";"49";"2";"1";"1";7;47;0
"11591";"202100011591";10;"16:45";"1";"45";"2";"1";"1";2;47;1
"11592";"202100011592";10;"08:50";"1";"45";"2";"2";"1";7;47;1
"11593";"202100011593";10;"12:05";"1";"38";"2";"1";"1";3;45;5
"11594";"202100011594";10;"22:05";"5";"37";"2";"3";"1";3;47;0
"11595";"202100011595";10;"18:50";"5";"37";"2";"9";"1";6;47;0
"11596";"202100011596";10;"07:40";"1";"37";"2";"1";"1";6;47;0
"11597";"202100011597";10;"18:35";"2";"37";"2";"1";"8";2;47;0
"11598";"202100011598";10;"15:15";"1";"35";"2";"3";"1";3;48;-2
"11599";"202100011599";10;"16:25";"1";"35";"2";"1";"1";3;48;-1
"11600";"202100011600";10;"07:50";"2";"35";"2";"9";"1";3;48;-1
"11601";"202100011601";10;"21:30";"5";"35";"2";"2";"1";3;48;-1
"11602";"202100011602";10;"00:15";"5";"34";"2";"2";"1";1;43;3
"11603";"202100011603";10;"21:28";"5";"34";"2";"1";"1";2;43;3
"11604";"202100011604";10;"19:20";"1";"34";"2";"1";"1";1;43;3
"11605";"202100011605";10;"00:30";"5";"34";"2";"1";"1";3;43;3
"11606";"202100011606";10;"08:10";"2";"33";"1";"2";"1";3;44;0
"11607";"202100011607";10;"08:45";"1";"33";"2";"2";"1";3;44;0
"11608";"202100011608";10;"18:15";"1";"33";"2";"1";"8";6;44;-1
"11609";"202100011609";10;"15:00";"1";"33";"2";"1";"1";3;44;-1
"11610";"202100011610";10;"20:40";"5";"31";"2";"6";"1";1;43;1
"11611";"202100011611";10;"07:25";"2";"31";"2";"2";"1";3;43;1
"11612";"202100011612";10;"07:35";"5";"30";"2";"3";"1";3;44;4
"11613";"202100011613";10;"11:50";"1";"25";"1";"1";"1";1;47;5
"11614";"202100011614";10;"02:17";"3";"17";"1";"1";"1";6;46;-1
"11615";"202100011615";10;"17:13";"1";"17";"2";"1";"1";7;46;-1
"11616";"202100011616";10;"09:25";"1";"17";"2";"1";"1";2;46;-1
"11617";"202100011617";10;"21:30";"3";"15";"2";"1";"1";7;44;2
"11618";"202100011618";10;"21:45";"5";"13";"2";"1";"1";3;43;5
"11619";"202100011619";10;"21:50";"5";"13";"2";"3";"1";2;43;5
"11620";"202100011620";10;"17:00";"1";"13";"2";"1";"1";7;43;5
"11621";"202100011621";10;"16:45";"1";"13";"2";"1";"1";2;43;5
"11622";"202100011622";10;"10:30";"1";"13";"2";"2";"1";5;43;5
"11623";"202100011623";10;"15:10";"1";"11";"2";"6";"1";2;43;2
"11624";"202100011624";10;"13:27";"1";"10";"2";"1";"1";3;48;4
"11625";"202100011625";10;"09:08";"1";"10";"2";"1";"1";6;48;4
"11626";"202100011626";10;"07:48";"5";"10";"2";"1";"8";6;48;4
"11627";"202100011627";10;"05:25";"5";"10";"2";"6";"8";3;48;4
"11628";"202100011628";10;"17:15";"1";"06";"2";"2";"1";3;43;7
"11629";"202100011629";10;"10:23";"1";"06";"2";"6";"1";6;43;7
"11630";"202100011630";10;"12:30";"1";"75";"2";"1";"8";2;48;2
"11631";"202100011631";10;"13:35";"1";"75";"2";"1";"1";2;48;2
"11632";"202100011632";10;"08:30";"1";"75";"2";"1";"2";7;48;2
"11633";"202100011633";10;"18:15";"1";"75";"2";"7";"1";7;48;2
"11634";"202100011634";10;"20:00";"5";"75";"2";"2";"1";3;48;2
"11635";"202100011635";10;"14:45";"1";"75";"2";"5";"1";3;48;2
"11636";"202100011636";10;"21:00";"5";"75";"2";"4";"1";2;48;2
"11637";"202100011637";10;"11:25";"1";"75";"2";"2";"1";3;48;2
"11638";"202100011638";10;"08:25";"1";"75";"2";"1";"8";6;48;2
"11639";"202100011639";10;"13:40";"1";"75";"2";"1";"3";3;48;2
"11640";"202100011640";10;"16:00";"1";"75";"2";"2";"1";7;48;2
"11641";"202100011641";10;"08:00";"1";"75";"2";"7";"1";3;48;2
"11642";"202100011642";10;"14:10";"1";"75";"2";"2";"1";6;48;2
"11643";"202100011643";10;"09:05";"1";"75";"2";"2";"1";6;48;2
"11644";"202100011644";10;"23:50";"5";"75";"2";"2";"1";3;48;2
"11645";"202100011645";10;"09:07";"1";"75";"2";"2";"1";6;48;2
"11646";"202100011646";10;"01:00";"5";"75";"2";"4";"1";2;48;2
"11647";"202100011647";10;"21:10";"5";"94";"2";"1";"1";2;48;2
"11648";"202100011648";10;"08:30";"2";"94";"2";"1";"1";3;48;2
"11649";"202100011649";10;"09:30";"1";"94";"2";"1";"1";3;48;2
"11650";"202100011650";10;"23:09";"5";"94";"2";"1";"1";3;48;2
"11651";"202100011651";10;"08:50";"1";"94";"2";"1";"1";6;48;2
"11652";"202100011652";10;"18:35";"5";"94";"2";"9";"1";4;48;2
"11653";"202100011653";10;"13:30";"1";"94";"2";"9";"1";3;48;2
"11654";"202100011654";10;"09:25";"1";"94";"2";"1";"1";6;48;2
"11655";"202100011655";10;"08:55";"1";"94";"2";"1";"1";2;48;2
"11656";"202100011656";10;"11:14";"1";"94";"2";"1";"1";1;48;2
"11657";"202100011657";10;"09:00";"1";"94";"2";"1";"1";6;48;2
"11658";"202100011658";10;"19:30";"5";"94";"2";"3";"1";3;48;2
"11659";"202100011659";10;"21:00";"3";"94";"2";"1";"1";2;48;2
"11660";"202100011660";10;"08:30";"1";"94";"2";"1";"1";3;48;2
"11661";"202100011661";10;"07:45";"5";"94";"2";"1";"6";3;48;2
"11662";"202100011662";10;"12:45";"1";"94";"2";"2";"1";5;48;2
"11663";"202100011663";10;"08:00";"2";"94";"2";"1";"1";3;48;2
"11664";"202100011664";10;"21:40";"3";"77";"1";"9";"1";3;48;2
"11665";"202100011665";10;"10:00";"1";"93";"2";"1";"1";5;48;2
"11666";"202100011666";10;"14:14";"1";"93";"2";"1";"1";3;48;2
"11667";"202100011667";10;"08:15";"1";"93";"2";"3";"2";3;48;2
"11668";"202100011668";10;"06:00";"5";"93";"2";"2";"1";3;48;2
"11669";"202100011669";10;"08:25";"1";"93";"2";"3";"1";3;48;2
"11670";"202100011670";10;"07:28";"5";"93";"2";"1";"1";6;48;2
"11671";"202100011671";10;"23:30";"5";"93";"2";"3";"8";2;48;2
"11672";"202100011672";10;"19:37";"5";"93";"2";"2";"8";6;48;2
"11673";"202100011673";10;"16:50";"1";"93";"2";"1";"1";2;48;2
"11674";"202100011674";10;"22:35";"5";"93";"2";"1";"1";6;48;2
"11675";"202100011675";10;"21:30";"5";"93";"2";"9";"1";1;48;2
"11676";"202100011676";10;"08:55";"1";"92";"2";"1";"1";7;48;2
"11677";"202100011677";10;"10:14";"1";"92";"2";"1";"1";6;48;2
"11678";"202100011678";10;"10:35";"1";"92";"2";"9";"1";3;48;2
"11679";"202100011679";9;"02:25";"5";"92";"2";"1";"1";7;48;2