"";"Num_Acc";"mois";"hrmn";"lum";"dep";"agg";"int";"atm";"col";"lat";"long"
"11680";"202100011680";10;"15:50";"1";"92";"2";"3";"1";6;48;2
"11681";"202100011681";10;"17:40";"1";"92";"2";"1";"8";6;48;2
"11682";"202100011682";10;"17:40";"1";"92";"2";"1";"1";6;48;2
"11683";"202100011683";10;"17:50";"1";"37";"1";"4";"1";3;47;0
"11684";"202100011684";10;"23:00";"5";"06";"2";"1";"1";1;43;7
"11685";"202100011685";10;"05:20";"3";"71";"1";"1";"1";5;46;4
"11686";"202100011686";10;"02:15";"3";"63";"2";"1";"1";6;46;3
"11687";"202100011687";10;"04:05";"3";"71";"1";"1";"1";6;46;4
"11688";"202100011688";10;"17:15";"1";"83";"1";"2";"1";3;43;6
"11689";"202100011689";10;"07:55";"2";"30";"2";"6";"1";6;43;4
"11690";"202100011690";10;"07:30";"2";"62";"1";"1";"1";1;50;2
"11691";"202100011691";10;"16:20";"1";"74";"1";"1";"1";7;46;6
"11692";"202100011692";10;"00:40";"5";"74";"2";"1";"1";6;46;6
"11693";"202100011693";10;"15:45";"1";"2A";"2";"1";"1";7;41;9
"11694";"202100011694";10;"14:45";"1";"82";"1";"1";"1";3;43;1
"11695";"202100011695";10;"13:30";"1";"32";"1";"1";"8";7;43;0
"11696";"202100011696";10;"23:50";"3";"89";"1";"1";"1";7;47;3
"11697";"202100011697";10;"18:45";"1";"12";"1";"1";"1";1;44;2
"11698";"202100011698";10;"17:30";"1";"42";"2";"1";"7";6;46;4
"11699";"202100011699";10;"21:10";"3";"41";"1";"1";"1";6;47;1
"11700";"202100011700";10;"16:15";"1";"39";"1";"1";"1";3;46;5
"11701";"202100011701";10;"03:19";"5";"44";"2";"6";"1";6;47;-2
"11702";"202100011702";10;"07:30";"3";"44";"1";"1";"1";1;47;-1
"11703";"202100011703";10;"14:30";"1";"01";"2";"1";"1";6;45;5
"11704";"202100011704";10;"13:35";"1";"06";"1";"1";"1";1;44;7
"11705";"202100011705";10;"09:15";"1";"06";"1";"1";"1";3;43;6
"11706";"202100011706";10;"15:00";"1";"06";"2";"3";"1";3;43;7
"11707";"202100011707";10;"21:00";"3";"14";"1";"1";"1";3;49;0
"11708";"202100011708";10;"16:00";"1";"14";"1";"2";"1";3;49;-1
"11709";"202100011709";10;"12:15";"1";"07";"1";"1";"1";4;44;4
"11710";"202100011710";10;"14:40";"1";"53";"1";"1";"1";7;48;0
"11711";"202100011711";10;"17:40";"1";"24";"1";"3";"1";1;44;1
"11712";"202100011712";10;"08:45";"2";"24";"2";"3";"1";1;45;0
"11713";"202100011713";10;"18:45";"3";"24";"1";"1";"1";6;45;0
"11714";"202100011714";10;"22:55";"3";"37";"1";"6";"1";6;47;0
"11715";"202100011715";10;"18:20";"2";"30";"1";"3";"1";5;44;4
"11716";"202100011716";10;"17:30";"1";"48";"1";"1";"1";7;44;3
"11717";"202100011717";10;"04:25";"4";"52";"2";"3";"1";3;48;4
"11718";"202100011718";10;"10:10";"1";"987";"2";"1";"1";2;-17;-149
"11719";"202100011719";10;"19:30";"3";"973";"1";"1";"1";1;5;-52
"11720";"202100011720";10;"12:05";"1";"971";"2";"1";"1";3;16;-61
"11721";"202100011721";10;"18:50";"5";"971";"2";"1";"1";1;16;-61
"11722";"202100011722";10;"21:30";"3";"28";"1";"6";"1";1;48;1
"11723";"202100011723";8;"00:25";"3";"45";"1";"1";"1";6;47;2
"11724";"202100011724";10;"11:20";"1";"66";"2";"3";"1";6;42;3
"11725";"202100011725";10;"20:30";"5";"21";"1";"1";"1";6;47;4
"11726";"202100011726";10;"19:20";"5";"88";"2";"3";"1";1;48;6
"11727";"202100011727";10;"17:00";"1";"55";"1";"1";"7";3;48;4
"11728";"202100011728";10;"03:15";"5";"03";"2";"1";"1";6;46;3
"11729";"202100011729";10;"10:00";"1";"69";"2";"1";"1";6;45;4
"11730";"202100011730";10;"17:30";"1";"69";"1";"1";"6";1;45;4
"11731";"202100011731";10;"20:20";"5";"35";"2";"6";"1";2;48;-1
"11732";"202100011732";9;"04:45";"3";"38";"1";"1";"1";6;45;4
"11733";"202100011733";10;"08:00";"2";"33";"1";"1";"9";3;44;0
"11734";"202100011734";10;"07:30";"1";"33";"1";"1";"1";5;44;0
"11735";"202100011735";9;"20:15";"2";"33";"1";"1";"1";4;44;0
"11736";"202100011736";10;"10:20";"1";"59";"1";"1";"2";4;50;2
"11737";"202100011737";10;"11:50";"1";"59";"1";"1";"1";2;51;2
"11738";"202100011738";10;"13:35";"1";"91";"1";"1";"1";4;48;2
"11739";"202100011739";10;"13:35";"1";"91";"1";"1";"1";2;48;2
"11740";"202100011740";10;"13:35";"1";"91";"1";"1";"1";5;48;2
"11741";"202100011741";10;"13:30";"1";"77";"1";"1";"1";6;48;2
"11742";"202100011742";10;"08:20";"1";"91";"1";"1";"1";2;48;2
"11743";"202100011743";10;"16:30";"1";"91";"1";"1";"2";4;48;2
"11744";"202100011744";10;"11:15";"1";"78";"1";"1";"1";4;48;2
"11745";"202100011745";10;"08:32";"1";"78";"1";"1";"1";4;48;1
"11746";"202100011746";10;"21:45";"3";"78";"1";"1";"1";6;48;2
"11747";"202100011747";10;"07:50";"1";"78";"1";"1";"1";6;48;2
"11748";"202100011748";10;"15:00";"1";"93";"1";"1";"1";2;48;2
"11749";"202100011749";10;"08:50";"1";"93";"2";"1";"1";6;48;2
"11750";"202100011750";10;"01:00";"3";"95";"1";"1";"1";5;48;2
"11751";"202100011751";10;"06:20";"3";"94";"1";"1";"1";3;48;2
"11752";"202100011752";10;"11:20";"1";"69";"2";"1";"1";6;45;4
"11753";"202100011753";10;"16:15";"1";"86";"2";"1";"1";6;46;0
"11754";"202100011754";10;"17:55";"1";"76";"2";"1";"1";6;49;0
"11755";"202100011755";10;"08:20";"1";"77";"2";"3";"1";6;48;2
"11756";"202100011756";8;"13:30";"1";"86";"2";"1";"1";3;46;0
"11757";"202100011757";8;"20:15";"1";"86";"2";"1";"1";2;46;0
"11758";"202100011758";6;"09:00";"1";"02";"2";"9";"1";6;49;3
"11759";"202100011759";4;"16:45";"1";"02";"2";"9";"1";2;49;3
"11760";"202100011760";7;"16:15";"1";"74";"1";"1";"1";5;46;6
"11761";"202100011761";6;"17:50";"1";"74";"1";"1";"1";6;46;6
"11762";"202100011762";10;"15:15";"1";"976";"2";"1";"1";6;-12;45
"11763";"202100011763";10;"18:00";"2";"974";"1";"1";"1";3;-21;55
"11764";"202100011764";10;"04:20";"3";"974";"2";"1";"1";6;-21;55
"11765";"202100011765";10;"15:30";"1";"974";"1";"1";"1";4;-20;55
"11766";"202100011766";10;"00:55";"5";"69";"2";"1";"1";7;45;4
"11767";"202100011767";10;"09:00";"1";"69";"2";"1";"8";3;45;4
"11768";"202100011768";10;"08:10";"1";"972";"2";"1";"1";3;14;-60
"11769";"202100011769";10;"20:05";"5";"69";"2";"3";"1";6;45;4
"11770";"202100011770";10;"21:25";"5";"69";"2";"3";"1";3;45;4
"11771";"202100011771";10;"08:38";"1";"91";"1";"1";"1";5;48;2
"11772";"202100011772";10;"11:05";"1";"91";"2";"3";"1";3;48;2
"11773";"202100011773";10;"19:20";"5";"91";"2";"9";"2";6;48;2
"11774";"202100011774";9;"11:45";"1";"91";"2";"2";"1";6;48;2
"11775";"202100011775";7;"07:45";"1";"85";"1";"1";"7";1;46;-1
"11776";"202100011776";10;"07:10";"3";"84";"1";"1";"2";3;44;4
"11777";"202100011777";10;"18:25";"2";"83";"2";"1";"1";3;43;5
"11778";"202100011778";10;"20:21";"5";"81";"2";"1";"1";6;43;2
"11779";"202100011779";10;"14:40";"1";"80";"2";"1";"1";6;49;2
"11780";"202100011780";10;"16:10";"1";"80";"2";"1";"1";5;49;2
"11781";"202100011781";10;"14:45";"1";"80";"2";"1";"1";6;49;2
"11782";"202100011782";10;"16:05";"1";"77";"2";"1";"1";2;48;2
"11783";"202100011783";10;"18:50";"2";"77";"1";"1";"2";7;48;2
"11784";"202100011784";10;"14:35";"1";"77";"2";"1";"1";2;48;2
"11785";"202100011785";10;"10:30";"1";"76";"1";"1";"1";7;49;0
"11786";"202100011786";10;"11:00";"1";"76";"2";"3";"1";3;49;0
"11787";"202100011787";10;"16:45";"1";"76";"2";"3";"1";3;49;0
"11788";"202100011788";10;"16:20";"1";"76";"2";"1";"1";6;49;1
"11789";"202100011789";10;"05:40";"5";"71";"2";"2";"1";6;46;4
"11790";"202100011790";10;"21:30";"5";"69";"2";"3";"1";3;45;4
"11791";"202100011791";10;"16:37";"1";"68";"2";"1";"1";6;47;7
"11792";"202100011792";10;"15:35";"1";"67";"2";"1";"1";3;48;7
"11793";"202100011793";10;"08:15";"1";"66";"1";"1";"1";2;42;2
"11794";"202100011794";10;"12:45";"1";"66";"2";"1";"1";6;42;2
"11795";"202100011795";10;"17:08";"1";"65";"2";"1";"1";6;43;0
"11796";"202100011796";10;"09:55";"1";"64";"2";"1";"2";1;43;-1
"11797";"202100011797";10;"09:25";"1";"62";"2";"1";"1";6;50;2
"11798";"202100011798";10;"20:45";"5";"62";"2";"1";"8";3;50;1
"11799";"202100011799";10;"07:37";"3";"57";"1";"1";"2";2;49;6
"11800";"202100011800";10;"14:05";"1";"56";"2";"1";"1";1;47;-3
"11801";"202100011801";10;"17:30";"1";"50";"2";"1";"1";7;49;-1
"11802";"202100011802";10;"08:45";"1";"49";"2";"1";"1";6;47;0
"11803";"202100011803";10;"07:55";"5";"49";"2";"6";"1";6;47;0
"11804";"202100011804";10;"17:45";"1";"49";"2";"1";"1";3;47;0
"11805";"202100011805";10;"14:34";"1";"49";"2";"1";"1";2;47;0
"11806";"202100011806";10;"09:02";"1";"49";"2";"1";"2";7;47;0
"11807";"202100011807";10;"18:27";"1";"49";"2";"1";"1";7;47;0
"11808";"202100011808";10;"17:55";"1";"45";"2";"1";"1";3;47;1
"11809";"202100011809";10;"12:45";"1";"45";"2";"2";"1";1;47;1
"11810";"202100011810";10;"21:50";"3";"44";"1";"6";"3";6;47;-2
"11811";"202100011811";10;"20:59";"5";"44";"2";"1";"1";6;47;-1
"11812";"202100011812";10;"20:09";"5";"44";"2";"1";"2";6;47;-1
"11813";"202100011813";10;"15:45";"1";"44";"2";"6";"1";3;47;-1
"11814";"202100011814";10;"14:00";"1";"42";"2";"1";"1";1;45;4
"11815";"202100011815";10;"20:05";"5";"37";"2";"1";"1";6;47;0
"11816";"202100011816";10;"11:15";"1";"37";"2";"9";"1";6;47;0
"11817";"202100011817";10;"09:30";"1";"37";"2";"1";"8";6;47;0
"11818";"202100011818";10;"16:40";"1";"35";"2";"1";"8";6;48;-1
"11819";"202100011819";10;"09:45";"1";"35";"2";"1";"1";6;48;-1
"11820";"202100011820";10;"08:30";"1";"35";"1";"9";"1";2;48;-1
"11821";"202100011821";10;"06:45";"5";"35";"2";"1";"1";6;48;-1
"11822";"202100011822";10;"20:00";"5";"35";"2";"1";"1";6;48;-1
"11823";"202100011823";10;"15:55";"1";"31";"2";"2";"1";2;43;1
"11824";"202100011824";10;"08:00";"5";"28";"2";"1";"1";3;48;1
"11825";"202100011825";10;"14:45";"1";"22";"2";"1";"1";7;48;-3
"11826";"202100011826";10;"00:50";"3";"15";"1";"1";"3";6;44;2
"11827";"202100011827";10;"20:10";"5";"13";"2";"1";"1";3;43;5
"11828";"202100011828";10;"18:15";"5";"13";"2";"9";"1";3;43;5
"11829";"202100011829";10;"16:40";"1";"13";"2";"9";"1";3;43;5
"11830";"202100011830";10;"08:30";"1";"13";"2";"1";"2";6;43;5
"11831";"202100011831";10;"12:15";"1";"13";"2";"1";"1";6;43;5
"11832";"202100011832";10;"18:25";"2";"13";"2";"1";"1";2;43;4
"11833";"202100011833";10;"18:20";"1";"13";"2";"2";"1";2;43;5
"11834";"202100011834";10;"17:35";"1";"10";"2";"2";"2";3;48;4
"11835";"202100011835";10;"09:08";"1";"10";"2";"1";"7";4;48;4
"11836";"202100011836";10;"12:15";"1";"10";"2";"1";"1";3;48;4
"11837";"202100011837";10;"01:00";"5";"06";"2";"6";"1";6;43;7
"11838";"202100011838";10;"19:10";"5";"75";"2";"1";"1";4;48;2
"11839";"202100011839";10;"18:15";"1";"75";"2";"4";"1";3;48;2
"11840";"202100011840";10;"14:22";"1";"75";"2";"1";"3";6;48;2
"11841";"202100011841";10;"03:01";"5";"75";"2";"7";"6";1;48;2
"11842";"202100011842";10;"12:08";"1";"75";"2";"1";"1";6;48;2
"11843";"202100011843";10;"10:50";"1";"75";"2";"1";"1";5;48;2
"11844";"202100011844";10;"08:30";"1";"75";"2";"2";"2";3;48;2
"11845";"202100011845";10;"15:00";"1";"75";"2";"1";"3";6;48;2
"11846";"202100011846";10;"10:45";"1";"75";"2";"2";"1";3;48;2
"11847";"202100011847";10;"19:45";"5";"75";"2";"4";"1";7;48;2
"11848";"202100011848";10;"07:40";"5";"75";"2";"7";"1";6;48;2
"11849";"202100011849";10;"18:25";"1";"75";"2";"4";"1";6;48;2
"11850";"202100011850";10;"00:01";"5";"75";"2";"2";"6";7;48;2
"11851";"202100011851";10;"22:00";"5";"75";"2";"2";"1";6;48;2
"11852";"202100011852";10;"15:00";"1";"75";"2";"3";"3";3;48;2
"11853";"202100011853";10;"09:47";"1";"75";"2";"2";"1";6;48;2
"11854";"202100011854";10;"04:08";"5";"75";"2";"7";"6";1;48;2
"11855";"202100011855";10;"19:15";"5";"75";"2";"2";"1";6;48;2
"11856";"202100011856";10;"14:30";"1";"75";"2";"3";"3";2;48;2
"11857";"202100011857";10;"14:15";"1";"75";"2";"2";"3";3;48;2
"11858";"202100011858";10;"17:30";"1";"94";"2";"9";"1";1;48;2
"11859";"202100011859";10;"12:50";"1";"94";"2";"3";"1";3;48;2
"11860";"202100011860";10;"23:25";"5";"94";"2";"1";"2";3;48;2
"11861";"202100011861";10;"14:54";"1";"94";"2";"3";"3";1;48;2
"11862";"202100011862";10;"15:15";"1";"94";"2";"1";"2";3;48;2
"11863";"202100011863";10;"16:30";"1";"94";"2";"1";"3";4;48;2
"11864";"202100011864";10;"19:30";"5";"94";"2";"3";"1";3;48;2
"11865";"202100011865";10;"13:30";"1";"93";"2";"1";"3";3;48;2
"11866";"202100011866";10;"08:19";"1";"93";"2";"9";"8";2;48;2
"11867";"202100011867";10;"08:40";"1";"93";"2";"1";"1";2;48;2
"11868";"202100011868";10;"14:50";"1";"93";"2";"2";"3";6;48;2
"11869";"202100011869";10;"15:51";"1";"93";"2";"9";"2";6;48;2
"11870";"202100011870";10;"14:25";"1";"93";"2";"2";"3";5;48;2
"11871";"202100011871";10;"20:05";"5";"93";"2";"3";"2";6;48;2
"11872";"202100011872";10;"08:40";"1";"93";"2";"1";"1";7;48;2
"11873";"202100011873";10;"16:00";"1";"93";"2";"1";"1";6;48;2
"11874";"202100011874";10;"19:05";"5";"93";"2";"1";"8";6;48;2
"11875";"202100011875";10;"15:40";"1";"93";"2";"2";"2";3;48;2
"11876";"202100011876";10;"11:50";"1";"93";"2";"9";"2";6;48;2
"11877";"202100011877";10;"03:30";"5";"93";"2";"3";"2";3;48;2
"11878";"202100011878";10;"20:50";"3";"92";"2";"1";"1";3;48;2
"11879";"202100011879";10;"18:20";"2";"92";"2";"1";"2";6;48;2
"11880";"202100011880";10;"13:55";"1";"92";"2";"4";"3";3;48;2
"11881";"202100011881";10;"19:34";"5";"92";"2";"1";"1";6;48;2
"11882";"202100011882";10;"22:00";"5";"92";"2";"3";"1";3;48;2
"11883";"202100011883";10;"07:50";"3";"47";"2";"1";"2";6;44;0
"11884";"202100011884";10;"16:00";"1";"01";"1";"1";"1";1;46;5
"11885";"202100011885";10;"11:00";"1";"22";"2";"9";"7";6;48;-2
"11886";"202100011886";10;"15:40";"1";"43";"2";"1";"1";6;45;3
"11887";"202100011887";10;"17:12";"1";"28";"1";"1";"1";1;48;1
"11888";"202100011888";10;"17:00";"1";"27";"1";"1";"1";1;48;1
"11889";"202100011889";10;"09:30";"1";"42";"2";"1";"1";6;46;3
"11890";"202100011890";10;"08:20";"1";"974";"2";"1";"1";6;-21;55
"11891";"202100011891";10;"12:55";"1";"974";"2";"2";"1";3;-21;55
"11892";"202100011892";10;"23:45";"3";"41";"1";"9";"6";6;47;1
"11893";"202100011893";10;"07:25";"3";"59";"2";"1";"2";3;50;2
"11894";"202100011894";10;"09:00";"1";"62";"2";"3";"2";2;50;2
"11895";"202100011895";10;"06:03";"3";"51";"1";"1";"1";1;48;3
"11896";"202100011896";10;"07:40";"5";"56";"2";"1";"1";6;48;-2
"11897";"202100011897";10;"05:45";"3";"56";"1";"1";"2";1;47;-2
"11898";"202100011898";10;"12:15";"1";"76";"1";"2";"2";3;49;1
"11899";"202100011899";10;"10:45";"1";"76";"1";"1";"1";1;49;1
"11900";"202100011900";10;"15:00";"1";"2A";"1";"1";"2";3;41;8
"11901";"202100011901";10;"09:00";"1";"82";"1";"1";"5";6;44;1
"11902";"202100011902";10;"21:50";"3";"41";"1";"1";"1";5;47;1
"11903";"202100011903";10;"19:35";"3";"65";"2";"9";"1";3;43;0
"11904";"202100011904";10;"22:00";"3";"32";"1";"1";"1";6;43;0
"11905";"202100011905";10;"11:30";"1";"71";"1";"1";"1";1;46;4
"11906";"202100011906";10;"08:30";"1";"63";"1";"1";"8";2;45;3
"11907";"202100011907";10;"11:30";"1";"61";"1";"3";"7";3;48;0
"11908";"202100011908";9;"14:10";"1";"49";"2";"3";"1";3;47;0
"11909";"202100011909";10;"22:10";"3";"49";"1";"1";"1";6;47;0
"11910";"202100011910";10;"11:25";"1";"49";"2";"1";"1";6;47;0
"11911";"202100011911";10;"00:30";"3";"12";"1";"1";"1";6;43;2
"11912";"202100011912";10;"19:35";"3";"12";"1";"1";"1";6;44;2
"11913";"202100011913";10;"12:00";"1";"41";"1";"1";"2";6;47;1
"11914";"202100011914";10;"03:08";"3";"44";"2";"6";"1";7;47;-2
"11915";"202100011915";10;"19:30";"3";"03";"1";"3";"1";3;46;2
"11916";"202100011916";10;"10:05";"1";"14";"2";"1";"7";6;49;0
"11917";"202100011917";10;"12:50";"1";"14";"2";"6";"1";1;49;0
"11918";"202100011918";10;"11:15";"1";"14";"1";"1";"1";6;49;0
"11919";"202100011919";10;"11:20";"1";"24";"1";"1";"1";6;45;1
"11920";"202100011920";10;"08:30";"1";"04";"1";"1";"1";1;43;6
"11921";"202100011921";10;"15:40";"1";"27";"1";"1";"1";6;49;0
"11922";"202100011922";9;"07:50";"2";"76";"1";"1";"1";2;49;0
"11923";"202100011923";10;"21:30";"3";"34";"1";"1";"1";1;43;3
"11924";"202100011924";10;"16:20";"1";"74";"1";"1";"1";3;45;6
"11925";"202100011925";10;"20:25";"5";"33";"2";"1";"8";6;44;0
"11926";"202100011926";10;"18:30";"2";"38";"1";"1";"1";7;45;6
"11927";"202100011927";10;"08:45";"2";"37";"1";"2";"1";2;47;1
"11928";"202100011928";10;"14:00";"1";"2A";"2";"1";"1";3;41;9
"11929";"202100011929";10;"09:00";"1";"34";"2";"3";"1";1;43;4
"11930";"202100011930";8;"18:40";"1";"71";"1";"4";"7";2;46;4
"11931";"202100011931";10;"11:25";"1";"67";"2";"3";"1";3;48;7
"11932";"202100011932";10;"01:44";"5";"42";"2";"6";"1";6;45;4
"11933";"202100011933";10;"15:20";"1";"38";"2";"1";"1";6;45;5
"11934";"202100011934";9;"14:40";"1";"69";"2";"1";"1";6;45;4
"11935";"202100011935";10;"07:50";"2";"79";"2";"1";"1";7;46;0
"11936";"202100011936";10;"07:50";"2";"60";"1";"3";"2";5;49;2
"11937";"202100011937";10;"18:45";"2";"60";"1";"2";"1";3;49;2
"11938";"202100011938";10;"09:10";"1";"13";"1";"1";"3";2;43;5
"11939";"202100011939";10;"09:54";"1";"13";"1";"1";"2";6;43;5
"11940";"202100011940";10;"08:08";"1";"13";"1";"1";"3";2;43;5
"11941";"202100011941";10;"18:30";"1";"69";"1";"1";"1";6;45;5
"11942";"202100011942";10;"16:40";"1";"69";"1";"1";"1";5;45;4
"11943";"202100011943";10;"19:15";"3";"59";"1";"1";"1";4;50;3
"11944";"202100011944";10;"18:45";"2";"91";"1";"1";"1";2;48;2
"11945";"202100011945";10;"16:50";"1";"94";"1";"1";"1";3;48;2
"11946";"202100011946";10;"11:55";"1";"91";"1";"1";"1";3;48;2
"11947";"202100011947";10;"19:54";"5";"94";"1";"1";"1";2;48;2
"11948";"202100011948";10;"19:00";"2";"93";"1";"1";"1";3;48;2
"11949";"202100011949";10;"18:25";"3";"95";"1";"1";"8";6;48;2
"11950";"202100011950";10;"16:50";"1";"93";"1";"1";"8";6;48;2
"11951";"202100011951";10;"13:18";"1";"93";"1";"1";"2";2;48;2
"11952";"202100011952";10;"17:36";"1";"93";"1";"1";"1";3;48;2
"11953";"202100011953";10;"17:40";"1";"75";"1";"1";"8";2;48;2
"11954";"202100011954";10;"10:00";"1";"94";"1";"1";"1";4;48;2
"11955";"202100011955";10;"08:25";"1";"93";"1";"1";"1";3;48;2
"11956";"202100011956";6;"17:50";"1";"48";"1";"1";"2";6;44;3
"11957";"202100011957";6;"09:40";"1";"45";"2";"6";"1";3;47;1
"11958";"202100011958";5;"18:45";"2";"48";"1";"1";"1";6;44;3
"11959";"202100011959";10;"16:45";"1";"47";"2";"1";"1";2;44;0
"11960";"202100011960";8;"16:45";"1";"69";"1";"1";"1";2;45;4
"11961";"202100011961";7;"19:40";"1";"74";"2";"1";"1";3;46;6
"11962";"202100011962";7;"02:50";"3";"74";"1";"1";"1";6;46;6
"11963";"202100011963";7;"11:10";"1";"74";"1";"1";"1";5;45;6
"11964";"202100011964";10;"14:40";"1";"974";"2";"1";"1";2;-21;55
"11965";"202100011965";10;"22:20";"5";"974";"2";"1";"1";2;-20;55
"11966";"202100011966";10;"19:20";"3";"974";"2";"3";"1";3;-20;55
"11967";"202100011967";10;"18:20";"5";"973";"2";"1";"1";3;4;-52
"11968";"202100011968";10;"08:45";"1";"973";"2";"1";"1";3;4;-52
"11969";"202100011969";10;"00:10";"5";"69";"2";"1";"6";6;45;4
"11970";"202100011970";10;"23:00";"5";"69";"2";"3";"6";3;45;4
"11971";"202100011971";10;"16:50";"1";"69";"2";"1";"1";3;45;4
"11972";"202100011972";10;"17:20";"1";"69";"2";"2";"6";3;45;4
"11973";"202100011973";10;"10:45";"1";"69";"2";"2";"1";3;45;4
"11974";"202100011974";10;"14:25";"1";"972";"2";"1";"1";6;14;-61
"11975";"202100011975";10;"09:10";"1";"2B";"2";"1";"1";1;42;9
"11976";"202100011976";10;"14:30";"1";"95";"2";"1";"8";1;48;2
"11977";"202100011977";10;"19:35";"5";"95";"2";"1";"1";6;49;2
"11978";"202100011978";10;"17:30";"1";"95";"2";"6";"1";3;48;2
"11979";"202100011979";10;"18:05";"1";"95";"2";"1";"1";3;48;2
"11980";"202100011980";10;"21:30";"3";"91";"2";"6";"1";6;48;2
"11981";"202100011981";10;"16:30";"1";"91";"2";"1";"1";4;48;2
"11982";"202100011982";10;"13:22";"1";"87";"2";"1";"1";3;45;1
"11983";"202100011983";10;"12:05";"1";"84";"2";"1";"1";3;44;4
"11984";"202100011984";10;"06:00";"4";"30";"2";"1";"1";7;43;4
"11985";"202100011985";10;"07:20";"1";"84";"2";"1";"1";1;43;4
"11986";"202100011986";10;"07:15";"2";"84";"1";"1";"1";5;43;4
"11987";"202100011987";10;"00:05";"5";"83";"2";"3";"1";3;43;5
"11988";"202100011988";10;"22:40";"5";"83";"2";"2";"1";6;43;6
"11989";"202100011989";10;"12:50";"1";"83";"1";"9";"1";4;43;6
"11990";"202100011990";10;"12:39";"1";"83";"2";"3";"1";1;43;6
"11991";"202100011991";10;"13:19";"1";"72";"2";"1";"1";6;47;0
"11992";"202100011992";10;"21:49";"5";"72";"2";"3";"1";3;48;0
"11993";"202100011993";10;"18:20";"1";"72";"2";"1";"1";2;47;0
"11994";"202100011994";10;"17:35";"1";"72";"2";"1";"1";6;47;0
"11995";"202100011995";10;"15:50";"1";"71";"2";"3";"1";3;46;4
"11996";"202100011996";10;"21:30";"5";"69";"2";"3";"6";3;45;4
"11997";"202100011997";10;"08:15";"1";"66";"1";"1";"1";4;42;2
"11998";"202100011998";10;"07:45";"2";"66";"1";"3";"1";3;42;2
"11999";"202100011999";10;"08:15";"1";"66";"1";"1";"1";2;42;2
"12000";"202100012000";10;"22:18";"3";"65";"2";"1";"1";1;43;0
"12001";"202100012001";10;"00:30";"5";"65";"2";"1";"1";6;43;0
"12002";"202100012002";10;"18:40";"1";"64";"2";"2";"1";3;43;0
"12003";"202100012003";10;"14:00";"1";"64";"2";"6";"7";3;43;0
"12004";"202100012004";10;"12:50";"1";"64";"1";"3";"1";3;43;0
"12005";"202100012005";10;"08:55";"1";"64";"1";"3";"1";3;43;0
"12006";"202100012006";10;"18:15";"1";"64";"2";"1";"1";2;43;-1
"12007";"202100012007";10;"17:45";"1";"64";"2";"9";"1";2;43;-1
"12008";"202100012008";10;"18:50";"2";"63";"2";"1";"1";4;45;3
"12009";"202100012009";10;"17:15";"2";"63";"2";"3";"1";3;45;3
"12010";"202100012010";10;"19:10";"5";"59";"2";"1";"1";2;50;3
"12011";"202100012011";10;"08:00";"5";"59";"2";"2";"2";1;50;3
"12012";"202100012012";10;"10:03";"1";"59";"2";"1";"2";6;50;3
"12013";"202100012013";10;"07:30";"5";"59";"2";"3";"3";6;50;3
"12014";"202100012014";10;"18:15";"1";"59";"1";"1";"8";6;50;2
"12015";"202100012015";10;"17:23";"1";"57";"2";"1";"1";6;49;6
"12016";"202100012016";10;"14:10";"1";"51";"2";"1";"8";7;49;4
"12017";"202100012017";10;"17:10";"1";"49";"2";"1";"1";6;47;0
"12018";"202100012018";10;"20:15";"5";"49";"2";"1";"1";3;47;0
"12019";"202100012019";10;"18:35";"1";"47";"2";"6";"1";3;44;0
"12020";"202100012020";10;"18:20";"1";"44";"1";"1";"1";3;47;-1
"12021";"202100012021";10;"07:50";"1";"42";"2";"3";"1";3;46;4
"12022";"202100012022";9;"19:50";"2";"34";"2";"2";"1";3;43;3
"12023";"202100012023";10;"14:05";"1";"33";"2";"6";"1";2;44;0
"12024";"202100012024";10;"14:47";"1";"33";"2";"2";"1";3;44;0
"12025";"202100012025";10;"09:15";"1";"33";"2";"6";"1";3;44;0
"12026";"202100012026";10;"15:40";"1";"29";"2";"1";"2";1;47;-4
"12027";"202100012027";10;"09:45";"1";"28";"2";"1";"8";1;48;1
"12028";"202100012028";10;"10:45";"1";"27";"2";"1";"1";4;49;1
"12029";"202100012029";10;"01:25";"5";"17";"2";"1";"6";6;46;-1
"12030";"202100012030";10;"07:19";"1";"13";"2";"2";"8";3;43;5
"12031";"202100012031";10;"19:45";"5";"13";"2";"2";"1";3;43;5
"12032";"202100012032";10;"14:00";"1";"13";"2";"2";"1";3;43;5
"12033";"202100012033";10;"07:20";"2";"13";"2";"1";"1";1;43;5
"12034";"202100012034";10;"15:50";"1";"13";"2";"9";"1";1;43;5
"12035";"202100012035";10;"14:00";"1";"13";"2";"2";"1";3;43;5
"12036";"202100012036";10;"07:35";"5";"11";"2";"9";"1";3;43;2
"12037";"202100012037";10;"01:03";"5";"06";"2";"5";"1";3;43;7
"12038";"202100012038";10;"16:00";"1";"06";"2";"1";"1";1;43;6
"12039";"202100012039";10;"09:00";"1";"06";"2";"1";"1";6;43;7