"";"Num_Acc";"mois";"hrmn";"lum";"dep";"agg";"int";"atm";"col";"lat";"long"
"12040";"202100012040";10;"19:40";"5";"75";"2";"1";"1";4;48;2
"12041";"202100012041";10;"15:00";"1";"75";"2";"1";"1";4;48;2
"12042";"202100012042";10;"21:00";"5";"75";"2";"3";"3";2;48;2
"12043";"202100012043";10;"14:00";"1";"75";"2";"7";"1";3;48;2
"12044";"202100012044";10;"09:30";"1";"75";"2";"7";"1";7;48;2
"12045";"202100012045";10;"14:25";"1";"75";"2";"2";"1";3;48;2
"12046";"202100012046";10;"06:10";"5";"75";"2";"7";"1";3;48;2
"12047";"202100012047";10;"09:45";"1";"75";"2";"1";"8";6;48;2
"12048";"202100012048";10;"12:40";"1";"75";"2";"3";"8";2;48;2
"12049";"202100012049";10;"14:40";"1";"75";"2";"1";"1";6;48;2
"12050";"202100012050";10;"20:37";"5";"75";"2";"2";"8";6;48;2
"12051";"202100012051";10;"17:00";"1";"75";"2";"7";"1";7;48;2
"12052";"202100012052";10;"17:30";"1";"75";"2";"2";"8";3;48;2
"12053";"202100012053";10;"14:20";"1";"75";"2";"1";"1";3;48;2
"12054";"202100012054";10;"22:30";"5";"94";"2";"1";"1";1;48;2
"12055";"202100012055";10;"14:45";"1";"94";"2";"2";"1";3;48;2
"12056";"202100012056";10;"04:55";"5";"94";"2";"9";"1";3;48;2
"12057";"202100012057";10;"17:00";"1";"94";"2";"1";"8";3;48;2
"12058";"202100012058";10;"12:40";"1";"94";"2";"3";"1";3;48;2
"12059";"202100012059";10;"16:40";"1";"94";"2";"1";"1";3;48;2
"12060";"202100012060";10;"08:45";"2";"94";"2";"1";"3";6;48;2
"12061";"202100012061";10;"17:20";"1";"94";"2";"1";"1";1;48;2
"12062";"202100012062";10;"10:30";"1";"94";"2";"6";"2";7;48;2
"12063";"202100012063";10;"11:25";"1";"94";"2";"7";"2";6;48;2
"12064";"202100012064";10;"12:30";"1";"93";"2";"3";"1";3;48;2
"12065";"202100012065";10;"09:20";"1";"93";"2";"1";"1";6;48;2
"12066";"202100012066";10;"07:30";"5";"93";"2";"1";"2";4;48;2
"12067";"202100012067";10;"07:30";"2";"93";"2";"1";"1";1;48;2
"12068";"202100012068";10;"16:30";"1";"93";"2";"1";"1";2;48;2
"12069";"202100012069";10;"14:45";"1";"93";"2";"1";"1";3;48;2
"12070";"202100012070";10;"12:20";"1";"92";"2";"1";"1";7;48;2
"12071";"202100012071";10;"18:30";"1";"92";"2";"6";"1";3;48;2
"12072";"202100012072";10;"19:06";"2";"92";"2";"6";"1";2;48;2
"12073";"202100012073";10;"09:10";"1";"92";"2";"1";"2";7;48;2
"12074";"202100012074";10;"13:30";"1";"92";"2";"1";"1";3;48;2
"12075";"202100012075";10;"07:55";"5";"92";"2";"1";"1";6;48;2
"12076";"202100012076";10;"20:45";"3";"92";"2";"1";"2";6;48;2
"12077";"202100012077";10;"08:38";"1";"92";"2";"1";"1";1;48;2
"12078";"202100012078";10;"18:48";"5";"92";"2";"2";"1";6;48;2
"12079";"202100012079";10;"19:15";"2";"92";"2";"1";"1";2;48;2
"12080";"202100012080";10;"05:30";"2";"976";"2";"1";"1";1;-12;45
"12081";"202100012081";10;"07:40";"2";"76";"1";"1";"2";4;49;0
"12082";"202100012082";10;"12:35";"1";"80";"1";"1";"2";3;50;1
"12083";"202100012083";10;"19:15";"5";"81";"2";"2";"1";3;43;2
"12084";"202100012084";10;"07:45";"4";"35";"2";"1";"2";6;48;-1
"12085";"202100012085";10;"13:30";"1";"26";"1";"1";"1";2;44;4
"12086";"202100012086";10;"18:00";"1";"64";"2";"1";"1";6;43;0
"12087";"202100012087";10;"00:35";"3";"26";"1";"1";"6";6;45;4
"12088";"202100012088";10;"11:30";"1";"60";"2";"1";"1";7;49;2
"12089";"202100012089";8;"17:50";"1";"85";"1";"2";"1";3;46;0
"12090";"202100012090";10;"12:30";"1";"87";"2";"3";"1";3;45;1
"12091";"202100012091";10;"00:30";"3";"30";"1";"1";"1";6;44;4
"12092";"202100012092";10;"19:50";"3";"59";"1";"3";"2";2;50;2
"12093";"202100012093";10;"18:00";"1";"74";"1";"1";"8";6;46;6
"12094";"202100012094";10;"16:15";"1";"80";"1";"2";"2";3;49;2
"12095";"202100012095";10;"01:00";"3";"63";"1";"1";"3";6;45;3
"12096";"202100012096";10;"13:35";"1";"44";"1";"1";"1";2;47;-1
"12097";"202100012097";10;"12:15";"1";"29";"1";"3";"2";3;48;-4
"12098";"202100012098";10;"14:20";"1";"38";"1";"3";"1";2;45;5
"12099";"202100012099";10;"14:30";"1";"09";"1";"1";"1";7;42;1
"12100";"202100012100";10;"17:30";"1";"60";"2";"6";"7";6;49;3
"12101";"202100012101";10;"07:15";"2";"64";"1";"1";"1";7;43;0
"12102";"202100012102";8;"16:30";"1";"85";"1";"3";"1";3;46;-1
"12103";"202100012103";10;"20:10";"3";"27";"1";"1";"1";1;49;0
"12104";"202100012104";10;"09:40";"1";"28";"1";"9";"1";3;48;1
"12105";"202100012105";10;"15:30";"1";"17";"1";"2";"1";3;46;0
"12106";"202100012106";10;"13:30";"1";"49";"1";"9";"2";3;47;-1
"12107";"202100012107";10;"12:30";"1";"69";"2";"1";"2";1;45;4
"12108";"202100012108";10;"07:10";"4";"44";"1";"1";"8";1;47;-1
"12109";"202100012109";10;"14:40";"1";"06";"1";"1";"1";6;43;7
"12110";"202100012110";10;"22:07";"3";"11";"1";"1";"1";5;43;3
"12111";"202100012111";10;"08:55";"1";"74";"1";"1";"8";3;46;6
"12112";"202100012112";10;"21:30";"3";"60";"1";"1";"6";6;49;2
"12113";"202100012113";10;"17:15";"1";"45";"1";"1";"2";6;47;2
"12114";"202100012114";10;"12:05";"1";"2B";"1";"1";"1";1;42;9
"12115";"202100012115";10;"19:50";"3";"34";"1";"1";"1";1;43;4
"12116";"202100012116";10;"15:15";"1";"13";"2";"1";"1";2;43;5
"12117";"202100012117";10;"13:50";"1";"70";"2";"1";"1";6;47;6
"12118";"202100012118";10;"13:10";"1";"89";"1";"2";"1";3;47;3
"12119";"202100012119";10;"17:10";"1";"68";"2";"1";"1";6;47;7
"12120";"202100012120";10;"12:11";"1";"67";"1";"1";"1";7;48;8
"12121";"202100012121";10;"18:10";"1";"74";"1";"1";"1";3;46;6
"12122";"202100012122";10;"13:45";"1";"73";"1";"1";"1";1;45;5
"12123";"202100012123";10;"13:55";"1";"26";"1";"3";"1";2;44;4
"12124";"202100012124";10;"15:55";"1";"09";"2";"9";"1";6;42;1
"12125";"202100012125";10;"06:10";"3";"86";"1";"1";"1";6;47;0
"12126";"202100012126";10;"15:45";"1";"85";"2";"3";"1";1;46;0
"12127";"202100012127";10;"13:40";"1";"49";"1";"1";"6";4;47;0
"12128";"202100012128";10;"07:35";"5";"50";"2";"6";"1";1;48;-1
"12129";"202100012129";10;"13:25";"1";"60";"1";"1";"1";1;49;2
"12130";"202100012130";10;"12:50";"1";"02";"1";"1";"2";3;49;4
"12131";"202100012131";10;"17:00";"1";"59";"2";"1";"7";6;50;4
"12132";"202100012132";10;"14:10";"1";"59";"2";"6";"8";3;50;3
"12133";"202100012133";10;"16:40";"1";"13";"1";"1";"8";7;43;5
"12134";"202100012134";10;"10:54";"1";"78";"1";"1";"1";6;48;2
"12135";"202100012135";10;"08:10";"1";"78";"1";"1";"2";3;48;2
"12136";"202100012136";10;"07:35";"1";"92";"1";"1";"1";3;48;2
"12137";"202100012137";10;"00:50";"3";"78";"1";"1";"1";2;48;2
"12138";"202100012138";10;"11:45";"1";"93";"1";"1";"1";6;48;2
"12139";"202100012139";10;"09:53";"1";"93";"1";"1";"2";3;48;2
"12140";"202100012140";10;"13:05";"1";"77";"1";"1";"1";3;48;2
"12141";"202100012141";10;"05:30";"2";"94";"1";"1";"1";6;48;2
"12142";"202100012142";10;"16:30";"1";"971";"2";"4";"1";6;16;-61
"12143";"202100012143";10;"22:50";"5";"93";"2";"1";"3";6;48;2
"12144";"202100012144";10;"18:25";"5";"75";"2";"3";"1";6;48;2
"12145";"202100012145";10;"17:20";"1";"33";"2";"3";"1";3;44;-1
"12146";"202100012146";10;"18:00";"1";"60";"2";"1";"1";6;49;2
"12147";"202100012147";10;"08:40";"1";"63";"2";"1";"1";6;45;3
"12148";"202100012148";10;"19:10";"5";"971";"2";"1";"1";6;16;-61
"12149";"202100012149";10;"15:35";"1";"44";"2";"1";"1";6;47;-1
"12150";"202100012150";10;"19:25";"5";"75";"2";"3";"1";6;48;2
"12151";"202100012151";10;"08:00";"1";"06";"2";"1";"1";6;43;7
"12152";"202100012152";10;"19:36";"2";"63";"2";"3";"1";6;45;3
"12153";"202100012153";10;"18:30";"1";"59";"2";"1";"1";3;50;3
"12154";"202100012154";10;"09:50";"1";"34";"2";"2";"1";6;43;3
"12155";"202100012155";10;"17:15";"1";"44";"2";"3";"1";6;47;-2
"12156";"202100012156";10;"07:46";"2";"76";"2";"1";"1";6;49;0
"12157";"202100012157";10;"18:05";"2";"92";"2";"1";"1";3;48;2
"12158";"202100012158";10;"12:40";"1";"73";"2";"6";"1";6;45;5
"12159";"202100012159";10;"17:50";"1";"74";"2";"9";"1";6;46;6
"12160";"202100012160";5;"17:41";"1";"36";"2";"1";"1";2;46;1
"12161";"202100012161";8;"11:45";"1";"26";"2";"1";"1";3;44;4
"12162";"202100012162";6;"21:40";"1";"02";"2";"1";"1";6;49;3
"12163";"202100012163";7;"13:35";"1";"75";"2";"3";"1";5;48;2
"12164";"202100012164";10;"01:05";"5";"69";"2";"3";"1";3;45;4
"12165";"202100012165";10;"19:00";"5";"69";"2";"9";"1";1;45;4
"12166";"202100012166";10;"17:30";"1";"69";"2";"2";"1";6;45;4
"12167";"202100012167";10;"07:00";"5";"69";"2";"3";"1";3;45;4
"12168";"202100012168";10;"17:25";"1";"69";"2";"2";"1";3;45;4
"12169";"202100012169";10;"19:15";"2";"69";"2";"1";"1";1;45;4
"12170";"202100012170";10;"00:17";"5";"971";"2";"2";"1";3;16;-61
"12171";"202100012171";10;"13:28";"1";"2A";"2";"1";"1";7;41;8
"12172";"202100012172";10;"07:00";"5";"2A";"2";"3";"1";3;41;8
"12173";"202100012173";10;"19:45";"2";"95";"2";"3";"1";3;48;2
"12174";"202100012174";10;"05:45";"5";"91";"2";"1";"1";1;48;2
"12175";"202100012175";10;"18:25";"1";"91";"2";"1";"1";3;48;2
"12176";"202100012176";10;"17:40";"1";"91";"2";"1";"1";2;48;2
"12177";"202100012177";10;"23:23";"5";"87";"2";"2";"1";3;45;1
"12178";"202100012178";10;"16:45";"1";"87";"2";"3";"1";3;45;1
"12179";"202100012179";10;"07:20";"3";"80";"2";"2";"1";3;49;2
"12180";"202100012180";10;"18:10";"1";"77";"2";"1";"1";6;48;2
"12181";"202100012181";10;"16:45";"1";"77";"1";"3";"1";3;48;2
"12182";"202100012182";10;"12:30";"1";"77";"2";"1";"1";6;48;2
"12183";"202100012183";10;"14:55";"1";"77";"2";"3";"1";1;48;3
"12184";"202100012184";10;"03:08";"5";"76";"2";"1";"1";7;49;1
"12185";"202100012185";10;"08:30";"1";"76";"2";"2";"1";2;49;0
"12186";"202100012186";10;"17:10";"1";"74";"2";"2";"7";6;46;6
"12187";"202100012187";10;"09:20";"1";"73";"2";"6";"7";6;45;6
"12188";"202100012188";10;"17:35";"1";"72";"2";"2";"2";3;48;0
"12189";"202100012189";10;"14:10";"1";"69";"2";"1";"1";3;45;4
"12190";"202100012190";10;"07:35";"2";"69";"2";"1";"1";6;45;4
"12191";"202100012191";10;"17:10";"1";"67";"2";"1";"1";1;48;7
"12192";"202100012192";10;"18:20";"1";"65";"2";"7";"1";3;43;0
"12193";"202100012193";10;"15:45";"1";"65";"2";"1";"1";2;43;0
"12194";"202100012194";10;"13:30";"1";"64";"2";"1";"1";2;43;0
"12195";"202100012195";10;"23:55";"5";"64";"2";"1";"1";3;43;-1
"12196";"202100012196";10;"21:30";"5";"62";"2";"3";"1";3;50;2
"12197";"202100012197";10;"19:26";"2";"56";"2";"1";"1";4;47;-3
"12198";"202100012198";10;"00:40";"5";"54";"2";"2";"1";3;48;6
"12199";"202100012199";10;"17:15";"1";"54";"2";"1";"1";3;48;6
"12200";"202100012200";10;"16:00";"1";"53";"2";"4";"1";6;48;0
"12201";"202100012201";10;"08:30";"1";"51";"1";"1";"1";2;49;4
"12202";"202100012202";10;"18:05";"1";"51";"2";"1";"1";3;49;4
"12203";"202100012203";10;"08:20";"2";"49";"2";"1";"5";7;47;0
"12204";"202100012204";10;"08:35";"1";"43";"2";"1";"8";6;45;3
"12205";"202100012205";10;"09:15";"1";"43";"2";"1";"1";3;45;3
"12206";"202100012206";10;"18:00";"1";"42";"2";"1";"1";4;45;4
"12207";"202100012207";10;"18:20";"2";"37";"2";"3";"1";3;47;0
"12208";"202100012208";10;"08:15";"1";"36";"2";"1";"1";6;46;1
"12209";"202100012209";10;"19:15";"5";"35";"2";"3";"1";3;48;-1
"12210";"202100012210";10;"11:30";"1";"35";"2";"1";"1";6;48;-1
"12211";"202100012211";10;"17:15";"1";"35";"2";"3";"8";5;48;-1
"12212";"202100012212";10;"22:30";"5";"33";"2";"2";"1";3;44;0
"12213";"202100012213";10;"17:00";"1";"33";"2";"1";"1";2;44;0
"12214";"202100012214";10;"09:40";"1";"29";"2";"9";"1";6;47;-4
"12215";"202100012215";10;"07:46";"5";"29";"2";"1";"2";7;47;-3
"12216";"202100012216";10;"08:30";"1";"28";"1";"1";"8";3;48;1
"12217";"202100012217";10;"16:05";"1";"27";"2";"6";"7";6;49;1
"12218";"202100012218";10;"13:55";"1";"27";"2";"1";"1";7;49;1
"12219";"202100012219";10;"08:55";"1";"27";"2";"1";"1";3;49;1
"12220";"202100012220";10;"07:15";"2";"27";"2";"1";"2";7;49;1
"12221";"202100012221";10;"12:54";"1";"21";"2";"1";"1";3;47;4
"12222";"202100012222";10;"09:30";"1";"18";"2";"3";"1";3;47;2
"12223";"202100012223";10;"18:43";"1";"17";"2";"3";"1";1;45;-1
"12224";"202100012224";10;"11:55";"1";"15";"2";"3";"1";3;44;2
"12225";"202100012225";10;"11:35";"1";"15";"2";"6";"1";3;44;2
"12226";"202100012226";10;"10:20";"1";"14";"2";"1";"1";6;49;0
"12227";"202100012227";10;"19:55";"5";"13";"2";"1";"1";6;43;5
"12228";"202100012228";10;"13:30";"1";"13";"2";"1";"1";3;43;5
"12229";"202100012229";10;"17:45";"1";"13";"2";"1";"1";3;43;5
"12230";"202100012230";10;"08:30";"2";"13";"2";"1";"1";1;43;5
"12231";"202100012231";10;"09:15";"1";"13";"2";"2";"1";3;43;5
"12232";"202100012232";10;"13:29";"1";"13";"2";"1";"1";6;43;5
"12233";"202100012233";10;"14:25";"1";"11";"1";"3";"7";3;43;2
"12234";"202100012234";10;"17:50";"1";"10";"2";"1";"1";6;48;4
"12235";"202100012235";10;"17:00";"1";"10";"1";"6";"1";2;48;4
"12236";"202100012236";10;"11:19";"1";"06";"2";"1";"1";5;43;7
"12237";"202100012237";10;"08:09";"1";"01";"2";"6";"1";3;46;5
"12238";"202100012238";10;"12:15";"1";"75";"2";"4";"1";6;48;2
"12239";"202100012239";10;"09:50";"1";"75";"2";"4";"1";3;48;2
"12240";"202100012240";10;"09:15";"1";"75";"2";"1";"1";2;48;2
"12241";"202100012241";10;"08:00";"1";"75";"2";"1";"1";3;48;2
"12242";"202100012242";10;"17:25";"1";"75";"2";"1";"1";6;48;2
"12243";"202100012243";10;"22:00";"5";"75";"2";"1";"1";6;48;2
"12244";"202100012244";10;"20:05";"5";"75";"2";"3";"2";1;48;2
"12245";"202100012245";10;"21:30";"5";"75";"2";"2";"1";3;48;2
"12246";"202100012246";10;"16:38";"1";"75";"2";"1";"1";3;48;2
"12247";"202100012247";10;"18:10";"2";"75";"2";"3";"1";3;48;2
"12248";"202100012248";10;"17:30";"1";"75";"2";"1";"1";6;48;2
"12249";"202100012249";10;"15:50";"1";"75";"2";"1";"1";6;48;2
"12250";"202100012250";10;"19:55";"5";"75";"2";"3";"1";6;48;2
"12251";"202100012251";10;"20:20";"5";"75";"2";"2";"2";3;48;2
"12252";"202100012252";10;"16:45";"1";"75";"2";"3";"1";3;48;2
"12253";"202100012253";10;"17:14";"1";"94";"2";"9";"1";7;48;2
"12254";"202100012254";10;"19:15";"5";"94";"2";"3";"1";3;48;2
"12255";"202100012255";10;"12:20";"1";"94";"2";"1";"1";6;48;2
"12256";"202100012256";10;"08:15";"1";"94";"2";"1";"1";6;48;2
"12257";"202100012257";10;"19:00";"5";"94";"2";"9";"1";3;48;2
"12258";"202100012258";10;"18:25";"1";"94";"2";"2";"1";3;48;2
"12259";"202100012259";10;"17:45";"1";"93";"2";"3";"1";3;48;2
"12260";"202100012260";10;"10:00";"1";"93";"2";"1";"1";6;48;2
"12261";"202100012261";10;"18:08";"1";"93";"2";"4";"1";5;48;2
"12262";"202100012262";10;"14:55";"1";"93";"2";"1";"1";6;48;2
"12263";"202100012263";10;"13:15";"1";"93";"2";"1";"1";6;48;2
"12264";"202100012264";10;"03:45";"3";"93";"2";"1";"8";6;48;2
"12265";"202100012265";10;"14:40";"1";"93";"2";"2";"1";3;48;2
"12266";"202100012266";10;"17:35";"1";"93";"2";"1";"1";2;48;2
"12267";"202100012267";10;"09:37";"1";"93";"2";"3";"1";3;48;2
"12268";"202100012268";10;"13:20";"1";"93";"2";"9";"1";3;48;2
"12269";"202100012269";10;"09:15";"1";"93";"2";"1";"1";3;48;2
"12270";"202100012270";10;"12:20";"1";"93";"2";"1";"1";2;48;2
"12271";"202100012271";10;"13:50";"1";"93";"2";"6";"1";1;48;2
"12272";"202100012272";10;"22:15";"5";"93";"2";"1";"2";6;48;2
"12273";"202100012273";10;"16:30";"1";"92";"2";"3";"1";7;48;2
"12274";"202100012274";10;"19:00";"2";"92";"2";"2";"1";6;48;2
"12275";"202100012275";10;"09:15";"1";"92";"2";"3";"1";3;48;2
"12276";"202100012276";10;"02:28";"5";"92";"2";"3";"1";3;48;2
"12277";"202100012277";10;"18:50";"2";"92";"2";"6";"1";3;48;2
"12278";"202100012278";10;"22:30";"5";"92";"2";"1";"2";6;48;2
"12279";"202100012279";10;"09:40";"1";"92";"2";"1";"1";7;48;2
"12280";"202100012280";10;"17:30";"1";"92";"2";"2";"1";3;48;2
"12281";"202100012281";10;"12:00";"1";"92";"2";"1";"1";2;48;2
"12282";"202100012282";10;"13:30";"1";"974";"2";"1";"1";1;-21;55
"12283";"202100012283";10;"12:20";"1";"86";"1";"1";"1";6;46;0
"12284";"202100012284";10;"19:30";"3";"2A";"1";"1";"1";1;41;8
"12285";"202100012285";10;"18:00";"1";"38";"1";"1";"1";6;45;4
"12286";"202100012286";10;"10:45";"1";"33";"2";"1";"1";3;45;0
"12287";"202100012287";10;"07:45";"2";"40";"1";"1";"1";6;43;-1
"12288";"202100012288";10;"11:15";"1";"17";"1";"1";"1";6;45;0
"12289";"202100012289";10;"13:25";"1";"12";"1";"1";"1";6;44;2
"12290";"202100012290";10;"16:30";"1";"67";"1";"1";"2";6;48;7
"12291";"202100012291";10;"20:00";"3";"74";"1";"8";"1";6;45;6
"12292";"202100012292";10;"12:55";"1";"42";"2";"1";"1";6;46;4
"12293";"202100012293";10;"09:00";"1";"59";"1";"1";"1";3;50;2
"12294";"202100012294";10;"16:00";"1";"42";"1";"1";"1";1;45;4
"12295";"202100012295";10;"18:30";"1";"44";"1";"3";"1";2;47;-1
"12296";"202100012296";10;"17:10";"1";"51";"2";"3";"1";3;49;4
"12297";"202100012297";10;"19:40";"2";"56";"1";"2";"2";3;47;-2
"12298";"202100012298";10;"17:00";"1";"56";"2";"1";"2";6;47;-2
"12299";"202100012299";10;"20:45";"5";"56";"1";"1";"1";5;47;-3
"12300";"202100012300";10;"19:40";"2";"56";"2";"3";"1";3;47;-2
"12301";"202100012301";10;"11:45";"1";"74";"1";"2";"1";3;45;5
"12302";"202100012302";10;"15:30";"1";"61";"1";"1";"1";6;48;0
"12303";"202100012303";10;"13:40";"1";"46";"1";"1";"1";6;44;1
"12304";"202100012304";10;"13:30";"1";"44";"1";"3";"1";3;47;-1
"12305";"202100012305";10;"17:50";"1";"44";"1";"1";"6";2;47;-1
"12306";"202100012306";10;"18:00";"1";"29";"1";"9";"3";1;48;-4
"12307";"202100012307";10;"13:10";"1";"29";"2";"6";"3";2;48;-4
"12308";"202100012308";10;"10:35";"1";"31";"1";"1";"1";6;43;1
"12309";"202100012309";10;"19:00";"1";"31";"1";"3";"7";1;43;1
"12310";"202100012310";10;"13:35";"1";"38";"2";"2";"7";3;45;6
"12311";"202100012311";10;"07:39";"3";"02";"1";"2";"2";3;49;3
"12312";"202100012312";10;"17:05";"1";"60";"2";"1";"8";1;49;2
"12313";"202100012313";10;"23:20";"3";"60";"1";"1";"1";6;49;2
"12314";"202100012314";10;"16:35";"1";"18";"1";"1";"3";7;47;3
"12315";"202100012315";10;"09:45";"1";"27";"1";"1";"1";7;49;0
"12316";"202100012316";10;"20:25";"5";"27";"2";"3";"1";3;48;1
"12317";"202100012317";10;"05:20";"3";"37";"1";"1";"1";6;47;0
"12318";"202100012318";10;"07:50";"2";"37";"1";"6";"1";3;47;0
"12319";"202100012319";10;"12:35";"1";"37";"1";"1";"7";6;47;0
"12320";"202100012320";10;"08:10";"2";"37";"1";"1";"1";4;47;0
"12321";"202100012321";10;"18:33";"2";"38";"1";"1";"1";3;45;5
"12322";"202100012322";10;"07:45";"2";"06";"2";"1";"1";7;43;6
"12323";"202100012323";10;"05:30";"3";"37";"1";"1";"1";4;47;0
"12324";"202100012324";9;"13:46";"1";"38";"1";"1";"1";6;45;6
"12325";"202100012325";10;"13:55";"1";"45";"1";"1";"1";2;48;1
"12326";"202100012326";10;"02:30";"3";"988";"1";"1";"2";6;-21;165
"12327";"202100012327";10;"13:50";"1";"2B";"1";"1";"1";3;42;9
"12328";"202100012328";10;"09:45";"1";"06";"2";"5";"1";2;43;7
"12329";"202100012329";10;"13:15";"1";"13";"2";"1";"1";1;43;5
"12330";"202100012330";10;"21:00";"5";"13";"2";"1";"1";1;43;5
"12331";"202100012331";10;"08:00";"1";"58";"2";"1";"1";3;46;3
"12332";"202100012332";10;"05:35";"3";"68";"1";"1";"2";6;47;7
"12333";"202100012333";10;"12:50";"1";"69";"2";"3";"1";3;45;4
"12334";"202100012334";10;"17:00";"1";"31";"1";"1";"1";3;43;1
"12335";"202100012335";10;"07:40";"2";"33";"1";"1";"1";2;45;0
"12336";"202100012336";10;"09:45";"1";"33";"2";"1";"7";6;44;0
"12337";"202100012337";10;"17:45";"1";"33";"2";"2";"1";3;44;0
"12338";"202100012338";10;"07:20";"3";"33";"1";"3";"1";3;44;0
"12339";"202100012339";10;"22:15";"5";"33";"2";"1";"1";3;44;0
"12340";"202100012340";10;"16:30";"1";"49";"1";"1";"1";1;47;0
"12341";"202100012341";10;"07:45";"2";"49";"1";"2";"1";3;47;0
"12342";"202100012342";10;"16:45";"1";"50";"1";"2";"1";3;49;-1
"12343";"202100012343";10;"19:30";"3";"13";"1";"1";"1";4;43;5
"12344";"202100012344";10;"13:30";"1";"13";"1";"1";"1";2;43;5
"12345";"202100012345";10;"14:25";"1";"13";"1";"1";"1";4;43;5
"12346";"202100012346";10;"15:10";"1";"13";"1";"1";"1";4;43;5
"12347";"202100012347";10;"07:32";"1";"13";"1";"9";"1";3;43;5
"12348";"202100012348";10;"17:35";"1";"13";"1";"1";"1";5;43;5
"12349";"202100012349";10;"19:15";"4";"69";"1";"1";"1";2;45;4
"12350";"202100012350";10;"07:15";"5";"33";"1";"1";"1";6;44;0
"12351";"202100012351";10;"00:30";"3";"59";"1";"1";"1";2;50;3
"12352";"202100012352";10;"19:50";"3";"91";"1";"1";"1";4;48;2
"12353";"202100012353";10;"19:15";"2";"94";"1";"1";"1";3;48;2
"12354";"202100012354";10;"17:45";"2";"91";"1";"1";"1";4;48;2
"12355";"202100012355";10;"07:50";"1";"94";"1";"1";"1";3;48;2
"12356";"202100012356";10;"10:00";"1";"91";"1";"1";"1";2;48;2
"12357";"202100012357";10;"14:50";"1";"92";"1";"1";"1";7;48;2
"12358";"202100012358";10;"23:08";"3";"78";"1";"9";"2";5;48;1
"12359";"202100012359";10;"22:40";"3";"78";"1";"1";"1";1;48;1
"12360";"202100012360";10;"21:10";"3";"93";"1";"1";"1";2;48;2
"12361";"202100012361";10;"19:50";"3";"95";"1";"1";"1";2;49;2
"12362";"202100012362";10;"18:20";"2";"93";"1";"1";"1";7;48;2
"12363";"202100012363";10;"11:10";"1";"93";"1";"1";"1";3;48;2
"12364";"202100012364";10;"08:50";"1";"95";"1";"1";"1";6;48;2
"12365";"202100012365";10;"07:45";"1";"95";"1";"1";"1";4;49;2
"12366";"202100012366";10;"06:00";"3";"95";"1";"1";"1";6;48;2
"12367";"202100012367";10;"05:30";"3";"93";"1";"1";"9";3;48;2
"12368";"202100012368";10;"17:20";"1";"93";"1";"1";"1";2;48;2
"12369";"202100012369";10;"16:00";"1";"92";"1";"1";"8";2;48;2
"12370";"202100012370";10;"12:50";"1";"92";"1";"1";"1";4;48;2
"12371";"202100012371";10;"18:10";"1";"77";"1";"1";"1";2;48;2
"12372";"202100012372";10;"15:15";"1";"77";"1";"1";"1";6;48;2
"12373";"202100012373";10;"13:25";"1";"94";"1";"1";"1";6;48;2
"12374";"202100012374";10;"08:20";"2";"94";"1";"1";"1";4;48;2
"12375";"202100012375";10;"07:50";"3";"93";"1";"1";"2";3;48;2
"12376";"202100012376";10;"18:30";"5";"974";"1";"1";"1";6;-21;55
"12377";"202100012377";10;"17:00";"1";"974";"2";"3";"1";3;-20;55
"12378";"202100012378";10;"16:47";"1";"973";"2";"1";"1";3;4;-52
"12379";"202100012379";10;"15:02";"1";"973";"2";"1";"1";5;4;-52
"12380";"202100012380";10;"19:45";"5";"69";"2";"3";"1";3;45;4
"12381";"202100012381";10;"17:20";"1";"69";"2";"1";"1";7;45;4
"12382";"202100012382";10;"12:55";"1";"69";"2";"9";"1";3;45;4
"12383";"202100012383";10;"11:30";"1";"69";"2";"1";"1";3;45;4
"12384";"202100012384";10;"09:10";"1";"972";"1";"1";"1";4;14;-60
"12385";"202100012385";10;"06:30";"1";"972";"2";"1";"7";6;14;-60
"12386";"202100012386";10;"10:50";"1";"972";"1";"3";"1";1;14;-61
"12387";"202100012387";10;"10:50";"1";"69";"2";"1";"1";2;45;4
"12388";"202100012388";10;"11:25";"1";"69";"2";"1";"1";3;45;4
"12389";"202100012389";10;"11:00";"1";"69";"2";"9";"1";2;45;4
"12390";"202100012390";10;"18:50";"2";"971";"1";"1";"1";1;16;-61
"12391";"202100012391";10;"08:40";"1";"2A";"2";"1";"1";4;41;8
"12392";"202100012392";10;"12:35";"1";"95";"2";"9";"1";7;48;2
"12393";"202100012393";10;"08:50";"1";"95";"2";"1";"1";3;49;2
"12394";"202100012394";10;"13:25";"1";"95";"2";"2";"1";5;48;2
"12395";"202100012395";10;"08:30";"1";"91";"2";"1";"1";5;48;2
"12396";"202100012396";10;"20:57";"4";"91";"1";"1";"2";1;48;2
"12397";"202100012397";10;"07:25";"2";"91";"1";"1";"1";4;48;2
"12398";"202100012398";10;"07:52";"2";"87";"2";"1";"1";6;45;1