"";"Num_Acc";"mois";"hrmn";"lum";"dep";"agg";"int";"atm";"col";"lat";"long"
"12399";"202100012399";10;"14:28";"1";"87";"2";"1";"1";6;45;1
"12400";"202100012400";10;"10:10";"1";"87";"2";"1";"2";2;45;1
"12401";"202100012401";10;"22:05";"5";"83";"2";"3";"1";7;43;5
"12402";"202100012402";10;"14:30";"1";"80";"2";"9";"1";2;49;2
"12403";"202100012403";10;"20:05";"3";"80";"1";"1";"1";4;49;2
"12404";"202100012404";10;"13:25";"1";"80";"2";"3";"1";3;49;2
"12405";"202100012405";10;"19:50";"5";"80";"2";"1";"1";6;49;2
"12406";"202100012406";10;"18:20";"1";"80";"2";"1";"1";3;49;2
"12407";"202100012407";10;"10:36";"1";"76";"2";"1";"1";6;49;1
"12408";"202100012408";10;"18:00";"1";"76";"2";"2";"1";3;49;0
"12409";"202100012409";10;"23:25";"5";"74";"2";"3";"1";3;46;6
"12410";"202100012410";10;"04:15";"5";"71";"2";"9";"1";6;46;4
"12411";"202100012411";10;"09:35";"1";"71";"2";"4";"7";6;46;4
"12412";"202100012412";10;"11:50";"1";"71";"1";"2";"1";5;46;4
"12413";"202100012413";10;"05:35";"3";"71";"1";"1";"5";1;46;4
"12414";"202100012414";10;"03:10";"3";"69";"1";"1";"5";6;46;4
"12415";"202100012415";10;"17:27";"2";"68";"2";"1";"1";6;48;7
"12416";"202100012416";10;"00:15";"5";"67";"2";"3";"1";3;48;7
"12417";"202100012417";10;"11:00";"1";"67";"2";"1";"1";6;48;7
"12418";"202100012418";10;"21:11";"5";"67";"2";"8";"1";6;48;7
"12419";"202100012419";10;"19:40";"4";"67";"2";"1";"1";3;48;7
"12420";"202100012420";10;"15:30";"1";"67";"2";"1";"1";3;48;7
"12421";"202100012421";10;"02:00";"3";"66";"1";"1";"1";6;42;2
"12422";"202100012422";10;"12:45";"1";"66";"1";"3";"1";3;42;2
"12423";"202100012423";10;"17:35";"1";"66";"2";"3";"1";3;42;2
"12424";"202100012424";10;"22:05";"3";"65";"1";"1";"1";2;43;0
"12425";"202100012425";10;"14:00";"1";"65";"1";"1";"1";6;43;0
"12426";"202100012426";10;"08:25";"1";"65";"2";"6";"1";2;43;0
"12427";"202100012427";10;"16:05";"1";"64";"2";"1";"1";3;43;-1
"12428";"202100012428";10;"12:40";"1";"64";"2";"6";"1";3;43;-1
"12429";"202100012429";10;"18:00";"1";"64";"2";"6";"1";3;43;0
"12430";"202100012430";10;"14:00";"1";"64";"2";"4";"1";3;43;0
"12431";"202100012431";10;"12:00";"1";"64";"2";"1";"1";3;43;-1
"12432";"202100012432";10;"18:30";"2";"63";"2";"1";"1";7;45;3
"12433";"202100012433";10;"20:30";"5";"63";"2";"2";"1";3;45;3
"12434";"202100012434";10;"18:15";"2";"63";"2";"2";"1";6;45;3
"12435";"202100012435";10;"08:11";"2";"63";"2";"5";"1";6;45;3
"12436";"202100012436";10;"08:20";"1";"59";"2";"3";"1";6;50;3
"12437";"202100012437";10;"21:40";"5";"56";"2";"1";"1";6;47;-3
"12438";"202100012438";10;"20:25";"5";"56";"2";"1";"1";6;47;-3
"12439";"202100012439";10;"15:50";"1";"56";"2";"6";"1";6;47;-3
"12440";"202100012440";10;"16:30";"1";"54";"1";"4";"1";3;48;6
"12441";"202100012441";10;"09:10";"1";"54";"2";"1";"7";6;49;5
"12442";"202100012442";10;"17:25";"1";"50";"2";"3";"1";2;49;-1
"12443";"202100012443";10;"08:30";"1";"44";"2";"6";"1";3;47;-1
"12444";"202100012444";9;"07:38";"2";"42";"2";"3";"1";3;45;4
"12445";"202100012445";10;"04:25";"5";"37";"2";"2";"1";3;47;0
"12446";"202100012446";10;"15:55";"1";"35";"2";"1";"8";6;48;-1
"12447";"202100012447";10;"12:15";"1";"35";"1";"1";"8";7;48;-1
"12448";"202100012448";10;"11:35";"1";"35";"2";"9";"8";6;48;-1
"12449";"202100012449";10;"08:00";"2";"35";"2";"2";"8";6;48;-1
"12450";"202100012450";10;"08:10";"2";"35";"2";"1";"1";3;48;-1
"12451";"202100012451";10;"17:45";"1";"33";"2";"1";"1";3;44;0
"12452";"202100012452";10;"11:20";"1";"33";"2";"1";"1";2;44;0
"12453";"202100012453";10;"07:20";"5";"33";"2";"1";"1";3;44;0
"12454";"202100012454";10;"20:00";"5";"31";"2";"6";"1";3;43;1
"12455";"202100012455";10;"10:50";"1";"31";"2";"1";"1";6;43;1
"12456";"202100012456";10;"08:50";"1";"29";"1";"6";"1";3;48;-4
"12457";"202100012457";10;"17:22";"1";"22";"2";"1";"1";2;48;-2
"12458";"202100012458";10;"05:38";"5";"21";"2";"1";"1";6;47;5
"12459";"202100012459";10;"15:18";"1";"17";"2";"9";"1";6;46;-1
"12460";"202100012460";10;"19:47";"5";"14";"2";"9";"2";6;49;0
"12461";"202100012461";10;"16:30";"1";"14";"1";"1";"1";6;49;0
"12462";"202100012462";9;"21:00";"2";"13";"1";"1";"1";6;43;4
"12463";"202100012463";10;"21:02";"5";"13";"2";"2";"1";3;43;5
"12464";"202100012464";10;"19:15";"2";"13";"2";"1";"1";1;43;5
"12465";"202100012465";10;"12:40";"1";"13";"2";"1";"1";6;43;5
"12466";"202100012466";10;"19:55";"5";"10";"2";"1";"1";3;48;4
"12467";"202100012467";10;"08:55";"1";"09";"2";"1";"1";6;43;1
"12468";"202100012468";10;"16:15";"1";"08";"2";"1";"7";3;49;4
"12469";"202100012469";10;"23:58";"5";"06";"2";"1";"1";5;43;7
"12470";"202100012470";10;"16:00";"1";"06";"2";"1";"1";6;43;6
"12471";"202100012471";10;"18:15";"1";"03";"2";"1";"1";6;46;3
"12472";"202100012472";10;"08:45";"1";"03";"2";"3";"1";3;46;3
"12473";"202100012473";7;"02:30";"5";"75";"2";"1";"1";6;48;2
"12474";"202100012474";10;"22:40";"5";"75";"2";"2";"1";6;48;2
"12475";"202100012475";10;"18:06";"1";"75";"2";"1";"1";5;48;2
"12476";"202100012476";10;"09:44";"1";"75";"2";"2";"1";6;48;2
"12477";"202100012477";10;"20:40";"5";"75";"2";"2";"3";3;48;2
"12478";"202100012478";10;"16:10";"1";"75";"2";"3";"1";2;48;2
"12479";"202100012479";10;"20:00";"5";"75";"2";"1";"2";2;48;2
"12480";"202100012480";10;"11:05";"1";"75";"2";"7";"1";4;48;2
"12481";"202100012481";10;"14:20";"1";"75";"2";"2";"1";6;48;2
"12482";"202100012482";10;"16:18";"1";"75";"2";"7";"8";3;48;2
"12483";"202100012483";10;"04:30";"5";"75";"2";"5";"1";3;48;2
"12484";"202100012484";10;"13:15";"1";"75";"2";"3";"1";3;48;2
"12485";"202100012485";10;"03:00";"5";"75";"2";"5";"1";2;48;2
"12486";"202100012486";10;"17:40";"1";"75";"2";"5";"8";3;48;2
"12487";"202100012487";10;"20:05";"2";"75";"2";"1";"2";6;48;2
"12488";"202100012488";10;"10:50";"1";"75";"2";"2";"1";3;48;2
"12489";"202100012489";10;"17:30";"1";"75";"2";"2";"1";2;48;2
"12490";"202100012490";10;"18:30";"2";"75";"2";"2";"1";3;48;2
"12491";"202100012491";10;"07:15";"5";"94";"2";"2";"1";6;48;2
"12492";"202100012492";10;"20:27";"5";"94";"2";"2";"2";3;48;2
"12493";"202100012493";10;"16:48";"1";"94";"2";"1";"1";6;48;2
"12494";"202100012494";10;"22:45";"4";"94";"2";"6";"1";3;48;2
"12495";"202100012495";10;"00:20";"5";"94";"2";"2";"1";3;48;2
"12496";"202100012496";10;"15:30";"1";"94";"2";"1";"1";2;48;2
"12497";"202100012497";10;"13:55";"1";"93";"2";"2";"1";3;48;2
"12498";"202100012498";10;"15:05";"1";"93";"2";"1";"1";6;48;2
"12499";"202100012499";10;"21:40";"5";"93";"2";"1";"1";6;48;2
"12500";"202100012500";10;"13:50";"1";"93";"2";"1";"1";3;48;2
"12501";"202100012501";10;"11:35";"1";"93";"2";"3";"1";3;48;2
"12502";"202100012502";10;"17:55";"1";"92";"2";"1";"1";6;48;2
"12503";"202100012503";10;"23:38";"5";"92";"2";"1";"1";3;48;2
"12504";"202100012504";10;"12:15";"1";"92";"2";"1";"1";2;48;2
"12505";"202100012505";10;"15:05";"1";"92";"2";"8";"1";6;48;2
"12506";"202100012506";10;"07:10";"5";"92";"2";"1";"1";6;48;2
"12507";"202100012507";10;"08:30";"1";"92";"2";"1";"1";3;48;2
"12508";"202100012508";10;"10:30";"1";"92";"2";"2";"1";2;48;2
"12509";"202100012509";10;"16:35";"1";"47";"1";"1";"7";1;44;0
"12510";"202100012510";10;"15:30";"1";"52";"1";"1";"1";2;47;5
"12511";"202100012511";10;"09:15";"2";"33";"2";"1";"7";6;45;0
"12512";"202100012512";10;"09:20";"1";"06";"2";"1";"1";7;43;7
"12513";"202100012513";10;"11:00";"1";"974";"2";"1";"1";1;-21;55
"12514";"202100012514";10;"19:30";"5";"972";"2";"1";"1";6;14;-61
"12515";"202100012515";10;"16:15";"1";"83";"1";"1";"1";2;43;6
"12516";"202100012516";10;"08:29";"2";"41";"1";"1";"9";2;47;1
"12517";"202100012517";8;"18:30";"1";"41";"1";"1";"1";6;47;1
"12518";"202100012518";10;"17:45";"1";"58";"1";"1";"1";7;47;2
"12519";"202100012519";10;"12:45";"1";"62";"1";"2";"1";3;50;2
"12520";"202100012520";10;"17:00";"1";"34";"2";"9";"1";6;43;3
"12521";"202100012521";10;"20:00";"3";"62";"1";"1";"1";6;50;1
"12522";"202100012522";10;"12:20";"1";"76";"2";"3";"1";6;49;0
"12523";"202100012523";10;"15:15";"1";"80";"1";"1";"1";1;50;1
"12524";"202100012524";10;"17:00";"1";"80";"1";"1";"1";1;49;2
"12525";"202100012525";10;"07:59";"2";"80";"2";"2";"1";1;49;1
"12526";"202100012526";10;"09:00";"1";"82";"1";"1";"1";7;44;1
"12527";"202100012527";10;"21:30";"3";"33";"1";"1";"1";1;44;0
"12528";"202100012528";10;"10:25";"1";"33";"1";"3";"1";3;44;0
"12529";"202100012529";10;"19:00";"5";"69";"2";"3";"1";6;45;4
"12530";"202100012530";8;"10:00";"1";"32";"1";"3";"1";3;43;0
"12531";"202100012531";10;"18:00";"1";"61";"1";"2";"1";3;48;0
"12532";"202100012532";9;"10:45";"1";"46";"1";"6";"1";2;44;1
"12533";"202100012533";10;"02:39";"3";"86";"1";"2";"1";3;46;0
"12534";"202100012534";10;"12:37";"1";"22";"1";"1";"2";7;48;-2
"12535";"202100012535";10;"17:08";"1";"39";"2";"1";"1";6;46;5
"12536";"202100012536";10;"03:00";"3";"38";"1";"1";"1";6;45;5
"12537";"202100012537";8;"18:50";"1";"38";"1";"1";"1";1;45;5
"12538";"202100012538";10;"16:55";"1";"70";"1";"1";"1";1;47;6
"12539";"202100012539";10;"06:15";"5";"26";"1";"6";"1";3;44;4
"12540";"202100012540";10;"11:25";"1";"58";"1";"1";"1";6;47;3
"12541";"202100012541";10;"11:40";"1";"58";"2";"7";"1";6;46;3
"12542";"202100012542";10;"08:10";"2";"72";"1";"1";"5";6;48;0
"12543";"202100012543";10;"22:00";"3";"72";"1";"1";"2";6;47;0
"12544";"202100012544";10;"09:15";"1";"06";"1";"1";"1";1;43;7
"12545";"202100012545";10;"10:30";"1";"14";"1";"3";"2";2;49;0
"12546";"202100012546";10;"17:40";"1";"14";"2";"6";"1";3;49;0
"12547";"202100012547";7;"14:15";"1";"50";"2";"7";"1";6;49;-1
"12548";"202100012548";10;"14:45";"1";"50";"1";"1";"3";1;48;-1
"12549";"202100012549";10;"10:05";"1";"60";"2";"6";"8";7;49;1
"12550";"202100012550";10;"17:00";"1";"07";"1";"1";"1";1;45;4
"12551";"202100012551";10;"14:00";"1";"07";"2";"3";"1";3;44;4
"12552";"202100012552";10;"19:00";"1";"37";"1";"1";"1";6;47;0
"12553";"202100012553";10;"18:25";"1";"52";"1";"1";"1";6;47;5
"12554";"202100012554";10;"16:00";"1";"19";"1";"1";"1";6;45;2
"12555";"202100012555";10;"15:10";"1";"49";"1";"3";"1";3;47;0
"12556";"202100012556";10;"16:53";"1";"60";"1";"1";"1";7;49;2
"12557";"202100012557";10;"07:15";"2";"13";"1";"1";"1";6;43;5
"12558";"202100012558";10;"16:15";"1";"62";"1";"1";"1";2;50;2
"12559";"202100012559";10;"22:40";"3";"986";"2";"1";"1";5;-13;-176
"12560";"202100012560";10;"22:00";"3";"971";"1";"1";"2";6;16;-61
"12561";"202100012561";10;"13:10";"1";"971";"2";"3";"1";1;16;-61
"12562";"202100012562";10;"08:30";"1";"2B";"1";"1";"1";4;42;9
"12563";"202100012563";10;"07:40";"1";"2B";"1";"4";"1";5;42;9
"12564";"202100012564";10;"05:30";"3";"34";"1";"2";"1";3;43;4
"12565";"202100012565";10;"18:00";"1";"34";"2";"3";"1";3;43;3
"12566";"202100012566";10;"19:45";"3";"34";"1";"9";"1";3;43;3
"12567";"202100012567";10;"08:25";"1";"13";"1";"1";"1";1;43;5
"12568";"202100012568";8;"08:25";"1";"13";"1";"1";"1";2;43;5
"12569";"202100012569";10;"17:00";"1";"89";"1";"9";"1";2;47;3
"12570";"202100012570";10;"13:45";"1";"68";"2";"6";"1";7;47;7
"12571";"202100012571";10;"17:20";"1";"68";"2";"6";"1";7;47;7
"12572";"202100012572";10;"07:50";"2";"68";"2";"3";"1";6;48;7
"12573";"202100012573";10;"05:15";"3";"54";"1";"1";"8";7;48;6
"12574";"202100012574";10;"12:00";"1";"54";"1";"1";"1";6;48;6
"12575";"202100012575";10;"14:40";"1";"74";"1";"1";"7";2;45;6
"12576";"202100012576";10;"07:00";"5";"38";"2";"9";"1";1;45;5
"12577";"202100012577";10;"16:55";"1";"38";"1";"3";"1";3;45;5
"12578";"202100012578";10;"15:45";"1";"26";"2";"1";"1";6;44;4
"12579";"202100012579";10;"06:25";"5";"26";"2";"1";"1";6;44;4
"12580";"202100012580";10;"18:35";"1";"09";"1";"3";"1";2;43;1
"12581";"202100012581";10;"23:15";"5";"33";"2";"2";"1";3;45;0
"12582";"202100012582";10;"11:05";"1";"85";"1";"1";"1";7;46;0
"12583";"202100012583";10;"04:00";"3";"14";"1";"1";"1";6;49;0
"12584";"202100012584";10;"11:00";"1";"35";"1";"9";"2";3;48;-1
"12585";"202100012585";10;"13:25";"1";"35";"2";"1";"1";6;48;-1
"12586";"202100012586";10;"11:55";"1";"76";"1";"2";"1";3;49;0
"12587";"202100012587";10;"10:45";"1";"60";"2";"6";"1";2;49;2
"12588";"202100012588";10;"18:40";"5";"60";"2";"3";"1";3;49;2
"12589";"202100012589";10;"08:00";"2";"60";"1";"1";"1";3;49;2
"12590";"202100012590";10;"11:00";"1";"80";"1";"1";"2";2;49;2
"12591";"202100012591";10;"08:10";"2";"62";"2";"1";"5";3;50;2
"12592";"202100012592";10;"20:45";"3";"13";"1";"1";"1";2;43;5
"12593";"202100012593";10;"08:35";"1";"13";"1";"1";"1";3;43;5
"12594";"202100012594";10;"21:10";"3";"13";"1";"1";"1";2;43;5
"12595";"202100012595";10;"21:00";"5";"69";"1";"9";"1";4;45;4
"12596";"202100012596";10;"17:20";"1";"33";"1";"1";"1";3;44;0
"12597";"202100012597";10;"16:00";"1";"33";"1";"1";"1";3;44;0
"12598";"202100012598";10;"08:00";"1";"33";"1";"1";"1";6;44;0
"12599";"202100012599";10;"12:15";"1";"94";"1";"1";"1";4;48;2
"12600";"202100012600";10;"21:39";"3";"94";"1";"1";"1";6;48;2
"12601";"202100012601";10;"06:45";"5";"78";"1";"1";"1";6;48;2
"12602";"202100012602";10;"17:15";"1";"93";"1";"1";"1";4;48;2
"12603";"202100012603";10;"00:20";"3";"93";"1";"1";"2";6;48;2
"12604";"202100012604";10;"22:15";"5";"93";"1";"1";"1";6;48;2
"12605";"202100012605";10;"08:40";"1";"77";"1";"1";"1";6;48;2
"12606";"202100012606";6;"10:10";"1";"43";"2";"1";"8";2;45;3
"12607";"202100012607";6;"09:10";"1";"43";"2";"3";"8";3;45;3
"12608";"202100012608";3;"17:00";"1";"60";"2";"1";"1";3;49;2
"12609";"202100012609";4;"19:00";"1";"60";"2";"3";"1";3;49;2
"12610";"202100012610";7;"14:50";"1";"74";"1";"1";"3";3;45;6
"12611";"202100012611";6;"18:55";"1";"74";"2";"1";"1";7;46;6
"12612";"202100012612";7;"16:30";"1";"74";"1";"1";"3";6;45;5
"12613";"202100012613";6;"20:30";"2";"74";"1";"1";"1";7;46;6
"12614";"202100012614";6;"11:20";"1";"69";"2";"9";"1";1;45;4
"12615";"202100012615";10;"18:05";"3";"976";"2";"1";"1";7;-12;45
"12616";"202100012616";10;"11:24";"1";"974";"2";"1";"1";7;-21;55
"12617";"202100012617";10;"05:30";"1";"974";"2";"1";"1";3;-20;55
"12618";"202100012618";10;"20:45";"5";"973";"1";"1";"1";2;4;-52
"12619";"202100012619";10;"13:30";"1";"973";"1";"3";"1";5;4;-52
"12620";"202100012620";10;"12:30";"1";"69";"2";"2";"1";3;45;4
"12621";"202100012621";10;"18:35";"2";"972";"1";"1";"1";2;14;-60
"12622";"202100012622";10;"23:45";"5";"69";"2";"9";"1";2;45;4
"12623";"202100012623";10;"23:00";"5";"69";"2";"3";"1";3;45;4
"12624";"202100012624";9;"06:45";"2";"69";"2";"3";"1";6;45;4
"12625";"202100012625";10;"16:45";"1";"69";"2";"2";"1";3;45;4
"12626";"202100012626";10;"17:30";"1";"69";"2";"1";"1";6;45;4
"12627";"202100012627";10;"18:30";"1";"2A";"2";"1";"1";3;41;8
"12628";"202100012628";10;"08:00";"1";"95";"2";"1";"1";6;48;2
"12629";"202100012629";10;"18:00";"1";"95";"2";"1";"1";6;48;2
"12630";"202100012630";10;"12:50";"1";"91";"2";"1";"1";2;48;2
"12631";"202100012631";10;"16:50";"1";"83";"2";"1";"1";2;43;5
"12632";"202100012632";10;"10:35";"1";"83";"2";"3";"1";3;43;5
"12633";"202100012633";10;"17:00";"1";"83";"1";"1";"1";1;43;5
"12634";"202100012634";10;"11:10";"1";"83";"2";"1";"1";2;43;6
"12635";"202100012635";10;"13:10";"1";"83";"2";"1";"1";2;43;6
"12636";"202100012636";10;"10:00";"1";"81";"1";"1";"1";3;43;2
"12637";"202100012637";10;"20:14";"5";"78";"2";"3";"1";1;48;1
"12638";"202100012638";10;"20:30";"3";"77";"1";"1";"1";2;48;2
"12639";"202100012639";10;"07:20";"5";"76";"2";"3";"1";3;49;1
"12640";"202100012640";10;"10:50";"1";"74";"2";"1";"1";6;46;6
"12641";"202100012641";10;"20:30";"5";"69";"2";"5";"1";3;45;4
"12642";"202100012642";10;"14:51";"1";"69";"2";"1";"1";6;45;4
"12643";"202100012643";10;"13:00";"1";"69";"2";"1";"1";6;45;4
"12644";"202100012644";10;"15:30";"1";"64";"2";"9";"1";3;43;0
"12645";"202100012645";10;"00:30";"5";"62";"2";"3";"1";3;50;2
"12646";"202100012646";10;"16:45";"1";"61";"2";"9";"7";3;48;0
"12647";"202100012647";10;"19:20";"2";"61";"2";"1";"1";3;48;0
"12648";"202100012648";10;"19:10";"3";"59";"2";"6";"1";3;50;3
"12649";"202100012649";8;"21:20";"2";"59";"2";"1";"1";6;50;3
"12650";"202100012650";10;"16:40";"1";"59";"2";"1";"1";6;50;2
"12651";"202100012651";10;"18:30";"2";"57";"2";"1";"8";1;49;6
"12652";"202100012652";10;"16:50";"1";"54";"2";"2";"1";3;48;6
"12653";"202100012653";10;"17:17";"1";"38";"2";"2";"1";1;45;5
"12654";"202100012654";10;"07:05";"5";"33";"2";"1";"1";7;44;0
"12655";"202100012655";10;"11:40";"1";"31";"2";"1";"1";6;43;1
"12656";"202100012656";10;"03:53";"5";"31";"2";"1";"1";6;43;1
"12657";"202100012657";10;"16:40";"1";"31";"2";"1";"1";6;43;1
"12658";"202100012658";10;"17:15";"1";"30";"2";"1";"1";6;44;4
"12659";"202100012659";10;"15:30";"1";"27";"1";"1";"1";1;49;1
"12660";"202100012660";10;"05:00";"3";"25";"2";"1";"1";6;47;5
"12661";"202100012661";10;"12:40";"1";"15";"2";"1";"1";6;44;2
"12662";"202100012662";10;"06:00";"5";"13";"2";"1";"1";2;43;5
"12663";"202100012663";10;"16:45";"1";"13";"2";"3";"1";3;43;5
"12664";"202100012664";10;"12:30";"1";"13";"2";"1";"1";3;43;5
"12665";"202100012665";10;"16:15";"1";"13";"1";"1";"1";6;43;4
"12666";"202100012666";10;"07:22";"5";"09";"2";"4";"1";3;43;1
"12667";"202100012667";10;"02:00";"5";"06";"2";"1";"1";2;43;6
"12668";"202100012668";10;"08:30";"1";"75";"2";"2";"1";3;48;2
"12669";"202100012669";10;"16:45";"1";"75";"2";"2";"1";3;48;2
"12670";"202100012670";10;"23:20";"5";"75";"2";"7";"1";3;48;2
"12671";"202100012671";10;"13:10";"1";"75";"2";"4";"1";2;48;2
"12672";"202100012672";10;"01:31";"5";"75";"2";"2";"1";3;48;2
"12673";"202100012673";10;"23:30";"5";"75";"2";"2";"1";3;48;2
"12674";"202100012674";10;"18:00";"1";"75";"2";"2";"1";3;48;2
"12675";"202100012675";10;"00:00";"5";"75";"2";"3";"1";6;48;2
"12676";"202100012676";10;"16:30";"1";"75";"2";"7";"1";6;48;2
"12677";"202100012677";10;"11:45";"1";"75";"2";"2";"1";3;48;2
"12678";"202100012678";10;"12:00";"1";"75";"2";"2";"1";1;48;2
"12679";"202100012679";10;"05:35";"5";"75";"2";"2";"1";7;48;2
"12680";"202100012680";10;"20:45";"5";"75";"2";"2";"1";7;48;2
"12681";"202100012681";10;"11:00";"1";"75";"2";"4";"1";4;48;2
"12682";"202100012682";10;"09:45";"1";"75";"2";"7";"1";2;48;2
"12683";"202100012683";10;"14:50";"1";"75";"2";"2";"1";3;48;2
"12684";"202100012684";10;"12:55";"1";"75";"2";"3";"1";1;48;2
"12685";"202100012685";10;"00:51";"5";"75";"2";"3";"1";2;48;2
"12686";"202100012686";10;"21:00";"4";"94";"2";"1";"1";2;48;2
"12687";"202100012687";10;"16:55";"1";"94";"2";"1";"1";7;48;2
"12688";"202100012688";10;"18:10";"1";"93";"2";"3";"1";2;48;2
"12689";"202100012689";10;"19:39";"5";"93";"1";"1";"1";6;48;2
"12690";"202100012690";10;"08:33";"2";"93";"2";"3";"1";6;48;2
"12691";"202100012691";10;"19:15";"5";"93";"2";"1";"1";3;48;2
"12692";"202100012692";10;"15:30";"1";"92";"2";"1";"1";2;48;2
"12693";"202100012693";10;"19:40";"5";"92";"2";"1";"1";3;48;2
"12694";"202100012694";10;"11:00";"1";"92";"2";"1";"1";6;48;2
"12695";"202100012695";10;"11:30";"1";"47";"1";"3";"1";1;44;0
"12696";"202100012696";10;"05:35";"3";"47";"1";"1";"5";6;44;0
"12697";"202100012697";10;"12:25";"1";"35";"1";"3";"1";1;48;-1
"12698";"202100012698";10;"16:20";"1";"11";"1";"1";"1";6;43;2
"12699";"202100012699";10;"10:55";"1";"68";"2";"4";"1";6;48;7
"12700";"202100012700";10;"13:45";"1";"974";"2";"1";"1";3;-21;55
"12701";"202100012701";10;"15:50";"1";"63";"1";"1";"1";7;45;2
"12702";"202100012702";10;"15:00";"1";"83";"2";"3";"1";3;43;6
"12703";"202100012703";10;"21:30";"3";"71";"1";"1";"8";2;46;4
"12704";"202100012704";10;"16:50";"1";"38";"2";"1";"1";2;45;5
"12705";"202100012705";10;"11:05";"1";"44";"1";"2";"1";3;47;-1
"12706";"202100012706";10;"10:30";"1";"83";"2";"1";"1";1;43;6
"12707";"202100012707";10;"15:30";"1";"83";"1";"1";"1";5;43;5
"12708";"202100012708";10;"00:33";"5";"51";"2";"1";"1";7;49;3
"12709";"202100012709";9;"17:45";"1";"56";"1";"2";"7";3;47;-3
"12710";"202100012710";10;"11:15";"1";"56";"2";"2";"1";3;47;-3
"12711";"202100012711";10;"20:20";"3";"77";"1";"1";"1";1;48;3
"12712";"202100012712";10;"14:30";"1";"2A";"1";"1";"1";3;41;9
"12713";"202100012713";10;"14:40";"1";"82";"1";"2";"1";3;44;1
"12714";"202100012714";10;"19:00";"2";"65";"1";"1";"1";7;43;0
"12715";"202100012715";10;"18:00";"1";"33";"1";"1";"1";1;44;0
"12716";"202100012716";10;"16:00";"1";"32";"2";"1";"1";6;43;0
"12717";"202100012717";10;"08:45";"1";"61";"2";"1";"7";6;48;0
"12718";"202100012718";10;"10:41";"1";"49";"1";"2";"1";3;47;0
"12719";"202100012719";9;"11:30";"1";"49";"1";"2";"1";3;47;0
"12720";"202100012720";10;"17:15";"1";"47";"1";"3";"1";3;44;0
"12721";"202100012721";10;"07:40";"2";"34";"1";"2";"1";6;43;3
"12722";"202100012722";10;"19:50";"3";"44";"2";"1";"1";7;47;-1
"12723";"202100012723";10;"13:00";"1";"35";"1";"1";"3";1;48;-1
"12724";"202100012724";10;"21:30";"3";"29";"2";"1";"1";6;48;-3
"12725";"202100012725";10;"11:50";"1";"31";"1";"2";"1";3;43;0
"12726";"202100012726";10;"18:20";"2";"38";"1";"1";"1";6;45;5
"12727";"202100012727";10;"11:40";"1";"38";"1";"1";"1";6;45;5
"12728";"202100012728";10;"17:00";"1";"03";"1";"1";"1";2;46;2
"12729";"202100012729";10;"11:30";"1";"54";"1";"1";"1";6;48;6
"12730";"202100012730";10;"19:00";"3";"83";"1";"1";"1";1;43;6
"12731";"202100012731";10;"17:00";"2";"73";"1";"1";"7";2;45;6
"12732";"202100012732";10;"12:30";"1";"18";"1";"1";"1";6;47;2
"12733";"202100012733";10;"10:00";"1";"43";"2";"1";"7";1;45;3
"12734";"202100012734";10;"17:55";"1";"10";"1";"3";"1";3;48;4
"12735";"202100012735";10;"09:00";"1";"36";"1";"1";"1";6;46;1
"12736";"202100012736";10;"09:50";"1";"07";"2";"6";"1";3;45;4
"12737";"202100012737";10;"16:10";"1";"85";"1";"4";"1";5;46;0
"12738";"202100012738";10;"15:49";"1";"28";"1";"9";"1";7;48;1
"12739";"202100012739";10;"07:00";"2";"17";"2";"2";"1";3;45;0
"12740";"202100012740";10;"09:35";"1";"987";"1";"1";"1";3;-17;-149
"12741";"202100012741";10;"08:05";"2";"60";"1";"1";"1";4;49;2
"12742";"202100012742";10;"16:55";"1";"03";"1";"1";"1";7;46;3
"12743";"202100012743";10;"16:30";"1";"53";"1";"1";"1";1;48;-1
"12744";"202100012744";10;"11:45";"1";"49";"1";"1";"1";7;47;0
"12745";"202100012745";10;"12:15";"1";"73";"2";"6";"1";6;45;6
"12746";"202100012746";10;"17:05";"1";"74";"1";"1";"1";6;46;6
"12747";"202100012747";9;"21:30";"3";"84";"1";"1";"1";6;44;4
"12748";"202100012748";10;"17:15";"1";"77";"1";"1";"1";3;48;2
"12749";"202100012749";10;"11:35";"1";"987";"1";"1";"2";3;-16;-151
"12750";"202100012750";10;"02:24";"3";"988";"1";"1";"1";7;-21;165
"12751";"202100012751";10;"14:00";"1";"988";"1";"1";"3";6;-21;165
"12752";"202100012752";10;"03:20";"5";"974";"1";"6";"1";1;-21;55
"12753";"202100012753";10;"13:00";"1";"971";"1";"1";"1";2;16;-61
"12754";"202100012754";10;"07:15";"5";"33";"2";"3";"1";3;44;-1
"12755";"202100012755";10;"17:05";"1";"28";"1";"1";"1";2;48;1
"12756";"202100012756";10;"17:38";"1";"77";"2";"1";"1";2;48;2
"12757";"202100012757";5;"18:15";"1";"77";"1";"1";"1";2;48;2
"12758";"202100012758";10;"17:45";"1";"77";"1";"1";"1";6;48;2