"";"Num_Acc";"mois";"hrmn";"lum";"dep";"agg";"int";"atm";"col";"lat";"long"
"12759";"202100012759";10;"23:05";"3";"95";"1";"1";"1";2;49;1
"12760";"202100012760";10;"21:50";"3";"95";"1";"1";"1";7;49;1
"12761";"202100012761";10;"18:10";"1";"78";"1";"1";"1";6;48;1
"12762";"202100012762";10;"15:15";"1";"30";"1";"1";"1";6;44;3
"12763";"202100012763";10;"11:14";"1";"34";"2";"2";"1";6;43;3
"12764";"202100012764";10;"18:34";"1";"34";"2";"1";"1";3;43;3
"12765";"202100012765";10;"15:30";"1";"63";"1";"4";"1";3;45;3
"12766";"202100012766";9;"18:39";"1";"74";"2";"1";"1";7;46;6
"12767";"202100012767";10;"07:50";"1";"38";"1";"1";"5";1;45;4
"12768";"202100012768";10;"05:30";"5";"38";"2";"1";"5";7;45;5
"12769";"202100012769";10;"20:15";"3";"38";"1";"1";"1";1;45;4
"12770";"202100012770";10;"15:55";"1";"69";"1";"3";"1";3;45;4
"12771";"202100012771";10;"18:54";"2";"69";"1";"1";"1";3;45;4
"12772";"202100012772";10;"12:40";"1";"79";"2";"1";"1";3;46;0
"12773";"202100012773";10;"11:30";"1";"17";"2";"2";"1";3;46;-1
"12774";"202100012774";10;"23:45";"3";"40";"1";"1";"1";6;43;-1
"12775";"202100012775";9;"16:00";"1";"33";"2";"1";"1";6;44;0
"12776";"202100012776";10;"18:50";"2";"50";"1";"2";"1";3;48;-1
"12777";"202100012777";10;"14:01";"1";"22";"1";"9";"1";2;48;-2
"12778";"202100012778";10;"20:40";"3";"35";"1";"1";"1";1;48;-2
"12779";"202100012779";10;"14:15";"1";"27";"1";"3";"1";2;49;1
"12780";"202100012780";10;"20:35";"3";"27";"1";"1";"1";7;49;1
"12781";"202100012781";10;"14:05";"1";"59";"2";"1";"1";1;50;2
"12782";"202100012782";10;"15:00";"1";"13";"1";"1";"1";2;43;5
"12783";"202100012783";10;"23:12";"5";"13";"1";"1";"1";2;43;5
"12784";"202100012784";10;"23:00";"5";"13";"1";"1";"1";3;43;5
"12785";"202100012785";10;"20:35";"5";"13";"1";"1";"1";2;43;5
"12786";"202100012786";10;"06:45";"5";"13";"1";"1";"1";6;43;5
"12787";"202100012787";10;"18:10";"1";"69";"1";"1";"1";2;45;4
"12788";"202100012788";10;"12:30";"1";"33";"1";"1";"1";4;44;0
"12789";"202100012789";10;"15:10";"1";"91";"1";"1";"1";1;48;2
"12790";"202100012790";10;"09:40";"1";"91";"1";"1";"1";6;48;2
"12791";"202100012791";10;"19:30";"3";"91";"1";"1";"1";7;48;2
"12792";"202100012792";10;"20:15";"3";"95";"1";"1";"1";5;49;2
"12793";"202100012793";10;"20:10";"3";"93";"1";"1";"1";4;48;2
"12794";"202100012794";10;"08:45";"1";"93";"1";"1";"1";2;48;2
"12795";"202100012795";10;"06:15";"3";"93";"1";"1";"1";4;48;2
"12796";"202100012796";10;"23:10";"5";"93";"1";"1";"1";2;48;2
"12797";"202100012797";10;"16:00";"1";"93";"1";"1";"1";2;48;2
"12798";"202100012798";10;"17:00";"1";"77";"1";"1";"1";6;48;2
"12799";"202100012799";10;"08:20";"2";"94";"1";"1";"1";2;48;2
"12800";"202100012800";10;"07:50";"2";"77";"1";"1";"1";7;48;2
"12801";"202100012801";10;"01:10";"3";"94";"1";"1";"1";2;48;2
"12802";"202100012802";10;"05:20";"3";"94";"1";"1";"1";2;48;2
"12803";"202100012803";10;"15:45";"1";"974";"2";"2";"1";3;-20;55
"12804";"202100012804";10;"16:30";"1";"974";"2";"9";"1";6;-20;55
"12805";"202100012805";10;"02:00";"5";"973";"1";"3";"1";7;4;-52
"12806";"202100012806";10;"09:55";"1";"973";"2";"1";"1";7;4;-52
"12807";"202100012807";10;"11:20";"1";"973";"2";"1";"1";6;4;-52
"12808";"202100012808";10;"10:37";"1";"973";"2";"1";"1";3;4;-52
"12809";"202100012809";10;"23:35";"5";"69";"2";"1";"1";2;45;4
"12810";"202100012810";10;"15:30";"1";"69";"2";"1";"1";1;45;4
"12811";"202100012811";10;"16:09";"1";"972";"2";"1";"1";3;14;-61
"12812";"202100012812";10;"02:25";"5";"69";"2";"1";"5";7;45;4
"12813";"202100012813";10;"16:05";"1";"69";"2";"1";"1";2;45;4
"12814";"202100012814";10;"03:20";"3";"95";"1";"1";"8";6;48;2
"12815";"202100012815";10;"14:05";"1";"91";"2";"2";"1";3;48;2
"12816";"202100012816";10;"18:00";"1";"91";"2";"9";"1";6;48;2
"12817";"202100012817";10;"16:40";"1";"91";"2";"3";"1";3;48;2
"12818";"202100012818";10;"16:35";"1";"91";"2";"1";"1";2;48;2
"12819";"202100012819";10;"17:05";"1";"77";"2";"9";"1";6;48;2
"12820";"202100012820";10;"17:00";"1";"76";"1";"1";"1";2;49;1
"12821";"202100012821";10;"07:40";"2";"74";"2";"1";"1";6;46;6
"12822";"202100012822";10;"13:00";"1";"71";"2";"2";"1";3;46;4
"12823";"202100012823";10;"23:30";"5";"69";"2";"2";"5";2;45;4
"12824";"202100012824";10;"05:40";"5";"69";"2";"9";"1";3;45;5
"12825";"202100012825";10;"08:25";"1";"69";"2";"3";"1";6;45;4
"12826";"202100012826";10;"09:00";"1";"69";"2";"1";"7";6;45;4
"12827";"202100012827";10;"12:20";"1";"68";"2";"6";"1";6;47;7
"12828";"202100012828";10;"01:20";"5";"64";"2";"1";"1";7;43;-1
"12829";"202100012829";10;"13:05";"1";"60";"1";"1";"1";7;49;2
"12830";"202100012830";10;"03:35";"5";"59";"2";"1";"1";6;50;3
"12831";"202100012831";10;"18:00";"1";"54";"2";"1";"1";6;48;6
"12832";"202100012832";10;"14:50";"1";"54";"2";"3";"1";3;48;6
"12833";"202100012833";10;"17:30";"1";"51";"2";"1";"1";1;49;4
"12834";"202100012834";10;"14:05";"1";"45";"2";"3";"1";3;47;1
"12835";"202100012835";10;"21:05";"5";"37";"2";"3";"1";3;47;0
"12836";"202100012836";10;"20:00";"5";"37";"2";"1";"1";6;47;0
"12837";"202100012837";10;"05:45";"3";"37";"2";"1";"1";6;47;0
"12838";"202100012838";10;"19:45";"5";"37";"2";"3";"1";3;47;0
"12839";"202100012839";10;"17:00";"1";"37";"2";"2";"1";6;47;0
"12840";"202100012840";10;"11:25";"1";"35";"2";"3";"1";3;48;-1
"12841";"202100012841";10;"06:30";"5";"35";"2";"7";"1";6;48;-1
"12842";"202100012842";10;"08:50";"1";"33";"1";"2";"7";3;44;0
"12843";"202100012843";10;"05:00";"5";"33";"2";"1";"1";2;44;0
"12844";"202100012844";10;"19:35";"5";"31";"2";"2";"1";3;43;1
"12845";"202100012845";10;"11:05";"1";"29";"2";"3";"1";3;47;-4
"12846";"202100012846";10;"16:23";"1";"29";"2";"1";"1";2;47;-3
"12847";"202100012847";10;"12:00";"1";"29";"2";"6";"1";2;48;-4
"12848";"202100012848";10;"04:50";"5";"29";"2";"1";"1";6;48;-4
"12849";"202100012849";10;"21:20";"3";"26";"1";"1";"1";1;44;4
"12850";"202100012850";10;"22:10";"3";"26";"1";"1";"1";6;44;4
"12851";"202100012851";10;"17:45";"1";"25";"2";"4";"1";6;47;6
"12852";"202100012852";10;"16:50";"1";"22";"2";"1";"1";2;48;-3
"12853";"202100012853";10;"13:32";"1";"17";"2";"1";"1";6;45;0
"12854";"202100012854";10;"09:20";"1";"17";"2";"1";"7";2;46;-1
"12855";"202100012855";10;"17:57";"1";"17";"2";"1";"1";3;46;-1
"12856";"202100012856";10;"08:00";"1";"14";"2";"3";"5";6;49;0
"12857";"202100012857";10;"20:30";"5";"13";"2";"1";"1";3;43;5
"12858";"202100012858";10;"06:25";"5";"13";"2";"1";"1";6;43;5
"12859";"202100012859";10;"00:30";"5";"13";"2";"9";"1";1;43;5
"12860";"202100012860";10;"09:47";"1";"10";"2";"2";"5";6;48;4
"12861";"202100012861";10;"15:00";"1";"75";"2";"1";"1";2;48;2
"12862";"202100012862";10;"19:30";"2";"75";"2";"1";"1";3;48;2
"12863";"202100012863";10;"17:10";"1";"75";"2";"1";"1";2;48;2
"12864";"202100012864";10;"04:00";"5";"75";"2";"1";"1";2;48;2
"12865";"202100012865";10;"20:00";"5";"75";"2";"2";"1";6;48;2
"12866";"202100012866";10;"16:15";"1";"75";"2";"3";"1";2;48;2
"12867";"202100012867";10;"09:55";"1";"75";"2";"5";"1";3;48;2
"12868";"202100012868";10;"17:00";"1";"75";"2";"1";"1";3;48;2
"12869";"202100012869";10;"21:10";"5";"75";"2";"2";"1";2;48;2
"12870";"202100012870";10;"05:30";"5";"75";"2";"3";"1";6;48;2
"12871";"202100012871";10;"09:25";"1";"75";"2";"7";"1";3;48;2
"12872";"202100012872";10;"17:39";"1";"75";"2";"1";"1";3;48;2
"12873";"202100012873";10;"18:10";"1";"75";"2";"1";"1";6;48;2
"12874";"202100012874";10;"17:35";"1";"75";"2";"3";"1";3;48;2
"12875";"202100012875";10;"13:00";"1";"75";"2";"2";"1";2;48;2
"12876";"202100012876";10;"09:35";"1";"75";"2";"1";"1";3;48;2
"12877";"202100012877";10;"16:00";"1";"75";"2";"1";"1";6;48;2
"12878";"202100012878";10;"04:25";"3";"75";"2";"3";"1";2;48;2
"12879";"202100012879";10;"08:36";"1";"75";"2";"3";"1";3;48;2
"12880";"202100012880";10;"03:30";"5";"75";"2";"2";"1";3;48;2
"12881";"202100012881";10;"04:00";"5";"75";"2";"3";"1";7;48;2
"12882";"202100012882";10;"15:15";"1";"75";"2";"7";"1";2;48;2
"12883";"202100012883";10;"01:25";"5";"75";"2";"1";"1";6;48;2
"12884";"202100012884";10;"13:35";"1";"94";"2";"9";"1";6;48;2
"12885";"202100012885";10;"12:50";"1";"94";"2";"1";"1";6;48;2
"12886";"202100012886";10;"22:15";"5";"94";"2";"1";"1";3;48;2
"12887";"202100012887";10;"08:30";"1";"94";"2";"2";"1";3;48;2
"12888";"202100012888";10;"14:37";"1";"94";"2";"1";"1";6;48;2
"12889";"202100012889";10;"13:32";"1";"94";"2";"1";"1";2;48;2
"12890";"202100012890";10;"14:30";"1";"93";"2";"2";"1";3;48;2
"12891";"202100012891";10;"12:20";"1";"93";"1";"9";"1";3;48;2
"12892";"202100012892";10;"21:30";"5";"93";"2";"1";"1";1;48;2
"12893";"202100012893";10;"00:25";"5";"93";"2";"3";"1";6;48;2
"12894";"202100012894";10;"11:54";"1";"93";"2";"6";"7";3;48;2
"12895";"202100012895";10;"19:20";"2";"93";"2";"1";"1";1;48;2
"12896";"202100012896";10;"07:00";"3";"93";"1";"1";"1";4;48;2
"12897";"202100012897";10;"14:10";"1";"93";"2";"3";"1";3;48;2
"12898";"202100012898";10;"11:20";"1";"92";"2";"1";"1";3;48;2
"12899";"202100012899";10;"21:45";"5";"92";"2";"1";"1";6;48;2
"12900";"202100012900";10;"16:50";"1";"92";"2";"1";"1";6;48;2
"12901";"202100012901";10;"11:20";"1";"92";"2";"2";"1";6;48;2
"12902";"202100012902";10;"19:15";"2";"92";"2";"6";"1";7;48;2
"12903";"202100012903";10;"18:26";"1";"92";"2";"1";"1";6;48;2
"12904";"202100012904";10;"12:50";"1";"92";"2";"1";"1";2;48;2
"12905";"202100012905";10;"15:45";"1";"22";"1";"1";"1";7;48;-3
"12906";"202100012906";10;"16:54";"1";"22";"2";"1";"1";6;48;-2
"12907";"202100012907";10;"06:50";"5";"33";"1";"1";"5";5;44;0
"12908";"202100012908";10;"08:10";"1";"49";"2";"1";"1";6;47;0
"12909";"202100012909";10;"23:30";"3";"974";"1";"1";"1";6;-21;55
"12910";"202100012910";10;"04:00";"3";"52";"1";"1";"1";2;47;5
"12911";"202100012911";10;"15:15";"1";"37";"1";"1";"1";7;47;0
"12912";"202100012912";10;"12:40";"1";"62";"1";"3";"1";2;50;2
"12913";"202100012913";10;"09:10";"1";"41";"1";"2";"1";1;47;0
"12914";"202100012914";10;"09:40";"1";"69";"2";"1";"1";6;45;4
"12915";"202100012915";10;"18:10";"1";"74";"1";"3";"1";1;46;6
"12916";"202100012916";10;"10:15";"1";"83";"1";"1";"1";3;43;6
"12917";"202100012917";10;"14:00";"1";"56";"1";"1";"1";2;47;-2
"12918";"202100012918";10;"03:20";"3";"56";"1";"1";"1";6;47;-2
"12919";"202100012919";10;"16:20";"1";"79";"2";"1";"1";6;46;0
"12920";"202100012920";10;"19:30";"5";"79";"2";"1";"1";7;46;0
"12921";"202100012921";10;"07:00";"2";"79";"2";"1";"1";6;46;0
"12922";"202100012922";10;"16:00";"1";"80";"1";"1";"1";7;49;2
"12923";"202100012923";10;"14:33";"1";"32";"1";"1";"1";1;43;0
"12924";"202100012924";10;"02:20";"3";"71";"1";"1";"5";6;46;5
"12925";"202100012925";10;"20:30";"5";"71";"2";"1";"1";7;46;4
"12926";"202100012926";10;"01:00";"3";"71";"1";"1";"1";6;46;4
"12927";"202100012927";10;"13:15";"1";"89";"2";"3";"1";1;48;3
"12928";"202100012928";10;"16:45";"1";"63";"1";"1";"1";3;45;3
"12929";"202100012929";10;"16:45";"1";"49";"1";"1";"1";1;47;0
"12930";"202100012930";10;"19:04";"3";"12";"1";"1";"1";7;44;2
"12931";"202100012931";10;"16:15";"1";"42";"1";"1";"1";6;45;4
"12932";"202100012932";10;"11:55";"1";"42";"1";"1";"7";1;45;4
"12933";"202100012933";10;"08:50";"1";"41";"1";"1";"7";7;47;1
"12934";"202100012934";10;"16:14";"1";"68";"1";"1";"1";4;47;7
"12935";"202100012935";10;"21:15";"3";"39";"1";"1";"5";1;46;5
"12936";"202100012936";10;"13:20";"1";"25";"2";"9";"1";3;47;6
"12937";"202100012937";10;"21:15";"3";"44";"1";"1";"1";2;47;-1
"12938";"202100012938";10;"18:10";"1";"44";"2";"1";"1";1;47;-1
"12939";"202100012939";9;"07:10";"2";"29";"1";"2";"5";3;47;-3
"12940";"202100012940";10;"21:05";"3";"29";"1";"1";"1";6;48;-3
"12941";"202100012941";10;"14:30";"1";"29";"2";"1";"1";6;48;-4
"12942";"202100012942";10;"00:47";"3";"31";"1";"1";"1";6;43;1
"12943";"202100012943";10;"11:33";"1";"31";"1";"1";"1";2;43;1
"12944";"202100012944";10;"18:45";"2";"31";"2";"6";"1";2;43;1
"12945";"202100012945";10;"13:15";"1";"38";"1";"1";"1";7;45;5
"12946";"202100012946";10;"19:15";"3";"38";"1";"1";"1";2;45;5
"12947";"202100012947";10;"19:10";"2";"38";"1";"3";"1";3;45;5
"12948";"202100012948";10;"18:40";"2";"03";"1";"1";"1";1;46;3
"12949";"202100012949";10;"11:30";"1";"58";"1";"1";"1";7;47;3
"12950";"202100012950";10;"13:55";"1";"58";"1";"1";"1";1;46;3
"12951";"202100012951";10;"14:15";"1";"66";"1";"1";"1";1;42;2
"12952";"202100012952";10;"22:34";"3";"72";"1";"1";"5";6;48;0
"12953";"202100012953";10;"04:30";"4";"50";"2";"1";"1";1;48;-1
"12954";"202100012954";10;"23:30";"3";"50";"1";"1";"1";6;48;-1
"12955";"202100012955";10;"12:45";"1";"64";"1";"1";"1";7;43;-1
"12956";"202100012956";10;"17:35";"1";"64";"1";"1";"1";1;43;-1
"12957";"202100012957";10;"19:40";"2";"10";"1";"1";"1";1;48;3
"12958";"202100012958";10;"13:50";"1";"07";"1";"1";"1";7;45;4
"12959";"202100012959";9;"20:10";"3";"07";"2";"1";"1";1;44;4
"12960";"202100012960";10;"18:10";"1";"21";"2";"3";"1";3;47;4
"12961";"202100012961";10;"10:05";"1";"21";"2";"1";"1";6;47;4
"12962";"202100012962";10;"14:45";"1";"27";"2";"1";"1";6;48;1
"12963";"202100012963";10;"05:20";"3";"68";"1";"1";"5";2;47;7
"12964";"202100012964";10;"18:15";"2";"63";"1";"1";"1";4;45;3
"12965";"202100012965";10;"21:00";"3";"38";"1";"1";"1";2;45;5
"12966";"202100012966";10;"10:40";"1";"06";"1";"3";"1";3;43;7
"12967";"202100012967";10;"10:40";"1";"976";"2";"1";"1";1;-12;45
"12968";"202100012968";10;"02:15";"3";"77";"1";"1";"5";6;48;2
"12969";"202100012969";10;"22:06";"5";"973";"2";"1";"1";6;5;-52
"12970";"202100012970";10;"12:25";"1";"77";"1";"2";"1";2;49;3
"12971";"202100012971";10;"19:30";"2";"78";"1";"1";"1";2;49;1
"12972";"202100012972";10;"11:30";"1";"2A";"2";"1";"1";7;41;9
"12973";"202100012973";10;"07:15";"5";"34";"2";"3";"1";3;43;4
"12974";"202100012974";10;"20:09";"5";"84";"2";"1";"1";3;43;4
"12975";"202100012975";10;"17:15";"1";"83";"2";"2";"1";3;43;6
"12976";"202100012976";10;"11:15";"1";"13";"2";"1";"1";3;43;5
"12977";"202100012977";10;"18:30";"2";"13";"2";"1";"1";1;43;5
"12978";"202100012978";10;"08:39";"1";"21";"1";"1";"1";4;47;5
"12979";"202100012979";10;"08:30";"1";"08";"1";"1";"5";7;49;4
"12980";"202100012980";10;"18:30";"1";"51";"2";"3";"1";3;49;3
"12981";"202100012981";10;"16:45";"1";"68";"1";"1";"1";7;48;7
"12982";"202100012982";10;"14:28";"1";"88";"1";"1";"1";6;48;6
"12983";"202100012983";10;"22:15";"3";"74";"1";"1";"1";7;45;6
"12984";"202100012984";10;"00:00";"5";"42";"1";"2";"5";4;45;4
"12985";"202100012985";10;"06:40";"3";"07";"1";"1";"1";6;44;4
"12986";"202100012986";10;"17:10";"1";"01";"2";"1";"7";6;45;5
"12987";"202100012987";9;"17:00";"1";"69";"2";"9";"1";3;46;4
"12988";"202100012988";10;"15:10";"1";"69";"2";"3";"1";7;45;4
"12989";"202100012989";10;"16:00";"1";"69";"2";"1";"7";1;45;4
"12990";"202100012990";10;"11:30";"1";"81";"1";"1";"1";6;43;2
"12991";"202100012991";10;"04:15";"3";"81";"1";"1";"1";7;43;2
"12992";"202100012992";10;"12:15";"1";"69";"2";"2";"1";6;45;4
"12993";"202100012993";10;"20:20";"3";"79";"2";"1";"1";6;46;0
"12994";"202100012994";10;"09:05";"1";"14";"1";"1";"7";1;49;0
"12995";"202100012995";10;"11:50";"1";"14";"1";"1";"5";6;48;0
"12996";"202100012996";10;"17:05";"1";"56";"2";"3";"7";3;47;-2
"12997";"202100012997";10;"14:41";"1";"22";"2";"9";"1";6;48;-2
"12998";"202100012998";10;"05:45";"5";"76";"2";"1";"5";1;49;1
"12999";"202100012999";10;"16:36";"1";"60";"2";"1";"1";3;49;2
"13000";"202100013000";10;"17:50";"1";"62";"2";"1";"1";1;50;2
"13001";"202100013001";10;"13:40";"1";"59";"2";"1";"2";2;50;3
"13002";"202100013002";10;"13:50";"1";"59";"1";"3";"1";3;50;3
"13003";"202100013003";10;"22:00";"3";"59";"1";"1";"1";6;50;2
"13004";"202100013004";10;"19:10";"5";"13";"1";"1";"1";7;43;5
"13005";"202100013005";10;"19:40";"5";"13";"1";"1";"1";3;43;5
"13006";"202100013006";10;"04:55";"3";"69";"1";"1";"1";6;45;4
"13007";"202100013007";10;"23:05";"5";"69";"1";"1";"1";6;45;4
"13008";"202100013008";10;"08:30";"1";"42";"1";"1";"1";2;45;4
"13009";"202100013009";10;"06:30";"3";"94";"1";"1";"1";3;48;2
"13010";"202100013010";10;"01:42";"3";"91";"1";"1";"1";1;48;2
"13011";"202100013011";10;"11:45";"1";"94";"1";"1";"1";4;48;2
"13012";"202100013012";10;"11:30";"1";"78";"1";"1";"1";2;48;2
"13013";"202100013013";10;"04:55";"3";"78";"1";"1";"1";6;48;2
"13014";"202100013014";10;"15:15";"1";"92";"1";"1";"1";4;48;2
"13015";"202100013015";10;"17:20";"1";"93";"1";"1";"1";7;48;2
"13016";"202100013016";10;"15:20";"1";"92";"1";"1";"1";3;48;2
"13017";"202100013017";10;"14:30";"1";"95";"1";"1";"1";3;49;2
"13018";"202100013018";10;"05:30";"3";"95";"1";"1";"1";2;49;2
"13019";"202100013019";10;"19:45";"3";"93";"1";"1";"1";3;48;2
"13020";"202100013020";10;"06:30";"3";"95";"1";"1";"1";2;48;2
"13021";"202100013021";10;"05:20";"3";"94";"1";"1";"1";6;48;2
"13022";"202100013022";10;"06:00";"1";"974";"1";"1";"1";2;-21;55
"13023";"202100013023";10;"13:45";"1";"973";"2";"9";"1";6;4;-52
"13024";"202100013024";10;"14:35";"1";"69";"2";"3";"1";6;45;4
"13025";"202100013025";10;"16:10";"1";"69";"2";"2";"1";3;45;4
"13026";"202100013026";10;"10:30";"1";"69";"2";"1";"1";6;45;4
"13027";"202100013027";10;"00:30";"5";"69";"2";"1";"1";6;45;4
"13028";"202100013028";10;"21:30";"5";"69";"2";"6";"1";3;45;4
"13029";"202100013029";10;"18:00";"1";"69";"2";"9";"1";3;45;4
"13030";"202100013030";10;"16:10";"1";"69";"2";"1";"1";3;45;4
"13031";"202100013031";10;"10:20";"1";"2A";"2";"1";"1";1;41;8
"13032";"202100013032";10;"10:00";"1";"91";"2";"1";"1";6;48;2
"13033";"202100013033";10;"17:26";"1";"91";"2";"1";"1";2;48;2
"13034";"202100013034";10;"10:23";"1";"87";"2";"1";"1";7;45;1
"13035";"202100013035";10;"15:22";"1";"87";"1";"1";"1";7;45;1
"13036";"202100013036";10;"17:31";"1";"87";"1";"1";"1";4;45;1
"13037";"202100013037";10;"14:45";"1";"86";"2";"6";"1";3;46;0
"13038";"202100013038";10;"16:20";"1";"83";"2";"1";"1";1;43;6
"13039";"202100013039";10;"17:19";"1";"83";"2";"2";"1";6;43;6
"13040";"202100013040";10;"08:30";"2";"78";"2";"1";"1";3;49;1
"13041";"202100013041";10;"18:10";"1";"77";"2";"1";"1";1;48;2
"13042";"202100013042";10;"14:01";"1";"77";"2";"2";"1";3;48;2
"13043";"202100013043";10;"19:20";"2";"72";"2";"6";"1";3;47;0
"13044";"202100013044";10;"13:55";"1";"72";"2";"1";"1";2;48;0
"13045";"202100013045";10;"07:40";"1";"71";"2";"3";"1";3;46;4
"13046";"202100013046";10;"12:15";"1";"71";"2";"3";"1";3;46;4
"13047";"202100013047";10;"19:05";"5";"69";"2";"3";"1";3;45;4
"13048";"202100013048";10;"13:30";"1";"69";"2";"1";"1";1;45;4
"13049";"202100013049";10;"14:50";"1";"69";"2";"1";"1";1;45;4
"13050";"202100013050";10;"09:00";"1";"69";"2";"1";"7";3;45;4
"13051";"202100013051";10;"08:25";"1";"66";"2";"2";"1";3;42;2
"13052";"202100013052";10;"16:45";"1";"66";"1";"1";"1";2;42;2
"13053";"202100013053";10;"13:55";"1";"65";"2";"1";"1";6;43;0
"13054";"202100013054";10;"18:12";"1";"64";"2";"1";"1";3;43;-1
"13055";"202100013055";10;"12:25";"1";"64";"2";"1";"1";7;43;-1
"13056";"202100013056";10;"13:30";"1";"63";"2";"4";"1";3;45;3
"13057";"202100013057";10;"12:00";"1";"62";"2";"1";"1";3;50;1
"13058";"202100013058";10;"02:00";"3";"59";"1";"1";"1";6;50;3
"13059";"202100013059";10;"14:30";"1";"59";"2";"3";"1";6;50;3
"13060";"202100013060";10;"19:15";"2";"59";"2";"2";"1";3;50;3
"13061";"202100013061";10;"18:17";"1";"59";"2";"9";"1";3;50;3
"13062";"202100013062";10;"17:40";"1";"59";"2";"9";"1";2;50;3
"13063";"202100013063";10;"13:10";"1";"59";"2";"1";"2";1;50;3
"13064";"202100013064";10;"13:30";"1";"59";"2";"1";"3";2;50;3
"13065";"202100013065";10;"12:54";"1";"59";"2";"3";"8";3;50;3
"13066";"202100013066";10;"09:15";"1";"56";"2";"3";"1";2;47;-3
"13067";"202100013067";10;"17:30";"1";"56";"2";"3";"1";1;47;-3
"13068";"202100013068";10;"17:45";"1";"56";"2";"1";"1";3;47;-3
"13069";"202100013069";10;"17:00";"1";"56";"1";"1";"1";3;47;-3
"13070";"202100013070";10;"18:05";"1";"56";"2";"3";"7";2;47;-3
"13071";"202100013071";10;"18:32";"1";"56";"2";"6";"1";3;47;-3
"13072";"202100013072";10;"14:00";"1";"54";"2";"2";"1";6;48;6
"13073";"202100013073";10;"19:45";"5";"51";"2";"2";"1";3;49;4
"13074";"202100013074";10;"12:05";"1";"51";"2";"1";"1";7;49;4
"13075";"202100013075";10;"12:30";"1";"51";"2";"1";"1";3;49;4
"13076";"202100013076";9;"08:30";"1";"50";"2";"1";"1";7;49;-1
"13077";"202100013077";10;"12:23";"1";"49";"2";"1";"1";3;47;0
"13078";"202100013078";10;"14:57";"1";"49";"2";"1";"1";2;47;0
"13079";"202100013079";10;"17:45";"1";"49";"2";"1";"1";6;47;0
"13080";"202100013080";10;"16:15";"1";"44";"2";"1";"1";5;47;-1
"13081";"202100013081";10;"05:25";"5";"44";"2";"1";"1";6;47;-1
"13082";"202100013082";10;"15:30";"1";"44";"2";"6";"1";3;47;-1
"13083";"202100013083";10;"13:10";"1";"37";"2";"2";"1";6;47;0
"13084";"202100013084";10;"20:30";"5";"35";"2";"1";"1";7;48;-1
"13085";"202100013085";10;"09:20";"1";"35";"2";"3";"1";3;48;-1
"13086";"202100013086";10;"12:10";"1";"33";"2";"1";"1";3;44;0
"13087";"202100013087";10;"12:50";"1";"33";"2";"2";"1";3;44;0
"13088";"202100013088";10;"12:40";"1";"33";"2";"1";"1";3;44;0
"13089";"202100013089";10;"05:40";"5";"31";"2";"1";"1";3;43;1
"13090";"202100013090";10;"02:20";"4";"31";"1";"1";"1";7;43;1
"13091";"202100013091";10;"10:52";"1";"27";"2";"2";"1";3;49;1
"13092";"202100013092";10;"13:30";"1";"27";"2";"6";"1";6;49;1
"13093";"202100013093";10;"23:20";"5";"18";"2";"3";"1";2;47;2
"13094";"202100013094";10;"21:10";"5";"13";"2";"3";"1";3;43;5
"13095";"202100013095";10;"08:30";"1";"13";"2";"1";"1";2;43;5
"13096";"202100013096";10;"15:30";"1";"13";"2";"1";"1";3;43;5
"13097";"202100013097";10;"14:10";"1";"11";"2";"1";"1";7;43;2
"13098";"202100013098";10;"18:32";"1";"10";"2";"1";"1";6;48;4
"13099";"202100013099";10;"18:13";"1";"10";"1";"1";"1";2;48;4
"13100";"202100013100";10;"15:00";"1";"07";"2";"1";"1";7;44;4
"13101";"202100013101";10;"01:02";"5";"06";"2";"1";"1";6;43;7
"13102";"202100013102";10;"12:15";"1";"05";"2";"2";"1";3;44;6
"13103";"202100013103";9;"11:34";"1";"03";"2";"2";"1";3;46;3
"13104";"202100013104";10;"08:00";"1";"75";"2";"1";"1";3;48;2
"13105";"202100013105";10;"16:33";"1";"75";"2";"1";"7";6;48;2
"13106";"202100013106";10;"13:20";"1";"75";"2";"2";"1";3;48;2
"13107";"202100013107";10;"10:45";"1";"75";"2";"3";"1";6;48;2
"13108";"202100013108";10;"19:30";"5";"75";"2";"1";"1";1;48;2
"13109";"202100013109";10;"09:40";"1";"75";"2";"2";"1";2;48;2
"13110";"202100013110";10;"17:35";"1";"75";"2";"3";"1";6;48;2
"13111";"202100013111";10;"08:55";"1";"75";"2";"2";"1";3;48;2
"13112";"202100013112";10;"15:10";"1";"75";"2";"1";"1";3;48;2
"13113";"202100013113";10;"06:50";"5";"75";"2";"7";"1";7;48;2
"13114";"202100013114";10;"14:35";"1";"75";"2";"2";"1";3;48;2
"13115";"202100013115";10;"08:50";"1";"75";"2";"5";"1";3;48;2
"13116";"202100013116";10;"07:40";"2";"94";"2";"1";"1";6;48;2
"13117";"202100013117";10;"18:30";"5";"94";"2";"1";"1";1;48;2