"";"Num_Acc";"mois";"hrmn";"lum";"dep";"agg";"int";"atm";"col";"lat";"long"
"13118";"202100013118";10;"20:00";"5";"94";"2";"1";"1";3;48;2
"13119";"202100013119";10;"23:15";"5";"94";"2";"9";"1";3;48;2
"13120";"202100013120";10;"15:45";"1";"94";"2";"1";"1";6;48;2
"13121";"202100013121";10;"23:20";"5";"94";"2";"1";"1";6;48;2
"13122";"202100013122";10;"11:30";"1";"94";"2";"1";"1";3;48;2
"13123";"202100013123";10;"15:30";"1";"94";"2";"1";"1";1;48;2
"13124";"202100013124";10;"15:20";"1";"93";"2";"1";"1";2;48;2
"13125";"202100013125";10;"14:00";"1";"93";"1";"9";"1";6;49;2
"13126";"202100013126";10;"20:15";"5";"93";"2";"3";"1";3;48;2
"13127";"202100013127";10;"01:25";"5";"93";"2";"4";"1";3;48;2
"13128";"202100013128";10;"13:30";"1";"93";"2";"9";"1";3;48;2
"13129";"202100013129";10;"18:15";"1";"93";"2";"1";"1";2;48;2
"13130";"202100013130";10;"23:35";"5";"93";"2";"1";"1";6;48;2
"13131";"202100013131";10;"08:25";"1";"93";"2";"1";"1";5;48;2
"13132";"202100013132";10;"17:00";"1";"93";"2";"1";"1";6;48;2
"13133";"202100013133";10;"07:40";"5";"93";"2";"3";"1";3;48;2
"13134";"202100013134";10;"07:59";"1";"93";"2";"1";"8";7;48;2
"13135";"202100013135";10;"13:00";"1";"93";"2";"1";"1";4;48;2
"13136";"202100013136";10;"18:05";"1";"93";"2";"1";"1";3;48;2
"13137";"202100013137";10;"08:00";"2";"93";"2";"2";"1";3;48;2
"13138";"202100013138";10;"15:00";"1";"93";"2";"2";"1";6;48;2
"13139";"202100013139";10;"13:10";"1";"93";"2";"1";"1";3;48;2
"13140";"202100013140";10;"19:25";"5";"93";"2";"2";"1";3;48;2
"13141";"202100013141";10;"07:57";"2";"93";"2";"3";"1";1;48;2
"13142";"202100013142";10;"21:53";"5";"92";"2";"9";"1";7;48;2
"13143";"202100013143";10;"14:57";"1";"92";"2";"2";"1";3;48;2
"13144";"202100013144";10;"10:05";"1";"92";"2";"1";"1";6;48;2
"13145";"202100013145";10;"00:45";"5";"92";"2";"2";"1";3;48;2
"13146";"202100013146";10;"19:50";"4";"92";"2";"1";"1";6;48;2
"13147";"202100013147";10;"18:20";"2";"92";"2";"1";"1";7;48;2
"13148";"202100013148";10;"08:25";"1";"92";"2";"1";"1";6;48;2
"13149";"202100013149";10;"09:20";"1";"92";"2";"1";"1";3;48;2
"13150";"202100013150";10;"15:35";"1";"76";"1";"1";"1";3;49;0
"13151";"202100013151";10;"11:45";"1";"60";"1";"3";"1";1;49;2
"13152";"202100013152";10;"19:20";"5";"68";"1";"1";"1";6;48;7
"13153";"202100013153";10;"17:45";"1";"30";"1";"1";"1";1;44;4
"13154";"202100013154";10;"19:45";"3";"56";"2";"3";"1";3;48;-2
"13155";"202100013155";10;"03:00";"3";"80";"1";"1";"1";7;49;2
"13156";"202100013156";10;"16:15";"1";"32";"1";"1";"1";3;43;0
"13157";"202100013157";10;"17:35";"1";"71";"1";"3";"7";3;46;4
"13158";"202100013158";10;"19:45";"2";"47";"2";"1";"1";6;44;0
"13159";"202100013159";10;"01:40";"5";"31";"1";"1";"1";2;43;1
"13160";"202100013160";10;"23:30";"5";"31";"1";"1";"1";1;43;1
"13161";"202100013161";10;"16:50";"1";"70";"1";"1";"7";4;47;6
"13162";"202100013162";10;"17:30";"1";"50";"1";"1";"1";6;49;-1
"13163";"202100013163";10;"23:00";"4";"50";"1";"6";"1";7;48;-1
"13164";"202100013164";10;"14:50";"1";"83";"1";"1";"1";3;43;6
"13165";"202100013165";10;"19:00";"1";"73";"2";"1";"7";1;45;5
"13166";"202100013166";10;"18:50";"2";"36";"2";"1";"1";3;46;1
"13167";"202100013167";10;"13:00";"1";"36";"1";"1";"1";1;46;1
"13168";"202100013168";10;"16:45";"1";"53";"1";"1";"1";6;47;0
"13169";"202100013169";10;"13:55";"1";"85";"2";"1";"1";7;46;-1
"13170";"202100013170";10;"08:00";"2";"85";"2";"6";"1";1;46;-1
"13171";"202100013171";10;"11:00";"1";"27";"1";"2";"1";3;49;0
"13172";"202100013172";10;"19:20";"2";"17";"2";"3";"1";2;46;0
"13173";"202100013173";10;"00:45";"3";"53";"1";"1";"1";1;48;0
"13174";"202100013174";10;"07:30";"2";"34";"1";"1";"1";3;43;3
"13175";"202100013175";10;"19:00";"4";"971";"2";"1";"1";6;16;-61
"13176";"202100013176";10;"17:15";"1";"95";"2";"1";"1";7;49;2
"13177";"202100013177";10;"22:00";"3";"60";"1";"1";"1";4;49;2
"13178";"202100013178";10;"08:40";"1";"77";"1";"1";"5";2;48;2
"13179";"202100013179";10;"21:00";"3";"2A";"2";"1";"1";3;41;9
"13180";"202100013180";10;"09:00";"1";"83";"2";"1";"1";1;43;6
"13181";"202100013181";10;"12:15";"1";"88";"1";"1";"1";7;48;5
"13182";"202100013182";10;"15:50";"1";"38";"1";"9";"1";1;45;5
"13183";"202100013183";10;"11:50";"1";"69";"2";"9";"1";3;45;4
"13184";"202100013184";10;"03:20";"3";"79";"1";"1";"1";6;46;0
"13185";"202100013185";10;"18:00";"1";"33";"1";"1";"1";1;44;0
"13186";"202100013186";10;"23:10";"3";"27";"2";"1";"1";6;49;1
"13187";"202100013187";10;"00:50";"5";"27";"2";"1";"1";6;49;1
"13188";"202100013188";10;"15:00";"1";"59";"1";"1";"1";7;50;3
"13189";"202100013189";10;"19:18";"3";"13";"1";"1";"1";5;43;5
"13190";"202100013190";10;"22:30";"5";"69";"1";"1";"1";5;45;4
"13191";"202100013191";10;"18:10";"1";"33";"1";"1";"1";2;44;0
"13192";"202100013192";10;"18:10";"1";"33";"1";"1";"1";2;44;0
"13193";"202100013193";10;"17:20";"1";"33";"1";"1";"1";4;44;0
"13194";"202100013194";10;"17:05";"1";"33";"1";"1";"1";2;44;0
"13195";"202100013195";10;"17:20";"1";"77";"1";"1";"1";5;48;2
"13196";"202100013196";10;"08:40";"1";"78";"1";"1";"1";4;48;1
"13197";"202100013197";10;"19:19";"1";"92";"1";"1";"1";4;48;2
"13198";"202100013198";10;"09:50";"1";"92";"1";"1";"1";3;48;2
"13199";"202100013199";10;"06:18";"5";"92";"1";"1";"1";2;48;2
"13200";"202100013200";10;"17:04";"1";"92";"1";"1";"1";4;48;2
"13201";"202100013201";10;"00:00";"3";"92";"1";"1";"1";6;48;2
"13202";"202100013202";6;"14:25";"1";"69";"2";"2";"1";2;45;4
"13203";"202100013203";6;"11:00";"1";"11";"2";"3";"1";3;43;2
"13204";"202100013204";10;"11:50";"1";"976";"2";"1";"8";3;-12;45
"13205";"202100013205";10;"21:00";"5";"974";"2";"1";"1";1;-21;55
"13206";"202100013206";10;"16:30";"1";"974";"2";"2";"1";6;-20;55
"13207";"202100013207";10;"00:30";"5";"69";"2";"3";"1";3;45;4
"13208";"202100013208";10;"17:15";"1";"69";"2";"1";"1";3;45;4
"13209";"202100013209";10;"15:30";"1";"69";"2";"1";"1";3;45;4
"13210";"202100013210";10;"17:15";"1";"69";"2";"4";"7";1;45;4
"13211";"202100013211";10;"16:40";"1";"972";"1";"1";"1";3;14;-61
"13212";"202100013212";10;"19:00";"5";"69";"1";"9";"1";6;45;4
"13213";"202100013213";10;"16:15";"1";"69";"2";"1";"1";3;45;4
"13214";"202100013214";10;"11:20";"1";"69";"2";"1";"1";3;45;4
"13215";"202100013215";10;"10:00";"1";"69";"2";"6";"1";6;45;4
"13216";"202100013216";10;"15:30";"1";"2B";"2";"1";"1";3;42;9
"13217";"202100013217";10;"16:25";"1";"95";"2";"1";"1";6;49;2
"13218";"202100013218";10;"13:45";"1";"95";"2";"1";"1";6;48;2
"13219";"202100013219";10;"09:00";"1";"95";"2";"3";"1";3;48;2
"13220";"202100013220";10;"08:10";"1";"91";"2";"1";"1";6;48;2
"13221";"202100013221";10;"08:18";"1";"91";"2";"1";"1";6;48;2
"13222";"202100013222";10;"04:47";"5";"87";"2";"1";"1";7;45;1
"13223";"202100013223";10;"17:50";"1";"86";"2";"2";"1";3;46;0
"13224";"202100013224";10;"22:30";"3";"84";"2";"1";"1";3;43;4
"13225";"202100013225";10;"17:30";"1";"83";"2";"1";"1";3;43;6
"13226";"202100013226";10;"14:10";"1";"80";"2";"1";"1";3;49;2
"13227";"202100013227";7;"04:55";"5";"78";"1";"1";"2";5;48;1
"13228";"202100013228";10;"07:50";"1";"77";"2";"3";"1";3;48;2
"13229";"202100013229";10;"16:30";"1";"77";"2";"1";"1";3;48;2
"13230";"202100013230";10;"10:45";"1";"77";"2";"1";"1";6;48;2
"13231";"202100013231";10;"16:50";"1";"76";"2";"1";"1";6;49;1
"13232";"202100013232";10;"08:35";"1";"76";"1";"1";"1";3;49;0
"13233";"202100013233";10;"15:00";"1";"74";"2";"1";"1";3;46;6
"13234";"202100013234";10;"17:55";"1";"74";"2";"6";"1";3;46;6
"13235";"202100013235";10;"07:40";"5";"72";"2";"1";"1";3;47;0
"13236";"202100013236";10;"16:45";"1";"69";"2";"1";"1";6;45;4
"13237";"202100013237";10;"15:25";"1";"69";"2";"1";"1";2;45;4
"13238";"202100013238";10;"11:39";"1";"66";"2";"1";"1";6;42;2
"13239";"202100013239";10;"18:15";"1";"66";"2";"3";"1";3;42;2
"13240";"202100013240";10;"11:10";"1";"65";"2";"9";"1";3;43;0
"13241";"202100013241";10;"07:35";"2";"64";"2";"3";"1";3;43;0
"13242";"202100013242";10;"07:30";"5";"64";"1";"1";"1";2;43;0
"13243";"202100013243";10;"08:10";"1";"60";"2";"1";"5";6;49;2
"13244";"202100013244";10;"17:00";"1";"59";"2";"1";"1";6;50;3
"13245";"202100013245";10;"17:30";"1";"59";"2";"3";"1";3;50;3
"13246";"202100013246";10;"19:00";"5";"58";"2";"1";"1";2;47;3
"13247";"202100013247";10;"11:30";"1";"57";"2";"3";"1";6;49;6
"13248";"202100013248";10;"07:50";"2";"56";"2";"3";"1";1;47;-2
"13249";"202100013249";10;"11:35";"1";"56";"1";"1";"1";2;47;-2
"13250";"202100013250";10;"18:08";"1";"54";"2";"1";"1";6;48;6
"13251";"202100013251";10;"17:40";"1";"54";"2";"4";"1";3;48;6
"13252";"202100013252";10;"10:19";"1";"54";"2";"2";"7";3;48;6
"13253";"202100013253";10;"18:20";"1";"54";"2";"1";"1";3;48;6
"13254";"202100013254";10;"16:45";"1";"54";"2";"7";"1";2;48;6
"13255";"202100013255";10;"19:31";"5";"54";"2";"2";"1";7;48;6
"13256";"202100013256";10;"13:47";"1";"51";"2";"1";"1";6;49;4
"13257";"202100013257";10;"17:25";"1";"49";"1";"1";"1";2;47;0
"13258";"202100013258";10;"18:27";"1";"49";"1";"1";"1";4;47;0
"13259";"202100013259";10;"12:26";"1";"49";"2";"1";"1";7;47;0
"13260";"202100013260";10;"08:23";"1";"45";"2";"1";"1";6;47;1
"13261";"202100013261";10;"08:30";"1";"44";"2";"1";"1";6;47;-1
"13262";"202100013262";10;"19:30";"3";"42";"1";"1";"1";2;45;4
"13263";"202100013263";10;"14:50";"1";"38";"2";"1";"1";3;45;5
"13264";"202100013264";10;"14:35";"1";"37";"2";"1";"1";6;47;0
"13265";"202100013265";10;"13:00";"1";"37";"2";"1";"1";6;47;0
"13266";"202100013266";10;"19:45";"5";"37";"2";"1";"1";2;47;0
"13267";"202100013267";10;"14:00";"1";"37";"2";"1";"1";3;47;0
"13268";"202100013268";10;"16:53";"1";"36";"2";"1";"1";2;46;1
"13269";"202100013269";10;"18:50";"2";"35";"2";"2";"1";3;48;-1
"13270";"202100013270";10;"16:45";"1";"35";"2";"3";"1";3;48;-1
"13271";"202100013271";10;"08:55";"1";"35";"2";"3";"7";6;48;-1
"13272";"202100013272";10;"19:25";"5";"33";"2";"1";"1";6;44;0
"13273";"202100013273";10;"07:58";"2";"33";"2";"1";"1";6;44;0
"13274";"202100013274";10;"18:35";"1";"33";"2";"1";"1";6;44;0
"13275";"202100013275";10;"02:16";"5";"33";"2";"2";"1";5;44;0
"13276";"202100013276";10;"21:15";"5";"33";"2";"3";"1";3;44;-1
"13277";"202100013277";10;"14:45";"1";"31";"2";"1";"1";7;43;0
"13278";"202100013278";10;"16:00";"1";"30";"2";"1";"1";2;43;4
"13279";"202100013279";10;"15:00";"1";"30";"2";"6";"1";3;44;4
"13280";"202100013280";10;"07:45";"3";"29";"2";"6";"1";3;47;-4
"13281";"202100013281";10;"14:45";"1";"29";"2";"3";"1";3;48;-4
"13282";"202100013282";10;"18:00";"2";"22";"1";"1";"1";3;48;-2
"13283";"202100013283";10;"09:00";"1";"22";"2";"6";"1";3;48;-3
"13284";"202100013284";10;"13:30";"1";"22";"2";"2";"1";7;48;-3
"13285";"202100013285";10;"09:25";"1";"17";"2";"1";"1";1;46;-1
"13286";"202100013286";10;"18:15";"1";"14";"2";"6";"1";3;49;0
"13287";"202100013287";10;"21:05";"5";"14";"2";"9";"1";1;49;0
"13288";"202100013288";10;"16:28";"1";"14";"2";"9";"1";3;49;0
"13289";"202100013289";10;"20:21";"5";"13";"2";"1";"1";6;43;5
"13290";"202100013290";10;"18:05";"1";"13";"2";"3";"1";3;43;5
"13291";"202100013291";10;"03:44";"5";"13";"2";"1";"1";7;43;5
"13292";"202100013292";10;"11:00";"1";"13";"2";"3";"1";1;43;5
"13293";"202100013293";10;"12:00";"1";"13";"2";"1";"1";1;43;5
"13294";"202100013294";10;"08:06";"1";"13";"1";"9";"1";1;43;5
"13295";"202100013295";10;"13:20";"1";"07";"2";"1";"1";3;44;4
"13296";"202100013296";10;"17:20";"1";"06";"2";"1";"1";6;43;7
"13297";"202100013297";10;"11:30";"1";"06";"2";"1";"1";1;43;7
"13298";"202100013298";10;"16:00";"1";"06";"2";"1";"1";6;43;7
"13299";"202100013299";10;"09:51";"1";"06";"2";"1";"1";3;43;7
"13300";"202100013300";10;"20:10";"5";"03";"2";"1";"1";3;46;3
"13301";"202100013301";10;"09:30";"1";"75";"2";"4";"1";6;48;2
"13302";"202100013302";10;"12:55";"1";"75";"2";"3";"1";6;48;2
"13303";"202100013303";10;"07:30";"2";"75";"2";"2";"1";3;48;2
"13304";"202100013304";10;"21:05";"5";"75";"2";"3";"1";6;48;2
"13305";"202100013305";10;"11:30";"1";"75";"2";"3";"1";3;48;2
"13306";"202100013306";10;"19:50";"5";"75";"2";"1";"1";6;48;2
"13307";"202100013307";10;"18:00";"1";"75";"2";"1";"1";6;48;2
"13308";"202100013308";10;"13:55";"1";"75";"2";"3";"1";3;48;2
"13309";"202100013309";10;"03:05";"5";"75";"2";"1";"1";6;48;2
"13310";"202100013310";10;"21:50";"5";"75";"2";"3";"1";3;48;2
"13311";"202100013311";10;"06:50";"5";"75";"2";"3";"1";3;48;2
"13312";"202100013312";10;"20:40";"5";"75";"2";"3";"1";6;48;2
"13313";"202100013313";10;"20:25";"5";"75";"2";"2";"1";6;48;2
"13314";"202100013314";10;"13:06";"1";"75";"2";"3";"1";3;48;2
"13315";"202100013315";10;"11:10";"1";"75";"2";"4";"1";7;48;2
"13316";"202100013316";10;"08:20";"1";"75";"2";"2";"1";3;48;2
"13317";"202100013317";10;"18:15";"1";"94";"2";"1";"1";3;48;2
"13318";"202100013318";10;"16:20";"1";"94";"2";"2";"1";3;48;2
"13319";"202100013319";10;"06:00";"5";"94";"2";"1";"1";2;48;2
"13320";"202100013320";10;"09:00";"1";"94";"1";"1";"1";3;48;2
"13321";"202100013321";10;"08:15";"1";"94";"2";"1";"1";3;48;2
"13322";"202100013322";10;"13:30";"1";"94";"2";"1";"1";2;48;2
"13323";"202100013323";10;"18:45";"1";"94";"2";"2";"1";6;48;2
"13324";"202100013324";10;"17:45";"1";"94";"2";"3";"1";6;48;2
"13325";"202100013325";10;"08:10";"1";"94";"2";"1";"1";2;48;2
"13326";"202100013326";10;"13:00";"1";"94";"2";"6";"1";4;48;2
"13327";"202100013327";10;"20:45";"5";"94";"2";"2";"1";7;48;2
"13328";"202100013328";10;"21:29";"5";"94";"2";"3";"1";3;48;2
"13329";"202100013329";10;"11:55";"1";"93";"2";"1";"1";3;48;2
"13330";"202100013330";10;"14:10";"1";"93";"2";"1";"1";6;48;2
"13331";"202100013331";10;"10:30";"1";"93";"2";"2";"7";1;48;2
"13332";"202100013332";10;"09:20";"1";"93";"2";"2";"1";3;48;2
"13333";"202100013333";10;"11:45";"1";"93";"2";"1";"1";5;48;2
"13334";"202100013334";10;"17:00";"1";"93";"2";"1";"1";6;48;2
"13335";"202100013335";6;"18:55";"1";"92";"2";"1";"1";6;48;2
"13336";"202100013336";10;"18:39";"1";"92";"2";"4";"1";3;48;2
"13337";"202100013337";10;"23:35";"5";"92";"2";"1";"1";6;48;2
"13338";"202100013338";10;"11:00";"1";"92";"2";"1";"1";6;48;2
"13339";"202100013339";10;"18:40";"2";"92";"2";"1";"1";3;48;2
"13340";"202100013340";10;"15:20";"1";"92";"2";"2";"1";3;48;2
"13341";"202100013341";10;"13:20";"1";"54";"2";"1";"1";6;49;5
"13342";"202100013342";10;"14:15";"1";"974";"2";"1";"1";1;-21;55
"13343";"202100013343";10;"17:05";"1";"63";"1";"2";"7";3;45;2
"13344";"202100013344";10;"01:30";"5";"31";"2";"1";"1";6;43;1
"13345";"202100013345";10;"07:15";"5";"72";"2";"6";"1";3;48;0
"13346";"202100013346";10;"17:40";"1";"72";"1";"1";"1";3;47;0
"13347";"202100013347";10;"17:30";"1";"60";"1";"1";"1";2;49;2
"13348";"202100013348";10;"17:00";"1";"16";"1";"1";"1";7;45;0
"13349";"202100013349";10;"12:30";"1";"973";"2";"1";"1";3;4;-52
"13350";"202100013350";10;"05:51";"3";"01";"1";"1";"1";2;45;5
"13351";"202100013351";10;"11:00";"1";"21";"1";"1";"1";7;46;4
"13352";"202100013352";10;"18:10";"2";"38";"1";"1";"1";1;45;5
"13353";"202100013353";10;"19:20";"3";"974";"1";"1";"1";6;-21;55
"13354";"202100013354";10;"17:45";"1";"26";"2";"6";"1";3;44;4
"13355";"202100013355";10;"03:00";"3";"46";"1";"1";"1";6;44;2
"13356";"202100013356";10;"17:25";"1";"33";"2";"1";"1";3;44;0
"13357";"202100013357";10;"22:00";"3";"13";"1";"1";"1";2;43;5
"13358";"202100013358";10;"22:16";"3";"13";"1";"1";"1";2;43;5
"13359";"202100013359";10;"02:50";"3";"13";"1";"1";"1";1;43;5
"13360";"202100013360";10;"08:10";"1";"33";"1";"1";"1";6;44;0
"13361";"202100013361";10;"07:00";"5";"33";"1";"1";"1";5;44;0
"13362";"202100013362";10;"17:20";"1";"77";"1";"1";"1";2;48;2
"13363";"202100013363";10;"17:30";"1";"91";"1";"1";"1";2;48;2
"13364";"202100013364";10;"14:50";"1";"94";"1";"1";"1";2;48;2
"13365";"202100013365";10;"20:22";"3";"91";"1";"1";"1";4;48;2
"13366";"202100013366";10;"02:50";"5";"78";"1";"1";"1";6;48;2
"13367";"202100013367";10;"19:15";"3";"92";"1";"1";"1";6;48;2
"13368";"202100013368";10;"10:45";"1";"93";"1";"1";"1";3;48;2
"13369";"202100013369";10;"20:30";"5";"93";"1";"1";"1";3;48;2
"13370";"202100013370";10;"08:30";"1";"93";"1";"1";"1";5;48;2
"13371";"202100013371";10;"08:50";"1";"95";"1";"1";"1";5;48;2
"13372";"202100013372";10;"01:05";"3";"93";"1";"1";"1";7;48;2
"13373";"202100013373";10;"13:45";"1";"93";"1";"1";"1";5;48;2
"13374";"202100013374";10;"15:00";"1";"94";"1";"1";"1";4;48;2
"13375";"202100013375";10;"11:50";"1";"94";"1";"9";"1";2;48;2
"13376";"202100013376";10;"11:10";"1";"77";"1";"1";"1";2;48;2
"13377";"202100013377";10;"23:30";"3";"77";"2";"1";"1";2;48;2
"13378";"202100013378";10;"06:20";"3";"75";"1";"1";"1";4;48;2
"13379";"202100013379";3;"12:25";"1";"05";"2";"4";"1";3;44;6
"13380";"202100013380";5;"10:13";"1";"05";"2";"1";"2";6;44;6
"13381";"202100013381";10;"19:50";"5";"75";"2";"1";"1";2;48;2
"13382";"202100013382";10;"17:05";"1";"75";"2";"1";"1";3;48;2
"13383";"202100013383";10;"10:05";"1";"75";"2";"1";"1";3;48;2
"13384";"202100013384";10;"09:10";"1";"75";"2";"2";"1";2;48;2
"13385";"202100013385";10;"07:10";"2";"75";"2";"2";"1";3;48;2
"13386";"202100013386";10;"09:30";"1";"75";"2";"2";"1";3;48;2
"13387";"202100013387";10;"19:50";"5";"75";"2";"3";"1";6;48;2
"13388";"202100013388";10;"14:05";"1";"75";"2";"2";"1";6;48;2
"13389";"202100013389";10;"10:10";"1";"75";"2";"1";"1";3;48;2
"13390";"202100013390";10;"09:43";"1";"75";"2";"1";"1";3;48;2
"13391";"202100013391";10;"17:35";"2";"75";"2";"3";"1";7;48;2
"13392";"202100013392";10;"14:10";"1";"75";"2";"3";"1";3;48;2
"13393";"202100013393";10;"09:15";"1";"94";"2";"4";"1";2;48;2
"13394";"202100013394";10;"13:00";"1";"94";"2";"1";"1";4;48;2
"13395";"202100013395";10;"10:25";"1";"94";"2";"2";"1";6;48;2
"13396";"202100013396";10;"15:00";"1";"94";"2";"1";"1";6;48;2
"13397";"202100013397";10;"18:10";"1";"94";"2";"1";"1";3;48;2
"13398";"202100013398";10;"18:00";"1";"94";"2";"1";"1";6;48;2
"13399";"202100013399";10;"19:58";"4";"94";"2";"1";"1";2;48;2
"13400";"202100013400";10;"21:29";"3";"94";"2";"9";"1";2;48;2
"13401";"202100013401";10;"11:30";"1";"94";"2";"1";"1";6;48;2
"13402";"202100013402";10;"21:30";"4";"93";"2";"2";"1";3;48;2
"13403";"202100013403";10;"18:30";"1";"93";"2";"1";"1";5;48;2
"13404";"202100013404";10;"20:40";"5";"93";"2";"2";"1";6;48;2
"13405";"202100013405";10;"18:58";"2";"93";"2";"1";"1";3;48;2
"13406";"202100013406";10;"10:30";"1";"93";"2";"1";"1";6;48;2
"13407";"202100013407";10;"08:40";"2";"93";"2";"1";"1";7;48;2
"13408";"202100013408";10;"20:30";"5";"93";"2";"1";"1";2;48;2
"13409";"202100013409";10;"15:30";"1";"93";"2";"2";"7";1;48;2
"13410";"202100013410";10;"18:30";"1";"93";"2";"9";"1";3;48;2
"13411";"202100013411";10;"14:30";"1";"93";"2";"6";"1";2;48;2
"13412";"202100013412";10;"14:15";"1";"93";"2";"9";"1";2;48;2
"13413";"202100013413";10;"10:15";"1";"93";"2";"1";"1";1;48;2
"13414";"202100013414";10;"11:20";"1";"92";"2";"3";"1";3;48;2
"13415";"202100013415";10;"17:10";"1";"92";"2";"1";"1";3;48;2
"13416";"202100013416";10;"19:10";"1";"92";"2";"1";"1";6;48;2
"13417";"202100013417";10;"10:07";"1";"92";"2";"1";"1";3;48;2
"13418";"202100013418";10;"20:10";"1";"92";"2";"4";"1";2;48;2
"13419";"202100013419";10;"18:20";"1";"92";"2";"1";"1";3;48;2
"13420";"202100013420";10;"20:30";"5";"92";"2";"1";"1";7;48;2
"13421";"202100013421";10;"12:30";"1";"92";"2";"1";"1";6;48;2
"13422";"202100013422";7;"20:30";"2";"92";"2";"2";"1";4;48;2
"13423";"202100013423";10;"13:45";"1";"92";"2";"1";"1";2;48;2
"13424";"202100013424";10;"11:45";"1";"92";"2";"1";"1";6;48;2
"13425";"202100013425";10;"17:40";"1";"92";"2";"3";"1";3;48;2
"13426";"202100013426";10;"13:30";"1";"92";"2";"1";"1";3;48;2
"13427";"202100013427";10;"12:20";"1";"01";"2";"1";"1";6;45;4
"13428";"202100013428";10;"07:30";"1";"43";"2";"3";"1";3;45;3
"13429";"202100013429";10;"16:08";"1";"11";"1";"2";"1";3;43;2
"13430";"202100013430";9;"15:45";"1";"28";"1";"1";"1";1;48;1
"13431";"202100013431";10;"13:10";"1";"42";"1";"1";"1";7;45;4
"13432";"202100013432";10;"12:45";"1";"974";"1";"1";"1";5;-21;55
"13433";"202100013433";10;"07:50";"2";"50";"1";"2";"1";2;49;-1
"13434";"202100013434";10;"09:00";"1";"47";"1";"1";"1";6;44;0
"13435";"202100013435";9;"17:30";"1";"37";"1";"1";"1";3;47;0
"13436";"202100013436";10;"19:30";"3";"57";"1";"3";"1";3;48;6
"13437";"202100013437";10;"15:00";"1";"56";"1";"1";"1";3;47;-3
"13438";"202100013438";10;"08:15";"1";"56";"1";"1";"1";6;47;-2
"13439";"202100013439";10;"13:53";"1";"76";"1";"1";"1";3;49;1
"13440";"202100013440";10;"15:55";"1";"80";"1";"2";"1";3;49;1
"13441";"202100013441";10;"16:45";"1";"32";"1";"2";"7";3;43;0
"13442";"202100013442";10;"17:10";"1";"42";"2";"1";"1";6;45;4
"13443";"202100013443";10;"08:15";"1";"47";"2";"1";"1";6;44;0
"13444";"202100013444";10;"19:00";"1";"29";"2";"2";"1";6;47;-4
"13445";"202100013445";10;"19:30";"5";"31";"2";"3";"1";1;43;1
"13446";"202100013446";10;"11:40";"1";"02";"2";"1";"1";6;49;3
"13447";"202100013447";10;"19:15";"2";"84";"1";"1";"1";6;43;5
"13448";"202100013448";10;"16:00";"1";"01";"1";"1";"1";6;46;4
"13449";"202100013449";10;"07:28";"2";"26";"1";"2";"1";3;44;4
"13450";"202100013450";10;"20:00";"3";"58";"1";"1";"1";7;47;3
"13451";"202100013451";10;"12:00";"1";"72";"1";"3";"1";3;48;0
"13452";"202100013452";10;"19:40";"3";"60";"1";"1";"1";2;49;1
"13453";"202100013453";10;"19:23";"2";"45";"1";"1";"1";7;48;2
"13454";"202100013454";10;"12:50";"1";"36";"1";"4";"1";3;46;1
"13455";"202100013455";10;"14:50";"1";"07";"1";"1";"1";7;44;4
"13456";"202100013456";10;"07:50";"2";"53";"2";"2";"1";3;48;0
"13457";"202100013457";10;"15:20";"1";"27";"1";"1";"1";6;49;0
"13458";"202100013458";10;"10:15";"1";"88";"1";"1";"5";1;48;5
"13459";"202100013459";10;"16:25";"1";"49";"1";"1";"1";2;47;0
"13460";"202100013460";10;"14:30";"1";"01";"1";"1";"1";2;46;5
"13461";"202100013461";10;"16:55";"1";"66";"1";"1";"1";3;42;2
"13462";"202100013462";10;"17:30";"1";"06";"1";"1";"1";2;43;7
"13463";"202100013463";10;"15:40";"1";"95";"1";"1";"1";1;49;1
"13464";"202100013464";10;"15:15";"1";"34";"1";"3";"1";3;43;3
"13465";"202100013465";10;"18:30";"1";"89";"1";"1";"1";4;47;3
"13466";"202100013466";10;"20:35";"3";"58";"1";"1";"1";3;47;3
"13467";"202100013467";10;"17:50";"1";"21";"2";"2";"1";3;47;5
"13468";"202100013468";10;"07:56";"2";"57";"2";"3";"5";7;49;6
"13469";"202100013469";10;"18:35";"1";"01";"1";"1";"1";6;45;5
"13470";"202100013470";10;"17:46";"1";"17";"1";"1";"1";3;45;0
"13471";"202100013471";10;"10:45";"1";"22";"2";"1";"1";7;48;-3
"13472";"202100013472";10;"17:50";"1";"35";"1";"2";"1";3;48;-1
"13473";"202100013473";10;"12:20";"1";"27";"1";"5";"1";3;49;1
"13474";"202100013474";10;"17:35";"1";"60";"2";"1";"1";6;49;2
"13475";"202100013475";10;"17:39";"2";"59";"2";"2";"1";3;50;3
"13476";"202100013476";10;"14:55";"1";"59";"1";"1";"1";5;50;2
"13477";"202100013477";1;"19:45";"4";"83";"1";"1";"1";6;43;6