"";"Num_Acc";"mois";"hrmn";"lum";"dep";"agg";"int";"atm";"col";"lat";"long"
"13478";"202100013478";5;"15:40";"1";"19";"2";"1";"1";1;45;1
"13479";"202100013479";10;"04:30";"3";"974";"1";"1";"1";6;-20;55
"13480";"202100013480";10;"17:00";"1";"69";"2";"3";"1";2;45;4
"13481";"202100013481";10;"16:00";"1";"69";"2";"1";"1";2;45;4
"13482";"202100013482";10;"15:15";"1";"69";"2";"2";"1";3;45;4
"13483";"202100013483";10;"12:05";"1";"69";"2";"2";"1";3;45;4
"13484";"202100013484";10;"07:00";"5";"69";"2";"2";"1";3;45;4
"13485";"202100013485";10;"12:20";"1";"69";"2";"2";"1";1;45;4
"13486";"202100013486";10;"08:25";"2";"95";"2";"1";"1";3;49;2
"13487";"202100013487";10;"17:45";"1";"91";"2";"1";"1";6;48;2
"13488";"202100013488";10;"07:45";"1";"91";"2";"1";"1";3;48;2
"13489";"202100013489";10;"20:15";"5";"88";"2";"3";"1";3;48;6
"13490";"202100013490";10;"11:50";"1";"83";"2";"1";"1";6;43;5
"13491";"202100013491";10;"18:20";"2";"82";"2";"6";"1";3;43;1
"13492";"202100013492";10;"20:45";"5";"80";"2";"1";"2";6;49;2
"13493";"202100013493";10;"09:50";"1";"78";"2";"6";"7";3;48;2
"13494";"202100013494";10;"14:30";"1";"78";"1";"1";"1";5;48;2
"13495";"202100013495";10;"17:50";"1";"77";"2";"6";"7";1;48;2
"13496";"202100013496";10;"21:30";"5";"77";"2";"4";"8";6;48;2
"13497";"202100013497";10;"01:53";"5";"74";"2";"1";"1";1;46;6
"13498";"202100013498";10;"11:00";"1";"71";"2";"2";"1";3;46;4
"13499";"202100013499";10;"20:15";"5";"69";"2";"1";"1";3;45;4
"13500";"202100013500";10;"17:30";"1";"69";"2";"1";"1";3;45;4
"13501";"202100013501";10;"22:10";"5";"69";"2";"2";"1";3;45;4
"13502";"202100013502";10;"07:50";"1";"67";"2";"1";"2";3;48;7
"13503";"202100013503";10;"16:50";"1";"64";"1";"1";"1";5;43;-1
"13504";"202100013504";10;"08:05";"2";"64";"2";"1";"1";1;43;-1
"13505";"202100013505";10;"17:20";"1";"64";"2";"6";"1";3;43;0
"13506";"202100013506";10;"21:00";"5";"64";"2";"1";"1";3;43;0
"13507";"202100013507";10;"20:00";"5";"64";"2";"2";"1";3;43;-1
"13508";"202100013508";10;"20:03";"3";"64";"2";"1";"1";5;43;-1
"13509";"202100013509";10;"14:00";"1";"64";"2";"1";"1";7;43;-1
"13510";"202100013510";10;"07:45";"2";"64";"2";"1";"5";3;43;-1
"13511";"202100013511";10;"07:40";"5";"64";"2";"1";"5";6;43;-1
"13512";"202100013512";10;"05:45";"5";"64";"2";"1";"1";2;43;-1
"13513";"202100013513";10;"07:50";"1";"64";"2";"1";"1";6;43;-1
"13514";"202100013514";10;"22:17";"5";"63";"2";"1";"1";3;45;3
"13515";"202100013515";10;"18:44";"2";"63";"2";"1";"1";3;45;3
"13516";"202100013516";9;"11:00";"1";"62";"2";"2";"1";3;50;2
"13517";"202100013517";10;"10:20";"1";"59";"2";"3";"1";3;50;3
"13518";"202100013518";10;"09:00";"1";"58";"2";"7";"1";3;46;3
"13519";"202100013519";10;"17:50";"1";"58";"2";"1";"1";1;46;3
"13520";"202100013520";10;"12:20";"1";"58";"2";"1";"1";3;46;3
"13521";"202100013521";10;"17:50";"1";"53";"1";"6";"1";7;48;0
"13522";"202100013522";10;"09:30";"1";"51";"2";"1";"1";2;49;4
"13523";"202100013523";10;"21:27";"3";"49";"2";"1";"1";2;47;0
"13524";"202100013524";10;"06:17";"5";"49";"2";"1";"1";3;47;0
"13525";"202100013525";10;"19:55";"5";"45";"2";"2";"1";3;47;1
"13526";"202100013526";10;"16:45";"1";"44";"2";"1";"1";3;47;-2
"13527";"202100013527";10;"22:30";"5";"42";"2";"2";"1";3;45;4
"13528";"202100013528";10;"19:05";"1";"35";"1";"1";"1";7;48;-1
"13529";"202100013529";10;"21:45";"5";"34";"2";"2";"1";3;43;3
"13530";"202100013530";10;"17:35";"1";"34";"2";"1";"1";3;43;3
"13531";"202100013531";10;"09:45";"1";"33";"2";"6";"1";3;44;0
"13532";"202100013532";10;"06:50";"3";"33";"1";"1";"1";6;44;0
"13533";"202100013533";10;"18:05";"1";"33";"2";"1";"1";6;44;0
"13534";"202100013534";10;"13:50";"1";"32";"1";"1";"1";3;43;0
"13535";"202100013535";10;"10:50";"1";"31";"1";"1";"1";3;43;1
"13536";"202100013536";10;"08:10";"1";"30";"2";"1";"1";6;43;4
"13537";"202100013537";10;"10:55";"1";"29";"2";"6";"1";3;48;-4
"13538";"202100013538";10;"11:53";"1";"29";"2";"6";"1";3;47;-3
"13539";"202100013539";10;"15:50";"1";"29";"2";"2";"1";6;48;-4
"13540";"202100013540";10;"11:15";"1";"27";"2";"6";"1";2;49;1
"13541";"202100013541";10;"17:35";"1";"27";"2";"9";"1";6;49;1
"13542";"202100013542";10;"22:55";"5";"27";"2";"1";"1";6;49;1
"13543";"202100013543";10;"19:15";"2";"17";"2";"3";"1";3;46;-1
"13544";"202100013544";10;"17:35";"1";"17";"2";"9";"1";6;46;-1
"13545";"202100013545";10;"16:10";"1";"14";"2";"1";"7";6;49;0
"13546";"202100013546";10;"13:40";"1";"13";"2";"1";"1";3;43;5
"13547";"202100013547";10;"20:20";"5";"13";"2";"9";"1";3;43;5
"13548";"202100013548";10;"17:25";"1";"10";"2";"1";"1";3;48;4
"13549";"202100013549";10;"19:20";"5";"06";"2";"1";"1";3;43;7
"13550";"202100013550";10;"10:45";"1";"06";"2";"1";"1";6;43;6
"13551";"202100013551";10;"08:00";"1";"06";"2";"1";"1";5;43;7
"13552";"202100013552";10;"20:17";"5";"05";"2";"3";"1";3;44;6
"13553";"202100013553";10;"14:15";"1";"05";"1";"1";"1";7;44;6
"13554";"202100013554";10;"12:45";"1";"05";"2";"3";"1";3;44;6
"13555";"202100013555";10;"10:55";"1";"05";"1";"3";"1";7;44;6
"13556";"202100013556";10;"21:45";"5";"03";"2";"1";"1";1;46;3
"13557";"202100013557";10;"13:20";"1";"69";"1";"1";"1";4;45;4
"13558";"202100013558";10;"19:30";"2";"57";"1";"1";"8";6;49;6
"13559";"202100013559";10;"17:30";"1";"33";"1";"1";"1";2;44;0
"13560";"202100013560";10;"23:30";"5";"59";"1";"1";"1";6;50;3
"13561";"202100013561";10;"17:15";"1";"59";"1";"1";"1";4;50;3
"13562";"202100013562";10;"15:44";"1";"77";"1";"1";"1";3;48;2
"13563";"202100013563";10;"13:20";"1";"94";"1";"1";"1";3;48;2
"13564";"202100013564";10;"09:55";"1";"92";"1";"1";"1";6;48;2
"13565";"202100013565";10;"08:55";"1";"92";"1";"1";"1";7;48;2
"13566";"202100013566";10;"09:00";"1";"93";"1";"1";"1";3;48;2
"13567";"202100013567";10;"08:35";"2";"93";"1";"1";"1";3;48;2
"13568";"202100013568";10;"18:45";"1";"77";"1";"1";"1";3;48;2
"13569";"202100013569";10;"20:15";"3";"94";"1";"1";"1";6;48;2
"13570";"202100013570";5;"16:41";"1";"80";"2";"1";"1";2;49;2
"13571";"202100013571";5;"08:15";"1";"80";"2";"2";"1";3;49;2
"13572";"202100013572";5;"09:00";"1";"80";"2";"2";"1";3;49;2
"13573";"202100013573";6;"09:56";"1";"65";"1";"1";"2";6;43;0
"13574";"202100013574";10;"16:30";"1";"95";"2";"2";"7";3;48;2
"13575";"202100013575";8;"19:50";"4";"971";"2";"1";"1";6;16;-61
"13576";"202100013576";6;"22:53";"5";"32";"2";"6";"1";3;43;0
"13577";"202100013577";10;"14:40";"1";"988";"2";"3";"1";5;-22;166
"13578";"202100013578";10;"15:50";"1";"976";"2";"1";"1";1;-12;45
"13579";"202100013579";10;"15:40";"1";"974";"1";"1";"2";1;-21;55
"13580";"202100013580";10;"11:00";"1";"974";"2";"1";"2";4;-20;55
"13581";"202100013581";10;"08:55";"1";"974";"2";"2";"3";3;-20;55
"13582";"202100013582";10;"09:15";"1";"974";"2";"6";"2";6;-20;55
"13583";"202100013583";10;"22:35";"3";"69";"2";"3";"1";1;45;4
"13584";"202100013584";10;"16:05";"1";"69";"2";"2";"1";6;45;4
"13585";"202100013585";10;"14:45";"1";"69";"2";"2";"1";3;45;4
"13586";"202100013586";10;"08:42";"1";"69";"2";"3";"1";3;45;4
"13587";"202100013587";7;"12:00";"1";"69";"2";"1";"1";6;45;4
"13588";"202100013588";10;"15:00";"1";"69";"2";"1";"1";2;45;4
"13589";"202100013589";9;"18:20";"1";"69";"2";"1";"1";1;45;4
"13590";"202100013590";10;"07:30";"1";"69";"2";"1";"1";6;45;4
"13591";"202100013591";10;"09:00";"1";"69";"2";"1";"1";7;45;4
"13592";"202100013592";10;"14:25";"1";"971";"1";"9";"2";2;16;-61
"13593";"202100013593";10;"13:40";"1";"95";"2";"1";"1";6;48;2
"13594";"202100013594";10;"14:45";"1";"91";"2";"9";"1";6;48;2
"13595";"202100013595";10;"05:40";"5";"91";"2";"2";"1";3;48;2
"13596";"202100013596";10;"08:10";"1";"91";"2";"1";"1";7;48;2
"13597";"202100013597";10;"21:05";"5";"91";"2";"3";"1";6;48;2
"13598";"202100013598";10;"00:05";"3";"89";"1";"1";"1";1;47;3
"13599";"202100013599";10;"17:32";"1";"87";"2";"3";"1";5;45;1
"13600";"202100013600";10;"14:12";"1";"87";"2";"1";"1";6;45;1
"13601";"202100013601";10;"19:25";"5";"83";"2";"1";"1";2;43;5
"13602";"202100013602";10;"08:55";"1";"83";"2";"1";"1";7;43;5
"13603";"202100013603";10;"15:45";"1";"83";"1";"1";"1";1;43;6
"13604";"202100013604";10;"17:40";"1";"80";"2";"1";"1";2;49;2
"13605";"202100013605";10;"18:48";"1";"78";"1";"1";"1";1;48;2
"13606";"202100013606";10;"08:45";"1";"77";"2";"1";"1";6;48;2
"13607";"202100013607";10;"16:40";"1";"76";"2";"3";"1";6;49;1
"13608";"202100013608";10;"12:40";"1";"76";"2";"2";"1";3;49;0
"13609";"202100013609";10;"19:30";"1";"76";"2";"2";"1";3;49;0
"13610";"202100013610";10;"00:30";"5";"76";"2";"1";"1";2;49;0
"13611";"202100013611";10;"18:20";"1";"74";"2";"1";"7";6;46;6
"13612";"202100013612";10;"23:50";"5";"72";"1";"1";"1";7;47;0
"13613";"202100013613";10;"19:00";"1";"72";"1";"1";"1";2;48;0
"13614";"202100013614";10;"20:15";"5";"69";"2";"1";"1";3;45;4
"13615";"202100013615";10;"19:10";"5";"69";"2";"1";"2";4;45;4
"13616";"202100013616";9;"11:40";"1";"69";"2";"3";"1";2;45;5
"13617";"202100013617";10;"07:10";"5";"69";"2";"1";"1";6;46;4
"13618";"202100013618";10;"08:05";"1";"67";"2";"1";"1";6;48;7
"13619";"202100013619";10;"07:20";"1";"67";"2";"1";"5";3;48;7
"13620";"202100013620";10;"08:21";"1";"66";"2";"1";"1";2;42;2
"13621";"202100013621";10;"08:05";"1";"66";"1";"1";"1";2;42;2
"13622";"202100013622";10;"17:23";"1";"66";"1";"1";"1";4;42;2
"13623";"202100013623";10;"02:25";"3";"66";"2";"1";"1";1;42;2
"13624";"202100013624";10;"11:23";"1";"66";"2";"1";"1";3;42;2
"13625";"202100013625";10;"17:14";"1";"66";"1";"1";"1";6;42;2
"13626";"202100013626";10;"07:50";"2";"64";"2";"6";"1";3;43;0
"13627";"202100013627";10;"10:20";"1";"63";"2";"1";"1";2;45;3
"13628";"202100013628";10;"09:08";"1";"63";"2";"1";"1";6;45;3
"13629";"202100013629";10;"12:57";"1";"63";"2";"1";"1";6;45;3
"13630";"202100013630";10;"17:58";"2";"63";"2";"1";"1";2;45;3
"13631";"202100013631";10;"15:00";"1";"63";"2";"1";"1";3;45;3
"13632";"202100013632";10;"10:25";"1";"62";"2";"1";"1";2;50;1
"13633";"202100013633";10;"09:10";"1";"61";"2";"1";"1";6;48;0
"13634";"202100013634";10;"17:20";"1";"59";"2";"1";"2";3;50;3
"13635";"202100013635";10;"18:40";"1";"59";"2";"9";"1";3;50;3
"13636";"202100013636";10;"17:20";"1";"59";"2";"1";"1";6;50;2
"13637";"202100013637";10;"20:59";"5";"57";"2";"2";"2";3;49;6
"13638";"202100013638";10;"07:00";"5";"56";"2";"3";"1";3;47;-3
"13639";"202100013639";10;"09:38";"1";"56";"2";"1";"1";3;47;-3
"13640";"202100013640";10;"17:30";"1";"54";"2";"3";"1";3;48;6
"13641";"202100013641";10;"19:30";"5";"54";"2";"2";"1";1;48;6
"13642";"202100013642";10;"11:56";"1";"51";"2";"1";"1";4;49;4
"13643";"202100013643";10;"11:58";"1";"49";"2";"1";"1";3;47;0
"13644";"202100013644";10;"11:50";"1";"45";"2";"3";"1";3;47;1
"13645";"202100013645";10;"17:05";"1";"45";"2";"1";"1";2;47;1
"13646";"202100013646";10;"11:40";"1";"44";"1";"1";"1";3;47;-1
"13647";"202100013647";10;"12:30";"1";"42";"2";"3";"1";3;45;4
"13648";"202100013648";10;"11:45";"1";"37";"2";"1";"1";6;47;0
"13649";"202100013649";10;"08:30";"1";"35";"2";"1";"1";6;48;-1
"13650";"202100013650";10;"07:30";"3";"35";"1";"1";"5";2;48;-1
"13651";"202100013651";10;"16:30";"1";"33";"2";"1";"1";3;44;0
"13652";"202100013652";10;"08:30";"1";"33";"2";"3";"1";1;44;0
"13653";"202100013653";10;"11:30";"1";"33";"2";"3";"1";6;44;-1
"13654";"202100013654";10;"19:08";"5";"31";"2";"1";"1";6;43;1
"13655";"202100013655";10;"13:00";"1";"31";"2";"1";"1";3;43;1
"13656";"202100013656";10;"09:50";"1";"31";"2";"3";"1";1;43;1
"13657";"202100013657";10;"09:18";"1";"31";"1";"1";"1";2;43;1
"13658";"202100013658";10;"08:30";"1";"31";"1";"1";"1";2;43;1
"13659";"202100013659";10;"00:50";"4";"31";"1";"1";"1";6;43;1
"13660";"202100013660";9;"11:55";"1";"30";"1";"1";"1";6;43;4
"13661";"202100013661";10;"07:38";"5";"29";"2";"1";"1";6;48;-4
"13662";"202100013662";10;"18:25";"2";"28";"2";"1";"8";2;48;1
"13663";"202100013663";10;"17:30";"1";"28";"2";"2";"1";3;48;1
"13664";"202100013664";10;"14:05";"1";"25";"2";"2";"7";3;46;6
"13665";"202100013665";10;"17:20";"1";"25";"2";"1";"1";1;47;5
"13666";"202100013666";10;"07:10";"3";"19";"1";"2";"1";3;45;2
"13667";"202100013667";10;"10:50";"1";"17";"2";"1";"1";2;45;0
"13668";"202100013668";10;"08:15";"2";"17";"2";"3";"1";1;46;-1
"13669";"202100013669";10;"09:45";"1";"15";"2";"1";"1";2;44;2
"13670";"202100013670";10;"08:50";"1";"13";"2";"2";"1";1;43;5
"13671";"202100013671";10;"19:30";"5";"13";"2";"1";"1";3;43;5
"13672";"202100013672";10;"19:50";"5";"13";"2";"1";"1";2;43;5
"13673";"202100013673";10;"14:15";"1";"13";"2";"9";"1";5;43;5
"13674";"202100013674";10;"15:20";"1";"13";"2";"1";"1";2;43;4
"13675";"202100013675";10;"22:45";"5";"13";"2";"9";"1";3;43;4
"13676";"202100013676";10;"16:15";"1";"06";"2";"1";"1";4;43;7
"13677";"202100013677";10;"07:45";"1";"06";"2";"1";"1";2;43;7
"13678";"202100013678";10;"16:25";"1";"06";"2";"1";"1";1;43;7
"13679";"202100013679";10;"12:15";"1";"05";"2";"1";"1";4;44;6
"13680";"202100013680";10;"08:00";"1";"75";"2";"5";"1";3;48;2
"13681";"202100013681";10;"19:35";"5";"75";"2";"3";"1";3;48;2
"13682";"202100013682";10;"18:50";"1";"75";"2";"3";"1";3;48;2
"13683";"202100013683";10;"23:35";"5";"75";"2";"1";"1";3;48;2
"13684";"202100013684";10;"19:40";"5";"75";"2";"4";"1";6;48;2
"13685";"202100013685";10;"17:40";"1";"75";"2";"1";"1";6;48;2
"13686";"202100013686";10;"08:30";"1";"75";"2";"2";"1";3;48;2
"13687";"202100013687";10;"18:15";"1";"75";"2";"5";"1";3;48;2
"13688";"202100013688";10;"11:25";"1";"75";"2";"2";"1";3;48;2
"13689";"202100013689";10;"07:15";"2";"75";"2";"2";"1";3;48;2
"13690";"202100013690";10;"08:40";"1";"75";"2";"1";"1";3;48;2
"13691";"202100013691";10;"23:45";"5";"75";"2";"2";"1";3;48;2
"13692";"202100013692";10;"08:40";"1";"75";"2";"1";"8";6;48;2
"13693";"202100013693";10;"18:40";"1";"75";"2";"3";"1";3;48;2
"13694";"202100013694";10;"08:30";"1";"75";"2";"2";"1";3;48;2
"13695";"202100013695";10;"09:44";"1";"75";"2";"1";"1";7;48;2
"13696";"202100013696";10;"07:45";"2";"75";"2";"3";"1";3;48;2
"13697";"202100013697";10;"15:50";"1";"75";"2";"3";"1";6;48;2
"13698";"202100013698";10;"00:40";"5";"94";"2";"1";"1";1;48;2
"13699";"202100013699";10;"21:10";"5";"94";"2";"1";"1";7;48;2
"13700";"202100013700";10;"00:38";"5";"94";"2";"3";"1";3;48;2
"13701";"202100013701";10;"16:40";"1";"94";"2";"1";"1";6;48;2
"13702";"202100013702";10;"09:20";"1";"94";"2";"6";"1";3;48;2
"13703";"202100013703";10;"07:20";"2";"94";"2";"1";"1";2;48;2
"13704";"202100013704";10;"07:40";"2";"94";"2";"1";"1";3;48;2
"13705";"202100013705";10;"17:50";"1";"94";"2";"3";"1";3;48;2
"13706";"202100013706";10;"20:00";"2";"94";"2";"1";"1";3;48;2
"13707";"202100013707";10;"07:45";"2";"94";"2";"1";"1";2;48;2
"13708";"202100013708";10;"19:00";"2";"93";"2";"1";"1";6;48;2
"13709";"202100013709";10;"08:20";"1";"93";"2";"1";"1";6;48;2
"13710";"202100013710";10;"00:10";"5";"93";"2";"3";"1";3;48;2
"13711";"202100013711";10;"18:40";"1";"93";"2";"1";"1";2;48;2
"13712";"202100013712";10;"08:45";"1";"93";"2";"6";"1";3;48;2
"13713";"202100013713";10;"07:35";"2";"93";"2";"3";"1";1;48;2
"13714";"202100013714";10;"05:00";"5";"93";"2";"1";"1";6;48;2
"13715";"202100013715";10;"17:15";"1";"93";"2";"1";"1";6;48;2
"13716";"202100013716";10;"17:00";"1";"93";"2";"1";"1";1;48;2
"13717";"202100013717";10;"10:10";"1";"93";"2";"1";"1";1;48;2
"13718";"202100013718";10;"16:10";"1";"93";"2";"1";"1";6;48;2
"13719";"202100013719";10;"15:35";"1";"92";"2";"9";"1";6;48;2
"13720";"202100013720";10;"18:14";"2";"92";"2";"1";"1";1;48;2
"13721";"202100013721";10;"04:55";"5";"92";"2";"1";"1";6;48;2
"13722";"202100013722";10;"19:05";"1";"92";"2";"6";"1";6;48;2
"13723";"202100013723";10;"09:55";"1";"92";"2";"1";"1";6;48;2
"13724";"202100013724";10;"07:55";"2";"92";"2";"1";"1";3;48;2
"13725";"202100013725";10;"08:35";"1";"92";"2";"1";"1";4;48;2
"13726";"202100013726";10;"18:00";"1";"92";"2";"2";"1";6;48;2
"13727";"202100013727";10;"22:00";"5";"92";"2";"4";"1";2;48;2
"13728";"202100013728";10;"18:10";"1";"92";"2";"3";"1";3;48;2
"13729";"202100013729";10;"03:15";"3";"60";"1";"1";"5";6;49;1
"13730";"202100013730";10;"07:06";"5";"38";"2";"3";"1";3;45;4
"13731";"202100013731";10;"16:25";"1";"01";"2";"1";"1";6;45;5
"13732";"202100013732";10;"16:12";"1";"84";"2";"9";"1";3;44;4
"13733";"202100013733";10;"18:30";"2";"31";"1";"1";"1";7;43;1
"13734";"202100013734";10;"07:45";"1";"28";"1";"1";"1";3;48;1
"13735";"202100013735";10;"14:00";"1";"63";"1";"1";"1";6;45;3
"13736";"202100013736";9;"14:00";"1";"28";"2";"1";"1";2;48;1
"13737";"202100013737";10;"17:46";"1";"01";"1";"1";"1";3;46;5
"13738";"202100013738";10;"15:30";"1";"60";"2";"9";"1";6;49;2
"13739";"202100013739";10;"13:25";"1";"48";"1";"1";"9";6;44;3
"13740";"202100013740";10;"11:30";"1";"71";"1";"2";"1";3;46;4
"13741";"202100013741";10;"03:40";"3";"74";"1";"3";"8";3;46;6
"13742";"202100013742";10;"11:15";"1";"83";"2";"3";"1";3;43;5
"13743";"202100013743";10;"16:35";"1";"51";"2";"3";"1";1;48;4
"13744";"202100013744";10;"06:46";"2";"79";"1";"1";"1";3;46;0
"13745";"202100013745";10;"15:15";"1";"80";"1";"1";"1";1;50;1
"13746";"202100013746";10;"15:14";"1";"80";"1";"2";"1";3;49;1
"13747";"202100013747";10;"15:00";"1";"33";"1";"1";"1";3;45;-1
"13748";"202100013748";10;"11:00";"1";"11";"1";"1";"1";7;42;2
"13749";"202100013749";10;"07:15";"2";"39";"1";"1";"2";6;47;5
"13750";"202100013750";10;"17:45";"1";"29";"1";"6";"1";3;47;-4
"13751";"202100013751";10;"11:30";"1";"66";"1";"1";"1";7;42;2
"13752";"202100013752";10;"17:00";"3";"54";"1";"1";"2";7;48;5
"13753";"202100013753";10;"20:30";"3";"54";"1";"1";"1";1;48;5
"13754";"202100013754";10;"18:20";"2";"14";"1";"1";"1";7;49;0
"13755";"202100013755";10;"13:45";"1";"50";"1";"3";"1";3;48;-1
"13756";"202100013756";10;"07:46";"2";"60";"1";"1";"5";6;49;2
"13757";"202100013757";10;"23:00";"3";"40";"1";"3";"5";3;43;0
"13758";"202100013758";10;"11:24";"1";"04";"1";"1";"1";7;44;6
"13759";"202100013759";10;"15:55";"1";"85";"1";"1";"1";1;46;0
"13760";"202100013760";10;"07:25";"2";"27";"1";"1";"5";1;48;1
"13761";"202100013761";10;"16:30";"1";"37";"2";"6";"1";1;47;0
"13762";"202100013762";8;"16:30";"1";"30";"2";"1";"1";2;43;4
"13763";"202100013763";10;"16:50";"1";"03";"1";"1";"1";6;46;2
"13764";"202100013764";10;"16:25";"1";"42";"1";"1";"1";2;45;4
"13765";"202100013765";10;"16:00";"1";"987";"2";"9";"1";3;-17;-149
"13766";"202100013766";10;"15:55";"1";"987";"1";"1";"1";3;-17;-149
"13767";"202100013767";10;"22:45";"3";"63";"1";"1";"1";2;45;3
"13768";"202100013768";10;"02:15";"3";"13";"1";"1";"1";3;43;5
"13769";"202100013769";10;"23:30";"5";"38";"2";"1";"1";6;45;5
"13770";"202100013770";10;"11:55";"1";"973";"1";"1";"1";7;5;-53
"13771";"202100013771";10;"13:50";"1";"973";"2";"1";"1";7;5;-52
"13772";"202100013772";10;"07:20";"3";"13";"1";"1";"1";2;43;5
"13773";"202100013773";10;"13:30";"1";"13";"2";"1";"1";3;43;4
"13774";"202100013774";10;"06:50";"3";"89";"1";"1";"1";2;47;3
"13775";"202100013775";10;"10:05";"1";"71";"2";"1";"7";6;46;4
"13776";"202100013776";10;"16:10";"1";"67";"1";"1";"1";6;48;7
"13777";"202100013777";10;"15:20";"1";"88";"1";"1";"1";6;48;6
"13778";"202100013778";9;"17:30";"1";"54";"2";"1";"7";2;48;6
"13779";"202100013779";10;"10:37";"1";"57";"1";"1";"8";1;49;6
"13780";"202100013780";10;"19:00";"2";"38";"2";"1";"1";1;45;5
"13781";"202100013781";10;"07:45";"2";"17";"1";"4";"1";3;45;-1
"13782";"202100013782";10;"09:30";"1";"29";"1";"3";"1";3;47;-3
"13783";"202100013783";10;"20:00";"3";"13";"1";"1";"1";6;43;5
"13784";"202100013784";10;"10:45";"1";"13";"1";"1";"1";2;43;5
"13785";"202100013785";10;"08:05";"1";"13";"1";"1";"1";2;43;5
"13786";"202100013786";10;"18:30";"1";"13";"1";"1";"1";2;43;5
"13787";"202100013787";10;"22:00";"3";"69";"1";"1";"1";3;45;4
"13788";"202100013788";10;"07:45";"2";"69";"1";"1";"1";2;45;4
"13789";"202100013789";10;"09:00";"1";"33";"1";"1";"1";4;44;0
"13790";"202100013790";10;"01:40";"3";"59";"1";"1";"1";6;50;3
"13791";"202100013791";10;"15:49";"1";"59";"1";"1";"1";5;50;3
"13792";"202100013792";10;"18:30";"1";"91";"1";"1";"1";3;48;2
"13793";"202100013793";10;"08:40";"1";"91";"1";"1";"1";3;48;2
"13794";"202100013794";10;"20:20";"3";"60";"1";"1";"1";3;49;2
"13795";"202100013795";10;"11:50";"1";"93";"1";"1";"1";4;48;2
"13796";"202100013796";10;"08:35";"1";"95";"1";"1";"1";2;49;2
"13797";"202100013797";10;"07:00";"2";"93";"1";"1";"1";3;48;2
"13798";"202100013798";10;"08:00";"1";"95";"1";"1";"1";2;49;2
"13799";"202100013799";10;"09:45";"1";"95";"1";"1";"1";2;49;2
"13800";"202100013800";10;"13:50";"1";"94";"1";"1";"1";3;48;2
"13801";"202100013801";10;"16:20";"1";"94";"1";"1";"1";2;48;2
"13802";"202100013802";10;"14:00";"1";"75";"1";"1";"1";2;48;2
"13803";"202100013803";10;"08:45";"1";"77";"1";"1";"1";2;48;2
"13804";"202100013804";5;"10:20";"1";"88";"1";"9";"1";6;48;6
"13805";"202100013805";3;"20:25";"2";"02";"2";"6";"1";3;49;3
"13806";"202100013806";10;"18:20";"1";"64";"1";"1";"1";6;43;-1
"13807";"202100013807";6;"16:09";"1";"74";"2";"1";"1";7;46;6
"13808";"202100013808";10;"18:03";"2";"973";"2";"6";"1";2;4;-52
"13809";"202100013809";10;"15:02";"1";"973";"2";"1";"1";3;4;-52
"13810";"202100013810";10;"08:30";"1";"69";"2";"3";"1";3;45;4
"13811";"202100013811";10;"18:00";"3";"972";"2";"1";"1";6;14;-61
"13812";"202100013812";10;"06:55";"5";"69";"2";"1";"1";4;45;4
"13813";"202100013813";10;"18:33";"3";"971";"1";"9";"2";2;16;-61
"13814";"202100013814";10;"13:35";"1";"971";"2";"3";"1";3;16;-61
"13815";"202100013815";10;"16:30";"1";"971";"1";"1";"1";3;16;-61
"13816";"202100013816";10;"16:10";"1";"2A";"2";"6";"1";3;41;8
"13817";"202100013817";10;"15:15";"1";"95";"2";"1";"1";2;48;2
"13818";"202100013818";10;"23:50";"3";"91";"1";"1";"1";7;48;2
"13819";"202100013819";10;"14:10";"1";"91";"2";"1";"1";3;48;2
"13820";"202100013820";10;"15:50";"1";"91";"2";"2";"1";3;48;2
"13821";"202100013821";10;"15:12";"1";"88";"2";"2";"1";3;48;6
"13822";"202100013822";10;"03:25";"5";"84";"2";"9";"1";3;43;4
"13823";"202100013823";10;"03:17";"5";"84";"2";"1";"1";6;43;4
"13824";"202100013824";10;"12:30";"1";"83";"2";"1";"1";3;43;5
"13825";"202100013825";10;"12:10";"1";"83";"2";"2";"1";2;43;6
"13826";"202100013826";10;"16:15";"1";"80";"1";"1";"1";2;49;2
"13827";"202100013827";10;"12:40";"1";"80";"2";"1";"1";6;49;2
"13828";"202100013828";10;"19:37";"5";"80";"2";"1";"1";1;49;2
"13829";"202100013829";10;"19:55";"2";"77";"2";"3";"1";3;48;2
"13830";"202100013830";9;"22:25";"5";"77";"2";"1";"1";2;48;2
"13831";"202100013831";10;"07:20";"5";"77";"2";"1";"1";6;48;2
"13832";"202100013832";10;"19:30";"3";"76";"2";"1";"1";6;49;1
"13833";"202100013833";10;"18:10";"1";"76";"2";"3";"1";2;49;1
"13834";"202100013834";10;"22:40";"5";"76";"2";"1";"1";6;49;1
"13835";"202100013835";10;"04:20";"5";"76";"2";"3";"1";6;49;0
"13836";"202100013836";10;"18:10";"1";"76";"2";"1";"1";6;49;0
"13837";"202100013837";10;"11:41";"1";"72";"2";"1";"1";3;47;0