"";"Num_Acc";"mois";"hrmn";"lum";"dep";"agg";"int";"atm";"col";"lat";"long"
"13838";"202100013838";10;"22:20";"5";"67";"2";"1";"1";2;48;7
"13839";"202100013839";10;"12:00";"1";"67";"2";"3";"1";2;48;7
"13840";"202100013840";10;"10:00";"1";"64";"2";"1";"1";3;43;-1
"13841";"202100013841";10;"18:44";"2";"63";"2";"1";"1";3;45;3
"13842";"202100013842";10;"18:08";"2";"63";"2";"2";"1";3;45;3
"13843";"202100013843";10;"10:53";"1";"63";"2";"1";"1";3;45;3
"13844";"202100013844";10;"18:27";"2";"63";"2";"1";"1";2;45;3
"13845";"202100013845";10;"09:35";"1";"59";"2";"1";"1";6;50;3
"13846";"202100013846";10;"05:20";"5";"59";"2";"1";"1";6;50;3
"13847";"202100013847";10;"17:58";"1";"57";"2";"1";"1";3;49;6
"13848";"202100013848";10;"20:38";"3";"56";"1";"1";"2";6;47;-3
"13849";"202100013849";10;"13:20";"1";"50";"2";"1";"1";6;49;-1
"13850";"202100013850";10;"23:50";"5";"50";"2";"3";"1";6;49;-1
"13851";"202100013851";10;"15:40";"1";"49";"1";"1";"1";7;47;0
"13852";"202100013852";10;"18:24";"1";"49";"2";"1";"1";3;47;0
"13853";"202100013853";10;"16:47";"1";"49";"2";"1";"1";2;47;0
"13854";"202100013854";10;"04:45";"5";"45";"2";"3";"5";7;47;2
"13855";"202100013855";10;"08:00";"2";"44";"2";"1";"1";3;47;-1
"13856";"202100013856";10;"16:27";"1";"38";"2";"1";"1";1;45;5
"13857";"202100013857";10;"07:50";"2";"38";"2";"1";"1";3;45;5
"13858";"202100013858";10;"19:40";"5";"35";"2";"6";"1";6;48;-1
"13859";"202100013859";10;"11:10";"1";"35";"1";"1";"1";2;48;-1
"13860";"202100013860";10;"10:14";"1";"35";"1";"6";"5";7;48;-1
"13861";"202100013861";10;"17:25";"1";"33";"2";"4";"1";6;44;0
"13862";"202100013862";10;"07:45";"1";"33";"2";"2";"1";3;44;0
"13863";"202100013863";10;"09:20";"1";"33";"2";"2";"1";6;44;0
"13864";"202100013864";10;"06:30";"5";"33";"2";"1";"1";6;44;0
"13865";"202100013865";10;"03:53";"5";"33";"2";"1";"1";6;44;0
"13866";"202100013866";10;"12:20";"1";"33";"2";"1";"1";6;44;-1
"13867";"202100013867";10;"14:00";"1";"31";"2";"1";"1";2;43;1
"13868";"202100013868";10;"09:50";"1";"31";"2";"2";"1";3;43;1
"13869";"202100013869";10;"20:05";"2";"29";"2";"1";"1";2;48;-4
"13870";"202100013870";10;"17:45";"1";"29";"2";"3";"1";3;48;-4
"13871";"202100013871";10;"10:00";"1";"27";"2";"1";"1";6;49;1
"13872";"202100013872";10;"09:05";"2";"27";"2";"1";"1";3;49;1
"13873";"202100013873";10;"16:00";"1";"25";"2";"1";"1";4;46;6
"13874";"202100013874";10;"16:55";"1";"22";"2";"2";"1";6;48;-2
"13875";"202100013875";9;"08:45";"1";"22";"1";"1";"2";4;48;-2
"13876";"202100013876";10;"11:50";"1";"13";"2";"1";"1";6;43;5
"13877";"202100013877";10;"18:40";"1";"13";"2";"1";"1";2;43;5
"13878";"202100013878";10;"07:10";"1";"13";"2";"9";"1";3;43;5
"13879";"202100013879";10;"15:00";"1";"13";"2";"1";"1";2;43;5
"13880";"202100013880";10;"12:10";"1";"13";"2";"1";"1";3;43;5
"13881";"202100013881";10;"09:30";"1";"13";"2";"6";"1";3;43;5
"13882";"202100013882";10;"17:04";"1";"10";"2";"1";"1";2;48;4
"13883";"202100013883";10;"09:35";"1";"06";"1";"1";"1";7;43;6
"13884";"202100013884";10;"00:40";"3";"05";"1";"1";"1";1;44;6
"13885";"202100013885";10;"12:34";"1";"05";"1";"3";"1";3;44;6
"13886";"202100013886";10;"13:35";"1";"75";"2";"1";"1";2;48;2
"13887";"202100013887";10;"11:45";"1";"75";"2";"4";"1";7;48;2
"13888";"202100013888";10;"20:58";"5";"75";"2";"2";"1";3;48;2
"13889";"202100013889";10;"19:20";"5";"75";"2";"7";"1";6;48;2
"13890";"202100013890";10;"09:27";"1";"75";"2";"2";"1";3;48;2
"13891";"202100013891";10;"19:05";"2";"75";"2";"7";"1";3;48;2
"13892";"202100013892";10;"14:30";"1";"75";"2";"2";"1";6;48;2
"13893";"202100013893";10;"11:55";"1";"75";"2";"3";"1";6;48;2
"13894";"202100013894";10;"18:15";"1";"75";"2";"2";"1";6;48;2
"13895";"202100013895";10;"00:30";"5";"75";"2";"2";"1";3;48;2
"13896";"202100013896";10;"16:30";"1";"94";"2";"1";"1";6;48;2
"13897";"202100013897";10;"21:45";"5";"94";"2";"1";"1";6;48;2
"13898";"202100013898";10;"21:00";"4";"94";"2";"3";"1";3;48;2
"13899";"202100013899";10;"23:25";"5";"94";"2";"1";"1";6;48;2
"13900";"202100013900";10;"16:00";"1";"93";"2";"1";"1";5;48;2
"13901";"202100013901";10;"09:30";"1";"93";"2";"1";"1";6;48;2
"13902";"202100013902";10;"17:00";"1";"93";"2";"2";"1";3;48;2
"13903";"202100013903";10;"19:50";"5";"93";"2";"3";"1";3;48;2
"13904";"202100013904";10;"16:35";"1";"93";"2";"1";"1";1;48;2
"13905";"202100013905";10;"13:00";"1";"93";"2";"1";"1";3;48;2
"13906";"202100013906";10;"09:00";"1";"93";"2";"2";"1";3;48;2
"13907";"202100013907";10;"23:20";"5";"93";"2";"2";"1";3;48;2
"13908";"202100013908";10;"19:11";"5";"92";"2";"3";"1";1;48;2
"13909";"202100013909";10;"07:00";"2";"92";"2";"3";"1";7;48;2
"13910";"202100013910";10;"17:30";"1";"92";"2";"1";"1";2;48;2
"13911";"202100013911";10;"12:50";"1";"92";"2";"1";"1";7;48;2
"13912";"202100013912";10;"16:20";"1";"92";"2";"3";"8";2;48;2
"13913";"202100013913";10;"18:10";"1";"65";"1";"1";"1";2;43;0
"13914";"202100013914";10;"16:25";"1";"47";"2";"4";"1";1;44;0
"13915";"202100013915";10;"17:40";"1";"38";"2";"1";"1";3;45;4
"13916";"202100013916";10;"07:45";"1";"38";"1";"1";"8";6;45;4
"13917";"202100013917";10;"12:30";"1";"36";"2";"1";"1";6;47;1
"13918";"202100013918";10;"08:05";"1";"31";"2";"1";"1";6;43;1
"13919";"202100013919";10;"19:50";"3";"11";"1";"2";"1";3;43;2
"13920";"202100013920";10;"14:10";"1";"84";"1";"1";"1";3;43;5
"13921";"202100013921";10;"19:30";"5";"85";"2";"3";"1";3;46;-1
"13922";"202100013922";10;"07:15";"3";"44";"1";"1";"1";2;47;-2
"13923";"202100013923";10;"08:07";"1";"30";"1";"1";"1";5;44;4
"13924";"202100013924";10;"07:35";"3";"62";"1";"1";"5";1;50;1
"13925";"202100013925";10;"00:00";"3";"40";"1";"1";"1";6;44;0
"13926";"202100013926";10;"04:30";"3";"57";"1";"9";"5";6;49;6
"13927";"202100013927";10;"18:45";"3";"57";"1";"1";"3";6;48;7
"13928";"202100013928";10;"09:40";"1";"51";"1";"3";"1";3;48;3
"13929";"202100013929";10;"08:15";"1";"76";"1";"2";"1";3;49;1
"13930";"202100013930";10;"20:15";"4";"33";"1";"2";"1";1;45;0
"13931";"202100013931";8;"16:00";"1";"61";"2";"2";"1";2;48;0
"13932";"202100013932";10;"18:28";"2";"47";"2";"4";"1";6;44;0
"13933";"202100013933";10;"16:30";"1";"39";"1";"1";"1";6;46;5
"13934";"202100013934";10;"07:55";"2";"35";"2";"1";"5";3;48;-1
"13935";"202100013935";10;"14:30";"1";"29";"2";"6";"1";3;47;-4
"13936";"202100013936";10;"12:30";"1";"02";"2";"1";"1";6;49;3
"13937";"202100013937";10;"01:30";"3";"26";"1";"1";"1";7;44;5
"13938";"202100013938";10;"15:25";"1";"05";"1";"1";"1";7;44;5
"13939";"202100013939";10;"14:19";"1";"60";"2";"3";"1";3;49;2
"13940";"202100013940";10;"14:00";"1";"45";"1";"1";"1";1;48;1
"13941";"202100013941";10;"15:50";"1";"73";"1";"1";"1";3;45;5
"13942";"202100013942";10;"14:50";"1";"18";"1";"2";"1";3;47;2
"13943";"202100013943";10;"11:30";"1";"43";"1";"1";"1";1;44;3
"13944";"202100013944";10;"20:00";"3";"16";"1";"1";"1";6;45;0
"13945";"202100013945";10;"03:00";"3";"40";"1";"9";"1";1;43;-1
"13946";"202100013946";10;"00:30";"3";"40";"1";"1";"1";1;43;0
"13947";"202100013947";10;"18:20";"2";"48";"1";"3";"1";3;44;3
"13948";"202100013948";10;"19:45";"5";"52";"1";"2";"1";3;47;5
"13949";"202100013949";10;"03:50";"3";"46";"1";"1";"1";2;44;1
"13950";"202100013950";10;"13:00";"1";"67";"1";"1";"1";2;48;7
"13951";"202100013951";10;"20:15";"5";"978";"2";"1";"1";1;18;-63
"13952";"202100013952";10;"22:55";"3";"67";"1";"1";"1";6;48;7
"13953";"202100013953";10;"11:55";"1";"57";"1";"1";"1";3;48;7
"13954";"202100013954";10;"15:35";"1";"976";"2";"1";"1";1;-12;45
"13955";"202100013955";10;"15:40";"1";"01";"2";"9";"1";1;45;5
"13956";"202100013956";10;"01:00";"3";"987";"1";"1";"1";7;-8;-140
"13957";"202100013957";10;"17:10";"1";"971";"2";"1";"1";7;16;-61
"13958";"202100013958";10;"11:29";"1";"77";"1";"1";"1";2;48;2
"13959";"202100013959";10;"13:45";"1";"66";"2";"1";"1";6;42;2
"13960";"202100013960";10;"13:10";"1";"21";"2";"2";"8";3;47;5
"13961";"202100013961";10;"18:05";"1";"69";"2";"1";"7";6;45;4
"13962";"202100013962";10;"06:20";"3";"60";"1";"3";"1";6;49;2
"13963";"202100013963";10;"13:50";"1";"62";"2";"1";"1";6;50;2
"13964";"202100013964";10;"08:45";"1";"62";"2";"2";"7";6;50;1
"13965";"202100013965";10;"08:20";"1";"33";"1";"1";"1";5;44;0
"13966";"202100013966";10;"08:00";"1";"33";"1";"1";"1";3;44;0
"13967";"202100013967";10;"17:50";"1";"62";"1";"1";"1";2;50;2
"13968";"202100013968";10;"10:45";"1";"91";"1";"1";"1";2;48;2
"13969";"202100013969";10;"07:00";"2";"91";"1";"1";"1";7;48;2
"13970";"202100013970";9;"00:10";"3";"92";"1";"1";"1";6;48;2
"13971";"202100013971";10;"21:50";"3";"78";"1";"9";"1";2;48;2
"13972";"202100013972";10;"19:35";"3";"78";"1";"1";"1";3;48;2
"13973";"202100013973";10;"08:10";"1";"78";"1";"1";"1";2;48;1
"13974";"202100013974";10;"00:25";"3";"94";"1";"1";"1";6;48;2
"13975";"202100013975";10;"22:45";"3";"75";"1";"1";"1";6;48;2
"13976";"202100013976";4;"06:50";"2";"13";"2";"1";"1";1;43;5
"13977";"202100013977";5;"13:40";"1";"78";"2";"2";"2";3;48;2
"13978";"202100013978";5;"14:40";"1";"32";"2";"1";"1";1;43;0
"13979";"202100013979";10;"15:55";"1";"30";"2";"1";"1";1;44;4
"13980";"202100013980";10;"22:15";"5";"974";"1";"8";"1";3;-20;55
"13981";"202100013981";10;"20:25";"5";"69";"2";"2";"1";3;45;4
"13982";"202100013982";10;"13:20";"1";"69";"2";"1";"1";3;45;4
"13983";"202100013983";10;"09:35";"1";"972";"2";"3";"3";6;14;-61
"13984";"202100013984";9;"10:00";"1";"972";"2";"3";"1";3;14;-61
"13985";"202100013985";9;"12:30";"1";"972";"1";"1";"1";7;14;-61
"13986";"202100013986";10;"13:05";"1";"69";"2";"3";"1";1;45;4
"13987";"202100013987";10;"07:20";"2";"69";"2";"1";"8";5;45;4
"13988";"202100013988";10;"12:45";"1";"91";"2";"9";"1";6;48;2
"13989";"202100013989";10;"03:15";"5";"81";"2";"1";"1";6;43;2
"13990";"202100013990";10;"05:45";"5";"79";"2";"9";"1";3;46;0
"13991";"202100013991";10;"10:20";"1";"78";"2";"1";"1";6;48;2
"13992";"202100013992";10;"20:10";"5";"76";"2";"9";"1";6;49;0
"13993";"202100013993";10;"18:50";"1";"76";"2";"2";"1";3;49;1
"13994";"202100013994";10;"19:08";"5";"67";"2";"9";"1";3;48;7
"13995";"202100013995";10;"16:50";"1";"59";"2";"1";"1";6;50;2
"13996";"202100013996";10;"04:25";"5";"59";"2";"6";"5";6;50;2
"13997";"202100013997";10;"02:30";"5";"46";"2";"1";"1";7;44;1
"13998";"202100013998";10;"23:25";"5";"44";"2";"1";"1";3;47;-1
"13999";"202100013999";10;"07:15";"3";"34";"1";"1";"1";1;43;3
"14000";"202100014000";10;"18:20";"1";"33";"2";"1";"1";6;44;0
"14001";"202100014001";10;"20:00";"5";"31";"2";"9";"1";3;43;1
"14002";"202100014002";10;"00:00";"5";"31";"2";"1";"1";1;43;1
"14003";"202100014003";10;"18:00";"1";"25";"2";"6";"1";3;47;5
"14004";"202100014004";10;"17:20";"1";"14";"2";"1";"1";3;49;0
"14005";"202100014005";10;"09:00";"1";"13";"2";"1";"1";3;43;5
"14006";"202100014006";10;"23:15";"5";"13";"2";"1";"1";2;43;5
"14007";"202100014007";10;"21:50";"5";"13";"2";"1";"1";2;43;5
"14008";"202100014008";10;"13:00";"1";"13";"1";"1";"1";7;43;5
"14009";"202100014009";10;"09:22";"1";"06";"2";"2";"1";3;43;7
"14010";"202100014010";10;"15:40";"1";"06";"2";"2";"1";3;43;6
"14011";"202100014011";10;"23:30";"5";"75";"2";"4";"1";2;48;2
"14012";"202100014012";10;"08:13";"1";"75";"2";"4";"1";5;48;2
"14013";"202100014013";10;"13:30";"1";"75";"2";"4";"1";3;48;2
"14014";"202100014014";10;"03:40";"5";"75";"2";"7";"1";3;48;2
"14015";"202100014015";10;"16:20";"1";"75";"2";"3";"1";3;48;2
"14016";"202100014016";10;"00:30";"5";"75";"2";"2";"1";6;48;2
"14017";"202100014017";10;"13:00";"1";"75";"2";"2";"1";5;48;2
"14018";"202100014018";10;"12:00";"1";"75";"2";"1";"1";6;48;2
"14019";"202100014019";10;"10:45";"1";"75";"2";"2";"1";3;48;2
"14020";"202100014020";10;"15:50";"1";"75";"2";"3";"1";3;48;2
"14021";"202100014021";10;"14:40";"1";"75";"2";"2";"1";2;48;2
"14022";"202100014022";10;"15:48";"1";"75";"2";"3";"1";7;48;2
"14023";"202100014023";10;"03:19";"5";"75";"2";"7";"1";7;48;2
"14024";"202100014024";10;"11:47";"1";"75";"2";"2";"1";6;48;2
"14025";"202100014025";10;"11:30";"1";"94";"2";"2";"1";3;48;2
"14026";"202100014026";10;"03:15";"5";"94";"2";"1";"1";1;48;2
"14027";"202100014027";10;"17:30";"1";"94";"2";"1";"1";4;48;2
"14028";"202100014028";10;"16:25";"1";"93";"2";"1";"1";6;48;2
"14029";"202100014029";10;"16:00";"1";"93";"2";"1";"1";6;48;2
"14030";"202100014030";10;"14:00";"1";"93";"2";"1";"1";4;48;2
"14031";"202100014031";10;"01:10";"5";"92";"2";"9";"1";6;48;2
"14032";"202100014032";10;"00:20";"4";"35";"1";"1";"5";6;47;-1
"14033";"202100014033";10;"07:55";"1";"57";"1";"3";"5";3;49;6
"14034";"202100014034";10;"17:00";"1";"62";"2";"3";"1";1;50;1
"14035";"202100014035";10;"17:20";"1";"01";"2";"9";"1";1;45;5
"14036";"202100014036";10;"16:00";"1";"81";"2";"1";"1";2;43;2
"14037";"202100014037";10;"06:30";"5";"81";"2";"1";"1";6;43;2
"14038";"202100014038";10;"18:50";"1";"35";"1";"3";"1";2;48;-1
"14039";"202100014039";10;"16:45";"1";"974";"2";"1";"1";3;-21;55
"14040";"202100014040";10;"12:05";"1";"44";"2";"1";"1";3;47;-1
"14041";"202100014041";10;"06:40";"3";"59";"1";"1";"5";1;50;3
"14042";"202100014042";10;"14:30";"1";"67";"1";"6";"1";3;48;8
"14043";"202100014043";10;"17:20";"1";"71";"2";"1";"1";1;46;5
"14044";"202100014044";10;"05:30";"3";"71";"1";"1";"1";6;46;4
"14045";"202100014045";10;"18:55";"1";"76";"2";"1";"1";6;50;1
"14046";"202100014046";10;"07:00";"3";"41";"1";"1";"5";1;47;1
"14047";"202100014047";10;"11:10";"1";"44";"2";"5";"7";6;47;-1
"14048";"202100014048";10;"14:55";"1";"38";"1";"4";"1";2;45;5
"14049";"202100014049";10;"18:30";"1";"01";"2";"3";"1";3;46;5
"14050";"202100014050";10;"15:37";"1";"14";"1";"1";"1";7;49;0
"14051";"202100014051";10;"17:20";"1";"18";"1";"1";"1";1;46;2
"14052";"202100014052";10;"07:40";"1";"10";"1";"1";"5";1;48;3
"14053";"202100014053";10;"14:12";"1";"07";"1";"1";"1";1;44;4
"14054";"202100014054";10;"18:15";"1";"07";"1";"1";"1";1;45;4
"14055";"202100014055";10;"06:10";"5";"07";"1";"6";"1";7;44;4
"14056";"202100014056";10;"16:05";"1";"40";"2";"1";"1";7;43;0
"14057";"202100014057";10;"14:50";"1";"04";"1";"1";"1";7;43;6
"14058";"202100014058";10;"12:20";"1";"27";"1";"2";"1";3;48;1
"14059";"202100014059";10;"16:10";"1";"37";"2";"1";"1";2;47;0
"14060";"202100014060";10;"07:30";"2";"02";"1";"1";"1";2;49;3
"14061";"202100014061";10;"14:00";"1";"01";"1";"1";"1";7;46;5
"14062";"202100014062";10;"23:35";"3";"973";"1";"1";"1";6;4;-52
"14063";"202100014063";10;"08:00";"2";"89";"1";"1";"5";6;47;4
"14064";"202100014064";10;"22:05";"5";"66";"2";"1";"1";7;42;2
"14065";"202100014065";10;"13:45";"1";"95";"2";"1";"1";6;49;2
"14066";"202100014066";10;"08:35";"2";"77";"1";"1";"5";6;48;2
"14067";"202100014067";10;"00:00";"3";"988";"1";"1";"1";6;-21;165
"14068";"202100014068";10;"21:10";"5";"978";"2";"1";"2";6;18;-63
"14069";"202100014069";10;"01:15";"5";"33";"2";"3";"1";6;44;-1
"14070";"202100014070";10;"19:30";"2";"45";"1";"1";"1";7;48;2
"14071";"202100014071";10;"10:25";"1";"45";"2";"1";"1";6;47;2
"14072";"202100014072";10;"04:20";"3";"34";"2";"1";"1";3;43;4
"14073";"202100014073";10;"14:10";"1";"54";"1";"1";"1";7;48;6
"14074";"202100014074";10;"16:30";"1";"74";"1";"1";"1";1;46;6
"14075";"202100014075";10;"19:10";"2";"74";"2";"4";"1";1;45;6
"14076";"202100014076";10;"12:15";"1";"38";"2";"3";"1";3;45;5
"14077";"202100014077";10;"21:50";"5";"38";"1";"6";"1";2;45;5
"14078";"202100014078";10;"11:30";"1";"81";"2";"1";"1";6;43;2
"14079";"202100014079";10;"18:45";"2";"09";"1";"1";"1";3;43;1
"14080";"202100014080";10;"18:20";"1";"09";"1";"1";"1";6;43;1
"14081";"202100014081";10;"16:30";"1";"17";"1";"1";"1";1;45;-1
"14082";"202100014082";10;"10:15";"1";"17";"2";"1";"1";6;46;-1
"14083";"202100014083";10;"01:30";"3";"53";"1";"1";"5";1;47;0
"14084";"202100014084";10;"03:00";"3";"44";"2";"3";"1";6;47;-1
"14085";"202100014085";8;"12:50";"1";"61";"1";"1";"1";1;48;0
"14086";"202100014086";10;"10:15";"1";"29";"2";"6";"1";3;47;-4
"14087";"202100014087";10;"18:20";"1";"22";"2";"1";"1";6;48;-3
"14088";"202100014088";10;"12:25";"1";"22";"1";"1";"1";3;48;-2
"14089";"202100014089";10;"08:06";"1";"13";"1";"1";"1";3;43;5
"14090";"202100014090";10;"17:20";"1";"33";"1";"1";"1";2;44;0
"14091";"202100014091";10;"03:25";"5";"33";"1";"1";"1";6;44;0
"14092";"202100014092";10;"18:10";"2";"91";"1";"1";"1";2;48;2
"14093";"202100014093";10;"16:20";"1";"94";"1";"1";"1";2;48;2
"14094";"202100014094";10;"17:40";"1";"94";"1";"1";"1";2;48;2
"14095";"202100014095";10;"01:58";"5";"94";"1";"1";"1";6;48;2
"14096";"202100014096";10;"20:30";"3";"91";"1";"1";"1";2;48;2
"14097";"202100014097";10;"17:50";"1";"91";"1";"1";"1";6;48;2
"14098";"202100014098";10;"13:30";"1";"94";"1";"1";"1";4;48;2
"14099";"202100014099";10;"20:00";"5";"78";"1";"1";"1";7;48;1
"14100";"202100014100";10;"15:30";"1";"78";"1";"1";"1";2;48;1
"14101";"202100014101";10;"20:20";"3";"93";"1";"1";"1";2;48;2
"14102";"202100014102";10;"17:30";"1";"93";"1";"1";"1";2;48;2
"14103";"202100014103";10;"14:00";"1";"93";"1";"1";"1";4;48;2
"14104";"202100014104";10;"14:00";"1";"93";"1";"1";"1";2;48;2
"14105";"202100014105";10;"06:40";"1";"95";"1";"1";"1";2;48;2
"14106";"202100014106";10;"07:00";"3";"93";"1";"1";"1";2;48;2
"14107";"202100014107";10;"03:35";"5";"93";"1";"1";"1";5;48;2
"14108";"202100014108";10;"18:45";"2";"93";"1";"1";"1";3;48;2
"14109";"202100014109";10;"17:50";"1";"95";"1";"1";"1";5;48;2
"14110";"202100014110";10;"13:00";"1";"95";"1";"1";"1";4;49;2
"14111";"202100014111";10;"21:05";"3";"77";"1";"1";"1";2;48;2
"14112";"202100014112";10;"23:15";"3";"94";"1";"1";"1";2;48;2
"14113";"202100014113";10;"12:40";"1";"77";"1";"1";"1";4;48;2
"14114";"202100014114";10;"04:55";"3";"94";"1";"1";"1";4;48;2
"14115";"202100014115";10;"08:00";"1";"93";"1";"9";"1";5;48;2
"14116";"202100014116";10;"09:20";"1";"974";"2";"2";"1";3;-20;55
"14117";"202100014117";10;"02:30";"5";"64";"2";"1";"1";7;43;-1
"14118";"202100014118";10;"19:45";"5";"54";"2";"1";"1";6;48;6
"14119";"202100014119";10;"18:35";"2";"48";"2";"1";"1";6;44;3
"14120";"202100014120";10;"17:47";"1";"92";"2";"1";"1";6;48;2
"14121";"202100014121";10;"18:25";"2";"974";"2";"3";"1";1;-21;55
"14122";"202100014122";10;"15:10";"1";"974";"1";"1";"1";7;-20;55
"14123";"202100014123";10;"20:35";"5";"973";"2";"1";"1";2;4;-52
"14124";"202100014124";10;"17:10";"1";"973";"2";"2";"1";3;4;-52
"14125";"202100014125";10;"08:20";"1";"973";"2";"1";"1";3;4;-52
"14126";"202100014126";10;"06:30";"1";"973";"2";"1";"1";1;4;-52
"14127";"202100014127";10;"03:00";"5";"973";"1";"1";"1";6;4;-52
"14128";"202100014128";10;"00:15";"5";"69";"2";"2";"1";3;45;4
"14129";"202100014129";9;"04:50";"5";"69";"2";"2";"1";3;45;4
"14130";"202100014130";10;"22:00";"5";"69";"2";"1";"1";6;45;4
"14131";"202100014131";10;"20:05";"5";"69";"2";"9";"1";3;45;4
"14132";"202100014132";10;"03:45";"5";"69";"2";"2";"1";2;45;4
"14133";"202100014133";10;"09:32";"1";"972";"1";"1";"1";2;14;-61
"14134";"202100014134";10;"17:00";"1";"69";"1";"3";"1";5;45;4
"14135";"202100014135";10;"14:13";"1";"69";"1";"2";"1";3;45;4
"14136";"202100014136";10;"10:18";"1";"971";"1";"1";"1";6;16;-61
"14137";"202100014137";10;"02:00";"4";"2A";"1";"1";"1";7;41;8
"14138";"202100014138";10;"13:10";"1";"2A";"2";"3";"1";3;41;8
"14139";"202100014139";10;"03:30";"3";"91";"1";"1";"1";1;48;2
"14140";"202100014140";10;"15:35";"1";"91";"2";"6";"1";6;48;2
"14141";"202100014141";10;"10:20";"1";"91";"2";"1";"1";6;48;2
"14142";"202100014142";10;"21:40";"5";"83";"2";"1";"1";3;43;6
"14143";"202100014143";10;"16:00";"1";"83";"2";"1";"1";3;43;6
"14144";"202100014144";10;"17:10";"1";"82";"2";"9";"1";3;44;1
"14145";"202100014145";10;"10:38";"1";"80";"2";"1";"1";1;50;1
"14146";"202100014146";10;"11:59";"1";"78";"1";"1";"1";6;48;2
"14147";"202100014147";10;"16:50";"1";"77";"2";"1";"1";3;48;2
"14148";"202100014148";10;"10:20";"1";"74";"2";"1";"1";6;46;6
"14149";"202100014149";10;"15:45";"1";"72";"2";"1";"1";6;47;0
"14150";"202100014150";10;"21:25";"5";"69";"2";"2";"1";5;45;4
"14151";"202100014151";10;"13:25";"1";"65";"2";"1";"1";3;43;0
"14152";"202100014152";10;"16:48";"1";"65";"2";"1";"1";6;43;0
"14153";"202100014153";10;"17:15";"1";"64";"2";"1";"1";7;43;-1
"14154";"202100014154";10;"12:50";"1";"64";"2";"1";"1";2;43;-1
"14155";"202100014155";10;"06:00";"3";"64";"2";"6";"1";7;43;-1
"14156";"202100014156";10;"00:05";"5";"59";"2";"1";"1";3;50;3
"14157";"202100014157";10;"11:12";"1";"59";"2";"2";"1";6;50;3
"14158";"202100014158";10;"08:50";"1";"59";"2";"1";"1";6;50;3
"14159";"202100014159";10;"14:15";"1";"59";"2";"2";"1";2;50;3
"14160";"202100014160";10;"11:10";"1";"59";"2";"2";"1";3;50;3
"14161";"202100014161";10;"12:20";"1";"56";"2";"1";"1";6;47;-2
"14162";"202100014162";10;"16:05";"1";"51";"2";"2";"1";3;49;4
"14163";"202100014163";10;"16:30";"1";"45";"2";"3";"1";3;47;1
"14164";"202100014164";10;"09:55";"1";"45";"2";"1";"1";2;47;1
"14165";"202100014165";10;"12:15";"1";"45";"2";"1";"1";3;47;1
"14166";"202100014166";10;"19:39";"2";"45";"2";"2";"1";3;48;2
"14167";"202100014167";10;"09:00";"1";"45";"2";"6";"1";6;48;2
"14168";"202100014168";10;"23:24";"5";"44";"2";"1";"1";3;47;-1
"14169";"202100014169";10;"14:30";"1";"44";"2";"7";"1";1;47;-1
"14170";"202100014170";10;"10:00";"1";"44";"2";"1";"2";3;47;-1
"14171";"202100014171";10;"19:00";"5";"38";"2";"4";"1";3;45;5
"14172";"202100014172";10;"23:50";"5";"37";"2";"1";"1";1;47;0
"14173";"202100014173";10;"17:40";"1";"35";"2";"1";"1";4;48;-1
"14174";"202100014174";10;"17:20";"1";"35";"2";"1";"1";6;48;-1
"14175";"202100014175";10;"06:00";"5";"35";"2";"2";"1";6;48;-1
"14176";"202100014176";10;"17:44";"1";"33";"2";"1";"1";2;44;0
"14177";"202100014177";10;"07:25";"2";"33";"2";"1";"1";3;44;0
"14178";"202100014178";10;"09:45";"1";"33";"2";"3";"1";2;44;-1
"14179";"202100014179";10;"10:35";"1";"33";"1";"1";"1";7;44;-1
"14180";"202100014180";10;"20:50";"5";"30";"2";"1";"1";2;44;4
"14181";"202100014181";10;"23:30";"5";"29";"2";"3";"1";3;48;-4
"14182";"202100014182";10;"14:30";"1";"29";"2";"1";"1";6;48;-4
"14183";"202100014183";10;"04:20";"5";"21";"2";"2";"1";6;47;5
"14184";"202100014184";10;"11:00";"1";"14";"1";"1";"1";3;49;0
"14185";"202100014185";10;"23:20";"5";"13";"2";"9";"1";3;43;5
"14186";"202100014186";10;"23:20";"5";"13";"2";"1";"1";3;43;5
"14187";"202100014187";10;"21:50";"5";"13";"2";"4";"1";3;43;5
"14188";"202100014188";10;"17:30";"1";"13";"2";"1";"1";6;43;5
"14189";"202100014189";10;"11:15";"1";"13";"2";"2";"1";3;43;5
"14190";"202100014190";10;"01:45";"5";"13";"2";"1";"1";2;43;5
"14191";"202100014191";10;"22:00";"5";"06";"2";"1";"1";2;43;7
"14192";"202100014192";10;"12:47";"1";"06";"2";"1";"1";3;43;7
"14193";"202100014193";10;"12:30";"1";"04";"2";"1";"1";6;43;5
"14194";"202100014194";10;"07:45";"2";"03";"2";"6";"1";3;46;3
"14195";"202100014195";10;"20:00";"2";"75";"2";"1";"1";4;48;2
"14196";"202100014196";10;"15:30";"1";"75";"2";"1";"1";3;48;2