"";"Num_Acc";"mois";"hrmn";"lum";"dep";"agg";"int";"atm";"col";"lat";"long"
"14197";"202100014197";10;"08:30";"1";"75";"2";"1";"1";3;48;2
"14198";"202100014198";10;"18:20";"1";"75";"2";"2";"1";3;48;2
"14199";"202100014199";10;"07:30";"2";"75";"2";"3";"1";3;48;2
"14200";"202100014200";10;"17:05";"1";"75";"2";"3";"1";3;48;2
"14201";"202100014201";10;"15:00";"1";"75";"2";"2";"1";3;48;2
"14202";"202100014202";10;"13:55";"1";"75";"2";"1";"1";3;48;2
"14203";"202100014203";10;"13:10";"1";"75";"2";"3";"1";6;48;2
"14204";"202100014204";10;"19:30";"5";"75";"2";"2";"1";3;48;2
"14205";"202100014205";10;"17:05";"1";"75";"2";"2";"1";7;48;2
"14206";"202100014206";10;"09:50";"1";"75";"2";"1";"1";6;48;2
"14207";"202100014207";10;"16:55";"1";"75";"2";"1";"1";5;48;2
"14208";"202100014208";10;"14:30";"1";"75";"2";"7";"1";3;48;2
"14209";"202100014209";10;"12:30";"1";"75";"2";"2";"1";3;48;2
"14210";"202100014210";10;"15:40";"1";"75";"2";"1";"1";7;48;2
"14211";"202100014211";10;"05:30";"5";"75";"2";"7";"1";6;48;2
"14212";"202100014212";10;"15:30";"1";"75";"2";"3";"1";6;48;2
"14213";"202100014213";10;"08:20";"1";"75";"2";"3";"1";3;48;2
"14214";"202100014214";10;"18:34";"2";"94";"2";"1";"1";3;48;2
"14215";"202100014215";10;"22:30";"5";"94";"2";"2";"1";3;48;2
"14216";"202100014216";10;"18:20";"2";"94";"2";"1";"1";3;48;2
"14217";"202100014217";10;"18:30";"1";"94";"2";"1";"1";6;48;2
"14218";"202100014218";10;"22:30";"5";"94";"2";"1";"1";2;48;2
"14219";"202100014219";10;"01:18";"5";"94";"2";"1";"1";6;48;2
"14220";"202100014220";10;"21:35";"5";"94";"2";"2";"1";3;48;2
"14221";"202100014221";10;"22:50";"5";"94";"2";"1";"1";3;48;2
"14222";"202100014222";10;"18:30";"1";"94";"1";"3";"1";3;48;2
"14223";"202100014223";10;"12:40";"1";"94";"2";"1";"1";6;48;2
"14224";"202100014224";10;"16:55";"1";"94";"2";"9";"1";3;48;2
"14225";"202100014225";10;"07:30";"4";"94";"2";"1";"1";4;48;2
"14226";"202100014226";10;"15:50";"1";"93";"2";"1";"1";2;48;2
"14227";"202100014227";10;"14:10";"1";"93";"2";"2";"1";3;48;2
"14228";"202100014228";10;"15:18";"1";"93";"2";"3";"1";3;48;2
"14229";"202100014229";10;"15:30";"1";"93";"2";"1";"1";5;48;2
"14230";"202100014230";10;"16:30";"1";"93";"2";"2";"1";3;48;2
"14231";"202100014231";10;"05:00";"5";"93";"2";"1";"1";3;48;2
"14232";"202100014232";10;"17:11";"1";"92";"2";"1";"1";2;48;2
"14233";"202100014233";10;"01:15";"5";"92";"2";"1";"1";3;48;2
"14234";"202100014234";10;"01:42";"4";"92";"2";"1";"1";7;48;2
"14235";"202100014235";10;"09:50";"1";"47";"1";"2";"1";2;44;0
"14236";"202100014236";10;"19:35";"3";"24";"1";"1";"1";6;45;0
"14237";"202100014237";10;"13:20";"1";"41";"2";"6";"1";3;47;1
"14238";"202100014238";10;"16:15";"1";"95";"1";"1";"1";1;49;2
"14239";"202100014239";10;"11:30";"1";"18";"1";"1";"1";6;47;2
"14240";"202100014240";10;"23:30";"3";"974";"2";"3";"1";7;-21;55
"14241";"202100014241";10;"15:30";"1";"54";"1";"1";"1";2;49;5
"14242";"202100014242";10;"20:30";"3";"85";"1";"1";"1";2;46;-1
"14243";"202100014243";10;"04:00";"3";"57";"1";"1";"1";6;49;6
"14244";"202100014244";10;"12:10";"1";"79";"2";"9";"1";3;46;0
"14245";"202100014245";10;"15:50";"1";"71";"1";"1";"1";7;46;4
"14246";"202100014246";10;"11:46";"1";"61";"1";"1";"1";7;48;0
"14247";"202100014247";10;"10:50";"1";"61";"1";"1";"1";7;48;0
"14248";"202100014248";10;"16:35";"1";"61";"1";"1";"1";3;48;0
"14249";"202100014249";10;"21:16";"3";"46";"1";"1";"1";5;44;1
"14250";"202100014250";10;"09:00";"1";"46";"1";"1";"1";2;44;1
"14251";"202100014251";10;"17:15";"1";"47";"1";"1";"1";3;44;0
"14252";"202100014252";10;"11:10";"1";"34";"1";"1";"1";1;43;2
"14253";"202100014253";10;"10:10";"1";"68";"2";"1";"5";6;47;7
"14254";"202100014254";10;"18:20";"1";"22";"1";"3";"1";3;48;-2
"14255";"202100014255";10;"14:50";"1";"35";"1";"9";"1";2;48;-1
"14256";"202100014256";10;"06:45";"2";"03";"1";"3";"5";6;46;3
"14257";"202100014257";10;"17:15";"1";"54";"1";"1";"1";7;48;6
"14258";"202100014258";10;"06:15";"3";"14";"1";"1";"5";6;48;0
"14259";"202100014259";10;"14:15";"1";"50";"1";"3";"1";3;49;-1
"14260";"202100014260";10;"18:50";"1";"50";"1";"1";"1";6;48;-1
"14261";"202100014261";10;"20:00";"3";"09";"1";"1";"1";6;43;1
"14262";"202100014262";10;"20:00";"3";"60";"1";"2";"1";3;49;2
"14263";"202100014263";10;"12:50";"1";"36";"1";"1";"1";6;46;1
"14264";"202100014264";10;"15:00";"1";"16";"1";"1";"1";6;45;0
"14265";"202100014265";10;"12:40";"1";"16";"1";"2";"1";3;45;0
"14266";"202100014266";10;"04:55";"3";"40";"1";"1";"5";6;43;0
"14267";"202100014267";10;"00:30";"3";"24";"1";"1";"1";7;45;0
"14268";"202100014268";10;"16:15";"1";"04";"1";"1";"1";6;44;5
"14269";"202100014269";10;"19:00";"2";"87";"1";"1";"1";7;45;1
"14270";"202100014270";10;"12:14";"1";"30";"2";"2";"1";3;43;4
"14271";"202100014271";10;"05:47";"3";"52";"1";"1";"1";6;47;5
"14272";"202100014272";10;"10:30";"1";"38";"1";"1";"1";7;45;5
"14273";"202100014273";10;"17:30";"1";"11";"1";"1";"1";4;43;3
"14274";"202100014274";10;"08:13";"1";"66";"2";"1";"1";6;42;3
"14275";"202100014275";10;"19:30";"3";"988";"1";"3";"1";1;-21;166
"14276";"202100014276";10;"21:00";"5";"33";"2";"2";"1";6;44;-1
"14277";"202100014277";10;"15:50";"1";"78";"2";"1";"1";2;48;1
"14278";"202100014278";10;"12:50";"1";"05";"1";"1";"1";1;44;6
"14279";"202100014279";10;"16:00";"1";"13";"1";"3";"1";3;43;4
"14280";"202100014280";10;"16:50";"1";"13";"1";"3";"1";3;43;4
"14281";"202100014281";10;"16:15";"1";"13";"2";"1";"1";1;43;4
"14282";"202100014282";10;"22:30";"5";"68";"2";"1";"1";7;47;7
"14283";"202100014283";10;"16:00";"1";"67";"1";"6";"1";3;48;7
"14284";"202100014284";10;"06:30";"5";"73";"2";"6";"1";6;45;6
"14285";"202100014285";10;"17:45";"1";"81";"2";"6";"1";2;43;1
"14286";"202100014286";10;"09:00";"1";"65";"2";"1";"1";2;43;0
"14287";"202100014287";10;"12:05";"1";"65";"1";"1";"1";7;43;0
"14288";"202100014288";10;"17:45";"1";"46";"1";"1";"7";1;44;2
"14289";"202100014289";10;"17:50";"1";"64";"2";"3";"1";7;43;0
"14290";"202100014290";10;"05:30";"3";"33";"1";"6";"1";7;44;0
"14291";"202100014291";10;"16:30";"1";"61";"1";"1";"1";1;48;0
"14292";"202100014292";10;"08:00";"3";"50";"2";"1";"5";6;49;-1
"14293";"202100014293";10;"16:30";"1";"76";"1";"1";"1";1;49;0
"14294";"202100014294";10;"03:30";"3";"76";"1";"1";"5";7;49;1
"14295";"202100014295";10;"16:40";"1";"59";"2";"1";"1";6;50;2
"14296";"202100014296";10;"08:55";"1";"67";"1";"1";"1";2;48;7
"14297";"202100014297";10;"08:45";"1";"91";"1";"1";"1";7;48;2
"14298";"202100014298";10;"20:45";"3";"91";"1";"1";"1";7;48;2
"14299";"202100014299";10;"05:15";"3";"78";"1";"1";"1";3;48;1
"14300";"202100014300";10;"01:12";"5";"92";"1";"1";"1";2;48;2
"14301";"202100014301";10;"20:00";"5";"95";"1";"1";"1";2;49;2
"14302";"202100014302";10;"21:00";"3";"93";"1";"1";"1";3;48;2
"14303";"202100014303";10;"23:40";"3";"60";"1";"1";"1";2;49;2
"14304";"202100014304";10;"21:35";"3";"971";"2";"6";"1";6;16;-61
"14305";"202100014305";10;"14:20";"1";"76";"1";"1";"1";6;49;0
"14306";"202100014306";10;"10:00";"1";"76";"2";"2";"1";6;49;0
"14307";"202100014307";10;"08:00";"1";"72";"2";"1";"1";6;47;0
"14308";"202100014308";10;"17:50";"1";"64";"2";"3";"1";6;43;0
"14309";"202100014309";10;"19:40";"5";"45";"2";"3";"1";3;47;2
"14310";"202100014310";10;"09:20";"1";"93";"1";"1";"1";5;48;2
"14311";"202100014311";7;"12:40";"1";"74";"2";"4";"1";1;45;6
"14312";"202100014312";7;"08:00";"1";"74";"2";"4";"1";3;45;6
"14313";"202100014313";7;"14:28";"1";"74";"2";"1";"2";6;45;6
"14314";"202100014314";6;"06:54";"1";"74";"2";"1";"7";3;45;6
"14315";"202100014315";10;"19:25";"5";"974";"2";"2";"1";3;-20;55
"14316";"202100014316";10;"03:45";"5";"69";"2";"3";"1";3;45;4
"14317";"202100014317";10;"16:30";"1";"69";"2";"6";"1";3;45;4
"14318";"202100014318";10;"08:25";"1";"69";"2";"1";"1";3;45;4
"14319";"202100014319";10;"05:40";"5";"69";"2";"2";"1";3;45;4
"14320";"202100014320";10;"18:35";"3";"972";"1";"1";"2";3;14;-60
"14321";"202100014321";10;"17:00";"1";"69";"2";"3";"1";3;45;4
"14322";"202100014322";10;"16:45";"2";"69";"2";"9";"1";6;45;4
"14323";"202100014323";10;"16:50";"1";"69";"2";"1";"1";2;45;4
"14324";"202100014324";10;"08:15";"1";"69";"2";"2";"1";6;45;4
"14325";"202100014325";10;"17:15";"1";"2B";"2";"1";"1";1;42;9
"14326";"202100014326";10;"17:06";"1";"971";"2";"9";"1";1;16;-61
"14327";"202100014327";10;"09:20";"1";"971";"2";"2";"1";6;15;-61
"14328";"202100014328";10;"17:20";"1";"2A";"1";"3";"1";3;41;8
"14329";"202100014329";10;"19:00";"1";"91";"2";"1";"1";1;48;2
"14330";"202100014330";10;"10:00";"1";"91";"2";"1";"1";2;48;2
"14331";"202100014331";10;"16:40";"1";"91";"2";"1";"1";6;48;2
"14332";"202100014332";10;"15:40";"1";"91";"2";"1";"1";6;48;2
"14333";"202100014333";10;"12:50";"1";"91";"2";"3";"1";3;48;2
"14334";"202100014334";10;"07:53";"3";"87";"1";"1";"1";3;45;1
"14335";"202100014335";10;"13:52";"1";"87";"2";"1";"1";6;45;1
"14336";"202100014336";10;"16:18";"1";"87";"1";"3";"1";3;45;1
"14337";"202100014337";10;"18:45";"2";"83";"2";"1";"1";6;43;5
"14338";"202100014338";10;"19:05";"2";"78";"1";"1";"1";2;48;1
"14339";"202100014339";10;"12:50";"1";"77";"2";"1";"1";1;48;2
"14340";"202100014340";10;"21:30";"3";"77";"2";"1";"1";6;48;2
"14341";"202100014341";10;"17:50";"1";"77";"2";"1";"1";1;48;2
"14342";"202100014342";10;"09:00";"1";"76";"2";"2";"1";3;49;1
"14343";"202100014343";10;"19:15";"5";"69";"2";"2";"1";3;45;4
"14344";"202100014344";10;"19:10";"5";"69";"2";"1";"1";3;45;4
"14345";"202100014345";10;"10:40";"1";"69";"2";"1";"1";3;45;4
"14346";"202100014346";10;"11:55";"1";"67";"2";"1";"1";6;48;7
"14347";"202100014347";10;"14:50";"1";"66";"2";"6";"1";3;42;2
"14348";"202100014348";10;"13:19";"1";"66";"2";"3";"1";3;42;2
"14349";"202100014349";10;"17:39";"1";"65";"2";"1";"1";2;43;0
"14350";"202100014350";10;"08:45";"1";"64";"2";"1";"7";6;43;-1
"14351";"202100014351";10;"12:40";"1";"64";"1";"1";"1";6;43;-1
"14352";"202100014352";10;"15:15";"1";"64";"2";"1";"1";6;43;-1
"14353";"202100014353";10;"20:00";"5";"64";"2";"1";"1";3;43;-1
"14354";"202100014354";10;"17:55";"1";"62";"2";"1";"1";6;50;2
"14355";"202100014355";10;"01:27";"3";"60";"2";"2";"1";3;49;2
"14356";"202100014356";10;"01:00";"5";"59";"2";"9";"8";6;50;3
"14357";"202100014357";10;"18:20";"1";"59";"2";"9";"1";6;50;3
"14358";"202100014358";10;"19:00";"2";"59";"2";"2";"1";3;50;3
"14359";"202100014359";10;"09:20";"1";"59";"2";"3";"1";3;50;3
"14360";"202100014360";10;"23:15";"5";"59";"2";"2";"1";3;50;3
"14361";"202100014361";10;"17:59";"1";"57";"2";"1";"2";1;49;6
"14362";"202100014362";10;"07:30";"2";"54";"2";"2";"1";6;48;6
"14363";"202100014363";10;"06:05";"5";"54";"2";"1";"1";7;48;6
"14364";"202100014364";10;"14:12";"1";"51";"2";"2";"1";1;49;4
"14365";"202100014365";10;"08:22";"1";"49";"2";"1";"1";2;47;0
"14366";"202100014366";10;"11:40";"1";"44";"2";"1";"1";3;47;-2
"14367";"202100014367";10;"07:33";"5";"41";"2";"1";"1";6;47;1
"14368";"202100014368";10;"20:45";"5";"37";"2";"1";"1";6;47;0
"14369";"202100014369";10;"13:56";"1";"37";"1";"1";"1";2;47;0
"14370";"202100014370";10;"08:35";"1";"37";"2";"1";"1";7;47;0
"14371";"202100014371";10;"17:15";"1";"37";"1";"1";"1";5;47;0
"14372";"202100014372";10;"06:45";"4";"37";"2";"1";"1";3;47;0
"14373";"202100014373";10;"13:45";"1";"35";"1";"1";"1";2;48;-1
"14374";"202100014374";10;"08:35";"1";"35";"2";"1";"1";2;48;-1
"14375";"202100014375";10;"13:54";"1";"34";"2";"1";"1";5;43;3
"14376";"202100014376";10;"14:00";"1";"34";"2";"3";"1";6;43;3
"14377";"202100014377";10;"20:00";"4";"33";"2";"3";"1";1;44;0
"14378";"202100014378";10;"12:05";"1";"33";"1";"6";"1";3;44;0
"14379";"202100014379";10;"18:00";"1";"31";"2";"1";"1";7;43;1
"14380";"202100014380";10;"11:15";"1";"30";"2";"1";"1";6;44;4
"14381";"202100014381";10;"19:04";"1";"29";"2";"3";"1";3;48;-4
"14382";"202100014382";10;"20:00";"2";"29";"2";"3";"1";1;48;-4
"14383";"202100014383";10;"16:10";"1";"27";"2";"3";"1";3;49;1
"14384";"202100014384";10;"09:45";"1";"26";"2";"3";"1";6;44;4
"14385";"202100014385";10;"16:30";"1";"26";"2";"1";"1";3;44;4
"14386";"202100014386";10;"21:42";"5";"26";"2";"3";"1";6;44;4
"14387";"202100014387";10;"09:00";"1";"26";"2";"1";"1";1;44;4
"14388";"202100014388";10;"08:03";"1";"22";"2";"1";"1";3;48;-2
"14389";"202100014389";10;"16:28";"1";"21";"2";"6";"7";3;47;4
"14390";"202100014390";10;"05:45";"5";"19";"2";"1";"1";1;45;1
"14391";"202100014391";10;"06:40";"5";"14";"2";"1";"1";6;49;0
"14392";"202100014392";10;"10:50";"1";"13";"2";"1";"1";2;43;5
"14393";"202100014393";10;"08:45";"1";"13";"2";"1";"1";5;43;5
"14394";"202100014394";10;"06:45";"5";"13";"2";"1";"1";2;43;5
"14395";"202100014395";10;"20:24";"5";"13";"2";"1";"1";6;43;5
"14396";"202100014396";10;"08:05";"1";"13";"2";"1";"1";6;43;5
"14397";"202100014397";10;"08:05";"1";"13";"1";"1";"1";3;43;4
"14398";"202100014398";10;"16:38";"1";"05";"2";"6";"1";4;44;6
"14399";"202100014399";10;"19:00";"2";"75";"2";"1";"1";2;48;2
"14400";"202100014400";10;"22:15";"5";"75";"2";"2";"1";3;48;2
"14401";"202100014401";10;"14:03";"1";"75";"2";"7";"1";5;48;2
"14402";"202100014402";10;"16:40";"1";"75";"2";"1";"1";6;48;2
"14403";"202100014403";10;"08:30";"1";"75";"2";"1";"1";6;48;2
"14404";"202100014404";10;"17:05";"1";"75";"2";"1";"1";2;48;2
"14405";"202100014405";10;"17:40";"1";"75";"2";"2";"1";4;48;2
"14406";"202100014406";10;"14:45";"1";"75";"2";"7";"1";3;48;2
"14407";"202100014407";10;"19:30";"5";"75";"2";"1";"1";3;48;2
"14408";"202100014408";10;"18:10";"1";"75";"2";"2";"1";3;48;2
"14409";"202100014409";10;"22:50";"5";"75";"2";"3";"1";3;48;2
"14410";"202100014410";10;"09:23";"1";"75";"2";"3";"1";3;48;2
"14411";"202100014411";10;"16:40";"1";"75";"2";"3";"1";3;48;2
"14412";"202100014412";10;"15:10";"1";"75";"2";"1";"1";6;48;2
"14413";"202100014413";10;"14:00";"1";"75";"2";"2";"1";6;48;2
"14414";"202100014414";10;"20:35";"5";"75";"2";"7";"1";3;48;2
"14415";"202100014415";10;"16:45";"1";"75";"2";"2";"1";3;48;2
"14416";"202100014416";10;"13:10";"1";"75";"2";"3";"1";3;48;2
"14417";"202100014417";10;"15:50";"1";"94";"2";"3";"1";3;48;2
"14418";"202100014418";10;"20:30";"5";"94";"2";"2";"1";3;48;2
"14419";"202100014419";10;"20:55";"5";"94";"2";"1";"1";4;48;2
"14420";"202100014420";10;"16:15";"1";"94";"2";"2";"1";3;48;2
"14421";"202100014421";10;"06:15";"5";"94";"2";"3";"1";6;48;2
"14422";"202100014422";10;"12:20";"1";"94";"2";"1";"1";2;48;2
"14423";"202100014423";10;"09:30";"1";"94";"2";"1";"1";6;48;2
"14424";"202100014424";10;"09:10";"1";"94";"2";"2";"1";3;48;2
"14425";"202100014425";10;"15:30";"1";"94";"2";"1";"1";3;48;2
"14426";"202100014426";10;"16:05";"1";"94";"2";"1";"1";2;48;2
"14427";"202100014427";10;"12:55";"1";"94";"2";"9";"1";3;48;2
"14428";"202100014428";10;"09:14";"1";"94";"2";"2";"1";3;48;2
"14429";"202100014429";10;"16:35";"1";"94";"2";"1";"1";6;48;2
"14430";"202100014430";10;"09:05";"1";"94";"2";"3";"1";6;48;2
"14431";"202100014431";10;"18:18";"1";"93";"2";"1";"1";3;48;2
"14432";"202100014432";10;"09:47";"1";"93";"2";"9";"1";1;48;2
"14433";"202100014433";10;"20:25";"5";"93";"2";"1";"1";3;48;2
"14434";"202100014434";10;"14:45";"1";"93";"2";"6";"1";2;48;2
"14435";"202100014435";10;"14:00";"1";"93";"2";"1";"1";6;48;2
"14436";"202100014436";10;"09:30";"1";"93";"2";"2";"1";3;48;2
"14437";"202100014437";10;"21:30";"5";"93";"2";"2";"1";3;48;2
"14438";"202100014438";10;"12:35";"1";"93";"2";"6";"1";6;48;2
"14439";"202100014439";10;"17:00";"1";"93";"2";"1";"1";1;48;2
"14440";"202100014440";10;"08:40";"1";"93";"2";"7";"1";6;48;2
"14441";"202100014441";10;"17:10";"1";"92";"2";"1";"1";6;48;2
"14442";"202100014442";10;"16:50";"1";"92";"2";"1";"7";5;48;2
"14443";"202100014443";10;"20:30";"5";"92";"2";"1";"1";3;48;2
"14444";"202100014444";10;"18:00";"1";"92";"2";"1";"1";2;48;2
"14445";"202100014445";10;"12:47";"1";"92";"2";"3";"1";3;48;2
"14446";"202100014446";10;"18:25";"1";"92";"2";"3";"1";3;48;2
"14447";"202100014447";10;"21:35";"5";"92";"2";"3";"1";6;48;2
"14448";"202100014448";10;"13:45";"1";"92";"2";"3";"1";6;48;2
"14449";"202100014449";10;"13:05";"1";"92";"2";"2";"1";3;48;2
"14450";"202100014450";10;"10:55";"1";"92";"2";"1";"1";6;48;2
"14451";"202100014451";10;"17:40";"1";"92";"2";"1";"1";3;48;2
"14452";"202100014452";10;"17:20";"1";"92";"2";"1";"1";6;48;2
"14453";"202100014453";10;"21:00";"5";"92";"2";"1";"1";6;48;2
"14454";"202100014454";10;"23:35";"3";"14";"1";"1";"1";6;48;0
"14455";"202100014455";10;"12:15";"1";"51";"1";"3";"1";3;48;4
"14456";"202100014456";10;"07:50";"1";"51";"1";"3";"1";1;48;4
"14457";"202100014457";9;"08:40";"2";"13";"2";"1";"2";1;43;4
"14458";"202100014458";10;"08:40";"1";"35";"2";"3";"1";6;47;-1
"14459";"202100014459";10;"23:20";"4";"974";"2";"1";"2";6;-21;55
"14460";"202100014460";10;"15:25";"1";"14";"1";"1";"1";6;49;0
"14461";"202100014461";10;"10:00";"1";"974";"2";"1";"1";1;-21;55
"14462";"202100014462";10;"18:20";"2";"34";"1";"1";"1";1;43;3
"14463";"202100014463";10;"10:55";"1";"69";"2";"1";"1";3;45;4
"14464";"202100014464";10;"15:00";"1";"31";"2";"1";"1";6;43;1
"14465";"202100014465";10;"14:30";"1";"51";"1";"1";"1";3;49;4
"14466";"202100014466";10;"08:20";"1";"59";"1";"1";"5";1;50;3
"14467";"202100014467";10;"17:50";"1";"59";"2";"3";"7";3;50;2
"14468";"202100014468";10;"11:40";"1";"76";"1";"1";"7";3;49;1
"14469";"202100014469";7;"17:30";"1";"2B";"2";"1";"1";7;42;9
"14470";"202100014470";10;"20:00";"3";"80";"1";"1";"1";7;50;1
"14471";"202100014471";10;"10:00";"1";"32";"2";"3";"1";3;43;0
"14472";"202100014472";10;"15:10";"1";"61";"1";"1";"1";3;48;0
"14473";"202100014473";10;"09:55";"1";"61";"1";"4";"1";7;48;0
"14474";"202100014474";10;"16:45";"1";"42";"1";"1";"1";6;45;3
"14475";"202100014475";10;"16:50";"1";"47";"1";"2";"1";3;44;0
"14476";"202100014476";10;"15:30";"1";"34";"1";"1";"1";6;43;2
"14477";"202100014477";10;"17:55";"1";"34";"2";"1";"1";6;43;3
"14478";"202100014478";10;"14:45";"1";"22";"1";"1";"1";1;48;-3
"14479";"202100014479";10;"22:30";"3";"22";"1";"1";"1";7;48;-3
"14480";"202100014480";10;"09:45";"1";"22";"1";"1";"1";1;48;-3
"14481";"202100014481";10;"11:30";"1";"25";"1";"1";"1";6;47;6
"14482";"202100014482";10;"04:45";"5";"25";"2";"9";"1";6;47;6
"14483";"202100014483";10;"11:10";"1";"29";"1";"2";"1";1;48;-4
"14484";"202100014484";10;"07:30";"3";"31";"1";"1";"1";6;42;0
"14485";"202100014485";10;"16:35";"1";"03";"1";"1";"1";3;46;2
"14486";"202100014486";9;"18:10";"1";"01";"2";"1";"1";7;46;5
"14487";"202100014487";10;"21:00";"4";"70";"1";"1";"1";7;47;6
"14488";"202100014488";10;"14:35";"1";"66";"1";"1";"1";1;42;3
"14489";"202100014489";10;"11:30";"1";"54";"1";"1";"1";1;48;5
"14490";"202100014490";10;"06:15";"3";"54";"1";"1";"1";3;48;5
"14491";"202100014491";10;"00:30";"3";"06";"1";"1";"1";6;43;7
"14492";"202100014492";10;"17:15";"1";"50";"1";"1";"7";3;48;-1
"14493";"202100014493";10;"14:20";"1";"60";"1";"1";"1";7;49;1
"14494";"202100014494";10;"17:00";"1";"18";"1";"2";"1";3;47;2
"14495";"202100014495";10;"17:55";"1";"18";"2";"6";"7";6;46;2
"14496";"202100014496";10;"16:45";"1";"10";"2";"1";"1";2;48;3
"14497";"202100014497";10;"10:25";"1";"53";"1";"3";"1";2;48;0
"14498";"202100014498";10;"15:35";"1";"85";"2";"4";"1";3;46;-1
"14499";"202100014499";10;"14:48";"1";"27";"1";"1";"1";6;49;0
"14500";"202100014500";10;"19:45";"2";"17";"1";"1";"1";6;45;0
"14501";"202100014501";10;"15:10";"1";"08";"2";"3";"1";1;49;4
"14502";"202100014502";10;"15:30";"1";"31";"1";"1";"1";1;43;1
"14503";"202100014503";10;"10:45";"1";"69";"2";"3";"1";3;45;4
"14504";"202100014504";10;"12:10";"1";"69";"2";"1";"1";6;45;4
"14505";"202100014505";10;"02:00";"3";"13";"1";"1";"1";1;43;5
"14506";"202100014506";10;"06:00";"3";"34";"1";"1";"1";7;43;3
"14507";"202100014507";10;"16:15";"1";"973";"1";"1";"1";1;5;-54
"14508";"202100014508";10;"07:50";"2";"95";"1";"1";"1";6;49;1
"14509";"202100014509";10;"10:30";"1";"78";"1";"2";"1";3;48;1
"14510";"202100014510";10;"19:45";"3";"83";"1";"1";"1";1;43;5
"14511";"202100014511";10;"16:58";"1";"05";"2";"2";"1";3;44;6
"14512";"202100014512";10;"06:00";"3";"13";"1";"1";"1";6;43;4
"14513";"202100014513";10;"10:45";"1";"67";"1";"3";"1";1;48;7
"14514";"202100014514";10;"16:00";"1";"67";"2";"1";"1";7;48;7
"14515";"202100014515";10;"09:15";"1";"38";"1";"1";"1";1;45;5
"14516";"202100014516";10;"18:55";"2";"69";"1";"1";"1";3;45;4
"14517";"202100014517";10;"15:30";"1";"69";"1";"2";"1";3;46;4
"14518";"202100014518";10;"16:40";"1";"69";"2";"9";"1";3;45;4
"14519";"202100014519";9;"08:00";"1";"09";"2";"1";"1";1;43;1
"14520";"202100014520";10;"15:50";"1";"49";"1";"1";"1";5;47;0
"14521";"202100014521";10;"18:40";"2";"22";"2";"1";"7";6;48;-2
"14522";"202100014522";10;"11:30";"1";"76";"1";"1";"1";3;49;0
"14523";"202100014523";10;"06:15";"3";"62";"1";"1";"5";6;50;2
"14524";"202100014524";10;"18:30";"2";"13";"1";"1";"1";3;43;5
"14525";"202100014525";10;"08:10";"1";"83";"1";"1";"1";4;43;5
"14526";"202100014526";10;"13:20";"1";"69";"1";"1";"1";6;45;4
"14527";"202100014527";10;"18:00";"1";"91";"1";"1";"1";2;48;2
"14528";"202100014528";10;"14:00";"1";"91";"1";"1";"1";2;48;2
"14529";"202100014529";10;"16:40";"1";"92";"1";"1";"1";3;48;2
"14530";"202100014530";10;"14:30";"1";"92";"1";"1";"1";7;48;2
"14531";"202100014531";10;"06:05";"4";"92";"1";"1";"1";3;48;2
"14532";"202100014532";10;"08:45";"1";"92";"1";"1";"1";2;48;2
"14533";"202100014533";10;"17:50";"1";"95";"1";"1";"1";3;49;2
"14534";"202100014534";10;"09:00";"1";"95";"1";"1";"1";6;48;2
"14535";"202100014535";10;"08:00";"1";"93";"1";"1";"1";2;48;2
"14536";"202100014536";10;"21:20";"3";"94";"1";"1";"1";2;48;2
"14537";"202100014537";10;"21:00";"3";"94";"1";"1";"1";4;48;2
"14538";"202100014538";10;"18:30";"2";"77";"1";"1";"1";2;48;2
"14539";"202100014539";10;"14:00";"1";"94";"1";"1";"1";5;48;2
"14540";"202100014540";10;"16:50";"1";"59";"2";"1";"1";2;50;3
"14541";"202100014541";10;"08:15";"1";"38";"2";"1";"1";3;45;5
"14542";"202100014542";6;"16:00";"1";"74";"1";"1";"1";1;46;6
"14543";"202100014543";6;"22:00";"5";"74";"1";"1";"1";1;45;6
"14544";"202100014544";10;"17:50";"1";"988";"2";"3";"1";3;-22;166
"14545";"202100014545";10;"07:15";"1";"974";"2";"1";"1";6;-20;55
"14546";"202100014546";10;"14:50";"1";"974";"2";"1";"1";2;-20;55
"14547";"202100014547";10;"20:10";"5";"69";"2";"1";"1";6;45;4
"14548";"202100014548";10;"16:45";"1";"69";"2";"3";"1";6;45;4
"14549";"202100014549";10;"13:35";"1";"69";"2";"1";"1";2;45;4
"14550";"202100014550";10;"11:19";"1";"69";"2";"3";"1";3;45;4
"14551";"202100014551";10;"22:15";"4";"69";"2";"1";"1";2;45;4
"14552";"202100014552";10;"17:20";"1";"69";"2";"1";"1";1;45;4
"14553";"202100014553";10;"14:30";"1";"69";"2";"1";"1";7;45;4
"14554";"202100014554";10;"08:50";"1";"69";"2";"5";"1";4;45;4
"14555";"202100014555";10;"04:05";"5";"69";"2";"1";"1";6;45;4