"";"Num_Acc";"mois";"hrmn";"lum";"dep";"agg";"int";"atm";"col";"lat";"long"
"14556";"202100014556";10;"15:00";"1";"971";"1";"1";"1";6;16;-61
"14557";"202100014557";10;"18:20";"1";"2A";"2";"3";"1";3;41;8
"14558";"202100014558";10;"18:00";"2";"95";"2";"1";"8";6;49;2
"14559";"202100014559";10;"00:45";"5";"91";"2";"1";"1";7;48;2
"14560";"202100014560";10;"07:35";"1";"91";"2";"3";"1";2;48;2
"14561";"202100014561";10;"20:10";"5";"91";"2";"1";"1";1;48;2
"14562";"202100014562";10;"16:55";"1";"91";"2";"7";"1";6;48;2
"14563";"202100014563";10;"08:48";"1";"91";"2";"9";"1";3;48;2
"14564";"202100014564";10;"16:50";"1";"90";"2";"1";"1";3;47;6
"14565";"202100014565";10;"10:21";"1";"87";"2";"1";"1";6;45;1
"14566";"202100014566";9;"07:50";"1";"84";"2";"9";"1";3;44;5
"14567";"202100014567";10;"18:00";"1";"83";"1";"1";"1";6;43;5
"14568";"202100014568";10;"07:40";"1";"83";"2";"1";"1";6;43;5
"14569";"202100014569";10;"08:30";"1";"83";"2";"1";"7";6;43;5
"14570";"202100014570";10;"08:37";"1";"78";"2";"1";"1";3;48;2
"14571";"202100014571";10;"21:10";"3";"78";"1";"1";"1";6;48;1
"14572";"202100014572";10;"18:00";"1";"77";"2";"1";"1";3;48;2
"14573";"202100014573";10;"17:45";"1";"76";"1";"1";"1";7;49;0
"14574";"202100014574";10;"09:10";"1";"76";"2";"4";"1";6;49;0
"14575";"202100014575";10;"07:55";"2";"76";"2";"2";"1";3;49;1
"14576";"202100014576";10;"18:55";"1";"74";"2";"1";"8";2;46;6
"14577";"202100014577";10;"17:30";"1";"74";"2";"2";"2";3;46;6
"14578";"202100014578";10;"15:45";"1";"72";"1";"1";"1";1;47;0
"14579";"202100014579";10;"08:25";"1";"72";"2";"1";"7";1;47;0
"14580";"202100014580";10;"12:15";"1";"71";"2";"4";"1";3;46;4
"14581";"202100014581";10;"15:10";"1";"71";"2";"1";"1";6;46;4
"14582";"202100014582";10;"14:15";"1";"69";"2";"1";"1";6;45;4
"14583";"202100014583";10;"17:20";"1";"67";"2";"3";"2";3;48;7
"14584";"202100014584";10;"16:25";"1";"67";"2";"3";"2";3;48;7
"14585";"202100014585";10;"11:30";"1";"67";"2";"3";"1";2;48;7
"14586";"202100014586";10;"09:52";"1";"66";"2";"3";"1";6;42;2
"14587";"202100014587";10;"18:32";"1";"66";"2";"1";"1";6;42;2
"14588";"202100014588";10;"11:30";"1";"65";"2";"9";"1";6;43;0
"14589";"202100014589";9;"12:20";"1";"64";"2";"2";"1";3;43;0
"14590";"202100014590";9;"07:50";"5";"62";"2";"1";"2";7;50;2
"14591";"202100014591";10;"12:40";"1";"62";"2";"1";"2";6;50;1
"14592";"202100014592";9;"10:09";"1";"62";"2";"6";"1";3;50;1
"14593";"202100014593";10;"23:30";"5";"62";"1";"1";"3";6;50;1
"14594";"202100014594";10;"15:40";"1";"59";"2";"2";"1";3;50;3
"14595";"202100014595";10;"12:15";"1";"59";"2";"2";"7";3;50;3
"14596";"202100014596";10;"08:00";"1";"59";"2";"1";"1";6;50;3
"14597";"202100014597";10;"08:55";"1";"59";"2";"3";"1";6;50;3
"14598";"202100014598";9;"09:32";"1";"54";"2";"7";"9";6;48;5
"14599";"202100014599";10;"11:57";"1";"51";"2";"1";"1";3;49;4
"14600";"202100014600";10;"07:55";"1";"51";"2";"2";"1";3;49;4
"14601";"202100014601";10;"08:31";"1";"49";"2";"1";"1";6;47;0
"14602";"202100014602";10;"17:20";"1";"45";"2";"1";"1";6;47;1
"14603";"202100014603";10;"08:50";"1";"45";"2";"3";"1";3;47;1
"14604";"202100014604";10;"13:40";"1";"44";"2";"1";"1";3;47;-1
"14605";"202100014605";10;"16:48";"1";"37";"2";"1";"1";3;47;0
"14606";"202100014606";10;"04:20";"5";"37";"2";"7";"1";6;47;0
"14607";"202100014607";10;"06:50";"3";"35";"1";"1";"1";3;48;-1
"14608";"202100014608";10;"10:25";"1";"33";"2";"7";"7";3;44;0
"14609";"202100014609";10;"18:50";"2";"33";"2";"3";"1";2;44;0
"14610";"202100014610";10;"23:04";"5";"29";"2";"6";"1";6;48;-4
"14611";"202100014611";10;"06:50";"5";"29";"2";"2";"1";1;48;-4
"14612";"202100014612";10;"16:45";"1";"27";"2";"9";"1";7;49;1
"14613";"202100014613";10;"16:30";"1";"25";"2";"1";"1";3;47;5
"14614";"202100014614";10;"07:15";"5";"25";"2";"2";"1";6;47;6
"14615";"202100014615";10;"15:00";"1";"17";"2";"1";"1";2;46;-1
"14616";"202100014616";10;"09:10";"1";"17";"2";"1";"7";6;46;-1
"14617";"202100014617";10;"17:00";"1";"13";"2";"1";"1";2;43;5
"14618";"202100014618";10;"22:10";"3";"13";"1";"1";"1";3;43;4
"14619";"202100014619";10;"15:10";"1";"13";"2";"1";"1";2;43;5
"14620";"202100014620";10;"07:45";"1";"13";"2";"3";"1";3;43;5
"14621";"202100014621";10;"18:20";"1";"10";"2";"1";"1";1;48;4
"14622";"202100014622";10;"19:25";"3";"06";"2";"1";"1";6;43;7
"14623";"202100014623";10;"09:30";"1";"06";"2";"1";"1";2;43;6
"14624";"202100014624";9;"07:06";"5";"02";"2";"9";"2";6;49;3
"14625";"202100014625";10;"14:35";"1";"01";"1";"1";"1";1;46;5
"14626";"202100014626";10;"13:30";"1";"01";"2";"2";"1";3;46;5
"14627";"202100014627";10;"09:35";"1";"75";"2";"1";"1";7;48;2
"14628";"202100014628";10;"13:50";"1";"75";"2";"1";"1";7;48;2
"14629";"202100014629";10;"00:48";"5";"75";"2";"7";"1";6;48;2
"14630";"202100014630";10;"08:40";"1";"75";"2";"1";"1";3;48;2
"14631";"202100014631";10;"14:00";"1";"75";"2";"2";"1";2;48;2
"14632";"202100014632";10;"19:00";"5";"75";"2";"1";"1";6;48;2
"14633";"202100014633";10;"11:55";"1";"75";"2";"1";"1";3;48;2
"14634";"202100014634";10;"13:25";"1";"75";"2";"3";"7";3;48;2
"14635";"202100014635";10;"15:55";"1";"75";"2";"3";"1";3;48;2
"14636";"202100014636";10;"20:15";"5";"75";"2";"3";"1";3;48;2
"14637";"202100014637";10;"23:41";"5";"75";"2";"2";"1";3;48;2
"14638";"202100014638";10;"22:15";"5";"75";"2";"3";"1";3;48;2
"14639";"202100014639";10;"16:00";"1";"75";"2";"2";"1";3;48;2
"14640";"202100014640";10;"12:55";"1";"75";"2";"3";"1";3;48;2
"14641";"202100014641";10;"10:15";"1";"75";"2";"3";"1";3;48;2
"14642";"202100014642";10;"19:30";"5";"94";"2";"1";"1";3;48;2
"14643";"202100014643";10;"10:00";"1";"94";"2";"1";"2";2;48;2
"14644";"202100014644";10;"09:20";"1";"94";"2";"1";"1";6;48;2
"14645";"202100014645";10;"18:20";"1";"94";"2";"1";"1";2;48;2
"14646";"202100014646";10;"19:30";"2";"94";"2";"2";"2";3;48;2
"14647";"202100014647";10;"17:30";"1";"94";"2";"1";"1";3;48;2
"14648";"202100014648";10;"12:35";"1";"93";"2";"1";"1";6;48;2
"14649";"202100014649";10;"20:40";"5";"93";"2";"3";"1";2;48;2
"14650";"202100014650";10;"07:10";"3";"93";"2";"1";"1";6;48;2
"14651";"202100014651";10;"23:50";"5";"93";"2";"1";"1";4;48;2
"14652";"202100014652";10;"17:50";"1";"93";"2";"2";"1";3;48;2
"14653";"202100014653";10;"15:10";"1";"93";"2";"3";"1";6;48;2
"14654";"202100014654";10;"09:50";"1";"93";"2";"2";"1";3;48;2
"14655";"202100014655";10;"08:36";"1";"93";"2";"1";"7";2;48;2
"14656";"202100014656";10;"13:34";"1";"93";"2";"1";"1";1;48;2
"14657";"202100014657";10;"10:15";"1";"93";"2";"1";"1";7;48;2
"14658";"202100014658";10;"13:45";"1";"93";"2";"1";"1";3;48;2
"14659";"202100014659";10;"20:35";"5";"93";"2";"2";"1";3;48;2
"14660";"202100014660";10;"11:55";"1";"92";"2";"3";"1";3;48;2
"14661";"202100014661";10;"17:00";"1";"92";"2";"1";"8";6;48;2
"14662";"202100014662";10;"16:50";"1";"92";"2";"1";"1";6;48;2
"14663";"202100014663";10;"11:00";"1";"92";"2";"9";"8";6;48;2
"14664";"202100014664";10;"08:22";"1";"92";"2";"1";"1";3;48;2
"14665";"202100014665";10;"19:25";"2";"92";"2";"1";"1";3;48;2
"14666";"202100014666";10;"17:10";"1";"92";"2";"1";"1";3;48;2
"14667";"202100014667";10;"08:15";"1";"35";"2";"1";"1";6;47;-2
"14668";"202100014668";10;"13:45";"1";"2B";"1";"1";"1";1;42;8
"14669";"202100014669";10;"13:00";"1";"50";"1";"1";"1";1;48;-1
"14670";"202100014670";7;"12:00";"1";"33";"2";"2";"1";1;44;0
"14671";"202100014671";10;"10:05";"1";"87";"2";"1";"1";1;45;0
"14672";"202100014672";10;"14:10";"1";"21";"1";"1";"1";3;47;5
"14673";"202100014673";10;"14:00";"1";"974";"2";"1";"8";1;-21;55
"14674";"202100014674";10;"07:30";"1";"83";"2";"1";"1";3;43;6
"14675";"202100014675";10;"08:40";"2";"14";"1";"1";"7";2;49;0
"14676";"202100014676";10;"01:00";"3";"68";"1";"1";"1";2;47;7
"14677";"202100014677";10;"13:20";"1";"85";"1";"1";"1";3;46;-1
"14678";"202100014678";10;"07:20";"1";"67";"1";"2";"1";3;48;7
"14679";"202100014679";10;"17:15";"1";"62";"1";"1";"1";1;50;2
"14680";"202100014680";10;"23:40";"3";"74";"1";"1";"1";6;46;6
"14681";"202100014681";10;"07:30";"2";"83";"1";"1";"1";1;43;6
"14682";"202100014682";10;"19:00";"2";"57";"2";"1";"1";3;49;6
"14683";"202100014683";10;"15:00";"1";"80";"1";"1";"1";6;49;1
"14684";"202100014684";10;"11:30";"1";"65";"2";"1";"1";2;43;0
"14685";"202100014685";10;"21:35";"5";"89";"2";"1";"1";6;47;3
"14686";"202100014686";10;"16:50";"1";"63";"2";"1";"1";3;45;3
"14687";"202100014687";10;"08:40";"1";"61";"1";"1";"1";7;48;0
"14688";"202100014688";10;"17:20";"1";"41";"1";"3";"1";3;47;0
"14689";"202100014689";10;"07:30";"1";"41";"2";"1";"1";3;47;1
"14690";"202100014690";10;"12:45";"1";"34";"1";"1";"2";1;43;3
"14691";"202100014691";9;"17:00";"1";"44";"1";"2";"1";3;47;-1
"14692";"202100014692";10;"23:34";"3";"44";"1";"1";"1";6;47;-2
"14693";"202100014693";10;"21:55";"4";"29";"2";"1";"1";6;48;-3
"14694";"202100014694";10;"21:15";"5";"50";"2";"1";"1";6;48;0
"14695";"202100014695";10;"18:00";"2";"09";"1";"1";"7";6;43;1
"14696";"202100014696";10;"17:30";"1";"60";"2";"1";"1";1;49;2
"14697";"202100014697";10;"18:20";"2";"60";"2";"4";"1";7;49;1
"14698";"202100014698";10;"23:55";"3";"45";"1";"1";"1";7;47;1
"14699";"202100014699";10;"15:10";"1";"16";"1";"1";"1";1;45;0
"14700";"202100014700";10;"09:25";"1";"17";"1";"1";"1";6;46;-1
"14701";"202100014701";10;"16:05";"1";"49";"1";"1";"1";1;47;0
"14702";"202100014702";10;"15:40";"1";"84";"1";"1";"6";2;44;4
"14703";"202100014703";10;"05:00";"4";"62";"1";"1";"1";2;50;2
"14704";"202100014704";10;"08:05";"1";"77";"2";"1";"1";7;48;2
"14705";"202100014705";10;"14:50";"1";"77";"2";"9";"1";6;48;3
"14706";"202100014706";10;"13:29";"1";"77";"2";"1";"7";6;48;2
"14707";"202100014707";10;"11:55";"1";"2B";"1";"1";"8";1;42;9
"14708";"202100014708";10;"09:25";"1";"84";"1";"1";"1";3;43;4
"14709";"202100014709";10;"23:30";"5";"71";"2";"1";"1";1;46;3
"14710";"202100014710";9;"11:40";"1";"69";"1";"1";"1";2;45;4
"14711";"202100014711";10;"14:50";"1";"81";"2";"1";"1";6;43;1
"14712";"202100014712";10;"02:15";"3";"79";"1";"1";"1";6;46;0
"14713";"202100014713";10;"17:18";"1";"17";"2";"1";"1";7;45;-1
"14714";"202100014714";10;"13:09";"1";"14";"2";"6";"1";7;48;0
"14715";"202100014715";10;"11:45";"1";"14";"2";"3";"1";3;48;0
"14716";"202100014716";10;"17:30";"1";"22";"1";"3";"1";3;48;-2
"14717";"202100014717";10;"19:20";"2";"76";"2";"2";"1";3;49;1
"14718";"202100014718";10;"13:09";"1";"60";"1";"1";"1";4;49;2
"14719";"202100014719";7;"19:01";"1";"59";"1";"1";"2";6;50;3
"14720";"202100014720";9;"16:40";"1";"59";"2";"1";"1";7;50;3
"14721";"202100014721";10;"18:15";"1";"13";"1";"1";"1";5;43;5
"14722";"202100014722";10;"18:39";"2";"13";"1";"1";"1";4;43;5
"14723";"202100014723";10;"16:10";"1";"13";"1";"1";"6";3;43;5
"14724";"202100014724";10;"23:41";"3";"13";"1";"1";"1";2;43;5
"14725";"202100014725";6;"20:50";"1";"69";"1";"1";"3";2;45;4
"14726";"202100014726";9;"07:30";"1";"69";"1";"1";"1";2;45;4
"14727";"202100014727";10;"10:40";"1";"42";"1";"1";"1";4;45;4
"14728";"202100014728";10;"02:20";"3";"57";"1";"1";"1";2;49;6
"14729";"202100014729";10;"12:20";"1";"33";"1";"1";"1";4;44;0
"14730";"202100014730";10;"16:30";"1";"94";"1";"1";"1";3;48;2
"14731";"202100014731";10;"07:00";"3";"91";"1";"1";"1";4;48;2
"14732";"202100014732";10;"01:26";"3";"94";"2";"1";"1";2;48;2
"14733";"202100014733";10;"16:15";"1";"91";"1";"1";"1";3;48;2
"14734";"202100014734";10;"16:10";"1";"78";"1";"1";"1";6;48;1
"14735";"202100014735";10;"10:05";"1";"92";"1";"1";"1";2;48;2
"14736";"202100014736";10;"09:15";"1";"78";"1";"1";"1";2;48;2
"14737";"202100014737";10;"08:35";"1";"78";"1";"1";"1";3;48;2
"14738";"202100014738";10;"18:10";"1";"92";"1";"1";"1";6;48;2
"14739";"202100014739";10;"17:45";"1";"78";"1";"1";"1";2;48;2
"14740";"202100014740";10;"12:10";"1";"92";"1";"1";"1";2;48;2
"14741";"202100014741";10;"23:15";"5";"92";"1";"1";"1";6;48;2
"14742";"202100014742";10;"09:40";"1";"93";"1";"1";"1";2;48;2
"14743";"202100014743";10;"09:50";"1";"93";"1";"1";"1";3;48;2
"14744";"202100014744";10;"07:20";"3";"92";"1";"1";"1";2;48;2
"14745";"202100014745";10;"07:30";"2";"77";"1";"1";"1";7;48;2
"14746";"202100014746";10;"05:00";"5";"94";"1";"1";"1";3;48;2
"14747";"202100014747";10;"06:45";"5";"77";"1";"1";"1";3;48;2
"14748";"202100014748";7;"10:10";"1";"14";"1";"1";"8";2;49;0
"14749";"202100014749";10;"20:15";"5";"69";"2";"1";"1";6;45;4
"14750";"202100014750";10;"18:30";"1";"92";"2";"1";"1";6;48;2
"14751";"202100014751";5;"13:10";"1";"26";"2";"1";"1";6;45;5
"14752";"202100014752";3;"11:25";"1";"39";"2";"1";"1";6;47;5
"14753";"202100014753";7;"10:35";"1";"35";"2";"1";"1";6;48;-1
"14754";"202100014754";5;"12:45";"1";"14";"1";"1";"1";5;49;0
"14755";"202100014755";10;"07:15";"1";"976";"2";"3";"1";3;-12;45
"14756";"202100014756";9;"14:35";"1";"976";"2";"1";"1";7;-12;45
"14757";"202100014757";9;"05:50";"2";"976";"2";"1";"1";7;-12;45
"14758";"202100014758";10;"15:30";"1";"974";"2";"1";"1";7;-21;55
"14759";"202100014759";10;"14:50";"1";"974";"2";"1";"1";3;-20;55
"14760";"202100014760";10;"19:40";"5";"974";"2";"1";"1";6;-20;55
"14761";"202100014761";10;"18:15";"2";"973";"2";"1";"1";2;4;-52
"14762";"202100014762";10;"15:09";"1";"973";"2";"1";"1";3;4;-52
"14763";"202100014763";10;"12:00";"1";"973";"1";"6";"1";3;4;-52
"14764";"202100014764";10;"23:45";"5";"69";"2";"2";"1";6;45;4
"14765";"202100014765";10;"16:30";"1";"69";"2";"4";"1";6;45;4
"14766";"202100014766";10;"14:45";"1";"69";"2";"2";"8";5;45;4
"14767";"202100014767";10;"13:30";"1";"69";"2";"1";"1";6;45;4
"14768";"202100014768";10;"15:20";"1";"95";"2";"1";"1";6;49;2
"14769";"202100014769";10;"08:30";"1";"95";"2";"1";"1";6;48;2
"14770";"202100014770";10;"08:40";"1";"91";"2";"1";"1";3;48;2
"14771";"202100014771";10;"14:15";"1";"91";"2";"1";"1";3;48;2
"14772";"202100014772";10;"13:00";"1";"91";"2";"1";"1";6;48;2
"14773";"202100014773";10;"19:41";"1";"87";"2";"2";"2";3;45;1
"14774";"202100014774";10;"12:35";"1";"83";"2";"1";"1";2;43;6
"14775";"202100014775";10;"22:25";"5";"83";"2";"1";"2";7;43;6
"14776";"202100014776";10;"17:40";"1";"82";"2";"3";"1";3;44;1
"14777";"202100014777";10;"15:50";"1";"78";"1";"1";"1";4;48;2
"14778";"202100014778";10;"05:30";"5";"78";"2";"7";"3";3;49;2
"14779";"202100014779";10;"15:50";"1";"77";"2";"1";"1";1;48;2
"14780";"202100014780";10;"16:35";"1";"69";"2";"9";"1";3;45;5
"14781";"202100014781";10;"18:40";"1";"69";"2";"2";"8";3;45;4
"14782";"202100014782";10;"17:35";"1";"67";"2";"1";"2";6;48;7
"14783";"202100014783";10;"03:30";"5";"67";"2";"1";"1";6;48;7
"14784";"202100014784";10;"20:31";"5";"66";"2";"3";"1";3;42;2
"14785";"202100014785";10;"18:15";"1";"66";"2";"1";"1";6;42;2
"14786";"202100014786";10;"13:28";"1";"65";"2";"1";"1";2;43;0
"14787";"202100014787";10;"10:25";"1";"65";"2";"1";"1";2;43;0
"14788";"202100014788";10;"07:50";"1";"62";"2";"1";"8";6;50;1
"14789";"202100014789";10;"11:40";"1";"60";"2";"1";"1";6;49;2
"14790";"202100014790";10;"07:40";"1";"60";"2";"3";"1";3;49;2
"14791";"202100014791";9;"06:20";"5";"59";"2";"3";"1";2;50;3
"14792";"202100014792";9;"22:00";"5";"59";"2";"3";"1";3;50;3
"14793";"202100014793";10;"20:14";"3";"57";"1";"1";"2";1;48;7
"14794";"202100014794";10;"19:40";"5";"54";"2";"3";"2";6;48;6
"14795";"202100014795";10;"07:23";"5";"54";"2";"7";"8";6;49;5
"14796";"202100014796";10;"12:10";"1";"51";"2";"2";"1";3;49;4
"14797";"202100014797";10;"17:55";"1";"51";"2";"1";"2";4;49;4
"14798";"202100014798";10;"07:50";"1";"51";"2";"4";"1";1;49;4
"14799";"202100014799";10;"07:53";"2";"49";"1";"1";"3";4;47;0
"14800";"202100014800";10;"07:50";"2";"45";"2";"1";"1";3;47;1
"14801";"202100014801";10;"08:50";"1";"45";"2";"2";"1";3;47;1
"14802";"202100014802";10;"12:25";"1";"41";"2";"1";"1";3;47;1
"14803";"202100014803";10;"12:20";"1";"35";"2";"6";"1";2;48;-1
"14804";"202100014804";10;"18:35";"1";"33";"2";"2";"1";6;44;0
"14805";"202100014805";10;"19:40";"2";"31";"2";"1";"1";6;43;1
"14806";"202100014806";10;"14:50";"1";"29";"2";"1";"1";6;48;-4
"14807";"202100014807";10;"19:35";"5";"25";"2";"1";"3";1;47;6
"14808";"202100014808";10;"19:45";"5";"25";"2";"1";"2";3;47;6
"14809";"202100014809";10;"14:20";"1";"19";"2";"1";"2";6;45;1
"14810";"202100014810";10;"10:30";"1";"14";"2";"1";"1";3;49;0
"14811";"202100014811";10;"18:45";"1";"14";"2";"3";"1";2;49;0
"14812";"202100014812";10;"13:50";"1";"14";"2";"1";"2";3;49;0
"14813";"202100014813";10;"14:45";"1";"13";"2";"1";"1";3;43;5
"14814";"202100014814";10;"14:35";"1";"13";"2";"2";"1";1;43;5
"14815";"202100014815";10;"08:15";"1";"13";"2";"1";"1";3;43;5
"14816";"202100014816";10;"08:20";"1";"13";"2";"1";"1";3;43;5
"14817";"202100014817";10;"21:30";"5";"13";"2";"3";"1";3;43;5
"14818";"202100014818";8;"18:40";"1";"13";"2";"7";"1";3;43;5
"14819";"202100014819";10;"11:55";"1";"07";"2";"1";"1";3;44;4
"14820";"202100014820";10;"09:45";"1";"07";"2";"9";"2";3;44;4
"14821";"202100014821";10;"00:53";"5";"06";"2";"9";"1";6;43;7
"14822";"202100014822";10;"17:45";"1";"06";"2";"1";"1";7;43;7
"14823";"202100014823";10;"14:05";"1";"06";"2";"1";"1";2;43;7
"14824";"202100014824";10;"15:35";"1";"06";"2";"6";"1";6;43;7
"14825";"202100014825";1;"08:45";"2";"91";"2";"2";"1";3;48;2
"14826";"202100014826";7;"21:45";"5";"74";"1";"1";"1";7;45;6
"14827";"202100014827";7;"13:00";"1";"74";"2";"1";"1";2;45;6
"14828";"202100014828";10;"09:00";"1";"75";"2";"4";"2";3;48;2
"14829";"202100014829";10;"11:00";"1";"75";"2";"2";"1";3;48;2
"14830";"202100014830";10;"17:35";"1";"75";"2";"1";"1";6;48;2
"14831";"202100014831";10;"17:05";"1";"75";"2";"2";"1";3;48;2
"14832";"202100014832";10;"12:40";"1";"75";"2";"3";"1";6;48;2
"14833";"202100014833";10;"14:10";"1";"75";"2";"3";"1";7;48;2
"14834";"202100014834";10;"19:00";"2";"75";"2";"2";"1";6;48;2
"14835";"202100014835";10;"17:00";"1";"75";"2";"2";"1";3;48;2
"14836";"202100014836";10;"12:10";"1";"75";"2";"2";"1";3;48;2
"14837";"202100014837";10;"18:50";"2";"75";"2";"1";"1";3;48;2
"14838";"202100014838";10;"13:55";"1";"75";"2";"2";"2";3;48;2
"14839";"202100014839";10;"09:15";"1";"75";"2";"2";"2";6;48;2
"14840";"202100014840";10;"20:30";"5";"75";"2";"4";"1";6;48;2
"14841";"202100014841";10;"15:00";"1";"75";"2";"2";"1";6;48;2
"14842";"202100014842";10;"09:30";"1";"75";"2";"2";"1";6;48;2
"14843";"202100014843";10;"09:05";"1";"75";"2";"2";"1";3;48;2
"14844";"202100014844";10;"21:15";"5";"75";"2";"3";"2";2;48;2
"14845";"202100014845";10;"12:15";"1";"75";"2";"5";"1";3;48;2
"14846";"202100014846";10;"11:05";"1";"94";"2";"2";"1";3;48;2
"14847";"202100014847";10;"10:43";"1";"94";"2";"1";"1";4;48;2
"14848";"202100014848";10;"16:15";"1";"94";"2";"1";"1";3;48;2
"14849";"202100014849";10;"17:12";"1";"94";"2";"1";"1";1;48;2
"14850";"202100014850";10;"07:10";"5";"94";"2";"1";"1";6;48;2
"14851";"202100014851";10;"07:00";"3";"94";"2";"1";"1";6;48;2
"14852";"202100014852";10;"15:30";"1";"94";"2";"1";"1";6;48;2
"14853";"202100014853";10;"13:20";"1";"94";"2";"1";"1";1;48;2
"14854";"202100014854";10;"18:00";"1";"93";"2";"9";"1";4;48;2
"14855";"202100014855";10;"15:00";"1";"93";"2";"1";"1";2;48;2
"14856";"202100014856";10;"14:10";"1";"93";"2";"1";"1";3;48;2
"14857";"202100014857";10;"13:30";"1";"93";"2";"1";"1";1;48;2
"14858";"202100014858";10;"23:05";"5";"93";"2";"1";"1";6;48;2
"14859";"202100014859";10;"11:00";"1";"93";"2";"1";"1";3;48;2
"14860";"202100014860";10;"09:00";"1";"93";"2";"2";"3";6;48;2
"14861";"202100014861";10;"22:40";"4";"93";"2";"2";"1";1;48;2
"14862";"202100014862";10;"21:49";"5";"93";"2";"9";"1";2;48;2
"14863";"202100014863";10;"20:10";"5";"92";"2";"6";"1";2;48;2
"14864";"202100014864";9;"17:35";"1";"92";"2";"2";"1";2;48;2
"14865";"202100014865";10;"08:57";"1";"92";"2";"1";"1";3;48;2
"14866";"202100014866";10;"10:40";"1";"92";"2";"3";"1";3;48;2
"14867";"202100014867";10;"19:00";"1";"92";"2";"1";"1";2;48;2
"14868";"202100014868";10;"23:50";"5";"92";"2";"1";"1";7;48;2
"14869";"202100014869";10;"11:55";"1";"92";"2";"1";"1";7;48;2
"14870";"202100014870";10;"16:25";"1";"92";"2";"2";"1";2;48;2
"14871";"202100014871";10;"08:56";"1";"92";"2";"1";"1";3;48;2
"14872";"202100014872";10;"21:05";"5";"92";"2";"3";"1";6;48;2
"14873";"202100014873";10;"19:30";"2";"92";"2";"1";"1";2;48;2
"14874";"202100014874";10;"08:30";"2";"92";"2";"3";"1";3;48;2
"14875";"202100014875";10;"13:15";"1";"21";"1";"1";"1";2;47;5
"14876";"202100014876";10;"15:50";"1";"23";"1";"1";"1";7;46;1
"14877";"202100014877";8;"18:00";"2";"974";"1";"1";"1";2;-21;55
"14878";"202100014878";10;"18:00";"2";"19";"1";"1";"1";6;45;1
"14879";"202100014879";10;"15:53";"1";"79";"1";"1";"1";7;46;0
"14880";"202100014880";10;"17:30";"1";"80";"2";"3";"1";3;49;2
"14881";"202100014881";10;"16:00";"1";"65";"1";"1";"1";1;42;0
"14882";"202100014882";10;"15:50";"1";"32";"1";"1";"1";2;43;0
"14883";"202100014883";10;"18:00";"1";"44";"1";"1";"1";1;47;-1
"14884";"202100014884";10;"12:10";"1";"02";"2";"9";"1";1;49;3
"14885";"202100014885";10;"23:30";"3";"03";"1";"1";"1";1;46;2
"14886";"202100014886";10;"17:00";"1";"64";"1";"1";"1";5;43;-1
"14887";"202100014887";8;"07:00";"1";"64";"1";"3";"1";1;43;-1
"14888";"202100014888";10;"10:50";"1";"64";"2";"2";"1";6;43;0
"14889";"202100014889";10;"20:30";"5";"64";"1";"1";"1";2;43;0
"14890";"202100014890";8;"10:25";"1";"36";"2";"1";"1";3;46;2
"14891";"202100014891";10;"18:00";"1";"16";"1";"2";"1";3;45;0
"14892";"202100014892";9;"17:15";"1";"07";"1";"1";"2";1;44;4
"14893";"202100014893";10;"21:00";"3";"17";"1";"1";"1";1;45;-1
"14894";"202100014894";10;"19:30";"2";"23";"1";"1";"1";2;45;2
"14895";"202100014895";10;"17:45";"1";"87";"1";"1";"1";7;46;1
"14896";"202100014896";10;"03:02";"3";"30";"1";"6";"1";7;43;4
"14897";"202100014897";8;"14:15";"1";"30";"1";"9";"1";1;43;4
"14898";"202100014898";10;"13:05";"1";"08";"2";"3";"2";7;50;4
"14899";"202100014899";10;"17:10";"1";"88";"1";"2";"1";1;48;5
"14900";"202100014900";10;"02:00";"3";"43";"1";"1";"1";6;45;4
"14901";"202100014901";9;"17:10";"1";"13";"1";"3";"1";3;43;5
"14902";"202100014902";10;"18:35";"2";"78";"1";"3";"1";7;48;1
"14903";"202100014903";10;"12:17";"1";"06";"2";"3";"1";1;43;6
"14904";"202100014904";10;"23:25";"3";"971";"1";"1";"1";6;16;-61
"14905";"202100014905";10;"04:10";"5";"978";"2";"1";"1";3;18;-63
"14906";"202100014906";10;"17:45";"1";"95";"1";"1";"1";5;49;2
"14907";"202100014907";10;"23:30";"3";"2B";"1";"1";"1";6;42;9
"14908";"202100014908";10;"19:00";"2";"2B";"1";"9";"1";4;42;9
"14909";"202100014909";10;"10:30";"1";"52";"1";"1";"2";6;48;5
"14910";"202100014910";10;"08:00";"1";"88";"1";"1";"8";3;48;6
"14911";"202100014911";10;"19:45";"3";"88";"2";"1";"2";3;48;6
"14912";"202100014912";10;"19:00";"1";"63";"1";"1";"1";3;45;3
"14913";"202100014913";10;"10:50";"1";"07";"1";"1";"1";1;44;4
"14914";"202100014914";10;"11:25";"1";"65";"1";"1";"1";2;43;0
"14915";"202100014915";8;"23:35";"3";"17";"1";"1";"1";7;45;-1
"14916";"202100014916";9;"12:00";"1";"22";"1";"2";"1";3;48;-1