"";"Num_Acc";"mois";"hrmn";"lum";"dep";"agg";"int";"atm";"col";"lat";"long"
"14917";"202100014917";10;"13:25";"1";"62";"2";"1";"1";6;50;2
"14918";"202100014918";10;"16:30";"1";"62";"2";"4";"1";3;50;2
"14919";"202100014919";10;"07:10";"3";"59";"1";"1";"8";6;50;3
"14920";"202100014920";10;"15:40";"1";"42";"1";"1";"3";7;45;4
"14921";"202100014921";10;"07:25";"2";"33";"1";"1";"1";4;44;0
"14922";"202100014922";10;"04:28";"3";"94";"1";"1";"1";2;48;2
"14923";"202100014923";10;"19:20";"3";"78";"1";"1";"2";3;48;1
"14924";"202100014924";10;"07:35";"3";"95";"1";"1";"1";2;48;2
"14925";"202100014925";10;"23:50";"3";"95";"1";"1";"1";6;48;2
"14926";"202100014926";10;"22:20";"3";"95";"1";"1";"2";6;48;2
"14927";"202100014927";10;"18:45";"1";"93";"1";"1";"1";3;48;2
"14928";"202100014928";10;"18:35";"1";"94";"1";"1";"1";4;48;2
"14929";"202100014929";10;"16:00";"1";"94";"1";"1";"1";2;48;2
"14930";"202100014930";10;"23:50";"3";"94";"1";"1";"1";2;48;2
"14931";"202100014931";6;"21:15";"2";"13";"1";"1";"1";2;43;5
"14932";"202100014932";10;"14:00";"1";"971";"2";"1";"1";6;16;-61
"14933";"202100014933";10;"19:55";"5";"38";"2";"1";"2";6;45;5
"14934";"202100014934";10;"07:20";"5";"33";"2";"3";"2";6;44;0
"14935";"202100014935";10;"17:10";"1";"72";"2";"1";"1";6;48;0
"14936";"202100014936";9;"13:20";"1";"60";"1";"1";"1";6;49;2
"14937";"202100014937";6;"19:40";"1";"62";"2";"1";"1";7;50;2
"14938";"202100014938";7;"11:10";"1";"14";"1";"1";"2";7;49;0
"14939";"202100014939";3;"06:55";"2";"14";"2";"1";"1";7;49;0
"14940";"202100014940";2;"15:57";"1";"91";"2";"2";"1";6;48;2
"14941";"202100014941";7;"23:05";"5";"74";"2";"1";"2";7;45;6
"14942";"202100014942";7;"20:14";"1";"74";"1";"1";"1";3;46;6
"14943";"202100014943";7;"22:30";"3";"69";"1";"1";"2";2;45;4
"14944";"202100014944";10;"10:17";"1";"976";"2";"6";"1";3;-12;45
"14945";"202100014945";10;"07:39";"1";"976";"2";"1";"2";1;-12;45
"14946";"202100014946";10;"18:45";"3";"974";"1";"1";"1";1;-21;55
"14947";"202100014947";10;"20:00";"5";"974";"2";"1";"1";1;-20;55
"14948";"202100014948";10;"21:30";"5";"974";"2";"1";"2";1;-20;55
"14949";"202100014949";10;"10:25";"1";"974";"1";"1";"2";7;-20;55
"14950";"202100014950";10;"18:09";"5";"973";"2";"2";"1";3;4;-52
"14951";"202100014951";10;"22:13";"3";"69";"2";"2";"2";3;45;4
"14952";"202100014952";10;"10:00";"1";"69";"2";"1";"1";6;45;4
"14953";"202100014953";10;"01:40";"5";"69";"2";"1";"2";7;45;4
"14954";"202100014954";10;"20:20";"2";"69";"2";"2";"2";3;45;4
"14955";"202100014955";10;"18:00";"1";"69";"2";"1";"2";2;45;4
"14956";"202100014956";10;"08:15";"1";"69";"2";"2";"3";6;45;4
"14957";"202100014957";10;"13:00";"1";"972";"2";"1";"1";1;14;-60
"14958";"202100014958";10;"10:00";"1";"972";"1";"1";"1";3;14;-61
"14959";"202100014959";10;"06:45";"1";"972";"2";"1";"1";5;14;-61
"14960";"202100014960";10;"21:14";"5";"69";"2";"1";"2";3;45;4
"14961";"202100014961";10;"15:00";"1";"69";"2";"1";"2";5;45;4
"14962";"202100014962";10;"15:00";"1";"69";"2";"1";"2";2;45;4
"14963";"202100014963";10;"07:56";"1";"69";"2";"2";"1";6;45;4
"14964";"202100014964";10;"08:10";"1";"69";"2";"3";"1";1;45;4
"14965";"202100014965";10;"12:00";"1";"69";"2";"1";"1";6;45;4
"14966";"202100014966";10;"07:00";"3";"69";"2";"1";"2";2;45;4
"14967";"202100014967";10;"18:15";"2";"2B";"2";"1";"2";6;42;9
"14968";"202100014968";10;"22:05";"5";"971";"1";"1";"1";1;16;-61
"14969";"202100014969";10;"11:10";"1";"971";"1";"9";"1";3;16;-61
"14970";"202100014970";10;"19:47";"5";"2A";"2";"1";"2";5;41;8
"14971";"202100014971";10;"15:10";"1";"2A";"2";"1";"1";6;41;8
"14972";"202100014972";10;"12:05";"1";"2A";"2";"1";"1";7;41;8
"14973";"202100014973";10;"16:45";"1";"2A";"1";"1";"1";1;41;8
"14974";"202100014974";10;"17:50";"1";"91";"2";"1";"1";3;48;2
"14975";"202100014975";10;"19:00";"1";"91";"2";"1";"1";4;48;2
"14976";"202100014976";10;"12:39";"1";"87";"2";"1";"1";7;45;1
"14977";"202100014977";10;"15:38";"1";"87";"2";"6";"1";7;45;1
"14978";"202100014978";10;"07:58";"2";"87";"2";"1";"2";6;45;1
"14979";"202100014979";10;"15:43";"1";"87";"2";"3";"1";3;45;1
"14980";"202100014980";10;"11:54";"1";"87";"2";"1";"1";6;45;1
"14981";"202100014981";10;"06:51";"5";"87";"2";"3";"1";2;45;1
"14982";"202100014982";10;"17:18";"1";"87";"2";"1";"1";6;45;1
"14983";"202100014983";10;"11:37";"1";"84";"2";"2";"8";3;44;4
"14984";"202100014984";10;"08:10";"1";"83";"2";"1";"1";3;43;5
"14985";"202100014985";10;"12:40";"1";"83";"2";"1";"2";6;43;5
"14986";"202100014986";10;"21:50";"5";"83";"2";"3";"1";1;43;6
"14987";"202100014987";10;"08:00";"1";"83";"2";"1";"8";6;43;6
"14988";"202100014988";10;"22:05";"5";"80";"2";"1";"3";6;49;2
"14989";"202100014989";10;"16:50";"1";"80";"2";"1";"3";4;49;2
"14990";"202100014990";9;"23:15";"5";"78";"2";"1";"1";6;48;2
"14991";"202100014991";10;"08:15";"1";"78";"2";"3";"3";7;48;2
"14992";"202100014992";10;"22:00";"5";"78";"2";"1";"1";3;48;2
"14993";"202100014993";10;"17:37";"1";"77";"2";"2";"1";7;48;2
"14994";"202100014994";10;"13:10";"1";"77";"1";"9";"1";1;48;2
"14995";"202100014995";9;"15:40";"1";"76";"2";"1";"1";6;49;1
"14996";"202100014996";10;"08:00";"3";"76";"2";"6";"2";6;49;0
"14997";"202100014997";10;"06:30";"5";"76";"2";"2";"2";1;49;0
"14998";"202100014998";10;"15:10";"1";"74";"2";"1";"1";3;46;6
"14999";"202100014999";10;"13:05";"1";"72";"2";"3";"1";2;48;0
"15000";"202100015000";10;"14:30";"1";"71";"2";"9";"1";6;46;4
"15001";"202100015001";10;"01:30";"5";"71";"2";"1";"2";6;46;4
"15002";"202100015002";10;"13:35";"1";"71";"2";"1";"1";2;46;4
"15003";"202100015003";10;"07:15";"1";"69";"1";"1";"7";1;45;4
"15004";"202100015004";10;"20:45";"5";"69";"2";"2";"2";1;45;4
"15005";"202100015005";10;"18:10";"1";"69";"2";"1";"2";4;45;4
"15006";"202100015006";10;"12:00";"1";"69";"1";"3";"1";3;45;4
"15007";"202100015007";10;"07:30";"2";"68";"2";"6";"3";6;48;7
"15008";"202100015008";10;"20:20";"5";"67";"2";"1";"2";6;48;7
"15009";"202100015009";10;"09:35";"1";"67";"1";"1";"2";1;48;7
"15010";"202100015010";10;"11:10";"1";"67";"2";"3";"2";1;48;7
"15011";"202100015011";10;"03:57";"5";"67";"2";"3";"1";3;48;7
"15012";"202100015012";10;"13:00";"1";"66";"2";"1";"1";6;42;2
"15013";"202100015013";9;"21:40";"5";"66";"2";"1";"1";6;42;2
"15014";"202100015014";9;"17:19";"1";"66";"2";"2";"1";1;42;2
"15015";"202100015015";10;"17:43";"1";"64";"2";"1";"1";3;43;0
"15016";"202100015016";10;"10:20";"1";"64";"2";"3";"1";7;43;0
"15017";"202100015017";10;"02:39";"5";"63";"2";"2";"1";3;45;3
"15018";"202100015018";10;"21:11";"5";"63";"2";"1";"1";7;45;3
"15019";"202100015019";10;"15:10";"1";"63";"2";"1";"1";2;45;3
"15020";"202100015020";10;"11:42";"1";"63";"2";"3";"1";3;45;3
"15021";"202100015021";10;"07:56";"2";"63";"2";"1";"1";2;45;3
"15022";"202100015022";9;"18:25";"2";"63";"2";"3";"1";1;45;3
"15023";"202100015023";9;"16:35";"1";"63";"2";"6";"1";3;45;3
"15024";"202100015024";9;"14:20";"1";"62";"2";"1";"1";6;50;2
"15025";"202100015025";8;"18:30";"1";"62";"2";"1";"1";7;50;2
"15026";"202100015026";10;"13:49";"1";"62";"2";"1";"1";6;50;2
"15027";"202100015027";10;"09:00";"1";"61";"2";"6";"1";6;48;0
"15028";"202100015028";9;"15:00";"1";"59";"2";"1";"1";6;50;3
"15029";"202100015029";10;"18:35";"1";"59";"2";"1";"1";3;50;3
"15030";"202100015030";10;"14:16";"1";"57";"2";"3";"1";5;49;6
"15031";"202100015031";10;"10:20";"1";"56";"2";"2";"2";3;47;-2
"15032";"202100015032";10;"18:05";"1";"56";"2";"3";"1";2;47;-3
"15033";"202100015033";10;"08:15";"2";"56";"1";"1";"2";6;47;-3
"15034";"202100015034";10;"18:30";"1";"56";"2";"6";"1";3;47;-3
"15035";"202100015035";10;"17:10";"1";"56";"2";"1";"1";6;47;-3
"15036";"202100015036";10;"09:52";"1";"54";"2";"6";"1";6;48;6
"15037";"202100015037";10;"16:45";"1";"54";"2";"1";"2";1;48;6
"15038";"202100015038";10;"18:09";"2";"54";"1";"1";"2";6;49;5
"15039";"202100015039";10;"19:50";"5";"51";"2";"2";"2";3;49;4
"15040";"202100015040";10;"15:35";"1";"51";"2";"3";"2";7;49;4
"15041";"202100015041";10;"13:00";"1";"51";"2";"2";"2";3;49;4
"15042";"202100015042";10;"14:30";"1";"50";"2";"1";"1";3;49;-1
"15043";"202100015043";10;"12:30";"1";"49";"2";"1";"8";6;47;0
"15044";"202100015044";10;"14:35";"1";"49";"1";"1";"1";3;47;0
"15045";"202100015045";10;"18:19";"1";"49";"2";"1";"3";1;47;0
"15046";"202100015046";10;"07:03";"5";"47";"2";"2";"1";3;44;0
"15047";"202100015047";10;"15:00";"1";"45";"1";"1";"2";2;47;1
"15048";"202100015048";10;"07:55";"1";"45";"1";"2";"1";3;48;2
"15049";"202100015049";10;"22:00";"5";"44";"2";"1";"1";3;47;-1
"15050";"202100015050";10;"10:30";"1";"44";"2";"1";"7";6;47;-1
"15051";"202100015051";10;"10:45";"1";"44";"2";"1";"7";6;47;-1
"15052";"202100015052";10;"15:10";"1";"43";"2";"1";"1";3;45;3
"15053";"202100015053";10;"17:40";"1";"41";"1";"1";"1";4;47;1
"15054";"202100015054";10;"18:42";"5";"41";"2";"1";"2";4;47;1
"15055";"202100015055";10;"07:40";"5";"38";"2";"9";"3";3;45;5
"15056";"202100015056";10;"07:40";"2";"37";"2";"1";"2";7;47;0
"15057";"202100015057";10;"10:28";"1";"37";"2";"1";"1";6;47;0
"15058";"202100015058";10;"19:45";"2";"37";"2";"1";"1";2;47;0
"15059";"202100015059";10;"12:40";"1";"37";"2";"1";"2";7;47;0
"15060";"202100015060";10;"12:30";"1";"35";"2";"1";"3";6;48;-2
"15061";"202100015061";10;"17:50";"1";"35";"1";"1";"1";4;48;-1
"15062";"202100015062";10;"16:45";"1";"35";"2";"1";"1";1;48;-1
"15063";"202100015063";10;"08:50";"1";"35";"2";"1";"1";6;48;-1
"15064";"202100015064";10;"08:45";"1";"35";"2";"2";"1";3;48;-1
"15065";"202100015065";10;"06:40";"3";"35";"1";"1";"1";2;48;-1
"15066";"202100015066";9;"15:15";"1";"35";"2";"2";"1";6;48;-1
"15067";"202100015067";10;"19:20";"1";"34";"2";"1";"1";3;43;3
"15068";"202100015068";10;"13:45";"1";"34";"1";"1";"1";3;43;3
"15069";"202100015069";10;"21:20";"5";"33";"2";"2";"1";3;44;0
"15070";"202100015070";10;"18:35";"1";"33";"2";"3";"1";3;44;0
"15071";"202100015071";10;"18:00";"1";"33";"2";"1";"1";6;44;0
"15072";"202100015072";9;"09:15";"1";"33";"2";"2";"1";3;44;0
"15073";"202100015073";10;"11:45";"1";"31";"2";"6";"2";3;43;1
"15074";"202100015074";10;"07:20";"1";"31";"2";"1";"1";6;43;1
"15075";"202100015075";9;"12:45";"1";"30";"2";"1";"1";6;43;4
"15076";"202100015076";10;"15:10";"1";"30";"2";"2";"1";3;44;4
"15077";"202100015077";10;"08:50";"1";"29";"2";"1";"1";2;47;-4
"15078";"202100015078";10;"12:30";"1";"26";"2";"9";"1";6;44;4
"15079";"202100015079";10;"19:25";"5";"21";"2";"3";"1";3;47;5
"15080";"202100015080";10;"17:57";"1";"17";"2";"1";"8";7;46;-1
"15081";"202100015081";10;"07:55";"2";"14";"2";"1";"3";6;49;0
"15082";"202100015082";10;"18:05";"1";"14";"2";"1";"3";7;49;0
"15083";"202100015083";10;"19:00";"1";"13";"2";"1";"1";4;43;5
"15084";"202100015084";10;"18:30";"1";"13";"2";"1";"1";6;43;5
"15085";"202100015085";10;"19:15";"2";"13";"2";"1";"1";3;43;5
"15086";"202100015086";10;"07:00";"2";"13";"1";"1";"1";6;43;5
"15087";"202100015087";10;"21:40";"5";"13";"2";"1";"1";6;43;5
"15088";"202100015088";10;"21:30";"5";"13";"2";"6";"2";3;43;5
"15089";"202100015089";9;"09:00";"1";"13";"2";"1";"1";2;43;5
"15090";"202100015090";9;"16:35";"1";"12";"2";"1";"1";1;44;2
"15091";"202100015091";10;"11:30";"1";"11";"2";"9";"1";6;43;2
"15092";"202100015092";10;"17:00";"1";"11";"2";"1";"1";6;43;2
"15093";"202100015093";10;"02:00";"3";"11";"1";"1";"1";6;43;2
"15094";"202100015094";10;"09:05";"1";"07";"2";"2";"8";3;44;4
"15095";"202100015095";10;"15:10";"1";"06";"2";"1";"1";3;43;7
"15096";"202100015096";10;"13:25";"1";"05";"2";"1";"1";3;44;6
"15097";"202100015097";10;"09:50";"1";"05";"2";"6";"3";6;44;6
"15098";"202100015098";10;"06:30";"3";"04";"1";"1";"8";1;43;5
"15099";"202100015099";10;"13:00";"1";"03";"2";"1";"3";6;46;3
"15100";"202100015100";10;"20:30";"3";"01";"1";"9";"2";6;46;5
"15101";"202100015101";10;"19:00";"5";"75";"2";"4";"2";7;48;2
"15102";"202100015102";10;"17:40";"1";"75";"2";"1";"8";5;48;2
"15103";"202100015103";10;"14:20";"1";"75";"2";"1";"1";2;48;2
"15104";"202100015104";10;"06:52";"5";"75";"2";"1";"1";2;48;2
"15105";"202100015105";10;"00:10";"5";"75";"2";"2";"8";2;48;2
"15106";"202100015106";10;"18:35";"1";"75";"2";"5";"2";3;48;2
"15107";"202100015107";10;"07:30";"1";"75";"2";"7";"8";3;48;2
"15108";"202100015108";10;"20:09";"5";"75";"2";"2";"2";3;48;2
"15109";"202100015109";10;"17:25";"1";"75";"2";"1";"1";6;48;2
"15110";"202100015110";10;"10:40";"1";"75";"2";"7";"2";7;48;2
"15111";"202100015111";10;"09:50";"1";"75";"2";"4";"3";6;48;2
"15112";"202100015112";10;"07:10";"2";"75";"2";"2";"1";3;48;2
"15113";"202100015113";10;"13:00";"1";"75";"2";"2";"1";3;48;2
"15114";"202100015114";10;"09:15";"1";"75";"2";"3";"3";3;48;2
"15115";"202100015115";10;"11:20";"1";"75";"2";"1";"3";6;48;2
"15116";"202100015116";10;"14:10";"1";"75";"2";"3";"2";3;48;2
"15117";"202100015117";10;"09:50";"1";"75";"2";"3";"3";2;48;2
"15118";"202100015118";10;"20:30";"5";"75";"2";"1";"2";6;48;2
"15119";"202100015119";10;"18:50";"2";"75";"2";"3";"2";7;48;2
"15120";"202100015120";10;"13:30";"1";"75";"2";"3";"8";3;48;2
"15121";"202100015121";10;"13:10";"1";"94";"2";"1";"1";6;48;2
"15122";"202100015122";10;"23:30";"5";"94";"2";"1";"1";3;48;2
"15123";"202100015123";10;"08:55";"1";"94";"2";"1";"3";1;48;2
"15124";"202100015124";10;"07:05";"2";"94";"2";"1";"1";6;48;2
"15125";"202100015125";10;"02:20";"3";"94";"1";"1";"1";6;48;2
"15126";"202100015126";10;"07:50";"2";"94";"2";"9";"2";3;48;2
"15127";"202100015127";10;"19:20";"2";"94";"2";"1";"1";3;48;2
"15128";"202100015128";9;"07:40";"1";"94";"1";"1";"1";3;48;2
"15129";"202100015129";10;"22:40";"5";"94";"1";"1";"2";2;48;2
"15130";"202100015130";10;"07:10";"5";"94";"2";"1";"1";6;48;2
"15131";"202100015131";10;"17:00";"1";"93";"2";"3";"1";3;48;2
"15132";"202100015132";10;"15:30";"1";"93";"2";"3";"1";6;48;2
"15133";"202100015133";10;"08:30";"1";"93";"2";"3";"1";3;48;2
"15134";"202100015134";10;"14:50";"1";"93";"2";"9";"2";3;48;2
"15135";"202100015135";10;"21:45";"5";"93";"2";"6";"2";3;48;2
"15136";"202100015136";10;"11:45";"1";"93";"2";"2";"3";3;48;2
"15137";"202100015137";10;"12:30";"1";"93";"2";"1";"2";3;48;2
"15138";"202100015138";10;"09:40";"1";"92";"2";"1";"3";7;48;2
"15139";"202100015139";10;"13:30";"1";"92";"2";"3";"1";3;48;2
"15140";"202100015140";10;"17:30";"1";"92";"2";"2";"8";3;48;2
"15141";"202100015141";10;"21:20";"5";"92";"2";"9";"1";6;48;2
"15142";"202100015142";10;"16:51";"1";"92";"2";"1";"1";3;48;2
"15143";"202100015143";10;"12:55";"1";"92";"2";"1";"1";3;48;2
"15144";"202100015144";10;"16:40";"1";"92";"2";"6";"1";2;48;2
"15145";"202100015145";10;"10:15";"1";"92";"2";"9";"1";3;48;2
"15146";"202100015146";10;"17:00";"1";"92";"2";"4";"1";2;48;2
"15147";"202100015147";9;"13:55";"1";"37";"2";"1";"1";1;47;0
"15148";"202100015148";10;"16:00";"1";"54";"2";"2";"2";1;48;6
"15149";"202100015149";9;"09:35";"1";"38";"1";"2";"1";3;45;5
"15150";"202100015150";9;"19:10";"2";"22";"1";"1";"1";7;48;-2
"15151";"202100015151";10;"05:00";"3";"95";"1";"1";"2";1;49;2
"15152";"202100015152";10;"16:00";"1";"84";"1";"1";"1";7;44;4
"15153";"202100015153";10;"08:30";"1";"28";"1";"1";"7";1;48;1
"15154";"202100015154";9;"08:15";"2";"68";"2";"6";"1";3;47;7
"15155";"202100015155";10;"17:45";"1";"86";"1";"1";"2";7;46;0
"15156";"202100015156";10;"21:45";"3";"72";"1";"1";"8";6;47;0
"15157";"202100015157";8;"17:40";"1";"19";"1";"1";"1";7;45;1
"15158";"202100015158";10;"07:00";"2";"71";"1";"1";"8";1;46;4
"15159";"202100015159";10;"10:45";"1";"44";"1";"2";"1";3;47;-1
"15160";"202100015160";10;"15:00";"1";"44";"1";"1";"1";1;47;-1
"15161";"202100015161";10;"16:40";"1";"29";"1";"3";"1";3;48;-3
"15162";"202100015162";10;"14:00";"1";"38";"1";"4";"1";2;45;5
"15163";"202100015163";9;"20:00";"2";"84";"1";"2";"1";3;43;5
"15164";"202100015164";10;"06:35";"3";"72";"1";"1";"1";2;48;0
"15165";"202100015165";10;"13:30";"1";"72";"1";"1";"1";1;47;0
"15166";"202100015166";10;"07:45";"2";"14";"1";"1";"2";5;49;0
"15167";"202100015167";10;"07:30";"2";"14";"1";"1";"1";3;49;0
"15168";"202100015168";10;"16:45";"1";"60";"1";"1";"1";5;49;1
"15169";"202100015169";10;"11:25";"1";"73";"2";"1";"1";1;45;6
"15170";"202100015170";10;"10:45";"1";"40";"1";"1";"2";2;44;-1
"15171";"202100015171";10;"11:10";"1";"24";"2";"1";"3";6;45;1
"15172";"202100015172";10;"09:00";"1";"24";"1";"1";"1";1;44;1
"15173";"202100015173";10;"14:10";"1";"04";"1";"1";"1";7;43;5
"15174";"202100015174";10;"12:00";"1";"28";"1";"1";"8";1;48;0
"15175";"202100015175";10;"18:00";"1";"48";"1";"1";"8";1;44;3
"15176";"202100015176";10;"18:22";"1";"88";"2";"1";"2";6;48;5
"15177";"202100015177";10;"12:15";"1";"978";"2";"1";"1";1;18;-63
"15178";"202100015178";9;"16:55";"1";"69";"2";"1";"1";6;45;4
"15179";"202100015179";10;"14:00";"1";"18";"1";"1";"1";6;46;2
"15180";"202100015180";10;"13:30";"1";"45";"1";"1";"1";6;47;1
"15181";"202100015181";10;"11:20";"1";"27";"1";"1";"1";2;49;0
"15182";"202100015182";10;"19:40";"3";"77";"1";"1";"1";6;48;2
"15183";"202100015183";10;"20:10";"3";"77";"1";"1";"2";7;48;2
"15184";"202100015184";10;"15:05";"1";"91";"2";"1";"1";7;48;2
"15185";"202100015185";10;"07:55";"1";"83";"1";"1";"6";3;43;6
"15186";"202100015186";10;"23:57";"5";"69";"2";"1";"1";7;45;4
"15187";"202100015187";10;"11:45";"1";"81";"1";"1";"1";2;43;2
"15188";"202100015188";10;"17:00";"1";"23";"2";"2";"8";1;45;2
"15189";"202100015189";10;"14:30";"1";"60";"2";"6";"3";7;49;1
"15190";"202100015190";10;"14:50";"1";"60";"1";"3";"1";3;49;1
"15191";"202100015191";10;"11:30";"1";"13";"1";"1";"2";2;43;5
"15192";"202100015192";10;"08:22";"1";"13";"1";"1";"2";2;43;5
"15193";"202100015193";10;"14:30";"1";"69";"1";"1";"1";2;45;4
"15194";"202100015194";9;"05:50";"3";"69";"1";"9";"1";3;45;4
"15195";"202100015195";9;"04:40";"3";"42";"1";"1";"8";2;45;4
"15196";"202100015196";10;"18:20";"1";"33";"1";"1";"1";5;44;0
"15197";"202100015197";10;"16:46";"1";"91";"1";"1";"2";2;48;2
"15198";"202100015198";10;"14:00";"1";"91";"1";"1";"1";2;48;2
"15199";"202100015199";10;"07:50";"3";"91";"1";"1";"2";3;48;2
"15200";"202100015200";10;"21:26";"3";"91";"1";"1";"1";1;48;2
"15201";"202100015201";10;"18:10";"1";"92";"1";"1";"8";3;48;2
"15202";"202100015202";10;"12:35";"1";"78";"1";"1";"1";4;48;2
"15203";"202100015203";10;"12:35";"1";"92";"1";"1";"8";4;48;2
"15204";"202100015204";10;"09:50";"1";"78";"1";"1";"3";4;48;2
"15205";"202100015205";10;"07:30";"2";"92";"1";"1";"2";3;48;2
"15206";"202100015206";10;"10:00";"1";"78";"1";"1";"1";2;48;2
"15207";"202100015207";10;"19:50";"3";"93";"1";"1";"2";4;48;2
"15208";"202100015208";10;"21:30";"3";"93";"1";"1";"2";7;48;2
"15209";"202100015209";10;"17:50";"1";"60";"1";"1";"2";5;49;2
"15210";"202100015210";10;"13:00";"1";"93";"1";"1";"2";2;48;2
"15211";"202100015211";10;"11:00";"1";"93";"1";"1";"3";2;48;2
"15212";"202100015212";9;"14:00";"1";"95";"1";"1";"1";2;48;2
"15213";"202100015213";10;"03:10";"3";"93";"1";"1";"1";6;48;2
"15214";"202100015214";10;"16:40";"1";"77";"1";"1";"1";7;48;2
"15215";"202100015215";10;"09:30";"1";"94";"1";"1";"3";5;48;2
"15216";"202100015216";10;"22:50";"3";"94";"1";"1";"2";2;48;2
"15217";"202100015217";6;"16:45";"1";"09";"2";"1";"1";2;42;1
"15218";"202100015218";10;"05:35";"3";"75";"2";"4";"2";6;48;2
"15219";"202100015219";10;"16:05";"1";"75";"2";"7";"1";3;48;2
"15220";"202100015220";10;"16:30";"1";"75";"2";"3";"1";6;48;2
"15221";"202100015221";10;"13:30";"1";"75";"2";"3";"1";3;48;2
"15222";"202100015222";10;"10:50";"1";"75";"2";"1";"1";6;48;2
"15223";"202100015223";10;"12:25";"1";"75";"2";"1";"2";3;48;2
"15224";"202100015224";10;"19:35";"5";"75";"2";"1";"1";2;48;2
"15225";"202100015225";10;"17:10";"1";"75";"2";"5";"1";3;48;2
"15226";"202100015226";10;"13:45";"1";"75";"2";"3";"1";6;48;2
"15227";"202100015227";10;"16:30";"1";"75";"2";"3";"1";7;48;2
"15228";"202100015228";10;"06:18";"5";"75";"2";"2";"1";3;48;2
"15229";"202100015229";10;"09:50";"1";"75";"2";"7";"1";1;48;2
"15230";"202100015230";10;"09:20";"1";"75";"2";"2";"1";6;48;2
"15231";"202100015231";10;"19:00";"1";"75";"2";"2";"1";7;48;2
"15232";"202100015232";10;"08:55";"1";"75";"2";"2";"1";3;48;2
"15233";"202100015233";10;"06:40";"5";"75";"2";"2";"1";6;48;2
"15234";"202100015234";10;"12:30";"1";"94";"2";"2";"1";1;48;2
"15235";"202100015235";10;"13:20";"1";"94";"2";"1";"1";6;48;2
"15236";"202100015236";10;"16:30";"1";"94";"2";"1";"1";1;48;2
"15237";"202100015237";10;"09:10";"1";"93";"2";"9";"1";1;48;2
"15238";"202100015238";10;"11:08";"1";"93";"2";"1";"2";3;48;2
"15239";"202100015239";10;"08:40";"1";"93";"2";"9";"1";3;48;2
"15240";"202100015240";10;"23:45";"5";"93";"2";"1";"1";3;48;2
"15241";"202100015241";10;"17:40";"1";"93";"2";"1";"1";3;48;2
"15242";"202100015242";10;"10:15";"1";"93";"2";"3";"1";6;48;2
"15243";"202100015243";10;"07:50";"1";"93";"2";"2";"1";1;48;2
"15244";"202100015244";10;"14:38";"1";"93";"2";"1";"1";6;48;2
"15245";"202100015245";10;"00:10";"5";"92";"2";"1";"1";7;48;2
"15246";"202100015246";10;"16:35";"1";"92";"2";"7";"1";6;48;2
"15247";"202100015247";9;"16:04";"1";"92";"2";"2";"1";3;48;2
"15248";"202100015248";10;"19:25";"2";"92";"2";"1";"1";6;48;2
"15249";"202100015249";10;"11:50";"1";"92";"2";"1";"1";6;48;2
"15250";"202100015250";10;"00:53";"5";"974";"1";"1";"1";6;-21;55
"15251";"202100015251";10;"16:50";"1";"12";"2";"1";"8";2;44;2
"15252";"202100015252";10;"13:00";"1";"45";"1";"1";"1";2;47;2
"15253";"202100015253";10;"01:45";"3";"49";"1";"4";"2";7;47;0
"15254";"202100015254";10;"07:00";"1";"974";"2";"1";"1";3;-21;55
"15255";"202100015255";10;"16:55";"1";"74";"2";"1";"3";6;45;6
"15256";"202100015256";10;"21:05";"5";"83";"2";"1";"1";1;43;6
"15257";"202100015257";9;"07:45";"2";"24";"1";"1";"1";5;45;0
"15258";"202100015258";10;"20:15";"2";"56";"1";"1";"3";6;47;-2
"15259";"202100015259";10;"15:55";"1";"74";"1";"1";"5";7;46;6
"15260";"202100015260";10;"17:40";"1";"76";"1";"2";"3";3;49;0
"15261";"202100015261";10;"00:00";"3";"79";"1";"1";"1";6;46;0
"15262";"202100015262";10;"17:00";"1";"33";"1";"3";"1";1;44;0
"15263";"202100015263";10;"14:30";"1";"33";"2";"1";"8";6;45;-1
"15264";"202100015264";10;"11:00";"1";"32";"1";"1";"1";1;43;0
"15265";"202100015265";9;"14:45";"1";"49";"2";"1";"1";7;47;0
"15266";"202100015266";10;"17:00";"1";"49";"2";"3";"1";3;47;0
"15267";"202100015267";10;"00:25";"5";"68";"1";"1";"2";7;47;7
"15268";"202100015268";10;"15:55";"1";"25";"1";"1";"2";7;47;6
"15269";"202100015269";10;"12:50";"1";"35";"1";"1";"7";7;48;-1
"15270";"202100015270";10;"15:00";"1";"35";"1";"3";"1";3;48;-1
"15271";"202100015271";10;"09:30";"1";"31";"1";"2";"1";3;43;1
"15272";"202100015272";10;"11:45";"1";"03";"1";"1";"3";1;46;3
"15273";"202100015273";10;"15:25";"1";"15";"1";"1";"1";2;45;3
"15274";"202100015274";10;"06:15";"2";"54";"1";"1";"5";6;48;6
"15275";"202100015275";9;"16:30";"1";"06";"1";"1";"1";6;43;7
"15276";"202100015276";10;"15:30";"1";"14";"2";"2";"2";3;48;0