"";"Num_Acc";"mois";"hrmn";"lum";"dep";"agg";"int";"atm";"col";"lat";"long"
"15277";"202100015277";10;"01:30";"5";"85";"2";"3";"2";6;46;-1
"15278";"202100015278";10;"10:30";"1";"27";"1";"2";"1";2;48;0
"15279";"202100015279";10;"07:30";"1";"06";"1";"6";"1";6;43;7
"15280";"202100015280";10;"15:20";"1";"72";"1";"1";"2";2;48;0
"15281";"202100015281";10;"08:45";"1";"07";"1";"1";"1";1;44;3
"15282";"202100015282";9;"06:40";"2";"06";"1";"1";"1";6;43;7
"15283";"202100015283";10;"21:50";"3";"11";"1";"1";"2";4;43;3
"15284";"202100015284";10;"18:30";"5";"976";"2";"1";"1";2;-12;45
"15285";"202100015285";9;"03:50";"5";"971";"1";"1";"1";6;16;-61
"15286";"202100015286";8;"16:30";"1";"37";"1";"4";"1";3;47;0
"15287";"202100015287";9;"09:15";"1";"66";"2";"1";"1";3;42;3
"15288";"202100015288";8;"09:00";"1";"84";"2";"6";"7";2;43;5
"15289";"202100015289";10;"15:35";"1";"04";"2";"1";"1";2;44;6
"15290";"202100015290";8;"06:00";"2";"52";"2";"3";"8";6;47;5
"15291";"202100015291";10;"17:15";"1";"57";"1";"4";"2";2;49;6
"15292";"202100015292";8;"07:05";"1";"32";"1";"1";"1";6;43;0
"15293";"202100015293";10;"03:45";"3";"17";"1";"1";"1";6;45;0
"15294";"202100015294";7;"03:00";"3";"33";"2";"1";"1";6;44;0
"15295";"202100015295";10;"06:25";"3";"14";"1";"1";"3";1;48;0
"15296";"202100015296";9;"19:25";"3";"13";"1";"1";"1";3;43;5
"15297";"202100015297";9;"22:20";"3";"67";"2";"1";"2";4;48;7
"15298";"202100015298";10;"18:50";"1";"59";"1";"1";"2";2;50;2
"15299";"202100015299";10;"08:30";"1";"91";"1";"1";"1";2;48;2
"15300";"202100015300";10;"00:20";"3";"94";"1";"1";"1";2;48;2
"15301";"202100015301";10;"23:23";"3";"94";"1";"1";"1";2;48;2
"15302";"202100015302";10;"18:24";"1";"78";"1";"1";"1";2;48;2
"15303";"202100015303";10;"17:50";"1";"92";"1";"1";"1";3;48;2
"15304";"202100015304";10;"08:35";"1";"78";"1";"1";"1";2;48;1
"15305";"202100015305";10;"02:55";"3";"92";"1";"1";"3";5;48;2
"15306";"202100015306";10;"10:15";"1";"95";"1";"1";"1";2;49;2
"15307";"202100015307";10;"09:30";"1";"95";"1";"1";"1";2;49;2
"15308";"202100015308";10;"09:00";"1";"93";"1";"1";"1";3;48;2
"15309";"202100015309";10;"10:40";"1";"93";"1";"1";"1";6;48;2
"15310";"202100015310";10;"11:15";"1";"78";"1";"1";"1";6;48;2
"15311";"202100015311";10;"15:40";"1";"69";"2";"1";"2";6;45;4
"15312";"202100015312";10;"05:20";"4";"69";"2";"9";"8";6;45;4
"15313";"202100015313";10;"08:50";"1";"2B";"2";"2";"1";3;42;9
"15314";"202100015314";10;"20:08";"5";"91";"2";"1";"2";1;48;2
"15315";"202100015315";10;"06:10";"3";"91";"1";"1";"2";2;48;2
"15316";"202100015316";10;"11:15";"1";"91";"2";"2";"1";3;48;2
"15317";"202100015317";10;"12:30";"1";"83";"2";"1";"1";3;43;6
"15318";"202100015318";10;"20:00";"5";"81";"1";"1";"1";7;43;2
"15319";"202100015319";10;"07:30";"2";"73";"2";"1";"1";1;45;5
"15320";"202100015320";10;"09:20";"1";"69";"2";"2";"1";3;45;4
"15321";"202100015321";10;"13:20";"1";"64";"2";"1";"2";1;43;-1
"15322";"202100015322";10;"21:20";"5";"64";"2";"3";"2";3;43;-1
"15323";"202100015323";10;"16:15";"1";"61";"1";"3";"2";3;48;0
"15324";"202100015324";10;"13:25";"1";"59";"2";"1";"2";6;50;3
"15325";"202100015325";10;"06:40";"5";"59";"2";"1";"3";1;50;3
"15326";"202100015326";10;"17:00";"1";"59";"2";"3";"2";7;50;3
"15327";"202100015327";10;"02:45";"5";"59";"2";"1";"2";6;50;3
"15328";"202100015328";10;"15:10";"1";"59";"2";"1";"1";6;51;2
"15329";"202100015329";10;"03:30";"5";"57";"1";"1";"1";6;49;6
"15330";"202100015330";10;"05:00";"5";"51";"2";"3";"2";7;49;4
"15331";"202100015331";10;"19:00";"1";"49";"2";"1";"1";7;47;0
"15332";"202100015332";10;"15:08";"1";"49";"2";"1";"1";3;47;0
"15333";"202100015333";10;"09:20";"1";"49";"2";"1";"1";7;47;0
"15334";"202100015334";10;"13:00";"1";"45";"1";"1";"1";6;47;1
"15335";"202100015335";10;"06:15";"5";"45";"2";"1";"2";2;47;1
"15336";"202100015336";10;"17:20";"1";"45";"2";"1";"2";3;47;1
"15337";"202100015337";10;"21:35";"5";"35";"2";"1";"1";6;48;-1
"15338";"202100015338";10;"13:10";"1";"33";"2";"1";"2";2;44;0
"15339";"202100015339";10;"17:52";"1";"32";"1";"1";"2";7;43;0
"15340";"202100015340";10;"13:30";"1";"31";"2";"5";"3";3;43;1
"15341";"202100015341";10;"09:30";"1";"31";"2";"1";"1";2;43;1
"15342";"202100015342";10;"19:55";"5";"22";"2";"6";"2";7;48;-2
"15343";"202100015343";10;"17:20";"1";"17";"2";"2";"2";3;45;-1
"15344";"202100015344";10;"17:50";"1";"13";"2";"1";"1";3;43;5
"15345";"202100015345";10;"11:15";"1";"13";"2";"1";"1";1;43;5
"15346";"202100015346";10;"21:50";"5";"13";"2";"6";"2";3;43;4
"15347";"202100015347";10;"16:20";"1";"11";"2";"3";"1";2;43;2
"15348";"202100015348";10;"12:00";"1";"07";"2";"1";"1";7;44;4
"15349";"202100015349";10;"20:30";"3";"06";"2";"1";"1";6;43;7
"15350";"202100015350";10;"11:00";"1";"06";"2";"1";"1";6;43;7
"15351";"202100015351";10;"13:55";"1";"01";"2";"6";"1";3;46;5
"15352";"202100015352";10;"19:40";"5";"75";"2";"1";"2";2;48;2
"15353";"202100015353";10;"00:30";"5";"75";"2";"1";"2";2;48;2
"15354";"202100015354";10;"02:25";"5";"75";"2";"7";"2";3;48;2
"15355";"202100015355";10;"16:33";"1";"75";"2";"2";"2";6;48;2
"15356";"202100015356";10;"12:30";"1";"75";"2";"1";"2";2;48;2
"15357";"202100015357";10;"20:10";"5";"75";"2";"3";"1";3;48;2
"15358";"202100015358";10;"20:45";"5";"75";"2";"2";"1";6;48;2
"15359";"202100015359";10;"23:00";"5";"75";"2";"2";"3";4;48;2
"15360";"202100015360";10;"20:50";"5";"75";"2";"4";"2";6;48;2
"15361";"202100015361";10;"17:55";"1";"75";"2";"2";"2";2;48;2
"15362";"202100015362";10;"13:00";"1";"94";"2";"1";"2";4;48;2
"15363";"202100015363";10;"14:40";"1";"94";"2";"1";"2";3;48;2
"15364";"202100015364";10;"14:20";"1";"93";"1";"9";"8";6;49;2
"15365";"202100015365";10;"01:20";"5";"93";"2";"1";"6";1;48;2
"15366";"202100015366";10;"13:59";"1";"93";"2";"1";"1";2;48;2
"15367";"202100015367";10;"02:30";"5";"93";"2";"1";"3";6;48;2
"15368";"202100015368";10;"12:00";"1";"93";"2";"1";"3";6;48;2
"15369";"202100015369";10;"00:15";"5";"93";"2";"1";"2";3;48;2
"15370";"202100015370";10;"14:40";"1";"93";"2";"2";"2";3;48;2
"15371";"202100015371";10;"15:40";"1";"92";"2";"6";"1";2;48;2
"15372";"202100015372";9;"23:25";"3";"39";"1";"1";"1";7;46;5
"15373";"202100015373";10;"07:25";"1";"974";"2";"3";"1";3;-20;55
"15374";"202100015374";10;"07:45";"1";"95";"1";"1";"1";3;49;2
"15375";"202100015375";9;"23:15";"3";"80";"1";"1";"1";7;50;2
"15376";"202100015376";10;"18:05";"1";"37";"2";"1";"1";1;47;0
"15377";"202100015377";10;"17:50";"1";"83";"1";"1";"3";6;43;6
"15378";"202100015378";10;"13:10";"1";"83";"1";"1";"1";5;43;6
"15379";"202100015379";8;"14:00";"1";"54";"1";"1";"1";2;49;5
"15380";"202100015380";10;"15:50";"1";"974";"1";"1";"1";7;-21;55
"15381";"202100015381";10;"12:35";"1";"62";"2";"6";"1";3;50;2
"15382";"202100015382";10;"00:15";"5";"57";"2";"1";"1";6;49;7
"15383";"202100015383";9;"17:15";"1";"51";"2";"2";"1";3;49;4
"15384";"202100015384";10;"06:25";"3";"74";"1";"1";"2";3;46;6
"15385";"202100015385";10;"18:15";"1";"79";"1";"2";"1";1;46;0
"15386";"202100015386";10;"08:45";"1";"79";"2";"1";"1";1;46;0
"15387";"202100015387";10;"20:30";"5";"2B";"2";"1";"8";2;42;9
"15388";"202100015388";10;"15:00";"1";"63";"2";"1";"1";6;46;3
"15389";"202100015389";10;"12:10";"1";"49";"2";"2";"1";3;47;0
"15390";"202100015390";9;"17:50";"1";"49";"1";"1";"7";2;47;0
"15391";"202100015391";10;"13:46";"1";"47";"2";"6";"1";6;44;0
"15392";"202100015392";9;"20:45";"3";"86";"1";"2";"1";3;46;0
"15393";"202100015393";10;"16:25";"1";"68";"1";"1";"2";1;47;7
"15394";"202100015394";10;"10:05";"1";"44";"2";"4";"2";4;47;-1
"15395";"202100015395";10;"12:33";"1";"70";"2";"1";"1";7;47;6
"15396";"202100015396";10;"18:00";"2";"58";"1";"1";"2";7;47;3
"15397";"202100015397";9;"16:15";"1";"14";"2";"1";"1";3;49;0
"15398";"202100015398";10;"10:40";"1";"09";"1";"1";"1";5;42;1
"15399";"202100015399";9;"08:40";"1";"45";"2";"1";"7";6;47;2
"15400";"202100015400";10;"08:30";"1";"64";"1";"1";"1";7;43;0
"15401";"202100015401";10;"15:00";"1";"43";"1";"2";"3";3;45;4
"15402";"202100015402";10;"10:00";"1";"43";"1";"1";"2";1;45;4
"15403";"202100015403";10;"16:14";"1";"07";"1";"3";"1";3;44;4
"15404";"202100015404";10;"14:35";"1";"21";"1";"3";"1";3;47;5
"15405";"202100015405";10;"14:00";"1";"24";"2";"3";"1";3;44;1
"15406";"202100015406";6;"12:40";"1";"87";"2";"2";"1";1;45;0
"15407";"202100015407";9;"11:30";"1";"37";"1";"2";"1";3;47;1
"15408";"202100015408";10;"22:12";"3";"38";"1";"1";"3";6;45;5
"15409";"202100015409";9;"18:40";"3";"978";"2";"1";"1";6;18;-63
"15410";"202100015410";10;"16:00";"1";"42";"1";"1";"3";6;45;4
"15411";"202100015411";10;"23:30";"3";"49";"2";"3";"6";7;47;0
"15412";"202100015412";10;"18:35";"3";"976";"1";"1";"1";1;-12;45
"15413";"202100015413";9;"10:20";"1";"30";"1";"1";"1";6;43;4
"15414";"202100015414";9;"19:15";"1";"68";"2";"6";"1";3;47;7
"15415";"202100015415";10;"07:30";"2";"13";"1";"1";"3";2;43;5
"15416";"202100015416";10;"01:40";"3";"28";"1";"1";"6";7;48;1
"15417";"202100015417";8;"11:50";"1";"77";"1";"2";"1";3;48;3
"15418";"202100015418";10;"22:05";"5";"2A";"2";"3";"1";1;41;9
"15419";"202100015419";10;"17:00";"1";"66";"1";"3";"2";3;42;2
"15420";"202100015420";9;"18:53";"2";"84";"2";"1";"1";6;43;5
"15421";"202100015421";8;"16:00";"1";"84";"1";"1";"1";1;43;5
"15422";"202100015422";10;"05:15";"3";"84";"1";"1";"1";6;43;4
"15423";"202100015423";10;"13:20";"1";"83";"1";"1";"3";7;43;6
"15424";"202100015424";10;"21:45";"5";"68";"2";"1";"2";6;47;7
"15425";"202100015425";10;"15:10";"1";"67";"2";"3";"1";3;48;7
"15426";"202100015426";10;"18:15";"2";"03";"1";"1";"3";7;46;3
"15427";"202100015427";10;"17:30";"1";"74";"2";"6";"3";1;46;6
"15428";"202100015428";10;"17:30";"1";"19";"2";"1";"2";4;45;1
"15429";"202100015429";10;"12:50";"1";"86";"1";"1";"1";7;46;0
"15430";"202100015430";10;"11:00";"1";"29";"1";"2";"1";7;48;-4
"15431";"202100015431";10;"12:05";"1";"60";"2";"3";"1";1;49;2
"15432";"202100015432";10;"17:45";"1";"59";"2";"1";"8";6;50;2
"15433";"202100015433";10;"05:43";"3";"13";"1";"1";"8";6;43;5
"15434";"202100015434";10;"05:05";"3";"13";"1";"1";"1";6;43;5
"15435";"202100015435";10;"12:44";"1";"13";"1";"1";"1";2;43;5
"15436";"202100015436";10;"21:00";"5";"13";"1";"1";"1";2;43;5
"15437";"202100015437";10;"11:00";"1";"13";"1";"1";"1";2;43;5
"15438";"202100015438";9;"16:00";"1";"13";"1";"1";"1";3;43;5
"15439";"202100015439";9;"11:10";"1";"69";"1";"1";"1";3;45;4
"15440";"202100015440";9;"06:20";"3";"69";"1";"1";"1";3;45;4
"15441";"202100015441";10;"10:25";"1";"91";"1";"1";"3";5;48;2
"15442";"202100015442";10;"18:30";"2";"91";"1";"1";"2";2;48;2
"15443";"202100015443";10;"11:55";"1";"91";"1";"1";"1";2;48;2
"15444";"202100015444";10;"13:50";"1";"78";"1";"1";"1";6;48;2
"15445";"202100015445";10;"08:00";"1";"92";"1";"1";"1";1;48;2
"15446";"202100015446";10;"10:50";"1";"78";"1";"1";"3";2;48;2
"15447";"202100015447";10;"06:05";"3";"78";"1";"1";"8";2;48;1
"15448";"202100015448";10;"12:35";"1";"95";"1";"1";"2";6;49;2
"15449";"202100015449";10;"12:00";"1";"93";"1";"1";"3";4;48;2
"15450";"202100015450";10;"14:00";"1";"95";"1";"1";"1";6;48;2
"15451";"202100015451";10;"10:15";"1";"93";"1";"1";"3";6;48;2
"15452";"202100015452";10;"18:00";"1";"95";"1";"1";"2";2;49;2
"15453";"202100015453";9;"11:00";"1";"93";"1";"1";"1";2;48;2
"15454";"202100015454";10;"02:35";"5";"93";"1";"1";"3";2;48;2
"15455";"202100015455";10;"19:20";"3";"93";"1";"1";"2";7;48;2
"15456";"202100015456";10;"12:10";"1";"95";"1";"1";"1";5;49;2
"15457";"202100015457";10;"19:00";"1";"95";"1";"1";"2";4;49;2
"15458";"202100015458";10;"08:15";"1";"95";"1";"1";"1";5;49;2
"15459";"202100015459";10;"07:15";"2";"94";"1";"1";"3";2;48;2
"15460";"202100015460";10;"00:05";"3";"94";"1";"1";"3";4;48;2
"15461";"202100015461";10;"16:25";"1";"77";"1";"1";"2";3;48;2
"15462";"202100015462";5;"15:50";"1";"04";"1";"4";"1";3;43;6
"15463";"202100015463";6;"18:15";"1";"76";"1";"1";"1";6;49;0
"15464";"202100015464";10;"15:13";"1";"37";"2";"1";"2";2;47;0
"15465";"202100015465";9;"18:10";"1";"27";"2";"6";"1";2;49;1
"15466";"202100015466";10;"18:40";"2";"27";"2";"1";"3";6;49;1
"15467";"202100015467";10;"09:30";"1";"976";"1";"1";"1";3;-12;45
"15468";"202100015468";10;"00:57";"5";"974";"2";"1";"1";7;-21;55
"15469";"202100015469";10;"11:40";"1";"974";"2";"1";"1";2;-20;55
"15470";"202100015470";9;"07:35";"1";"974";"2";"4";"1";3;-20;55
"15471";"202100015471";10;"02:30";"3";"974";"1";"1";"1";7;-20;55
"15472";"202100015472";9;"11:40";"1";"974";"2";"1";"1";3;-20;55
"15473";"202100015473";10;"06:00";"1";"973";"2";"1";"1";7;4;-52
"15474";"202100015474";10;"20:50";"3";"973";"2";"9";"1";3;4;-52
"15475";"202100015475";10;"14:45";"1";"69";"2";"1";"1";6;45;4
"15476";"202100015476";10;"14:50";"1";"69";"1";"1";"1";2;45;4
"15477";"202100015477";10;"12:10";"1";"69";"2";"3";"1";3;45;4
"15478";"202100015478";10;"14:50";"1";"69";"2";"5";"1";3;45;4
"15479";"202100015479";10;"22:15";"5";"69";"2";"1";"1";6;45;4
"15480";"202100015480";10;"19:20";"2";"69";"2";"2";"1";3;45;4
"15481";"202100015481";10;"09:30";"1";"69";"2";"3";"1";3;45;4
"15482";"202100015482";10;"05:45";"5";"69";"2";"1";"1";6;45;4
"15483";"202100015483";9;"19:30";"2";"69";"2";"1";"1";6;45;4
"15484";"202100015484";9;"12:20";"1";"69";"2";"2";"1";3;45;4
"15485";"202100015485";10;"16:40";"1";"971";"2";"2";"1";6;16;-61
"15486";"202100015486";10;"21:55";"5";"2A";"2";"3";"1";1;41;8
"15487";"202100015487";10;"01:15";"5";"2A";"2";"1";"1";1;41;8
"15488";"202100015488";9;"17:34";"1";"2A";"2";"1";"1";3;41;8
"15489";"202100015489";10;"08:50";"1";"95";"1";"1";"8";4;48;2
"15490";"202100015490";10;"12:10";"1";"95";"2";"6";"1";3;48;2
"15491";"202100015491";10;"07:30";"1";"95";"2";"1";"1";2;48;2
"15492";"202100015492";10;"03:15";"5";"95";"2";"9";"1";6;48;2
"15493";"202100015493";10;"18:45";"1";"91";"2";"1";"3";5;48;2
"15494";"202100015494";10;"09:10";"1";"91";"2";"1";"1";6;48;2
"15495";"202100015495";9;"08:50";"2";"91";"1";"6";"1";3;48;2
"15496";"202100015496";10;"12:45";"1";"91";"2";"1";"1";6;48;2
"15497";"202100015497";10;"20:55";"3";"91";"2";"1";"2";6;48;2
"15498";"202100015498";10;"19:25";"5";"91";"2";"1";"2";4;48;2
"15499";"202100015499";10;"15:30";"1";"91";"2";"1";"2";3;48;2
"15500";"202100015500";10;"18:57";"1";"91";"2";"3";"2";2;48;2
"15501";"202100015501";9;"18:08";"1";"87";"2";"1";"1";2;45;1
"15502";"202100015502";9;"17:03";"1";"87";"2";"1";"1";6;45;1
"15503";"202100015503";9;"12:43";"1";"87";"1";"3";"1";3;45;1
"15504";"202100015504";9;"12:38";"1";"87";"2";"1";"1";2;45;1
"15505";"202100015505";10;"05:00";"5";"85";"2";"9";"1";3;46;-1
"15506";"202100015506";10;"15:45";"1";"83";"2";"1";"1";6;43;5
"15507";"202100015507";10;"09:00";"1";"83";"2";"1";"1";6;43;5
"15508";"202100015508";9;"19:20";"1";"83";"2";"1";"1";6;43;5
"15509";"202100015509";9;"11:05";"1";"83";"2";"3";"1";5;43;5
"15510";"202100015510";10;"13:45";"1";"83";"2";"1";"1";2;43;6
"15511";"202100015511";10;"05:45";"5";"81";"2";"1";"1";3;43;2
"15512";"202100015512";9;"16:40";"1";"80";"2";"1";"1";4;49;2
"15513";"202100015513";9;"07:15";"2";"80";"2";"1";"1";3;49;2
"15514";"202100015514";9;"07:10";"2";"77";"2";"3";"1";2;48;2
"15515";"202100015515";10;"14:15";"1";"77";"2";"1";"1";2;48;2
"15516";"202100015516";10;"17:30";"1";"77";"1";"2";"2";3;48;2
"15517";"202100015517";9;"11:25";"1";"77";"2";"1";"1";4;48;2
"15518";"202100015518";10;"13:43";"1";"76";"2";"1";"2";7;49;1
"15519";"202100015519";9;"15:55";"1";"76";"2";"1";"1";6;49;0
"15520";"202100015520";10;"16:16";"1";"71";"1";"3";"1";1;46;4
"15521";"202100015521";10;"19:10";"2";"69";"2";"1";"1";2;45;4
"15522";"202100015522";10;"00:10";"5";"69";"2";"1";"1";4;45;4
"15523";"202100015523";10;"18:15";"1";"69";"2";"1";"1";3;45;4
"15524";"202100015524";10;"12:55";"1";"69";"2";"2";"1";3;45;4
"15525";"202100015525";10;"07:20";"1";"69";"2";"1";"1";6;45;4
"15526";"202100015526";9;"12:50";"1";"69";"1";"9";"1";3;45;4
"15527";"202100015527";10;"00:50";"5";"67";"2";"1";"1";6;48;7
"15528";"202100015528";9;"11:40";"1";"67";"2";"8";"1";6;48;7
"15529";"202100015529";9;"08:40";"1";"67";"2";"3";"1";3;48;7
"15530";"202100015530";9;"14:32";"1";"66";"2";"1";"7";3;42;2
"15531";"202100015531";10;"18:27";"1";"64";"1";"1";"1";3;43;-1
"15532";"202100015532";10;"12:50";"1";"64";"1";"1";"1";4;43;-1
"15533";"202100015533";10;"17:10";"1";"64";"2";"2";"1";1;43;0
"15534";"202100015534";10;"09:00";"1";"64";"2";"3";"1";3;43;0
"15535";"202100015535";10;"20:25";"5";"64";"2";"3";"1";3;43;0
"15536";"202100015536";10;"14:05";"1";"64";"2";"2";"1";4;43;0
"15537";"202100015537";10;"23:23";"5";"64";"1";"6";"2";3;43;-1
"15538";"202100015538";10;"16:42";"1";"64";"2";"1";"1";3;43;-1
"15539";"202100015539";10;"14:40";"1";"64";"2";"1";"1";3;43;-1
"15540";"202100015540";10;"12:25";"1";"64";"2";"1";"1";2;43;-1
"15541";"202100015541";9;"18:10";"1";"64";"2";"1";"1";2;43;-1
"15542";"202100015542";9;"05:30";"5";"64";"2";"1";"1";3;43;-1
"15543";"202100015543";9;"21:50";"5";"64";"2";"3";"2";3;43;-1
"15544";"202100015544";8;"01:45";"5";"62";"2";"2";"1";3;50;2
"15545";"202100015545";10;"13:00";"1";"62";"2";"1";"2";6;50;1
"15546";"202100015546";9;"21:25";"5";"62";"2";"1";"1";1;50;2
"15547";"202100015547";10;"17:15";"1";"59";"2";"9";"2";3;50;3
"15548";"202100015548";10;"15:35";"1";"59";"2";"9";"1";6;50;3
"15549";"202100015549";9;"13:45";"1";"59";"2";"6";"1";3;50;3
"15550";"202100015550";9;"19:40";"5";"57";"2";"1";"1";2;49;6
"15551";"202100015551";10;"09:03";"1";"56";"2";"3";"2";1;47;-3
"15552";"202100015552";10;"08:30";"2";"56";"2";"1";"2";6;47;-3
"15553";"202100015553";9;"19:30";"1";"56";"2";"1";"1";6;47;-3
"15554";"202100015554";9;"18:10";"1";"56";"2";"1";"8";2;47;-3
"15555";"202100015555";9;"17:30";"1";"55";"2";"1";"7";7;49;5
"15556";"202100015556";10;"17:30";"1";"54";"2";"3";"1";3;48;6
"15557";"202100015557";9;"12:30";"1";"54";"2";"2";"1";1;48;6
"15558";"202100015558";10;"15:45";"1";"51";"2";"3";"1";3;49;4
"15559";"202100015559";10;"20:55";"5";"51";"2";"6";"3";1;49;4
"15560";"202100015560";10;"19:31";"1";"49";"2";"1";"3";7;47;0
"15561";"202100015561";10;"02:15";"5";"49";"2";"1";"1";7;47;0
"15562";"202100015562";10;"21:00";"5";"49";"2";"1";"1";7;47;0
"15563";"202100015563";10;"16:39";"1";"49";"2";"1";"1";6;47;0
"15564";"202100015564";10;"06:08";"3";"49";"2";"1";"1";6;47;0
"15565";"202100015565";9;"15:26";"1";"49";"2";"1";"1";6;47;0
"15566";"202100015566";8;"03:25";"5";"46";"2";"1";"1";3;44;1
"15567";"202100015567";10;"07:35";"2";"45";"2";"3";"1";3;47;1
"15568";"202100015568";10;"13:15";"1";"45";"2";"6";"1";3;47;2
"15569";"202100015569";9;"15:00";"1";"45";"2";"1";"1";2;47;2
"15570";"202100015570";10;"08:10";"2";"44";"1";"1";"1";4;47;-1
"15571";"202100015571";9;"22:35";"5";"42";"2";"1";"1";3;45;4
"15572";"202100015572";9;"18:05";"1";"40";"2";"1";"1";1;43;0
"15573";"202100015573";10;"02:00";"3";"38";"1";"1";"2";1;45;4
"15574";"202100015574";10;"23:44";"5";"38";"2";"3";"1";1;45;5
"15575";"202100015575";10;"16:00";"1";"38";"2";"3";"1";3;45;5
"15576";"202100015576";10;"01:50";"5";"38";"2";"2";"1";1;45;5
"15577";"202100015577";10;"03:30";"5";"37";"2";"1";"8";7;47;0
"15578";"202100015578";10;"13:15";"1";"37";"2";"1";"1";7;47;0
"15579";"202100015579";10;"07:30";"1";"37";"2";"2";"1";3;47;0
"15580";"202100015580";9;"17:20";"1";"37";"2";"1";"1";4;47;0
"15581";"202100015581";9;"08:45";"1";"37";"1";"1";"1";4;47;0
"15582";"202100015582";9;"14:45";"1";"37";"2";"1";"1";4;47;0
"15583";"202100015583";10;"12:20";"1";"35";"2";"2";"2";6;48;-1
"15584";"202100015584";10;"13:59";"1";"35";"1";"1";"2";6;48;-1
"15585";"202100015585";10;"12:30";"1";"35";"2";"1";"2";6;48;-1
"15586";"202100015586";10;"06:05";"5";"33";"2";"1";"1";6;44;0
"15587";"202100015587";10;"02:00";"5";"33";"2";"2";"1";3;44;0
"15588";"202100015588";10;"01:00";"5";"33";"2";"9";"1";3;44;0
"15589";"202100015589";10;"19:50";"5";"33";"2";"1";"1";3;44;0
"15590";"202100015590";10;"15:45";"1";"33";"2";"2";"1";5;44;0
"15591";"202100015591";10;"12:58";"1";"33";"2";"3";"1";3;44;0
"15592";"202100015592";10;"09:15";"1";"33";"1";"1";"9";1;44;-1
"15593";"202100015593";10;"01:45";"4";"31";"1";"1";"1";7;43;1
"15594";"202100015594";10;"23:45";"5";"31";"1";"1";"1";6;43;1
"15595";"202100015595";10;"19:20";"1";"31";"2";"1";"1";6;43;1
"15596";"202100015596";10;"16:25";"1";"31";"2";"1";"1";6;43;1
"15597";"202100015597";10;"13:41";"1";"29";"2";"4";"1";6;48;-4
"15598";"202100015598";10;"19:30";"2";"29";"1";"1";"2";6;47;-3
"15599";"202100015599";10;"00:20";"3";"29";"1";"2";"1";6;47;-3
"15600";"202100015600";10;"09:55";"1";"29";"2";"2";"2";3;48;-4
"15601";"202100015601";10;"08:05";"1";"29";"2";"6";"2";3;48;-4
"15602";"202100015602";10;"07:55";"2";"27";"2";"9";"1";3;49;1
"15603";"202100015603";10;"20:20";"5";"27";"2";"1";"2";1;49;1
"15604";"202100015604";10;"12:30";"1";"26";"2";"6";"1";3;45;5
"15605";"202100015605";9;"16:30";"1";"24";"2";"6";"1";3;45;0
"15606";"202100015606";9;"16:55";"1";"24";"1";"1";"1";4;45;0
"15607";"202100015607";10;"22:25";"5";"17";"2";"6";"3";7;45;-1
"15608";"202100015608";9;"10:50";"1";"17";"2";"1";"1";6;45;-1
"15609";"202100015609";9;"14:58";"1";"17";"2";"1";"1";6;45;-1
"15610";"202100015610";9;"23:30";"5";"14";"2";"4";"2";7;49;0
"15611";"202100015611";10;"13:45";"1";"14";"1";"1";"3";1;49;0
"15612";"202100015612";10;"23:30";"5";"13";"2";"9";"1";1;43;5
"15613";"202100015613";10;"08:00";"1";"13";"2";"1";"1";1;43;5
"15614";"202100015614";10;"06:05";"5";"13";"2";"1";"1";1;43;5
"15615";"202100015615";10;"18:30";"1";"13";"2";"1";"1";3;43;5
"15616";"202100015616";10;"16:30";"1";"13";"2";"1";"1";3;43;5
"15617";"202100015617";10;"15:00";"1";"13";"2";"2";"1";3;43;5
"15618";"202100015618";10;"14:50";"1";"13";"2";"1";"1";3;43;5
"15619";"202100015619";9;"17:40";"1";"13";"2";"1";"1";4;43;5
"15620";"202100015620";10;"09:00";"1";"13";"2";"1";"1";3;43;4
"15621";"202100015621";10;"15:00";"1";"13";"1";"1";"1";3;43;5
"15622";"202100015622";10;"21:20";"3";"13";"1";"1";"1";2;43;4
"15623";"202100015623";10;"05:40";"3";"13";"1";"1";"1";1;43;4
"15624";"202100015624";10;"10:00";"1";"13";"1";"9";"1";3;43;5
"15625";"202100015625";9;"07:50";"1";"11";"2";"2";"1";3;43;2
"15626";"202100015626";10;"23:00";"5";"10";"2";"6";"2";6;48;4
"15627";"202100015627";10;"17:54";"1";"10";"2";"1";"1";6;48;4
"15628";"202100015628";10;"14:15";"1";"09";"2";"1";"1";4;42;1
"15629";"202100015629";10;"15:15";"1";"07";"1";"1";"1";3;44;4
"15630";"202100015630";10;"12:20";"1";"06";"1";"1";"1";6;43;7
"15631";"202100015631";10;"10:05";"1";"06";"2";"9";"1";6;43;7
"15632";"202100015632";10;"08:40";"1";"06";"2";"1";"1";3;43;7
"15633";"202100015633";10;"17:34";"1";"01";"2";"1";"1";7;46;5
"15634";"202100015634";10;"16:30";"1";"75";"2";"1";"2";3;48;2
"15635";"202100015635";10;"07:10";"1";"75";"2";"1";"1";2;48;2
"15636";"202100015636";10;"08:20";"1";"75";"2";"2";"8";2;48;2