"";"Num_Acc";"mois";"hrmn";"lum";"dep";"agg";"int";"atm";"col";"lat";"long"
"15637";"202100015637";10;"14:40";"1";"75";"2";"2";"2";6;48;2
"15638";"202100015638";10;"10:00";"1";"75";"2";"2";"1";7;48;2
"15639";"202100015639";10;"18:00";"1";"75";"2";"3";"2";2;48;2
"15640";"202100015640";10;"06:00";"5";"75";"2";"2";"1";3;48;2
"15641";"202100015641";10;"21:40";"5";"75";"2";"3";"2";3;48;2
"15642";"202100015642";10;"01:27";"5";"75";"2";"3";"2";6;48;2
"15643";"202100015643";10;"14:00";"1";"75";"2";"2";"8";3;48;2
"15644";"202100015644";10;"22:40";"5";"75";"2";"2";"2";3;48;2
"15645";"202100015645";10;"19:10";"5";"75";"2";"3";"2";1;48;2
"15646";"202100015646";10;"02:40";"5";"75";"2";"2";"2";4;48;2
"15647";"202100015647";10;"14:25";"1";"94";"2";"1";"8";6;48;2
"15648";"202100015648";10;"19:30";"5";"94";"2";"1";"2";6;48;2
"15649";"202100015649";10;"21:30";"5";"94";"2";"1";"2";3;48;2
"15650";"202100015650";10;"22:35";"3";"94";"1";"1";"2";6;48;2
"15651";"202100015651";10;"12:16";"1";"94";"2";"1";"1";5;48;2
"15652";"202100015652";10;"20:15";"5";"94";"2";"6";"3";3;48;2
"15653";"202100015653";10;"14:45";"1";"93";"1";"1";"2";2;49;2
"15654";"202100015654";10;"18:50";"2";"93";"2";"1";"2";3;48;2
"15655";"202100015655";10;"20:35";"5";"93";"2";"6";"2";3;48;2
"15656";"202100015656";10;"19:00";"2";"93";"2";"9";"2";3;48;2
"15657";"202100015657";10;"22:57";"5";"93";"2";"9";"2";3;48;2
"15658";"202100015658";10;"13:00";"1";"93";"2";"1";"1";1;48;2
"15659";"202100015659";10;"07:40";"2";"93";"2";"1";"8";6;48;2
"15660";"202100015660";10;"10:00";"1";"93";"2";"1";"1";1;48;2
"15661";"202100015661";10;"12:00";"1";"92";"2";"1";"8";2;48;2
"15662";"202100015662";10;"06:50";"2";"92";"2";"3";"2";3;48;2
"15663";"202100015663";10;"16:09";"1";"92";"2";"1";"3";3;48;2
"15664";"202100015664";10;"12:40";"1";"92";"2";"2";"8";3;48;2
"15665";"202100015665";10;"12:45";"1";"92";"2";"4";"1";3;48;2
"15666";"202100015666";10;"22:40";"3";"54";"1";"1";"1";7;48;6
"15667";"202100015667";10;"11:21";"1";"81";"1";"1";"1";2;43;2
"15668";"202100015668";10;"15:10";"1";"62";"1";"2";"3";3;50;1
"15669";"202100015669";10;"16:00";"1";"83";"2";"6";"1";3;43;6
"15670";"202100015670";10;"12:30";"1";"29";"1";"1";"3";7;48;-4
"15671";"202100015671";10;"15:48";"1";"57";"1";"1";"1";3;49;6
"15672";"202100015672";10;"14:00";"1";"91";"2";"1";"1";6;48;2
"15673";"202100015673";10;"15:40";"1";"67";"1";"1";"1";1;48;7
"15674";"202100015674";6;"07:00";"1";"2A";"1";"1";"1";2;41;9
"15675";"202100015675";10;"17:14";"1";"31";"2";"1";"1";1;43;1
"15676";"202100015676";10;"11:40";"1";"65";"2";"1";"1";7;43;0
"15677";"202100015677";10;"09:30";"1";"89";"1";"1";"6";6;47;4
"15678";"202100015678";10;"12:10";"1";"63";"1";"1";"1";6;45;3
"15679";"202100015679";10;"09:30";"1";"63";"1";"2";"1";1;45;3
"15680";"202100015680";10;"19:35";"2";"26";"2";"1";"1";6;44;4
"15681";"202100015681";9;"14:00";"1";"47";"1";"1";"1";7;44;0
"15682";"202100015682";10;"06:15";"3";"03";"1";"1";"1";1;46;2
"15683";"202100015683";10;"05:00";"3";"58";"1";"1";"2";6;47;3
"15684";"202100015684";10;"15:50";"1";"05";"1";"1";"1";3;44;6
"15685";"202100015685";10;"18:00";"1";"24";"1";"1";"1";6;45;0
"15686";"202100015686";10;"16:59";"1";"04";"1";"1";"1";7;44;6
"15687";"202100015687";10;"19:45";"2";"85";"1";"3";"1";1;46;-1
"15688";"202100015688";9;"11:30";"1";"28";"1";"1";"9";6;48;0
"15689";"202100015689";9;"19:20";"2";"28";"1";"1";"2";7;48;0
"15690";"202100015690";10;"18:45";"1";"87";"1";"1";"2";7;45;1
"15691";"202100015691";10;"22:00";"3";"68";"1";"1";"1";2;47;7
"15692";"202100015692";10;"21:00";"3";"33";"1";"1";"1";2;44;0
"15693";"202100015693";10;"15:00";"1";"971";"2";"2";"1";3;15;-61
"15694";"202100015694";10;"18:40";"3";"977";"2";"1";"1";3;17;-62
"15695";"202100015695";10;"11:45";"1";"971";"2";"3";"1";6;16;-61
"15696";"202100015696";9;"05:30";"3";"77";"1";"1";"1";6;48;2
"15697";"202100015697";10;"17:40";"1";"2B";"2";"1";"1";7;42;9
"15698";"202100015698";10;"21:40";"3";"2A";"2";"1";"1";6;41;9
"15699";"202100015699";10;"15:20";"1";"34";"2";"1";"1";7;43;3
"15700";"202100015700";10;"05:40";"3";"34";"1";"1";"1";6;43;3
"15701";"202100015701";9;"10:45";"1";"13";"2";"1";"1";1;43;5
"15702";"202100015702";10;"20:25";"3";"68";"1";"1";"1";6;47;7
"15703";"202100015703";10;"19:45";"3";"74";"1";"1";"1";6;46;6
"15704";"202100015704";10;"12:40";"1";"74";"2";"9";"1";5;45;6
"15705";"202100015705";10;"14:40";"1";"65";"1";"1";"1";3;42;0
"15706";"202100015706";10;"19:30";"2";"33";"2";"2";"1";3;44;0
"15707";"202100015707";10;"13:45";"1";"13";"1";"1";"1";3;43;5
"15708";"202100015708";10;"14:35";"1";"13";"1";"1";"1";4;43;5
"15709";"202100015709";10;"20:15";"5";"13";"1";"1";"1";2;43;5
"15710";"202100015710";10;"17:00";"1";"13";"1";"1";"1";2;43;5
"15711";"202100015711";10;"07:40";"1";"13";"1";"1";"1";2;43;5
"15712";"202100015712";9;"21:20";"5";"69";"1";"1";"1";6;45;4
"15713";"202100015713";10;"05:07";"3";"69";"1";"1";"1";2;45;4
"15714";"202100015714";10;"21:30";"3";"94";"1";"1";"2";3;48;2
"15715";"202100015715";10;"18:10";"1";"77";"1";"1";"3";6;48;2
"15716";"202100015716";10;"13:45";"1";"94";"1";"1";"1";2;48;2
"15717";"202100015717";10;"10:30";"1";"91";"1";"1";"1";3;48;2
"15718";"202100015718";10;"07:00";"3";"91";"1";"1";"1";6;48;2
"15719";"202100015719";10;"21:00";"5";"78";"1";"1";"2";2;48;1
"15720";"202100015720";10;"18:50";"1";"95";"1";"1";"2";6;49;2
"15721";"202100015721";10;"08:15";"1";"92";"1";"1";"9";7;48;2
"15722";"202100015722";10;"06:30";"3";"95";"1";"1";"2";2;48;2
"15723";"202100015723";10;"05:05";"3";"93";"1";"1";"1";2;48;2
"15724";"202100015724";10;"04:40";"3";"93";"1";"1";"1";6;48;2
"15725";"202100015725";10;"00:40";"4";"93";"1";"1";"2";5;48;2
"15726";"202100015726";10;"21:40";"3";"93";"1";"1";"2";2;48;2
"15727";"202100015727";10;"22:00";"3";"95";"1";"1";"3";6;49;2
"15728";"202100015728";9;"09:00";"1";"92";"1";"1";"1";4;48;2
"15729";"202100015729";10;"09:00";"1";"93";"1";"1";"1";6;48;2
"15730";"202100015730";10;"09:50";"1";"95";"1";"1";"1";4;48;2
"15731";"202100015731";10;"22:05";"4";"77";"1";"1";"2";7;48;2
"15732";"202100015732";10;"17:30";"1";"75";"1";"1";"2";2;48;2
"15733";"202100015733";10;"04:35";"5";"77";"1";"1";"2";6;48;2
"15734";"202100015734";10;"00:50";"3";"94";"1";"1";"2";6;48;2
"15735";"202100015735";9;"19:15";"2";"75";"2";"1";"1";4;48;2
"15736";"202100015736";9;"00:10";"5";"75";"2";"4";"1";3;48;2
"15737";"202100015737";9;"13:20";"1";"75";"2";"2";"1";3;48;2
"15738";"202100015738";10;"20:00";"5";"75";"2";"4";"1";6;48;2
"15739";"202100015739";10;"13:15";"1";"75";"2";"2";"1";6;48;2
"15740";"202100015740";10;"10:10";"1";"75";"2";"2";"1";3;48;2
"15741";"202100015741";10;"18:00";"1";"75";"2";"3";"3";6;48;2
"15742";"202100015742";9;"01:40";"5";"75";"2";"2";"1";3;48;2
"15743";"202100015743";10;"20:10";"3";"75";"2";"4";"2";6;48;2
"15744";"202100015744";10;"18:15";"2";"75";"2";"7";"3";7;48;2
"15745";"202100015745";9;"22:40";"5";"75";"2";"1";"1";7;48;2
"15746";"202100015746";10;"19:35";"2";"75";"2";"2";"2";3;48;2
"15747";"202100015747";10;"13:05";"1";"75";"2";"3";"1";3;48;2
"15748";"202100015748";10;"08:00";"2";"75";"2";"2";"8";6;48;2
"15749";"202100015749";10;"14:20";"1";"75";"2";"5";"1";6;48;2
"15750";"202100015750";10;"14:30";"1";"75";"2";"7";"8";2;48;2
"15751";"202100015751";10;"02:26";"5";"75";"2";"7";"1";6;48;2
"15752";"202100015752";10;"08:31";"1";"75";"2";"2";"1";2;48;2
"15753";"202100015753";9;"14:20";"1";"75";"2";"2";"1";3;48;2
"15754";"202100015754";10;"19:35";"5";"94";"2";"1";"2";3;48;2
"15755";"202100015755";10;"14:20";"1";"94";"2";"2";"1";3;48;2
"15756";"202100015756";10;"14:20";"1";"94";"2";"1";"1";2;48;2
"15757";"202100015757";10;"14:30";"1";"94";"2";"1";"1";3;48;2
"15758";"202100015758";9;"07:45";"1";"94";"2";"2";"8";1;48;2
"15759";"202100015759";10;"08:35";"1";"94";"2";"1";"1";6;48;2
"15760";"202100015760";9;"18:00";"1";"94";"2";"1";"1";6;48;2
"15761";"202100015761";9;"21:15";"5";"94";"2";"2";"1";3;48;2
"15762";"202100015762";8;"01:40";"5";"93";"2";"1";"1";1;48;2
"15763";"202100015763";9;"17:30";"1";"93";"2";"2";"1";3;48;2
"15764";"202100015764";9;"18:50";"1";"93";"2";"9";"1";5;48;2
"15765";"202100015765";10;"13:00";"1";"93";"2";"1";"1";3;48;2
"15766";"202100015766";10;"09:45";"1";"93";"2";"1";"1";2;48;2
"15767";"202100015767";9;"00:50";"5";"93";"2";"4";"1";1;48;2
"15768";"202100015768";10;"19:33";"5";"93";"2";"6";"2";6;48;2
"15769";"202100015769";10;"06:30";"5";"93";"2";"3";"1";3;48;2
"15770";"202100015770";10;"22:40";"5";"93";"2";"2";"2";3;48;2
"15771";"202100015771";10;"09:30";"1";"93";"2";"1";"1";3;48;2
"15772";"202100015772";10;"11:30";"1";"92";"2";"1";"2";6;48;2
"15773";"202100015773";10;"15:15";"1";"92";"2";"1";"2";6;48;2
"15774";"202100015774";9;"17:30";"1";"92";"2";"1";"1";3;48;2
"15775";"202100015775";10;"09:11";"1";"92";"2";"1";"1";3;48;2
"15776";"202100015776";9;"09:36";"1";"92";"2";"9";"1";3;48;2
"15777";"202100015777";10;"16:55";"1";"92";"2";"1";"2";6;48;2
"15778";"202100015778";9;"22:45";"5";"92";"2";"2";"1";3;48;2
"15779";"202100015779";10;"18:30";"2";"92";"2";"3";"3";3;48;2
"15780";"202100015780";10;"13:00";"1";"92";"2";"4";"1";3;48;2
"15781";"202100015781";9;"19:30";"1";"92";"2";"2";"1";6;48;2
"15782";"202100015782";9;"20:00";"5";"92";"2";"1";"1";6;48;2
"15783";"202100015783";10;"12:10";"1";"92";"2";"2";"1";6;48;2
"15784";"202100015784";9;"18:15";"1";"92";"2";"6";"1";2;48;2
"15785";"202100015785";8;"18:22";"1";"76";"1";"4";"1";1;49;0
"15786";"202100015786";10;"20:00";"5";"35";"2";"1";"3";1;47;-1
"15787";"202100015787";10;"12:15";"1";"16";"1";"1";"8";2;45;0
"15788";"202100015788";10;"14:10";"1";"68";"1";"1";"1";6;48;7
"15789";"202100015789";10;"11:10";"1";"972";"1";"1";"1";5;14;-60
"15790";"202100015790";10;"16:30";"1";"64";"1";"3";"1";3;43;0
"15791";"202100015791";10;"19:20";"2";"42";"2";"1";"1";6;45;4
"15792";"202100015792";8;"13:30";"1";"34";"1";"1";"1";3;43;3
"15793";"202100015793";10;"20:15";"3";"83";"2";"1";"1";6;43;6
"15794";"202100015794";10;"15:45";"1";"66";"1";"1";"1";2;42;2
"15795";"202100015795";9;"12:00";"1";"51";"1";"1";"1";4;49;4
"15796";"202100015796";10;"15:30";"1";"51";"1";"1";"1";3;49;4
"15797";"202100015797";10;"11:30";"1";"56";"1";"1";"8";1;48;-2
"15798";"202100015798";10;"16:20";"1";"77";"1";"1";"2";1;48;3
"15799";"202100015799";10;"14:20";"1";"67";"1";"1";"1";2;48;8
"15800";"202100015800";10;"19:00";"2";"79";"1";"2";"3";3;46;0
"15801";"202100015801";10;"12:45";"1";"2B";"1";"1";"1";7;42;9
"15802";"202100015802";10;"17:20";"1";"2B";"1";"1";"1";6;42;9
"15803";"202100015803";10;"11:00";"1";"2B";"2";"1";"1";6;42;9
"15804";"202100015804";10;"01:20";"3";"82";"2";"1";"1";6;43;1
"15805";"202100015805";8;"07:45";"1";"11";"1";"1";"1";7;43;2
"15806";"202100015806";9;"14:30";"1";"63";"2";"3";"1";3;45;3
"15807";"202100015807";10;"19:40";"3";"61";"1";"1";"2";6;48;0
"15808";"202100015808";10;"00:10";"3";"55";"1";"1";"2";7;49;5
"15809";"202100015809";10;"04:00";"3";"47";"1";"4";"1";6;44;0
"15810";"202100015810";10;"12:15";"1";"41";"1";"9";"1";1;47;2
"15811";"202100015811";10;"18:20";"1";"34";"1";"1";"1";7;43;3
"15812";"202100015812";10;"12:05";"1";"22";"1";"1";"3";7;48;-3
"15813";"202100015813";9;"17:05";"1";"44";"2";"3";"1";2;47;-1
"15814";"202100015814";10;"20:20";"2";"38";"2";"1";"1";2;45;4
"15815";"202100015815";10;"09:30";"1";"02";"2";"1";"1";6;50;3
"15816";"202100015816";10;"17:15";"1";"01";"2";"1";"1";3;46;5
"15817";"202100015817";10;"10:45";"1";"01";"1";"1";"1";7;46;4
"15818";"202100015818";9;"15:40";"1";"72";"1";"1";"1";1;48;0
"15819";"202100015819";10;"00:27";"4";"64";"1";"1";"1";7;43;-1
"15820";"202100015820";9;"22:30";"5";"85";"2";"1";"1";6;46;-1
"15821";"202100015821";10;"07:40";"2";"60";"1";"1";"8";6;49;2
"15822";"202100015822";10;"10:55";"1";"34";"1";"3";"1";3;43;3
"15823";"202100015823";10;"20:10";"3";"973";"2";"1";"1";3;4;-52
"15824";"202100015824";10;"09:35";"1";"06";"1";"1";"1";7;43;7
"15825";"202100015825";10;"14:50";"1";"63";"1";"1";"1";3;45;3
"15826";"202100015826";8;"06:40";"2";"30";"1";"1";"1";6;43;4
"15827";"202100015827";10;"17:20";"1";"77";"1";"1";"2";5;48;2
"15828";"202100015828";10;"15:10";"1";"971";"2";"1";"1";6;16;-61
"15829";"202100015829";10;"20:15";"3";"77";"1";"1";"2";3;48;2
"15830";"202100015830";10;"13:30";"1";"83";"1";"1";"1";1;43;6
"15831";"202100015831";10;"12:39";"1";"04";"1";"1";"1";7;44;6
"15832";"202100015832";9;"08:40";"1";"13";"1";"1";"1";1;43;5
"15833";"202100015833";10;"16:00";"1";"25";"1";"9";"1";1;47;6
"15834";"202100015834";10;"13:55";"1";"74";"1";"1";"1";1;46;6
"15835";"202100015835";10;"12:30";"1";"69";"1";"2";"1";3;45;4
"15836";"202100015836";10;"09:50";"1";"64";"2";"3";"7";6;43;0
"15837";"202100015837";10;"20:05";"3";"33";"1";"1";"2";2;44;0
"15838";"202100015838";10;"21:35";"3";"22";"1";"1";"1";6;48;-2
"15839";"202100015839";10;"09:00";"1";"35";"2";"3";"2";6;48;-1
"15840";"202100015840";10;"16:30";"1";"60";"2";"2";"3";2;49;2
"15841";"202100015841";10;"14:15";"1";"13";"1";"1";"1";7;43;5
"15842";"202100015842";9;"17:40";"1";"13";"1";"1";"1";6;43;5
"15843";"202100015843";9;"17:45";"1";"13";"1";"1";"1";2;43;5
"15844";"202100015844";9;"19:30";"2";"01";"1";"1";"1";2;45;4
"15845";"202100015845";10;"17:15";"1";"33";"1";"1";"1";2;44;0
"15846";"202100015846";10;"08:06";"1";"33";"1";"1";"1";7;44;0
"15847";"202100015847";9;"08:05";"1";"62";"1";"1";"1";2;50;2
"15848";"202100015848";9;"21:25";"4";"91";"1";"1";"1";2;48;2
"15849";"202100015849";9;"01:20";"3";"92";"1";"1";"1";2;48;2
"15850";"202100015850";9;"17:50";"1";"93";"1";"1";"1";2;48;2
"15851";"202100015851";10;"22:20";"3";"75";"1";"1";"3";4;48;2
"15852";"202100015852";10;"16:45";"1";"94";"1";"1";"2";2;48;2
"15853";"202100015853";10;"07:25";"3";"94";"1";"1";"1";3;48;2
"15854";"202100015854";9;"09:20";"1";"29";"2";"3";"1";6;48;-4
"15855";"202100015855";9;"14:22";"1";"66";"2";"1";"1";6;42;2
"15856";"202100015856";9;"18:05";"1";"29";"1";"1";"1";6;48;-3
"15857";"202100015857";9;"18:00";"1";"18";"2";"3";"1";3;47;2
"15858";"202100015858";9;"18:30";"1";"15";"2";"1";"1";6;44;2
"15859";"202100015859";9;"17:05";"1";"92";"2";"1";"1";7;48;2
"15860";"202100015860";9;"14:17";"1";"93";"2";"1";"1";6;48;2
"15861";"202100015861";9;"07:30";"1";"974";"2";"1";"1";2;-20;55
"15862";"202100015862";9;"14:00";"1";"69";"2";"1";"1";3;45;4
"15863";"202100015863";9;"11:30";"1";"69";"2";"1";"1";3;45;4
"15864";"202100015864";9;"08:15";"1";"69";"2";"1";"1";1;45;4
"15865";"202100015865";9;"08:25";"1";"69";"2";"3";"1";3;45;4
"15866";"202100015866";9;"12:30";"1";"972";"1";"1";"2";6;14;-61
"15867";"202100015867";9;"10:20";"1";"972";"1";"1";"2";2;14;-60
"15868";"202100015868";9;"11:40";"1";"972";"1";"6";"1";5;14;-61
"15869";"202100015869";9;"22:30";"5";"972";"2";"3";"1";6;14;-61
"15870";"202100015870";9;"12:00";"1";"69";"2";"1";"1";6;45;4
"15871";"202100015871";9;"03:35";"5";"69";"2";"1";"1";7;45;4
"15872";"202100015872";9;"11:58";"1";"69";"1";"1";"1";1;45;4
"15873";"202100015873";9;"07:10";"2";"69";"2";"1";"1";6;45;4
"15874";"202100015874";9;"17:13";"1";"971";"2";"9";"1";2;16;-61
"15875";"202100015875";9;"14:13";"1";"2A";"2";"1";"1";5;41;8
"15876";"202100015876";9;"18:55";"1";"95";"2";"1";"1";6;48;2
"15877";"202100015877";9;"20:40";"3";"91";"1";"2";"1";3;48;2
"15878";"202100015878";9;"21:00";"3";"91";"2";"1";"1";6;48;2
"15879";"202100015879";9;"16:55";"1";"91";"2";"1";"1";3;48;2
"15880";"202100015880";9;"19:50";"5";"91";"2";"1";"1";4;48;2
"15881";"202100015881";9;"13:47";"1";"87";"2";"1";"1";2;45;1
"15882";"202100015882";9;"10:25";"1";"87";"2";"6";"1";3;45;1
"15883";"202100015883";7;"13:10";"1";"85";"2";"1";"2";3;46;-1
"15884";"202100015884";8;"00:30";"5";"84";"2";"1";"1";7;43;4
"15885";"202100015885";9;"13:15";"1";"83";"2";"2";"1";3;43;5
"15886";"202100015886";9;"12:05";"1";"78";"2";"1";"1";6;49;1
"15887";"202100015887";9;"19:00";"2";"76";"2";"2";"1";3;49;1
"15888";"202100015888";9;"18:00";"1";"72";"2";"1";"1";6;48;0
"15889";"202100015889";9;"10:55";"1";"72";"2";"1";"1";2;47;0
"15890";"202100015890";9;"05:55";"5";"72";"2";"1";"2";7;47;0
"15891";"202100015891";9;"23:45";"5";"69";"2";"2";"1";3;45;4
"15892";"202100015892";9;"15:28";"1";"68";"2";"1";"1";6;48;7
"15893";"202100015893";9;"14:42";"1";"66";"2";"1";"1";6;42;2
"15894";"202100015894";9;"13:00";"1";"64";"1";"6";"1";2;43;0
"15895";"202100015895";9;"12:09";"1";"61";"2";"9";"1";3;48;0
"15896";"202100015896";9;"13:45";"1";"60";"1";"1";"1";1;49;2
"15897";"202100015897";9;"11:30";"1";"59";"2";"1";"1";6;50;3
"15898";"202100015898";9;"16:35";"1";"58";"2";"1";"1";4;46;3
"15899";"202100015899";9;"19:48";"2";"56";"2";"1";"1";6;47;-3
"15900";"202100015900";9;"18:00";"1";"56";"2";"1";"8";6;47;-3
"15901";"202100015901";9;"11:00";"1";"56";"1";"1";"2";2;47;-3
"15902";"202100015902";9;"07:20";"5";"56";"2";"1";"1";6;47;-3
"15903";"202100015903";10;"02:10";"5";"54";"2";"6";"1";6;48;6
"15904";"202100015904";9;"13:55";"1";"54";"2";"2";"1";3;48;6
"15905";"202100015905";9;"09:35";"1";"54";"2";"1";"2";3;48;6
"15906";"202100015906";9;"17:15";"1";"51";"2";"1";"1";2;49;4
"15907";"202100015907";9;"19:14";"1";"49";"2";"1";"1";2;47;0
"15908";"202100015908";9;"14:04";"1";"49";"2";"1";"1";4;47;0
"15909";"202100015909";9;"12:59";"1";"42";"2";"1";"1";1;45;4
"15910";"202100015910";9;"09:00";"1";"37";"2";"1";"1";2;47;0
"15911";"202100015911";9;"18:00";"1";"37";"1";"6";"1";6;47;0
"15912";"202100015912";9;"20:45";"5";"35";"2";"3";"1";3;48;-1
"15913";"202100015913";9;"22:20";"5";"33";"2";"1";"1";1;44;0
"15914";"202100015914";9;"08:40";"1";"33";"2";"6";"1";3;44;0
"15915";"202100015915";9;"15:30";"1";"33";"2";"3";"1";3;44;0
"15916";"202100015916";9;"20:05";"5";"30";"2";"1";"2";6;43;4
"15917";"202100015917";9;"11:42";"1";"29";"1";"6";"1";6;47;-3
"15918";"202100015918";9;"12:30";"1";"25";"2";"9";"1";3;47;6
"15919";"202100015919";9;"23:55";"5";"25";"2";"1";"1";6;47;6
"15920";"202100015920";9;"09:40";"1";"22";"2";"7";"1";3;48;-2
"15921";"202100015921";9;"17:25";"1";"17";"1";"1";"1";4;46;-1
"15922";"202100015922";9;"11:15";"1";"17";"2";"1";"1";5;46;-1
"15923";"202100015923";9;"13:30";"1";"14";"2";"6";"1";3;49;0
"15924";"202100015924";9;"12:59";"1";"13";"2";"1";"1";6;43;4
"15925";"202100015925";9;"17:00";"1";"13";"2";"1";"1";3;43;5
"15926";"202100015926";9;"12:15";"1";"13";"2";"1";"1";3;43;5
"15927";"202100015927";9;"10:15";"1";"13";"2";"1";"1";2;43;5
"15928";"202100015928";9;"17:15";"1";"12";"2";"3";"1";3;44;3
"15929";"202100015929";9;"21:25";"5";"10";"2";"9";"1";3;48;4
"15930";"202100015930";9;"10:00";"1";"07";"2";"1";"1";6;44;4
"15931";"202100015931";9;"19:00";"2";"06";"1";"4";"1";1;43;7
"15932";"202100015932";9;"01:30";"5";"06";"2";"1";"1";6;43;7
"15933";"202100015933";9;"16:35";"1";"06";"1";"1";"1";3;43;6
"15934";"202100015934";9;"18:05";"1";"06";"1";"1";"1";5;43;7
"15935";"202100015935";9;"18:24";"1";"05";"2";"1";"1";6;44;6
"15936";"202100015936";9;"13:55";"1";"05";"2";"1";"1";6;44;6
"15937";"202100015937";9;"18:30";"1";"04";"2";"6";"1";6;43;5
"15938";"202100015938";9;"19:20";"2";"03";"2";"6";"7";3;46;3
"15939";"202100015939";9;"07:10";"2";"01";"2";"2";"1";3;46;5
"15940";"202100015940";9;"11:15";"1";"75";"2";"3";"1";2;48;2
"15941";"202100015941";9;"13:20";"1";"75";"2";"2";"2";2;48;2
"15942";"202100015942";9;"14:10";"1";"75";"2";"1";"1";3;48;2
"15943";"202100015943";9;"20:10";"5";"75";"2";"4";"1";2;48;2
"15944";"202100015944";9;"09:25";"1";"75";"2";"3";"1";2;48;2
"15945";"202100015945";9;"10:20";"1";"75";"2";"2";"1";6;48;2
"15946";"202100015946";9;"19:45";"5";"75";"2";"1";"1";6;48;2
"15947";"202100015947";9;"19:20";"2";"75";"2";"2";"1";6;48;2
"15948";"202100015948";9;"17:17";"1";"75";"2";"3";"1";2;48;2
"15949";"202100015949";9;"14:55";"1";"75";"2";"7";"1";6;48;2
"15950";"202100015950";9;"08:45";"1";"75";"2";"2";"1";7;48;2
"15951";"202100015951";9;"15:00";"1";"75";"2";"1";"1";6;48;2
"15952";"202100015952";9;"09:30";"1";"75";"2";"1";"1";3;48;2
"15953";"202100015953";9;"11:05";"1";"75";"2";"2";"8";3;48;2
"15954";"202100015954";9;"13:29";"1";"75";"2";"4";"1";6;48;2
"15955";"202100015955";9;"16:45";"1";"75";"2";"4";"1";2;48;2
"15956";"202100015956";9;"11:45";"1";"75";"2";"2";"1";6;48;2
"15957";"202100015957";9;"13:00";"1";"75";"2";"7";"1";3;48;2
"15958";"202100015958";9;"17:50";"1";"75";"2";"2";"1";3;48;2
"15959";"202100015959";9;"12:15";"1";"94";"2";"6";"1";3;48;2
"15960";"202100015960";9;"10:25";"1";"94";"2";"2";"1";3;48;2
"15961";"202100015961";9;"17:20";"1";"93";"2";"1";"1";3;48;2
"15962";"202100015962";9;"08:15";"1";"93";"2";"1";"1";6;48;2
"15963";"202100015963";9;"08:30";"1";"93";"2";"9";"1";3;48;2
"15964";"202100015964";9;"08:40";"1";"93";"2";"3";"1";3;48;2
"15965";"202100015965";9;"16:35";"1";"93";"2";"9";"1";3;48;2
"15966";"202100015966";9;"14:55";"1";"93";"2";"1";"2";3;48;2
"15967";"202100015967";9;"09:15";"1";"92";"2";"9";"1";3;48;2
"15968";"202100015968";9;"16:18";"1";"92";"2";"1";"1";3;48;2
"15969";"202100015969";9;"15:00";"1";"92";"2";"4";"1";3;48;2
"15970";"202100015970";9;"00:00";"5";"92";"2";"9";"1";3;48;2
"15971";"202100015971";9;"17:40";"1";"92";"2";"1";"1";2;48;2
"15972";"202100015972";9;"17:10";"1";"92";"2";"1";"1";6;48;2
"15973";"202100015973";9;"12:00";"1";"92";"2";"2";"1";6;48;2
"15974";"202100015974";9;"08:10";"1";"92";"2";"1";"1";3;48;2
"15975";"202100015975";10;"14:00";"1";"80";"1";"1";"2";3;49;2
"15976";"202100015976";9;"18:25";"1";"24";"2";"3";"1";1;45;0
"15977";"202100015977";9;"17:25";"1";"17";"1";"1";"1";2;46;-1
"15978";"202100015978";10;"03:49";"3";"74";"1";"1";"1";1;45;6
"15979";"202100015979";9;"05:55";"2";"972";"1";"1";"1";1;14;-61
"15980";"202100015980";9;"15:00";"1";"86";"1";"1";"1";1;46;0
"15981";"202100015981";10;"15:05";"1";"30";"1";"1";"1";7;44;4
"15982";"202100015982";10;"01:00";"5";"69";"2";"6";"1";6;45;4
"15983";"202100015983";9;"10:40";"1";"83";"1";"6";"7";3;43;6
"15984";"202100015984";9;"19:30";"2";"44";"2";"1";"1";2;47;-1
"15985";"202100015985";10;"14:45";"1";"57";"1";"1";"1";6;49;6
"15986";"202100015986";9;"18:15";"1";"51";"1";"1";"1";2;49;4
"15987";"202100015987";10;"10:20";"1";"51";"1";"1";"1";1;49;3
"15988";"202100015988";9;"19:50";"2";"19";"2";"1";"8";1;45;1
"15989";"202100015989";9;"11:40";"1";"76";"1";"1";"1";5;49;1
"15990";"202100015990";10;"17:00";"1";"79";"2";"2";"8";6;46;0
"15991";"202100015991";10;"14:30";"1";"80";"1";"2";"2";1;49;1
"15992";"202100015992";10;"03:05";"3";"82";"2";"1";"1";6;44;1
"15993";"202100015993";10;"17:20";"1";"32";"1";"1";"1";7;43;0
"15994";"202100015994";10;"10:45";"1";"89";"1";"1";"1";3;47;3
"15995";"202100015995";10;"18:30";"1";"63";"2";"2";"1";3;45;3
"15996";"202100015996";9;"17:00";"1";"49";"1";"9";"1";3;47;0
"15997";"202100015997";10;"16:45";"1";"42";"1";"3";"1";2;45;4
"15998";"202100015998";9;"07:45";"1";"34";"1";"1";"2";1;43;3
"15999";"202100015999";9;"06:55";"2";"44";"1";"2";"1";3;47;-1