"";"Num_Acc";"mois";"hrmn";"lum";"dep";"agg";"int";"atm";"col";"lat";"long"
"16000";"202100016000";9;"20:25";"3";"35";"1";"9";"1";2;48;-2
"16001";"202100016001";9;"11:25";"1";"29";"2";"1";"1";6;47;-4
"16002";"202100016002";10;"17:09";"1";"31";"2";"2";"1";3;43;0
"16003";"202100016003";9;"18:15";"1";"02";"1";"1";"1";7;49;3
"16004";"202100016004";9;"04:05";"5";"01";"2";"2";"2";3;46;4
"16005";"202100016005";9;"10:05";"1";"54";"1";"3";"7";3;48;5
"16006";"202100016006";9;"18:55";"1";"72";"2";"3";"1";3;48;0
"16007";"202100016007";10;"19:32";"2";"09";"1";"1";"1";1;43;1
"16008";"202100016008";9;"17:15";"1";"64";"1";"3";"1";3;43;-1
"16009";"202100016009";10;"13:25";"1";"16";"1";"3";"1";3;45;0
"16010";"202100016010";9;"16:45";"1";"07";"1";"1";"7";3;45;4
"16011";"202100016011";9;"16:50";"1";"07";"1";"1";"1";2;45;4
"16012";"202100016012";8;"14:15";"1";"53";"1";"1";"1";7;47;0
"16013";"202100016013";9;"15:30";"1";"27";"1";"2";"1";3;49;0
"16014";"202100016014";10;"15:25";"1";"27";"1";"1";"1";1;49;0
"16015";"202100016015";8;"17:30";"1";"27";"1";"2";"1";3;49;0
"16016";"202100016016";9;"17:35";"1";"08";"1";"3";"1";6;49;4
"16017";"202100016017";9;"17:15";"1";"88";"1";"1";"1";6;48;6
"16018";"202100016018";10;"09:00";"1";"78";"1";"1";"1";2;48;1
"16019";"202100016019";9;"17:10";"1";"78";"1";"1";"1";6;48;2
"16020";"202100016020";9;"11:20";"1";"21";"1";"1";"1";2;47;4
"16021";"202100016021";9;"13:30";"1";"30";"1";"1";"1";5;43;4
"16022";"202100016022";9;"06:30";"4";"77";"1";"1";"1";3;48;2
"16023";"202100016023";10;"06:50";"1";"83";"1";"9";"1";1;43;5
"16024";"202100016024";9;"15:20";"1";"67";"1";"1";"7";1;48;7
"16025";"202100016025";10;"16:10";"1";"01";"2";"1";"1";2;45;4
"16026";"202100016026";9;"12:00";"1";"69";"1";"1";"1";7;45;4
"16027";"202100016027";9;"07:55";"2";"09";"1";"1";"1";1;42;1
"16028";"202100016028";9;"08:10";"1";"33";"2";"6";"2";3;44;0
"16029";"202100016029";9;"21:22";"3";"61";"1";"1";"1";6;48;0
"16030";"202100016030";10;"08:10";"2";"35";"1";"1";"8";3;48;-1
"16031";"202100016031";9;"18:05";"2";"60";"1";"1";"1";3;49;2
"16032";"202100016032";10;"13:20";"1";"80";"1";"1";"8";7;49;2
"16033";"202100016033";9;"15:45";"1";"13";"1";"1";"1";2;43;5
"16034";"202100016034";9;"13:58";"1";"13";"1";"1";"1";7;43;5
"16035";"202100016035";9;"08:00";"1";"13";"1";"1";"1";2;43;5
"16036";"202100016036";9;"08:53";"1";"13";"1";"1";"1";2;43;5
"16037";"202100016037";9;"08:15";"1";"13";"1";"1";"1";3;43;5
"16038";"202100016038";9;"12:17";"1";"13";"1";"1";"1";2;43;5
"16039";"202100016039";9;"06:40";"2";"83";"1";"1";"1";3;43;5
"16040";"202100016040";9;"17:24";"1";"33";"1";"1";"1";2;44;0
"16041";"202100016041";9;"08:55";"1";"33";"1";"1";"1";3;44;0
"16042";"202100016042";9;"19:50";"3";"91";"1";"1";"1";3;48;2
"16043";"202100016043";9;"18:25";"1";"94";"1";"1";"1";5;48;2
"16044";"202100016044";9;"09:50";"1";"91";"1";"1";"1";5;48;2
"16045";"202100016045";9;"17:30";"1";"92";"1";"1";"1";4;48;2
"16046";"202100016046";9;"16:40";"1";"92";"1";"1";"1";2;48;2
"16047";"202100016047";9;"09:00";"1";"78";"1";"1";"1";3;48;2
"16048";"202100016048";9;"08:15";"1";"78";"1";"1";"1";3;48;2
"16049";"202100016049";9;"16:35";"1";"95";"1";"1";"1";6;49;2
"16050";"202100016050";9;"10:00";"1";"93";"1";"1";"1";3;48;2
"16051";"202100016051";9;"09:00";"1";"92";"1";"1";"1";2;48;2
"16052";"202100016052";9;"07:30";"2";"95";"1";"1";"1";5;48;2
"16053";"202100016053";9;"08:10";"1";"93";"1";"1";"2";4;48;2
"16054";"202100016054";9;"12:40";"1";"94";"1";"9";"1";6;48;2
"16055";"202100016055";9;"00:05";"3";"77";"1";"1";"1";7;48;2
"16056";"202100016056";10;"23:40";"5";"34";"2";"1";"1";6;43;3
"16057";"202100016057";9;"09:42";"1";"06";"2";"1";"1";3;43;7
"16058";"202100016058";9;"05:03";"5";"62";"2";"1";"2";6;50;1
"16059";"202100016059";9;"08:30";"1";"42";"2";"7";"1";6;45;4
"16060";"202100016060";9;"17:10";"1";"07";"2";"1";"1";6;44;4
"16061";"202100016061";9;"14:45";"1";"24";"2";"1";"1";6;45;0
"16062";"202100016062";5;"21:30";"5";"973";"2";"3";"1";3;4;-52
"16063";"202100016063";6;"11:30";"1";"13";"1";"1";"1";6;43;5
"16064";"202100016064";9;"18:20";"3";"974";"1";"1";"1";2;-21;55
"16065";"202100016065";9;"07:00";"1";"974";"2";"2";"2";3;-20;55
"16066";"202100016066";9;"09:50";"1";"974";"2";"1";"1";2;-20;55
"16067";"202100016067";9;"21:15";"5";"69";"2";"3";"1";3;45;4
"16068";"202100016068";9;"17:30";"1";"69";"2";"4";"1";1;45;4
"16069";"202100016069";9;"19:55";"5";"69";"2";"1";"1";2;45;4
"16070";"202100016070";9;"18:15";"1";"69";"2";"1";"1";3;45;4
"16071";"202100016071";9;"13:45";"1";"69";"2";"3";"1";3;45;4
"16072";"202100016072";9;"13:40";"1";"69";"2";"2";"1";6;45;4
"16073";"202100016073";9;"09:10";"1";"69";"2";"2";"1";1;45;4
"16074";"202100016074";9;"12:16";"1";"972";"1";"1";"1";4;14;-61
"16075";"202100016075";9;"16:40";"1";"69";"2";"1";"1";3;45;4
"16076";"202100016076";9;"08:10";"1";"69";"2";"1";"1";4;45;4
"16077";"202100016077";9;"19:30";"5";"971";"2";"1";"1";3;16;-61
"16078";"202100016078";9;"17:00";"1";"971";"1";"9";"1";3;16;-61
"16079";"202100016079";9;"14:23";"1";"971";"1";"1";"1";2;16;-61
"16080";"202100016080";9;"10:08";"1";"2A";"2";"9";"1";5;41;8
"16081";"202100016081";9;"11:18";"1";"95";"2";"1";"1";6;48;2
"16082";"202100016082";9;"20:20";"3";"91";"1";"1";"1";2;48;2
"16083";"202100016083";9;"20:42";"5";"91";"2";"1";"1";6;48;2
"16084";"202100016084";9;"10:50";"1";"91";"2";"1";"1";6;48;2
"16085";"202100016085";9;"08:09";"1";"91";"2";"1";"2";6;48;2
"16086";"202100016086";9;"08:38";"1";"91";"2";"6";"3";3;48;2
"16087";"202100016087";9;"14:50";"1";"91";"2";"1";"1";6;48;2
"16088";"202100016088";9;"08:00";"2";"91";"2";"3";"8";3;48;2
"16089";"202100016089";9;"14:15";"1";"91";"2";"2";"1";3;48;2
"16090";"202100016090";9;"18:10";"1";"91";"2";"2";"1";3;48;2
"16091";"202100016091";9;"15:45";"1";"91";"2";"9";"1";2;48;2
"16092";"202100016092";9;"16:55";"1";"89";"1";"1";"1";6;48;3
"16093";"202100016093";9;"11:00";"1";"89";"2";"1";"1";3;48;3
"16094";"202100016094";9;"10:36";"1";"88";"2";"3";"1";6;48;6
"16095";"202100016095";9;"18:43";"1";"87";"2";"1";"1";2;45;1
"16096";"202100016096";9;"08:50";"1";"86";"2";"1";"1";5;46;0
"16097";"202100016097";9;"19:07";"2";"83";"2";"2";"1";3;43;5
"16098";"202100016098";9;"17:50";"1";"83";"2";"1";"1";7;43;5
"16099";"202100016099";9;"09:45";"1";"83";"2";"1";"1";6;43;5
"16100";"202100016100";9;"19:02";"1";"83";"2";"1";"1";1;43;5
"16101";"202100016101";9;"13:15";"1";"83";"2";"1";"1";6;43;5
"16102";"202100016102";9;"10:00";"1";"83";"1";"1";"1";1;43;6
"16103";"202100016103";9;"19:00";"1";"83";"1";"1";"1";2;43;6
"16104";"202100016104";9;"16:40";"1";"82";"2";"1";"7";6;44;1
"16105";"202100016105";9;"15:30";"1";"80";"2";"1";"1";6;49;2
"16106";"202100016106";9;"07:25";"5";"80";"2";"1";"1";6;49;2
"16107";"202100016107";9;"19:40";"1";"80";"2";"1";"1";2;49;2
"16108";"202100016108";9;"17:25";"1";"80";"2";"1";"1";6;49;2
"16109";"202100016109";9;"14:55";"1";"80";"2";"3";"1";3;49;2
"16110";"202100016110";9;"21:50";"5";"78";"2";"1";"1";6;48;2
"16111";"202100016111";9;"10:40";"1";"78";"2";"3";"1";3;48;1
"16112";"202100016112";9;"16:10";"1";"78";"2";"1";"1";6;48;1
"16113";"202100016113";9;"17:00";"1";"78";"2";"3";"1";3;48;1
"16114";"202100016114";8;"23:45";"5";"78";"2";"1";"1";7;48;2
"16115";"202100016115";9;"16:33";"1";"78";"2";"1";"1";6;48;2
"16116";"202100016116";9;"17:55";"1";"77";"1";"1";"1";1;48;2
"16117";"202100016117";9;"16:35";"1";"77";"2";"1";"1";2;48;2
"16118";"202100016118";9;"08:00";"1";"77";"2";"3";"1";3;48;2
"16119";"202100016119";9;"23:55";"5";"76";"2";"1";"1";6;49;1
"16120";"202100016120";9;"18:00";"1";"76";"2";"2";"1";3;49;0
"16121";"202100016121";9;"10:00";"1";"72";"2";"1";"1";3;47;0
"16122";"202100016122";9;"07:50";"2";"72";"2";"1";"1";3;48;0
"16123";"202100016123";9;"15:25";"1";"72";"2";"6";"1";6;47;0
"16124";"202100016124";9;"18:20";"1";"71";"2";"1";"1";2;46;4
"16125";"202100016125";9;"17:45";"1";"71";"2";"6";"1";3;46;4
"16126";"202100016126";9;"12:45";"1";"69";"2";"3";"1";6;45;4
"16127";"202100016127";9;"19:10";"2";"69";"2";"1";"1";3;45;4
"16128";"202100016128";9;"13:05";"1";"69";"2";"1";"1";1;45;4
"16129";"202100016129";9;"00:20";"5";"67";"1";"3";"1";3;48;7
"16130";"202100016130";9;"15:10";"1";"67";"2";"1";"1";3;48;7
"16131";"202100016131";9;"20:10";"3";"66";"2";"6";"1";3;42;2
"16132";"202100016132";9;"17:30";"1";"66";"2";"1";"1";4;42;2
"16133";"202100016133";9;"18:11";"1";"66";"2";"1";"1";3;42;2
"16134";"202100016134";9;"18:45";"1";"66";"2";"1";"1";2;42;2
"16135";"202100016135";9;"07:55";"1";"64";"2";"2";"8";6;43;0
"16136";"202100016136";9;"10:22";"1";"63";"2";"2";"1";6;45;3
"16137";"202100016137";9;"07:55";"1";"63";"2";"3";"1";3;45;3
"16138";"202100016138";9;"09:08";"1";"63";"2";"1";"1";3;45;3
"16139";"202100016139";9;"08:45";"1";"61";"2";"3";"1";2;48;0
"16140";"202100016140";9;"16:55";"1";"60";"2";"1";"1";6;49;2
"16141";"202100016141";9;"13:00";"1";"60";"2";"6";"1";6;49;2
"16142";"202100016142";9;"22:40";"5";"59";"2";"2";"1";3;50;3
"16143";"202100016143";9;"17:50";"1";"59";"2";"1";"1";3;50;3
"16144";"202100016144";9;"17:50";"1";"59";"2";"3";"1";3;50;3
"16145";"202100016145";9;"19:00";"1";"58";"2";"3";"1";3;46;3
"16146";"202100016146";9;"18:00";"1";"58";"2";"9";"1";2;47;3
"16147";"202100016147";9;"22:15";"5";"54";"2";"6";"1";6;48;6
"16148";"202100016148";9;"18:35";"5";"54";"2";"2";"1";3;48;6
"16149";"202100016149";9;"20:12";"5";"54";"2";"3";"1";3;48;6
"16150";"202100016150";9;"08:20";"1";"54";"1";"8";"1";3;48;6
"16151";"202100016151";9;"10:50";"1";"54";"2";"3";"1";3;48;6
"16152";"202100016152";9;"11:40";"1";"51";"1";"2";"1";7;49;4
"16153";"202100016153";9;"20:20";"2";"50";"2";"2";"1";3;49;-1
"16154";"202100016154";9;"14:05";"1";"50";"2";"1";"1";3;49;-1
"16155";"202100016155";9;"11:44";"1";"49";"2";"1";"1";6;47;0
"16156";"202100016156";9;"18:08";"1";"49";"2";"1";"1";3;47;0
"16157";"202100016157";9;"19:37";"1";"49";"1";"1";"1";2;47;0
"16158";"202100016158";9;"10:27";"1";"45";"2";"2";"1";6;47;1
"16159";"202100016159";9;"09:40";"1";"45";"2";"1";"1";3;47;1
"16160";"202100016160";9;"09:50";"1";"45";"2";"6";"1";3;47;1
"16161";"202100016161";9;"14:40";"1";"44";"2";"1";"1";6;47;-2
"16162";"202100016162";9;"07:50";"1";"44";"2";"1";"1";1;47;-1
"16163";"202100016163";9;"19:50";"2";"44";"2";"1";"1";6;47;-1
"16164";"202100016164";9;"13:15";"1";"44";"2";"1";"1";3;47;-1
"16165";"202100016165";9;"17:16";"1";"44";"1";"1";"1";1;47;-1
"16166";"202100016166";9;"19:30";"2";"38";"2";"1";"1";3;45;5
"16167";"202100016167";9;"13:45";"1";"38";"2";"1";"1";3;45;5
"16168";"202100016168";9;"04:50";"5";"37";"2";"1";"1";6;47;0
"16169";"202100016169";9;"19:00";"1";"37";"2";"1";"1";4;47;0
"16170";"202100016170";9;"17:35";"1";"37";"2";"1";"1";6;47;0
"16171";"202100016171";9;"07:25";"1";"37";"2";"1";"1";6;47;0
"16172";"202100016172";9;"08:50";"1";"37";"2";"1";"1";6;47;0
"16173";"202100016173";9;"07:55";"1";"37";"2";"2";"1";6;47;0
"16174";"202100016174";9;"17:15";"1";"35";"2";"1";"7";6;48;-2
"16175";"202100016175";9;"12:15";"1";"35";"2";"1";"1";6;48;-1
"16176";"202100016176";9;"16:00";"1";"35";"2";"1";"1";4;48;-1
"16177";"202100016177";9;"14:20";"1";"35";"2";"1";"1";6;48;-1
"16178";"202100016178";9;"08:45";"1";"35";"2";"3";"1";3;48;-1
"16179";"202100016179";9;"19:40";"5";"34";"2";"9";"1";3;43;3
"16180";"202100016180";10;"08:40";"1";"34";"2";"1";"1";6;43;3
"16181";"202100016181";9;"15:05";"1";"34";"2";"1";"1";3;43;3
"16182";"202100016182";9;"16:40";"1";"33";"2";"1";"1";3;44;0
"16183";"202100016183";9;"22:30";"5";"33";"2";"6";"1";3;44;0
"16184";"202100016184";9;"11:30";"1";"33";"2";"6";"1";2;44;0
"16185";"202100016185";9;"02:45";"3";"33";"2";"1";"1";6;44;0
"16186";"202100016186";9;"19:00";"1";"33";"2";"7";"1";6;44;0
"16187";"202100016187";9;"08:50";"1";"33";"2";"3";"1";3;44;0
"16188";"202100016188";9;"10:10";"1";"33";"1";"2";"1";2;44;-1
"16189";"202100016189";9;"19:30";"5";"31";"2";"1";"1";6;43;1
"16190";"202100016190";9;"15:30";"1";"31";"2";"3";"1";3;43;1
"16191";"202100016191";9;"23:00";"5";"31";"2";"1";"1";3;43;1
"16192";"202100016192";9;"20:30";"5";"31";"2";"1";"1";3;43;1
"16193";"202100016193";9;"21:40";"5";"31";"2";"1";"1";6;43;1
"16194";"202100016194";9;"10:00";"1";"31";"2";"1";"1";7;43;1
"16195";"202100016195";9;"09:50";"1";"30";"2";"9";"1";6;44;4
"16196";"202100016196";9;"15:00";"1";"29";"1";"1";"1";6;47;-4
"16197";"202100016197";9;"10:57";"1";"29";"1";"1";"1";2;47;-4
"16198";"202100016198";9;"10:00";"1";"29";"2";"1";"1";6;48;-4
"16199";"202100016199";9;"07:45";"2";"29";"1";"1";"1";4;47;-3
"16200";"202100016200";9;"18:03";"1";"29";"2";"3";"3";3;48;-4
"16201";"202100016201";9;"18:50";"2";"25";"2";"1";"2";2;47;5
"16202";"202100016202";9;"18:05";"2";"25";"2";"3";"1";2;47;6
"16203";"202100016203";9;"08:20";"1";"25";"2";"2";"1";6;47;6
"16204";"202100016204";9;"17:50";"1";"24";"2";"1";"8";2;44;0
"16205";"202100016205";9;"08:34";"1";"22";"1";"1";"1";2;48;-2
"16206";"202100016206";9;"08:05";"1";"22";"2";"1";"1";1;48;-2
"16207";"202100016207";9;"17:20";"1";"22";"2";"1";"1";1;48;-2
"16208";"202100016208";9;"16:00";"1";"17";"1";"1";"1";4;46;-1
"16209";"202100016209";9;"14:19";"1";"17";"2";"1";"1";6;46;-1
"16210";"202100016210";9;"14:40";"1";"17";"2";"1";"1";3;46;-1
"16211";"202100016211";9;"09:42";"1";"17";"2";"3";"9";3;46;-1
"16212";"202100016212";9;"16:15";"1";"14";"2";"1";"8";6;49;0
"16213";"202100016213";9;"12:55";"1";"14";"2";"1";"1";6;49;0
"16214";"202100016214";9;"12:50";"1";"14";"2";"3";"1";3;49;0
"16215";"202100016215";9;"22:37";"5";"14";"2";"1";"1";6;49;0
"16216";"202100016216";9;"15:00";"1";"13";"2";"3";"1";3;43;5
"16217";"202100016217";9;"14:00";"1";"13";"2";"9";"1";6;43;5
"16218";"202100016218";9;"09:20";"1";"13";"2";"1";"7";6;43;5
"16219";"202100016219";9;"08:40";"1";"13";"2";"1";"1";6;43;5
"16220";"202100016220";9;"09:45";"1";"13";"2";"3";"1";3;43;5
"16221";"202100016221";8;"19:50";"1";"13";"1";"1";"1";3;43;5
"16222";"202100016222";9;"08:50";"1";"13";"2";"2";"1";3;43;5
"16223";"202100016223";9;"21:25";"5";"06";"2";"3";"1";3;43;7
"16224";"202100016224";9;"08:10";"1";"06";"1";"1";"1";3;43;6
"16225";"202100016225";9;"17:45";"1";"06";"2";"3";"1";3;43;7
"16226";"202100016226";9;"12:17";"1";"05";"2";"6";"7";3;44;6
"16227";"202100016227";9;"08:15";"1";"05";"2";"1";"1";2;44;6
"16228";"202100016228";9;"17:05";"1";"05";"1";"1";"1";7;44;6
"16229";"202100016229";9;"16:15";"1";"05";"2";"1";"1";6;44;6
"16230";"202100016230";9;"18:15";"1";"04";"2";"1";"1";3;43;5
"16231";"202100016231";9;"19:45";"2";"03";"1";"1";"1";6;46;3
"16232";"202100016232";9;"17:35";"1";"01";"2";"4";"1";6;46;5
"16233";"202100016233";9;"14:40";"1";"01";"2";"2";"1";5;46;5
"16234";"202100016234";9;"10:40";"1";"75";"2";"4";"1";3;48;2
"16235";"202100016235";9;"09:10";"1";"75";"2";"1";"1";4;48;2
"16236";"202100016236";9;"06:45";"2";"75";"2";"4";"1";3;48;2
"16237";"202100016237";9;"18:30";"1";"75";"2";"1";"8";2;48;2
"16238";"202100016238";9;"07:50";"1";"75";"2";"2";"2";6;48;2
"16239";"202100016239";9;"08:30";"1";"75";"2";"2";"1";3;48;2
"16240";"202100016240";9;"17:54";"1";"75";"2";"4";"1";6;48;2
"16241";"202100016241";9;"09:03";"1";"75";"2";"7";"8";4;48;2
"16242";"202100016242";9;"14:55";"1";"75";"2";"3";"8";6;48;2
"16243";"202100016243";9;"22:15";"5";"75";"2";"1";"1";3;48;2
"16244";"202100016244";9;"11:45";"1";"75";"2";"3";"1";2;48;2
"16245";"202100016245";9;"17:44";"1";"75";"2";"1";"1";3;48;2
"16246";"202100016246";9;"12:53";"1";"75";"2";"7";"1";3;48;2
"16247";"202100016247";9;"19:05";"2";"75";"2";"3";"1";3;48;2
"16248";"202100016248";9;"02:34";"5";"75";"2";"2";"1";3;48;2
"16249";"202100016249";9;"23:34";"5";"75";"2";"1";"1";3;48;2
"16250";"202100016250";9;"09:00";"1";"75";"2";"2";"1";2;48;2
"16251";"202100016251";9;"11:40";"1";"75";"2";"2";"1";3;48;2
"16252";"202100016252";9;"10:40";"1";"75";"2";"3";"1";3;48;2
"16253";"202100016253";9;"19:45";"5";"94";"2";"1";"1";1;48;2
"16254";"202100016254";9;"18:35";"2";"94";"2";"1";"1";3;48;2
"16255";"202100016255";9;"14:50";"1";"94";"2";"5";"1";6;48;2
"16256";"202100016256";9;"10:45";"1";"94";"2";"1";"1";6;48;2
"16257";"202100016257";9;"08:13";"1";"94";"2";"1";"1";6;48;2
"16258";"202100016258";9;"10:30";"1";"93";"2";"1";"1";6;48;2
"16259";"202100016259";9;"08:45";"1";"93";"2";"5";"2";2;48;2
"16260";"202100016260";9;"08:05";"1";"93";"2";"2";"2";3;48;2
"16261";"202100016261";9;"18:00";"1";"93";"2";"1";"1";1;48;2
"16262";"202100016262";9;"19:45";"5";"92";"2";"4";"2";6;48;2
"16263";"202100016263";9;"08:30";"1";"92";"2";"2";"1";5;48;2
"16264";"202100016264";9;"08:00";"1";"92";"2";"2";"8";7;48;2
"16265";"202100016265";9;"00:10";"5";"92";"2";"1";"1";3;48;2
"16266";"202100016266";9;"20:20";"2";"92";"2";"3";"1";6;48;2
"16267";"202100016267";9;"17:20";"1";"92";"2";"3";"1";6;48;2
"16268";"202100016268";9;"19:40";"5";"92";"2";"1";"1";1;48;2
"16269";"202100016269";9;"04:40";"5";"92";"2";"1";"2";6;48;2
"16270";"202100016270";9;"20:35";"5";"92";"2";"1";"1";3;48;2
"16271";"202100016271";9;"14:05";"1";"92";"2";"1";"1";3;48;2
"16272";"202100016272";9;"08:00";"1";"2A";"1";"1";"1";3;41;8
"16273";"202100016273";9;"08:25";"1";"35";"2";"1";"1";6;47;-1
"16274";"202100016274";9;"16:30";"1";"84";"1";"9";"1";1;44;4
"16275";"202100016275";9;"17:40";"1";"62";"2";"3";"1";6;50;2
"16276";"202100016276";9;"14:30";"1";"83";"1";"1";"1";6;43;6
"16277";"202100016277";9;"13:22";"1";"19";"1";"1";"1";7;45;1
"16278";"202100016278";9;"12:00";"1";"19";"1";"1";"2";1;45;2
"16279";"202100016279";9;"16:00";"1";"56";"1";"2";"1";3;47;-2
"16280";"202100016280";9;"16:30";"1";"56";"1";"3";"1";3;47;-2
"16281";"202100016281";9;"11:45";"1";"56";"1";"1";"1";1;47;-3
"16282";"202100016282";9;"17:20";"1";"80";"1";"1";"1";1;50;1
"16283";"202100016283";9;"16:30";"1";"80";"1";"2";"1";3;49;2
"16284";"202100016284";9;"00:30";"5";"33";"2";"1";"1";6;44;-1
"16285";"202100016285";9;"17:20";"1";"63";"1";"3";"1";4;45;3
"16286";"202100016286";9;"12:00";"1";"49";"1";"1";"1";7;47;0
"16287";"202100016287";9;"08:30";"1";"39";"2";"1";"7";1;46;5
"16288";"202100016288";9;"11:20";"1";"44";"2";"3";"1";3;47;-2
"16289";"202100016289";9;"16:40";"1";"35";"1";"9";"1";6;48;-1
"16290";"202100016290";9;"19:20";"2";"26";"2";"3";"1";6;44;5
"16291";"202100016291";9;"23:20";"5";"72";"2";"1";"1";3;48;0
"16292";"202100016292";9;"08:35";"1";"72";"1";"1";"1";7;48;0
"16293";"202100016293";8;"01:20";"5";"06";"2";"1";"1";6;43;7
"16294";"202100016294";9;"15:50";"1";"50";"1";"1";"1";3;49;-1
"16295";"202100016295";9;"16:00";"1";"60";"1";"3";"1";1;49;2
"16296";"202100016296";9;"17:10";"1";"64";"2";"3";"1";4;43;-1
"16297";"202100016297";9;"17:10";"1";"16";"1";"2";"1";3;45;0
"16298";"202100016298";9;"11:50";"1";"27";"2";"1";"1";3;49;0
"16299";"202100016299";9;"07:35";"1";"48";"2";"1";"1";6;44;3
"16300";"202100016300";8;"10:36";"1";"88";"1";"1";"1";6;47;6
"16301";"202100016301";9;"18:40";"1";"88";"1";"1";"1";1;48;6
"16302";"202100016302";9;"00:30";"3";"72";"1";"1";"1";6;47;0
"16303";"202100016303";9;"23:45";"3";"89";"1";"1";"1";3;47;4
"16304";"202100016304";9;"11:40";"1";"06";"1";"1";"1";6;43;7
"16305";"202100016305";9;"11:15";"1";"51";"1";"1";"1";6;48;4
"16306";"202100016306";9;"18:00";"1";"988";"1";"1";"1";1;-20;164
"16307";"202100016307";9;"15:55";"1";"988";"2";"1";"1";6;-22;166
"16308";"202100016308";9;"16:40";"1";"971";"2";"1";"1";3;16;-61
"16309";"202100016309";9;"19:15";"5";"971";"2";"1";"1";6;16;-61
"16310";"202100016310";9;"14:05";"1";"971";"1";"1";"1";1;16;-61
"16311";"202100016311";9;"12:20";"1";"95";"1";"1";"1";6;49;1
"16312";"202100016312";9;"03:55";"3";"78";"1";"9";"1";2;48;1
"16313";"202100016313";9;"14:50";"1";"2B";"1";"3";"1";2;42;8
"16314";"202100016314";9;"15:40";"1";"2B";"1";"1";"1";3;42;9
"16315";"202100016315";9;"12:50";"1";"66";"2";"6";"1";7;42;2
"16316";"202100016316";9;"10:40";"1";"66";"2";"1";"1";6;42;3
"16317";"202100016317";9;"12:20";"1";"04";"1";"1";"1";7;43;6
"16318";"202100016318";9;"13:10";"1";"04";"1";"1";"1";7;43;6
"16319";"202100016319";9;"21:05";"3";"04";"1";"2";"1";3;43;5
"16320";"202100016320";9;"07:10";"2";"13";"1";"3";"1";1;43;5
"16321";"202100016321";9;"11:45";"1";"13";"1";"1";"1";1;43;5
"16322";"202100016322";9;"08:40";"1";"13";"1";"2";"7";3;43;5
"16323";"202100016323";9;"13:15";"1";"71";"1";"1";"1";1;46;4
"16324";"202100016324";8;"04:36";"3";"67";"1";"1";"1";6;48;7
"16325";"202100016325";8;"11:25";"1";"67";"1";"1";"1";3;48;7
"16326";"202100016326";9;"17:45";"1";"73";"1";"1";"1";6;45;6
"16327";"202100016327";9;"18:15";"1";"69";"1";"1";"1";1;45;4
"16328";"202100016328";9;"13:50";"1";"50";"1";"1";"1";7;49;-1
"16329";"202100016329";9;"09:30";"1";"14";"1";"2";"7";3;48;0
"16330";"202100016330";9;"20:30";"3";"60";"1";"1";"1";7;49;2
"16331";"202100016331";9;"15:55";"1";"60";"1";"1";"1";2;49;2
"16332";"202100016332";9;"01:00";"3";"60";"1";"1";"1";7;49;2
"16333";"202100016333";8;"18:50";"2";"59";"1";"6";"7";3;50;3
"16334";"202100016334";9;"23:45";"3";"13";"1";"1";"1";1;43;5
"16335";"202100016335";9;"19:00";"1";"13";"1";"1";"1";2;43;5
"16336";"202100016336";9;"08:40";"1";"33";"1";"1";"2";2;44;0
"16337";"202100016337";9;"13:48";"1";"92";"1";"1";"1";4;48;2
"16338";"202100016338";9;"08:55";"1";"94";"1";"1";"1";4;48;2
"16339";"202100016339";9;"08:48";"1";"91";"1";"1";"8";2;48;2
"16340";"202100016340";9;"00:30";"3";"91";"1";"1";"1";2;48;2
"16341";"202100016341";9;"18:00";"1";"94";"1";"1";"1";2;48;2
"16342";"202100016342";9;"18:00";"1";"77";"1";"1";"1";2;48;2
"16343";"202100016343";9;"12:45";"1";"77";"1";"1";"1";4;48;2
"16344";"202100016344";9;"07:55";"1";"93";"2";"9";"1";1;48;2
"16345";"202100016345";9;"13:20";"1";"92";"2";"3";"3";6;48;2
"16346";"202100016346";9;"16:20";"1";"75";"2";"2";"1";6;48;2
"16347";"202100016347";9;"09:15";"1";"75";"2";"1";"1";2;48;2
"16348";"202100016348";9;"13:35";"1";"75";"2";"2";"1";3;48;2
"16349";"202100016349";9;"09:30";"1";"75";"2";"3";"1";3;48;2
"16350";"202100016350";9;"23:05";"5";"75";"2";"2";"1";3;48;2
"16351";"202100016351";9;"11:30";"1";"75";"2";"7";"1";3;48;2
"16352";"202100016352";9;"21:18";"5";"75";"2";"3";"1";2;48;2
"16353";"202100016353";9;"09:40";"1";"75";"2";"5";"2";2;48;2
"16354";"202100016354";9;"08:43";"1";"75";"2";"3";"1";3;48;2
"16355";"202100016355";9;"12:16";"1";"75";"2";"1";"2";6;48;2
"16356";"202100016356";9;"11:09";"1";"75";"2";"2";"8";3;48;2
"16357";"202100016357";9;"16:50";"1";"75";"2";"1";"1";6;48;2
"16358";"202100016358";9;"12:25";"1";"75";"2";"1";"1";2;48;2
"16359";"202100016359";9;"07:13";"5";"75";"2";"5";"1";3;48;2
"16360";"202100016360";9;"19:00";"1";"75";"2";"2";"1";3;48;2
"16361";"202100016361";9;"09:40";"1";"75";"2";"4";"1";2;48;2
"16362";"202100016362";9;"15:00";"1";"75";"2";"5";"1";3;48;2
"16363";"202100016363";9;"18:00";"1";"94";"2";"1";"1";3;48;2
"16364";"202100016364";9;"19:15";"2";"94";"2";"2";"1";3;48;2