"";"Num_Acc";"mois";"hrmn";"lum";"dep";"agg";"int";"atm";"col";"lat";"long"
"16365";"202100016365";9;"18:35";"1";"94";"2";"1";"1";6;48;2
"16366";"202100016366";9;"09:50";"1";"94";"2";"1";"1";2;48;2
"16367";"202100016367";9;"18:20";"1";"94";"2";"1";"1";2;48;2
"16368";"202100016368";9;"09:10";"1";"94";"2";"1";"1";6;48;2
"16369";"202100016369";9;"14:10";"1";"94";"2";"2";"1";3;48;2
"16370";"202100016370";9;"17:20";"1";"94";"2";"1";"1";2;48;2
"16371";"202100016371";9;"16:37";"1";"93";"2";"1";"1";1;48;2
"16372";"202100016372";9;"18:07";"1";"93";"2";"1";"1";2;48;2
"16373";"202100016373";9;"21:50";"5";"93";"2";"9";"1";3;48;2
"16374";"202100016374";9;"19:10";"1";"93";"2";"2";"1";3;48;2
"16375";"202100016375";9;"07:25";"1";"93";"2";"3";"1";1;48;2
"16376";"202100016376";9;"14:35";"1";"93";"2";"1";"1";3;48;2
"16377";"202100016377";9;"21:50";"5";"93";"2";"2";"1";3;48;2
"16378";"202100016378";9;"20:08";"5";"92";"2";"2";"1";3;48;2
"16379";"202100016379";9;"18:10";"1";"92";"2";"1";"1";6;48;2
"16380";"202100016380";9;"14:30";"1";"92";"2";"1";"1";3;48;2
"16381";"202100016381";9;"07:40";"1";"92";"2";"2";"1";1;48;2
"16382";"202100016382";9;"10:20";"1";"92";"2";"1";"1";1;48;2
"16383";"202100016383";9;"08:40";"1";"92";"2";"3";"1";3;48;2
"16384";"202100016384";9;"11:10";"1";"92";"2";"3";"1";3;48;2
"16385";"202100016385";9;"17:45";"1";"92";"2";"3";"1";3;48;2
"16386";"202100016386";9;"22:30";"5";"92";"2";"1";"1";6;48;2
"16387";"202100016387";9;"15:00";"1";"92";"2";"1";"1";2;48;2
"16388";"202100016388";9;"19:25";"5";"92";"2";"3";"1";3;48;2
"16389";"202100016389";9;"09:06";"1";"92";"2";"2";"2";3;48;2
"16390";"202100016390";9;"06:30";"1";"976";"1";"1";"1";3;-12;45
"16391";"202100016391";9;"17:26";"1";"80";"1";"1";"1";7;50;2
"16392";"202100016392";9;"07:55";"1";"41";"2";"2";"2";3;47;1
"16393";"202100016393";9;"12:45";"1";"11";"1";"9";"1";2;43;2
"16394";"202100016394";9;"14:55";"1";"13";"1";"1";"1";2;43;4
"16395";"202100016395";9;"18:20";"1";"67";"2";"9";"1";6;48;7
"16396";"202100016396";9;"12:45";"1";"35";"1";"1";"1";3;48;-1
"16397";"202100016397";9;"14:45";"1";"59";"2";"1";"1";6;50;2
"16398";"202100016398";9;"22:35";"3";"30";"1";"1";"1";6;43;4
"16399";"202100016399";9;"10:30";"1";"79";"2";"1";"1";7;46;0
"16400";"202100016400";9;"19:00";"1";"81";"2";"1";"1";6;43;2
"16401";"202100016401";9;"13:14";"1";"61";"1";"2";"1";2;48;0
"16402";"202100016402";9;"12:20";"1";"55";"2";"2";"2";7;48;5
"16403";"202100016403";9;"08:22";"1";"42";"1";"1";"1";6;46;4
"16404";"202100016404";9;"16:55";"1";"39";"2";"1";"1";6;46;5
"16405";"202100016405";9;"20:41";"3";"72";"1";"1";"2";7;48;0
"16406";"202100016406";9;"08:30";"1";"06";"1";"1";"1";5;43;7
"16407";"202100016407";9;"16:20";"1";"07";"1";"1";"1";2;44;4
"16408";"202100016408";9;"17:20";"1";"24";"2";"6";"1";6;44;0
"16409";"202100016409";9;"17:55";"1";"04";"2";"1";"1";3;43;5
"16410";"202100016410";9;"07:35";"2";"85";"1";"3";"1";3;46;-1
"16411";"202100016411";9;"03:15";"3";"27";"1";"1";"3";6;49;0
"16412";"202100016412";9;"08:45";"1";"13";"1";"1";"1";4;43;5
"16413";"202100016413";9;"15:30";"1";"66";"1";"1";"1";5;42;2
"16414";"202100016414";9;"14:10";"1";"34";"2";"1";"1";7;43;3
"16415";"202100016415";9;"07:26";"1";"88";"1";"1";"1";7;48;6
"16416";"202100016416";9;"22:32";"3";"54";"1";"1";"2";7;48;6
"16417";"202100016417";9;"15:00";"1";"57";"2";"1";"1";6;49;6
"16418";"202100016418";9;"17:20";"1";"63";"1";"1";"1";3;45;2
"16419";"202100016419";9;"16:20";"1";"07";"1";"1";"1";7;44;4
"16420";"202100016420";9;"07:30";"2";"69";"2";"1";"1";1;45;4
"16421";"202100016421";9;"11:20";"1";"33";"1";"3";"1";1;45;0
"16422";"202100016422";9;"13:35";"1";"59";"2";"9";"1";6;50;2
"16423";"202100016423";9;"09:00";"1";"13";"1";"1";"1";4;43;5
"16424";"202100016424";9;"08:40";"1";"13";"1";"1";"1";4;43;5
"16425";"202100016425";9;"08:30";"1";"33";"1";"1";"1";2;44;0
"16426";"202100016426";9;"15:00";"1";"92";"1";"1";"1";6;48;2
"16427";"202100016427";9;"09:30";"1";"78";"1";"1";"1";5;48;2
"16428";"202100016428";9;"07:30";"1";"78";"1";"1";"1";3;48;2
"16429";"202100016429";9;"15:05";"1";"92";"1";"1";"1";2;48;2
"16430";"202100016430";9;"17:20";"1";"93";"1";"1";"1";2;48;2
"16431";"202100016431";9;"05:10";"3";"95";"1";"1";"1";2;49;2
"16432";"202100016432";9;"18:30";"1";"77";"1";"1";"1";3;48;2
"16433";"202100016433";9;"17:00";"1";"77";"1";"1";"1";2;48;2
"16434";"202100016434";9;"12:00";"1";"94";"1";"1";"1";2;48;2
"16435";"202100016435";9;"11:45";"1";"94";"1";"1";"1";3;48;2
"16436";"202100016436";9;"16:30";"1";"77";"1";"1";"1";5;48;2
"16437";"202100016437";9;"12:45";"1";"76";"2";"2";"1";6;49;0
"16438";"202100016438";9;"08:15";"1";"09";"1";"1";"1";3;43;1
"16439";"202100016439";4;"10:00";"1";"74";"2";"1";"3";2;46;6
"16440";"202100016440";9;"19:20";"5";"974";"2";"1";"1";1;-20;55
"16441";"202100016441";9;"08:12";"1";"69";"2";"1";"1";4;45;4
"16442";"202100016442";9;"17:40";"1";"972";"2";"1";"1";6;14;-61
"16443";"202100016443";9;"18:30";"5";"971";"2";"1";"1";6;16;-61
"16444";"202100016444";9;"10:30";"1";"2A";"1";"1";"1";2;41;8
"16445";"202100016445";9;"14:15";"1";"91";"2";"1";"3";6;48;2
"16446";"202100016446";9;"15:30";"1";"91";"2";"1";"1";2;48;2
"16447";"202100016447";9;"11:20";"1";"91";"2";"1";"8";4;48;2
"16448";"202100016448";9;"10:30";"1";"91";"2";"2";"1";6;48;2
"16449";"202100016449";9;"00:35";"3";"87";"1";"1";"1";6;45;1
"16450";"202100016450";9;"23:20";"5";"87";"2";"3";"1";6;45;1
"16451";"202100016451";9;"10:20";"1";"86";"2";"1";"1";3;46;0
"16452";"202100016452";9;"08:30";"1";"86";"2";"1";"1";6;46;0
"16453";"202100016453";9;"18:50";"1";"84";"1";"1";"1";6;43;4
"16454";"202100016454";9;"15:00";"1";"83";"2";"1";"1";4;43;5
"16455";"202100016455";9;"15:50";"1";"83";"2";"9";"1";3;43;6
"16456";"202100016456";9;"11:30";"1";"81";"1";"6";"1";3;43;2
"16457";"202100016457";9;"17:00";"1";"78";"1";"3";"1";1;48;2
"16458";"202100016458";9;"10:05";"1";"78";"2";"1";"1";1;48;1
"16459";"202100016459";9;"15:00";"1";"77";"2";"6";"1";6;48;2
"16460";"202100016460";9;"14:45";"1";"77";"2";"1";"2";2;48;2
"16461";"202100016461";9;"00:25";"5";"76";"2";"2";"1";3;49;1
"16462";"202100016462";9;"18:05";"1";"76";"2";"3";"1";3;49;1
"16463";"202100016463";9;"01:00";"3";"76";"1";"1";"1";6;49;0
"16464";"202100016464";9;"20:30";"5";"76";"2";"2";"1";1;49;0
"16465";"202100016465";9;"13:45";"1";"68";"2";"2";"1";6;47;7
"16466";"202100016466";9;"19:50";"5";"67";"2";"3";"1";3;48;7
"16467";"202100016467";9;"12:10";"1";"67";"2";"1";"1";2;48;7
"16468";"202100016468";9;"09:40";"1";"67";"2";"1";"1";2;48;7
"16469";"202100016469";9;"08:24";"1";"66";"2";"1";"1";4;42;2
"16470";"202100016470";9;"21:25";"5";"64";"1";"1";"1";6;43;-1
"16471";"202100016471";9;"11:40";"1";"64";"2";"1";"1";7;43;-1
"16472";"202100016472";9;"07:40";"2";"63";"2";"2";"1";3;45;3
"16473";"202100016473";9;"12:24";"1";"63";"2";"1";"1";6;45;3
"16474";"202100016474";9;"17:12";"1";"63";"2";"2";"1";3;45;3
"16475";"202100016475";9;"12:45";"1";"63";"2";"2";"1";3;45;3
"16476";"202100016476";9;"07:33";"2";"63";"2";"5";"1";3;45;3
"16477";"202100016477";9;"19:16";"1";"63";"2";"2";"1";3;45;3
"16478";"202100016478";9;"19:50";"2";"63";"2";"5";"2";6;45;3
"16479";"202100016479";9;"12:40";"1";"63";"1";"1";"1";5;45;3
"16480";"202100016480";9;"17:20";"1";"62";"1";"4";"1";3;50;2
"16481";"202100016481";9;"09:00";"1";"62";"2";"4";"1";6;50;2
"16482";"202100016482";9;"13:05";"1";"59";"1";"1";"3";6;50;3
"16483";"202100016483";9;"06:20";"5";"56";"2";"1";"1";6;47;-3
"16484";"202100016484";9;"07:15";"3";"56";"1";"6";"1";6;47;-3
"16485";"202100016485";9;"17:35";"1";"56";"1";"1";"1";2;47;-3
"16486";"202100016486";9;"13:30";"1";"56";"2";"3";"1";3;47;-3
"16487";"202100016487";9;"14:15";"1";"54";"2";"3";"1";3;48;6
"16488";"202100016488";9;"17:00";"1";"54";"2";"2";"1";3;49;5
"16489";"202100016489";9;"16:15";"1";"52";"1";"1";"1";6;48;4
"16490";"202100016490";9;"18:15";"1";"51";"2";"1";"1";3;49;4
"16491";"202100016491";9;"08:05";"2";"50";"2";"2";"3";6;49;-1
"16492";"202100016492";9;"18:35";"1";"49";"2";"6";"2";3;47;0
"16493";"202100016493";9;"15:35";"1";"49";"2";"9";"8";1;47;0
"16494";"202100016494";9;"16:05";"1";"49";"2";"6";"3";3;47;0
"16495";"202100016495";9;"13:22";"1";"49";"2";"1";"1";1;47;0
"16496";"202100016496";9;"08:46";"1";"49";"2";"6";"1";3;47;0
"16497";"202100016497";9;"12:50";"1";"45";"2";"1";"8";3;47;1
"16498";"202100016498";9;"22:40";"5";"45";"2";"6";"1";6;47;2
"16499";"202100016499";9;"14:35";"1";"44";"2";"1";"1";6;47;-1
"16500";"202100016500";9;"20:40";"3";"41";"2";"1";"1";6;47;1
"16501";"202100016501";9;"17:55";"1";"37";"2";"1";"1";7;47;0
"16502";"202100016502";9;"17:00";"1";"33";"2";"1";"1";6;44;0
"16503";"202100016503";9;"08:00";"1";"33";"2";"1";"1";5;44;0
"16504";"202100016504";9;"02:50";"5";"33";"2";"2";"1";6;44;0
"16505";"202100016505";9;"08:40";"1";"31";"2";"1";"8";3;43;1
"16506";"202100016506";9;"14:30";"1";"29";"2";"6";"1";3;48;-4
"16507";"202100016507";9;"17:30";"1";"27";"2";"3";"1";3;49;1
"16508";"202100016508";9;"13:30";"1";"25";"2";"1";"1";3;47;6
"16509";"202100016509";9;"17:45";"1";"24";"1";"1";"1";5;44;0
"16510";"202100016510";9;"22:47";"5";"17";"2";"2";"8";3;45;-1
"16511";"202100016511";9;"08:40";"1";"13";"2";"1";"1";3;43;5
"16512";"202100016512";9;"21:45";"3";"13";"2";"1";"1";2;43;5
"16513";"202100016513";9;"15:30";"1";"13";"2";"2";"1";3;43;5
"16514";"202100016514";9;"07:00";"3";"13";"2";"1";"2";6;43;5
"16515";"202100016515";9;"17:30";"1";"13";"2";"1";"1";2;43;5
"16516";"202100016516";9;"17:40";"1";"11";"2";"1";"1";3;43;3
"16517";"202100016517";9;"12:45";"1";"10";"2";"2";"1";3;48;4
"16518";"202100016518";9;"12:30";"1";"06";"2";"1";"1";6;43;7
"16519";"202100016519";9;"20:40";"1";"92";"2";"1";"1";3;48;2
"16520";"202100016520";9;"06:32";"1";"976";"2";"1";"1";6;-12;45
"16521";"202100016521";9;"16:55";"1";"91";"2";"1";"1";6;48;2
"16522";"202100016522";9;"09:05";"1";"78";"1";"1";"1";6;48;2
"16523";"202100016523";9;"16:10";"1";"77";"2";"3";"1";6;48;2
"16524";"202100016524";9;"10:25";"1";"68";"2";"2";"1";6;48;7
"16525";"202100016525";9;"17:25";"1";"52";"2";"1";"1";6;48;5
"16526";"202100016526";9;"16:25";"1";"42";"2";"1";"1";6;45;4
"16527";"202100016527";9;"21:35";"5";"35";"2";"2";"1";1;48;-1
"16528";"202100016528";9;"01:30";"5";"94";"2";"9";"1";1;48;2
"16529";"202100016529";9;"20:10";"5";"94";"1";"1";"1";4;48;2
"16530";"202100016530";6;"11:38";"1";"17";"2";"1";"1";6;45;0
"16531";"202100016531";5;"17:15";"1";"92";"2";"2";"1";3;48;2
"16532";"202100016532";9;"18:05";"1";"75";"2";"1";"1";6;48;2
"16533";"202100016533";9;"05:45";"5";"75";"2";"3";"1";3;48;2
"16534";"202100016534";9;"23:58";"5";"75";"2";"2";"1";3;48;2
"16535";"202100016535";9;"17:05";"1";"75";"2";"2";"8";6;48;2
"16536";"202100016536";9;"17:45";"1";"75";"2";"1";"1";6;48;2
"16537";"202100016537";9;"08:20";"1";"75";"2";"2";"1";3;48;2
"16538";"202100016538";9;"00:15";"5";"75";"2";"7";"1";3;48;2
"16539";"202100016539";9;"20:00";"5";"75";"2";"1";"1";6;48;2
"16540";"202100016540";9;"18:05";"1";"75";"2";"5";"1";3;48;2
"16541";"202100016541";9;"11:50";"1";"75";"2";"3";"2";3;48;2
"16542";"202100016542";9;"05:50";"5";"75";"2";"2";"1";6;48;2
"16543";"202100016543";9;"12:00";"1";"94";"2";"1";"1";2;48;2
"16544";"202100016544";9;"10:00";"1";"94";"2";"1";"1";3;48;2
"16545";"202100016545";9;"09:25";"1";"94";"2";"1";"2";3;48;2
"16546";"202100016546";9;"08:45";"1";"94";"2";"6";"2";3;48;2
"16547";"202100016547";9;"18:55";"1";"94";"2";"1";"1";6;48;2
"16548";"202100016548";9;"14:15";"1";"94";"2";"9";"8";3;48;2
"16549";"202100016549";9;"20:35";"5";"94";"2";"2";"1";3;48;2
"16550";"202100016550";9;"23:55";"5";"94";"2";"2";"1";3;48;2
"16551";"202100016551";9;"15:45";"1";"93";"2";"2";"1";3;48;2
"16552";"202100016552";9;"12:25";"1";"93";"2";"1";"3";3;48;2
"16553";"202100016553";9;"13:00";"1";"93";"2";"1";"3";6;48;2
"16554";"202100016554";9;"21:15";"5";"93";"2";"1";"2";6;48;2
"16555";"202100016555";9;"17:30";"1";"93";"2";"1";"1";6;48;2
"16556";"202100016556";9;"00:19";"5";"93";"2";"1";"2";6;48;2
"16557";"202100016557";9;"15:30";"1";"92";"2";"2";"1";3;48;2
"16558";"202100016558";9;"11:20";"1";"92";"2";"1";"1";3;48;2
"16559";"202100016559";9;"19:45";"5";"92";"2";"1";"1";3;48;2
"16560";"202100016560";9;"19:40";"1";"92";"2";"3";"1";3;48;2
"16561";"202100016561";9;"19:30";"5";"92";"2";"1";"1";6;48;2
"16562";"202100016562";9;"19:50";"2";"92";"2";"3";"1";3;48;2
"16563";"202100016563";9;"18:15";"2";"92";"2";"1";"1";6;48;2
"16564";"202100016564";9;"05:40";"3";"51";"1";"1";"5";4;48;4
"16565";"202100016565";9;"09:10";"1";"73";"1";"1";"1";6;45;5
"16566";"202100016566";9;"08:00";"2";"31";"2";"1";"1";2;43;1
"16567";"202100016567";9;"07:50";"1";"23";"1";"1";"1";6;46;1
"16568";"202100016568";9;"08:46";"1";"40";"1";"1";"2";1;43;0
"16569";"202100016569";9;"16:55";"1";"41";"2";"3";"3";3;47;1
"16570";"202100016570";9;"19:10";"2";"56";"1";"1";"1";7;47;-2
"16571";"202100016571";9;"09:30";"1";"80";"1";"1";"1";1;49;2
"16572";"202100016572";9;"15:18";"1";"65";"2";"1";"1";7;42;0
"16573";"202100016573";9;"16:10";"1";"69";"1";"3";"8";3;46;4
"16574";"202100016574";9;"09:45";"1";"61";"2";"1";"1";6;48;0
"16575";"202100016575";9;"14:30";"1";"68";"2";"1";"1";1;47;7
"16576";"202100016576";9;"09:45";"1";"25";"2";"1";"1";6;46;6
"16577";"202100016577";9;"21:30";"5";"29";"2";"1";"1";7;47;-4
"16578";"202100016578";9;"18:10";"1";"31";"2";"2";"1";3;43;1
"16579";"202100016579";9;"10:15";"1";"38";"2";"4";"1";3;45;5
"16580";"202100016580";9;"07:00";"2";"38";"2";"1";"1";3;45;5
"16581";"202100016581";9;"16:10";"1";"70";"1";"1";"1";1;47;6
"16582";"202100016582";8;"00:10";"3";"70";"2";"1";"1";6;47;6
"16583";"202100016583";9;"19:30";"2";"26";"1";"3";"1";3;44;4
"16584";"202100016584";9;"02:00";"1";"07";"1";"9";"1";7;44;4
"16585";"202100016585";9;"10:25";"1";"40";"1";"2";"1";3;43;0
"16586";"202100016586";9;"20:15";"5";"24";"2";"9";"1";6;44;1
"16587";"202100016587";9;"17:20";"1";"04";"2";"1";"1";7;43;6
"16588";"202100016588";9;"19:00";"2";"04";"2";"3";"1";4;44;6
"16589";"202100016589";9;"16:50";"1";"28";"1";"6";"1";7;48;1
"16590";"202100016590";9;"18:00";"1";"37";"2";"1";"1";6;47;0
"16591";"202100016591";8;"01:25";"3";"29";"1";"1";"1";6;47;-3
"16592";"202100016592";9;"10:00";"1";"73";"1";"1";"1";6;45;6
"16593";"202100016593";9;"12:10";"1";"67";"2";"2";"1";6;48;7
"16594";"202100016594";9;"09:00";"1";"13";"2";"1";"1";1;43;5
"16595";"202100016595";9;"19:30";"5";"986";"2";"2";"1";3;-13;-176
"16596";"202100016596";8;"16:00";"1";"29";"1";"1";"1";6;47;-3
"16597";"202100016597";9;"16:05";"1";"30";"2";"1";"1";1;43;4
"16598";"202100016598";9;"04:30";"3";"83";"1";"1";"1";1;43;6
"16599";"202100016599";9;"12:10";"1";"19";"1";"3";"1";2;45;1
"16600";"202100016600";9;"14:30";"1";"59";"2";"1";"2";3;50;3
"16601";"202100016601";9;"18:30";"1";"59";"2";"1";"1";6;50;2
"16602";"202100016602";9;"09:55";"1";"33";"1";"1";"1";4;44;0
"16603";"202100016603";9;"08:40";"1";"59";"1";"1";"1";2;50;3
"16604";"202100016604";9;"13:10";"1";"91";"1";"1";"2";6;48;2
"16605";"202100016605";9;"11:35";"1";"91";"1";"1";"2";7;48;2
"16606";"202100016606";9;"07:30";"2";"91";"1";"1";"1";2;48;2
"16607";"202100016607";9;"00:55";"3";"91";"1";"1";"1";6;48;2
"16608";"202100016608";9;"00:25";"3";"91";"1";"1";"1";6;48;2
"16609";"202100016609";9;"00:05";"5";"92";"1";"1";"1";6;48;2
"16610";"202100016610";9;"18:15";"1";"93";"1";"1";"1";6;48;2
"16611";"202100016611";9;"14:18";"1";"93";"1";"1";"1";7;48;2
"16612";"202100016612";9;"13:40";"1";"93";"1";"1";"1";6;48;2
"16613";"202100016613";9;"11:00";"1";"93";"1";"1";"2";6;48;2
"16614";"202100016614";9;"19:00";"1";"93";"1";"1";"1";4;48;2
"16615";"202100016615";9;"16:00";"1";"77";"1";"1";"1";3;48;2
"16616";"202100016616";9;"13:30";"1";"77";"1";"1";"2";2;48;2
"16617";"202100016617";9;"14:30";"1";"91";"2";"9";"1";6;48;2
"16618";"202100016618";9;"12:05";"1";"25";"2";"1";"1";6;47;6
"16619";"202100016619";9;"17:30";"1";"83";"2";"4";"3";6;43;6
"16620";"202100016620";9;"14:10";"1";"59";"2";"9";"1";6;50;3
"16621";"202100016621";6;"06:45";"1";"73";"1";"1";"1";3;45;6
"16622";"202100016622";6;"08:00";"1";"73";"1";"1";"1";6;45;6
"16623";"202100016623";9;"11:45";"1";"974";"2";"3";"1";2;-20;55
"16624";"202100016624";9;"00:40";"5";"69";"2";"9";"1";3;45;4
"16625";"202100016625";9;"19:00";"1";"69";"2";"1";"1";3;45;4
"16626";"202100016626";9;"05:20";"5";"69";"2";"2";"8";3;45;4
"16627";"202100016627";9;"12:55";"1";"972";"2";"2";"1";3;14;-61
"16628";"202100016628";9;"15:40";"1";"972";"2";"1";"1";4;14;-61
"16629";"202100016629";9;"14:15";"1";"69";"2";"1";"1";6;45;4
"16630";"202100016630";6;"19:00";"2";"69";"2";"3";"1";6;45;4
"16631";"202100016631";9;"18:30";"1";"91";"2";"1";"1";1;48;2
"16632";"202100016632";9;"15:30";"1";"91";"2";"9";"1";3;48;2
"16633";"202100016633";9;"00:00";"3";"88";"1";"3";"2";7;48;6
"16634";"202100016634";9;"02:00";"5";"83";"2";"1";"9";2;43;5
"16635";"202100016635";9;"00:10";"3";"83";"1";"1";"1";1;43;6
"16636";"202100016636";9;"18:45";"1";"78";"2";"6";"1";3;48;1
"16637";"202100016637";9;"14:15";"1";"77";"2";"3";"2";3;48;2
"16638";"202100016638";9;"00:15";"3";"77";"1";"3";"1";2;48;2
"16639";"202100016639";9;"03:30";"5";"76";"1";"6";"1";7;49;1
"16640";"202100016640";9;"14:15";"1";"72";"2";"1";"1";3;47;0
"16641";"202100016641";9;"03:30";"5";"69";"2";"1";"2";6;45;4
"16642";"202100016642";9;"17:55";"1";"65";"2";"6";"1";3;43;0
"16643";"202100016643";9;"20:35";"5";"59";"2";"3";"1";1;50;3
"16644";"202100016644";9;"12:30";"1";"59";"2";"1";"1";6;50;3
"16645";"202100016645";9;"05:20";"5";"59";"2";"3";"1";1;50;3
"16646";"202100016646";9;"08:02";"1";"49";"2";"2";"8";3;47;0
"16647";"202100016647";9;"18:50";"1";"44";"2";"1";"1";6;47;-1
"16648";"202100016648";9;"15:30";"1";"35";"1";"1";"1";2;48;-1
"16649";"202100016649";9;"12:50";"1";"35";"2";"1";"1";6;48;-1
"16650";"202100016650";9;"18:15";"1";"31";"1";"1";"1";5;43;1
"16651";"202100016651";9;"11:10";"1";"31";"2";"1";"1";5;43;1
"16652";"202100016652";9;"04:20";"4";"31";"2";"1";"2";6;43;1
"16653";"202100016653";9;"17:20";"1";"27";"2";"1";"8";7;49;1
"16654";"202100016654";9;"10:20";"1";"25";"2";"4";"1";3;46;6
"16655";"202100016655";9;"20:55";"5";"17";"2";"2";"1";3;45;0
"16656";"202100016656";9;"16:07";"1";"16";"2";"6";"1";3;45;0
"16657";"202100016657";9;"18:15";"1";"13";"2";"7";"1";1;43;5
"16658";"202100016658";9;"19:20";"5";"13";"2";"1";"1";1;43;5
"16659";"202100016659";9;"23:00";"5";"13";"2";"1";"2";5;43;5
"16660";"202100016660";9;"14:45";"1";"13";"2";"3";"1";3;43;5
"16661";"202100016661";9;"22:00";"3";"13";"2";"1";"2";3;43;5
"16662";"202100016662";9;"17:29";"1";"10";"2";"1";"1";2;48;4
"16663";"202100016663";9;"17:55";"1";"06";"2";"1";"1";6;43;6
"16664";"202100016664";9;"14:00";"1";"06";"2";"1";"2";3;43;7
"16665";"202100016665";9;"13:36";"1";"06";"2";"1";"1";5;43;7
"16666";"202100016666";9;"12:20";"1";"01";"2";"1";"1";6;46;5
"16667";"202100016667";9;"18:15";"1";"01";"1";"6";"1";3;46;5
"16668";"202100016668";9;"19:00";"2";"75";"2";"1";"1";4;48;2
"16669";"202100016669";9;"04:25";"5";"75";"2";"1";"1";6;48;2
"16670";"202100016670";9;"17:39";"1";"75";"2";"2";"2";6;48;2
"16671";"202100016671";9;"17:25";"1";"75";"2";"3";"1";2;48;2
"16672";"202100016672";9;"18:40";"2";"75";"2";"2";"2";2;48;2
"16673";"202100016673";9;"23:47";"5";"75";"2";"2";"1";3;48;2
"16674";"202100016674";9;"06:04";"5";"75";"2";"1";"1";2;48;2
"16675";"202100016675";9;"18:00";"1";"75";"2";"3";"8";7;48;2
"16676";"202100016676";9;"15:00";"1";"75";"2";"3";"3";6;48;2
"16677";"202100016677";9;"10:00";"1";"75";"2";"5";"1";6;48;2
"16678";"202100016678";9;"19:35";"2";"75";"2";"2";"2";5;48;2
"16679";"202100016679";9;"04:20";"5";"75";"2";"7";"1";6;48;2
"16680";"202100016680";9;"15:15";"1";"75";"2";"3";"2";3;48;2
"16681";"202100016681";9;"15:35";"1";"75";"2";"2";"3";6;48;2
"16682";"202100016682";9;"14:50";"1";"94";"2";"1";"1";6;48;2
"16683";"202100016683";9;"21:30";"5";"92";"2";"1";"1";4;48;2
"16684";"202100016684";9;"17:40";"1";"92";"2";"1";"1";3;48;2
"16685";"202100016685";9;"10:40";"1";"92";"2";"1";"1";7;48;2
"16686";"202100016686";9;"15:20";"1";"92";"2";"1";"3";4;48;2
"16687";"202100016687";9;"10:57";"1";"92";"2";"2";"1";6;48;2
"16688";"202100016688";9;"07:10";"1";"976";"1";"1";"1";3;-12;45
"16689";"202100016689";9;"11:55";"1";"35";"2";"6";"1";1;48;-1
"16690";"202100016690";9;"13:04";"1";"01";"2";"1";"1";6;45;5
"16691";"202100016691";9;"19:15";"1";"43";"1";"3";"1";7;45;3
"16692";"202100016692";9;"01:15";"3";"40";"1";"1";"1";6;43;-1
"16693";"202100016693";9;"12:20";"1";"31";"2";"1";"1";1;43;1
"16694";"202100016694";9;"14:20";"1";"21";"1";"1";"1";5;47;5
"16695";"202100016695";9;"20:35";"3";"22";"1";"9";"1";2;48;-2
"16696";"202100016696";9;"13:55";"1";"26";"1";"4";"1";1;45;4
"16697";"202100016697";9;"16:19";"1";"68";"1";"1";"1";7;47;7
"16698";"202100016698";9;"10:45";"1";"44";"1";"9";"1";6;47;-1
"16699";"202100016699";9;"18:00";"1";"47";"1";"1";"1";7;44;0
"16700";"202100016700";9;"15:15";"1";"30";"1";"6";"1";3;43;4
"16701";"202100016701";9;"15:50";"1";"57";"1";"2";"1";5;49;6
"16702";"202100016702";9;"15:40";"1";"51";"2";"1";"1";7;49;4
"16703";"202100016703";9;"21:45";"3";"76";"1";"1";"1";4;49;0
"16704";"202100016704";9;"15:20";"1";"76";"1";"1";"1";4;49;0
"16705";"202100016705";9;"09:20";"1";"79";"1";"2";"8";3;46;0
"16706";"202100016706";8;"12:00";"1";"2B";"2";"1";"1";2;42;9
"16707";"202100016707";9;"13:20";"1";"80";"1";"3";"2";3;50;2
"16708";"202100016708";9;"05:30";"5";"81";"2";"6";"1";2;43;2
"16709";"202100016709";9;"08:30";"2";"71";"2";"3";"1";5;46;5
"16710";"202100016710";9;"10:50";"1";"71";"1";"1";"1";6;46;4
"16711";"202100016711";9;"13:40";"1";"61";"1";"4";"1";3;48;0
"16712";"202100016712";9;"21:10";"3";"49";"1";"1";"1";6;47;0
"16713";"202100016713";8;"20:30";"1";"49";"1";"1";"1";6;47;0
"16714";"202100016714";9;"09:25";"1";"47";"2";"1";"1";6;44;0
"16715";"202100016715";9;"08:30";"1";"35";"2";"1";"1";6;48;-1
"16716";"202100016716";9;"07:08";"5";"35";"2";"4";"2";1;48;-2
"16717";"202100016717";9;"10:50";"1";"29";"2";"1";"1";1;48;-3
"16718";"202100016718";9;"14:35";"1";"15";"1";"1";"1";6;45;3
"16719";"202100016719";9;"19:45";"2";"26";"1";"1";"1";1;44;4
"16720";"202100016720";9;"17:20";"1";"58";"1";"1";"1";7;47;3
"16721";"202100016721";9;"16:40";"1";"66";"1";"1";"1";7;42;2
"16722";"202100016722";9;"12:30";"1";"50";"1";"4";"1";3;49;-1
"16723";"202100016723";9;"07:10";"3";"09";"1";"1";"1";3;43;1
"16724";"202100016724";8;"09:28";"1";"60";"1";"1";"8";6;49;2
"16725";"202100016725";9;"11:15";"1";"07";"1";"1";"1";1;44;4
"16726";"202100016726";9;"19:05";"1";"53";"1";"1";"1";1;48;0
"16727";"202100016727";9;"17:30";"1";"88";"2";"2";"1";2;48;6
"16728";"202100016728";8;"18:30";"1";"10";"1";"1";"1";2;48;4
"16729";"202100016729";9;"11:50";"1";"35";"1";"2";"1";3;48;-1