"";"Num_Acc";"mois";"hrmn";"lum";"dep";"agg";"int";"atm";"col";"lat";"long"
"16730";"202100016730";9;"16:11";"1";"69";"2";"4";"1";6;45;4
"16731";"202100016731";9;"15:10";"1";"06";"1";"2";"8";3;43;7
"16732";"202100016732";9;"05:15";"3";"79";"1";"1";"9";5;46;0
"16733";"202100016733";9;"22:30";"3";"17";"1";"1";"1";4;45;0
"16734";"202100016734";9;"13:20";"1";"84";"1";"9";"1";7;44;4
"16735";"202100016735";9;"21:00";"5";"973";"2";"6";"1";7;5;-54
"16736";"202100016736";9;"11:20";"1";"971";"1";"1";"1";4;16;-61
"16737";"202100016737";9;"21:25";"3";"77";"1";"1";"1";7;48;2
"16738";"202100016738";9;"16:05";"1";"95";"2";"1";"2";1;49;1
"16739";"202100016739";9;"16:40";"1";"78";"2";"1";"1";6;48;1
"16740";"202100016740";9;"08:30";"2";"21";"1";"1";"1";6;47;4
"16741";"202100016741";9;"09:56";"1";"21";"2";"1";"1";7;47;5
"16742";"202100016742";9;"23:50";"3";"67";"1";"1";"1";6;48;7
"16743";"202100016743";9;"17:35";"1";"42";"1";"2";"8";1;45;4
"16744";"202100016744";9;"10:00";"1";"42";"2";"1";"1";6;45;4
"16745";"202100016745";8;"19:10";"1";"38";"2";"2";"1";3;45;4
"16746";"202100016746";9;"16:45";"1";"26";"1";"1";"2";7;44;4
"16747";"202100016747";9;"09:20";"1";"26";"1";"6";"1";3;44;5
"16748";"202100016748";9;"16:50";"1";"69";"2";"1";"1";6;46;4
"16749";"202100016749";9;"14:00";"1";"17";"1";"9";"1";7;45;-1
"16750";"202100016750";9;"19:46";"2";"44";"1";"2";"1";1;47;-1
"16751";"202100016751";9;"12:00";"1";"22";"1";"3";"1";1;48;-3
"16752";"202100016752";9;"12:45";"1";"13";"1";"1";"8";5;43;5
"16753";"202100016753";9;"04:15";"5";"13";"1";"1";"2";1;43;5
"16754";"202100016754";9;"05:40";"3";"13";"1";"1";"1";2;43;5
"16755";"202100016755";9;"04:15";"5";"13";"1";"9";"1";7;43;5
"16756";"202100016756";9;"18:15";"1";"13";"1";"1";"1";2;43;5
"16757";"202100016757";9;"08:27";"1";"13";"1";"1";"1";4;43;5
"16758";"202100016758";9;"22:10";"3";"69";"1";"1";"1";2;45;5
"16759";"202100016759";9;"20:15";"3";"94";"1";"1";"8";5;48;2
"16760";"202100016760";9;"17:42";"1";"91";"1";"1";"8";2;48;2
"16761";"202100016761";9;"14:05";"1";"91";"1";"1";"2";4;48;2
"16762";"202100016762";9;"02:09";"5";"92";"1";"1";"1";3;48;2
"16763";"202100016763";9;"23:55";"3";"78";"1";"1";"1";3;48;1
"16764";"202100016764";9;"19:50";"1";"93";"1";"1";"1";2;48;2
"16765";"202100016765";9;"16:15";"1";"95";"1";"1";"1";5;48;2
"16766";"202100016766";9;"02:10";"3";"95";"1";"1";"1";2;48;2
"16767";"202100016767";9;"15:20";"1";"93";"1";"1";"1";3;48;2
"16768";"202100016768";9;"23:30";"3";"94";"1";"1";"1";4;48;2
"16769";"202100016769";9;"16:45";"1";"94";"1";"1";"1";2;48;2
"16770";"202100016770";7;"00:15";"5";"74";"2";"1";"1";4;45;6
"16771";"202100016771";5;"16:40";"1";"94";"2";"1";"1";3;48;2
"16772";"202100016772";9;"07:10";"1";"976";"2";"9";"1";2;-12;45
"16773";"202100016773";9;"15:20";"1";"974";"1";"1";"1";2;-21;55
"16774";"202100016774";9;"08:20";"1";"974";"2";"6";"1";3;-20;55
"16775";"202100016775";9;"13:25";"1";"974";"1";"1";"1";3;-20;55
"16776";"202100016776";9;"07:00";"1";"974";"1";"1";"1";1;-20;55
"16777";"202100016777";9;"05:45";"2";"973";"1";"1";"1";3;4;-52
"16778";"202100016778";9;"23:20";"5";"973";"2";"1";"1";7;4;-52
"16779";"202100016779";9;"17:30";"1";"973";"2";"3";"1";3;4;-52
"16780";"202100016780";9;"21:00";"1";"973";"1";"3";"1";3;4;-52
"16781";"202100016781";9;"16:51";"1";"973";"2";"1";"1";5;4;-52
"16782";"202100016782";9;"22:30";"5";"69";"2";"1";"1";1;45;4
"16783";"202100016783";9;"17:18";"1";"69";"2";"1";"1";2;45;4
"16784";"202100016784";9;"08:30";"1";"69";"2";"9";"1";6;45;4
"16785";"202100016785";9;"12:00";"1";"69";"2";"2";"1";6;45;4
"16786";"202100016786";9;"17:30";"1";"69";"2";"1";"1";6;45;4
"16787";"202100016787";9;"20:30";"4";"69";"2";"2";"9";3;45;4
"16788";"202100016788";9;"04:05";"4";"972";"1";"1";"1";6;14;-61
"16789";"202100016789";9;"13:19";"1";"972";"1";"1";"1";3;14;-60
"16790";"202100016790";9;"08:50";"1";"972";"1";"1";"1";2;14;-61
"16791";"202100016791";9;"08:30";"1";"972";"1";"1";"1";6;14;-61
"16792";"202100016792";9;"07:40";"1";"972";"1";"1";"1";2;14;-61
"16793";"202100016793";9;"20:00";"5";"69";"2";"1";"1";3;45;4
"16794";"202100016794";9;"11:50";"1";"69";"2";"9";"1";6;45;4
"16795";"202100016795";9;"13:38";"1";"69";"2";"3";"1";2;45;4
"16796";"202100016796";9;"08:00";"1";"69";"2";"1";"1";6;45;4
"16797";"202100016797";9;"11:50";"1";"69";"2";"1";"1";2;45;4
"16798";"202100016798";9;"18:00";"1";"2B";"2";"1";"1";2;42;9
"16799";"202100016799";9;"01:40";"5";"2B";"2";"2";"1";3;42;9
"16800";"202100016800";9;"20:04";"3";"2B";"1";"1";"1";1;42;9
"16801";"202100016801";9;"07:50";"2";"2B";"2";"1";"1";3;42;9
"16802";"202100016802";9;"20:35";"5";"971";"1";"9";"1";6;16;-61
"16803";"202100016803";9;"01:17";"3";"971";"2";"1";"1";6;16;-61
"16804";"202100016804";8;"18:15";"1";"971";"1";"9";"1";6;16;-61
"16805";"202100016805";9;"12:05";"1";"971";"1";"3";"1";6;16;-61
"16806";"202100016806";9;"16:20";"1";"95";"2";"1";"1";7;49;2
"16807";"202100016807";9;"18:35";"2";"95";"2";"1";"1";6;48;2
"16808";"202100016808";9;"09:00";"1";"95";"2";"6";"7";6;48;2
"16809";"202100016809";9;"10:35";"1";"95";"2";"2";"1";3;48;2
"16810";"202100016810";9;"16:30";"1";"91";"1";"1";"1";3;48;2
"16811";"202100016811";9;"13:10";"1";"91";"2";"1";"1";2;48;2
"16812";"202100016812";9;"17:25";"1";"91";"1";"1";"1";3;48;2
"16813";"202100016813";9;"12:45";"1";"91";"2";"1";"1";3;48;2
"16814";"202100016814";9;"16:47";"1";"91";"2";"3";"1";3;48;2
"16815";"202100016815";9;"18:00";"1";"91";"2";"1";"1";3;48;2
"16816";"202100016816";9;"11:20";"1";"91";"2";"1";"7";6;48;2
"16817";"202100016817";9;"05:55";"3";"91";"2";"3";"1";3;48;2
"16818";"202100016818";9;"19:40";"2";"91";"2";"1";"1";6;48;2
"16819";"202100016819";9;"19:00";"1";"91";"2";"1";"1";6;48;2
"16820";"202100016820";9;"17:45";"1";"91";"2";"2";"1";3;48;2
"16821";"202100016821";9;"18:00";"1";"91";"2";"1";"1";6;48;2
"16822";"202100016822";9;"11:20";"1";"91";"2";"1";"1";6;48;2
"16823";"202100016823";7;"17:20";"1";"91";"2";"1";"1";3;48;2
"16824";"202100016824";9;"15:10";"1";"91";"2";"1";"1";6;48;2
"16825";"202100016825";9;"17:35";"1";"91";"2";"1";"1";5;48;2
"16826";"202100016826";9;"13:29";"1";"91";"1";"9";"1";7;48;2
"16827";"202100016827";9;"08:54";"1";"87";"2";"6";"1";7;45;1
"16828";"202100016828";9;"09:24";"1";"87";"2";"1";"1";6;45;1
"16829";"202100016829";9;"08:45";"1";"85";"1";"1";"1";1;46;-1
"16830";"202100016830";9;"11:45";"1";"83";"2";"1";"1";3;43;5
"16831";"202100016831";9;"10:20";"1";"83";"2";"1";"1";6;43;6
"16832";"202100016832";9;"08:45";"1";"83";"2";"1";"1";6;43;6
"16833";"202100016833";9;"19:40";"2";"83";"2";"1";"1";6;43;5
"16834";"202100016834";9;"14:00";"1";"83";"2";"3";"1";3;43;5
"16835";"202100016835";9;"08:40";"1";"83";"2";"1";"1";6;43;5
"16836";"202100016836";9;"17:15";"1";"83";"1";"1";"1";3;43;5
"16837";"202100016837";9;"18:00";"1";"83";"2";"1";"1";3;43;5
"16838";"202100016838";9;"18:20";"2";"83";"2";"1";"7";6;43;5
"16839";"202100016839";9;"09:15";"1";"83";"2";"1";"1";6;43;6
"16840";"202100016840";9;"14:30";"1";"83";"2";"1";"1";6;43;6
"16841";"202100016841";9;"20:40";"5";"81";"2";"1";"1";6;43;2
"16842";"202100016842";9;"09:00";"1";"78";"2";"1";"1";6;48;2
"16843";"202100016843";9;"17:00";"1";"77";"2";"6";"1";1;48;2
"16844";"202100016844";9;"17:37";"1";"77";"2";"1";"1";6;48;2
"16845";"202100016845";9;"06:35";"3";"77";"1";"1";"1";6;48;2
"16846";"202100016846";9;"18:30";"2";"76";"2";"1";"1";2;49;1
"16847";"202100016847";9;"16:25";"1";"76";"2";"3";"1";6;49;1
"16848";"202100016848";9;"13:40";"1";"76";"2";"6";"1";3;49;1
"16849";"202100016849";9;"17:30";"1";"76";"2";"6";"1";7;49;0
"16850";"202100016850";9;"13:45";"1";"73";"2";"1";"1";2;45;5
"16851";"202100016851";9;"16:00";"1";"72";"2";"1";"1";6;47;0
"16852";"202100016852";9;"22:50";"5";"72";"2";"1";"1";3;47;0
"16853";"202100016853";9;"17:55";"1";"72";"1";"1";"1";6;47;0
"16854";"202100016854";9;"16:40";"1";"71";"2";"3";"1";3;46;4
"16855";"202100016855";9;"11:20";"1";"71";"2";"2";"1";7;46;4
"16856";"202100016856";9;"16:20";"1";"71";"1";"1";"7";4;46;4
"16857";"202100016857";9;"07:55";"1";"71";"2";"1";"7";6;46;4
"16858";"202100016858";9;"20:00";"5";"69";"2";"6";"1";6;45;4
"16859";"202100016859";9;"16:00";"1";"69";"2";"2";"1";2;45;4
"16860";"202100016860";9;"12:05";"1";"69";"2";"1";"1";3;45;4
"16861";"202100016861";9;"19:20";"2";"69";"2";"6";"1";6;45;4
"16862";"202100016862";9;"13:05";"1";"69";"2";"1";"1";3;45;4
"16863";"202100016863";9;"10:00";"1";"69";"2";"3";"1";3;45;4
"16864";"202100016864";9;"18:37";"1";"68";"2";"3";"7";3;48;7
"16865";"202100016865";9;"14:15";"1";"68";"2";"9";"1";6;48;7
"16866";"202100016866";9;"16:50";"1";"67";"2";"3";"1";3;48;7
"16867";"202100016867";9;"08:30";"1";"67";"2";"1";"7";6;48;7
"16868";"202100016868";9;"04:55";"5";"67";"2";"1";"1";6;48;7
"16869";"202100016869";9;"15:30";"1";"67";"2";"3";"1";3;48;7
"16870";"202100016870";9;"15:53";"1";"67";"2";"1";"1";6;48;7
"16871";"202100016871";9;"06:35";"3";"66";"1";"1";"1";1;42;2
"16872";"202100016872";9;"15:26";"1";"66";"2";"1";"1";3;42;2
"16873";"202100016873";9;"11:05";"1";"66";"1";"1";"1";3;42;2
"16874";"202100016874";9;"18:58";"1";"66";"2";"3";"1";6;42;2
"16875";"202100016875";9;"16:50";"1";"65";"2";"3";"1";6;43;0
"16876";"202100016876";9;"11:25";"1";"65";"2";"1";"1";3;43;0
"16877";"202100016877";9;"09:10";"1";"64";"2";"1";"1";6;43;-1
"16878";"202100016878";9;"11:30";"1";"64";"2";"1";"1";3;43;0
"16879";"202100016879";9;"11:15";"1";"64";"2";"1";"1";2;43;0
"16880";"202100016880";9;"17:25";"1";"64";"1";"1";"1";3;43;-1
"16881";"202100016881";9;"15:50";"1";"64";"2";"1";"1";2;43;-1
"16882";"202100016882";9;"12:15";"1";"64";"2";"3";"1";3;43;-1
"16883";"202100016883";9;"20:40";"5";"64";"2";"1";"1";7;43;-1
"16884";"202100016884";9;"10:00";"1";"64";"2";"1";"1";7;43;-1
"16885";"202100016885";9;"22:55";"5";"64";"2";"1";"1";2;43;-1
"16886";"202100016886";9;"17:40";"1";"62";"2";"6";"1";2;50;2
"16887";"202100016887";9;"13:55";"1";"61";"2";"1";"1";3;48;0
"16888";"202100016888";9;"14:30";"1";"59";"2";"1";"1";3;50;2
"16889";"202100016889";9;"17:35";"1";"59";"2";"1";"1";6;50;3
"16890";"202100016890";9;"06:45";"2";"59";"2";"6";"1";3;50;3
"16891";"202100016891";9;"16:45";"1";"58";"2";"1";"1";2;46;3
"16892";"202100016892";9;"16:00";"1";"57";"2";"1";"1";6;49;6
"16893";"202100016893";9;"17:55";"1";"54";"2";"1";"1";6;48;6
"16894";"202100016894";9;"18:45";"1";"54";"2";"1";"1";6;48;6
"16895";"202100016895";9;"08:23";"1";"54";"2";"1";"7";2;48;6
"16896";"202100016896";9;"09:48";"1";"54";"2";"6";"1";6;48;6
"16897";"202100016897";9;"21:25";"3";"53";"1";"3";"1";3;48;0
"16898";"202100016898";9;"16:46";"1";"51";"2";"1";"1";3;49;4
"16899";"202100016899";9;"12:25";"1";"51";"2";"3";"1";5;49;4
"16900";"202100016900";9;"20:45";"5";"51";"2";"6";"1";3;49;4
"16901";"202100016901";9;"19:00";"1";"50";"2";"1";"1";1;49;-1
"16902";"202100016902";9;"14:30";"1";"49";"2";"2";"1";3;47;0
"16903";"202100016903";9;"18:56";"1";"49";"2";"1";"2";7;47;0
"16904";"202100016904";9;"12:40";"1";"49";"2";"1";"1";3;47;0
"16905";"202100016905";9;"08:55";"1";"49";"2";"1";"1";3;47;0
"16906";"202100016906";9;"08:32";"1";"49";"2";"1";"1";1;47;0
"16907";"202100016907";9;"06:59";"2";"49";"2";"1";"1";1;47;0
"16908";"202100016908";9;"17:34";"1";"49";"2";"6";"1";2;47;0
"16909";"202100016909";9;"09:38";"1";"49";"2";"1";"1";3;47;0
"16910";"202100016910";9;"12:38";"1";"49";"2";"1";"1";3;47;0
"16911";"202100016911";9;"17:07";"1";"45";"2";"1";"1";2;47;1
"16912";"202100016912";9;"16:55";"1";"45";"2";"2";"1";3;47;1
"16913";"202100016913";9;"08:50";"1";"45";"2";"3";"1";3;47;1
"16914";"202100016914";9;"16:45";"1";"45";"2";"3";"1";1;47;1
"16915";"202100016915";9;"14:44";"1";"45";"2";"6";"1";3;47;2
"16916";"202100016916";9;"00:25";"5";"45";"2";"1";"1";6;47;2
"16917";"202100016917";9;"11:35";"1";"44";"2";"2";"1";3;47;-2
"16918";"202100016918";9;"17:45";"1";"44";"2";"1";"1";3;47;-1
"16919";"202100016919";9;"10:05";"1";"44";"2";"1";"1";6;47;-1
"16920";"202100016920";9;"14:00";"1";"42";"2";"5";"1";3;45;4
"16921";"202100016921";9;"11:00";"1";"41";"2";"1";"1";3;47;1
"16922";"202100016922";9;"00:57";"5";"38";"2";"1";"1";2;45;5
"16923";"202100016923";9;"20:20";"5";"37";"2";"1";"2";2;47;0
"16924";"202100016924";9;"05:13";"5";"37";"2";"1";"1";3;47;0
"16925";"202100016925";9;"20:10";"5";"37";"2";"1";"1";3;47;0
"16926";"202100016926";9;"19:55";"2";"37";"2";"1";"1";6;47;0
"16927";"202100016927";9;"07:00";"5";"37";"2";"1";"1";6;47;0
"16928";"202100016928";9;"01:10";"5";"37";"2";"7";"1";6;47;0
"16929";"202100016929";9;"17:54";"1";"37";"2";"2";"1";6;47;0
"16930";"202100016930";9;"18:20";"1";"37";"2";"1";"1";6;47;0
"16931";"202100016931";9;"14:30";"1";"37";"2";"3";"1";6;47;0
"16932";"202100016932";9;"13:10";"1";"37";"2";"1";"1";7;47;0
"16933";"202100016933";9;"17:20";"1";"35";"2";"6";"1";2;48;-1
"16934";"202100016934";9;"16:30";"1";"35";"2";"1";"1";2;48;-1
"16935";"202100016935";9;"18:10";"1";"33";"2";"9";"1";3;44;0
"16936";"202100016936";9;"18:10";"1";"33";"2";"1";"1";6;44;0
"16937";"202100016937";9;"08:35";"1";"33";"2";"2";"1";3;44;0
"16938";"202100016938";9;"19:00";"1";"33";"2";"5";"1";6;44;0
"16939";"202100016939";9;"15:25";"1";"33";"2";"2";"1";3;44;0
"16940";"202100016940";9;"13:30";"1";"33";"2";"3";"1";1;44;0
"16941";"202100016941";9;"08:20";"1";"33";"2";"6";"1";3;44;0
"16942";"202100016942";9;"01:43";"5";"33";"2";"2";"1";3;44;0
"16943";"202100016943";9;"02:45";"5";"33";"2";"1";"1";6;44;-1
"16944";"202100016944";9;"01:35";"5";"33";"2";"1";"1";6;44;-1
"16945";"202100016945";9;"14:56";"1";"33";"1";"1";"1";2;44;-1
"16946";"202100016946";9;"16:15";"1";"31";"2";"1";"1";6;43;1
"16947";"202100016947";9;"15:00";"1";"31";"2";"9";"1";3;43;1
"16948";"202100016948";9;"15:10";"1";"31";"1";"1";"1";5;43;1
"16949";"202100016949";9;"22:15";"5";"31";"2";"7";"1";6;43;1
"16950";"202100016950";9;"17:15";"1";"31";"2";"1";"1";7;43;1
"16951";"202100016951";9;"17:05";"1";"30";"2";"4";"1";3;44;4
"16952";"202100016952";9;"23:00";"5";"30";"2";"1";"2";6;44;4
"16953";"202100016953";9;"23:25";"3";"29";"1";"9";"2";6;48;-3
"16954";"202100016954";9;"17:45";"1";"29";"2";"2";"5";6;48;-4
"16955";"202100016955";9;"14:45";"1";"29";"2";"8";"8";3;48;-4
"16956";"202100016956";9;"08:13";"1";"29";"2";"2";"1";3;48;-4
"16957";"202100016957";9;"11:00";"1";"27";"2";"6";"1";6;49;1
"16958";"202100016958";9;"22:40";"3";"27";"2";"1";"1";1;49;1
"16959";"202100016959";9;"18:00";"1";"27";"2";"1";"1";2;49;1
"16960";"202100016960";9;"18:00";"1";"27";"2";"2";"7";4;49;1
"16961";"202100016961";9;"08:15";"2";"27";"1";"1";"1";6;49;1
"16962";"202100016962";9;"14:38";"1";"26";"2";"3";"1";3;44;4
"16963";"202100016963";9;"11:25";"1";"25";"2";"3";"1";6;46;6
"16964";"202100016964";9;"08:15";"1";"25";"2";"1";"1";6;47;6
"16965";"202100016965";9;"16:50";"1";"17";"1";"1";"1";3;46;-1
"16966";"202100016966";9;"16:30";"1";"14";"2";"1";"1";6;49;0
"16967";"202100016967";9;"20:00";"5";"14";"2";"1";"1";3;49;0
"16968";"202100016968";9;"18:10";"1";"14";"2";"1";"1";3;49;0
"16969";"202100016969";9;"17:10";"1";"14";"2";"1";"1";3;49;0
"16970";"202100016970";9;"13:00";"1";"14";"2";"1";"1";3;49;0
"16971";"202100016971";9;"17:30";"1";"14";"2";"9";"1";6;49;0
"16972";"202100016972";9;"17:50";"1";"14";"2";"9";"1";3;49;0
"16973";"202100016973";9;"10:10";"1";"14";"2";"9";"1";6;49;0
"16974";"202100016974";9;"13:15";"1";"13";"2";"2";"1";3;43;5
"16975";"202100016975";9;"15:20";"1";"13";"2";"1";"1";3;43;5
"16976";"202100016976";9;"17:15";"1";"13";"2";"1";"1";3;43;5
"16977";"202100016977";9;"17:05";"1";"13";"2";"1";"1";3;43;5
"16978";"202100016978";9;"17:30";"1";"13";"2";"3";"1";3;43;5
"16979";"202100016979";9;"14:55";"1";"13";"2";"1";"1";3;43;5
"16980";"202100016980";9;"10:15";"1";"13";"2";"2";"1";3;43;5
"16981";"202100016981";9;"17:50";"1";"13";"2";"2";"1";3;43;5
"16982";"202100016982";9;"23:43";"5";"13";"2";"1";"1";1;43;5
"16983";"202100016983";9;"18:55";"1";"13";"2";"3";"1";2;43;5
"16984";"202100016984";9;"07:20";"2";"13";"2";"6";"1";6;43;5
"16985";"202100016985";9;"17:30";"1";"13";"2";"1";"1";3;43;5
"16986";"202100016986";9;"23:27";"5";"13";"2";"3";"1";3;43;5
"16987";"202100016987";9;"20:15";"5";"13";"2";"1";"1";1;43;5
"16988";"202100016988";9;"16:08";"1";"13";"2";"1";"1";3;43;4
"16989";"202100016989";9;"14:30";"1";"13";"2";"1";"1";1;43;5
"16990";"202100016990";9;"05:25";"3";"13";"1";"1";"1";2;43;4
"16991";"202100016991";9;"15:00";"1";"11";"2";"1";"1";2;43;2
"16992";"202100016992";9;"13:25";"1";"10";"2";"1";"7";3;48;4
"16993";"202100016993";9;"09:45";"1";"10";"2";"3";"7";6;48;4
"16994";"202100016994";9;"13:45";"1";"07";"1";"1";"1";2;44;4
"16995";"202100016995";9;"23:00";"5";"06";"2";"1";"2";3;43;7
"16996";"202100016996";9;"13:50";"1";"06";"2";"1";"1";7;43;6
"16997";"202100016997";9;"18:45";"2";"06";"2";"1";"1";3;43;6
"16998";"202100016998";9;"20:20";"5";"06";"2";"3";"1";3;43;7
"16999";"202100016999";9;"22:35";"5";"05";"2";"1";"1";7;44;6
"17000";"202100017000";9;"09:12";"1";"05";"2";"1";"1";2;44;6
"17001";"202100017001";9;"18:40";"1";"75";"2";"1";"1";2;48;2
"17002";"202100017002";9;"16:35";"1";"75";"2";"1";"1";3;48;2
"17003";"202100017003";9;"14:30";"1";"75";"2";"1";"1";3;48;2
"17004";"202100017004";9;"14:30";"1";"75";"2";"1";"1";2;48;2
"17005";"202100017005";9;"16:30";"1";"75";"2";"1";"1";3;48;2
"17006";"202100017006";9;"06:45";"2";"75";"2";"4";"1";3;48;2
"17007";"202100017007";9;"15:00";"1";"75";"2";"1";"1";4;48;2
"17008";"202100017008";9;"14:20";"1";"75";"2";"4";"1";6;48;2
"17009";"202100017009";9;"12:10";"1";"75";"2";"4";"1";3;48;2
"17010";"202100017010";9;"08:20";"1";"75";"2";"1";"1";4;48;2
"17011";"202100017011";9;"08:40";"1";"75";"2";"1";"1";2;48;2
"17012";"202100017012";9;"18:25";"1";"75";"2";"1";"1";4;48;2
"17013";"202100017013";9;"03:00";"5";"75";"2";"4";"1";3;48;2
"17014";"202100017014";9;"17:00";"1";"75";"2";"4";"1";2;48;2
"17015";"202100017015";9;"16:10";"1";"75";"2";"1";"1";7;48;2
"17016";"202100017016";9;"09:14";"1";"75";"2";"4";"1";3;48;2
"17017";"202100017017";9;"20:57";"5";"75";"2";"2";"1";6;48;2
"17018";"202100017018";9;"03:40";"5";"75";"2";"1";"1";6;48;2
"17019";"202100017019";9;"04:52";"5";"75";"2";"3";"1";6;48;2
"17020";"202100017020";9;"10:39";"1";"75";"2";"3";"1";7;48;2
"17021";"202100017021";9;"19:55";"5";"75";"2";"2";"1";3;48;2
"17022";"202100017022";9;"17:15";"1";"75";"2";"3";"1";3;48;2
"17023";"202100017023";9;"17:15";"1";"75";"2";"3";"1";2;48;2
"17024";"202100017024";9;"18:10";"1";"75";"2";"1";"1";6;48;2
"17025";"202100017025";9;"18:25";"1";"75";"2";"3";"1";3;48;2
"17026";"202100017026";9;"10:20";"1";"75";"2";"3";"1";3;48;2
"17027";"202100017027";9;"14:30";"1";"75";"2";"1";"1";3;48;2
"17028";"202100017028";9;"18:00";"1";"75";"2";"2";"1";3;48;2
"17029";"202100017029";9;"12:30";"1";"75";"2";"3";"1";6;48;2
"17030";"202100017030";9;"19:00";"2";"75";"2";"4";"1";6;48;2
"17031";"202100017031";9;"12:00";"1";"75";"2";"2";"1";3;48;2
"17032";"202100017032";9;"23:05";"5";"75";"2";"3";"1";3;48;2
"17033";"202100017033";9;"16:15";"1";"75";"2";"7";"1";3;48;2
"17034";"202100017034";9;"13:30";"1";"75";"2";"1";"1";6;48;2
"17035";"202100017035";9;"11:45";"1";"75";"2";"3";"1";6;48;2
"17036";"202100017036";9;"16:55";"1";"75";"2";"7";"1";6;48;2
"17037";"202100017037";9;"01:15";"5";"75";"2";"1";"1";7;48;2
"17038";"202100017038";9;"10:35";"1";"75";"2";"3";"1";6;48;2
"17039";"202100017039";9;"08:00";"1";"75";"2";"1";"1";7;48;2
"17040";"202100017040";9;"06:50";"5";"75";"2";"2";"1";6;48;2
"17041";"202100017041";9;"00:20";"5";"75";"2";"7";"1";6;48;2
"17042";"202100017042";9;"09:05";"1";"75";"2";"2";"1";6;48;2
"17043";"202100017043";9;"20:50";"5";"75";"2";"1";"1";2;48;2
"17044";"202100017044";9;"20:15";"5";"75";"2";"4";"1";6;48;2
"17045";"202100017045";9;"10:40";"1";"75";"2";"3";"1";3;48;2
"17046";"202100017046";9;"09:00";"1";"75";"2";"7";"1";3;48;2
"17047";"202100017047";9;"21:05";"5";"75";"2";"1";"1";1;48;2
"17048";"202100017048";9;"16:50";"1";"75";"2";"4";"1";6;48;2
"17049";"202100017049";9;"10:04";"1";"75";"2";"2";"1";3;48;2
"17050";"202100017050";9;"21:35";"5";"75";"2";"4";"1";3;48;2
"17051";"202100017051";9;"14:50";"1";"75";"2";"3";"1";3;48;2
"17052";"202100017052";9;"13:57";"1";"75";"2";"2";"1";6;48;2
"17053";"202100017053";9;"00:45";"5";"75";"2";"2";"1";3;48;2
"17054";"202100017054";9;"19:00";"2";"75";"2";"2";"1";6;48;2
"17055";"202100017055";9;"21:55";"5";"75";"2";"3";"1";3;48;2
"17056";"202100017056";9;"21:25";"5";"75";"2";"2";"2";3;48;2
"17057";"202100017057";9;"15:00";"1";"75";"2";"4";"1";3;48;2
"17058";"202100017058";9;"17:30";"1";"75";"2";"3";"1";3;48;2
"17059";"202100017059";9;"13:15";"1";"75";"2";"2";"1";3;48;2
"17060";"202100017060";9;"11:05";"1";"75";"2";"4";"1";3;48;2
"17061";"202100017061";9;"15:40";"1";"75";"2";"3";"1";7;48;2
"17062";"202100017062";9;"23:40";"5";"75";"2";"2";"1";4;48;2
"17063";"202100017063";9;"17:20";"1";"75";"2";"1";"1";3;48;2
"17064";"202100017064";9;"00:01";"5";"75";"2";"3";"1";3;48;2
"17065";"202100017065";9;"12:29";"1";"75";"2";"7";"1";6;48;2
"17066";"202100017066";9;"13:50";"1";"75";"2";"1";"1";3;48;2
"17067";"202100017067";9;"08:51";"1";"75";"2";"2";"1";6;48;2
"17068";"202100017068";9;"09:15";"1";"75";"2";"2";"1";6;48;2
"17069";"202100017069";9;"06:45";"2";"75";"2";"1";"1";3;48;2
"17070";"202100017070";9;"22:15";"5";"75";"2";"5";"1";3;48;2
"17071";"202100017071";9;"23:15";"5";"75";"2";"3";"1";6;48;2
"17072";"202100017072";9;"20:25";"5";"75";"2";"7";"1";6;48;2
"17073";"202100017073";9;"01:15";"5";"75";"2";"7";"1";3;48;2
"17074";"202100017074";9;"23:45";"5";"75";"2";"2";"1";3;48;2
"17075";"202100017075";9;"17:15";"1";"75";"2";"3";"9";6;48;2
"17076";"202100017076";9;"09:10";"1";"75";"2";"4";"1";3;48;2
"17077";"202100017077";9;"08:38";"1";"75";"2";"1";"1";3;48;2
"17078";"202100017078";9;"14:49";"1";"75";"2";"4";"1";3;48;2
"17079";"202100017079";9;"12:20";"1";"75";"2";"2";"1";6;48;2
"17080";"202100017080";9;"03:39";"5";"75";"2";"1";"1";6;48;2
"17081";"202100017081";9;"22:30";"5";"75";"2";"1";"1";6;48;2
"17082";"202100017082";9;"13:35";"1";"94";"2";"1";"1";6;48;2
"17083";"202100017083";9;"14:30";"1";"94";"2";"7";"1";2;48;2
"17084";"202100017084";9;"15:00";"1";"94";"2";"1";"1";3;48;2
"17085";"202100017085";9;"19:15";"1";"94";"2";"9";"1";3;48;2
"17086";"202100017086";9;"13:30";"1";"94";"2";"1";"1";1;48;2
"17087";"202100017087";9;"21:00";"5";"94";"2";"1";"1";3;48;2
"17088";"202100017088";9;"14:50";"1";"94";"2";"1";"1";3;48;2
"17089";"202100017089";9;"17:00";"1";"94";"2";"1";"1";6;48;2
"17090";"202100017090";9;"20:30";"5";"94";"2";"9";"1";3;48;2
"17091";"202100017091";9;"14:15";"1";"94";"2";"2";"1";3;48;2
"17092";"202100017092";9;"17:15";"1";"94";"2";"2";"1";3;48;2
"17093";"202100017093";9;"20:36";"3";"94";"2";"1";"1";3;48;2
"17094";"202100017094";9;"21:19";"5";"94";"2";"1";"1";7;48;2