"";"Num_Acc";"mois";"hrmn";"lum";"dep";"agg";"int";"atm";"col";"lat";"long"
"17095";"202100017095";9;"15:20";"1";"94";"2";"2";"1";3;48;2
"17096";"202100017096";9;"08:30";"1";"94";"2";"1";"1";3;48;2
"17097";"202100017097";9;"02:10";"3";"94";"1";"9";"1";3;48;2
"17098";"202100017098";9;"15:20";"1";"94";"2";"3";"1";1;48;2
"17099";"202100017099";9;"16:04";"1";"94";"2";"1";"1";6;48;2
"17100";"202100017100";9;"18:15";"1";"94";"2";"2";"1";1;48;2
"17101";"202100017101";9;"15:20";"1";"94";"2";"2";"1";3;48;2
"17102";"202100017102";9;"13:35";"1";"94";"2";"2";"1";3;48;2
"17103";"202100017103";9;"17:22";"1";"94";"2";"1";"1";2;48;2
"17104";"202100017104";9;"14:00";"1";"94";"2";"1";"1";6;48;2
"17105";"202100017105";9;"21:20";"5";"94";"2";"3";"1";3;48;2
"17106";"202100017106";9;"22:05";"5";"94";"2";"1";"1";3;48;2
"17107";"202100017107";9;"10:20";"1";"94";"2";"1";"1";3;48;2
"17108";"202100017108";9;"18:50";"1";"94";"2";"1";"1";6;48;2
"17109";"202100017109";9;"14:30";"1";"94";"2";"1";"1";2;48;2
"17110";"202100017110";9;"08:25";"1";"94";"2";"1";"1";6;48;2
"17111";"202100017111";9;"19:20";"2";"94";"1";"1";"1";3;48;2
"17112";"202100017112";9;"10:20";"1";"93";"2";"2";"1";3;48;2
"17113";"202100017113";9;"21:00";"5";"93";"2";"1";"1";3;48;2
"17114";"202100017114";9;"17:20";"1";"93";"2";"1";"1";6;48;2
"17115";"202100017115";9;"14:44";"1";"93";"2";"1";"1";6;48;2
"17116";"202100017116";9;"09:00";"1";"93";"1";"1";"1";6;48;2
"17117";"202100017117";9;"18:20";"1";"93";"2";"8";"1";3;48;2
"17118";"202100017118";9;"18:30";"1";"93";"2";"2";"1";3;48;2
"17119";"202100017119";9;"16:45";"1";"93";"2";"1";"1";6;48;2
"17120";"202100017120";9;"18:10";"1";"93";"2";"1";"1";6;48;2
"17121";"202100017121";9;"19:20";"2";"93";"2";"1";"1";6;48;2
"17122";"202100017122";9;"15:50";"1";"93";"2";"1";"1";3;48;2
"17123";"202100017123";9;"17:45";"1";"93";"2";"2";"1";6;48;2
"17124";"202100017124";9;"07:55";"1";"93";"1";"1";"1";6;48;2
"17125";"202100017125";9;"15:20";"1";"93";"2";"1";"1";3;48;2
"17126";"202100017126";9;"15:50";"1";"93";"2";"9";"1";6;48;2
"17127";"202100017127";9;"14:50";"1";"93";"2";"1";"1";3;48;2
"17128";"202100017128";9;"08:10";"2";"93";"2";"9";"7";3;48;2
"17129";"202100017129";9;"17:20";"1";"93";"2";"3";"1";3;48;2
"17130";"202100017130";9;"14:10";"1";"93";"2";"1";"1";3;48;2
"17131";"202100017131";9;"13:35";"1";"93";"2";"3";"1";1;48;2
"17132";"202100017132";9;"18:59";"1";"93";"2";"3";"1";3;48;2
"17133";"202100017133";9;"18:03";"1";"93";"2";"1";"1";2;48;2
"17134";"202100017134";9;"18:25";"1";"93";"2";"1";"1";6;48;2
"17135";"202100017135";9;"19:10";"1";"93";"2";"1";"1";3;48;2
"17136";"202100017136";9;"10:30";"1";"93";"2";"9";"1";1;48;2
"17137";"202100017137";9;"08:15";"1";"92";"2";"1";"1";6;48;2
"17138";"202100017138";9;"17:25";"1";"92";"2";"1";"1";2;48;2
"17139";"202100017139";9;"09:45";"1";"92";"2";"1";"1";2;48;2
"17140";"202100017140";9;"18:10";"1";"92";"2";"1";"1";6;48;2
"17141";"202100017141";9;"20:00";"5";"92";"2";"2";"1";3;48;2
"17142";"202100017142";9;"22:15";"5";"92";"2";"3";"1";3;48;2
"17143";"202100017143";9;"18:30";"1";"92";"2";"2";"1";3;48;2
"17144";"202100017144";9;"17:31";"1";"92";"2";"9";"1";3;48;2
"17145";"202100017145";9;"13:10";"1";"92";"2";"1";"1";3;48;2
"17146";"202100017146";9;"18:38";"1";"92";"2";"3";"1";6;48;2
"17147";"202100017147";9;"14:25";"1";"92";"2";"1";"1";6;48;2
"17148";"202100017148";9;"12:40";"1";"92";"2";"1";"1";6;48;2
"17149";"202100017149";9;"11:30";"1";"92";"2";"9";"1";3;48;2
"17150";"202100017150";9;"20:15";"5";"92";"2";"1";"1";6;48;2
"17151";"202100017151";9;"17:40";"1";"63";"1";"3";"1";2;45;2
"17152";"202100017152";9;"20:00";"2";"37";"2";"1";"2";6;47;0
"17153";"202100017153";9;"16:25";"1";"54";"1";"1";"1";7;48;6
"17154";"202100017154";9;"22:00";"3";"14";"2";"1";"1";6;49;0
"17155";"202100017155";9;"21:19";"5";"14";"2";"4";"1";1;49;0
"17156";"202100017156";9;"21:15";"3";"62";"1";"1";"1";6;50;1
"17157";"202100017157";9;"13:15";"1";"52";"1";"1";"1";7;48;4
"17158";"202100017158";9;"08:05";"2";"73";"1";"1";"1";3;45;5
"17159";"202100017159";9;"20:10";"2";"91";"1";"1";"1";2;48;1
"17160";"202100017160";8;"14:50";"1";"71";"1";"1";"1";6;46;4
"17161";"202100017161";9;"10:45";"1";"22";"1";"3";"1";3;48;-2
"17162";"202100017162";8;"05:50";"3";"49";"1";"1";"1";2;47;0
"17163";"202100017163";8;"23:50";"3";"31";"2";"3";"1";3;43;1
"17164";"202100017164";9;"17:25";"1";"31";"1";"1";"1";3;43;1
"17165";"202100017165";9;"00:10";"3";"28";"1";"1";"1";6;48;1
"17166";"202100017166";9;"14:45";"1";"35";"1";"2";"1";1;48;-1
"17167";"202100017167";9;"16:45";"1";"84";"1";"1";"1";1;44;4
"17168";"202100017168";9;"09:30";"1";"88";"1";"1";"1";5;48;6
"17169";"202100017169";9;"16:30";"1";"52";"1";"1";"1";6;47;5
"17170";"202100017170";9;"15:50";"1";"28";"1";"1";"7";7;48;1
"17171";"202100017171";9;"23:40";"3";"62";"2";"1";"1";6;50;2
"17172";"202100017172";9;"11:05";"1";"35";"1";"1";"1";6;47;-1
"17173";"202100017173";9;"11:15";"1";"58";"1";"1";"1";6;47;2
"17174";"202100017174";9;"18:45";"1";"83";"1";"3";"1";3;43;6
"17175";"202100017175";9;"16:35";"1";"62";"2";"2";"1";3;50;1
"17176";"202100017176";9;"03:00";"3";"79";"1";"1";"1";7;46;0
"17177";"202100017177";9;"04:50";"3";"974";"1";"1";"1";3;-21;55
"17178";"202100017178";9;"18:18";"1";"65";"1";"1";"1";1;43;0
"17179";"202100017179";9;"18:55";"2";"72";"1";"9";"1";2;47;0
"17180";"202100017180";9;"13:00";"1";"85";"2";"1";"1";7;46;-1
"17181";"202100017181";9;"08:45";"1";"85";"2";"1";"7";6;46;-1
"17182";"202100017182";9;"13:45";"1";"67";"2";"1";"2";3;48;7
"17183";"202100017183";9;"16:00";"1";"38";"1";"1";"1";3;44;5
"17184";"202100017184";8;"17:55";"1";"62";"1";"1";"1";3;50;1
"17185";"202100017185";9;"11:30";"1";"30";"1";"1";"1";7;44;4
"17186";"202100017186";9;"19:50";"3";"83";"1";"1";"1";5;43;5
"17187";"202100017187";9;"18:30";"1";"57";"1";"3";"1";3;49;6
"17188";"202100017188";9;"05:40";"2";"57";"1";"1";"5";6;49;5
"17189";"202100017189";9;"21:45";"4";"19";"1";"1";"1";1;45;1
"17190";"202100017190";9;"22:15";"3";"56";"1";"1";"1";6;48;-3
"17191";"202100017191";9;"12:00";"1";"56";"2";"1";"1";3;47;-2
"17192";"202100017192";8;"17:35";"1";"74";"1";"3";"1";3;46;6
"17193";"202100017193";9;"15:50";"1";"79";"2";"1";"7";7;46;0
"17194";"202100017194";9;"23:30";"3";"2B";"2";"1";"1";3;42;9
"17195";"202100017195";9;"04:50";"4";"2B";"1";"1";"1";6;42;9
"17196";"202100017196";9;"13:20";"1";"80";"2";"4";"1";3;49;2
"17197";"202100017197";9;"18:50";"2";"80";"1";"1";"8";6;50;1
"17198";"202100017198";9;"06:40";"5";"33";"2";"4";"8";6;44;0
"17199";"202100017199";9;"23:30";"3";"32";"1";"1";"2";1;43;0
"17200";"202100017200";8;"21:00";"3";"32";"1";"2";"1";6;43;0
"17201";"202100017201";9;"21:00";"3";"32";"2";"1";"1";6;43;0
"17202";"202100017202";9;"14:00";"1";"32";"1";"1";"1";6;43;1
"17203";"202100017203";9;"19:08";"1";"11";"2";"1";"7";2;43;2
"17204";"202100017204";9;"13:15";"1";"11";"2";"1";"9";6;43;2
"17205";"202100017205";9;"23:55";"5";"11";"2";"1";"1";6;43;2
"17206";"202100017206";9;"00:40";"3";"71";"1";"3";"1";7;46;5
"17207";"202100017207";9;"19:25";"2";"71";"1";"2";"3";3;46;4
"17208";"202100017208";9;"16:45";"1";"71";"1";"1";"1";7;46;4
"17209";"202100017209";9;"10:30";"1";"63";"2";"1";"1";6;45;3
"17210";"202100017210";9;"16:10";"1";"61";"1";"1";"2";6;48;0
"17211";"202100017211";9;"07:40";"2";"55";"1";"1";"2";6;49;5
"17212";"202100017212";9;"10:50";"1";"55";"2";"3";"1";6;48;5
"17213";"202100017213";9;"14:45";"1";"12";"1";"1";"1";1;44;2
"17214";"202100017214";9;"11:30";"1";"12";"2";"3";"7";6;44;2
"17215";"202100017215";9;"08:00";"1";"46";"1";"1";"1";6;44;1
"17216";"202100017216";8;"03:00";"3";"41";"1";"3";"1";6;47;0
"17217";"202100017217";9;"15:30";"1";"29";"1";"1";"1";6;48;-4
"17218";"202100017218";9;"15:27";"1";"68";"1";"9";"1";7;47;7
"17219";"202100017219";9;"13:59";"1";"68";"2";"1";"7";6;47;7
"17220";"202100017220";9;"09:30";"1";"44";"1";"9";"1";7;47;-2
"17221";"202100017221";9;"10:15";"1";"44";"2";"9";"1";6;47;-2
"17222";"202100017222";9;"10:55";"1";"44";"1";"2";"1";3;47;-1
"17223";"202100017223";9;"20:07";"2";"44";"2";"6";"1";3;47;-2
"17224";"202100017224";9;"10:35";"1";"35";"2";"1";"1";3;48;-2
"17225";"202100017225";9;"08:06";"1";"29";"2";"2";"5";3;48;-4
"17226";"202100017226";9;"18:30";"1";"29";"2";"6";"1";7;48;-4
"17227";"202100017227";9;"13:25";"1";"31";"1";"2";"1";3;43;1
"17228";"202100017228";9;"03:45";"3";"38";"1";"1";"1";7;45;5
"17229";"202100017229";9;"07:50";"2";"38";"2";"2";"1";3;45;5
"17230";"202100017230";9;"17:30";"1";"38";"1";"2";"1";3;45;5
"17231";"202100017231";9;"21:20";"3";"02";"1";"1";"1";6;49;3
"17232";"202100017232";8;"12:10";"1";"03";"2";"3";"1";3;46;3
"17233";"202100017233";9;"19:00";"2";"03";"1";"1";"1";1;46;2
"17234";"202100017234";9;"16:05";"1";"15";"1";"1";"1";7;45;2
"17235";"202100017235";9;"20:30";"3";"70";"1";"1";"1";1;47;6
"17236";"202100017236";9;"09:25";"1";"70";"1";"4";"1";3;47;6
"17237";"202100017237";9;"14:40";"1";"26";"2";"1";"1";7;44;5
"17238";"202100017238";9;"15:20";"1";"26";"1";"1";"1";6;44;5
"17239";"202100017239";9;"15:28";"1";"58";"1";"2";"8";3;47;3
"17240";"202100017240";9;"16:15";"1";"58";"1";"1";"1";6;47;4
"17241";"202100017241";9;"13:10";"1";"58";"1";"1";"1";3;46;3
"17242";"202100017242";9;"08:00";"1";"58";"2";"6";"1";3;47;3
"17243";"202100017243";9;"09:35";"1";"06";"1";"1";"1";7;44;6
"17244";"202100017244";9;"18:20";"1";"14";"1";"4";"1";3;49;0
"17245";"202100017245";9;"21:45";"5";"14";"2";"1";"1";6;49;0
"17246";"202100017246";9;"09:00";"1";"05";"1";"1";"1";6;44;5
"17247";"202100017247";9;"18:20";"1";"50";"2";"1";"1";7;49;-1
"17248";"202100017248";9;"18:30";"1";"50";"1";"1";"1";7;49;-1
"17249";"202100017249";9;"22:00";"3";"50";"1";"1";"1";6;49;-1
"17250";"202100017250";9;"19:00";"2";"83";"2";"1";"1";7;43;6
"17251";"202100017251";9;"21:35";"3";"60";"1";"1";"1";6;49;2
"17252";"202100017252";9;"18:55";"1";"64";"1";"3";"1";3;43;0
"17253";"202100017253";9;"12:30";"1";"73";"1";"8";"1";3;45;6
"17254";"202100017254";9;"10:45";"1";"43";"1";"3";"1";3;45;4
"17255";"202100017255";9;"18:00";"1";"43";"1";"4";"1";2;44;3
"17256";"202100017256";9;"12:05";"1";"43";"1";"9";"1";7;44;3
"17257";"202100017257";9;"16:00";"1";"10";"1";"1";"1";6;48;4
"17258";"202100017258";9;"00:40";"3";"36";"1";"1";"2";6;46;0
"17259";"202100017259";9;"18:10";"1";"36";"1";"4";"1";3;46;1
"17260";"202100017260";9;"06:25";"3";"21";"1";"1";"1";7;47;4
"17261";"202100017261";9;"16:40";"1";"21";"1";"1";"1";2;47;5
"17262";"202100017262";9;"18:45";"1";"85";"1";"1";"2";3;47;-1
"17263";"202100017263";8;"12:15";"1";"28";"1";"1";"1";6;48;1
"17264";"202100017264";9;"00:30";"3";"17";"1";"1";"1";6;45;-1
"17265";"202100017265";9;"07:10";"2";"17";"1";"1";"8";6;45;0
"17266";"202100017266";9;"06:30";"3";"17";"2";"1";"1";6;45;0
"17267";"202100017267";9;"11:25";"1";"87";"2";"3";"1";3;46;1
"17268";"202100017268";9;"12:15";"1";"37";"2";"1";"1";1;46;0
"17269";"202100017269";9;"02:15";"3";"37";"1";"1";"1";6;47;0
"17270";"202100017270";9;"06:50";"2";"30";"2";"1";"1";7;44;4
"17271";"202100017271";9;"15:45";"1";"08";"1";"1";"1";7;49;5
"17272";"202100017272";9;"17:30";"1";"08";"1";"1";"1";3;49;4
"17273";"202100017273";9;"17:15";"1";"88";"1";"3";"1";3;47;6
"17274";"202100017274";9;"14:20";"1";"88";"1";"1";"1";1;47;6
"17275";"202100017275";9;"02:30";"3";"72";"1";"1";"1";6;47;0
"17276";"202100017276";9;"12:40";"1";"973";"2";"1";"1";3;4;-52
"17277";"202100017277";9;"20:30";"3";"76";"1";"1";"1";3;49;0
"17278";"202100017278";9;"20:25";"3";"49";"1";"1";"1";6;47;0
"17279";"202100017279";9;"11:20";"1";"34";"1";"1";"1";5;43;3
"17280";"202100017280";9;"11:37";"1";"01";"1";"1";"1";2;45;5
"17281";"202100017281";9;"18:00";"1";"67";"1";"1";"1";3;48;7
"17282";"202100017282";9;"17:50";"1";"82";"1";"1";"1";1;44;1
"17283";"202100017283";9;"19:35";"2";"53";"1";"1";"1";7;48;0
"17284";"202100017284";9;"11:30";"1";"13";"1";"1";"1";2;43;5
"17285";"202100017285";9;"09:30";"1";"42";"1";"1";"1";1;46;4
"17286";"202100017286";9;"14:25";"1";"06";"1";"1";"1";3;43;7
"17287";"202100017287";9;"09:30";"1";"38";"1";"1";"1";7;45;5
"17288";"202100017288";9;"15:20";"1";"971";"2";"1";"1";6;16;-61
"17289";"202100017289";9;"10:20";"1";"13";"1";"1";"1";4;43;5
"17290";"202100017290";5;"18:45";"1";"33";"2";"2";"1";3;44;-1
"17291";"202100017291";9;"19:00";"5";"987";"1";"1";"1";3;-16;-151
"17292";"202100017292";9;"15:40";"1";"974";"1";"1";"1";1;-21;55
"17293";"202100017293";8;"07:05";"1";"971";"2";"1";"1";3;16;-61
"17294";"202100017294";9;"08:15";"1";"971";"2";"2";"1";6;15;-61
"17295";"202100017295";9;"15:15";"1";"971";"1";"1";"1";3;16;-61
"17296";"202100017296";9;"03:10";"4";"971";"1";"6";"1";7;16;-61
"17297";"202100017297";9;"06:30";"4";"37";"1";"1";"1";7;47;1
"17298";"202100017298";9;"03:45";"3";"77";"1";"1";"5";2;48;2
"17299";"202100017299";9;"11:15";"1";"77";"1";"1";"1";1;48;2
"17300";"202100017300";9;"15:00";"1";"77";"1";"1";"2";1;48;2
"17301";"202100017301";9;"03:50";"3";"91";"1";"1";"1";2;48;2
"17302";"202100017302";9;"04:45";"5";"2A";"2";"1";"1";1;41;9
"17303";"202100017303";9;"08:25";"1";"66";"2";"1";"1";6;42;2
"17304";"202100017304";9;"18:50";"1";"30";"1";"1";"1";7;44;3
"17305";"202100017305";9;"17:25";"1";"34";"1";"2";"1";7;43;4
"17306";"202100017306";9;"05:40";"3";"83";"1";"1";"1";6;43;6
"17307";"202100017307";9;"20:01";"3";"04";"1";"1";"1";1;43;6
"17308";"202100017308";9;"14:50";"1";"38";"1";"1";"1";5;45;4
"17309";"202100017309";9;"20:15";"5";"89";"1";"3";"1";3;48;3
"17310";"202100017310";9;"20:15";"5";"89";"2";"2";"1";3;47;3
"17311";"202100017311";9;"09:15";"1";"89";"1";"1";"1";6;47;3
"17312";"202100017312";9;"21:00";"3";"08";"1";"1";"1";5;49;4
"17313";"202100017313";9;"15:30";"1";"68";"1";"1";"1";7;47;7
"17314";"202100017314";9;"18:14";"1";"68";"2";"1";"1";7;47;7
"17315";"202100017315";9;"11:35";"1";"67";"1";"1";"1";6;48;7
"17316";"202100017316";9;"20:27";"5";"57";"2";"1";"1";6;49;6
"17317";"202100017317";9;"10:05";"1";"63";"1";"1";"1";6;45;3
"17318";"202100017318";9;"15:35";"1";"42";"2";"1";"1";6;45;4
"17319";"202100017319";9;"09:20";"1";"44";"1";"2";"1";3;47;-1
"17320";"202100017320";9;"17:55";"1";"38";"1";"1";"1";7;45;5
"17321";"202100017321";9;"02:26";"5";"38";"2";"2";"1";3;45;5
"17322";"202100017322";9;"18:35";"2";"26";"1";"2";"1";3;45;4
"17323";"202100017323";9;"20:45";"5";"01";"2";"1";"1";3;45;4
"17324";"202100017324";9;"19:15";"1";"81";"1";"2";"1";3;43;1
"17325";"202100017325";9;"14:15";"1";"79";"2";"4";"1";3;46;0
"17326";"202100017326";9;"18:05";"1";"86";"1";"1";"1";7;46;0
"17327";"202100017327";9;"01:00";"3";"33";"1";"1";"2";6;45;0
"17328";"202100017328";9;"06:35";"3";"33";"1";"1";"1";1;44;0
"17329";"202100017329";9;"15:20";"1";"49";"1";"1";"1";2;47;-1
"17330";"202100017330";9;"18:05";"1";"61";"1";"3";"7";2;48;0
"17331";"202100017331";9;"01:15";"3";"72";"1";"1";"1";6;48;0
"17332";"202100017332";9;"00:40";"3";"29";"2";"1";"1";6;48;-4
"17333";"202100017333";9;"05:30";"3";"29";"1";"9";"1";6;48;-4
"17334";"202100017334";9;"16:30";"1";"29";"2";"6";"1";6;48;-4
"17335";"202100017335";9;"16:30";"1";"22";"1";"1";"1";3;48;-2
"17336";"202100017336";9;"15:45";"1";"22";"2";"2";"1";3;48;-3
"17337";"202100017337";9;"10:00";"1";"60";"1";"1";"1";7;49;2
"17338";"202100017338";9;"13:45";"1";"60";"1";"1";"1";3;49;1
"17339";"202100017339";9;"07:55";"2";"59";"1";"2";"1";3;50;2
"17340";"202100017340";9;"08:00";"1";"59";"2";"2";"1";3;50;3
"17341";"202100017341";9;"18:00";"1";"59";"2";"6";"1";3;50;2
"17342";"202100017342";9;"21:30";"3";"13";"1";"1";"1";3;43;5
"17343";"202100017343";9;"17:02";"1";"13";"1";"1";"1";2;43;5
"17344";"202100017344";9;"01:03";"3";"13";"1";"1";"1";5;43;5
"17345";"202100017345";9;"05:45";"2";"13";"1";"1";"1";2;43;5
"17346";"202100017346";9;"13:24";"1";"13";"1";"1";"1";7;43;5
"17347";"202100017347";9;"20:32";"3";"01";"1";"1";"1";5;45;4
"17348";"202100017348";9;"20:00";"2";"69";"1";"1";"1";2;45;4
"17349";"202100017349";9;"17:40";"1";"54";"1";"1";"1";2;48;6
"17350";"202100017350";9;"17:30";"1";"33";"1";"1";"1";2;44;0
"17351";"202100017351";9;"02:19";"3";"33";"1";"1";"1";6;44;0
"17352";"202100017352";9;"15:20";"1";"33";"2";"3";"1";3;44;0
"17353";"202100017353";9;"10:20";"1";"33";"1";"1";"1";2;44;0
"17354";"202100017354";9;"08:15";"1";"33";"1";"1";"1";4;44;0
"17355";"202100017355";9;"10:45";"1";"59";"1";"1";"1";2;51;2
"17356";"202100017356";9;"17:34";"1";"62";"1";"1";"1";4;50;3
"17357";"202100017357";9;"17:50";"1";"91";"1";"1";"1";3;48;2
"17358";"202100017358";9;"10:25";"1";"91";"1";"9";"1";6;48;2
"17359";"202100017359";9;"05:35";"3";"91";"1";"1";"1";2;48;2
"17360";"202100017360";9;"19:15";"1";"91";"1";"1";"1";5;48;2
"17361";"202100017361";9;"08:00";"1";"91";"1";"1";"1";2;48;2
"17362";"202100017362";9;"17:30";"1";"91";"1";"1";"1";3;48;2
"17363";"202100017363";9;"15:20";"1";"94";"1";"1";"1";3;48;2
"17364";"202100017364";9;"09:15";"1";"91";"1";"1";"1";3;48;2
"17365";"202100017365";9;"07:30";"1";"91";"1";"1";"1";3;48;2
"17366";"202100017366";9;"19:30";"5";"94";"1";"1";"1";3;48;2
"17367";"202100017367";9;"15:05";"1";"92";"1";"1";"1";7;48;2
"17368";"202100017368";9;"12:30";"1";"92";"1";"1";"1";2;48;2
"17369";"202100017369";9;"06:00";"3";"92";"1";"1";"1";3;48;2
"17370";"202100017370";9;"00:00";"5";"92";"1";"1";"1";6;48;2
"17371";"202100017371";9;"19:15";"3";"78";"1";"9";"1";3;48;2
"17372";"202100017372";9;"22:45";"3";"78";"1";"1";"1";6;48;2
"17373";"202100017373";9;"20:00";"5";"92";"1";"1";"1";2;48;2
"17374";"202100017374";9;"19:00";"1";"92";"1";"1";"1";3;48;2
"17375";"202100017375";9;"09:00";"1";"92";"1";"1";"1";2;48;2
"17376";"202100017376";9;"21:40";"5";"92";"1";"1";"1";3;48;2
"17377";"202100017377";9;"19:38";"1";"92";"1";"1";"1";4;48;2
"17378";"202100017378";9;"16:13";"1";"93";"1";"1";"1";2;48;2
"17379";"202100017379";9;"12:50";"1";"93";"1";"1";"1";4;48;2
"17380";"202100017380";9;"07:45";"1";"93";"1";"1";"2";2;48;2
"17381";"202100017381";9;"01:15";"3";"95";"1";"1";"1";6;49;2
"17382";"202100017382";9;"18:10";"1";"93";"1";"1";"1";2;48;2
"17383";"202100017383";9;"17:30";"1";"92";"1";"1";"1";2;48;2
"17384";"202100017384";9;"08:30";"1";"95";"1";"1";"1";5;49;2
"17385";"202100017385";9;"10:35";"1";"93";"1";"1";"1";4;48;2
"17386";"202100017386";9;"09:25";"1";"93";"1";"1";"1";3;48;2
"17387";"202100017387";9;"16:00";"1";"95";"1";"1";"1";2;49;2
"17388";"202100017388";9;"07:50";"1";"93";"1";"1";"1";6;48;2
"17389";"202100017389";9;"18:50";"1";"93";"1";"1";"1";4;48;2
"17390";"202100017390";9;"11:00";"1";"95";"1";"1";"1";2;49;2
"17391";"202100017391";9;"08:30";"1";"92";"1";"1";"1";2;48;2
"17392";"202100017392";9;"18:30";"1";"93";"1";"1";"2";2;48;2
"17393";"202100017393";9;"23:10";"3";"77";"1";"1";"1";6;48;2
"17394";"202100017394";9;"19:00";"3";"93";"1";"1";"1";3;48;2
"17395";"202100017395";9;"02:45";"5";"94";"1";"1";"1";6;48;2
"17396";"202100017396";9;"10:00";"1";"77";"1";"1";"1";2;48;2
"17397";"202100017397";9;"20:30";"3";"77";"1";"1";"1";2;48;2
"17398";"202100017398";9;"19:00";"1";"93";"1";"1";"1";3;48;2
"17399";"202100017399";9;"15:00";"1";"77";"1";"1";"1";3;48;2
"17400";"202100017400";6;"15:15";"1";"74";"1";"1";"1";1;46;6
"17401";"202100017401";5;"16:45";"1";"74";"2";"1";"8";6;46;6
"17402";"202100017402";9;"07:50";"1";"976";"2";"4";"1";3;-12;45
"17403";"202100017403";9;"10:45";"1";"974";"1";"1";"1";2;-21;55
"17404";"202100017404";9;"09:45";"1";"974";"1";"1";"1";4;-21;55
"17405";"202100017405";9;"14:05";"1";"974";"2";"1";"1";3;-20;55
"17406";"202100017406";9;"22:30";"5";"69";"2";"1";"1";7;45;4
"17407";"202100017407";9;"19:54";"5";"69";"2";"2";"1";6;45;4
"17408";"202100017408";9;"10:15";"1";"69";"2";"1";"1";7;45;4
"17409";"202100017409";9;"07:50";"1";"69";"2";"3";"1";4;45;4
"17410";"202100017410";9;"13:00";"1";"971";"1";"1";"1";1;16;-61
"17411";"202100017411";9;"11:40";"1";"2A";"2";"2";"1";3;41;8
"17412";"202100017412";9;"17:08";"1";"95";"2";"2";"7";6;48;2
"17413";"202100017413";9;"18:15";"1";"91";"2";"6";"1";2;48;2
"17414";"202100017414";9;"07:35";"1";"91";"2";"6";"1";6;48;2
"17415";"202100017415";9;"16:30";"1";"91";"2";"1";"7";5;48;2
"17416";"202100017416";9;"14:18";"1";"91";"2";"3";"1";3;48;2
"17417";"202100017417";9;"16:58";"1";"87";"2";"1";"1";6;45;1
"17418";"202100017418";9;"13:15";"1";"83";"2";"1";"1";3;43;6
"17419";"202100017419";9;"13:15";"1";"80";"1";"1";"1";2;49;2
"17420";"202100017420";9;"14:50";"1";"79";"2";"3";"1";3;46;0
"17421";"202100017421";9;"09:30";"1";"78";"2";"9";"1";3;48;2
"17422";"202100017422";9;"17:10";"1";"77";"2";"9";"1";2;48;2
"17423";"202100017423";9;"13:00";"1";"76";"2";"2";"1";2;49;1
"17424";"202100017424";9;"20:20";"5";"76";"2";"3";"1";6;49;1
"17425";"202100017425";9;"01:55";"5";"76";"2";"1";"1";6;49;0
"17426";"202100017426";9;"19:15";"1";"76";"2";"3";"1";3;49;0
"17427";"202100017427";9;"12:30";"1";"76";"2";"1";"1";1;49;1
"17428";"202100017428";9;"14:45";"1";"74";"1";"1";"1";3;46;6
"17429";"202100017429";9;"20:25";"5";"72";"2";"2";"1";1;48;0
"17430";"202100017430";9;"17:05";"1";"72";"2";"1";"1";1;47;0
"17431";"202100017431";9;"14:40";"1";"71";"2";"1";"1";3;46;4
"17432";"202100017432";9;"23:15";"5";"69";"2";"2";"1";1;45;4
"17433";"202100017433";9;"05:26";"5";"69";"2";"3";"1";1;45;4
"17434";"202100017434";9;"18:20";"1";"69";"2";"1";"1";2;45;4
"17435";"202100017435";9;"18:15";"1";"69";"2";"1";"1";6;45;4
"17436";"202100017436";9;"13:38";"1";"68";"2";"6";"7";1;48;7
"17437";"202100017437";9;"15:57";"1";"66";"2";"6";"1";2;42;2
"17438";"202100017438";9;"13:10";"1";"65";"2";"4";"3";3;43;0
"17439";"202100017439";9;"17:55";"1";"64";"2";"1";"1";3;43;0
"17440";"202100017440";9;"16:03";"1";"63";"2";"1";"1";7;45;3
"17441";"202100017441";9;"21:05";"3";"62";"1";"1";"1";7;50;2
"17442";"202100017442";9;"21:30";"3";"62";"1";"6";"1";2;50;2
"17443";"202100017443";9;"20:53";"5";"59";"2";"3";"1";3;50;3
"17444";"202100017444";9;"16:00";"1";"59";"2";"3";"1";3;50;2
"17445";"202100017445";9;"22:40";"5";"58";"2";"6";"1";3;46;3
"17446";"202100017446";4;"19:00";"1";"58";"2";"3";"1";3;46;3
"17447";"202100017447";9;"07:50";"1";"57";"2";"3";"1";3;49;6
"17448";"202100017448";9;"20:40";"5";"54";"2";"6";"1";6;49;5
"17449";"202100017449";9;"17:45";"1";"51";"2";"1";"1";2;49;4
"17450";"202100017450";9;"11:10";"1";"47";"2";"1";"1";6;44;0
"17451";"202100017451";9;"08:00";"1";"44";"2";"1";"1";1;47;-1
"17452";"202100017452";9;"21:20";"5";"42";"2";"1";"1";6;46;4
"17453";"202100017453";9;"11:32";"1";"37";"2";"1";"1";6;47;0
"17454";"202100017454";9;"08:25";"1";"37";"2";"2";"1";6;47;0
"17455";"202100017455";9;"17:20";"1";"37";"2";"1";"1";3;47;0
"17456";"202100017456";9;"18:50";"1";"35";"2";"2";"1";3;48;-1
"17457";"202100017457";9;"22:10";"5";"34";"2";"2";"1";3;43;3
"17458";"202100017458";9;"18:20";"1";"34";"2";"1";"7";6;43;3
"17459";"202100017459";9;"19:14";"1";"34";"2";"2";"1";3;43;3
"17460";"202100017460";9;"12:20";"1";"34";"2";"1";"1";6;43;3