"";"Num_Acc";"mois";"hrmn";"lum";"dep";"agg";"int";"atm";"col";"lat";"long"
"17461";"202100017461";9;"22:10";"5";"33";"2";"6";"1";6;44;0
"17462";"202100017462";9;"22:40";"3";"33";"2";"1";"1";4;44;0
"17463";"202100017463";9;"17:10";"1";"33";"2";"1";"1";3;44;0
"17464";"202100017464";9;"15:10";"1";"33";"1";"6";"7";3;44;-1
"17465";"202100017465";9;"19:00";"2";"30";"2";"3";"1";3;44;4
"17466";"202100017466";9;"18:42";"1";"29";"2";"1";"1";6;48;-4
"17467";"202100017467";9;"19:45";"2";"28";"2";"2";"1";3;48;1
"17468";"202100017468";9;"12:10";"1";"28";"2";"1";"1";3;48;1
"17469";"202100017469";9;"18:30";"1";"27";"1";"1";"1";5;49;1
"17470";"202100017470";9;"09:05";"1";"24";"2";"1";"1";6;45;0
"17471";"202100017471";9;"08:55";"1";"22";"1";"1";"1";3;48;-3
"17472";"202100017472";9;"18:30";"2";"16";"2";"1";"1";2;45;0
"17473";"202100017473";9;"19:00";"1";"14";"1";"1";"1";4;49;0
"17474";"202100017474";9;"19:00";"2";"13";"2";"1";"1";3;43;5
"17475";"202100017475";9;"22:20";"5";"13";"2";"1";"1";3;43;5
"17476";"202100017476";9;"18:40";"2";"13";"2";"1";"1";1;43;5
"17477";"202100017477";9;"08:30";"1";"13";"2";"9";"1";1;43;5
"17478";"202100017478";9;"00:35";"4";"13";"2";"2";"1";3;43;5
"17479";"202100017479";9;"15:30";"1";"13";"2";"1";"1";1;43;5
"17480";"202100017480";9;"10:18";"1";"13";"2";"3";"1";3;43;5
"17481";"202100017481";9;"21:15";"5";"13";"2";"3";"1";1;43;5
"17482";"202100017482";9;"13:50";"1";"11";"2";"2";"1";3;43;2
"17483";"202100017483";9;"18:50";"1";"02";"2";"6";"1";6;49;3
"17484";"202100017484";9;"18:00";"1";"75";"2";"1";"1";3;48;2
"17485";"202100017485";9;"08:50";"1";"75";"2";"1";"1";3;48;2
"17486";"202100017486";9;"15:50";"1";"75";"2";"1";"1";2;48;2
"17487";"202100017487";9;"12:27";"1";"75";"2";"1";"1";3;48;2
"17488";"202100017488";9;"05:00";"5";"75";"2";"2";"1";6;48;2
"17489";"202100017489";9;"21:09";"5";"75";"2";"2";"1";3;48;2
"17490";"202100017490";9;"19:45";"2";"75";"2";"4";"1";6;48;2
"17491";"202100017491";9;"12:05";"1";"75";"2";"7";"1";2;48;2
"17492";"202100017492";9;"12:45";"1";"75";"2";"1";"1";3;48;2
"17493";"202100017493";9;"00:55";"5";"75";"2";"4";"1";2;48;2
"17494";"202100017494";9;"11:20";"1";"75";"2";"3";"1";3;48;2
"17495";"202100017495";9;"20:04";"5";"75";"2";"4";"1";3;48;2
"17496";"202100017496";9;"20:30";"2";"75";"2";"1";"1";6;48;2
"17497";"202100017497";9;"13:41";"1";"75";"2";"3";"1";6;48;2
"17498";"202100017498";9;"12:30";"1";"75";"2";"5";"1";3;48;2
"17499";"202100017499";9;"08:30";"1";"75";"2";"1";"1";6;48;2
"17500";"202100017500";9;"19:15";"2";"75";"2";"4";"1";6;48;2
"17501";"202100017501";9;"11:15";"1";"75";"2";"2";"7";3;48;2
"17502";"202100017502";9;"08:00";"1";"75";"2";"1";"1";2;48;2
"17503";"202100017503";9;"01:05";"5";"75";"2";"3";"1";1;48;2
"17504";"202100017504";9;"10:45";"1";"75";"2";"3";"1";3;48;2
"17505";"202100017505";9;"10:00";"1";"75";"2";"3";"1";3;48;2
"17506";"202100017506";9;"10:20";"1";"94";"2";"3";"1";3;48;2
"17507";"202100017507";9;"18:50";"1";"94";"2";"1";"1";1;48;2
"17508";"202100017508";9;"21:15";"5";"94";"2";"1";"1";2;48;2
"17509";"202100017509";9;"11:05";"1";"94";"2";"3";"1";1;48;2
"17510";"202100017510";9;"23:44";"5";"93";"2";"2";"1";3;48;2
"17511";"202100017511";9;"15:25";"1";"93";"2";"1";"7";3;48;2
"17512";"202100017512";9;"22:50";"5";"93";"2";"3";"1";3;48;2
"17513";"202100017513";9;"23:45";"5";"93";"2";"3";"1";3;48;2
"17514";"202100017514";9;"18:20";"1";"93";"2";"3";"1";3;48;2
"17515";"202100017515";9;"19:00";"1";"93";"2";"1";"1";1;48;2
"17516";"202100017516";9;"17:40";"1";"93";"2";"2";"1";6;48;2
"17517";"202100017517";9;"10:00";"1";"93";"2";"2";"1";3;48;2
"17518";"202100017518";9;"17:45";"1";"93";"2";"9";"1";3;48;2
"17519";"202100017519";9;"14:45";"1";"92";"2";"1";"1";6;48;2
"17520";"202100017520";9;"13:30";"1";"92";"2";"3";"1";3;48;2
"17521";"202100017521";9;"08:35";"1";"92";"2";"6";"1";3;48;2
"17522";"202100017522";9;"20:10";"5";"92";"2";"1";"1";7;48;2
"17523";"202100017523";9;"12:50";"1";"92";"2";"2";"1";3;48;2
"17524";"202100017524";9;"09:50";"1";"92";"2";"9";"1";2;48;2
"17525";"202100017525";9;"10:20";"1";"92";"2";"1";"1";2;48;2
"17526";"202100017526";9;"17:25";"1";"49";"2";"1";"1";3;47;0
"17527";"202100017527";9;"14:20";"1";"38";"2";"9";"1";7;45;4
"17528";"202100017528";9;"11:20";"1";"60";"2";"1";"1";5;49;2
"17529";"202100017529";9;"16:00";"1";"71";"1";"4";"1";1;46;4
"17530";"202100017530";9;"07:15";"2";"21";"1";"1";"1";2;47;5
"17531";"202100017531";9;"22:40";"3";"51";"1";"1";"1";7;49;3
"17532";"202100017532";9;"13:15";"1";"14";"2";"6";"1";2;48;0
"17533";"202100017533";9;"10:40";"1";"14";"2";"1";"1";6;48;0
"17534";"202100017534";9;"20:53";"3";"76";"1";"1";"1";4;49;1
"17535";"202100017535";9;"17:20";"1";"91";"2";"9";"1";1;48;2
"17536";"202100017536";9;"11:45";"1";"58";"2";"1";"1";6;47;2
"17537";"202100017537";9;"13:55";"1";"06";"2";"4";"1";6;43;7
"17538";"202100017538";8;"12:30";"1";"56";"1";"1";"7";3;47;-2
"17539";"202100017539";9;"14:30";"1";"78";"2";"1";"1";6;48;1
"17540";"202100017540";9;"04:20";"3";"2B";"1";"1";"1";6;42;8
"17541";"202100017541";9;"01:35";"3";"41";"1";"1";"1";1;47;1
"17542";"202100017542";9;"09:45";"1";"33";"1";"1";"1";6;44;0
"17543";"202100017543";9;"17:25";"1";"71";"1";"3";"1";7;46;4
"17544";"202100017544";9;"00:15";"5";"89";"2";"1";"1";6;48;3
"17545";"202100017545";9;"15:35";"1";"89";"2";"3";"1";1;47;3
"17546";"202100017546";9;"11:55";"1";"89";"1";"3";"1";3;47;3
"17547";"202100017547";9;"08:20";"2";"47";"1";"1";"5";2;44;0
"17548";"202100017548";9;"17:45";"1";"38";"1";"1";"1";6;45;5
"17549";"202100017549";9;"08:40";"1";"38";"2";"6";"1";6;45;5
"17550";"202100017550";9;"18:00";"1";"02";"2";"1";"1";1;50;3
"17551";"202100017551";9;"10:45";"1";"02";"1";"1";"1";3;49;3
"17552";"202100017552";9;"12:04";"1";"15";"1";"1";"1";6;45;2
"17553";"202100017553";9;"11:35";"1";"26";"1";"1";"1";7;44;5
"17554";"202100017554";9;"14:05";"1";"66";"1";"1";"1";1;42;2
"17555";"202100017555";9;"17:40";"1";"06";"2";"6";"7";6;43;6
"17556";"202100017556";9;"09:30";"1";"05";"1";"9";"1";3;44;6
"17557";"202100017557";9;"15:45";"1";"16";"1";"1";"1";6;45;0
"17558";"202100017558";9;"10:15";"1";"16";"2";"3";"1";1;45;0
"17559";"202100017559";9;"17:26";"1";"07";"2";"1";"1";4;44;4
"17560";"202100017560";9;"07:20";"2";"53";"1";"1";"5";6;48;0
"17561";"202100017561";8;"17:15";"1";"85";"2";"1";"1";6;46;-1
"17562";"202100017562";9;"07:50";"2";"27";"2";"1";"1";6;49;0
"17563";"202100017563";9;"17:30";"1";"87";"1";"2";"1";5;46;1
"17564";"202100017564";9;"09:10";"1";"13";"1";"1";"1";5;43;5
"17565";"202100017565";9;"10:35";"1";"35";"1";"6";"1";3;48;-1
"17566";"202100017566";9;"13:50";"1";"973";"2";"1";"1";2;4;-52
"17567";"202100017567";9;"17:50";"2";"971";"1";"1";"1";6;16;-61
"17568";"202100017568";9;"08:45";"1";"28";"1";"2";"1";1;48;1
"17569";"202100017569";9;"14:45";"1";"95";"1";"1";"1";7;49;1
"17570";"202100017570";9;"08:05";"2";"78";"1";"3";"7";1;48;1
"17571";"202100017571";9;"15:45";"1";"2B";"1";"1";"1";7;42;8
"17572";"202100017572";9;"14:15";"1";"2B";"1";"1";"1";2;42;9
"17573";"202100017573";9;"03:30";"3";"30";"1";"1";"1";1;43;4
"17574";"202100017574";9;"15:25";"1";"34";"1";"3";"1";3;43;3
"17575";"202100017575";9;"19:00";"1";"89";"2";"3";"1";3;47;3
"17576";"202100017576";9;"17:20";"1";"58";"1";"1";"1";3;47;3
"17577";"202100017577";9;"11:38";"1";"88";"2";"2";"7";3;48;6
"17578";"202100017578";9;"15:00";"1";"74";"1";"1";"1";7;45;6
"17579";"202100017579";9;"17:55";"1";"73";"2";"6";"7";3;45;5
"17580";"202100017580";9;"17:15";"1";"73";"2";"1";"1";6;45;5
"17581";"202100017581";9;"14:30";"1";"69";"1";"3";"1";3;45;4
"17582";"202100017582";9;"16:25";"1";"17";"1";"1";"1";1;45;0
"17583";"202100017583";9;"09:00";"1";"44";"2";"6";"7";1;47;-1
"17584";"202100017584";9;"13:25";"1";"27";"1";"6";"1";7;49;1
"17585";"202100017585";5;"10:42";"1";"59";"2";"1";"1";3;50;3
"17586";"202100017586";9;"07:12";"1";"13";"1";"1";"1";2;43;5
"17587";"202100017587";9;"22:25";"5";"33";"1";"1";"2";2;44;0
"17588";"202100017588";9;"16:00";"1";"91";"1";"1";"1";5;48;2
"17589";"202100017589";9;"09:40";"1";"94";"1";"1";"1";7;48;2
"17590";"202100017590";9;"07:20";"1";"91";"1";"1";"1";4;48;2
"17591";"202100017591";9;"21:40";"3";"91";"1";"9";"1";3;48;2
"17592";"202100017592";9;"18:20";"1";"92";"1";"1";"1";7;48;2
"17593";"202100017593";9;"08:35";"1";"78";"1";"1";"1";4;48;1
"17594";"202100017594";9;"06:40";"3";"92";"1";"1";"1";3;48;2
"17595";"202100017595";9;"22:45";"5";"94";"1";"1";"1";6;48;2
"17596";"202100017596";9;"20:30";"3";"77";"1";"1";"1";3;48;2
"17597";"202100017597";9;"19:50";"1";"94";"1";"1";"1";2;48;2
"17598";"202100017598";9;"11:15";"1";"69";"2";"1";"1";6;45;4
"17599";"202100017599";9;"07:45";"2";"06";"2";"1";"1";6;43;7
"17600";"202100017600";9;"08:10";"1";"94";"2";"1";"1";3;48;2
"17601";"202100017601";5;"20:50";"2";"08";"2";"1";"8";7;49;4
"17602";"202100017602";5;"10:25";"1";"08";"2";"1";"1";2;49;4
"17603";"202100017603";9;"11:01";"1";"976";"2";"1";"1";3;-12;45
"17604";"202100017604";9;"18:35";"3";"974";"1";"1";"1";2;-21;55
"17605";"202100017605";9;"08:40";"1";"974";"1";"1";"1";2;-21;55
"17606";"202100017606";9;"12:50";"1";"974";"2";"2";"1";3;-20;55
"17607";"202100017607";9;"19:30";"3";"974";"1";"1";"1";5;-20;55
"17608";"202100017608";9;"12:10";"1";"973";"2";"1";"1";7;4;-52
"17609";"202100017609";9;"14:30";"1";"69";"2";"1";"1";2;45;4
"17610";"202100017610";9;"09:30";"1";"69";"2";"1";"1";3;45;4
"17611";"202100017611";9;"07:30";"1";"69";"2";"1";"1";3;45;4
"17612";"202100017612";9;"11:45";"1";"69";"2";"2";"2";5;45;4
"17613";"202100017613";9;"16:44";"1";"69";"2";"2";"1";6;45;4
"17614";"202100017614";9;"08:15";"1";"69";"2";"1";"8";7;45;4
"17615";"202100017615";9;"07:19";"1";"2B";"2";"1";"1";3;42;9
"17616";"202100017616";9;"16:00";"1";"971";"1";"4";"1";1;16;-61
"17617";"202100017617";9;"17:20";"1";"84";"1";"1";"1";2;44;4
"17618";"202100017618";9;"17:45";"1";"83";"2";"1";"1";6;43;5
"17619";"202100017619";9;"21:45";"5";"83";"2";"1";"1";3;43;5
"17620";"202100017620";9;"15:45";"1";"78";"2";"1";"1";7;48;1
"17621";"202100017621";9;"21:40";"3";"76";"2";"2";"1";2;49;0
"17622";"202100017622";9;"17:15";"1";"76";"2";"1";"2";3;49;0
"17623";"202100017623";9;"08:05";"1";"72";"2";"1";"1";6;48;0
"17624";"202100017624";9;"19:00";"1";"69";"2";"3";"1";3;45;4
"17625";"202100017625";9;"07:38";"2";"69";"2";"8";"1";3;45;4
"17626";"202100017626";9;"20:25";"5";"68";"2";"3";"1";3;48;7
"17627";"202100017627";9;"16:00";"1";"67";"2";"8";"8";3;48;7
"17628";"202100017628";9;"07:45";"1";"64";"2";"1";"1";3;43;-1
"17629";"202100017629";9;"07:30";"1";"64";"2";"1";"1";6;43;-1
"17630";"202100017630";9;"20:00";"2";"63";"2";"1";"1";3;45;3
"17631";"202100017631";9;"16:53";"1";"63";"2";"1";"1";1;45;3
"17632";"202100017632";9;"19:16";"1";"60";"2";"6";"1";6;49;2
"17633";"202100017633";9;"16:35";"1";"59";"2";"7";"1";3;50;3
"17634";"202100017634";9;"14:00";"1";"59";"2";"7";"1";3;50;3
"17635";"202100017635";9;"12:00";"1";"59";"2";"1";"1";6;50;3
"17636";"202100017636";9;"16:15";"1";"58";"2";"1";"1";6;46;3
"17637";"202100017637";9;"15:31";"1";"56";"2";"1";"1";6;47;-3
"17638";"202100017638";9;"17:19";"1";"54";"2";"1";"1";4;48;6
"17639";"202100017639";9;"15:20";"1";"54";"2";"2";"1";3;48;6
"17640";"202100017640";9;"04:20";"5";"54";"2";"2";"1";3;49;5
"17641";"202100017641";9;"09:15";"1";"49";"2";"1";"1";2;47;0
"17642";"202100017642";9;"16:20";"1";"44";"2";"6";"1";1;47;-1
"17643";"202100017643";9;"00:15";"5";"34";"2";"2";"1";3;43;3
"17644";"202100017644";9;"19:15";"1";"34";"2";"1";"1";6;43;3
"17645";"202100017645";9;"03:35";"5";"33";"2";"6";"5";6;44;0
"17646";"202100017646";9;"12:10";"1";"31";"2";"3";"8";1;43;1
"17647";"202100017647";9;"12:20";"1";"31";"2";"1";"1";6;43;1
"17648";"202100017648";9;"00:30";"3";"31";"1";"1";"2";6;43;1
"17649";"202100017649";9;"01:30";"5";"30";"2";"2";"1";3;43;4
"17650";"202100017650";9;"12:19";"1";"29";"2";"1";"1";1;48;-4
"17651";"202100017651";9;"21:50";"3";"28";"1";"1";"1";1;48;1
"17652";"202100017652";9;"12:25";"1";"27";"2";"2";"1";3;49;1
"17653";"202100017653";9;"14:15";"1";"25";"2";"1";"1";3;47;6
"17654";"202100017654";9;"07:30";"5";"19";"2";"6";"3";3;45;1
"17655";"202100017655";9;"05:00";"3";"17";"2";"3";"1";3;45;-1
"17656";"202100017656";9;"17:30";"1";"17";"2";"9";"1";7;46;-1
"17657";"202100017657";9;"13:20";"1";"15";"2";"9";"2";3;44;2
"17658";"202100017658";9;"13:45";"2";"15";"2";"1";"1";1;44;2
"17659";"202100017659";9;"00:40";"3";"13";"2";"1";"1";7;43;5
"17660";"202100017660";9;"18:55";"1";"13";"2";"7";"1";3;43;5
"17661";"202100017661";9;"19:00";"1";"13";"1";"1";"1";7;43;5
"17662";"202100017662";9;"11:50";"1";"13";"2";"1";"1";6;43;4
"17663";"202100017663";9;"08:10";"1";"13";"2";"2";"1";3;43;5
"17664";"202100017664";9;"07:45";"1";"13";"2";"1";"1";3;43;5
"17665";"202100017665";9;"10:30";"1";"13";"2";"2";"1";3;43;5
"17666";"202100017666";9;"16:27";"1";"10";"2";"1";"1";2;48;4
"17667";"202100017667";9;"05:00";"5";"06";"2";"5";"1";6;43;7
"17668";"202100017668";9;"16:05";"1";"06";"2";"1";"1";1;43;7
"17669";"202100017669";9;"10:00";"1";"06";"2";"1";"1";4;43;7
"17670";"202100017670";9;"11:50";"1";"75";"2";"1";"1";2;48;2
"17671";"202100017671";9;"17:35";"1";"75";"2";"2";"1";3;48;2
"17672";"202100017672";9;"10:20";"1";"75";"2";"1";"1";3;48;2
"17673";"202100017673";9;"09:21";"1";"75";"2";"2";"1";3;48;2
"17674";"202100017674";9;"21:54";"5";"75";"2";"7";"1";2;48;2
"17675";"202100017675";9;"15:40";"1";"75";"2";"4";"1";3;48;2
"17676";"202100017676";9;"10:15";"1";"75";"2";"3";"1";3;48;2
"17677";"202100017677";9;"19:00";"1";"75";"2";"1";"1";6;48;2
"17678";"202100017678";9;"02:20";"5";"75";"2";"1";"1";7;48;2
"17679";"202100017679";9;"11:30";"1";"75";"2";"2";"1";3;48;2
"17680";"202100017680";9;"23:30";"5";"75";"2";"4";"1";6;48;2
"17681";"202100017681";9;"16:50";"1";"75";"2";"7";"1";6;48;2
"17682";"202100017682";9;"13:00";"1";"75";"2";"1";"1";3;48;2
"17683";"202100017683";9;"15:30";"1";"94";"2";"1";"1";6;48;2
"17684";"202100017684";9;"08:35";"1";"94";"2";"1";"1";1;48;2
"17685";"202100017685";9;"20:00";"4";"94";"2";"9";"1";5;48;2
"17686";"202100017686";9;"12:15";"1";"94";"2";"1";"1";3;48;2
"17687";"202100017687";9;"00:15";"5";"94";"2";"1";"1";3;48;2
"17688";"202100017688";9;"09:20";"1";"94";"2";"1";"1";3;48;2
"17689";"202100017689";9;"09:57";"1";"94";"2";"1";"1";1;48;2
"17690";"202100017690";9;"21:30";"4";"94";"2";"3";"1";3;48;2
"17691";"202100017691";9;"10:00";"1";"93";"2";"1";"1";5;48;2
"17692";"202100017692";9;"14:55";"1";"93";"2";"2";"1";6;48;2
"17693";"202100017693";9;"21:00";"5";"93";"2";"1";"1";2;48;2
"17694";"202100017694";9;"23:15";"3";"93";"2";"9";"1";3;48;2
"17695";"202100017695";9;"10:40";"1";"93";"2";"1";"1";6;48;2
"17696";"202100017696";9;"16:50";"1";"93";"2";"1";"1";6;48;2
"17697";"202100017697";9;"08:00";"1";"93";"2";"2";"1";3;48;2
"17698";"202100017698";9;"00:40";"5";"93";"2";"2";"1";1;48;2
"17699";"202100017699";9;"15:10";"1";"93";"2";"1";"1";1;48;2
"17700";"202100017700";9;"19:00";"2";"93";"2";"1";"1";3;48;2
"17701";"202100017701";9;"18:45";"1";"93";"2";"1";"1";6;48;2
"17702";"202100017702";9;"22:20";"5";"92";"2";"1";"2";7;48;2
"17703";"202100017703";9;"09:15";"1";"78";"2";"1";"1";3;48;2
"17704";"202100017704";9;"08:50";"1";"92";"2";"1";"1";4;48;2
"17705";"202100017705";9;"22:05";"5";"92";"2";"1";"1";4;48;2
"17706";"202100017706";9;"18:15";"1";"92";"2";"2";"1";6;48;2
"17707";"202100017707";9;"10:35";"1";"92";"2";"1";"1";7;48;2
"17708";"202100017708";9;"12:56";"1";"14";"2";"1";"1";1;48;0
"17709";"202100017709";9;"12:40";"1";"62";"1";"1";"1";6;50;2
"17710";"202100017710";9;"18:12";"1";"68";"2";"6";"1";3;47;7
"17711";"202100017711";8;"19:50";"1";"64";"1";"1";"1";6;43;0
"17712";"202100017712";9;"16:30";"1";"21";"1";"1";"1";6;47;4
"17713";"202100017713";9;"10:10";"1";"83";"2";"1";"1";6;43;6
"17714";"202100017714";9;"15:40";"1";"06";"1";"1";"1";2;43;6
"17715";"202100017715";9;"19:50";"2";"41";"1";"9";"2";7;47;1
"17716";"202100017716";9;"23:30";"3";"57";"1";"1";"1";6;48;6
"17717";"202100017717";9;"15:09";"1";"56";"1";"1";"1";6;47;-3
"17718";"202100017718";9;"04:55";"3";"67";"1";"1";"1";6;48;7
"17719";"202100017719";9;"17:50";"1";"76";"2";"1";"1";1;49;1
"17720";"202100017720";9;"07:00";"2";"2A";"1";"1";"1";1;41;9
"17721";"202100017721";9;"10:15";"1";"33";"2";"3";"1";1;44;0
"17722";"202100017722";9;"17:15";"1";"71";"1";"1";"1";2;46;5
"17723";"202100017723";9;"13:45";"1";"71";"1";"1";"1";7;46;4
"17724";"202100017724";9;"16:30";"1";"49";"1";"1";"1";7;47;-1
"17725";"202100017725";9;"22:20";"5";"41";"2";"9";"1";1;47;1
"17726";"202100017726";9;"16:50";"1";"68";"1";"1";"1";4;47;7
"17727";"202100017727";9;"08:45";"1";"02";"2";"9";"7";1;50;3
"17728";"202100017728";9;"08:55";"1";"01";"2";"3";"1";3;46;4
"17729";"202100017729";9;"08:24";"1";"72";"1";"1";"1";1;48;0
"17730";"202100017730";9;"21:30";"3";"14";"1";"1";"1";7;49;0
"17731";"202100017731";9;"05:30";"3";"50";"1";"1";"1";1;49;-1
"17732";"202100017732";9;"19:15";"1";"60";"2";"2";"1";1;49;2
"17733";"202100017733";9;"20:30";"3";"53";"1";"3";"1";2;47;0
"17734";"202100017734";9;"10:00";"1";"85";"2";"6";"1";3;46;-1
"17735";"202100017735";9;"18:30";"1";"17";"1";"2";"1";4;46;0
"17736";"202100017736";9;"13:10";"1";"30";"1";"1";"1";1;44;4
"17737";"202100017737";9;"17:30";"1";"24";"1";"2";"1";3;44;1
"17738";"202100017738";6;"17:45";"1";"73";"1";"1";"1";7;45;5
"17739";"202100017739";9;"16:50";"1";"34";"1";"6";"1";2;43;3
"17740";"202100017740";9;"17:15";"1";"56";"2";"1";"1";1;48;-2
"17741";"202100017741";9;"10:30";"1";"38";"1";"1";"1";3;45;5
"17742";"202100017742";9;"14:15";"1";"971";"1";"1";"1";3;16;-61
"17743";"202100017743";9;"19:00";"2";"37";"2";"3";"7";1;47;0
"17744";"202100017744";9;"08:46";"1";"77";"1";"1";"1";2;48;3
"17745";"202100017745";9;"22:10";"3";"91";"1";"1";"1";1;48;2
"17746";"202100017746";9;"17:05";"1";"78";"2";"1";"1";7;48;2
"17747";"202100017747";9;"17:00";"1";"66";"2";"1";"1";6;42;3
"17748";"202100017748";9;"14:45";"1";"84";"1";"1";"1";1;44;4
"17749";"202100017749";9;"08:16";"1";"70";"2";"9";"1";6;47;5
"17750";"202100017750";9;"18:00";"1";"25";"1";"4";"1";6;47;6
"17751";"202100017751";9;"14:30";"1";"71";"2";"1";"1";6;46;4
"17752";"202100017752";9;"14:00";"1";"88";"2";"1";"1";1;48;6
"17753";"202100017753";9;"19:04";"2";"55";"2";"2";"1";3;48;5
"17754";"202100017754";9;"18:00";"1";"38";"2";"1";"1";3;45;5
"17755";"202100017755";9;"13:30";"1";"26";"1";"3";"1";2;45;4
"17756";"202100017756";9;"17:15";"1";"01";"2";"2";"1";3;45;4
"17757";"202100017757";8;"12:35";"1";"24";"1";"1";"1";2;44;0
"17758";"202100017758";9;"08:30";"2";"33";"2";"1";"1";6;44;0
"17759";"202100017759";9;"17:45";"1";"29";"1";"1";"1";6;47;-4
"17760";"202100017760";8;"13:57";"1";"76";"1";"1";"1";7;49;1
"17761";"202100017761";9;"11:10";"1";"59";"1";"1";"1";2;50;2
"17762";"202100017762";9;"18:15";"1";"13";"1";"1";"1";2;43;5
"17763";"202100017763";9;"17:55";"1";"13";"1";"1";"1";2;43;5
"17764";"202100017764";9;"20:20";"3";"13";"1";"1";"1";2;43;5
"17765";"202100017765";9;"19:15";"2";"13";"1";"1";"1";2;43;5
"17766";"202100017766";9;"18:00";"1";"13";"1";"1";"1";2;43;5
"17767";"202100017767";9;"08:25";"1";"69";"1";"1";"1";3;45;4
"17768";"202100017768";9;"17:10";"1";"33";"1";"1";"1";4;44;0
"17769";"202100017769";9;"10:25";"1";"33";"1";"1";"1";3;44;0
"17770";"202100017770";9;"08:38";"1";"62";"1";"1";"1";6;50;2
"17771";"202100017771";9;"08:57";"1";"91";"1";"1";"2";6;48;2
"17772";"202100017772";9;"09:40";"1";"92";"1";"1";"1";4;48;2
"17773";"202100017773";9;"08:10";"1";"78";"1";"1";"1";2;48;2
"17774";"202100017774";9;"07:25";"1";"78";"1";"1";"1";7;48;2
"17775";"202100017775";9;"18:30";"1";"93";"1";"1";"1";3;48;2
"17776";"202100017776";9;"17:25";"1";"93";"1";"1";"1";3;48;2
"17777";"202100017777";9;"12:10";"1";"93";"1";"1";"1";6;48;2
"17778";"202100017778";9;"07:40";"2";"93";"1";"1";"1";3;48;2
"17779";"202100017779";9;"14:50";"1";"95";"1";"1";"1";2;48;2
"17780";"202100017780";9;"17:30";"1";"77";"1";"1";"1";2;48;2
"17781";"202100017781";9;"23:00";"4";"94";"1";"1";"1";6;48;2
"17782";"202100017782";9;"08:50";"1";"63";"2";"1";"8";6;45;3
"17783";"202100017783";9;"11:55";"1";"59";"2";"1";"1";6;51;2
"17784";"202100017784";1;"11:45";"1";"61";"1";"6";"8";6;48;0
"17785";"202100017785";9;"16:15";"1";"17";"1";"1";"7";6;45;0
"17786";"202100017786";7;"02:10";"5";"78";"2";"1";"1";7;49;2
"17787";"202100017787";5;"19:40";"1";"74";"1";"1";"1";1;45;6
"17788";"202100017788";9;"13:15";"1";"974";"2";"1";"1";2;-21;55
"17789";"202100017789";9;"07:50";"1";"974";"2";"6";"1";6;-20;55
"17790";"202100017790";9;"07:15";"1";"973";"2";"1";"2";3;4;-52
"17791";"202100017791";9;"17:05";"1";"69";"2";"2";"2";6;45;4
"17792";"202100017792";9;"12:20";"1";"69";"2";"2";"2";6;45;4
"17793";"202100017793";9;"15:09";"1";"69";"2";"9";"2";3;45;4
"17794";"202100017794";9;"22:20";"5";"972";"1";"1";"1";6;14;-61
"17795";"202100017795";9;"18:28";"5";"972";"2";"1";"1";6;14;-61
"17796";"202100017796";9;"12:00";"1";"972";"1";"9";"1";6;14;-61
"17797";"202100017797";9;"21:30";"5";"972";"1";"1";"1";6;14;-61
"17798";"202100017798";9;"18:10";"1";"69";"2";"1";"2";7;45;4
"17799";"202100017799";9;"17:10";"1";"2A";"1";"1";"1";2;41;8
"17800";"202100017800";9;"16:50";"1";"91";"2";"2";"1";3;48;2
"17801";"202100017801";9;"11:20";"1";"91";"2";"6";"8";6;48;2
"17802";"202100017802";9;"16:10";"1";"91";"2";"6";"1";3;48;2
"17803";"202100017803";9;"10:43";"1";"87";"2";"1";"1";6;45;1
"17804";"202100017804";9;"13:50";"1";"83";"2";"1";"1";6;43;5
"17805";"202100017805";8;"11:40";"1";"80";"2";"1";"1";2;49;2
"17806";"202100017806";9;"00:20";"5";"80";"2";"2";"1";3;49;2
"17807";"202100017807";9;"10:00";"1";"80";"2";"3";"1";3;49;2
"17808";"202100017808";9;"18:50";"1";"80";"2";"1";"1";2;49;2
"17809";"202100017809";9;"08:15";"1";"80";"2";"1";"1";3;49;2
"17810";"202100017810";9;"14:20";"1";"80";"2";"1";"1";6;49;2
"17811";"202100017811";9;"07:40";"1";"80";"2";"1";"2";3;49;2
"17812";"202100017812";9;"14:25";"1";"80";"2";"1";"1";4;49;2
"17813";"202100017813";9;"06:40";"3";"78";"2";"1";"2";6;48;2
"17814";"202100017814";9;"17:55";"1";"76";"2";"1";"2";3;49;1
"17815";"202100017815";9;"17:10";"1";"76";"2";"1";"1";6;49;1
"17816";"202100017816";9;"01:15";"5";"76";"2";"1";"1";6;49;0
"17817";"202100017817";9;"02:00";"5";"76";"2";"4";"1";6;49;0
"17818";"202100017818";9;"18:20";"1";"76";"2";"1";"1";6;49;0
"17819";"202100017819";9;"16:20";"1";"71";"2";"1";"1";2;46;4
"17820";"202100017820";9;"16:00";"1";"71";"2";"2";"1";3;46;4
"17821";"202100017821";9;"17:00";"1";"69";"2";"1";"3";2;45;4
"17822";"202100017822";9;"09:17";"1";"69";"2";"8";"2";3;45;4
"17823";"202100017823";9;"14:40";"1";"65";"2";"3";"1";2;43;0
"17824";"202100017824";9;"10:40";"1";"64";"2";"6";"2";3;43;0
"17825";"202100017825";9;"15:15";"1";"64";"2";"1";"1";2;43;-1