"";"Num_Acc";"mois";"hrmn";"lum";"dep";"agg";"int";"atm";"col";"lat";"long"
"17826";"202100017826";9;"14:17";"1";"63";"2";"5";"1";3;45;3
"17827";"202100017827";9;"13:10";"1";"63";"2";"1";"1";6;45;3
"17828";"202100017828";9;"13:00";"1";"63";"2";"2";"1";3;45;3
"17829";"202100017829";9;"00:30";"5";"63";"2";"5";"1";3;45;3
"17830";"202100017830";9;"20:46";"5";"63";"2";"1";"1";6;45;3
"17831";"202100017831";9;"17:03";"1";"63";"2";"1";"1";2;45;3
"17832";"202100017832";9;"23:30";"5";"59";"2";"1";"1";4;50;3
"17833";"202100017833";9;"16:50";"1";"59";"2";"1";"1";6;50;3
"17834";"202100017834";9;"15:20";"1";"58";"2";"1";"1";6;46;3
"17835";"202100017835";9;"17:10";"1";"57";"2";"1";"1";3;49;6
"17836";"202100017836";9;"11:51";"1";"57";"1";"1";"1";7;49;6
"17837";"202100017837";9;"08:40";"1";"56";"2";"1";"1";6;47;-3
"17838";"202100017838";9;"09:10";"1";"54";"1";"1";"1";1;49;5
"17839";"202100017839";9;"09:50";"2";"51";"2";"6";"1";3;49;4
"17840";"202100017840";9;"02:40";"3";"50";"1";"3";"1";5;49;-1
"17841";"202100017841";9;"17:00";"1";"50";"2";"1";"1";2;49;-1
"17842";"202100017842";9;"01:50";"5";"50";"2";"1";"1";2;49;-1
"17843";"202100017843";9;"07:20";"5";"44";"2";"6";"1";3;47;-1
"17844";"202100017844";9;"19:00";"1";"37";"2";"2";"1";3;47;0
"17845";"202100017845";9;"21:10";"4";"35";"1";"1";"1";2;48;-1
"17846";"202100017846";9;"17:40";"1";"35";"2";"3";"1";6;48;-1
"17847";"202100017847";9;"13:50";"1";"35";"2";"9";"1";2;48;-1
"17848";"202100017848";9;"06:10";"3";"34";"1";"1";"1";1;43;3
"17849";"202100017849";9;"19:10";"1";"33";"2";"2";"1";3;44;0
"17850";"202100017850";9;"11:10";"1";"33";"2";"3";"1";3;44;0
"17851";"202100017851";9;"08:20";"1";"33";"1";"1";"2";2;44;-1
"17852";"202100017852";9;"08:45";"1";"31";"2";"1";"1";3;43;1
"17853";"202100017853";9;"16:40";"1";"29";"2";"1";"1";2;48;-4
"17854";"202100017854";9;"17:50";"1";"29";"2";"1";"1";6;48;-4
"17855";"202100017855";9;"12:45";"1";"25";"2";"4";"1";2;47;6
"17856";"202100017856";9;"07:15";"2";"25";"2";"2";"2";3;47;6
"17857";"202100017857";9;"15:00";"1";"24";"2";"1";"1";3;44;0
"17858";"202100017858";9;"19:40";"2";"22";"2";"1";"2";3;48;-3
"17859";"202100017859";9;"16:00";"1";"17";"2";"1";"1";6;46;-1
"17860";"202100017860";9;"06:10";"5";"17";"2";"1";"2";6;46;-1
"17861";"202100017861";9;"19:05";"1";"14";"2";"1";"8";6;49;0
"17862";"202100017862";9;"13:30";"1";"14";"2";"1";"1";3;49;0
"17863";"202100017863";9;"05:15";"3";"13";"1";"1";"1";3;43;4
"17864";"202100017864";9;"12:15";"1";"13";"2";"1";"1";3;43;5
"17865";"202100017865";9;"14:10";"1";"13";"2";"2";"1";3;43;5
"17866";"202100017866";9;"10:00";"1";"13";"2";"3";"1";3;43;5
"17867";"202100017867";9;"01:15";"5";"13";"2";"1";"1";1;43;5
"17868";"202100017868";9;"02:08";"5";"13";"2";"9";"1";6;43;5
"17869";"202100017869";9;"13:55";"1";"06";"2";"1";"1";1;43;6
"17870";"202100017870";9;"01:49";"5";"06";"2";"1";"1";6;43;6
"17871";"202100017871";9;"18:15";"1";"06";"2";"1";"1";6;43;7
"17872";"202100017872";9;"08:40";"1";"06";"2";"1";"1";3;43;7
"17873";"202100017873";9;"11:35";"1";"01";"2";"2";"2";6;46;5
"17874";"202100017874";9;"01:45";"5";"75";"2";"4";"1";6;48;2
"17875";"202100017875";9;"15:15";"1";"75";"2";"3";"1";3;48;2
"17876";"202100017876";9;"23:10";"5";"75";"2";"1";"1";6;48;2
"17877";"202100017877";9;"07:15";"2";"75";"2";"2";"2";3;48;2
"17878";"202100017878";9;"13:45";"1";"75";"2";"3";"8";6;48;2
"17879";"202100017879";9;"23:25";"5";"75";"2";"7";"1";3;48;2
"17880";"202100017880";9;"07:50";"1";"75";"2";"2";"8";3;48;2
"17881";"202100017881";9;"20:20";"5";"94";"2";"9";"1";3;48;2
"17882";"202100017882";9;"18:50";"1";"94";"2";"2";"1";3;48;2
"17883";"202100017883";9;"19:50";"2";"94";"2";"3";"2";3;48;2
"17884";"202100017884";9;"18:00";"1";"94";"2";"1";"1";2;48;2
"17885";"202100017885";9;"08:15";"1";"94";"2";"9";"2";2;48;2
"17886";"202100017886";9;"21:10";"5";"94";"2";"2";"1";3;48;2
"17887";"202100017887";9;"05:40";"5";"94";"2";"3";"2";3;48;2
"17888";"202100017888";9;"17:30";"1";"93";"2";"1";"1";2;48;2
"17889";"202100017889";9;"23:15";"5";"93";"2";"9";"1";3;48;2
"17890";"202100017890";9;"13:10";"1";"93";"2";"1";"1";3;48;2
"17891";"202100017891";9;"11:00";"1";"92";"2";"1";"1";7;48;2
"17892";"202100017892";9;"17:50";"1";"92";"2";"1";"1";3;48;2
"17893";"202100017893";9;"15:00";"1";"92";"2";"1";"1";3;48;2
"17894";"202100017894";9;"14:00";"1";"92";"2";"1";"1";1;48;2
"17895";"202100017895";9;"09:10";"1";"92";"2";"3";"8";5;48;2
"17896";"202100017896";9;"13:00";"1";"92";"2";"2";"2";2;48;2
"17897";"202100017897";9;"08:45";"1";"92";"2";"1";"2";2;48;2
"17898";"202100017898";9;"11:34";"1";"92";"2";"2";"8";3;48;2
"17899";"202100017899";9;"17:55";"1";"92";"2";"3";"1";3;48;2
"17900";"202100017900";9;"04:00";"5";"92";"2";"2";"2";3;48;2
"17901";"202100017901";9;"15:25";"1";"92";"2";"1";"1";2;48;2
"17902";"202100017902";9;"09:05";"1";"92";"2";"1";"8";6;48;2
"17903";"202100017903";9;"13:20";"1";"92";"2";"9";"1";6;48;2
"17904";"202100017904";9;"12:30";"1";"92";"2";"1";"1";4;48;2
"17905";"202100017905";9;"22:00";"5";"92";"2";"3";"1";6;48;2
"17906";"202100017906";9;"11:10";"1";"92";"2";"4";"1";6;48;2
"17907";"202100017907";9;"01:30";"3";"2A";"1";"1";"1";6;41;8
"17908";"202100017908";9;"16:00";"1";"51";"1";"1";"1";7;48;4
"17909";"202100017909";9;"15:49";"1";"38";"1";"1";"2";1;45;4
"17910";"202100017910";9;"16:53";"1";"43";"1";"1";"3";6;45;3
"17911";"202100017911";9;"16:15";"1";"33";"2";"9";"1";6;45;0
"17912";"202100017912";9;"16:30";"1";"06";"1";"9";"1";1;43;7
"17913";"202100017913";9;"14:55";"1";"12";"1";"1";"1";1;44;2
"17914";"202100017914";9;"13:45";"1";"51";"1";"1";"1";7;49;4
"17915";"202100017915";7;"10:45";"1";"14";"1";"1";"1";5;49;0
"17916";"202100017916";9;"07:20";"2";"63";"1";"1";"2";2;45;3
"17917";"202100017917";9;"09:45";"1";"95";"2";"1";"1";3;49;2
"17918";"202100017918";9;"15:07";"1";"56";"1";"1";"1";5;47;-3
"17919";"202100017919";9;"17:20";"1";"74";"1";"1";"1";1;46;6
"17920";"202100017920";9;"09:00";"1";"80";"1";"1";"1";1;49;1
"17921";"202100017921";8;"19:53";"1";"33";"1";"1";"1";7;44;0
"17922";"202100017922";9;"10:45";"1";"89";"2";"1";"1";6;47;3
"17923";"202100017923";9;"11:18";"1";"34";"2";"1";"1";6;43;3
"17924";"202100017924";9;"15:00";"1";"22";"1";"1";"1";7;48;-3
"17925";"202100017925";9;"13:30";"1";"44";"2";"1";"1";7;47;-1
"17926";"202100017926";8;"18:50";"2";"44";"2";"6";"7";6;47;-1
"17927";"202100017927";9;"10:20";"1";"29";"2";"3";"7";6;48;-4
"17928";"202100017928";9;"17:30";"1";"29";"1";"3";"1";6;47;-4
"17929";"202100017929";9;"17:55";"1";"01";"2";"2";"1";3;46;4
"17930";"202100017930";9;"14:00";"1";"85";"1";"1";"1";1;46;-1
"17931";"202100017931";9;"09:50";"1";"50";"1";"3";"1";1;49;-1
"17932";"202100017932";9;"17:30";"1";"60";"1";"2";"1";1;49;2
"17933";"202100017933";9;"13:40";"1";"10";"1";"1";"1";6;48;4
"17934";"202100017934";9;"10:00";"1";"36";"1";"1";"2";3;46;1
"17935";"202100017935";6;"18:15";"1";"04";"1";"3";"1";1;44;5
"17936";"202100017936";9;"07:20";"2";"85";"1";"2";"1";3;46;-1
"17937";"202100017937";9;"14:05";"1";"28";"2";"6";"1";6;48;1
"17938";"202100017938";9;"20:45";"3";"87";"1";"1";"1";7;46;1
"17939";"202100017939";9;"10:50";"1";"37";"2";"2";"1";1;47;0
"17940";"202100017940";9;"15:45";"1";"973";"2";"3";"1";3;4;-52
"17941";"202100017941";9;"16:05";"1";"76";"1";"9";"1";3;49;0
"17942";"202100017942";9;"08:35";"1";"33";"1";"1";"2";7;45;0
"17943";"202100017943";9;"17:10";"1";"13";"2";"1";"1";1;43;4
"17944";"202100017944";9;"15:45";"1";"987";"2";"1";"1";3;-16;-145
"17945";"202100017945";9;"18:15";"1";"37";"1";"1";"2";6;47;1
"17946";"202100017946";9;"08:37";"1";"2A";"2";"6";"1";2;41;9
"17947";"202100017947";9;"08:45";"1";"66";"2";"5";"1";6;42;2
"17948";"202100017948";9;"11:50";"1";"84";"1";"1";"1";6;44;5
"17949";"202100017949";9;"10:30";"1";"89";"1";"1";"1";2;47;3
"17950";"202100017950";9;"14:30";"1";"68";"1";"1";"1";6;47;7
"17951";"202100017951";9;"08:30";"1";"73";"1";"1";"1";4;45;5
"17952";"202100017952";9;"12:15";"1";"69";"1";"2";"7";3;45;5
"17953";"202100017953";9;"17:50";"1";"17";"1";"4";"1";3;45;-1
"17954";"202100017954";9;"17:00";"1";"33";"2";"3";"1";3;44;0
"17955";"202100017955";9;"16:10";"1";"50";"1";"1";"1";7;49;-1
"17956";"202100017956";9;"22:30";"3";"14";"1";"6";"1";6;49;0
"17957";"202100017957";9;"04:00";"5";"27";"1";"1";"8";6;49;1
"17958";"202100017958";9;"08:55";"1";"13";"1";"1";"1";5;43;5
"17959";"202100017959";9;"03:42";"3";"13";"1";"1";"1";1;43;5
"17960";"202100017960";9;"20:45";"3";"69";"1";"1";"1";2;45;4
"17961";"202100017961";9;"20:30";"5";"69";"2";"1";"1";4;45;4
"17962";"202100017962";9;"09:10";"1";"33";"1";"1";"2";7;44;0
"17963";"202100017963";9;"11:55";"1";"33";"1";"1";"1";2;44;0
"17964";"202100017964";9;"17:55";"1";"62";"1";"1";"1";5;50;2
"17965";"202100017965";9;"18:40";"1";"92";"1";"1";"1";2;48;2
"17966";"202100017966";9;"18:30";"1";"91";"1";"1";"1";3;48;2
"17967";"202100017967";9;"12:55";"1";"92";"1";"1";"1";6;48;2
"17968";"202100017968";9;"06:55";"2";"92";"1";"1";"1";4;48;2
"17969";"202100017969";9;"08:30";"1";"92";"1";"1";"8";6;48;2
"17970";"202100017970";9;"07:30";"2";"95";"1";"1";"2";3;48;2
"17971";"202100017971";9;"06:40";"3";"93";"1";"9";"2";7;48;2
"17972";"202100017972";9;"03:50";"3";"93";"1";"1";"3";7;48;2
"17973";"202100017973";9;"00:50";"5";"95";"1";"1";"3";6;49;2
"17974";"202100017974";9;"08:50";"1";"77";"1";"1";"1";2;48;2
"17975";"202100017975";5;"15:07";"1";"29";"2";"2";"1";2;48;-4
"17976";"202100017976";5;"17:15";"1";"38";"2";"3";"1";3;45;5
"17977";"202100017977";9;"13:00";"1";"76";"2";"1";"1";6;49;1
"17978";"202100017978";9;"11:30";"1";"61";"1";"6";"2";7;48;0
"17979";"202100017979";9;"16:40";"1";"22";"2";"9";"1";6;48;-3
"17980";"202100017980";9;"16:20";"1";"974";"1";"1";"1";6;-20;55
"17981";"202100017981";9;"10:13";"1";"973";"2";"1";"1";3;4;-52
"17982";"202100017982";9;"06:15";"5";"69";"2";"2";"2";3;45;4
"17983";"202100017983";9;"01:00";"5";"69";"2";"2";"3";3;45;4
"17984";"202100017984";9;"02:47";"5";"69";"2";"1";"2";6;45;4
"17985";"202100017985";9;"15:55";"1";"95";"2";"2";"1";3;48;2
"17986";"202100017986";9;"05:45";"5";"91";"2";"2";"1";2;48;2
"17987";"202100017987";9;"20:10";"5";"91";"2";"1";"2";7;48;2
"17988";"202100017988";9;"12:50";"1";"91";"2";"1";"1";6;48;2
"17989";"202100017989";9;"14:25";"1";"83";"2";"1";"1";6;43;5
"17990";"202100017990";9;"18:45";"1";"83";"2";"3";"1";2;43;6
"17991";"202100017991";8;"19:35";"1";"83";"1";"1";"1";1;43;6
"17992";"202100017992";9;"06:25";"3";"82";"1";"1";"2";6;44;1
"17993";"202100017993";9;"14:25";"1";"78";"2";"2";"1";2;49;1
"17994";"202100017994";9;"02:20";"5";"76";"2";"1";"2";6;49;1
"17995";"202100017995";9;"17:36";"1";"72";"2";"1";"1";2;47;0
"17996";"202100017996";9;"08:40";"1";"69";"2";"4";"1";6;45;4
"17997";"202100017997";9;"21:15";"5";"64";"2";"1";"1";3;43;0
"17998";"202100017998";9;"17:30";"1";"62";"2";"1";"1";1;50;2
"17999";"202100017999";9;"19:45";"1";"60";"2";"1";"1";6;49;2
"18000";"202100018000";9;"00:20";"4";"59";"2";"2";"1";3;50;3
"18001";"202100018001";9;"17:58";"1";"51";"2";"2";"1";7;49;4
"18002";"202100018002";9;"18:00";"1";"51";"2";"1";"1";2;49;4
"18003";"202100018003";9;"23:05";"5";"38";"2";"1";"1";6;45;5
"18004";"202100018004";9;"06:10";"5";"38";"2";"1";"2";6;45;5
"18005";"202100018005";9;"03:10";"3";"35";"2";"1";"1";6;48;-1
"18006";"202100018006";9;"19:10";"1";"34";"2";"1";"1";3;43;3
"18007";"202100018007";9;"17:50";"1";"25";"2";"1";"2";6;47;6
"18008";"202100018008";9;"18:15";"1";"13";"2";"1";"1";2;43;5
"18009";"202100018009";9;"17:15";"1";"09";"1";"1";"2";6;43;1
"18010";"202100018010";9;"23:30";"3";"07";"1";"1";"8";6;44;4
"18011";"202100018011";9;"18:55";"1";"06";"2";"1";"1";2;43;7
"18012";"202100018012";9;"18:50";"2";"75";"2";"1";"1";4;48;2
"18013";"202100018013";9;"16:15";"1";"75";"2";"1";"1";3;48;2
"18014";"202100018014";9;"07:40";"1";"75";"2";"1";"1";4;48;2
"18015";"202100018015";9;"14:10";"1";"75";"2";"1";"1";4;48;2
"18016";"202100018016";9;"20:25";"2";"75";"2";"1";"1";4;48;2
"18017";"202100018017";9;"01:45";"5";"75";"2";"1";"1";6;48;2
"18018";"202100018018";9;"08:34";"1";"75";"2";"2";"1";3;48;2
"18019";"202100018019";9;"20:44";"5";"75";"2";"1";"1";2;48;2
"18020";"202100018020";9;"19:50";"3";"75";"2";"2";"2";6;48;2
"18021";"202100018021";9;"15:20";"1";"75";"2";"2";"1";6;48;2
"18022";"202100018022";9;"12:10";"1";"75";"2";"3";"1";3;48;2
"18023";"202100018023";9;"04:10";"5";"75";"2";"1";"1";7;48;2
"18024";"202100018024";9;"00:50";"5";"75";"2";"1";"1";6;48;2
"18025";"202100018025";9;"12:55";"1";"75";"2";"1";"1";4;48;2
"18026";"202100018026";9;"23:40";"5";"75";"2";"4";"1";4;48;2
"18027";"202100018027";9;"13:00";"1";"75";"2";"2";"1";3;48;2
"18028";"202100018028";9;"12:35";"1";"75";"2";"2";"1";6;48;2
"18029";"202100018029";9;"09:52";"1";"75";"2";"2";"1";6;48;2
"18030";"202100018030";9;"18:40";"2";"75";"2";"3";"1";1;48;2
"18031";"202100018031";9;"11:08";"1";"94";"2";"1";"1";2;48;2
"18032";"202100018032";9;"17:00";"1";"94";"2";"2";"1";3;48;2
"18033";"202100018033";9;"01:50";"5";"94";"2";"2";"1";3;48;2
"18034";"202100018034";9;"02:15";"3";"93";"2";"1";"1";2;48;2
"18035";"202100018035";9;"22:35";"5";"92";"2";"1";"1";7;48;2
"18036";"202100018036";9;"20:00";"3";"63";"1";"1";"3";1;45;3
"18037";"202100018037";9;"15:10";"1";"37";"1";"1";"1";1;47;0
"18038";"202100018038";9;"14:00";"1";"76";"1";"1";"1";7;49;1
"18039";"202100018039";9;"08:25";"1";"85";"1";"1";"1";5;46;-1
"18040";"202100018040";9;"20:35";"5";"33";"2";"3";"8";1;44;0
"18041";"202100018041";9;"16:25";"1";"36";"1";"1";"2";7;47;1
"18042";"202100018042";9;"10:45";"1";"62";"2";"1";"1";6;50;2
"18043";"202100018043";9;"22:15";"3";"26";"1";"1";"2";2;44;4
"18044";"202100018044";9;"23:20";"3";"17";"1";"1";"3";7;46;-1
"18045";"202100018045";9;"06:15";"3";"44";"1";"1";"1";7;47;-1
"18046";"202100018046";9;"14:10";"1";"58";"1";"1";"3";6;46;3
"18047";"202100018047";9;"19:30";"2";"47";"1";"4";"1";3;44;0
"18048";"202100018048";9;"14:30";"1";"62";"2";"1";"1";6;50;1
"18049";"202100018049";9;"23:30";"3";"76";"1";"1";"1";5;49;0
"18050";"202100018050";9;"17:50";"1";"76";"2";"4";"1";6;49;1
"18051";"202100018051";9;"09:45";"1";"65";"1";"1";"2";6;42;0
"18052";"202100018052";9;"22:56";"3";"33";"1";"1";"2";6;44;0
"18053";"202100018053";9;"07:34";"2";"71";"1";"3";"2";3;46;4
"18054";"202100018054";9;"07:49";"1";"55";"1";"1";"1";7;48;5
"18055";"202100018055";9;"16:38";"1";"44";"1";"9";"1";3;47;-2
"18056";"202100018056";9;"17:30";"1";"31";"2";"9";"1";6;43;1
"18057";"202100018057";9;"23:22";"3";"26";"1";"1";"2";6;44;4
"18058";"202100018058";9;"19:30";"1";"66";"1";"1";"1";1;42;3
"18059";"202100018059";8;"23:50";"3";"72";"1";"1";"1";6;48;0
"18060";"202100018060";9;"16:00";"1";"43";"1";"1";"3";1;45;4
"18061";"202100018061";9;"11:15";"1";"85";"1";"1";"1";1;46;-1
"18062";"202100018062";9;"13:55";"1";"30";"1";"1";"1";1;43;4
"18063";"202100018063";9;"14:45";"1";"13";"1";"1";"1";3;43;5
"18064";"202100018064";9;"09:30";"1";"67";"1";"1";"1";2;48;7
"18065";"202100018065";9;"10:10";"1";"988";"1";"1";"1";6;-21;165
"18066";"202100018066";9;"13:28";"1";"974";"1";"1";"8";2;-21;55
"18067";"202100018067";9;"11:40";"1";"971";"2";"1";"1";1;16;-61
"18068";"202100018068";9;"05:15";"3";"33";"1";"1";"1";7;45;-1
"18069";"202100018069";9;"22:00";"3";"77";"1";"1";"2";6;48;2
"18070";"202100018070";9;"07:27";"2";"95";"1";"1";"1";6;49;1
"18071";"202100018071";9;"17:10";"1";"2B";"1";"1";"1";6;42;9
"18072";"202100018072";9;"18:45";"1";"2B";"1";"1";"1";6;42;9
"18073";"202100018073";9;"01:30";"3";"2B";"1";"1";"1";4;42;9
"18074";"202100018074";9;"22:50";"5";"34";"2";"1";"1";1;43;4
"18075";"202100018075";9;"11:30";"1";"13";"1";"9";"1";3;43;5
"18076";"202100018076";9;"19:45";"2";"13";"2";"1";"1";1;43;5
"18077";"202100018077";9;"15:30";"1";"13";"1";"1";"1";5;43;5
"18078";"202100018078";9;"10:00";"1";"52";"1";"1";"8";1;47;5
"18079";"202100018079";9;"14:55";"1";"38";"1";"1";"1";7;45;4
"18080";"202100018080";9;"07:15";"2";"38";"1";"1";"2";3;45;5
"18081";"202100018081";9;"08:15";"1";"38";"2";"6";"1";3;45;5
"18082";"202100018082";9;"15:35";"1";"81";"1";"3";"8";3;43;2
"18083";"202100018083";9;"05:30";"3";"59";"1";"1";"1";6;50;3
"18084";"202100018084";9;"07:00";"2";"59";"1";"1";"5";6;50;2
"18085";"202100018085";9;"16:03";"1";"13";"1";"1";"1";6;43;5
"18086";"202100018086";9;"06:40";"2";"13";"1";"1";"1";3;43;5
"18087";"202100018087";9;"11:30";"1";"13";"1";"1";"1";4;43;5
"18088";"202100018088";9;"23:12";"5";"13";"1";"1";"1";7;43;5
"18089";"202100018089";9;"20:07";"3";"13";"1";"1";"1";6;43;5
"18090";"202100018090";9;"15:50";"1";"94";"1";"1";"1";2;48;2
"18091";"202100018091";9;"14:10";"1";"94";"1";"1";"1";4;48;2
"18092";"202100018092";9;"12:40";"1";"92";"1";"1";"1";4;48;2
"18093";"202100018093";9;"20:15";"5";"93";"1";"1";"1";2;48;2
"18094";"202100018094";9;"18:30";"1";"93";"1";"1";"1";4;48;2
"18095";"202100018095";9;"20:45";"3";"93";"1";"1";"1";4;48;2
"18096";"202100018096";9;"08:30";"1";"93";"1";"1";"1";6;48;2
"18097";"202100018097";9;"23:20";"3";"95";"1";"1";"2";6;49;2
"18098";"202100018098";9;"14:00";"1";"92";"1";"1";"1";3;48;2
"18099";"202100018099";9;"19:11";"1";"77";"1";"1";"1";3;48;2
"18100";"202100018100";9;"06:55";"2";"77";"1";"1";"1";6;48;2
"18101";"202100018101";9;"06:50";"2";"94";"1";"1";"1";3;48;2
"18102";"202100018102";9;"15:30";"1";"76";"2";"1";"1";6;49;1
"18103";"202100018103";9;"16:45";"1";"61";"2";"1";"1";4;48;0
"18104";"202100018104";9;"06:25";"2";"38";"2";"1";"1";1;45;5
"18105";"202100018105";9;"15:50";"1";"94";"2";"3";"1";3;48;2
"18106";"202100018106";4;"10:51";"1";"33";"2";"3";"1";6;44;0
"18107";"202100018107";5;"17:45";"1";"09";"2";"1";"1";4;42;1
"18108";"202100018108";9;"16:20";"1";"976";"1";"1";"1";7;-12;45
"18109";"202100018109";9;"13:08";"1";"973";"2";"1";"1";5;4;-52
"18110";"202100018110";9;"22:40";"5";"69";"2";"2";"8";1;45;4
"18111";"202100018111";9;"12:45";"1";"69";"2";"1";"1";3;45;4
"18112";"202100018112";9;"03:35";"5";"69";"2";"2";"1";2;45;4
"18113";"202100018113";9;"15:15";"1";"972";"2";"1";"1";2;14;-61
"18114";"202100018114";9;"08:35";"1";"972";"2";"4";"1";3;14;-61
"18115";"202100018115";9;"16:15";"1";"972";"2";"9";"1";3;14;-61
"18116";"202100018116";9;"15:00";"1";"69";"2";"9";"1";6;45;4
"18117";"202100018117";9;"18:00";"1";"69";"2";"1";"1";3;45;4
"18118";"202100018118";9;"17:00";"1";"69";"2";"1";"1";6;45;4
"18119";"202100018119";9;"03:15";"4";"69";"2";"1";"1";6;45;4
"18120";"202100018120";9;"18:25";"1";"2B";"2";"1";"1";3;42;9
"18121";"202100018121";9;"11:29";"1";"2B";"2";"6";"1";3;42;9
"18122";"202100018122";9;"19:55";"5";"95";"2";"1";"1";6;48;2
"18123";"202100018123";9;"08:50";"1";"91";"2";"1";"1";5;48;2
"18124";"202100018124";9;"19:10";"1";"83";"2";"4";"1";3;43;6
"18125";"202100018125";9;"19:10";"1";"77";"2";"1";"1";6;48;2
"18126";"202100018126";9;"02:15";"5";"76";"2";"1";"1";6;49;1
"18127";"202100018127";9;"18:25";"1";"71";"2";"1";"1";6;46;4
"18128";"202100018128";9;"15:55";"1";"71";"2";"3";"1";6;46;4
"18129";"202100018129";9;"12:10";"1";"64";"2";"1";"2";3;43;0
"18130";"202100018130";9;"18:30";"1";"64";"2";"1";"1";7;43;-1
"18131";"202100018131";9;"04:18";"5";"64";"2";"1";"8";2;43;-1
"18132";"202100018132";9;"12:00";"1";"62";"2";"1";"1";2;50;1
"18133";"202100018133";9;"17:55";"1";"59";"2";"1";"1";6;50;3
"18134";"202100018134";9;"03:00";"5";"59";"2";"2";"1";3;50;3
"18135";"202100018135";9;"16:43";"1";"54";"2";"1";"1";2;48;6
"18136";"202100018136";9;"17:00";"1";"51";"2";"6";"1";1;49;4
"18137";"202100018137";9;"19:05";"1";"51";"2";"1";"1";3;49;4
"18138";"202100018138";9;"07:25";"1";"51";"2";"1";"1";1;49;3
"18139";"202100018139";9;"11:00";"1";"45";"2";"1";"1";3;47;1
"18140";"202100018140";9;"19:15";"1";"45";"1";"2";"1";5;47;1
"18141";"202100018141";9;"18:10";"1";"37";"2";"3";"8";3;47;0
"18142";"202100018142";9;"20:40";"2";"35";"2";"2";"1";5;48;-1
"18143";"202100018143";9;"19:10";"1";"35";"1";"1";"2";2;48;-1
"18144";"202100018144";9;"12:20";"1";"33";"2";"1";"2";2;44;-1
"18145";"202100018145";9;"20:08";"5";"31";"2";"1";"2";5;43;1
"18146";"202100018146";9;"17:45";"1";"31";"2";"1";"3";6;43;1
"18147";"202100018147";9;"02:00";"5";"31";"2";"1";"1";6;43;1
"18148";"202100018148";9;"13:00";"1";"29";"2";"1";"1";6;47;-4
"18149";"202100018149";9;"16:15";"1";"29";"1";"2";"8";7;47;-3
"18150";"202100018150";9;"07:54";"2";"29";"2";"9";"1";6;48;-4
"18151";"202100018151";9;"10:00";"1";"28";"2";"1";"1";6;48;1
"18152";"202100018152";9;"19:53";"2";"26";"2";"3";"1";1;44;4
"18153";"202100018153";9;"10:30";"1";"25";"2";"9";"1";3;47;6
"18154";"202100018154";9;"18:25";"1";"23";"2";"9";"3";6;46;1
"18155";"202100018155";9;"16:10";"1";"17";"2";"1";"1";2;46;-1
"18156";"202100018156";9;"06:55";"3";"17";"1";"1";"2";6;46;-1
"18157";"202100018157";9;"22:40";"5";"13";"2";"2";"2";3;43;5
"18158";"202100018158";9;"13:35";"1";"13";"2";"1";"1";1;43;5
"18159";"202100018159";9;"03:55";"3";"13";"2";"1";"1";3;43;5
"18160";"202100018160";9;"01:12";"5";"13";"2";"9";"1";3;43;5
"18161";"202100018161";9;"16:50";"1";"13";"2";"9";"1";6;43;5
"18162";"202100018162";9;"16:00";"1";"13";"2";"1";"1";1;43;5
"18163";"202100018163";9;"11:10";"1";"13";"2";"3";"1";3;43;5
"18164";"202100018164";9;"09:45";"1";"13";"2";"1";"1";3;43;4
"18165";"202100018165";9;"22:00";"5";"10";"2";"2";"1";3;48;4
"18166";"202100018166";9;"06:24";"5";"06";"2";"1";"1";6;43;7
"18167";"202100018167";9;"11:50";"1";"75";"2";"1";"1";4;48;2
"18168";"202100018168";9;"19:25";"1";"75";"2";"3";"1";2;48;2
"18169";"202100018169";9;"23:47";"5";"75";"2";"5";"1";2;48;2
"18170";"202100018170";9;"16:25";"1";"75";"2";"1";"1";6;48;2
"18171";"202100018171";9;"13:30";"1";"75";"2";"4";"1";6;48;2
"18172";"202100018172";9;"21:30";"5";"75";"2";"2";"1";3;48;2
"18173";"202100018173";9;"09:47";"1";"75";"2";"1";"1";3;48;2
"18174";"202100018174";9;"19:40";"2";"75";"2";"3";"1";3;48;2
"18175";"202100018175";9;"16:05";"1";"75";"2";"1";"1";6;48;2
"18176";"202100018176";9;"18:30";"1";"75";"2";"2";"1";3;48;2
"18177";"202100018177";9;"19:00";"1";"75";"2";"1";"1";3;48;2
"18178";"202100018178";9;"04:30";"5";"75";"2";"2";"1";3;48;2
"18179";"202100018179";9;"21:55";"5";"75";"2";"4";"1";6;48;2
"18180";"202100018180";9;"14:15";"1";"75";"2";"5";"1";6;48;2
"18181";"202100018181";9;"20:45";"5";"75";"2";"3";"1";3;48;2
"18182";"202100018182";9;"16:50";"1";"75";"2";"2";"1";4;48;2
"18183";"202100018183";9;"01:20";"5";"75";"2";"2";"1";3;48;2
"18184";"202100018184";9;"12:15";"1";"75";"2";"1";"1";6;48;2
"18185";"202100018185";9;"20:10";"5";"75";"2";"2";"1";3;48;2
"18186";"202100018186";9;"18:00";"1";"94";"2";"1";"1";1;48;2
"18187";"202100018187";9;"17:50";"1";"94";"2";"1";"1";2;48;2
"18188";"202100018188";9;"07:00";"5";"94";"2";"1";"1";1;48;2
"18189";"202100018189";9;"05:30";"5";"94";"2";"3";"1";3;48;2
"18190";"202100018190";9;"09:50";"1";"94";"2";"1";"1";1;48;2