"";"Num_Acc";"mois";"hrmn";"lum";"dep";"agg";"int";"atm";"col";"lat";"long"
"18191";"202100018191";9;"11:11";"1";"93";"2";"2";"1";3;48;2
"18192";"202100018192";9;"14:40";"1";"93";"1";"1";"1";6;48;2
"18193";"202100018193";9;"02:30";"5";"93";"2";"1";"1";2;48;2
"18194";"202100018194";9;"09:40";"1";"93";"2";"2";"1";6;48;2
"18195";"202100018195";9;"00:50";"5";"92";"2";"1";"1";6;48;2
"18196";"202100018196";9;"16:40";"1";"92";"2";"3";"1";3;48;2
"18197";"202100018197";9;"19:35";"2";"92";"2";"1";"8";3;48;2
"18198";"202100018198";9;"16:55";"1";"92";"2";"6";"1";3;48;2
"18199";"202100018199";9;"17:50";"1";"92";"2";"2";"1";3;48;2
"18200";"202100018200";9;"15:00";"1";"13";"1";"1";"1";2;43;5
"18201";"202100018201";9;"17:10";"1";"13";"1";"1";"1";2;43;5
"18202";"202100018202";9;"19:10";"2";"13";"1";"1";"1";6;43;5
"18203";"202100018203";9;"15:45";"1";"13";"1";"1";"1";2;43;5
"18204";"202100018204";9;"02:40";"3";"69";"1";"1";"1";2;45;4
"18205";"202100018205";9;"21:02";"3";"33";"1";"1";"2";6;44;0
"18206";"202100018206";9;"17:00";"1";"33";"1";"1";"2";2;44;0
"18207";"202100018207";9;"18:00";"1";"91";"1";"1";"1";3;48;2
"18208";"202100018208";9;"15:35";"1";"91";"1";"1";"1";2;48;2
"18209";"202100018209";9;"05:50";"3";"94";"1";"1";"1";6;48;2
"18210";"202100018210";9;"12:20";"1";"78";"1";"1";"1";6;48;2
"18211";"202100018211";9;"16:15";"1";"93";"1";"1";"1";3;48;2
"18212";"202100018212";9;"12:20";"1";"94";"1";"1";"1";3;48;2
"18213";"202100018213";9;"21:00";"3";"93";"1";"1";"1";4;48;2
"18214";"202100018214";9;"15:45";"1";"94";"1";"1";"1";2;48;2
"18215";"202100018215";9;"16:35";"1";"54";"2";"9";"1";6;48;6
"18216";"202100018216";9;"01:45";"3";"974";"2";"1";"1";2;-21;55
"18217";"202100018217";9;"21:00";"3";"62";"1";"1";"1";1;50;2
"18218";"202100018218";9;"07:30";"2";"80";"1";"1";"1";6;50;1
"18219";"202100018219";9;"17:30";"1";"17";"1";"2";"1";3;45;0
"18220";"202100018220";9;"12:00";"1";"06";"2";"1";"1";6;43;7
"18221";"202100018221";9;"14:50";"1";"57";"1";"2";"1";3;48;6
"18222";"202100018222";9;"00:40";"3";"83";"1";"1";"1";2;43;6
"18223";"202100018223";9;"20:10";"2";"85";"2";"3";"1";1;46;0
"18224";"202100018224";9;"01:00";"3";"62";"1";"9";"1";6;50;2
"18225";"202100018225";9;"10:25";"1";"27";"2";"3";"7";6;48;1
"18226";"202100018226";9;"23:30";"3";"35";"1";"1";"2";2;48;-1
"18227";"202100018227";9;"10:10";"1";"12";"1";"4";"5";1;44;2
"18228";"202100018228";9;"01:37";"3";"68";"1";"1";"1";7;47;7
"18229";"202100018229";9;"15:00";"1";"68";"1";"6";"1";2;47;7
"18230";"202100018230";9;"15:40";"1";"974";"1";"1";"1";5;-21;55
"18231";"202100018231";9;"04:35";"3";"22";"1";"1";"1";7;48;-2
"18232";"202100018232";9;"17:20";"1";"37";"1";"1";"2";6;47;0
"18233";"202100018233";9;"21:30";"3";"62";"2";"1";"1";7;50;2
"18234";"202100018234";9;"11:30";"1";"74";"1";"2";"1";3;46;6
"18235";"202100018235";9;"22:30";"3";"51";"1";"1";"1";7;49;3
"18236";"202100018236";9;"06:50";"2";"59";"2";"1";"1";6;50;3
"18237";"202100018237";9;"09:45";"1";"56";"1";"1";"5";4;47;-2
"18238";"202100018238";8;"17:30";"1";"56";"1";"2";"1";3;47;-2
"18239";"202100018239";9;"12:55";"1";"76";"1";"1";"1";6;49;1
"18240";"202100018240";9;"19:00";"1";"60";"1";"1";"1";7;49;2
"18241";"202100018241";9;"12:15";"1";"33";"2";"1";"3";7;44;0
"18242";"202100018242";9;"01:50";"3";"63";"1";"1";"2";6;45;3
"18243";"202100018243";9;"07:45";"1";"55";"1";"1";"1";6;49;5
"18244";"202100018244";9;"23:56";"3";"49";"1";"1";"1";6;47;0
"18245";"202100018245";9;"19:45";"2";"68";"1";"1";"2";7;47;7
"18246";"202100018246";9;"11:15";"1";"44";"2";"1";"1";7;47;-1
"18247";"202100018247";9;"21:06";"5";"29";"2";"1";"2";6;48;-4
"18248";"202100018248";9;"10:35";"1";"31";"1";"1";"2";6;43;0
"18249";"202100018249";9;"18:00";"1";"38";"2";"2";"7";3;45;6
"18250";"202100018250";9;"17:35";"1";"02";"1";"1";"1";1;49;3
"18251";"202100018251";9;"13:25";"1";"70";"1";"1";"2";6;47;6
"18252";"202100018252";8;"23:30";"3";"83";"1";"1";"1";7;43;6
"18253";"202100018253";9;"15:48";"1";"09";"1";"1";"1";1;43;0
"18254";"202100018254";9;"11:15";"1";"09";"1";"1";"1";7;42;1
"18255";"202100018255";9;"06:30";"2";"10";"1";"1";"1";6;48;4
"18256";"202100018256";9;"17:52";"1";"88";"1";"1";"1";7;47;6
"18257";"202100018257";9;"20:00";"3";"77";"1";"1";"8";1;48;2
"18258";"202100018258";9;"10:10";"1";"01";"1";"1";"1";7;46;5
"18259";"202100018259";9;"14:40";"1";"06";"2";"9";"1";3;43;7
"18260";"202100018260";9;"08:45";"1";"17";"1";"2";"1";3;45;0
"18261";"202100018261";9;"17:45";"1";"17";"1";"1";"1";2;45;0
"18262";"202100018262";9;"21:10";"3";"988";"1";"1";"1";6;-21;165
"18263";"202100018263";9;"19:45";"3";"986";"1";"3";"1";7;-13;-176
"18264";"202100018264";9;"17:10";"1";"973";"2";"1";"1";1;5;-54
"18265";"202100018265";9;"13:00";"1";"971";"1";"1";"3";7;16;-61
"18266";"202100018266";9;"09:00";"1";"37";"2";"1";"2";2;47;0
"18267";"202100018267";9;"06:00";"2";"78";"1";"1";"1";1;48;1
"18268";"202100018268";9;"20:15";"2";"2A";"1";"1";"1";1;41;9
"18269";"202100018269";9;"06:35";"3";"66";"1";"9";"1";6;42;3
"18270";"202100018270";9;"19:10";"2";"30";"2";"1";"2";7;44;4
"18271";"202100018271";9;"01:00";"3";"84";"1";"1";"1";7;43;5
"18272";"202100018272";9;"19:15";"1";"13";"2";"1";"1";6;43;4
"18273";"202100018273";9;"09:45";"1";"88";"1";"3";"1";6;48;6
"18274";"202100018274";9;"15:45";"1";"74";"2";"4";"1";1;46;6
"18275";"202100018275";9;"10:20";"1";"26";"2";"1";"1";6;44;5
"18276";"202100018276";9;"17:00";"1";"01";"1";"1";"1";1;45;5
"18277";"202100018277";9;"17:45";"2";"69";"2";"6";"7";3;45;4
"18278";"202100018278";9;"13:00";"1";"81";"1";"1";"2";6;43;1
"18279";"202100018279";9;"14:00";"1";"46";"1";"1";"2";3;44;2
"18280";"202100018280";9;"04:30";"3";"32";"1";"1";"1";6;43;0
"18281";"202100018281";9;"17:00";"1";"50";"2";"1";"1";3;48;-1
"18282";"202100018282";9;"00:00";"3";"80";"1";"1";"1";7;49;2
"18283";"202100018283";9;"12:00";"1";"69";"2";"3";"1";3;45;4
"18284";"202100018284";9;"16:15";"1";"54";"2";"1";"1";6;49;5
"18285";"202100018285";9;"22:10";"5";"33";"2";"1";"1";6;44;-1
"18286";"202100018286";9;"12:50";"1";"93";"2";"3";"1";3;48;2
"18287";"202100018287";9;"00:30";"5";"62";"2";"1";"1";6;50;2
"18288";"202100018288";9;"17:35";"1";"45";"2";"1";"2";6;47;1
"18289";"202100018289";9;"08:30";"1";"974";"1";"1";"1";2;-21;55
"18290";"202100018290";9;"06:00";"2";"974";"2";"2";"1";3;-20;55
"18291";"202100018291";9;"12:45";"1";"974";"1";"1";"1";2;-20;55
"18292";"202100018292";9;"14:49";"1";"973";"2";"1";"1";3;4;-52
"18293";"202100018293";9;"08:00";"1";"973";"2";"1";"1";3;4;-52
"18294";"202100018294";9;"07:30";"1";"973";"2";"1";"1";3;4;-52
"18295";"202100018295";9;"20:46";"5";"973";"2";"1";"1";3;4;-52
"18296";"202100018296";9;"18:20";"1";"69";"2";"1";"1";3;45;4
"18297";"202100018297";9;"18:05";"1";"69";"2";"2";"1";3;45;4
"18298";"202100018298";9;"11:15";"1";"69";"2";"2";"1";3;45;4
"18299";"202100018299";9;"11:30";"1";"69";"2";"2";"1";3;45;4
"18300";"202100018300";9;"10:00";"1";"69";"2";"2";"1";3;45;4
"18301";"202100018301";9;"08:00";"1";"69";"2";"3";"8";2;45;4
"18302";"202100018302";9;"17:30";"1";"69";"2";"4";"1";6;45;4
"18303";"202100018303";9;"13:37";"1";"2A";"2";"1";"1";3;41;8
"18304";"202100018304";9;"13:50";"1";"91";"2";"1";"1";1;48;2
"18305";"202100018305";9;"18:25";"1";"91";"2";"1";"1";3;48;2
"18306";"202100018306";9;"13:40";"1";"91";"2";"1";"1";3;48;2
"18307";"202100018307";9;"17:40";"1";"91";"2";"1";"1";2;48;2
"18308";"202100018308";9;"19:20";"1";"91";"2";"1";"1";1;48;2
"18309";"202100018309";9;"08:15";"1";"91";"1";"1";"1";2;48;2
"18310";"202100018310";9;"14:23";"1";"87";"2";"9";"2";7;45;1
"18311";"202100018311";9;"09:30";"1";"86";"2";"1";"1";3;46;0
"18312";"202100018312";9;"20:55";"3";"83";"2";"1";"1";7;43;5
"18313";"202100018313";9;"07:55";"1";"83";"2";"1";"7";6;43;5
"18314";"202100018314";9;"12:25";"1";"83";"2";"1";"1";6;43;5
"18315";"202100018315";9;"01:45";"5";"77";"2";"3";"1";3;48;2
"18316";"202100018316";9;"12:20";"1";"76";"1";"1";"1";1;49;1
"18317";"202100018317";9;"06:30";"2";"71";"2";"1";"1";7;46;4
"18318";"202100018318";9;"18:29";"1";"69";"2";"1";"1";6;45;5
"18319";"202100018319";9;"09:45";"1";"69";"2";"1";"1";4;45;4
"18320";"202100018320";9;"09:05";"1";"69";"2";"1";"1";6;45;4
"18321";"202100018321";9;"09:30";"1";"67";"2";"1";"8";6;48;7
"18322";"202100018322";9;"08:50";"1";"67";"2";"1";"1";6;48;7
"18323";"202100018323";9;"08:10";"1";"67";"2";"1";"1";2;48;7
"18324";"202100018324";9;"23:25";"4";"67";"2";"1";"1";6;48;7
"18325";"202100018325";9;"11:30";"1";"67";"2";"1";"1";3;48;7
"18326";"202100018326";9;"13:44";"1";"65";"2";"1";"1";4;43;0
"18327";"202100018327";9;"22:00";"5";"64";"2";"1";"1";7;43;-1
"18328";"202100018328";9;"08:40";"1";"62";"2";"2";"1";3;50;2
"18329";"202100018329";9;"15:30";"1";"60";"2";"6";"1";3;49;2
"18330";"202100018330";9;"12:14";"1";"60";"2";"1";"1";6;49;2
"18331";"202100018331";9;"11:50";"1";"59";"2";"1";"1";3;50;3
"18332";"202100018332";8;"04:15";"5";"59";"2";"1";"1";7;50;3
"18333";"202100018333";9;"20:40";"3";"59";"2";"1";"1";1;50;3
"18334";"202100018334";9;"20:40";"5";"59";"2";"3";"1";1;50;3
"18335";"202100018335";9;"05:10";"5";"59";"2";"2";"1";3;50;3
"18336";"202100018336";9;"19:15";"1";"59";"2";"1";"1";3;50;2
"18337";"202100018337";9;"10:10";"1";"56";"2";"1";"1";6;47;-3
"18338";"202100018338";9;"18:15";"1";"56";"2";"1";"1";6;47;-3
"18339";"202100018339";9;"17:45";"1";"56";"1";"1";"1";2;47;-3
"18340";"202100018340";9;"17:10";"1";"56";"2";"1";"1";3;47;-3
"18341";"202100018341";9;"16:40";"1";"56";"2";"6";"1";3;47;-3
"18342";"202100018342";9;"18:20";"1";"56";"2";"1";"1";3;47;-3
"18343";"202100018343";9;"19:15";"1";"54";"2";"1";"1";1;48;6
"18344";"202100018344";9;"19:00";"2";"54";"2";"1";"1";4;48;6
"18345";"202100018345";9;"16:20";"1";"54";"2";"1";"1";6;48;6
"18346";"202100018346";9;"08:00";"1";"53";"2";"1";"1";6;48;0
"18347";"202100018347";9;"15:57";"1";"51";"2";"2";"1";3;49;4
"18348";"202100018348";9;"19:20";"1";"50";"2";"2";"1";3;49;-1
"18349";"202100018349";9;"17:59";"1";"49";"2";"1";"1";6;47;0
"18350";"202100018350";9;"17:45";"1";"49";"2";"1";"1";6;47;0
"18351";"202100018351";9;"15:35";"1";"49";"2";"2";"1";3;47;0
"18352";"202100018352";9;"21:10";"3";"44";"1";"1";"1";4;47;-2
"18353";"202100018353";9;"19:20";"2";"44";"2";"1";"1";2;47;-1
"18354";"202100018354";9;"09:50";"1";"44";"2";"1";"1";2;47;-1
"18355";"202100018355";9;"11:30";"1";"37";"2";"1";"1";6;47;0
"18356";"202100018356";9;"19:55";"2";"37";"2";"1";"1";7;47;0
"18357";"202100018357";9;"14:30";"1";"37";"2";"1";"1";6;47;0
"18358";"202100018358";9;"05:55";"5";"37";"2";"1";"1";7;47;0
"18359";"202100018359";9;"10:45";"1";"35";"2";"2";"1";2;48;-1
"18360";"202100018360";9;"07:45";"2";"35";"2";"1";"1";6;48;-1
"18361";"202100018361";9;"01:00";"3";"34";"2";"1";"1";6;43;3
"18362";"202100018362";9;"01:50";"5";"33";"2";"2";"1";3;44;0
"18363";"202100018363";9;"08:50";"1";"33";"2";"1";"1";2;44;0
"18364";"202100018364";9;"07:30";"1";"33";"2";"3";"1";2;44;0
"18365";"202100018365";9;"16:30";"1";"31";"1";"1";"1";2;43;1
"18366";"202100018366";9;"14:34";"1";"29";"2";"1";"2";6;47;-4
"18367";"202100018367";9;"08:00";"1";"28";"2";"1";"7";6;48;1
"18368";"202100018368";9;"08:28";"1";"28";"2";"9";"1";3;48;1
"18369";"202100018369";9;"13:20";"1";"28";"2";"3";"1";2;48;1
"18370";"202100018370";9;"13:50";"1";"27";"2";"1";"1";6;49;1
"18371";"202100018371";9;"22:40";"5";"25";"2";"6";"1";3;46;6
"18372";"202100018372";9;"17:35";"1";"25";"2";"3";"1";3;46;6
"18373";"202100018373";9;"14:45";"1";"25";"1";"1";"1";1;46;6
"18374";"202100018374";9;"20:30";"5";"25";"2";"1";"1";3;47;6
"18375";"202100018375";9;"17:30";"1";"25";"2";"1";"1";2;47;5
"18376";"202100018376";9;"12:10";"1";"25";"2";"1";"1";6;47;5
"18377";"202100018377";9;"16:41";"1";"17";"2";"1";"1";3;46;-1
"18378";"202100018378";9;"21:15";"5";"14";"2";"1";"1";3;49;0
"18379";"202100018379";9;"23:59";"5";"13";"2";"3";"1";3;43;5
"18380";"202100018380";9;"14:30";"1";"13";"2";"1";"1";3;43;5
"18381";"202100018381";9;"18:20";"1";"13";"2";"1";"1";1;43;5
"18382";"202100018382";9;"16:45";"1";"13";"2";"3";"1";2;43;5
"18383";"202100018383";9;"13:55";"1";"13";"1";"1";"1";2;43;4
"18384";"202100018384";9;"08:00";"1";"13";"2";"2";"8";3;43;5
"18385";"202100018385";9;"18:00";"1";"10";"2";"1";"1";1;48;4
"18386";"202100018386";9;"00:15";"5";"06";"2";"1";"1";1;43;7
"18387";"202100018387";9;"17:35";"1";"06";"2";"2";"1";3;43;6
"18388";"202100018388";9;"07:45";"1";"06";"2";"1";"1";3;43;6
"18389";"202100018389";9;"14:48";"1";"06";"2";"1";"1";6;43;7
"18390";"202100018390";9;"08:32";"1";"05";"2";"1";"3";2;44;6
"18391";"202100018391";9;"00:40";"5";"05";"2";"6";"2";6;44;6
"18392";"202100018392";9;"08:45";"1";"75";"2";"1";"1";5;48;2
"18393";"202100018393";9;"11:50";"1";"75";"2";"1";"2";7;48;2
"18394";"202100018394";9;"15:00";"1";"75";"2";"1";"1";7;48;2
"18395";"202100018395";9;"16:25";"1";"75";"2";"2";"1";6;48;2
"18396";"202100018396";9;"00:25";"5";"75";"2";"2";"1";3;48;2
"18397";"202100018397";9;"20:45";"5";"75";"2";"4";"1";1;48;2
"18398";"202100018398";9;"21:30";"5";"75";"2";"3";"1";6;48;2
"18399";"202100018399";9;"20:30";"5";"75";"2";"3";"1";3;48;2
"18400";"202100018400";9;"19:45";"1";"75";"2";"3";"1";1;48;2
"18401";"202100018401";9;"15:10";"1";"75";"2";"2";"1";3;48;2
"18402";"202100018402";9;"08:35";"1";"75";"2";"4";"1";6;48;2
"18403";"202100018403";9;"06:15";"5";"75";"2";"3";"1";3;48;2
"18404";"202100018404";9;"13:00";"1";"75";"2";"4";"1";1;48;2
"18405";"202100018405";9;"21:40";"5";"75";"2";"1";"1";2;48;2
"18406";"202100018406";9;"11:15";"1";"75";"2";"3";"1";2;48;2
"18407";"202100018407";9;"17:20";"1";"75";"2";"2";"1";3;48;2
"18408";"202100018408";9;"15:18";"1";"75";"2";"2";"1";3;48;2
"18409";"202100018409";9;"09:20";"1";"75";"2";"2";"1";2;48;2
"18410";"202100018410";9;"04:20";"5";"94";"2";"1";"1";6;48;2
"18411";"202100018411";9;"18:45";"1";"94";"2";"2";"1";3;48;2
"18412";"202100018412";9;"08:10";"1";"94";"2";"6";"1";3;48;2
"18413";"202100018413";9;"15:00";"1";"94";"2";"1";"1";6;48;2
"18414";"202100018414";9;"21:30";"5";"94";"2";"1";"1";6;48;2
"18415";"202100018415";9;"17:12";"1";"94";"2";"3";"1";2;48;2
"18416";"202100018416";9;"08:30";"1";"94";"1";"1";"1";2;48;2
"18417";"202100018417";9;"07:15";"1";"94";"2";"3";"1";2;48;2
"18418";"202100018418";9;"09:10";"1";"94";"2";"9";"2";2;48;2
"18419";"202100018419";9;"16:00";"1";"94";"2";"9";"1";6;48;2
"18420";"202100018420";9;"09:20";"1";"93";"2";"9";"1";1;48;2
"18421";"202100018421";9;"14:45";"1";"93";"2";"1";"1";3;48;2
"18422";"202100018422";9;"11:20";"1";"93";"2";"1";"1";1;48;2
"18423";"202100018423";9;"08:40";"1";"93";"2";"1";"1";6;48;2
"18424";"202100018424";9;"00:20";"5";"93";"2";"1";"1";3;48;2
"18425";"202100018425";9;"20:50";"5";"93";"2";"1";"1";3;48;2
"18426";"202100018426";9;"15:00";"1";"93";"2";"1";"1";5;48;2
"18427";"202100018427";9;"16:45";"1";"93";"2";"1";"1";1;48;2
"18428";"202100018428";9;"19:00";"1";"93";"2";"3";"1";2;48;2
"18429";"202100018429";9;"18:05";"1";"93";"2";"1";"1";3;48;2
"18430";"202100018430";9;"07:28";"5";"93";"2";"3";"1";6;48;2
"18431";"202100018431";9;"13:49";"1";"93";"2";"9";"1";3;48;2
"18432";"202100018432";9;"19:10";"1";"92";"2";"2";"1";3;48;2
"18433";"202100018433";9;"18:25";"1";"92";"2";"1";"1";6;48;2
"18434";"202100018434";9;"15:54";"1";"92";"2";"6";"1";3;48;2
"18435";"202100018435";9;"16:15";"1";"92";"2";"1";"1";3;48;2
"18436";"202100018436";9;"19:02";"1";"92";"2";"1";"1";3;48;2
"18437";"202100018437";9;"02:33";"5";"92";"2";"1";"1";6;48;2
"18438";"202100018438";9;"17:20";"1";"92";"2";"2";"1";3;48;2
"18439";"202100018439";9;"21:30";"5";"92";"2";"1";"1";2;48;2
"18440";"202100018440";9;"15:20";"1";"92";"2";"1";"1";6;48;2
"18441";"202100018441";9;"22:15";"5";"92";"2";"2";"1";3;48;2
"18442";"202100018442";9;"09:00";"1";"92";"2";"1";"2";1;48;2
"18443";"202100018443";9;"00:37";"5";"92";"2";"5";"1";3;48;2
"18444";"202100018444";9;"23:00";"5";"92";"2";"1";"1";6;48;2
"18445";"202100018445";9;"07:55";"1";"92";"2";"2";"1";6;48;2
"18446";"202100018446";9;"14:00";"1";"80";"1";"1";"1";6;50;1
"18447";"202100018447";9;"17:10";"1";"76";"1";"1";"1";3;49;0
"18448";"202100018448";9;"22:17";"5";"68";"2";"1";"1";7;47;7
"18449";"202100018449";9;"08:20";"1";"83";"1";"1";"7";6;43;6
"18450";"202100018450";9;"00:38";"3";"44";"1";"1";"1";6;47;-1
"18451";"202100018451";9;"15:30";"1";"83";"1";"1";"1";7;43;5
"18452";"202100018452";9;"18:46";"2";"57";"2";"1";"7";6;48;7
"18453";"202100018453";9;"20:40";"3";"51";"1";"1";"1";1;49;3
"18454";"202100018454";9;"11:30";"1";"56";"2";"1";"1";3;47;-2
"18455";"202100018455";9;"00:00";"3";"76";"1";"2";"1";3;49;0
"18456";"202100018456";9;"09:15";"1";"2B";"1";"1";"1";7;42;9
"18457";"202100018457";9;"08:45";"1";"63";"2";"9";"7";6;45;2
"18458";"202100018458";9;"02:00";"3";"55";"1";"1";"1";6;48;5
"18459";"202100018459";9;"01:20";"3";"86";"1";"3";"1";2;46;0
"18460";"202100018460";9;"01:50";"5";"34";"2";"2";"1";2;43;3
"18461";"202100018461";9;"17:30";"1";"68";"1";"9";"1";4;47;7
"18462";"202100018462";9;"09:15";"1";"68";"2";"6";"1";3;47;7
"18463";"202100018463";9;"15:30";"1";"39";"1";"1";"1";1;46;6
"18464";"202100018464";9;"21:20";"3";"35";"1";"3";"1";6;48;-1
"18465";"202100018465";8;"11:49";"1";"01";"1";"3";"1";6;46;5
"18466";"202100018466";9;"02:30";"3";"50";"1";"1";"8";7;48;-1
"18467";"202100018467";9;"17:30";"1";"64";"1";"1";"2";6;43;-1
"18468";"202100018468";9;"15:00";"1";"43";"2";"2";"1";3;45;4
"18469";"202100018469";9;"19:10";"3";"16";"1";"1";"1";6;46;0
"18470";"202100018470";9;"16:30";"1";"07";"1";"1";"1";3;44;4
"18471";"202100018471";9;"15:40";"1";"07";"1";"1";"1";1;44;4
"18472";"202100018472";9;"23:00";"3";"24";"1";"1";"1";1;45;0
"18473";"202100018473";9;"10:45";"1";"28";"1";"2";"1";1;48;1
"18474";"202100018474";9;"21:30";"5";"28";"1";"3";"1";3;48;1
"18475";"202100018475";9;"18:30";"1";"28";"1";"1";"1";7;48;1
"18476";"202100018476";9;"18:20";"1";"68";"2";"1";"1";1;47;7
"18477";"202100018477";9;"14:55";"1";"38";"1";"1";"1";2;45;5
"18478";"202100018478";9;"17:40";"1";"69";"2";"1";"7";3;45;4
"18479";"202100018479";9;"06:45";"1";"01";"1";"1";"1";2;45;5
"18480";"202100018480";9;"00:20";"3";"67";"1";"9";"1";6;48;7
"18481";"202100018481";9;"16:05";"1";"13";"1";"1";"1";2;43;5
"18482";"202100018482";9;"13:50";"1";"27";"1";"9";"1";2;49;0
"18483";"202100018483";9;"01:20";"3";"988";"2";"1";"1";7;-21;164
"18484";"202100018484";9;"18:00";"1";"988";"1";"1";"1";6;-21;166
"18485";"202100018485";9;"20:00";"5";"971";"1";"1";"1";6;16;-61
"18486";"202100018486";9;"11:25";"1";"971";"1";"2";"1";6;16;-61
"18487";"202100018487";7;"14:00";"1";"971";"1";"1";"1";1;16;-61
"18488";"202100018488";9;"17:15";"1";"37";"1";"1";"1";6;47;0
"18489";"202100018489";8;"18:20";"1";"2A";"1";"1";"1";6;41;9
"18490";"202100018490";9;"16:05";"1";"66";"1";"1";"2";6;42;2
"18491";"202100018491";9;"13:25";"1";"34";"1";"1";"1";1;43;3
"18492";"202100018492";9;"08:10";"1";"34";"2";"3";"7";3;43;3
"18493";"202100018493";9;"15:45";"1";"05";"1";"1";"1";5;44;5
"18494";"202100018494";9;"14:50";"1";"68";"2";"1";"1";3;47;7
"18495";"202100018495";9;"18:30";"1";"67";"2";"1";"1";6;48;7
"18496";"202100018496";9;"20:50";"3";"88";"1";"1";"1";2;48;5
"18497";"202100018497";9;"07:30";"1";"55";"1";"1";"8";6;48;5
"18498";"202100018498";9;"15:55";"1";"38";"2";"2";"1";3;45;4
"18499";"202100018499";9;"02:25";"3";"26";"1";"1";"1";7;44;4
"18500";"202100018500";9;"18:40";"1";"17";"1";"2";"1";2;45;0
"18501";"202100018501";9;"15:00";"1";"33";"1";"1";"1";6;45;0
"18502";"202100018502";9;"09:35";"1";"50";"2";"1";"1";6;49;-1
"18503";"202100018503";9;"12:20";"1";"14";"1";"2";"1";3;49;0
"18504";"202100018504";9;"10:45";"1";"80";"1";"1";"1";1;50;1
"18505";"202100018505";9;"17:10";"1";"59";"2";"1";"1";6;50;3
"18506";"202100018506";9;"18:15";"1";"59";"2";"2";"7";1;50;3
"18507";"202100018507";9;"15:15";"1";"59";"2";"1";"7";3;50;2
"18508";"202100018508";9;"15:37";"1";"13";"1";"1";"1";5;43;5
"18509";"202100018509";9;"03:45";"5";"13";"1";"1";"1";5;43;5
"18510";"202100018510";9;"06:05";"5";"13";"1";"1";"1";6;43;5
"18511";"202100018511";9;"19:30";"1";"69";"1";"1";"1";3;45;4
"18512";"202100018512";9;"08:40";"1";"33";"1";"1";"1";6;44;0
"18513";"202100018513";9;"07:10";"2";"59";"1";"1";"1";6;50;3
"18514";"202100018514";9;"18:09";"1";"94";"1";"1";"1";2;48;2
"18515";"202100018515";9;"16:45";"1";"94";"1";"1";"1";2;48;2
"18516";"202100018516";9;"12:00";"1";"94";"1";"1";"1";2;48;2
"18517";"202100018517";9;"07:50";"1";"27";"2";"1";"1";6;49;1
"18518";"202100018518";9;"06:50";"1";"974";"1";"1";"1";1;-21;55
"18519";"202100018519";9;"15:05";"1";"974";"2";"1";"1";6;-21;55
"18520";"202100018520";9;"09:45";"1";"974";"2";"1";"1";2;-20;55
"18521";"202100018521";9;"18:05";"1";"973";"2";"1";"1";2;4;-52
"18522";"202100018522";9;"21:00";"5";"69";"2";"1";"8";2;45;4
"18523";"202100018523";9;"18:15";"1";"69";"2";"2";"2";3;45;4
"18524";"202100018524";9;"17:00";"1";"69";"2";"2";"8";6;45;4
"18525";"202100018525";9;"07:00";"2";"69";"2";"4";"1";3;45;4
"18526";"202100018526";9;"04:50";"5";"69";"2";"9";"1";6;45;4
"18527";"202100018527";9;"15:30";"1";"69";"2";"1";"2";3;45;4
"18528";"202100018528";9;"14:30";"1";"69";"2";"1";"3";6;45;4
"18529";"202100018529";9;"20:50";"5";"971";"2";"1";"2";7;16;-61
"18530";"202100018530";9;"18:20";"1";"91";"1";"1";"2";2;48;2
"18531";"202100018531";9;"00:05";"4";"91";"1";"1";"1";3;48;2
"18532";"202100018532";9;"11:50";"1";"91";"2";"1";"1";3;48;2
"18533";"202100018533";9;"11:00";"1";"88";"2";"1";"2";6;48;6
"18534";"202100018534";9;"17:48";"1";"87";"2";"3";"2";3;45;1
"18535";"202100018535";9;"01:35";"3";"83";"2";"1";"1";3;43;5
"18536";"202100018536";9;"15:40";"1";"78";"2";"2";"1";3;48;2
"18537";"202100018537";9;"13:50";"1";"77";"1";"2";"1";2;48;3
"18538";"202100018538";9;"08:20";"1";"76";"2";"1";"1";6;49;1
"18539";"202100018539";9;"07:55";"1";"76";"2";"3";"1";3;49;1
"18540";"202100018540";9;"13:15";"1";"72";"2";"1";"1";3;48;0
"18541";"202100018541";9;"15:30";"1";"71";"2";"6";"1";6;46;4
"18542";"202100018542";9;"12:15";"1";"71";"2";"6";"1";1;46;4
"18543";"202100018543";9;"16:15";"1";"71";"1";"1";"1";1;46;4
"18544";"202100018544";9;"15:05";"1";"71";"1";"1";"1";1;46;4
"18545";"202100018545";9;"13:17";"1";"71";"2";"1";"1";6;46;4
"18546";"202100018546";9;"15:50";"1";"69";"2";"8";"1";6;45;4
"18547";"202100018547";9;"15:00";"1";"69";"1";"1";"1";5;45;4
"18548";"202100018548";8;"15:20";"1";"69";"2";"2";"1";3;45;4
"18549";"202100018549";9;"06:45";"2";"67";"2";"3";"8";6;48;7
"18550";"202100018550";9;"15:30";"1";"66";"1";"6";"1";3;42;2
"18551";"202100018551";9;"11:50";"1";"64";"2";"1";"2";1;43;-1
"18552";"202100018552";9;"12:10";"1";"64";"2";"1";"3";3;43;0
"18553";"202100018553";9;"07:10";"5";"64";"2";"9";"1";2;43;0
"18554";"202100018554";9;"15:05";"1";"62";"2";"2";"1";3;50;1
"18555";"202100018555";9;"19:15";"1";"62";"2";"9";"1";2;50;1