"";"Num_Acc";"mois";"hrmn";"lum";"dep";"agg";"int";"atm";"col";"lat";"long"
"18556";"202100018556";9;"14:00";"1";"62";"2";"1";"1";1;50;2
"18557";"202100018557";9;"16:21";"1";"61";"2";"3";"1";6;48;0
"18558";"202100018558";9;"19:30";"2";"59";"2";"1";"1";6;50;3
"18559";"202100018559";9;"13:00";"1";"59";"2";"2";"1";3;50;3
"18560";"202100018560";9;"11:40";"1";"59";"1";"1";"1";4;50;3
"18561";"202100018561";9;"02:40";"3";"59";"1";"1";"1";6;50;2
"18562";"202100018562";9;"10:30";"1";"59";"2";"1";"1";6;50;2
"18563";"202100018563";9;"16:00";"1";"58";"2";"1";"1";2;46;3
"18564";"202100018564";9;"12:20";"1";"57";"2";"1";"1";3;49;6
"18565";"202100018565";9;"02:35";"5";"56";"2";"2";"1";3;47;-2
"18566";"202100018566";9;"17:00";"1";"56";"2";"1";"1";1;47;-3
"18567";"202100018567";9;"11:02";"1";"56";"2";"1";"1";7;47;-3
"18568";"202100018568";9;"12:00";"1";"54";"2";"1";"1";6;48;6
"18569";"202100018569";9;"09:10";"1";"54";"2";"2";"1";2;48;6
"18570";"202100018570";9;"08:15";"1";"51";"2";"2";"7";3;49;4
"18571";"202100018571";9;"17:15";"1";"51";"2";"1";"8";1;48;4
"18572";"202100018572";9;"09:20";"1";"50";"1";"1";"2";6;49;-1
"18573";"202100018573";9;"06:45";"5";"49";"2";"1";"1";3;47;0
"18574";"202100018574";9;"04:48";"3";"45";"1";"1";"1";1;47;1
"18575";"202100018575";9;"16:30";"1";"43";"2";"1";"1";1;45;3
"18576";"202100018576";9;"08:50";"1";"37";"2";"1";"1";6;47;0
"18577";"202100018577";9;"09:40";"1";"35";"2";"1";"1";4;48;-1
"18578";"202100018578";9;"17:32";"1";"31";"2";"9";"1";3;43;1
"18579";"202100018579";9;"09:30";"1";"31";"2";"1";"1";2;43;1
"18580";"202100018580";9;"08:05";"2";"31";"2";"1";"1";6;43;1
"18581";"202100018581";9;"19:15";"1";"29";"2";"6";"1";3;48;-4
"18582";"202100018582";9;"07:50";"1";"29";"2";"1";"1";3;48;-4
"18583";"202100018583";9;"15:56";"1";"27";"2";"1";"1";7;49;1
"18584";"202100018584";9;"18:50";"1";"27";"2";"1";"8";7;49;1
"18585";"202100018585";9;"10:45";"1";"27";"2";"1";"1";6;49;1
"18586";"202100018586";9;"17:55";"1";"27";"2";"6";"8";3;49;1
"18587";"202100018587";9;"18:10";"1";"70";"2";"1";"1";2;47;6
"18588";"202100018588";9;"19:50";"2";"24";"2";"3";"1";3;45;0
"18589";"202100018589";9;"09:12";"1";"17";"2";"1";"1";6;45;-1
"18590";"202100018590";9;"11:45";"1";"17";"2";"1";"1";6;46;-1
"18591";"202100018591";9;"08:10";"1";"17";"2";"2";"1";3;46;-1
"18592";"202100018592";9;"07:15";"2";"13";"2";"1";"2";3;43;5
"18593";"202100018593";9;"06:00";"5";"13";"2";"1";"3";1;43;5
"18594";"202100018594";9;"23:30";"3";"13";"1";"1";"2";5;43;4
"18595";"202100018595";9;"07:38";"1";"13";"1";"1";"2";3;43;5
"18596";"202100018596";9;"19:07";"1";"12";"1";"1";"1";1;44;3
"18597";"202100018597";9;"21:48";"5";"10";"2";"1";"1";2;48;4
"18598";"202100018598";9;"16:45";"1";"07";"1";"1";"1";6;44;4
"18599";"202100018599";9;"12:45";"1";"05";"2";"1";"8";6;44;6
"18600";"202100018600";9;"18:00";"1";"03";"1";"4";"1";3;46;3
"18601";"202100018601";9;"19:15";"1";"03";"2";"1";"1";6;46;2
"18602";"202100018602";9;"08:05";"1";"75";"2";"1";"1";3;48;2
"18603";"202100018603";9;"11:35";"1";"75";"2";"1";"1";6;48;2
"18604";"202100018604";9;"16:00";"1";"75";"2";"7";"2";7;48;2
"18605";"202100018605";9;"09:20";"1";"75";"2";"3";"2";6;48;2
"18606";"202100018606";9;"15:00";"1";"75";"2";"4";"1";4;48;2
"18607";"202100018607";9;"20:40";"5";"75";"2";"7";"8";3;48;2
"18608";"202100018608";9;"21:05";"5";"75";"2";"2";"1";5;48;2
"18609";"202100018609";9;"13:00";"1";"75";"2";"4";"1";3;48;2
"18610";"202100018610";9;"10:00";"1";"75";"2";"4";"2";2;48;2
"18611";"202100018611";9;"21:19";"5";"75";"2";"3";"1";6;48;2
"18612";"202100018612";9;"08:40";"1";"75";"2";"3";"1";6;48;2
"18613";"202100018613";9;"13:20";"1";"75";"2";"3";"8";2;48;2
"18614";"202100018614";9;"12:48";"1";"75";"2";"7";"1";6;48;2
"18615";"202100018615";9;"08:15";"1";"75";"2";"2";"1";7;48;2
"18616";"202100018616";9;"09:25";"1";"75";"2";"1";"1";1;48;2
"18617";"202100018617";9;"17:30";"1";"94";"2";"1";"1";3;48;2
"18618";"202100018618";9;"10:40";"1";"94";"2";"2";"2";6;48;2
"18619";"202100018619";9;"16:30";"1";"94";"2";"2";"1";3;48;2
"18620";"202100018620";9;"08:42";"1";"94";"2";"1";"3";1;48;2
"18621";"202100018621";9;"16:50";"1";"93";"2";"1";"1";2;48;2
"18622";"202100018622";9;"16:00";"1";"93";"2";"1";"2";3;48;2
"18623";"202100018623";9;"17:30";"1";"93";"2";"1";"2";6;48;2
"18624";"202100018624";9;"00:11";"5";"93";"2";"1";"1";2;48;2
"18625";"202100018625";9;"12:55";"1";"93";"2";"9";"1";3;48;2
"18626";"202100018626";9;"07:54";"1";"93";"2";"3";"2";5;48;2
"18627";"202100018627";9;"16:45";"1";"92";"2";"3";"1";3;48;2
"18628";"202100018628";9;"13:30";"1";"92";"2";"1";"1";3;48;2
"18629";"202100018629";9;"22:15";"5";"92";"2";"2";"1";3;48;2
"18630";"202100018630";9;"18:35";"1";"92";"2";"1";"1";2;48;2
"18631";"202100018631";9;"17:35";"1";"92";"2";"1";"1";6;48;2
"18632";"202100018632";8;"17:20";"1";"974";"1";"1";"1";1;-21;55
"18633";"202100018633";9;"09:15";"1";"62";"1";"1";"5";7;50;1
"18634";"202100018634";9;"17:30";"1";"62";"2";"1";"1";6;50;2
"18635";"202100018635";8;"18:15";"1";"43";"1";"1";"1";6;45;3
"18636";"202100018636";9;"12:05";"1";"83";"2";"1";"1";6;43;6
"18637";"202100018637";9;"12:45";"1";"85";"2";"2";"1";6;46;-1
"18638";"202100018638";9;"07:30";"2";"83";"2";"3";"1";3;43;6
"18639";"202100018639";9;"07:15";"2";"83";"2";"2";"2";3;43;6
"18640";"202100018640";9;"16:45";"1";"57";"1";"1";"7";7;49;6
"18641";"202100018641";8;"14:50";"1";"57";"1";"1";"1";6;49;6
"18642";"202100018642";9;"18:19";"1";"62";"2";"1";"1";6;50;1
"18643";"202100018643";9;"20:30";"3";"19";"1";"1";"3";7;45;1
"18644";"202100018644";9;"21:00";"2";"19";"1";"1";"3";7;45;1
"18645";"202100018645";9;"11:00";"1";"56";"1";"3";"1";2;47;-3
"18646";"202100018646";9;"11:30";"1";"2B";"1";"2";"1";1;41;9
"18647";"202100018647";9;"17:15";"1";"2B";"1";"1";"2";5;42;9
"18648";"202100018648";9;"15:15";"1";"11";"2";"9";"1";7;42;2
"18649";"202100018649";9;"02:30";"5";"71";"2";"1";"1";6;46;4
"18650";"202100018650";9;"18:50";"1";"42";"1";"1";"3";6;45;4
"18651";"202100018651";9;"13:45";"1";"03";"2";"1";"1";6;46;3
"18652";"202100018652";9;"15:00";"1";"54";"2";"1";"1";7;48;5
"18653";"202100018653";9;"17:45";"1";"14";"1";"1";"1";3;48;0
"18654";"202100018654";9;"23:30";"3";"05";"1";"1";"1";7;44;5
"18655";"202100018655";9;"09:15";"1";"64";"2";"1";"1";7;43;-1
"18656";"202100018656";9;"17:20";"1";"53";"2";"1";"1";1;48;0
"18657";"202100018657";9;"22:00";"3";"24";"2";"1";"1";6;44;1
"18658";"202100018658";9;"14:00";"1";"04";"1";"1";"1";1;43;6
"18659";"202100018659";9;"10:00";"1";"30";"1";"4";"2";1;44;4
"18660";"202100018660";9;"20:22";"3";"973";"1";"1";"1";3;4;-52
"18661";"202100018661";9;"15:40";"1";"76";"1";"1";"1";2;49;0
"18662";"202100018662";9;"15:15";"1";"65";"1";"1";"2";5;43;0
"18663";"202100018663";9;"20:00";"5";"78";"2";"1";"1";7;48;2
"18664";"202100018664";9;"16:05";"1";"01";"1";"1";"1";7;45;5
"18665";"202100018665";9;"19:15";"2";"13";"1";"1";"1";5;43;5
"18666";"202100018666";9;"15:30";"1";"38";"1";"1";"1";3;45;5
"18667";"202100018667";9;"21:20";"5";"974";"1";"1";"2";2;-20;55
"18668";"202100018668";9;"07:28";"2";"13";"1";"1";"1";1;43;5
"18669";"202100018669";9;"08:30";"1";"33";"1";"1";"1";6;44;-1
"18670";"202100018670";9;"12:30";"1";"18";"2";"1";"1";6;46;2
"18671";"202100018671";8;"03:00";"5";"18";"2";"1";"1";6;46;2
"18672";"202100018672";9;"16:50";"1";"30";"2";"3";"1";3;44;4
"18673";"202100018673";9;"16:00";"1";"34";"2";"1";"1";6;43;3
"18674";"202100018674";9;"19:00";"1";"83";"1";"1";"1";1;43;6
"18675";"202100018675";9;"08:30";"1";"83";"2";"1";"1";3;43;6
"18676";"202100018676";9;"15:24";"1";"04";"1";"1";"1";7;43;6
"18677";"202100018677";9;"16:15";"1";"89";"1";"2";"1";3;47;3
"18678";"202100018678";9;"11:10";"1";"68";"2";"1";"8";6;48;7
"18679";"202100018679";9;"20:19";"3";"54";"1";"1";"1";7;48;6
"18680";"202100018680";9;"16:45";"1";"01";"1";"2";"1";3;45;5
"18681";"202100018681";9;"16:25";"1";"81";"1";"1";"1";2;43;1
"18682";"202100018682";9;"10:35";"1";"86";"1";"2";"1";1;47;0
"18683";"202100018683";8;"15:35";"1";"24";"1";"1";"1";1;44;0
"18684";"202100018684";7;"05:00";"3";"33";"2";"1";"1";6;44;0
"18685";"202100018685";9;"06:50";"5";"33";"2";"9";"1";3;44;0
"18686";"202100018686";8;"11:30";"1";"49";"2";"9";"1";7;47;0
"18687";"202100018687";9;"09:30";"1";"50";"1";"1";"1";7;49;-1
"18688";"202100018688";9;"16:15";"1";"35";"1";"1";"1";1;48;-1
"18689";"202100018689";9;"15:18";"1";"02";"1";"2";"7";3;49;4
"18690";"202100018690";9;"23:55";"3";"62";"1";"1";"1";6;50;2
"18691";"202100018691";9;"07:15";"1";"59";"2";"3";"1";1;50;2
"18692";"202100018692";9;"07:31";"1";"13";"1";"1";"1";1;43;5
"18693";"202100018693";9;"18:45";"1";"13";"2";"1";"1";2;43;5
"18694";"202100018694";9;"08:20";"1";"13";"1";"1";"1";4;43;5
"18695";"202100018695";9;"22:15";"3";"13";"1";"1";"1";6;43;5
"18696";"202100018696";9;"16:40";"1";"13";"1";"1";"1";2;43;5
"18697";"202100018697";9;"05:36";"3";"01";"1";"9";"2";6;45;4
"18698";"202100018698";9;"21:01";"3";"91";"1";"1";"1";2;48;2
"18699";"202100018699";9;"09:05";"1";"91";"1";"1";"1";4;48;2
"18700";"202100018700";9;"18:05";"1";"94";"1";"1";"1";3;48;2
"18701";"202100018701";9;"16:00";"1";"94";"1";"1";"3";4;48;2
"18702";"202100018702";9;"10:05";"1";"92";"1";"1";"1";3;48;2
"18703";"202100018703";9;"09:20";"1";"78";"1";"1";"1";2;48;2
"18704";"202100018704";9;"19:30";"5";"92";"1";"1";"8";3;48;2
"18705";"202100018705";9;"12:50";"1";"93";"1";"1";"1";6;48;2
"18706";"202100018706";9;"13:00";"1";"93";"1";"1";"1";2;48;2
"18707";"202100018707";9;"09:30";"1";"93";"1";"1";"1";3;48;2
"18708";"202100018708";9;"09:15";"1";"93";"1";"1";"1";3;48;2
"18709";"202100018709";9;"09:30";"1";"77";"1";"1";"1";2;48;2
"18710";"202100018710";9;"09:05";"1";"77";"1";"1";"1";4;48;2
"18711";"202100018711";9;"08:45";"1";"77";"1";"1";"1";2;48;2
"18712";"202100018712";9;"23:03";"5";"75";"1";"1";"1";3;48;2
"18713";"202100018713";9;"14:07";"1";"77";"1";"1";"2";2;48;2
"18714";"202100018714";9;"14:25";"1";"94";"1";"1";"3";2;48;2
"18715";"202100018715";9;"12:55";"1";"77";"1";"1";"3";6;48;2
"18716";"202100018716";9;"08:45";"1";"94";"1";"1";"2";4;48;2
"18717";"202100018717";9;"08:30";"1";"77";"1";"1";"8";2;48;2
"18718";"202100018718";8;"15:00";"1";"34";"2";"1";"1";3;43;3
"18719";"202100018719";9;"17:20";"1";"89";"2";"1";"1";6;48;3
"18720";"202100018720";9;"15:45";"1";"72";"2";"7";"1";6;48;0
"18721";"202100018721";9;"17:25";"1";"13";"2";"1";"1";5;43;5
"18722";"202100018722";9;"15:00";"1";"94";"2";"1";"3";2;48;2
"18723";"202100018723";9;"23:45";"5";"94";"2";"2";"2";1;48;2
"18724";"202100018724";7;"16:25";"1";"62";"2";"1";"1";3;50;2
"18725";"202100018725";6;"16:42";"1";"19";"2";"9";"1";6;45;2
"18726";"202100018726";5;"18:50";"1";"35";"1";"2";"1";3;48;-1
"18727";"202100018727";9;"17:40";"2";"974";"2";"1";"1";6;-20;55
"18728";"202100018728";9;"15:15";"1";"974";"2";"1";"1";3;-20;55
"18729";"202100018729";9;"12:50";"1";"974";"2";"2";"1";3;-20;55
"18730";"202100018730";9;"14:50";"1";"69";"2";"1";"1";1;45;4
"18731";"202100018731";9;"15:45";"1";"69";"2";"2";"1";3;45;4
"18732";"202100018732";9;"11:30";"1";"69";"2";"2";"1";3;45;4
"18733";"202100018733";9;"09:25";"1";"69";"2";"2";"1";3;45;4
"18734";"202100018734";9;"16:50";"1";"91";"2";"2";"8";3;48;2
"18735";"202100018735";9;"12:40";"1";"91";"2";"1";"2";7;48;2
"18736";"202100018736";9;"19:30";"2";"89";"2";"3";"2";2;48;3
"18737";"202100018737";9;"10:05";"1";"85";"2";"1";"1";6;46;-1
"18738";"202100018738";9;"15:45";"1";"85";"2";"3";"1";1;46;-1
"18739";"202100018739";9;"16:50";"1";"83";"2";"6";"1";3;43;6
"18740";"202100018740";9;"15:30";"1";"78";"2";"1";"2";6;48;2
"18741";"202100018741";9;"22:30";"1";"78";"2";"1";"1";3;48;1
"18742";"202100018742";9;"23:00";"5";"76";"2";"1";"2";6;49;0
"18743";"202100018743";9;"06:20";"5";"76";"2";"1";"2";6;49;0
"18744";"202100018744";9;"21:05";"5";"73";"2";"6";"2";2;45;5
"18745";"202100018745";9;"13:25";"1";"73";"2";"2";"1";3;45;5
"18746";"202100018746";9;"13:40";"1";"71";"2";"1";"1";7;46;4
"18747";"202100018747";9;"10:50";"1";"71";"2";"2";"8";1;46;4
"18748";"202100018748";9;"17:05";"1";"69";"2";"1";"2";3;45;4
"18749";"202100018749";9;"12:20";"1";"69";"2";"6";"1";3;45;4
"18750";"202100018750";9;"20:45";"5";"69";"2";"6";"2";6;45;4
"18751";"202100018751";9;"13:20";"1";"69";"2";"1";"1";1;45;4
"18752";"202100018752";9;"09:45";"1";"64";"2";"3";"1";3;43;0
"18753";"202100018753";9;"05:25";"5";"64";"2";"1";"1";7;43;-1
"18754";"202100018754";9;"15:15";"1";"64";"2";"1";"1";3;43;-1
"18755";"202100018755";9;"08:09";"1";"63";"2";"1";"1";1;45;3
"18756";"202100018756";9;"11:00";"1";"62";"2";"2";"1";3;50;1
"18757";"202100018757";9;"18:10";"1";"61";"2";"3";"1";2;48;0
"18758";"202100018758";9;"14:00";"1";"59";"2";"1";"1";1;50;3
"18759";"202100018759";9;"13:37";"1";"51";"2";"2";"8";3;49;4
"18760";"202100018760";9;"21:51";"5";"49";"2";"2";"1";3;47;0
"18761";"202100018761";9;"07:05";"2";"45";"2";"2";"1";3;47;1
"18762";"202100018762";9;"06:50";"5";"44";"2";"6";"1";1;47;-1
"18763";"202100018763";9;"19:35";"1";"43";"2";"1";"1";7;45;3
"18764";"202100018764";9;"18:55";"1";"38";"2";"1";"1";3;45;5
"18765";"202100018765";9;"23:00";"3";"38";"2";"2";"1";3;45;5
"18766";"202100018766";9;"18:20";"1";"37";"2";"1";"3";7;47;0
"18767";"202100018767";9;"17:25";"1";"37";"2";"1";"2";6;47;0
"18768";"202100018768";9;"22:05";"5";"35";"2";"1";"1";2;48;-1
"18769";"202100018769";9;"18:00";"1";"35";"1";"1";"1";2;48;-1
"18770";"202100018770";9;"15:55";"1";"35";"2";"1";"1";2;48;-1
"18771";"202100018771";9;"08:30";"1";"35";"1";"6";"1";3;48;-1
"18772";"202100018772";9;"09:05";"1";"35";"2";"1";"1";6;48;-1
"18773";"202100018773";9;"15:25";"1";"34";"2";"1";"1";2;43;3
"18774";"202100018774";9;"18:20";"1";"34";"1";"1";"8";7;43;3
"18775";"202100018775";8;"07:42";"1";"34";"1";"3";"1";3;43;3
"18776";"202100018776";9;"13:10";"1";"33";"1";"9";"1";3;44;-1
"18777";"202100018777";9;"14:15";"1";"31";"2";"1";"1";6;43;1
"18778";"202100018778";9;"04:45";"5";"24";"2";"1";"1";6;45;0
"18779";"202100018779";9;"02:30";"3";"17";"1";"1";"5";7;45;-1
"18780";"202100018780";9;"08:15";"1";"17";"2";"3";"1";1;46;-1
"18781";"202100018781";9;"16:05";"1";"14";"2";"1";"1";3;49;0
"18782";"202100018782";9;"20:00";"2";"13";"2";"1";"1";7;43;5
"18783";"202100018783";9;"04:50";"5";"13";"2";"1";"1";6;43;5
"18784";"202100018784";9;"17:35";"1";"13";"2";"1";"1";3;43;5
"18785";"202100018785";9;"18:17";"1";"13";"2";"1";"1";6;43;5
"18786";"202100018786";9;"23:20";"5";"13";"2";"2";"1";3;43;4
"18787";"202100018787";9;"09:10";"1";"12";"1";"1";"1";5;44;3
"18788";"202100018788";9;"08:39";"1";"10";"2";"1";"3";6;48;4
"18789";"202100018789";9;"11:45";"1";"06";"2";"1";"2";1;43;7
"18790";"202100018790";9;"12:15";"1";"05";"2";"1";"1";3;44;6
"18791";"202100018791";9;"09:00";"1";"75";"2";"1";"2";3;48;2
"18792";"202100018792";9;"22:40";"5";"75";"2";"4";"1";2;48;2
"18793";"202100018793";9;"18:45";"4";"75";"2";"1";"2";6;48;2
"18794";"202100018794";9;"08:58";"1";"75";"2";"2";"2";3;48;2
"18795";"202100018795";9;"10:48";"1";"75";"2";"2";"2";3;48;2
"18796";"202100018796";9;"14:45";"1";"75";"2";"3";"2";6;48;2
"18797";"202100018797";9;"21:20";"5";"75";"2";"4";"1";6;48;2
"18798";"202100018798";9;"12:40";"1";"75";"2";"2";"2";6;48;2
"18799";"202100018799";9;"16:30";"1";"75";"2";"3";"1";6;48;2
"18800";"202100018800";9;"12:55";"1";"75";"2";"3";"1";6;48;2
"18801";"202100018801";9;"19:40";"2";"75";"2";"1";"2";3;48;2
"18802";"202100018802";9;"13:10";"1";"75";"2";"4";"8";3;48;2
"18803";"202100018803";9;"08:45";"1";"75";"2";"2";"2";7;48;2
"18804";"202100018804";9;"08:50";"1";"75";"2";"2";"2";3;48;2
"18805";"202100018805";9;"20:10";"2";"75";"2";"2";"1";3;48;2
"18806";"202100018806";9;"15:00";"1";"75";"2";"2";"3";2;48;2
"18807";"202100018807";9;"12:35";"1";"94";"2";"1";"3";3;48;2
"18808";"202100018808";9;"18:16";"1";"94";"2";"1";"2";3;48;2
"18809";"202100018809";9;"11:25";"1";"94";"2";"2";"2";3;48;2
"18810";"202100018810";9;"19:40";"1";"94";"2";"1";"1";2;48;2
"18811";"202100018811";9;"09:20";"1";"94";"2";"1";"2";7;48;2
"18812";"202100018812";9;"10:50";"1";"94";"2";"3";"3";3;48;2
"18813";"202100018813";9;"02:25";"5";"94";"2";"4";"2";6;48;2
"18814";"202100018814";9;"17:40";"1";"93";"2";"2";"2";2;48;2
"18815";"202100018815";9;"17:20";"1";"93";"2";"2";"2";3;48;2
"18816";"202100018816";9;"17:50";"1";"93";"2";"3";"2";3;48;2
"18817";"202100018817";9;"14:00";"1";"93";"2";"5";"1";3;48;2
"18818";"202100018818";9;"14:00";"1";"93";"2";"1";"3";6;48;2
"18819";"202100018819";9;"09:30";"1";"93";"2";"1";"3";4;48;2
"18820";"202100018820";9;"11:10";"1";"93";"2";"1";"3";6;48;2
"18821";"202100018821";9;"11:20";"1";"93";"2";"1";"2";6;48;2
"18822";"202100018822";9;"10:10";"1";"92";"2";"3";"2";2;48;2
"18823";"202100018823";9;"08:40";"1";"92";"2";"1";"2";6;48;2
"18824";"202100018824";9;"22:10";"5";"92";"2";"2";"1";3;48;2
"18825";"202100018825";9;"18:05";"1";"92";"2";"9";"1";3;48;2
"18826";"202100018826";9;"17:35";"1";"92";"2";"6";"1";3;48;2
"18827";"202100018827";9;"17:30";"1";"92";"2";"1";"8";6;48;2
"18828";"202100018828";9;"09:10";"1";"92";"2";"2";"1";6;48;2
"18829";"202100018829";9;"10:20";"1";"92";"2";"1";"2";6;48;2
"18830";"202100018830";9;"14:15";"1";"92";"2";"1";"8";2;48;2
"18831";"202100018831";9;"09:50";"1";"35";"1";"1";"1";1;47;-1
"18832";"202100018832";9;"13:50";"1";"37";"1";"1";"1";1;47;0
"18833";"202100018833";9;"03:10";"3";"66";"1";"1";"1";2;42;2
"18834";"202100018834";9;"07:30";"1";"35";"1";"3";"1";6;47;-1
"18835";"202100018835";9;"20:10";"5";"60";"2";"1";"1";3;49;2
"18836";"202100018836";9;"19:50";"2";"23";"1";"1";"1";1;46;1
"18837";"202100018837";9;"09:37";"1";"89";"2";"3";"1";7;48;3
"18838";"202100018838";9;"13:00";"1";"74";"2";"3";"3";3;45;6
"18839";"202100018839";9;"10:45";"1";"79";"1";"2";"1";3;47;0
"18840";"202100018840";9;"10:15";"1";"71";"1";"2";"1";6;46;4
"18841";"202100018841";9;"19:38";"2";"61";"1";"1";"1";7;48;0
"18842";"202100018842";9;"14:00";"1";"55";"1";"1";"1";1;49;5
"18843";"202100018843";8;"11:25";"1";"49";"2";"1";"1";3;47;-1
"18844";"202100018844";9;"18:20";"1";"68";"2";"1";"1";1;47;7
"18845";"202100018845";9;"13:20";"1";"68";"2";"1";"1";3;47;7
"18846";"202100018846";9;"16:00";"1";"29";"1";"1";"1";5;48;-4
"18847";"202100018847";9;"17:55";"1";"29";"2";"3";"1";1;47;-4
"18848";"202100018848";9;"09:30";"1";"02";"1";"1";"1";1;49;3
"18849";"202100018849";9;"17:55";"1";"70";"2";"1";"1";7;47;6
"18850";"202100018850";9;"17:45";"1";"72";"1";"3";"1";1;48;0
"18851";"202100018851";9;"07:25";"2";"14";"2";"1";"8";6;49;0
"18852";"202100018852";9;"12:30";"1";"14";"1";"1";"1";6;49;0
"18853";"202100018853";9;"06:00";"3";"14";"1";"1";"5";7;49;0
"18854";"202100018854";8;"08:10";"1";"05";"1";"1";"1";2;44;6
"18855";"202100018855";9;"14:55";"1";"64";"1";"1";"2";7;43;0
"18856";"202100018856";8;"15:40";"1";"07";"1";"1";"1";6;44;4
"18857";"202100018857";9;"18:20";"1";"85";"2";"1";"1";7;46;-1
"18858";"202100018858";9;"12:20";"1";"27";"1";"2";"8";3;49;0
"18859";"202100018859";9;"19:25";"1";"28";"1";"2";"1";3;48;1
"18860";"202100018860";9;"17:05";"1";"88";"1";"1";"8";6;47;6
"18861";"202100018861";9;"01:00";"3";"72";"1";"1";"1";7;47;0
"18862";"202100018862";9;"15:15";"1";"35";"2";"1";"1";3;48;-1
"18863";"202100018863";9;"18:00";"1";"33";"1";"1";"1";2;44;0
"18864";"202100018864";9;"16:15";"1";"66";"1";"3";"1";3;42;2
"18865";"202100018865";9;"07:20";"2";"49";"1";"3";"1";2;47;0
"18866";"202100018866";9;"15:20";"1";"972";"1";"3";"1";1;14;-60
"18867";"202100018867";9;"21:15";"5";"77";"2";"1";"1";2;48;2
"18868";"202100018868";9;"16:50";"1";"2A";"2";"1";"1";2;41;9
"18869";"202100018869";9;"17:42";"1";"2A";"1";"1";"1";3;41;9
"18870";"202100018870";9;"16:45";"1";"34";"1";"1";"1";7;43;3
"18871";"202100018871";9;"18:40";"1";"83";"1";"1";"1";7;43;6
"18872";"202100018872";9;"11:50";"1";"06";"2";"1";"2";6;43;7
"18873";"202100018873";9;"18:35";"1";"13";"2";"3";"1";1;43;5
"18874";"202100018874";9;"16:20";"1";"13";"2";"9";"2";1;43;4
"18875";"202100018875";9;"08:30";"1";"88";"1";"1";"2";6;48;6
"18876";"202100018876";9;"18:30";"2";"57";"2";"6";"1";3;49;6
"18877";"202100018877";9;"08:45";"1";"09";"2";"1";"1";7;42;1
"18878";"202100018878";9;"19:35";"1";"85";"1";"1";"1";3;46;-1
"18879";"202100018879";9;"19:45";"2";"02";"1";"8";"1";6;49;3
"18880";"202100018880";9;"10:45";"1";"59";"2";"3";"1";1;50;3
"18881";"202100018881";9;"14:40";"1";"13";"1";"1";"1";3;43;5
"18882";"202100018882";9;"09:45";"1";"13";"1";"1";"1";4;43;5
"18883";"202100018883";9;"17:35";"1";"13";"1";"1";"1";2;43;5
"18884";"202100018884";9;"17:40";"1";"13";"1";"1";"1";2;43;5
"18885";"202100018885";9;"18:00";"1";"33";"1";"1";"1";3;44;0
"18886";"202100018886";9;"09:20";"1";"33";"1";"1";"1";3;44;0
"18887";"202100018887";9;"22:55";"3";"62";"1";"1";"1";6;50;1
"18888";"202100018888";9;"03:00";"3";"59";"1";"1";"1";6;50;3
"18889";"202100018889";9;"13:45";"1";"94";"1";"1";"1";3;48;2
"18890";"202100018890";9;"14:15";"1";"92";"1";"1";"2";4;48;2
"18891";"202100018891";9;"10:10";"1";"92";"1";"1";"3";2;48;2
"18892";"202100018892";9;"09:45";"1";"92";"1";"1";"3";7;48;2
"18893";"202100018893";9;"09:50";"1";"93";"1";"1";"2";4;48;2
"18894";"202100018894";9;"08:00";"1";"93";"1";"1";"2";2;48;2
"18895";"202100018895";9;"08:30";"1";"95";"1";"1";"3";4;48;2
"18896";"202100018896";9;"09:30";"1";"77";"1";"1";"2";6;48;2
"18897";"202100018897";5;"14:05";"1";"82";"1";"1";"1";6;44;1
"18898";"202100018898";9;"09:00";"1";"88";"2";"1";"7";6;48;6
"18899";"202100018899";9;"14:35";"1";"88";"2";"1";"1";6;48;6
"18900";"202100018900";9;"13:52";"1";"76";"2";"2";"2";6;49;1
"18901";"202100018901";9;"13:25";"1";"42";"2";"3";"1";6;45;4
"18902";"202100018902";9;"11:55";"1";"93";"2";"1";"2";6;48;2
"18903";"202100018903";7;"10:32";"1";"75";"2";"7";"1";3;48;2
"18904";"202100018904";9;"15:00";"1";"974";"2";"2";"1";3;-20;55
"18905";"202100018905";9;"06:00";"2";"974";"2";"1";"1";6;-20;55
"18906";"202100018906";9;"16:50";"1";"69";"2";"2";"1";6;45;4
"18907";"202100018907";9;"15:05";"1";"69";"2";"1";"1";3;45;4
"18908";"202100018908";9;"19:35";"3";"972";"1";"1";"1";2;14;-61
"18909";"202100018909";9;"06:45";"1";"972";"1";"1";"1";4;14;-61
"18910";"202100018910";9;"20:52";"5";"69";"2";"1";"2";6;45;4
"18911";"202100018911";9;"11:15";"1";"69";"2";"1";"1";7;45;4
"18912";"202100018912";9;"16:30";"1";"95";"2";"1";"1";6;48;2
"18913";"202100018913";9;"18:15";"1";"95";"2";"2";"1";3;49;2
"18914";"202100018914";9;"19:40";"1";"91";"1";"1";"1";2;48;2
"18915";"202100018915";9;"16:20";"1";"91";"2";"6";"1";3;48;2
"18916";"202100018916";9;"06:35";"5";"91";"2";"3";"2";3;48;2
"18917";"202100018917";9;"22:30";"3";"87";"2";"1";"2";7;45;1
"18918";"202100018918";9;"12:32";"1";"87";"1";"1";"1";3;45;1
"18919";"202100018919";9;"06:37";"3";"87";"1";"1";"2";2;45;1
"18920";"202100018920";9;"07:25";"2";"83";"2";"3";"1";3;43;6
"18921";"202100018921";9;"09:30";"1";"83";"2";"1";"1";3;43;6