"";"Num_Acc";"mois";"hrmn";"lum";"dep";"agg";"int";"atm";"col";"lat";"long"
"18922";"202100018922";9;"21:35";"5";"81";"2";"1";"8";6;43;2
"18923";"202100018923";9;"12:10";"1";"80";"2";"1";"1";3;49;2
"18924";"202100018924";9;"15:45";"1";"71";"2";"9";"1";6;46;4
"18925";"202100018925";9;"12:50";"1";"69";"2";"3";"1";3;45;4
"18926";"202100018926";9;"13:05";"1";"69";"2";"1";"1";6;45;4
"18927";"202100018927";9;"18:45";"1";"68";"2";"2";"1";3;48;7
"18928";"202100018928";9;"17:45";"1";"67";"2";"1";"1";1;48;7
"18929";"202100018929";9;"17:40";"1";"67";"2";"1";"1";3;48;7
"18930";"202100018930";9;"15:10";"1";"67";"2";"1";"1";3;48;7
"18931";"202100018931";9;"15:30";"1";"67";"2";"8";"1";1;48;7
"18932";"202100018932";9;"10:08";"1";"66";"2";"3";"1";3;42;2
"18933";"202100018933";9;"18:45";"1";"64";"2";"1";"1";3;43;-1
"18934";"202100018934";9;"19:00";"1";"64";"2";"1";"1";6;43;-1
"18935";"202100018935";9;"12:50";"1";"64";"2";"1";"1";6;43;-1
"18936";"202100018936";9;"11:30";"1";"64";"2";"1";"1";3;43;-1
"18937";"202100018937";9;"07:00";"5";"63";"2";"4";"1";3;45;3
"18938";"202100018938";9;"08:23";"1";"63";"2";"2";"1";3;45;3
"18939";"202100018939";9;"17:16";"1";"63";"2";"2";"1";3;45;3
"18940";"202100018940";9;"15:16";"1";"63";"2";"3";"1";6;45;3
"18941";"202100018941";9;"06:45";"5";"63";"2";"2";"1";3;45;3
"18942";"202100018942";9;"11:34";"1";"63";"2";"2";"1";3;45;3
"18943";"202100018943";6;"20:00";"1";"62";"2";"1";"2";6;50;2
"18944";"202100018944";9;"07:40";"2";"59";"2";"2";"1";3;50;3
"18945";"202100018945";9;"09:00";"1";"59";"2";"3";"1";3;50;3
"18946";"202100018946";9;"23:21";"5";"56";"2";"1";"1";6;47;-3
"18947";"202100018947";9;"19:50";"5";"54";"2";"2";"1";3;48;6
"18948";"202100018948";9;"06:55";"2";"54";"2";"1";"1";6;48;6
"18949";"202100018949";9;"18:12";"1";"51";"2";"2";"2";7;49;4
"18950";"202100018950";9;"15:35";"1";"49";"2";"1";"1";7;47;0
"18951";"202100018951";9;"11:55";"1";"44";"2";"3";"1";1;47;-2
"18952";"202100018952";9;"06:50";"2";"37";"2";"2";"8";6;47;0
"18953";"202100018953";9;"09:50";"1";"37";"2";"1";"1";6;47;0
"18954";"202100018954";9;"15:45";"1";"37";"2";"2";"1";6;47;0
"18955";"202100018955";9;"18:50";"1";"35";"2";"2";"1";3;48;-1
"18956";"202100018956";9;"16:35";"1";"35";"2";"2";"1";4;48;-1
"18957";"202100018957";9;"16:02";"1";"35";"1";"1";"1";3;48;-1
"18958";"202100018958";9;"11:10";"1";"35";"2";"1";"1";3;48;-1
"18959";"202100018959";9;"15:30";"1";"35";"1";"1";"1";3;48;-1
"18960";"202100018960";9;"15:50";"1";"33";"2";"1";"1";3;44;0
"18961";"202100018961";9;"09:10";"1";"33";"2";"6";"1";4;44;0
"18962";"202100018962";9;"16:50";"1";"33";"2";"3";"1";3;44;-1
"18963";"202100018963";9;"12:10";"1";"31";"2";"9";"1";3;43;1
"18964";"202100018964";9;"16:55";"1";"29";"2";"1";"1";1;48;-4
"18965";"202100018965";9;"18:40";"1";"28";"2";"1";"1";2;48;1
"18966";"202100018966";9;"14:20";"1";"27";"2";"1";"1";2;49;1
"18967";"202100018967";9;"08:15";"2";"27";"2";"4";"2";2;49;1
"18968";"202100018968";9;"08:10";"1";"27";"2";"6";"2";6;49;1
"18969";"202100018969";9;"10:42";"1";"26";"2";"3";"1";3;44;4
"18970";"202100018970";9;"08:55";"1";"26";"2";"2";"1";3;44;4
"18971";"202100018971";9;"18:20";"1";"13";"2";"1";"1";2;43;5
"18972";"202100018972";9;"05:25";"5";"13";"2";"1";"1";3;43;4
"18973";"202100018973";9;"16:50";"1";"13";"2";"1";"1";3;43;5
"18974";"202100018974";9;"23:30";"5";"13";"2";"1";"1";2;43;5
"18975";"202100018975";9;"21:30";"4";"13";"2";"1";"1";2;43;5
"18976";"202100018976";9;"05:03";"5";"13";"2";"2";"1";3;43;5
"18977";"202100018977";9;"17:45";"1";"13";"1";"1";"1";1;43;4
"18978";"202100018978";9;"00:23";"5";"10";"2";"6";"1";7;48;4
"18979";"202100018979";9;"17:20";"1";"09";"2";"9";"1";3;42;1
"18980";"202100018980";9;"19:54";"1";"05";"2";"2";"1";3;44;6
"18981";"202100018981";9;"23:25";"5";"75";"2";"4";"1";4;48;2
"18982";"202100018982";9;"00:15";"5";"75";"2";"1";"1";4;48;2
"18983";"202100018983";9;"14:20";"1";"75";"2";"3";"1";6;48;2
"18984";"202100018984";9;"09:20";"1";"75";"2";"2";"2";1;48;2
"18985";"202100018985";9;"07:05";"2";"75";"2";"3";"2";3;48;2
"18986";"202100018986";9;"05:55";"5";"75";"2";"2";"3";3;48;2
"18987";"202100018987";9;"15:00";"1";"75";"2";"2";"1";6;48;2
"18988";"202100018988";9;"09:40";"1";"75";"2";"1";"2";2;48;2
"18989";"202100018989";9;"20:50";"5";"75";"2";"7";"2";6;48;2
"18990";"202100018990";9;"08:09";"1";"75";"2";"1";"3";3;48;2
"18991";"202100018991";9;"00:10";"5";"75";"2";"7";"1";3;48;2
"18992";"202100018992";9;"14:05";"1";"75";"2";"7";"1";3;48;2
"18993";"202100018993";9;"07:40";"1";"75";"2";"1";"1";2;48;2
"18994";"202100018994";9;"18:20";"1";"75";"2";"3";"2";6;48;2
"18995";"202100018995";9;"09:10";"1";"75";"2";"3";"3";6;48;2
"18996";"202100018996";9;"12:10";"1";"75";"2";"1";"1";3;48;2
"18997";"202100018997";9;"11:40";"1";"75";"2";"4";"8";6;48;2
"18998";"202100018998";9;"17:20";"1";"75";"2";"1";"1";3;48;2
"18999";"202100018999";9;"16:00";"1";"75";"2";"2";"8";3;48;2
"19000";"202100019000";9;"11:15";"1";"75";"2";"2";"1";6;48;2
"19001";"202100019001";9;"09:25";"1";"75";"2";"3";"1";6;48;2
"19002";"202100019002";9;"14:40";"1";"75";"2";"2";"8";6;48;2
"19003";"202100019003";9;"19:10";"2";"75";"2";"4";"2";3;48;2
"19004";"202100019004";9;"23:35";"5";"75";"2";"2";"1";3;48;2
"19005";"202100019005";9;"08:55";"1";"75";"2";"1";"3";3;48;2
"19006";"202100019006";9;"06:00";"5";"75";"2";"2";"2";7;48;2
"19007";"202100019007";9;"18:04";"1";"75";"2";"2";"2";3;48;2
"19008";"202100019008";9;"11:54";"1";"75";"2";"3";"1";3;48;2
"19009";"202100019009";9;"17:50";"1";"75";"2";"2";"1";6;48;2
"19010";"202100019010";9;"13:15";"1";"75";"2";"2";"1";6;48;2
"19011";"202100019011";9;"12:30";"1";"75";"2";"3";"8";6;48;2
"19012";"202100019012";9;"12:20";"1";"75";"2";"3";"1";3;48;2
"19013";"202100019013";9;"20:10";"5";"94";"2";"1";"1";1;48;2
"19014";"202100019014";9;"13:00";"1";"94";"2";"2";"2";2;48;2
"19015";"202100019015";9;"13:00";"1";"94";"2";"2";"1";3;48;2
"19016";"202100019016";9;"20:06";"2";"94";"2";"1";"1";6;48;2
"19017";"202100019017";9;"08:00";"2";"94";"1";"1";"2";6;48;2
"19018";"202100019018";9;"06:55";"5";"94";"2";"1";"2";6;48;2
"19019";"202100019019";9;"09:00";"1";"94";"2";"1";"2";6;48;2
"19020";"202100019020";9;"14:00";"1";"94";"2";"1";"1";6;48;2
"19021";"202100019021";9;"12:00";"1";"94";"2";"9";"1";3;48;2
"19022";"202100019022";9;"08:40";"1";"94";"2";"9";"1";3;48;2
"19023";"202100019023";9;"13:10";"1";"94";"2";"1";"1";3;48;2
"19024";"202100019024";9;"08:25";"1";"94";"2";"3";"2";3;48;2
"19025";"202100019025";9;"10:11";"1";"94";"2";"3";"2";7;48;2
"19026";"202100019026";9;"07:45";"1";"93";"2";"2";"2";3;48;2
"19027";"202100019027";9;"17:45";"1";"93";"2";"2";"1";3;48;2
"19028";"202100019028";9;"18:20";"1";"92";"2";"2";"2";3;48;2
"19029";"202100019029";9;"15:45";"1";"92";"2";"3";"1";3;48;2
"19030";"202100019030";9;"20:00";"4";"92";"2";"1";"2";2;48;2
"19031";"202100019031";9;"10:20";"1";"92";"2";"1";"2";6;48;2
"19032";"202100019032";9;"07:15";"1";"92";"2";"1";"1";3;48;2
"19033";"202100019033";9;"08:40";"1";"92";"2";"1";"2";6;48;2
"19034";"202100019034";9;"09:05";"1";"92";"2";"9";"3";3;48;2
"19035";"202100019035";9;"12:15";"1";"92";"2";"3";"1";3;48;2
"19036";"202100019036";9;"13:10";"1";"92";"2";"2";"1";3;48;2
"19037";"202100019037";9;"14:30";"1";"86";"1";"1";"1";6;46;0
"19038";"202100019038";8;"14:25";"1";"84";"2";"3";"1";7;43;5
"19039";"202100019039";9;"05:12";"3";"22";"1";"1";"1";7;48;-2
"19040";"202100019040";9;"15:45";"1";"42";"1";"1";"1";6;45;4
"19041";"202100019041";9;"16:15";"1";"2B";"1";"1";"1";1;42;9
"19042";"202100019042";9;"17:15";"1";"83";"1";"1";"3";1;43;6
"19043";"202100019043";8;"13:50";"1";"56";"1";"3";"1";3;47;-3
"19044";"202100019044";9;"15:35";"1";"81";"2";"1";"1";6;43;1
"19045";"202100019045";9;"18:15";"1";"32";"1";"1";"1";7;43;0
"19046";"202100019046";9;"17:15";"1";"61";"2";"1";"1";6;48;0
"19047";"202100019047";9;"00:00";"4";"55";"1";"1";"1";7;49;5
"19048";"202100019048";9;"14:10";"1";"47";"2";"9";"1";3;44;0
"19049";"202100019049";9;"13:45";"1";"34";"1";"1";"2";7;43;3
"19050";"202100019050";9;"06:45";"2";"68";"1";"3";"1";1;47;7
"19051";"202100019051";9;"02:00";"3";"68";"1";"1";"2";7;47;7
"19052";"202100019052";9;"17:00";"1";"29";"1";"1";"1";6;47;-4
"19053";"202100019053";9;"17:45";"1";"38";"1";"9";"1";1;45;5
"19054";"202100019054";9;"00:15";"3";"02";"2";"1";"2";6;49;3
"19055";"202100019055";8;"13:00";"1";"72";"1";"1";"1";6;48;0
"19056";"202100019056";9;"18:10";"1";"06";"1";"1";"1";6;43;7
"19057";"202100019057";9;"18:15";"1";"06";"1";"1";"1";1;43;7
"19058";"202100019058";9;"16:05";"1";"14";"2";"3";"1";2;49;0
"19059";"202100019059";9;"16:15";"1";"50";"1";"2";"1";3;49;-1
"19060";"202100019060";9;"18:00";"1";"53";"1";"1";"1";7;48;0
"19061";"202100019061";9;"07:50";"1";"40";"1";"9";"1";1;43;-1
"19062";"202100019062";9;"08:35";"1";"85";"1";"1";"1";6;46;-1
"19063";"202100019063";9;"18:30";"1";"85";"1";"3";"1";3;46;-1
"19064";"202100019064";9;"09:06";"1";"85";"2";"1";"1";6;46;0
"19065";"202100019065";9;"12:15";"1";"85";"2";"1";"1";6;46;-1
"19066";"202100019066";9;"16:20";"1";"17";"1";"2";"7";2;46;0
"19067";"202100019067";9;"22:30";"3";"08";"1";"1";"1";7;49;4
"19068";"202100019068";9;"20:00";"2";"72";"1";"1";"1";6;48;0
"19069";"202100019069";9;"06:50";"1";"973";"2";"1";"1";1;4;-52
"19070";"202100019070";9;"07:55";"1";"66";"1";"1";"1";3;42;2
"19071";"202100019071";9;"11:25";"1";"38";"2";"1";"1";2;45;5
"19072";"202100019072";9;"23:45";"5";"64";"1";"1";"1";7;43;-1
"19073";"202100019073";9;"15:00";"1";"45";"1";"9";"1";6;47;1
"19074";"202100019074";9;"12:25";"1";"38";"1";"3";"8";3;45;5
"19075";"202100019075";9;"05:20";"1";"988";"1";"1";"1";7;-22;166
"19076";"202100019076";9;"19:00";"3";"973";"1";"1";"1";3;4;-52
"19077";"202100019077";9;"16:05";"1";"971";"1";"1";"1";1;16;-61
"19078";"202100019078";9;"09:15";"1";"11";"2";"9";"1";7;43;2
"19079";"202100019079";9;"18:00";"1";"34";"2";"6";"1";3;43;3
"19080";"202100019080";8;"11:00";"1";"84";"2";"3";"1";3;43;5
"19081";"202100019081";9;"13:20";"1";"83";"1";"1";"1";5;43;5
"19082";"202100019082";9;"06:50";"2";"71";"1";"3";"2";3;46;4
"19083";"202100019083";9;"11:00";"1";"68";"2";"3";"1";6;47;7
"19084";"202100019084";9;"12:20";"1";"67";"2";"2";"1";3;48;7
"19085";"202100019085";9;"16:30";"1";"67";"1";"1";"1";1;48;7
"19086";"202100019086";9;"08:25";"1";"67";"1";"1";"1";6;48;7
"19087";"202100019087";9;"18:15";"2";"67";"2";"1";"1";3;48;7
"19088";"202100019088";9;"18:30";"1";"74";"1";"3";"1";2;46;6
"19089";"202100019089";9;"15:30";"1";"38";"1";"1";"1";6;45;5
"19090";"202100019090";9;"10:05";"1";"01";"2";"2";"1";3;45;4
"19091";"202100019091";6;"13:50";"1";"65";"2";"2";"1";3;43;0
"19092";"202100019092";9;"19:45";"2";"14";"2";"2";"1";3;49;0
"19093";"202100019093";9;"10:55";"1";"29";"1";"1";"1";5;48;-4
"19094";"202100019094";9;"09:00";"1";"60";"1";"1";"2";5;49;2
"19095";"202100019095";9;"16:00";"1";"59";"1";"1";"1";5;50;2
"19096";"202100019096";9;"23:00";"3";"13";"1";"1";"1";3;43;5
"19097";"202100019097";9;"18:20";"1";"13";"1";"1";"1";2;43;5
"19098";"202100019098";9;"17:00";"1";"13";"1";"1";"1";4;43;5
"19099";"202100019099";9;"15:25";"1";"13";"1";"1";"1";2;43;5
"19100";"202100019100";9;"17:30";"1";"13";"1";"1";"1";2;43;5
"19101";"202100019101";9;"16:30";"1";"13";"1";"1";"1";2;43;5
"19102";"202100019102";9;"08:00";"1";"13";"1";"1";"1";4;43;5
"19103";"202100019103";9;"07:15";"1";"13";"1";"1";"1";3;43;5
"19104";"202100019104";9;"06:50";"2";"83";"1";"1";"1";4;43;5
"19105";"202100019105";8;"02:45";"3";"69";"1";"1";"1";2;45;4
"19106";"202100019106";9;"18:03";"1";"42";"1";"1";"1";3;45;4
"19107";"202100019107";9;"03:00";"3";"57";"1";"1";"1";2;49;6
"19108";"202100019108";9;"16:13";"1";"57";"1";"1";"1";7;49;6
"19109";"202100019109";9;"08:55";"1";"33";"1";"1";"1";6;44;0
"19110";"202100019110";9;"08:05";"1";"33";"1";"1";"1";2;44;0
"19111";"202100019111";9;"17:10";"1";"59";"1";"1";"1";5;50;3
"19112";"202100019112";9;"20:00";"2";"94";"1";"1";"2";7;48;2
"19113";"202100019113";9;"13:10";"1";"91";"1";"1";"1";2;48;2
"19114";"202100019114";9;"08:40";"1";"91";"1";"1";"2";3;48;2
"19115";"202100019115";9;"11:50";"1";"92";"1";"1";"1";7;48;2
"19116";"202100019116";9;"22:00";"3";"93";"1";"1";"2";3;48;2
"19117";"202100019117";9;"15:45";"1";"93";"1";"1";"1";3;48;2
"19118";"202100019118";9;"19:15";"1";"92";"1";"1";"1";5;48;2
"19119";"202100019119";9;"08:28";"2";"95";"1";"1";"2";3;49;2
"19120";"202100019120";9;"10:00";"1";"93";"1";"1";"2";7;48;2
"19121";"202100019121";9;"06:20";"3";"95";"1";"1";"1";5;49;2
"19122";"202100019122";9;"05:45";"5";"95";"1";"1";"2";6;49;2
"19123";"202100019123";9;"10:05";"1";"93";"1";"1";"1";2;48;2
"19124";"202100019124";9;"19:00";"2";"77";"1";"1";"8";7;48;2
"19125";"202100019125";9;"09:00";"1";"94";"1";"1";"1";2;48;2
"19126";"202100019126";9;"08:30";"1";"77";"1";"1";"1";6;48;2
"19127";"202100019127";6;"19:34";"1";"12";"1";"1";"2";6;44;2
"19128";"202100019128";9;"10:00";"1";"74";"1";"1";"1";6;46;6
"19129";"202100019129";9;"07:30";"1";"69";"2";"2";"1";6;45;4
"19130";"202100019130";9;"00:05";"5";"33";"2";"1";"1";6;44;0
"19131";"202100019131";9;"10:01";"1";"05";"2";"1";"1";6;44;6
"19132";"202100019132";9;"07:20";"1";"976";"2";"2";"1";6;-12;45
"19133";"202100019133";9;"08:15";"1";"974";"1";"3";"1";3;-21;55
"19134";"202100019134";9;"20:50";"5";"69";"2";"9";"1";1;45;4
"19135";"202100019135";9;"13:40";"1";"69";"2";"1";"1";6;45;4
"19136";"202100019136";9;"15:10";"1";"971";"2";"1";"1";3;16;-61
"19137";"202100019137";9;"19:25";"1";"95";"2";"2";"1";3;48;2
"19138";"202100019138";9;"18:20";"1";"95";"2";"1";"1";6;48;2
"19139";"202100019139";8;"14:30";"1";"95";"2";"1";"1";3;49;2
"19140";"202100019140";9;"16:00";"1";"91";"1";"1";"1";2;48;2
"19141";"202100019141";9;"16:45";"1";"91";"2";"1";"7";6;48;2
"19142";"202100019142";9;"12:40";"1";"91";"2";"1";"1";1;48;2
"19143";"202100019143";9;"18:11";"1";"87";"1";"1";"2";6;45;1
"19144";"202100019144";9;"02:45";"5";"87";"2";"2";"1";3;45;1
"19145";"202100019145";9;"16:45";"1";"84";"1";"9";"1";1;44;4
"19146";"202100019146";9;"11:40";"1";"83";"2";"3";"1";6;43;5
"19147";"202100019147";9;"10:00";"1";"83";"2";"1";"1";3;43;5
"19148";"202100019148";9;"14:05";"1";"82";"2";"7";"1";3;44;1
"19149";"202100019149";9;"12:28";"1";"82";"2";"2";"1";3;44;1
"19150";"202100019150";9;"17:40";"1";"81";"2";"9";"1";1;43;2
"19151";"202100019151";9;"12:20";"1";"80";"2";"2";"1";6;49;2
"19152";"202100019152";9;"11:35";"1";"78";"1";"9";"1";6;48;2
"19153";"202100019153";9;"17:50";"1";"78";"2";"9";"1";3;48;1
"19154";"202100019154";9;"18:30";"1";"77";"2";"6";"1";3;48;2
"19155";"202100019155";9;"13:15";"1";"76";"2";"1";"1";7;49;0
"19156";"202100019156";9;"07:30";"2";"76";"2";"2";"1";3;49;0
"19157";"202100019157";9;"07:45";"1";"67";"2";"1";"8";6;48;7
"19158";"202100019158";9;"10:30";"1";"67";"2";"3";"1";3;48;7
"19159";"202100019159";9;"00:28";"5";"67";"2";"3";"1";5;48;7
"19160";"202100019160";9;"10:10";"1";"65";"2";"2";"1";3;43;0
"19161";"202100019161";9;"07:35";"1";"64";"2";"1";"1";3;43;0
"19162";"202100019162";9;"12:00";"1";"64";"2";"1";"1";7;43;-1
"19163";"202100019163";9;"18:30";"1";"63";"2";"6";"1";3;45;3
"19164";"202100019164";9;"12:20";"1";"63";"2";"5";"1";3;45;3
"19165";"202100019165";9;"18:45";"2";"63";"2";"1";"1";6;45;3
"19166";"202100019166";9;"16:52";"1";"63";"2";"2";"1";3;45;3
"19167";"202100019167";8;"10:30";"1";"62";"2";"1";"1";1;50;2
"19168";"202100019168";9;"08:25";"1";"60";"2";"1";"1";6;49;2
"19169";"202100019169";9;"17:40";"1";"59";"2";"1";"1";6;50;3
"19170";"202100019170";9;"01:20";"5";"59";"2";"1";"1";6;50;3
"19171";"202100019171";9;"07:55";"1";"59";"2";"1";"1";3;50;3
"19172";"202100019172";9;"17:13";"1";"49";"2";"1";"1";2;47;0
"19173";"202100019173";9;"02:10";"5";"49";"2";"6";"1";6;47;0
"19174";"202100019174";9;"23:20";"5";"45";"2";"1";"1";6;47;1
"19175";"202100019175";9;"11:00";"1";"35";"2";"1";"1";6;48;-1
"19176";"202100019176";9;"21:35";"5";"34";"2";"8";"1";3;43;3
"19177";"202100019177";9;"18:15";"1";"34";"2";"1";"1";6;43;3
"19178";"202100019178";9;"10:50";"1";"33";"2";"2";"1";3;44;0
"19179";"202100019179";9;"09:18";"1";"33";"2";"3";"1";3;44;0
"19180";"202100019180";9;"12:10";"1";"33";"2";"1";"1";2;44;0
"19181";"202100019181";9;"01:48";"5";"33";"2";"7";"1";1;44;0
"19182";"202100019182";9;"12:45";"1";"29";"2";"6";"1";2;48;-4
"19183";"202100019183";9;"22:10";"5";"27";"2";"2";"1";3;49;1
"19184";"202100019184";9;"16:55";"1";"27";"2";"2";"1";3;49;1
"19185";"202100019185";9;"17:20";"1";"26";"2";"1";"1";6;44;4
"19186";"202100019186";9;"11:25";"1";"22";"1";"1";"1";7;48;-2
"19187";"202100019187";9;"02:20";"5";"21";"2";"1";"1";1;47;5
"19188";"202100019188";9;"19:00";"2";"13";"2";"3";"1";2;43;5
"19189";"202100019189";9;"14:15";"1";"13";"2";"1";"1";1;43;5
"19190";"202100019190";9;"08:25";"1";"13";"2";"2";"1";3;43;5
"19191";"202100019191";9;"12:35";"1";"13";"2";"1";"1";3;43;5
"19192";"202100019192";9;"08:35";"1";"13";"2";"1";"1";1;43;5
"19193";"202100019193";9;"11:39";"1";"10";"2";"1";"1";3;48;4
"19194";"202100019194";9;"10:45";"1";"09";"1";"1";"1";4;42;1
"19195";"202100019195";9;"13:10";"1";"05";"1";"1";"1";5;44;6
"19196";"202100019196";9;"11:40";"1";"01";"2";"2";"1";3;46;5
"19197";"202100019197";9;"10:30";"1";"75";"2";"1";"1";2;48;2
"19198";"202100019198";9;"05:47";"5";"75";"2";"1";"1";2;48;2
"19199";"202100019199";9;"12:53";"1";"75";"2";"1";"1";3;48;2
"19200";"202100019200";9;"10:10";"1";"75";"2";"2";"1";3;48;2
"19201";"202100019201";9;"08:00";"1";"75";"2";"4";"1";6;48;2
"19202";"202100019202";9;"16:50";"1";"75";"2";"3";"1";7;48;2
"19203";"202100019203";9;"09:30";"1";"75";"2";"1";"1";3;48;2
"19204";"202100019204";9;"09:00";"1";"75";"2";"4";"1";6;48;2
"19205";"202100019205";9;"05:50";"5";"75";"2";"3";"1";6;48;2
"19206";"202100019206";9;"12:30";"1";"75";"2";"2";"1";3;48;2
"19207";"202100019207";9;"09:00";"1";"75";"2";"2";"1";6;48;2
"19208";"202100019208";9;"10:25";"1";"75";"2";"2";"1";3;48;2
"19209";"202100019209";9;"20:11";"5";"75";"2";"5";"1";3;48;2
"19210";"202100019210";9;"17:45";"1";"75";"2";"3";"1";2;48;2
"19211";"202100019211";9;"16:15";"1";"94";"2";"3";"1";3;48;2
"19212";"202100019212";9;"02:40";"5";"94";"2";"1";"1";7;48;2
"19213";"202100019213";9;"18:00";"1";"94";"2";"1";"1";3;48;2
"19214";"202100019214";9;"02:42";"5";"94";"2";"1";"1";6;48;2
"19215";"202100019215";9;"11:20";"1";"94";"2";"3";"1";6;48;2
"19216";"202100019216";9;"10:00";"1";"94";"2";"9";"1";3;48;2
"19217";"202100019217";9;"07:40";"1";"94";"2";"1";"1";6;48;2
"19218";"202100019218";9;"17:02";"1";"93";"2";"1";"1";1;48;2
"19219";"202100019219";9;"08:15";"1";"93";"2";"2";"1";3;48;2
"19220";"202100019220";9;"09:30";"1";"93";"2";"1";"1";6;48;2
"19221";"202100019221";9;"08:20";"1";"93";"2";"1";"1";3;48;2
"19222";"202100019222";9;"06:40";"5";"93";"2";"3";"1";3;48;2
"19223";"202100019223";9;"11:30";"1";"93";"2";"6";"1";6;48;2
"19224";"202100019224";9;"15:35";"1";"93";"2";"9";"1";3;48;2
"19225";"202100019225";9;"19:55";"5";"93";"2";"9";"1";3;48;2
"19226";"202100019226";9;"22:10";"5";"92";"2";"2";"1";3;48;2
"19227";"202100019227";9;"12:40";"1";"92";"2";"1";"1";6;48;2
"19228";"202100019228";9;"08:45";"1";"92";"2";"3";"1";3;48;2
"19229";"202100019229";9;"16:43";"1";"92";"2";"1";"1";7;48;2
"19230";"202100019230";9;"10:00";"1";"92";"2";"9";"1";6;48;2
"19231";"202100019231";9;"15:55";"1";"92";"2";"1";"1";6;48;2
"19232";"202100019232";9;"13:50";"1";"92";"2";"1";"1";6;48;2
"19233";"202100019233";9;"11:00";"1";"92";"2";"2";"1";3;48;2
"19234";"202100019234";9;"18:45";"1";"92";"2";"1";"1";2;48;2
"19235";"202100019235";9;"15:00";"1";"92";"2";"9";"1";3;48;2
"19236";"202100019236";9;"12:11";"1";"92";"2";"1";"1";3;48;2
"19237";"202100019237";9;"18:05";"1";"92";"2";"1";"1";4;48;2
"19238";"202100019238";9;"16:50";"1";"92";"2";"1";"1";3;48;2
"19239";"202100019239";9;"17:50";"1";"54";"2";"4";"1";1;48;6
"19240";"202100019240";9;"09:10";"1";"25";"1";"1";"1";1;47;6
"19241";"202100019241";9;"15:10";"1";"28";"1";"1";"1";2;48;1
"19242";"202100019242";9;"14:20";"1";"67";"2";"3";"1";1;48;7
"19243";"202100019243";7;"20:10";"3";"972";"1";"1";"3";1;14;-61
"19244";"202100019244";9;"12:39";"1";"63";"1";"1";"1";6;45;2
"19245";"202100019245";9;"17:30";"1";"29";"1";"1";"1";6;48;-4
"19246";"202100019246";9;"05:10";"3";"19";"1";"1";"8";1;45;1
"19247";"202100019247";9;"08:25";"1";"83";"1";"1";"1";1;43;6
"19248";"202100019248";9;"19:30";"1";"51";"1";"1";"1";7;48;4
"19249";"202100019249";9;"16:45";"1";"32";"1";"1";"8";6;43;0
"19250";"202100019250";8;"01:05";"5";"11";"2";"3";"1";1;43;3
"19251";"202100019251";9;"15:05";"1";"71";"1";"1";"1";1;46;4
"19252";"202100019252";9;"10:40";"1";"63";"1";"3";"1";3;45;3
"19253";"202100019253";8;"19:00";"1";"49";"1";"2";"1";3;47;0
"19254";"202100019254";9;"05:00";"3";"42";"1";"1";"1";6;45;3
"19255";"202100019255";8;"03:20";"3";"41";"1";"1";"1";6;47;1
"19256";"202100019256";9;"14:00";"1";"22";"1";"1";"1";1;48;-3
"19257";"202100019257";9;"18:08";"1";"39";"1";"3";"7";3;46;5
"19258";"202100019258";9;"08:45";"1";"39";"1";"1";"1";3;46;5
"19259";"202100019259";9;"09:25";"1";"29";"2";"3";"1";6;48;-5
"19260";"202100019260";9;"18:45";"1";"31";"2";"9";"1";6;43;1
"19261";"202100019261";9;"12:07";"1";"01";"1";"1";"1";6;46;5
"19262";"202100019262";9;"04:25";"3";"72";"1";"9";"1";6;47;0
"19263";"202100019263";9;"18:52";"2";"72";"2";"9";"1";3;47;0
"19264";"202100019264";9;"09:30";"1";"06";"1";"1";"1";3;44;7
"19265";"202100019265";6;"16:45";"1";"06";"2";"4";"1";1;43;7
"19266";"202100019266";9;"18:39";"1";"50";"1";"1";"1";2;49;-1
"19267";"202100019267";9;"13:50";"1";"45";"1";"1";"1";1;48;2
"19268";"202100019268";9;"18:30";"1";"64";"1";"1";"1";6;43;0
"19269";"202100019269";9;"10:35";"1";"64";"2";"1";"8";6;43;-1
"19270";"202100019270";9;"01:15";"3";"07";"1";"1";"1";6;44;4
"19271";"202100019271";9;"16:50";"1";"40";"2";"1";"1";1;44;0
"19272";"202100019272";9;"17:40";"1";"27";"1";"1";"1";6;49;0
"19273";"202100019273";9;"10:40";"1";"27";"1";"1";"1";6;48;1
"19274";"202100019274";9;"19:00";"2";"87";"2";"1";"1";1;45;0
"19275";"202100019275";9;"11:43";"1";"88";"1";"1";"1";5;48;6
"19276";"202100019276";9;"16:40";"1";"01";"1";"1";"1";5;46;5
"19277";"202100019277";9;"00:30";"3";"49";"1";"1";"1";7;47;0
"19278";"202100019278";8;"23:50";"3";"34";"1";"1";"1";2;43;3
"19279";"202100019279";9;"10:35";"1";"987";"1";"1";"1";1;-17;-149
"19280";"202100019280";9;"20:05";"3";"973";"1";"1";"1";1;5;-52
"19281";"202100019281";9;"20:55";"5";"77";"2";"2";"1";3;49;2
"19282";"202100019282";9;"18:00";"1";"2B";"2";"1";"1";3;42;9
"19283";"202100019283";8;"11:40";"1";"05";"1";"1";"1";6;45;6
"19284";"202100019284";9;"08:00";"2";"13";"2";"4";"1";3;43;5
"19285";"202100019285";9;"13:30";"1";"68";"2";"6";"1";2;48;7
"19286";"202100019286";9;"17:28";"1";"54";"1";"1";"1";7;48;6