"";"Num_Acc";"mois";"hrmn";"lum";"dep";"agg";"int";"atm";"col";"lat";"long"
"19287";"202100019287";9;"07:50";"1";"69";"2";"9";"1";3;45;4
"19288";"202100019288";8;"23:20";"3";"46";"1";"3";"1";6;44;1
"19289";"202100019289";9;"18:50";"1";"33";"2";"1";"1";2;44;0
"19290";"202100019290";7;"01:15";"3";"22";"1";"1";"3";7;48;-2
"19291";"202100019291";9;"05:40";"3";"35";"1";"1";"2";1;48;-1
"19292";"202100019292";9;"07:50";"2";"35";"1";"3";"1";6;47;-1
"19293";"202100019293";9;"07:40";"2";"60";"1";"1";"2";7;49;1
"19294";"202100019294";9;"16:45";"1";"59";"2";"1";"7";6;50;3
"19295";"202100019295";9;"08:30";"1";"59";"1";"3";"1";3;50;2
"19296";"202100019296";9;"18:30";"1";"83";"1";"1";"1";5;43;5
"19297";"202100019297";9;"14:40";"1";"33";"1";"1";"1";6;44;0
"19298";"202100019298";9;"17:40";"1";"33";"1";"1";"1";2;44;0
"19299";"202100019299";9;"18:40";"1";"33";"1";"1";"1";2;44;0
"19300";"202100019300";9;"19:36";"1";"59";"1";"1";"1";2;50;3
"19301";"202100019301";9;"18:15";"1";"59";"1";"1";"1";6;50;3
"19302";"202100019302";5;"20:40";"1";"59";"1";"1";"1";4;50;3
"19303";"202100019303";9;"18:30";"1";"59";"1";"1";"1";5;50;3
"19304";"202100019304";9;"08:45";"1";"91";"1";"1";"1";4;48;2
"19305";"202100019305";9;"09:50";"1";"92";"1";"1";"1";3;48;2
"19306";"202100019306";9;"08:40";"1";"92";"1";"1";"1";3;48;2
"19307";"202100019307";9;"16:00";"1";"93";"1";"1";"1";4;48;2
"19308";"202100019308";9;"22:30";"3";"93";"1";"1";"1";2;48;2
"19309";"202100019309";9;"03:15";"5";"93";"1";"1";"1";4;48;2
"19310";"202100019310";9;"02:25";"3";"95";"1";"1";"1";6;48;2
"19311";"202100019311";9;"12:15";"1";"77";"1";"1";"1";2;48;2
"19312";"202100019312";9;"11:50";"1";"25";"2";"9";"1";6;47;6
"19313";"202100019313";9;"05:10";"2";"987";"2";"2";"1";3;-17;-149
"19314";"202100019314";9;"16:40";"1";"976";"1";"1";"1";3;-12;45
"19315";"202100019315";9;"10:00";"1";"974";"1";"1";"1";7;-21;55
"19316";"202100019316";9;"11:56";"1";"973";"2";"1";"1";2;4;-52
"19317";"202100019317";9;"19:20";"1";"69";"2";"1";"1";6;45;4
"19318";"202100019318";9;"08:00";"1";"69";"2";"9";"1";3;45;4
"19319";"202100019319";9;"22:14";"5";"69";"2";"2";"1";3;45;4
"19320";"202100019320";9;"13:45";"1";"69";"2";"3";"1";3;45;4
"19321";"202100019321";9;"05:10";"5";"69";"1";"1";"1";7;45;4
"19322";"202100019322";9;"17:50";"1";"2B";"2";"1";"1";1;42;9
"19323";"202100019323";9;"08:48";"1";"95";"2";"1";"1";6;48;2
"19324";"202100019324";9;"16:50";"1";"91";"2";"2";"1";6;48;2
"19325";"202100019325";9;"23:15";"5";"91";"2";"1";"1";2;48;2
"19326";"202100019326";9;"11:45";"1";"91";"2";"2";"8";3;48;2
"19327";"202100019327";9;"20:00";"1";"86";"2";"1";"1";3;46;0
"19328";"202100019328";9;"14:30";"1";"85";"1";"1";"1";3;46;-1
"19329";"202100019329";9;"12:00";"1";"83";"2";"1";"1";6;43;5
"19330";"202100019330";9;"16:40";"1";"83";"2";"1";"1";6;43;6
"19331";"202100019331";9;"14:30";"2";"69";"2";"2";"1";3;45;4
"19332";"202100019332";9;"15:10";"1";"65";"2";"3";"1";1;43;0
"19333";"202100019333";9;"01:35";"5";"62";"2";"1";"1";7;50;3
"19334";"202100019334";9;"21:25";"5";"61";"2";"6";"1";3;48;0
"19335";"202100019335";9;"17:02";"1";"61";"2";"1";"1";2;48;0
"19336";"202100019336";9;"22:35";"5";"59";"2";"6";"1";3;50;3
"19337";"202100019337";9;"21:00";"5";"51";"2";"3";"1";3;49;4
"19338";"202100019338";9;"23:55";"5";"49";"2";"1";"1";7;47;0
"19339";"202100019339";9;"06:17";"3";"49";"2";"1";"1";7;47;0
"19340";"202100019340";9;"05:15";"5";"42";"2";"1";"1";6;45;4
"19341";"202100019341";9;"21:25";"3";"38";"1";"1";"1";2;45;5
"19342";"202100019342";9;"17:10";"1";"35";"2";"1";"1";6;48;-1
"19343";"202100019343";9;"09:05";"1";"35";"1";"1";"1";6;48;-1
"19344";"202100019344";9;"23:15";"3";"29";"1";"1";"1";6;47;-3
"19345";"202100019345";9;"23:00";"3";"27";"1";"1";"1";6;49;1
"19346";"202100019346";9;"07:45";"1";"27";"2";"2";"1";3;49;1
"19347";"202100019347";9;"04:32";"5";"25";"2";"1";"1";6;47;6
"19348";"202100019348";9;"20:00";"2";"21";"2";"3";"8";3;47;5
"19349";"202100019349";9;"06:40";"3";"17";"2";"1";"1";1;45;-1
"19350";"202100019350";9;"20:05";"1";"14";"1";"6";"1";3;49;0
"19351";"202100019351";9;"19:55";"1";"13";"2";"1";"1";2;43;5
"19352";"202100019352";9;"11:00";"1";"13";"2";"1";"1";2;43;5
"19353";"202100019353";9;"08:00";"1";"13";"2";"3";"1";3;43;5
"19354";"202100019354";9;"07:00";"2";"13";"2";"2";"1";1;43;5
"19355";"202100019355";9;"08:00";"1";"13";"2";"6";"1";3;43;5
"19356";"202100019356";9;"03:10";"5";"13";"2";"1";"1";3;43;5
"19357";"202100019357";9;"11:15";"1";"13";"2";"1";"1";1;43;5
"19358";"202100019358";9;"17:40";"1";"09";"2";"1";"1";3;43;1
"19359";"202100019359";9;"05:30";"5";"07";"2";"1";"1";6;44;4
"19360";"202100019360";9;"10:45";"1";"07";"1";"1";"1";3;44;4
"19361";"202100019361";9;"15:58";"1";"06";"2";"9";"1";3;43;7
"19362";"202100019362";9;"10:20";"1";"06";"2";"6";"1";3;43;6
"19363";"202100019363";9;"12:05";"1";"06";"2";"6";"1";3;43;6
"19364";"202100019364";9;"16:55";"1";"06";"2";"1";"-1";6;43;6
"19365";"202100019365";9;"20:20";"5";"75";"2";"1";"1";3;48;2
"19366";"202100019366";9;"23:20";"5";"75";"2";"4";"1";3;48;2
"19367";"202100019367";9;"12:50";"1";"75";"2";"1";"1";6;48;2
"19368";"202100019368";9;"18:00";"1";"75";"2";"1";"1";6;48;2
"19369";"202100019369";9;"20:10";"2";"75";"2";"1";"1";2;48;2
"19370";"202100019370";9;"14:00";"1";"75";"2";"3";"1";6;48;2
"19371";"202100019371";9;"00:30";"5";"75";"2";"1";"1";2;48;2
"19372";"202100019372";9;"01:02";"5";"75";"2";"1";"1";3;48;2
"19373";"202100019373";9;"17:10";"1";"75";"2";"7";"1";6;48;2
"19374";"202100019374";9;"14:33";"1";"75";"2";"2";"1";3;48;2
"19375";"202100019375";9;"13:30";"1";"75";"2";"3";"1";6;48;2
"19376";"202100019376";9;"13:43";"1";"75";"2";"2";"1";7;48;2
"19377";"202100019377";9;"21:52";"5";"94";"2";"9";"1";6;48;2
"19378";"202100019378";9;"11:00";"1";"94";"2";"3";"1";3;48;2
"19379";"202100019379";9;"16:47";"1";"94";"2";"1";"1";1;48;2
"19380";"202100019380";9;"10:25";"1";"94";"2";"2";"1";3;48;2
"19381";"202100019381";9;"15:00";"1";"93";"2";"1";"1";2;48;2
"19382";"202100019382";9;"10:35";"1";"93";"2";"1";"1";2;48;2
"19383";"202100019383";9;"23:35";"5";"93";"2";"1";"1";2;48;2
"19384";"202100019384";9;"19:30";"3";"92";"2";"1";"1";3;48;2
"19385";"202100019385";9;"07:00";"2";"92";"2";"1";"1";6;48;2
"19386";"202100019386";8;"17:40";"1";"11";"1";"1";"1";3;43;2
"19387";"202100019387";9;"13:50";"1";"12";"1";"2";"1";3;44;1
"19388";"202100019388";9;"17:55";"1";"2A";"1";"1";"1";1;42;8
"19389";"202100019389";9;"08:33";"1";"25";"2";"1";"1";2;47;6
"19390";"202100019390";9;"15:45";"1";"63";"1";"4";"1";2;45;2
"19391";"202100019391";9;"16:35";"1";"974";"2";"3";"1";3;-21;55
"19392";"202100019392";9;"12:00";"1";"50";"1";"1";"1";7;49;-1
"19393";"202100019393";9;"18:30";"2";"83";"2";"2";"1";1;43;6
"19394";"202100019394";9;"20:25";"2";"44";"1";"1";"1";1;47;-1
"19395";"202100019395";9;"08:20";"1";"51";"2";"6";"1";6;49;4
"19396";"202100019396";9;"08:10";"1";"56";"1";"1";"1";6;47;-2
"19397";"202100019397";9;"18:16";"1";"56";"1";"2";"1";3;47;-2
"19398";"202100019398";9;"21:00";"3";"59";"1";"1";"1";6;50;2
"19399";"202100019399";9;"11:55";"1";"76";"1";"1";"1";1;49;0
"19400";"202100019400";9;"16:45";"1";"79";"1";"9";"1";6;46;0
"19401";"202100019401";9;"03:55";"3";"80";"1";"1";"1";1;49;1
"19402";"202100019402";9;"17:00";"1";"82";"1";"9";"1";6;44;1
"19403";"202100019403";9;"11:00";"1";"82";"1";"9";"1";1;43;1
"19404";"202100019404";9;"13:20";"1";"12";"1";"1";"1";6;44;2
"19405";"202100019405";9;"18:15";"1";"46";"1";"1";"1";7;44;1
"19406";"202100019406";9;"14:45";"1";"39";"1";"1";"1";7;46;6
"19407";"202100019407";9;"11:15";"1";"38";"2";"6";"1";2;45;5
"19408";"202100019408";9;"13:35";"1";"02";"2";"1";"1";6;49;3
"19409";"202100019409";9;"09:40";"1";"03";"1";"2";"1";5;46;3
"19410";"202100019410";9;"04:30";"3";"15";"2";"1";"1";6;45;3
"19411";"202100019411";9;"14:03";"1";"85";"1";"9";"1";5;46;-1
"19412";"202100019412";9;"18:12";"1";"72";"1";"9";"1";3;48;0
"19413";"202100019413";9;"15:00";"1";"72";"1";"6";"1";6;48;0
"19414";"202100019414";9;"12:05";"1";"72";"1";"1";"1";7;47;0
"19415";"202100019415";9;"17:00";"1";"06";"1";"1";"1";7;44;7
"19416";"202100019416";9;"20:10";"2";"14";"1";"1";"1";1;49;0
"19417";"202100019417";9;"15:50";"1";"73";"1";"3";"1";1;45;6
"19418";"202100019418";9;"15:10";"1";"43";"1";"1";"1";6;45;3
"19419";"202100019419";9;"16:30";"1";"10";"1";"1";"1";6;48;4
"19420";"202100019420";9;"07:50";"1";"16";"1";"1";"7";2;46;0
"19421";"202100019421";9;"09:30";"1";"85";"1";"3";"1";3;46;-1
"19422";"202100019422";9;"22:15";"5";"69";"2";"3";"1";6;45;4
"19423";"202100019423";9;"11:30";"1";"976";"1";"1";"1";1;-12;45
"19424";"202100019424";9;"11:30";"1";"64";"1";"9";"1";3;43;-1
"19425";"202100019425";9;"18:30";"1";"55";"1";"1";"1";7;49;5
"19426";"202100019426";9;"16:15";"1";"91";"1";"1";"1";7;48;2
"19427";"202100019427";9;"04:10";"3";"11";"1";"1";"1";1;43;2
"19428";"202100019428";9;"16:50";"1";"84";"1";"1";"1";3;43;5
"19429";"202100019429";9;"01:40";"3";"06";"2";"1";"1";6;43;7
"19430";"202100019430";9;"21:20";"5";"04";"2";"6";"1";7;43;6
"19431";"202100019431";9;"17:15";"1";"71";"1";"1";"1";7;46;4
"19432";"202100019432";9;"16:47";"1";"52";"1";"1";"1";6;48;5
"19433";"202100019433";9;"08:30";"1";"63";"1";"2";"7";3;45;3
"19434";"202100019434";9;"00:30";"5";"42";"2";"1";"1";1;45;4
"19435";"202100019435";9;"21:45";"5";"69";"2";"1";"1";5;46;4
"19436";"202100019436";9;"17:30";"1";"69";"1";"9";"1";3;45;4
"19437";"202100019437";9;"16:00";"1";"81";"1";"1";"1";1;43;1
"19438";"202100019438";9;"11:35";"1";"79";"2";"1";"1";7;46;0
"19439";"202100019439";9;"15:45";"1";"33";"2";"3";"1";6;44;0
"19440";"202100019440";9;"15:00";"1";"35";"1";"3";"1";3;47;-1
"19441";"202100019441";9;"15:20";"1";"91";"1";"1";"1";2;48;2
"19442";"202100019442";9;"17:30";"1";"94";"1";"1";"1";6;48;2
"19443";"202100019443";9;"20:45";"3";"92";"1";"9";"1";2;48;2
"19444";"202100019444";9;"19:20";"1";"78";"1";"1";"1";6;48;2
"19445";"202100019445";9;"20:00";"1";"93";"1";"1";"1";3;48;2
"19446";"202100019446";9;"19:30";"1";"93";"1";"1";"1";3;48;2
"19447";"202100019447";9;"13:00";"1";"93";"1";"1";"1";2;48;2
"19448";"202100019448";9;"19:20";"1";"94";"1";"1";"1";2;48;2
"19449";"202100019449";9;"21:45";"3";"94";"1";"1";"1";2;48;2
"19450";"202100019450";9;"13:10";"1";"61";"1";"1";"8";2;48;0
"19451";"202100019451";5;"22:30";"5";"38";"2";"4";"1";6;45;5
"19452";"202100019452";5;"17:45";"1";"38";"2";"2";"1";3;45;5
"19453";"202100019453";5;"16:45";"1";"38";"2";"1";"1";1;45;5
"19454";"202100019454";5;"22:10";"3";"38";"2";"1";"1";1;45;5
"19455";"202100019455";5;"16:20";"1";"38";"1";"1";"1";7;45;5
"19456";"202100019456";5;"17:30";"1";"38";"2";"1";"1";6;45;5
"19457";"202100019457";5;"18:32";"1";"38";"1";"1";"1";6;45;4
"19458";"202100019458";5;"08:05";"1";"38";"2";"3";"8";2;45;5
"19459";"202100019459";5;"16:29";"1";"38";"2";"1";"1";1;45;5
"19460";"202100019460";9;"11:47";"1";"91";"2";"1";"1";6;48;2
"19461";"202100019461";9;"21:30";"3";"93";"2";"9";"1";6;48;2
"19462";"202100019462";9;"18:15";"2";"974";"2";"3";"1";2;-20;55
"19463";"202100019463";9;"12:20";"1";"69";"2";"2";"1";3;45;4
"19464";"202100019464";9;"10:00";"1";"971";"1";"1";"1";6;16;-61
"19465";"202100019465";9;"23:30";"5";"2A";"2";"9";"1";7;41;8
"19466";"202100019466";9;"14:45";"1";"86";"2";"2";"1";3;46;0
"19467";"202100019467";9;"19:35";"1";"83";"2";"1";"1";3;43;6
"19468";"202100019468";9;"22:05";"5";"78";"2";"7";"1";1;49;1
"19469";"202100019469";9;"09:55";"1";"77";"2";"9";"1";2;48;2
"19470";"202100019470";9;"16:45";"1";"77";"1";"6";"1";3;48;2
"19471";"202100019471";9;"21:17";"5";"76";"2";"2";"1";3;49;0
"19472";"202100019472";9;"23:25";"5";"74";"2";"2";"1";3;46;6
"19473";"202100019473";9;"17:00";"1";"74";"2";"6";"1";3;46;6
"19474";"202100019474";9;"00:57";"5";"72";"2";"1";"1";2;47;0
"19475";"202100019475";9;"16:30";"1";"69";"1";"3";"1";3;45;4
"19476";"202100019476";9;"11:10";"1";"64";"2";"3";"1";3;43;-1
"19477";"202100019477";9;"21:10";"5";"64";"2";"3";"1";5;43;-1
"19478";"202100019478";9;"21:00";"5";"64";"2";"1";"1";1;43;-1
"19479";"202100019479";9;"15:50";"1";"64";"2";"1";"1";7;43;-1
"19480";"202100019480";9;"03:35";"5";"64";"2";"6";"1";6;43;-1
"19481";"202100019481";9;"23:30";"5";"61";"2";"9";"1";6;48;0
"19482";"202100019482";9;"17:45";"1";"54";"2";"1";"1";6;48;6
"19483";"202100019483";9;"12:30";"1";"54";"2";"1";"1";2;48;6
"19484";"202100019484";9;"22:24";"3";"51";"2";"1";"1";1;49;4
"19485";"202100019485";9;"15:35";"1";"51";"2";"1";"1";6;49;4
"19486";"202100019486";9;"19:45";"2";"51";"2";"4";"1";2;49;4
"19487";"202100019487";9;"01:05";"5";"49";"2";"1";"1";2;47;0
"19488";"202100019488";9;"15:05";"1";"49";"2";"1";"1";3;47;0
"19489";"202100019489";9;"12:30";"1";"49";"2";"1";"1";3;47;0
"19490";"202100019490";9;"16:30";"1";"41";"2";"6";"1";3;47;1
"19491";"202100019491";9;"17:50";"1";"38";"2";"5";"1";1;45;5
"19492";"202100019492";9;"12:45";"1";"35";"2";"1";"1";2;48;-1
"19493";"202100019493";9;"00:40";"5";"33";"2";"3";"1";5;44;0
"19494";"202100019494";9;"14:00";"1";"29";"2";"3";"1";3;48;-4
"19495";"202100019495";9;"22:45";"5";"27";"2";"1";"1";2;49;1
"19496";"202100019496";9;"02:00";"5";"26";"2";"1";"1";3;44;4
"19497";"202100019497";9;"16:00";"1";"70";"2";"3";"7";3;47;6
"19498";"202100019498";9;"07:15";"2";"24";"1";"1";"5";1;44;0
"19499";"202100019499";9;"19:30";"2";"13";"2";"1";"1";3;43;5
"19500";"202100019500";9;"15:30";"1";"13";"2";"1";"1";1;43;5
"19501";"202100019501";9;"06:45";"2";"13";"2";"9";"1";3;43;5
"19502";"202100019502";9;"19:55";"1";"13";"2";"6";"1";2;43;4
"19503";"202100019503";9;"15:00";"1";"12";"2";"1";"1";6;44;2
"19504";"202100019504";9;"01:30";"5";"10";"2";"7";"1";3;48;4
"19505";"202100019505";9;"04:41";"5";"06";"2";"1";"1";6;43;7
"19506";"202100019506";9;"20:10";"3";"06";"2";"1";"1";3;43;6
"19507";"202100019507";9;"16:50";"1";"75";"2";"1";"1";4;48;2
"19508";"202100019508";9;"14:00";"1";"75";"2";"1";"1";3;48;2
"19509";"202100019509";9;"23:56";"5";"75";"2";"2";"1";3;48;2
"19510";"202100019510";9;"11:30";"1";"75";"2";"2";"1";6;48;2
"19511";"202100019511";9;"22:45";"5";"75";"2";"2";"1";3;48;2
"19512";"202100019512";9;"23:50";"5";"75";"2";"1";"1";3;48;2
"19513";"202100019513";9;"18:40";"1";"75";"2";"4";"1";6;48;2
"19514";"202100019514";9;"11:30";"1";"75";"2";"1";"1";6;48;2
"19515";"202100019515";9;"09:25";"1";"75";"2";"1";"1";6;48;2
"19516";"202100019516";9;"06:02";"5";"75";"2";"1";"1";6;48;2
"19517";"202100019517";9;"23:10";"5";"75";"2";"2";"1";6;48;2
"19518";"202100019518";9;"20:15";"5";"75";"2";"1";"1";2;48;2
"19519";"202100019519";9;"20:05";"5";"75";"2";"3";"8";3;48;2
"19520";"202100019520";9;"18:25";"1";"94";"2";"1";"1";6;48;2
"19521";"202100019521";9;"22:20";"5";"94";"2";"1";"1";6;48;2
"19522";"202100019522";9;"15:15";"1";"94";"2";"1";"1";1;48;2
"19523";"202100019523";9;"23:28";"5";"93";"2";"3";"1";1;48;2
"19524";"202100019524";9;"15:05";"1";"93";"2";"1";"1";2;48;2
"19525";"202100019525";9;"17:50";"1";"93";"2";"5";"2";4;48;2
"19526";"202100019526";9;"14:26";"1";"93";"2";"9";"1";6;48;2
"19527";"202100019527";9;"20:45";"5";"93";"2";"1";"1";3;48;2
"19528";"202100019528";9;"18:43";"1";"92";"2";"1";"1";3;48;2
"19529";"202100019529";9;"17:45";"1";"92";"2";"1";"1";2;48;2
"19530";"202100019530";9;"22:00";"5";"92";"2";"2";"1";3;48;2
"19531";"202100019531";9;"12:35";"1";"92";"2";"3";"1";1;48;2
"19532";"202100019532";9;"16:30";"1";"54";"1";"1";"1";7;48;6
"19533";"202100019533";9;"16:30";"1";"2A";"2";"3";"1";7;41;8
"19534";"202100019534";9;"21:45";"5";"2A";"2";"1";"1";2;41;8
"19535";"202100019535";9;"17:45";"1";"2A";"1";"1";"1";3;42;8
"19536";"202100019536";9;"19:05";"1";"51";"2";"1";"1";3;48;4
"19537";"202100019537";9;"14:30";"1";"25";"2";"1";"1";7;47;5
"19538";"202100019538";9;"10:20";"1";"85";"1";"1";"1";2;46;0
"19539";"202100019539";9;"16:45";"1";"52";"1";"1";"1";3;48;5
"19540";"202100019540";9;"05:56";"3";"71";"1";"1";"8";2;46;4
"19541";"202100019541";9;"12:30";"1";"51";"1";"2";"1";3;49;3
"19542";"202100019542";9;"10:40";"1";"67";"2";"3";"1";1;48;7
"19543";"202100019543";9;"08:35";"1";"34";"1";"1";"1";6;43;3
"19544";"202100019544";9;"20:15";"3";"30";"2";"1";"1";6;44;4
"19545";"202100019545";9;"21:45";"3";"34";"1";"1";"1";2;43;3
"19546";"202100019546";9;"16:24";"1";"59";"2";"1";"1";3;50;3
"19547";"202100019547";9;"19:40";"1";"56";"1";"1";"1";2;47;-3
"19548";"202100019548";9;"23:00";"3";"56";"1";"1";"1";7;47;-2
"19549";"202100019549";9;"09:51";"1";"2A";"1";"1";"1";6;42;8
"19550";"202100019550";9;"13:30";"1";"2B";"1";"1";"1";2;42;8
"19551";"202100019551";9;"15:56";"1";"80";"1";"1";"1";5;49;1
"19552";"202100019552";9;"09:30";"1";"61";"1";"2";"1";3;48;0
"19553";"202100019553";9;"09:30";"1";"47";"1";"1";"1";6;44;0
"19554";"202100019554";9;"18:50";"1";"68";"1";"3";"1";3;47;7
"19555";"202100019555";9;"16:05";"1";"39";"1";"1";"1";2;46;5
"19556";"202100019556";9;"15:40";"1";"44";"1";"1";"1";1;46;-1
"19557";"202100019557";9;"17:30";"1";"44";"2";"1";"1";7;47;-1
"19558";"202100019558";9;"00:10";"3";"31";"1";"1";"1";6;43;1
"19559";"202100019559";9;"00:45";"3";"38";"1";"1";"1";1;45;5
"19560";"202100019560";9;"19:15";"1";"38";"1";"1";"1";6;45;6
"19561";"202100019561";8;"14:40";"1";"38";"2";"1";"1";3;45;5
"19562";"202100019562";9;"17:30";"1";"03";"1";"1";"1";2;46;3
"19563";"202100019563";9;"18:30";"2";"01";"1";"2";"1";5;46;4
"19564";"202100019564";9;"07:15";"1";"26";"1";"1";"2";3;45;5
"19565";"202100019565";9;"15:10";"1";"06";"1";"1";"1";1;43;6
"19566";"202100019566";9;"03:30";"3";"14";"1";"1";"1";6;49;0
"19567";"202100019567";9;"06:10";"3";"14";"1";"1";"1";6;49;0
"19568";"202100019568";9;"15:49";"1";"50";"1";"1";"1";1;48;-1
"19569";"202100019569";9;"10:50";"1";"90";"2";"1";"1";3;47;6
"19570";"202100019570";9;"18:00";"1";"45";"1";"1";"1";1;48;2
"19571";"202100019571";9;"17:30";"1";"85";"1";"1";"1";7;46;-2
"19572";"202100019572";9;"14:00";"1";"27";"1";"1";"1";7;48;0
"19573";"202100019573";9;"15:20";"1";"17";"1";"2";"1";1;45;0
"19574";"202100019574";9;"03:00";"3";"30";"1";"6";"1";7;43;4
"19575";"202100019575";9;"15:09";"1";"08";"2";"6";"1";3;50;4
"19576";"202100019576";9;"07:30";"1";"49";"1";"1";"1";7;47;0
"19577";"202100019577";9;"17:48";"1";"34";"2";"1";"1";7;43;3
"19578";"202100019578";9;"23:40";"3";"11";"1";"6";"1";5;43;3
"19579";"202100019579";9;"19:10";"2";"973";"2";"1";"1";1;5;-52
"19580";"202100019580";9;"15:13";"1";"21";"1";"6";"2";7;47;5
"19581";"202100019581";8;"08:00";"1";"91";"2";"1";"1";3;48;2
"19582";"202100019582";8;"12:30";"1";"78";"1";"1";"1";2;48;1
"19583";"202100019583";9;"01:50";"3";"2A";"2";"1";"1";1;41;9
"19584";"202100019584";9;"15:50";"1";"34";"1";"3";"1";4;43;3
"19585";"202100019585";9;"15:05";"1";"83";"1";"1";"1";1;43;5
"19586";"202100019586";9;"18:50";"1";"83";"1";"1";"1";6;43;6
"19587";"202100019587";9;"14:50";"1";"05";"1";"1";"1";1;45;6
"19588";"202100019588";9;"15:51";"1";"70";"2";"3";"1";4;47;5
"19589";"202100019589";9;"18:30";"1";"89";"1";"1";"3";3;47;3
"19590";"202100019590";9;"19:15";"1";"71";"2";"1";"1";6;46;4
"19591";"202100019591";9;"00:25";"3";"71";"1";"1";"1";6;46;4
"19592";"202100019592";9;"21:40";"3";"74";"2";"3";"1";3;45;6
"19593";"202100019593";9;"10:30";"1";"42";"2";"1";"1";6;45;4
"19594";"202100019594";9;"17:20";"1";"42";"2";"2";"1";1;45;4
"19595";"202100019595";9;"22:00";"3";"26";"1";"1";"1";6;44;5
"19596";"202100019596";9;"18:00";"1";"19";"1";"1";"1";6;45;1
"19597";"202100019597";9;"15:40";"1";"85";"1";"1";"1";1;46;-1
"19598";"202100019598";9;"02:30";"5";"29";"2";"1";"1";6;48;-4
"19599";"202100019599";9;"17:00";"1";"27";"2";"1";"1";7;49;1
"19600";"202100019600";9;"08:05";"1";"60";"1";"3";"1";1;49;2
"19601";"202100019601";9;"06:10";"3";"94";"1";"1";"1";3;48;2
"19602";"202100019602";9;"06:50";"1";"92";"1";"1";"1";3;48;2
"19603";"202100019603";9;"16:00";"1";"78";"1";"1";"1";2;48;2
"19604";"202100019604";9;"12:45";"1";"92";"1";"1";"1";2;48;2
"19605";"202100019605";9;"00:30";"5";"78";"1";"1";"9";6;48;1
"19606";"202100019606";9;"20:18";"3";"93";"1";"1";"1";6;48;2
"19607";"202100019607";9;"13:10";"1";"89";"2";"2";"2";6;48;3
"19608";"202100019608";9;"11:20";"1";"78";"2";"9";"8";6;48;2
"19609";"202100019609";9;"06:45";"5";"76";"1";"2";"1";6;49;1
"19610";"202100019610";9;"12:50";"1";"42";"2";"1";"2";6;45;4
"19611";"202100019611";9;"16:25";"1";"27";"2";"6";"1";6;49;1
"19612";"202100019612";7;"15:35";"1";"44";"2";"3";"1";3;47;-1
"19613";"202100019613";9;"19:51";"3";"974";"1";"1";"1";7;-21;55
"19614";"202100019614";9;"08:50";"1";"974";"2";"1";"1";6;-20;55
"19615";"202100019615";9;"15:20";"1";"973";"2";"1";"1";3;4;-52
"19616";"202100019616";9;"17:50";"1";"973";"2";"1";"1";3;4;-52
"19617";"202100019617";7;"04:30";"5";"69";"2";"1";"1";2;45;4
"19618";"202100019618";9;"17:40";"1";"69";"2";"3";"1";3;45;4
"19619";"202100019619";9;"14:30";"1";"69";"2";"3";"1";3;45;4
"19620";"202100019620";9;"06:30";"2";"69";"2";"2";"1";6;45;4
"19621";"202100019621";9;"23:40";"5";"69";"2";"7";"1";3;45;4
"19622";"202100019622";9;"21:32";"5";"69";"2";"1";"1";3;45;4
"19623";"202100019623";9;"12:05";"1";"69";"2";"1";"2";6;45;4
"19624";"202100019624";9;"16:15";"1";"2B";"2";"1";"1";3;42;9
"19625";"202100019625";9;"19:55";"5";"971";"1";"1";"1";6;16;-61
"19626";"202100019626";9;"05:45";"3";"95";"1";"1";"1";2;48;2
"19627";"202100019627";9;"13:30";"1";"95";"2";"1";"1";3;48;2
"19628";"202100019628";9;"12:30";"1";"91";"2";"1";"1";3;48;2
"19629";"202100019629";9;"07:45";"1";"91";"2";"2";"1";3;48;2
"19630";"202100019630";9;"13:25";"1";"91";"1";"1";"2";7;48;2
"19631";"202100019631";9;"14:55";"1";"91";"2";"1";"1";1;48;2
"19632";"202100019632";9;"22:45";"3";"86";"1";"1";"1";1;46;0
"19633";"202100019633";9;"10:10";"1";"83";"2";"1";"1";6;43;5
"19634";"202100019634";9;"15:02";"1";"83";"2";"1";"1";6;43;6
"19635";"202100019635";8;"13:15";"1";"80";"2";"1";"1";6;49;2
"19636";"202100019636";9;"19:50";"1";"80";"1";"1";"1";6;49;2
"19637";"202100019637";9;"08:00";"1";"80";"1";"1";"1";6;49;2
"19638";"202100019638";9;"17:25";"1";"80";"2";"1";"1";1;49;2
"19639";"202100019639";9;"13:10";"1";"80";"2";"2";"1";1;49;2
"19640";"202100019640";9;"14:50";"1";"78";"2";"2";"1";6;48;2
"19641";"202100019641";9;"18:45";"1";"78";"2";"1";"1";6;48;2
"19642";"202100019642";9;"11:40";"1";"78";"2";"3";"7";6;48;2
"19643";"202100019643";9;"17:10";"1";"78";"2";"1";"1";3;48;1
"19644";"202100019644";9;"07:45";"1";"78";"2";"3";"2";3;49;1
"19645";"202100019645";9;"01:15";"5";"78";"1";"9";"1";3;49;2
"19646";"202100019646";9;"05:30";"3";"77";"1";"1";"2";3;48;2
"19647";"202100019647";9;"09:45";"1";"77";"2";"1";"1";1;48;2
"19648";"202100019648";9;"17:55";"1";"76";"2";"1";"1";7;49;1
"19649";"202100019649";9;"19:40";"1";"76";"2";"6";"1";2;49;0
"19650";"202100019650";9;"16:00";"1";"76";"2";"1";"2";7;49;0
"19651";"202100019651";9;"17:50";"1";"73";"2";"6";"1";3;45;5
"19652";"202100019652";9;"21:15";"5";"72";"2";"1";"1";3;48;0