"";"Num_Acc";"mois";"hrmn";"lum";"dep";"agg";"int";"atm";"col";"lat";"long"
"19653";"202100019653";9;"10:00";"1";"71";"2";"1";"1";3;46;4
"19654";"202100019654";9;"12:20";"1";"69";"2";"1";"1";1;45;4
"19655";"202100019655";9;"14:19";"1";"66";"2";"1";"2";3;42;2
"19656";"202100019656";9;"07:05";"2";"66";"2";"1";"1";6;42;2
"19657";"202100019657";9;"21:05";"3";"66";"1";"1";"2";1;42;2
"19658";"202100019658";9;"07:55";"1";"64";"2";"1";"1";3;43;-1
"19659";"202100019659";9;"10:20";"1";"64";"2";"1";"1";7;43;-1
"19660";"202100019660";9;"18:30";"1";"62";"2";"1";"1";6;50;1
"19661";"202100019661";9;"19:35";"2";"60";"2";"1";"1";6;49;2
"19662";"202100019662";7;"01:00";"5";"59";"2";"1";"1";6;50;3
"19663";"202100019663";9;"21:25";"5";"59";"2";"1";"1";3;50;3
"19664";"202100019664";9;"15:10";"1";"59";"2";"1";"1";6;50;3
"19665";"202100019665";9;"13:35";"1";"56";"2";"2";"1";6;47;-3
"19666";"202100019666";9;"18:45";"1";"54";"2";"2";"1";1;48;6
"19667";"202100019667";9;"22:12";"5";"54";"2";"1";"1";6;48;6
"19668";"202100019668";9;"17:40";"1";"54";"2";"1";"1";6;48;6
"19669";"202100019669";9;"13:00";"1";"51";"2";"1";"1";3;49;4
"19670";"202100019670";9;"18:50";"1";"49";"2";"1";"1";3;47;0
"19671";"202100019671";9;"17:47";"1";"49";"1";"1";"1";3;47;0
"19672";"202100019672";9;"08:00";"2";"45";"2";"2";"1";3;47;1
"19673";"202100019673";9;"17:25";"1";"44";"2";"3";"1";6;47;-1
"19674";"202100019674";9;"04:44";"5";"37";"2";"3";"1";6;47;0
"19675";"202100019675";9;"17:10";"1";"37";"2";"1";"1";6;47;0
"19676";"202100019676";9;"13:40";"1";"37";"2";"1";"1";6;47;0
"19677";"202100019677";9;"09:39";"1";"37";"2";"6";"1";6;47;0
"19678";"202100019678";9;"09:00";"1";"37";"2";"1";"1";2;47;0
"19679";"202100019679";9;"08:40";"1";"35";"1";"1";"1";3;48;-1
"19680";"202100019680";9;"11:30";"1";"34";"2";"1";"1";3;43;3
"19681";"202100019681";9;"17:30";"1";"34";"1";"1";"1";7;43;3
"19682";"202100019682";9;"12:45";"1";"33";"2";"1";"1";5;44;0
"19683";"202100019683";9;"06:45";"5";"33";"2";"9";"1";3;44;0
"19684";"202100019684";9;"17:20";"1";"33";"2";"1";"1";1;44;0
"19685";"202100019685";9;"16:05";"1";"33";"1";"6";"1";2;44;-1
"19686";"202100019686";9;"12:45";"1";"33";"1";"6";"1";2;44;-1
"19687";"202100019687";9;"13:45";"1";"31";"2";"1";"1";4;43;1
"19688";"202100019688";9;"16:30";"1";"30";"2";"1";"1";3;43;4
"19689";"202100019689";9;"23:40";"5";"30";"2";"1";"1";6;44;4
"19690";"202100019690";9;"17:18";"4";"29";"2";"2";"6";3;48;-4
"19691";"202100019691";9;"20:20";"1";"29";"2";"1";"1";6;48;-4
"19692";"202100019692";9;"18:50";"1";"22";"1";"1";"1";2;48;-2
"19693";"202100019693";9;"08:10";"1";"22";"2";"1";"2";7;48;-2
"19694";"202100019694";9;"20:13";"5";"21";"2";"5";"1";3;47;5
"19695";"202100019695";9;"19:00";"1";"18";"2";"2";"3";1;47;2
"19696";"202100019696";9;"09:40";"1";"17";"2";"1";"2";1;45;-1
"19697";"202100019697";9;"03:20";"5";"17";"2";"3";"8";7;45;0
"19698";"202100019698";9;"16:59";"1";"17";"2";"2";"1";6;46;-1
"19699";"202100019699";9;"18:00";"1";"14";"1";"1";"1";4;49;0
"19700";"202100019700";9;"21:00";"5";"13";"2";"1";"1";7;43;4
"19701";"202100019701";9;"20:15";"1";"13";"2";"1";"1";2;43;5
"19702";"202100019702";9;"22:00";"5";"13";"2";"1";"1";2;43;5
"19703";"202100019703";9;"20:10";"1";"13";"2";"4";"1";3;43;5
"19704";"202100019704";9;"09:01";"1";"13";"2";"3";"1";5;43;5
"19705";"202100019705";9;"20:00";"5";"13";"2";"6";"1";3;43;5
"19706";"202100019706";9;"13:00";"1";"13";"2";"2";"2";3;43;5
"19707";"202100019707";9;"14:50";"1";"13";"1";"1";"1";2;43;5
"19708";"202100019708";9;"15:25";"1";"11";"2";"4";"1";2;43;2
"19709";"202100019709";9;"20:10";"5";"11";"2";"7";"8";3;43;2
"19710";"202100019710";9;"21:25";"3";"10";"1";"1";"8";5;48;4
"19711";"202100019711";9;"08:50";"1";"10";"2";"1";"2";7;48;4
"19712";"202100019712";9;"11:10";"1";"08";"1";"1";"2";3;49;4
"19713";"202100019713";9;"08:45";"1";"06";"2";"1";"1";1;43;6
"19714";"202100019714";9;"11:15";"1";"06";"2";"1";"1";6;43;7
"19715";"202100019715";9;"11:02";"1";"06";"2";"6";"1";3;43;7
"19716";"202100019716";9;"06:00";"3";"05";"2";"1";"1";3;44;6
"19717";"202100019717";9;"23:55";"5";"75";"2";"3";"1";3;48;2
"19718";"202100019718";9;"22:49";"5";"75";"2";"7";"2";3;48;2
"19719";"202100019719";9;"16:10";"1";"75";"2";"3";"1";3;48;2
"19720";"202100019720";9;"18:05";"1";"75";"2";"3";"1";6;48;2
"19721";"202100019721";9;"19:00";"1";"75";"2";"3";"1";6;48;2
"19722";"202100019722";9;"17:27";"1";"75";"2";"1";"1";3;48;2
"19723";"202100019723";9;"16:05";"1";"75";"2";"3";"8";3;48;2
"19724";"202100019724";9;"08:55";"1";"75";"2";"2";"2";3;48;2
"19725";"202100019725";9;"17:45";"1";"75";"2";"3";"2";3;48;2
"19726";"202100019726";9;"16:40";"1";"75";"2";"1";"1";6;48;2
"19727";"202100019727";9;"12:00";"1";"75";"2";"1";"1";6;48;2
"19728";"202100019728";9;"00:55";"5";"75";"2";"1";"3";7;48;2
"19729";"202100019729";9;"09:50";"1";"75";"2";"1";"1";6;48;2
"19730";"202100019730";9;"18:35";"1";"75";"2";"7";"2";6;48;2
"19731";"202100019731";9;"15:00";"1";"75";"2";"3";"3";2;48;2
"19732";"202100019732";9;"11:34";"1";"75";"2";"7";"8";6;48;2
"19733";"202100019733";9;"12:40";"1";"94";"2";"2";"1";3;48;2
"19734";"202100019734";9;"14:00";"1";"94";"2";"1";"8";6;48;2
"19735";"202100019735";9;"18:30";"1";"94";"2";"2";"2";3;48;2
"19736";"202100019736";9;"18:55";"1";"94";"2";"3";"2";3;48;2
"19737";"202100019737";9;"10:54";"1";"94";"2";"3";"1";2;48;2
"19738";"202100019738";9;"23:25";"5";"94";"2";"2";"1";6;48;2
"19739";"202100019739";9;"09:35";"1";"94";"2";"9";"1";3;48;2
"19740";"202100019740";9;"10:50";"1";"94";"2";"1";"1";4;48;2
"19741";"202100019741";9;"18:00";"1";"94";"2";"2";"2";3;48;2
"19742";"202100019742";9;"18:30";"1";"94";"2";"1";"3";6;48;2
"19743";"202100019743";9;"16:15";"1";"94";"2";"1";"1";7;48;2
"19744";"202100019744";9;"15:20";"1";"93";"2";"3";"1";3;48;2
"19745";"202100019745";9;"09:10";"1";"93";"2";"3";"1";3;48;2
"19746";"202100019746";9;"12:50";"1";"93";"2";"3";"1";3;48;2
"19747";"202100019747";9;"15:10";"1";"93";"2";"3";"1";3;48;2
"19748";"202100019748";9;"21:15";"5";"93";"2";"1";"1";3;48;2
"19749";"202100019749";9;"22:05";"5";"93";"2";"2";"1";3;48;2
"19750";"202100019750";9;"10:15";"1";"93";"2";"1";"1";6;48;2
"19751";"202100019751";9;"16:00";"1";"92";"2";"1";"1";3;48;2
"19752";"202100019752";9;"11:00";"1";"92";"2";"2";"1";3;48;2
"19753";"202100019753";9;"14:05";"1";"92";"2";"1";"1";6;48;2
"19754";"202100019754";9;"20:35";"5";"92";"2";"1";"2";6;48;2
"19755";"202100019755";9;"07:50";"2";"92";"2";"1";"1";3;48;2
"19756";"202100019756";9;"08:20";"1";"2B";"1";"1";"1";7;42;9
"19757";"202100019757";9;"16:38";"1";"38";"1";"2";"1";3;45;4
"19758";"202100019758";9;"06:15";"3";"66";"1";"1";"1";2;42;2
"19759";"202100019759";9;"17:45";"5";"972";"2";"1";"1";6;14;-60
"19760";"202100019760";9;"09:50";"1";"34";"2";"6";"1";3;43;3
"19761";"202100019761";9;"20:52";"5";"51";"2";"1";"1";7;48;3
"19762";"202100019762";9;"03:00";"3";"59";"2";"1";"1";6;50;4
"19763";"202100019763";9;"03:30";"3";"56";"1";"1";"1";6;48;-3
"19764";"202100019764";9;"19:10";"1";"76";"1";"1";"1";7;49;1
"19765";"202100019765";9;"20:15";"5";"2B";"2";"1";"1";1;42;9
"19766";"202100019766";8;"17:15";"1";"2B";"2";"1";"1";1;41;9
"19767";"202100019767";9;"02:30";"3";"80";"2";"1";"1";6;50;2
"19768";"202100019768";8;"12:30";"1";"65";"1";"1";"1";2;42;0
"19769";"202100019769";9;"16:20";"1";"11";"1";"1";"1";6;42;2
"19770";"202100019770";9;"16:55";"1";"89";"1";"1";"1";3;47;3
"19771";"202100019771";9;"19:00";"1";"63";"2";"1";"1";1;45;3
"19772";"202100019772";9;"09:10";"1";"63";"1";"1";"1";6;45;3
"19773";"202100019773";9;"22:15";"3";"63";"1";"1";"1";6;45;3
"19774";"202100019774";9;"16:30";"1";"01";"1";"2";"1";3;46;4
"19775";"202100019775";9;"10:35";"1";"26";"2";"1";"1";7;44;5
"19776";"202100019776";9;"22:30";"3";"14";"2";"3";"1";6;49;0
"19777";"202100019777";9;"18:45";"1";"05";"1";"1";"1";3;44;5
"19778";"202100019778";9;"10:40";"1";"83";"1";"1";"1";1;43;6
"19779";"202100019779";9;"17:25";"1";"60";"1";"1";"1";3;49;1
"19780";"202100019780";9;"13:30";"1";"43";"1";"1";"1";6;45;3
"19781";"202100019781";9;"00:30";"3";"21";"2";"1";"2";6;47;4
"19782";"202100019782";9;"17:45";"1";"21";"1";"1";"1";5;47;4
"19783";"202100019783";9;"10:00";"1";"40";"1";"1";"1";1;43;0
"19784";"202100019784";9;"19:45";"1";"17";"1";"1";"1";7;46;0
"19785";"202100019785";9;"23:30";"3";"37";"1";"1";"1";7;47;1
"19786";"202100019786";9;"00:35";"3";"54";"1";"1";"1";7;48;6
"19787";"202100019787";9;"19:30";"5";"973";"2";"1";"1";1;4;-52
"19788";"202100019788";9;"00:15";"5";"973";"2";"9";"1";7;4;-52
"19789";"202100019789";6;"15:00";"1";"69";"2";"1";"1";3;45;4
"19790";"202100019790";9;"07:20";"2";"18";"1";"1";"1";6;46;2
"19791";"202100019791";9;"10:50";"1";"28";"1";"1";"1";7;48;1
"19792";"202100019792";9;"19:10";"2";"2B";"1";"1";"1";4;42;9
"19793";"202100019793";9;"19:49";"5";"30";"2";"9";"1";6;43;4
"19794";"202100019794";9;"00:10";"3";"84";"1";"6";"1";7;44;4
"19795";"202100019795";9;"05:00";"5";"06";"2";"9";"1";6;43;7
"19796";"202100019796";8;"07:30";"1";"13";"1";"1";"1";3;43;4
"19797";"202100019797";6;"17:15";"1";"67";"2";"1";"1";3;48;7
"19798";"202100019798";9;"08:00";"2";"17";"1";"1";"1";6;45;-1
"19799";"202100019799";9;"13:15";"1";"17";"1";"3";"1";4;45;0
"19800";"202100019800";9;"10:40";"1";"17";"2";"1";"8";3;45;-1
"19801";"202100019801";9;"11:00";"1";"33";"1";"1";"1";6;44;0
"19802";"202100019802";9;"08:26";"1";"22";"1";"2";"1";1;48;-3
"19803";"202100019803";9;"20:40";"3";"60";"1";"1";"1";3;49;2
"19804";"202100019804";9;"16:35";"1";"13";"1";"1";"1";3;43;5
"19805";"202100019805";9;"20:02";"5";"13";"1";"1";"1";6;43;5
"19806";"202100019806";9;"07:40";"1";"13";"1";"1";"1";4;43;5
"19807";"202100019807";9;"16:18";"1";"13";"1";"1";"1";2;43;5
"19808";"202100019808";9;"17:20";"1";"54";"1";"1";"1";3;48;6
"19809";"202100019809";9;"12:15";"1";"33";"1";"1";"1";7;44;0
"19810";"202100019810";9;"08:15";"1";"33";"1";"1";"1";4;44;0
"19811";"202100019811";9;"08:23";"1";"33";"1";"1";"1";2;44;0
"19812";"202100019812";9;"07:15";"1";"91";"1";"1";"1";4;48;2
"19813";"202100019813";9;"08:00";"1";"91";"1";"1";"8";6;48;2
"19814";"202100019814";9;"06:15";"3";"77";"1";"1";"1";7;48;2
"19815";"202100019815";9;"12:30";"1";"92";"1";"1";"1";2;48;2
"19816";"202100019816";9;"07:55";"1";"78";"1";"1";"1";2;48;1
"19817";"202100019817";9;"18:25";"1";"95";"1";"1";"1";5;49;2
"19818";"202100019818";9;"17:15";"1";"95";"1";"1";"2";7;48;2
"19819";"202100019819";9;"10:20";"1";"92";"1";"1";"1";3;48;2
"19820";"202100019820";9;"21:25";"3";"77";"1";"1";"2";6;48;2
"19821";"202100019821";9;"20:05";"5";"94";"1";"1";"1";4;48;2
"19822";"202100019822";9;"17:50";"1";"94";"1";"1";"1";2;48;2
"19823";"202100019823";9;"16:15";"1";"94";"1";"1";"1";4;48;2
"19824";"202100019824";9;"08:05";"1";"94";"1";"1";"1";2;48;2
"19825";"202100019825";9;"22:50";"3";"94";"1";"1";"1";4;48;2
"19826";"202100019826";9;"18:30";"1";"75";"2";"1";"1";6;48;2
"19827";"202100019827";4;"16:00";"1";"19";"2";"2";"1";3;45;1
"19828";"202100019828";6;"20:20";"1";"94";"2";"1";"1";2;48;2
"19829";"202100019829";9;"07:49";"1";"974";"2";"1";"7";6;-21;55
"19830";"202100019830";9;"20:50";"5";"974";"2";"2";"1";1;-20;55
"19831";"202100019831";9;"09:00";"1";"974";"2";"1";"1";3;-20;55
"19832";"202100019832";9;"08:00";"1";"973";"2";"2";"1";3;4;-52
"19833";"202100019833";9;"07:45";"1";"973";"2";"2";"1";3;4;-52
"19834";"202100019834";9;"19:05";"2";"69";"2";"1";"1";3;45;4
"19835";"202100019835";9;"15:10";"1";"69";"2";"1";"1";1;45;4
"19836";"202100019836";9;"11:00";"1";"69";"2";"2";"1";3;45;4
"19837";"202100019837";9;"12:45";"1";"972";"2";"1";"1";3;14;-61
"19838";"202100019838";9;"12:00";"1";"69";"2";"2";"8";6;45;4
"19839";"202100019839";9;"20:30";"5";"69";"2";"1";"1";6;45;4
"19840";"202100019840";9;"08:20";"1";"2B";"2";"1";"7";6;42;9
"19841";"202100019841";9;"07:50";"1";"971";"2";"1";"1";4;16;-61
"19842";"202100019842";9;"18:13";"1";"95";"2";"1";"1";6;48;2
"19843";"202100019843";9;"08:40";"1";"87";"2";"1";"1";6;45;1
"19844";"202100019844";9;"12:16";"1";"87";"2";"1";"1";6;45;1
"19845";"202100019845";9;"19:54";"1";"87";"2";"1";"1";6;45;1
"19846";"202100019846";9;"12:45";"1";"83";"2";"1";"1";3;43;5
"19847";"202100019847";9;"09:35";"1";"83";"1";"1";"1";2;43;6
"19848";"202100019848";9;"09:55";"1";"82";"2";"1";"1";3;44;1
"19849";"202100019849";9;"06:25";"5";"82";"2";"1";"1";2;44;1
"19850";"202100019850";9;"17:40";"1";"81";"2";"1";"8";2;43;2
"19851";"202100019851";9;"21:35";"5";"80";"2";"1";"1";6;49;2
"19852";"202100019852";9;"13:18";"1";"78";"2";"3";"1";3;48;2
"19853";"202100019853";9;"06:25";"5";"78";"2";"2";"1";1;48;2
"19854";"202100019854";9;"09:20";"1";"77";"2";"2";"1";6;48;2
"19855";"202100019855";9;"12:00";"1";"77";"2";"3";"1";3;48;2
"19856";"202100019856";9;"17:50";"1";"72";"2";"1";"1";6;47;0
"19857";"202100019857";9;"13:40";"1";"72";"2";"1";"1";6;48;0
"19858";"202100019858";9;"16:05";"1";"71";"2";"1";"3";7;46;4
"19859";"202100019859";9;"21:55";"5";"69";"2";"1";"1";6;45;4
"19860";"202100019860";9;"15:35";"1";"67";"2";"3";"1";3;48;7
"19861";"202100019861";9;"16:05";"1";"50";"2";"6";"1";2;49;-1
"19862";"202100019862";9;"12:20";"1";"49";"2";"3";"1";3;47;0
"19863";"202100019863";9;"08:50";"1";"49";"2";"6";"1";6;47;0
"19864";"202100019864";9;"08:55";"1";"49";"1";"2";"1";3;47;0
"19865";"202100019865";9;"07:48";"1";"49";"2";"1";"1";2;47;0
"19866";"202100019866";9;"13:53";"1";"49";"2";"1";"1";6;47;0
"19867";"202100019867";9;"17:45";"1";"45";"2";"4";"1";3;47;1
"19868";"202100019868";9;"18:00";"1";"41";"1";"1";"1";6;47;1
"19869";"202100019869";9;"09:05";"1";"41";"1";"6";"1";3;47;1
"19870";"202100019870";9;"09:20";"1";"37";"2";"1";"1";4;47;0
"19871";"202100019871";9;"18:35";"1";"33";"2";"2";"1";3;44;0
"19872";"202100019872";9;"17:10";"1";"33";"2";"1";"1";3;44;0
"19873";"202100019873";9;"17:15";"1";"33";"2";"1";"1";3;44;0
"19874";"202100019874";9;"20:30";"5";"33";"2";"1";"1";3;44;0
"19875";"202100019875";9;"11:10";"1";"33";"2";"3";"2";3;44;0
"19876";"202100019876";9;"11:35";"1";"33";"2";"3";"2";6;44;0
"19877";"202100019877";9;"17:25";"1";"33";"2";"1";"1";6;44;-1
"19878";"202100019878";9;"19:30";"1";"32";"2";"1";"2";2;43;0
"19879";"202100019879";9;"11:55";"1";"29";"1";"1";"1";1;48;-3
"19880";"202100019880";9;"18:20";"1";"27";"2";"1";"1";1;49;1
"19881";"202100019881";9;"11:55";"1";"27";"2";"1";"1";6;49;1
"19882";"202100019882";9;"06:35";"3";"22";"2";"1";"5";1;48;-2
"19883";"202100019883";9;"17:00";"1";"22";"2";"9";"1";6;48;-3
"19884";"202100019884";9;"17:40";"1";"15";"2";"1";"1";1;44;2
"19885";"202100019885";9;"15:20";"1";"14";"2";"9";"1";3;49;0
"19886";"202100019886";9;"12:20";"1";"13";"2";"1";"1";2;43;5
"19887";"202100019887";9;"10:06";"1";"13";"2";"1";"1";3;43;5
"19888";"202100019888";9;"18:45";"1";"13";"2";"3";"1";3;43;5
"19889";"202100019889";9;"01:30";"5";"13";"2";"1";"1";1;43;5
"19890";"202100019890";9;"20:30";"5";"13";"2";"1";"1";6;43;5
"19891";"202100019891";9;"18:20";"1";"13";"2";"1";"1";3;43;5
"19892";"202100019892";9;"08:30";"1";"13";"1";"1";"1";2;43;4
"19893";"202100019893";9;"10:45";"1";"13";"2";"1";"1";2;43;5
"19894";"202100019894";9;"21:12";"5";"06";"2";"1";"1";6;43;7
"19895";"202100019895";9;"09:37";"1";"06";"2";"1";"1";3;43;7
"19896";"202100019896";9;"09:45";"1";"03";"2";"1";"1";2;46;3
"19897";"202100019897";9;"04:30";"3";"02";"1";"9";"3";6;49;3
"19898";"202100019898";9;"19:00";"1";"75";"2";"2";"1";3;48;2
"19899";"202100019899";9;"00:01";"5";"75";"2";"1";"2";2;48;2
"19900";"202100019900";9;"14:05";"1";"75";"2";"3";"1";4;48;2
"19901";"202100019901";9;"11:20";"1";"75";"2";"7";"1";3;48;2
"19902";"202100019902";9;"18:45";"1";"75";"2";"2";"1";6;48;2
"19903";"202100019903";9;"08:50";"1";"75";"2";"2";"1";3;48;2
"19904";"202100019904";9;"13:00";"1";"75";"2";"5";"1";7;48;2
"19905";"202100019905";9;"19:20";"1";"75";"2";"3";"2";4;48;2
"19906";"202100019906";9;"17:20";"1";"75";"2";"4";"1";3;48;2
"19907";"202100019907";9;"16:15";"1";"75";"2";"1";"1";3;48;2
"19908";"202100019908";9;"09:25";"1";"75";"2";"4";"1";3;48;2
"19909";"202100019909";9;"19:30";"1";"75";"2";"2";"2";7;48;2
"19910";"202100019910";9;"19:00";"1";"75";"2";"3";"8";3;48;2
"19911";"202100019911";9;"23:30";"5";"75";"2";"7";"1";6;48;2
"19912";"202100019912";9;"11:30";"1";"94";"1";"1";"1";2;48;2
"19913";"202100019913";9;"22:20";"5";"94";"2";"3";"2";1;48;2
"19914";"202100019914";9;"17:15";"1";"94";"2";"2";"1";3;48;2
"19915";"202100019915";9;"10:00";"1";"94";"2";"1";"1";6;48;2
"19916";"202100019916";9;"18:05";"1";"94";"2";"1";"1";6;48;2
"19917";"202100019917";9;"06:35";"2";"94";"2";"9";"2";3;48;2
"19918";"202100019918";9;"13:20";"1";"94";"2";"3";"1";6;48;2
"19919";"202100019919";9;"03:13";"5";"93";"2";"1";"2";7;48;2
"19920";"202100019920";9;"08:50";"1";"93";"2";"1";"8";3;48;2
"19921";"202100019921";9;"15:40";"1";"93";"2";"1";"1";5;48;2
"19922";"202100019922";9;"22:30";"5";"93";"2";"2";"1";3;48;2
"19923";"202100019923";9;"13:35";"1";"93";"2";"3";"1";3;48;2
"19924";"202100019924";9;"17:10";"1";"93";"2";"1";"1";1;48;2
"19925";"202100019925";9;"13:50";"1";"93";"2";"1";"1";5;48;2
"19926";"202100019926";9;"08:25";"1";"93";"2";"1";"1";6;48;2
"19927";"202100019927";9;"15:50";"1";"93";"2";"3";"1";3;48;2
"19928";"202100019928";9;"12:00";"1";"92";"2";"1";"1";3;48;2
"19929";"202100019929";9;"19:10";"1";"92";"2";"1";"1";6;48;2
"19930";"202100019930";9;"13:30";"1";"92";"2";"3";"1";3;48;2
"19931";"202100019931";9;"08:40";"1";"92";"2";"1";"1";1;48;2
"19932";"202100019932";9;"20:55";"5";"92";"2";"1";"1";7;48;2
"19933";"202100019933";9;"20:44";"5";"92";"2";"1";"1";6;48;2
"19934";"202100019934";9;"17:15";"1";"92";"2";"1";"1";3;48;2
"19935";"202100019935";9;"10:00";"1";"92";"2";"3";"1";3;48;2
"19936";"202100019936";9;"23:30";"3";"76";"1";"2";"1";3;49;0
"19937";"202100019937";9;"22:00";"3";"35";"1";"1";"1";3;47;-2
"19938";"202100019938";5;"17:45";"1";"35";"1";"1";"1";1;47;-1
"19939";"202100019939";9;"09:00";"1";"47";"1";"2";"5";3;44;0
"19940";"202100019940";9;"15:30";"1";"33";"1";"1";"1";1;44;0
"19941";"202100019941";9;"15:30";"1";"84";"1";"1";"8";1;44;5
"19942";"202100019942";9;"09:45";"1";"81";"1";"1";"1";6;43;2
"19943";"202100019943";9;"10:30";"1";"11";"1";"3";"1";3;43;2
"19944";"202100019944";9;"09:00";"1";"64";"2";"2";"8";1;43;0
"19945";"202100019945";9;"06:40";"2";"34";"1";"1";"2";6;43;3
"19946";"202100019946";9;"09:15";"1";"2B";"1";"1";"2";2;42;9
"19947";"202100019947";9;"04:42";"5";"37";"1";"1";"1";6;47;0
"19948";"202100019948";9;"17:55";"1";"35";"1";"1";"1";6;48;-1
"19949";"202100019949";9;"19:30";"1";"56";"1";"1";"1";6;47;-2
"19950";"202100019950";9;"08:40";"1";"74";"2";"1";"1";3;45;6
"19951";"202100019951";9;"12:30";"1";"74";"1";"3";"2";3;45;6
"19952";"202100019952";9;"19:00";"1";"76";"1";"1";"1";1;49;0
"19953";"202100019953";9;"19:53";"2";"46";"1";"1";"3";6;44;1
"19954";"202100019954";9;"07:20";"2";"86";"1";"1";"1";5;46;0
"19955";"202100019955";9;"17:30";"1";"68";"1";"1";"1";6;48;7
"19956";"202100019956";9;"09:24";"1";"25";"1";"1";"1";7;46;6
"19957";"202100019957";9;"07:27";"2";"25";"1";"1";"9";5;46;6
"19958";"202100019958";9;"00:15";"5";"44";"2";"1";"1";6;47;-2
"19959";"202100019959";9;"03:30";"3";"29";"1";"1";"8";7;48;-4
"19960";"202100019960";9;"21:45";"3";"01";"1";"1";"1";5;45;5
"19961";"202100019961";9;"18:45";"2";"72";"1";"1";"1";3;48;0
"19962";"202100019962";9;"07:50";"1";"06";"2";"1";"1";1;43;7
"19963";"202100019963";9;"22:07";"3";"14";"1";"1";"1";6;49;0
"19964";"202100019964";9;"08:25";"1";"14";"2";"1";"2";6;49;0
"19965";"202100019965";9;"16:50";"1";"64";"1";"1";"2";3;43;0
"19966";"202100019966";9;"09:50";"1";"73";"1";"1";"1";7;45;6
"19967";"202100019967";8;"06:40";"2";"40";"1";"1";"1";1;43;0
"19968";"202100019968";9;"12:50";"1";"40";"1";"1";"1";6;44;0
"19969";"202100019969";9;"20:00";"2";"24";"1";"1";"2";1;45;1
"19970";"202100019970";9;"07:10";"1";"85";"2";"1";"2";1;46;-1
"19971";"202100019971";9;"17:30";"1";"27";"1";"3";"1";7;49;1
"19972";"202100019972";8;"22:00";"3";"37";"1";"3";"1";3;47;0
"19973";"202100019973";9;"18:00";"1";"08";"1";"1";"1";1;49;4
"19974";"202100019974";9;"13:15";"1";"973";"2";"9";"1";3;4;-52
"19975";"202100019975";9;"16:17";"1";"67";"1";"1";"1";3;48;7
"19976";"202100019976";8;"17:45";"1";"34";"2";"1";"1";6;43;3
"19977";"202100019977";9;"14:30";"1";"06";"2";"1";"1";7;43;7
"19978";"202100019978";8;"21:35";"5";"06";"2";"4";"1";6;43;7
"19979";"202100019979";8;"08:30";"1";"57";"1";"1";"1";4;48;7
"19980";"202100019980";9;"09:50";"1";"38";"1";"1";"1";2;45;5
"19981";"202100019981";9;"14:51";"1";"51";"1";"1";"2";7;48;4
"19982";"202100019982";9;"12:00";"1";"51";"1";"1";"1";7;49;4
"19983";"202100019983";9;"15:52";"1";"51";"1";"9";"1";1;48;4
"19984";"202100019984";9;"10:18";"1";"51";"1";"1";"1";2;48;4
"19985";"202100019985";9;"08:00";"1";"971";"2";"2";"1";6;16;-61
"19986";"202100019986";9;"15:15";"1";"28";"1";"1";"1";3;48;1
"19987";"202100019987";9;"15:40";"1";"77";"1";"1";"7";7;48;2
"19988";"202100019988";9;"09:23";"1";"2B";"2";"2";"7";2;42;8
"19989";"202100019989";9;"10:00";"1";"84";"1";"2";"3";3;43;5
"19990";"202100019990";9;"14:40";"1";"26";"1";"1";"1";2;44;4
"19991";"202100019991";9;"08:20";"1";"71";"2";"1";"1";7;46;4
"19992";"202100019992";9;"17:00";"1";"68";"2";"4";"1";1;47;7
"19993";"202100019993";9;"16:30";"1";"55";"2";"1";"1";6;49;5
"19994";"202100019994";9;"14:40";"1";"42";"2";"1";"1";6;45;4
"19995";"202100019995";9;"21:20";"5";"01";"2";"6";"1";6;46;6
"19996";"202100019996";9;"17:40";"1";"69";"2";"1";"1";5;45;4
"19997";"202100019997";9;"17:07";"1";"69";"1";"6";"1";7;45;4
"19998";"202100019998";9;"12:45";"1";"81";"2";"1";"1";6;43;1
"19999";"202100019999";9;"14:05";"1";"33";"2";"3";"1";6;45;0
"20000";"202100020000";9;"18:45";"1";"33";"1";"3";"2";3;45;0
"20001";"202100020001";9;"16:10";"1";"33";"2";"9";"2";2;44;0
"20002";"202100020002";9;"00:45";"3";"22";"1";"1";"2";7;48;-2
"20003";"202100020003";9;"04:50";"4";"35";"1";"2";"1";3;48;-1
"20004";"202100020004";9;"14:20";"1";"27";"1";"1";"3";3;48;0
"20005";"202100020005";9;"16:45";"1";"62";"2";"1";"1";6;50;1
"20006";"202100020006";9;"16:57";"1";"13";"1";"1";"1";7;43;5
"20007";"202100020007";9;"10:00";"1";"13";"1";"1";"1";4;43;5
"20008";"202100020008";9;"15:25";"1";"13";"1";"1";"1";4;43;5
"20009";"202100020009";9;"10:25";"1";"57";"1";"1";"2";4;49;6
"20010";"202100020010";9;"19:00";"1";"33";"1";"1";"1";2;44;0
"20011";"202100020011";9;"08:00";"1";"33";"1";"1";"1";4;44;0
"20012";"202100020012";9;"16:40";"1";"91";"1";"1";"1";4;48;2
"20013";"202100020013";9;"17:05";"1";"94";"1";"1";"1";3;48;2
"20014";"202100020014";9;"09:02";"1";"78";"1";"1";"1";2;48;2
"20015";"202100020015";9;"09:30";"1";"78";"1";"1";"2";3;48;2
"20016";"202100020016";9;"08:44";"1";"78";"1";"1";"1";2;48;2
"20017";"202100020017";9;"20:30";"3";"93";"1";"1";"1";6;48;2