"";"Num_Acc";"mois";"hrmn";"lum";"dep";"agg";"int";"atm";"col";"lat";"long"
"20018";"202100020018";9;"19:00";"1";"93";"1";"1";"1";7;48;2
"20019";"202100020019";9;"18:00";"1";"92";"1";"1";"1";4;48;2
"20020";"202100020020";9;"23:30";"3";"95";"1";"1";"2";4;49;2
"20021";"202100020021";9;"20:00";"1";"93";"1";"1";"1";2;48;2
"20022";"202100020022";9;"00:20";"5";"93";"1";"9";"1";2;48;2
"20023";"202100020023";9;"07:50";"1";"94";"1";"1";"1";2;48;2
"20024";"202100020024";9;"19:50";"2";"94";"1";"1";"1";4;48;2
"20025";"202100020025";9;"08:45";"1";"77";"1";"1";"7";3;48;2
"20026";"202100020026";9;"03:25";"5";"94";"1";"1";"1";2;48;2
"20027";"202100020027";9;"21:45";"5";"94";"1";"1";"1";6;48;2
"20028";"202100020028";5;"16:40";"1";"34";"2";"2";"1";3;43;3
"20029";"202100020029";9;"18:12";"1";"26";"2";"1";"7";6;44;4
"20030";"202100020030";9;"18:40";"1";"11";"2";"9";"1";6;43;3
"20031";"202100020031";9;"09:20";"1";"44";"2";"1";"1";6;47;-2
"20032";"202100020032";9;"20:21";"5";"75";"2";"7";"1";6;48;2
"20033";"202100020033";5;"15:25";"1";"23";"2";"1";"1";6;46;1
"20034";"202100020034";5;"23:55";"3";"02";"1";"1";"1";1;49;3
"20035";"202100020035";5;"15:50";"1";"14";"1";"3";"1";3;49;0
"20036";"202100020036";9;"06:20";"2";"974";"1";"1";"1";7;-21;55
"20037";"202100020037";9;"18:00";"5";"974";"2";"1";"1";6;-20;55
"20038";"202100020038";9;"08:00";"1";"974";"2";"3";"1";3;-20;55
"20039";"202100020039";9;"23:45";"5";"69";"2";"2";"1";3;45;4
"20040";"202100020040";9;"20:00";"5";"69";"2";"2";"1";3;45;4
"20041";"202100020041";9;"19:40";"1";"69";"2";"1";"1";2;45;4
"20042";"202100020042";9;"16:20";"1";"69";"2";"1";"1";3;45;4
"20043";"202100020043";9;"18:20";"1";"69";"2";"3";"1";6;45;4
"20044";"202100020044";9;"09:50";"1";"69";"2";"9";"7";3;45;4
"20045";"202100020045";9;"08:45";"1";"69";"2";"1";"1";6;45;4
"20046";"202100020046";9;"16:15";"1";"2B";"1";"1";"1";2;42;9
"20047";"202100020047";9;"16:15";"1";"2B";"2";"1";"1";2;42;9
"20048";"202100020048";9;"12:50";"1";"2B";"2";"1";"1";3;42;9
"20049";"202100020049";9;"11:00";"1";"971";"2";"1";"1";2;16;-61
"20050";"202100020050";9;"00:45";"5";"2A";"1";"1";"1";1;41;8
"20051";"202100020051";9;"23:30";"5";"95";"2";"1";"2";3;49;2
"20052";"202100020052";9;"17:40";"1";"95";"2";"1";"7";6;48;2
"20053";"202100020053";9;"18:30";"1";"91";"2";"1";"2";3;48;2
"20054";"202100020054";9;"18:28";"1";"88";"1";"3";"1";5;48;6
"20055";"202100020055";9;"10:15";"1";"87";"2";"2";"1";6;45;1
"20056";"202100020056";9;"08:20";"1";"86";"1";"1";"1";2;46;0
"20057";"202100020057";6;"14:45";"1";"85";"2";"2";"1";3;46;-1
"20058";"202100020058";9;"19:40";"2";"83";"2";"9";"8";3;43;5
"20059";"202100020059";9;"17:30";"1";"83";"2";"1";"1";7;43;6
"20060";"202100020060";9;"10:30";"1";"83";"1";"1";"1";3;43;5
"20061";"202100020061";9;"15:15";"1";"83";"2";"1";"1";3;43;6
"20062";"202100020062";9;"11:20";"1";"77";"2";"4";"1";2;48;2
"20063";"202100020063";9;"19:10";"1";"77";"1";"3";"1";1;48;3
"20064";"202100020064";9;"15:00";"1";"73";"2";"3";"1";6;45;5
"20065";"202100020065";9;"11:00";"1";"69";"2";"1";"1";3;45;4
"20066";"202100020066";9;"00:25";"5";"69";"2";"1";"1";6;45;4
"20067";"202100020067";9;"18:45";"1";"69";"1";"2";"7";3;45;4
"20068";"202100020068";9;"07:45";"1";"67";"2";"3";"7";6;48;7
"20069";"202100020069";9;"18:35";"1";"60";"1";"6";"7";3;49;2
"20070";"202100020070";9;"12:15";"1";"59";"2";"1";"1";6;50;3
"20071";"202100020071";9;"09:00";"1";"59";"2";"2";"7";1;50;3
"20072";"202100020072";9;"19:40";"1";"59";"2";"1";"1";6;50;3
"20073";"202100020073";9;"07:55";"1";"51";"2";"2";"1";3;49;4
"20074";"202100020074";9;"15:09";"1";"49";"2";"1";"1";3;47;0
"20075";"202100020075";9;"18:00";"1";"45";"2";"2";"1";1;47;1
"20076";"202100020076";9;"13:40";"1";"38";"2";"1";"1";7;45;5
"20077";"202100020077";9;"16:47";"1";"37";"2";"2";"1";6;47;0
"20078";"202100020078";9;"14:38";"1";"37";"2";"2";"1";2;47;0
"20079";"202100020079";9;"11:00";"1";"35";"1";"1";"1";4;48;-1
"20080";"202100020080";9;"15:00";"1";"33";"2";"1";"1";4;44;0
"20081";"202100020081";9;"08:58";"1";"32";"2";"1";"1";7;43;0
"20082";"202100020082";8;"08:30";"1";"22";"2";"1";"1";6;48;-2
"20083";"202100020083";9;"19:35";"2";"17";"2";"1";"1";3;46;-1
"20084";"202100020084";9;"18:20";"1";"15";"2";"2";"1";1;44;2
"20085";"202100020085";9;"07:30";"1";"13";"2";"1";"1";3;43;5
"20086";"202100020086";9;"10:00";"1";"13";"1";"1";"1";3;43;5
"20087";"202100020087";9;"09:00";"1";"13";"2";"1";"1";6;43;5
"20088";"202100020088";9;"06:10";"2";"13";"2";"1";"1";3;43;5
"20089";"202100020089";9;"06:10";"5";"13";"2";"1";"1";1;43;5
"20090";"202100020090";9;"16:48";"1";"10";"2";"1";"1";6;48;4
"20091";"202100020091";9;"13:25";"1";"10";"2";"1";"1";6;48;4
"20092";"202100020092";9;"17:50";"1";"02";"2";"3";"7";3;49;3
"20093";"202100020093";9;"17:58";"1";"02";"2";"1";"1";7;49;3
"20094";"202100020094";9;"19:10";"1";"01";"1";"1";"1";6;46;5
"20095";"202100020095";9;"07:35";"1";"75";"2";"4";"1";2;48;2
"20096";"202100020096";9;"14:49";"1";"75";"2";"1";"7";4;48;2
"20097";"202100020097";9;"21:56";"5";"75";"2";"1";"1";3;48;2
"20098";"202100020098";9;"13:15";"1";"75";"2";"2";"1";2;48;2
"20099";"202100020099";9;"09:45";"1";"75";"2";"3";"1";2;48;2
"20100";"202100020100";9;"22:00";"5";"75";"2";"3";"8";1;48;2
"20101";"202100020101";9;"18:50";"1";"75";"2";"7";"1";6;48;2
"20102";"202100020102";9;"13:50";"1";"75";"2";"2";"1";3;48;2
"20103";"202100020103";9;"17:50";"1";"75";"2";"7";"1";3;48;2
"20104";"202100020104";9;"14:15";"1";"75";"2";"4";"1";6;48;2
"20105";"202100020105";9;"07:50";"1";"75";"2";"2";"1";3;48;2
"20106";"202100020106";9;"09:00";"1";"75";"2";"3";"1";3;48;2
"20107";"202100020107";9;"08:30";"1";"75";"2";"4";"1";2;48;2
"20108";"202100020108";9;"10:05";"1";"75";"2";"2";"1";3;48;2
"20109";"202100020109";9;"22:00";"5";"75";"2";"3";"2";6;48;2
"20110";"202100020110";9;"08:30";"1";"75";"2";"1";"1";3;48;2
"20111";"202100020111";9;"21:55";"5";"75";"2";"3";"2";2;48;2
"20112";"202100020112";9;"09:25";"1";"75";"2";"3";"1";3;48;2
"20113";"202100020113";9;"14:35";"1";"75";"2";"1";"1";6;48;2
"20114";"202100020114";9;"11:55";"1";"94";"2";"3";"1";3;48;2
"20115";"202100020115";9;"09:20";"1";"94";"2";"1";"1";1;48;2
"20116";"202100020116";9;"14:10";"1";"94";"2";"1";"1";6;48;2
"20117";"202100020117";9;"07:56";"1";"94";"2";"1";"1";6;48;2
"20118";"202100020118";8;"15:30";"1";"94";"2";"1";"1";6;48;2
"20119";"202100020119";9;"21:00";"5";"94";"2";"9";"1";1;48;2
"20120";"202100020120";9;"09:15";"1";"94";"2";"1";"7";6;48;2
"20121";"202100020121";9;"09:00";"1";"94";"2";"2";"1";7;48;2
"20122";"202100020122";9;"12:45";"1";"93";"2";"6";"1";2;48;2
"20123";"202100020123";9;"17:10";"1";"93";"2";"1";"1";3;48;2
"20124";"202100020124";9;"21:25";"5";"93";"2";"1";"1";3;48;2
"20125";"202100020125";9;"09:50";"1";"93";"2";"9";"1";3;48;2
"20126";"202100020126";9;"12:10";"1";"93";"2";"1";"1";1;48;2
"20127";"202100020127";9;"22:30";"5";"93";"2";"2";"2";1;48;2
"20128";"202100020128";9;"17:20";"1";"93";"2";"1";"1";2;48;2
"20129";"202100020129";9;"14:30";"1";"93";"2";"1";"1";2;48;2
"20130";"202100020130";9;"13:45";"1";"93";"2";"3";"1";1;48;2
"20131";"202100020131";9;"18:45";"1";"93";"2";"1";"1";3;48;2
"20132";"202100020132";9;"14:00";"1";"92";"2";"3";"1";3;48;2
"20133";"202100020133";9;"23:40";"5";"92";"2";"1";"1";6;48;2
"20134";"202100020134";9;"18:45";"1";"92";"2";"3";"1";3;48;2
"20135";"202100020135";9;"17:30";"1";"92";"2";"1";"1";2;48;2
"20136";"202100020136";9;"11:40";"1";"92";"2";"1";"1";6;48;2
"20137";"202100020137";9;"18:00";"1";"83";"2";"1";"1";6;43;6
"20138";"202100020138";9;"16:30";"1";"86";"2";"3";"2";1;46;0
"20139";"202100020139";9;"16:30";"1";"91";"1";"1";"1";1;48;2
"20140";"202100020140";9;"07:34";"1";"91";"2";"3";"1";6;48;2
"20141";"202100020141";9;"20:50";"3";"76";"1";"1";"1";7;49;1
"20142";"202100020142";9;"18:50";"1";"58";"1";"1";"1";1;47;3
"20143";"202100020143";9;"15:50";"1";"58";"1";"1";"8";7;47;3
"20144";"202100020144";9;"11:00";"1";"22";"1";"1";"1";7;48;-2
"20145";"202100020145";9;"20:30";"3";"04";"1";"3";"1";3;44;6
"20146";"202100020146";9;"08:45";"1";"51";"1";"1";"1";7;48;3
"20147";"202100020147";9;"11:38";"1";"2B";"2";"4";"1";7;42;9
"20148";"202100020148";9;"18:10";"1";"80";"1";"1";"7";1;49;2
"20149";"202100020149";9;"08:05";"1";"80";"2";"1";"1";6;50;2
"20150";"202100020150";9;"17:37";"1";"80";"1";"4";"1";1;49;1
"20151";"202100020151";9;"07:00";"1";"68";"2";"3";"1";6;47;7
"20152";"202100020152";9;"21:40";"5";"39";"1";"2";"1";3;46;5
"20153";"202100020153";8;"09:21";"1";"31";"2";"1";"1";6;43;1
"20154";"202100020154";9;"11:45";"1";"50";"2";"1";"8";6;48;-1
"20155";"202100020155";8;"16:40";"1";"90";"2";"1";"1";3;47;6
"20156";"202100020156";9;"17:15";"1";"60";"2";"1";"1";6;49;3
"20157";"202100020157";8;"18:55";"1";"43";"2";"2";"1";3;45;3
"20158";"202100020158";9;"02:30";"3";"24";"1";"1";"1";6;45;0
"20159";"202100020159";9;"13:30";"1";"27";"1";"1";"1";1;49;1
"20160";"202100020160";9;"16:00";"1";"17";"2";"1";"1";7;45;-1
"20161";"202100020161";8;"18:00";"1";"17";"1";"1";"1";7;46;0
"20162";"202100020162";8;"15:50";"1";"48";"2";"3";"1";3;44;3
"20163";"202100020163";9;"09:08";"1";"88";"2";"6";"1";6;48;6
"20164";"202100020164";9;"12:15";"1";"10";"1";"1";"1";2;48;4
"20165";"202100020165";9;"01:15";"3";"63";"1";"9";"1";5;46;3
"20166";"202100020166";9;"07:29";"2";"44";"1";"3";"1";3;47;-2
"20167";"202100020167";9;"15:25";"1";"49";"1";"3";"1";7;47;0
"20168";"202100020168";9;"05:45";"2";"51";"1";"1";"1";7;49;4
"20169";"202100020169";9;"19:00";"1";"74";"1";"1";"1";2;46;6
"20170";"202100020170";9;"17:35";"1";"76";"1";"1";"1";4;49;1
"20171";"202100020171";6;"08:10";"1";"62";"1";"1";"1";7;50;3
"20172";"202100020172";9;"12:55";"1";"974";"1";"1";"1";1;-20;55
"20173";"202100020173";9;"10:58";"1";"971";"2";"6";"1";1;16;-61
"20174";"202100020174";9;"14:00";"1";"971";"2";"2";"1";3;16;-61
"20175";"202100020175";9;"19:15";"3";"971";"1";"1";"1";3;16;-61
"20176";"202100020176";9;"19:40";"2";"37";"2";"6";"2";6;47;1
"20177";"202100020177";9;"07:45";"1";"45";"1";"1";"9";2;47;2
"20178";"202100020178";9;"08:20";"1";"34";"2";"3";"1";3;43;3
"20179";"202100020179";9;"08:30";"1";"13";"2";"6";"1";3;43;4
"20180";"202100020180";9;"16:00";"1";"13";"1";"1";"1";3;43;5
"20181";"202100020181";9;"02:45";"3";"26";"1";"1";"1";6;44;4
"20182";"202100020182";9;"09:30";"1";"67";"2";"1";"1";2;48;7
"20183";"202100020183";9;"00:30";"3";"26";"1";"1";"1";6;44;4
"20184";"202100020184";9;"23:30";"4";"07";"2";"1";"1";6;45;4
"20185";"202100020185";9;"19:15";"2";"69";"1";"1";"1";7;45;4
"20186";"202100020186";9;"17:45";"1";"69";"2";"6";"1";3;45;4
"20187";"202100020187";9;"19:25";"1";"33";"1";"1";"1";6;45;0
"20188";"202100020188";9;"08:33";"1";"85";"2";"9";"1";6;46;0
"20189";"202100020189";9;"17:10";"1";"29";"1";"1";"1";7;48;-4
"20190";"202100020190";9;"19:45";"1";"29";"1";"1";"1";1;48;-4
"20191";"202100020191";9;"16:40";"1";"62";"1";"1";"1";2;50;1
"20192";"202100020192";7;"23:30";"5";"69";"1";"1";"1";3;45;4
"20193";"202100020193";9;"08:16";"1";"33";"1";"1";"2";3;44;0
"20194";"202100020194";9;"13:30";"1";"33";"1";"1";"1";2;44;0
"20195";"202100020195";9;"20:15";"1";"33";"1";"1";"1";2;44;0
"20196";"202100020196";9;"17:55";"1";"59";"1";"1";"1";7;51;2
"20197";"202100020197";9;"12:15";"1";"59";"1";"1";"1";5;50;2
"20198";"202100020198";9;"14:45";"1";"94";"1";"1";"1";3;48;2
"20199";"202100020199";9;"09:25";"1";"91";"1";"1";"1";4;48;2
"20200";"202100020200";9;"08:38";"1";"91";"1";"1";"1";3;48;2
"20201";"202100020201";9;"04:10";"3";"91";"1";"1";"1";5;48;2
"20202";"202100020202";9;"08:40";"1";"78";"1";"1";"1";3;48;2
"20203";"202100020203";9;"08:30";"1";"92";"1";"1";"1";3;48;2
"20204";"202100020204";9;"23:30";"3";"78";"1";"1";"1";2;48;1
"20205";"202100020205";9;"08:20";"1";"93";"1";"1";"1";3;48;2
"20206";"202100020206";9;"01:10";"3";"94";"1";"1";"1";4;48;2
"20207";"202100020207";9;"23:00";"3";"94";"1";"1";"1";6;48;2
"20208";"202100020208";9;"21:35";"3";"94";"1";"1";"1";6;48;2
"20209";"202100020209";9;"01:20";"5";"33";"2";"1";"1";6;44;0
"20210";"202100020210";9;"06:40";"1";"976";"2";"1";"1";6;-12;45
"20211";"202100020211";9;"08:05";"1";"54";"2";"1";"1";6;48;6
"20212";"202100020212";9;"09:30";"1";"33";"2";"1";"1";6;44;-1
"20213";"202100020213";9;"16:45";"1";"59";"2";"1";"1";6;50;2
"20214";"202100020214";9;"19:30";"1";"38";"2";"1";"1";1;45;5
"20215";"202100020215";9;"09:30";"1";"77";"2";"6";"1";6;48;2
"20216";"202100020216";8;"20:27";"1";"28";"2";"3";"1";6;48;1
"20217";"202100020217";5;"07:50";"1";"76";"2";"1";"1";1;49;0
"20218";"202100020218";6;"18:20";"1";"77";"1";"1";"1";3;48;2
"20219";"202100020219";9;"18:30";"5";"974";"2";"3";"2";3;-20;55
"20220";"202100020220";9;"15:50";"1";"974";"2";"1";"1";3;-20;55
"20221";"202100020221";9;"07:30";"1";"974";"2";"1";"1";6;-20;55
"20222";"202100020222";9;"15:10";"1";"974";"2";"1";"1";1;-20;55
"20223";"202100020223";9;"07:25";"1";"974";"1";"1";"1";3;-20;55
"20224";"202100020224";9;"18:10";"2";"974";"2";"6";"1";3;-20;55
"20225";"202100020225";9;"15:00";"1";"973";"2";"1";"1";3;4;-52
"20226";"202100020226";9;"01:45";"5";"69";"2";"2";"9";3;45;4
"20227";"202100020227";9;"00:00";"5";"69";"2";"3";"1";1;45;4
"20228";"202100020228";9;"12:15";"1";"69";"2";"3";"1";3;45;4
"20229";"202100020229";9;"19:00";"1";"91";"2";"1";"1";3;48;2
"20230";"202100020230";9;"08:45";"1";"91";"2";"1";"1";2;48;2
"20231";"202100020231";9;"06:15";"3";"91";"1";"1";"1";3;48;2
"20232";"202100020232";9;"10:55";"1";"91";"2";"1";"1";6;48;2
"20233";"202100020233";9;"09:00";"1";"91";"2";"1";"1";6;48;2
"20234";"202100020234";9;"18:34";"1";"87";"2";"6";"1";3;45;1
"20235";"202100020235";9;"15:55";"1";"87";"2";"1";"1";6;45;1
"20236";"202100020236";9;"04:45";"5";"87";"2";"2";"1";6;45;1
"20237";"202100020237";9;"03:15";"5";"87";"2";"3";"1";6;45;1
"20238";"202100020238";9;"19:55";"1";"87";"2";"1";"1";6;45;1
"20239";"202100020239";9;"13:40";"1";"86";"2";"2";"1";3;46;0
"20240";"202100020240";9;"10:50";"1";"84";"1";"9";"1";3;44;4
"20241";"202100020241";9;"15:40";"1";"82";"2";"2";"1";3;44;1
"20242";"202100020242";9;"20:06";"2";"80";"2";"1";"1";6;49;2
"20243";"202100020243";9;"14:50";"1";"80";"2";"1";"1";1;49;2
"20244";"202100020244";9;"13:50";"1";"80";"2";"1";"1";6;49;2
"20245";"202100020245";9;"22:00";"5";"80";"2";"1";"1";1;49;2
"20246";"202100020246";9;"21:20";"2";"78";"2";"2";"1";3;48;2
"20247";"202100020247";9;"08:45";"2";"78";"2";"4";"1";6;48;2
"20248";"202100020248";9;"21:18";"3";"77";"1";"1";"1";2;49;2
"20249";"202100020249";9;"18:05";"1";"77";"1";"1";"1";3;48;2
"20250";"202100020250";9;"21:35";"5";"76";"2";"3";"1";5;49;1
"20251";"202100020251";9;"18:15";"1";"76";"1";"4";"1";2;49;0
"20252";"202100020252";9;"15:50";"1";"76";"2";"2";"1";3;49;0
"20253";"202100020253";7;"06:10";"1";"76";"2";"1";"1";2;49;0
"20254";"202100020254";9;"11:45";"1";"74";"2";"3";"1";1;46;6
"20255";"202100020255";9;"11:25";"1";"74";"2";"3";"1";3;46;6
"20256";"202100020256";9;"12:55";"1";"74";"2";"3";"1";3;46;6
"20257";"202100020257";9;"10:25";"1";"74";"2";"1";"1";6;46;6
"20258";"202100020258";9;"18:15";"1";"72";"2";"1";"1";3;47;0
"20259";"202100020259";9;"11:50";"1";"71";"2";"6";"1";2;46;4
"20260";"202100020260";9;"18:15";"1";"69";"2";"1";"7";3;45;4
"20261";"202100020261";9;"15:00";"1";"69";"2";"3";"1";3;45;4
"20262";"202100020262";9;"21:00";"5";"69";"2";"2";"1";3;45;4
"20263";"202100020263";9;"18:20";"1";"69";"2";"1";"7";6;45;4
"20264";"202100020264";9;"10:15";"1";"69";"2";"2";"1";3;45;4
"20265";"202100020265";9;"10:00";"1";"64";"2";"1";"1";3;43;-1
"20266";"202100020266";9;"21:30";"5";"63";"2";"2";"1";3;45;3
"20267";"202100020267";9;"21:17";"5";"63";"2";"2";"1";3;45;3
"20268";"202100020268";9;"00:02";"5";"63";"2";"1";"1";6;45;3
"20269";"202100020269";9;"21:04";"5";"63";"2";"1";"1";3;45;3
"20270";"202100020270";9;"11:45";"1";"63";"2";"3";"1";3;45;3
"20271";"202100020271";9;"16:59";"1";"63";"2";"2";"1";3;45;3
"20272";"202100020272";9;"10:37";"1";"63";"2";"1";"1";6;45;3
"20273";"202100020273";9;"20:09";"1";"59";"2";"1";"1";6;50;3
"20274";"202100020274";9;"14:28";"1";"57";"2";"1";"1";6;49;6
"20275";"202100020275";9;"16:58";"1";"57";"2";"1";"1";7;49;6
"20276";"202100020276";9;"11:45";"1";"56";"2";"6";"1";3;47;-3
"20277";"202100020277";9;"18:09";"1";"54";"2";"1";"1";3;48;6
"20278";"202100020278";9;"17:16";"1";"54";"2";"1";"1";2;48;6
"20279";"202100020279";9;"09:55";"1";"51";"2";"2";"1";3;49;4
"20280";"202100020280";9;"12:15";"1";"50";"2";"3";"1";3;49;-1
"20281";"202100020281";9;"18:30";"1";"49";"2";"6";"1";2;47;0
"20282";"202100020282";9;"19:42";"1";"49";"2";"2";"1";1;47;0
"20283";"202100020283";9;"16:39";"1";"49";"2";"1";"1";3;47;0
"20284";"202100020284";9;"19:30";"1";"46";"2";"9";"1";7;44;1
"20285";"202100020285";9;"07:30";"1";"45";"2";"1";"1";1;47;1
"20286";"202100020286";9;"14:50";"1";"37";"2";"1";"1";3;47;0
"20287";"202100020287";9;"11:09";"1";"37";"2";"6";"1";6;47;0
"20288";"202100020288";9;"12:00";"1";"35";"1";"1";"1";4;48;-1
"20289";"202100020289";9;"10:00";"1";"35";"2";"6";"1";6;48;-1
"20290";"202100020290";9;"09:10";"1";"34";"2";"3";"1";3;43;3
"20291";"202100020291";9;"09:55";"1";"33";"2";"2";"1";3;44;0
"20292";"202100020292";9;"06:03";"5";"33";"2";"1";"1";6;44;0
"20293";"202100020293";9;"23:00";"5";"33";"2";"1";"1";2;44;0
"20294";"202100020294";9;"12:00";"1";"33";"2";"2";"1";6;44;0
"20295";"202100020295";9;"00:40";"5";"33";"2";"1";"1";6;44;0
"20296";"202100020296";9;"17:45";"1";"31";"2";"1";"1";6;43;1
"20297";"202100020297";9;"15:20";"1";"30";"2";"3";"1";1;44;4
"20298";"202100020298";9;"08:00";"1";"29";"2";"1";"1";2;47;-4
"20299";"202100020299";9;"09:19";"1";"29";"1";"1";"1";2;47;-4
"20300";"202100020300";9;"15:57";"1";"29";"1";"1";"1";4;47;-3
"20301";"202100020301";8;"14:14";"1";"29";"2";"2";"1";6;48;-4
"20302";"202100020302";9;"14:55";"1";"27";"2";"1";"1";7;49;1
"20303";"202100020303";9;"08:15";"1";"27";"2";"1";"1";3;49;1
"20304";"202100020304";9;"10:08";"1";"14";"2";"6";"1";6;49;0
"20305";"202100020305";9;"08:18";"1";"14";"1";"1";"1";4;49;0
"20306";"202100020306";9;"07:50";"1";"14";"1";"1";"1";7;49;0
"20307";"202100020307";9;"19:30";"1";"13";"2";"6";"1";3;43;5
"20308";"202100020308";9;"18:20";"1";"13";"2";"2";"1";1;43;5
"20309";"202100020309";9;"16:20";"1";"13";"2";"1";"1";1;43;5
"20310";"202100020310";9;"07:30";"1";"13";"2";"1";"1";4;43;5
"20311";"202100020311";9;"03:20";"5";"13";"2";"1";"1";2;43;5
"20312";"202100020312";9;"18:10";"1";"10";"2";"1";"1";6;48;4
"20313";"202100020313";9;"07:35";"1";"10";"2";"1";"1";2;48;4
"20314";"202100020314";9;"10:10";"1";"08";"2";"9";"7";6;49;4
"20315";"202100020315";9;"10:40";"1";"06";"2";"2";"1";3;43;7
"20316";"202100020316";9;"13:00";"1";"06";"2";"1";"1";2;43;6
"20317";"202100020317";9;"14:47";"1";"06";"2";"1";"1";3;43;7
"20318";"202100020318";9;"07:50";"1";"06";"2";"1";"1";1;43;7
"20319";"202100020319";9;"17:20";"1";"04";"2";"1";"1";2;43;5
"20320";"202100020320";9;"11:55";"1";"04";"2";"2";"1";3;43;5
"20321";"202100020321";9;"12:55";"1";"01";"2";"1";"1";3;46;5
"20322";"202100020322";9;"08:06";"1";"75";"2";"1";"1";2;48;2
"20323";"202100020323";9;"22:50";"5";"75";"2";"1";"1";3;48;2
"20324";"202100020324";9;"09:40";"1";"75";"2";"2";"1";3;48;2
"20325";"202100020325";9;"23:00";"5";"75";"2";"2";"1";3;48;2
"20326";"202100020326";9;"13:05";"1";"75";"2";"2";"1";3;48;2
"20327";"202100020327";9;"19:40";"1";"75";"2";"3";"1";3;48;2
"20328";"202100020328";9;"11:50";"1";"75";"2";"2";"1";3;48;2
"20329";"202100020329";9;"19:00";"1";"75";"2";"1";"1";3;48;2
"20330";"202100020330";9;"15:00";"1";"75";"2";"1";"1";6;48;2
"20331";"202100020331";9;"11:15";"1";"75";"2";"4";"1";3;48;2
"20332";"202100020332";9;"13:45";"1";"75";"2";"2";"1";3;48;2
"20333";"202100020333";9;"08:50";"1";"75";"2";"3";"1";2;48;2
"20334";"202100020334";9;"14:05";"1";"75";"2";"3";"1";3;48;2
"20335";"202100020335";9;"15:22";"1";"75";"2";"3";"1";6;48;2
"20336";"202100020336";9;"08:35";"1";"94";"2";"1";"1";6;48;2
"20337";"202100020337";9;"13:30";"1";"94";"2";"1";"1";4;48;2
"20338";"202100020338";9;"12:30";"1";"94";"2";"1";"1";2;48;2
"20339";"202100020339";9;"17:35";"1";"94";"2";"1";"1";3;48;2
"20340";"202100020340";9;"09:40";"1";"94";"2";"9";"1";3;48;2
"20341";"202100020341";9;"04:52";"5";"94";"1";"3";"1";1;48;2
"20342";"202100020342";9;"17:15";"1";"94";"2";"1";"1";3;48;2
"20343";"202100020343";9;"17:05";"1";"94";"2";"2";"1";3;48;2
"20344";"202100020344";9;"08:30";"1";"94";"2";"1";"1";4;48;2
"20345";"202100020345";9;"17:55";"1";"93";"2";"3";"1";2;48;2
"20346";"202100020346";9;"09:40";"1";"93";"2";"2";"1";3;48;2
"20347";"202100020347";9;"10:40";"1";"93";"2";"1";"1";3;48;2
"20348";"202100020348";9;"19:50";"1";"93";"2";"5";"1";2;48;2
"20349";"202100020349";9;"16:07";"1";"93";"2";"2";"1";3;48;2
"20350";"202100020350";9;"12:30";"1";"93";"2";"2";"1";3;48;2
"20351";"202100020351";9;"02:50";"5";"93";"2";"3";"1";6;48;2
"20352";"202100020352";9;"09:00";"1";"93";"2";"2";"1";1;48;2
"20353";"202100020353";9;"19:00";"1";"92";"2";"1";"1";1;48;2
"20354";"202100020354";9;"16:10";"1";"92";"2";"6";"1";3;48;2
"20355";"202100020355";9;"10:45";"1";"92";"2";"1";"1";7;48;2
"20356";"202100020356";9;"18:30";"1";"92";"2";"1";"1";6;48;2
"20357";"202100020357";9;"14:00";"1";"92";"2";"2";"1";3;48;2
"20358";"202100020358";9;"11:40";"1";"92";"2";"2";"1";6;48;2
"20359";"202100020359";9;"11:30";"1";"92";"2";"1";"7";3;48;2
"20360";"202100020360";9;"11:18";"1";"92";"2";"1";"7";6;48;2
"20361";"202100020361";9;"13:50";"1";"92";"2";"1";"1";6;48;2
"20362";"202100020362";9;"16:05";"1";"92";"2";"9";"1";3;48;2
"20363";"202100020363";9;"16:00";"1";"35";"1";"1";"1";7;47;-1
"20364";"202100020364";9;"21:00";"3";"54";"1";"3";"1";7;48;6
"20365";"202100020365";9;"16:20";"1";"51";"2";"3";"1";3;48;4
"20366";"202100020366";9;"10:00";"1";"60";"1";"1";"1";2;49;2
"20367";"202100020367";9;"15:50";"1";"06";"2";"2";"1";6;43;7
"20368";"202100020368";8;"11:00";"1";"26";"1";"1";"1";7;44;4
"20369";"202100020369";9;"12:25";"1";"83";"1";"1";"1";3;43;6
"20370";"202100020370";9;"07:44";"1";"06";"1";"1";"1";3;43;6
"20371";"202100020371";9;"17:30";"1";"06";"2";"1";"1";6;43;7
"20372";"202100020372";9;"09:05";"1";"58";"1";"1";"1";2;47;2
"20373";"202100020373";9;"18:45";"1";"30";"1";"1";"1";3;44;4
"20374";"202100020374";9;"07:45";"1";"41";"2";"1";"1";6;47;1
"20375";"202100020375";9;"00:30";"3";"37";"1";"1";"1";6;47;0
"20376";"202100020376";9;"19:48";"1";"51";"2";"1";"1";7;49;4
"20377";"202100020377";9;"19:30";"2";"71";"2";"3";"1";6;46;5
"20378";"202100020378";9;"16:50";"1";"71";"1";"1";"1";7;46;5
"20379";"202100020379";9;"10:15";"1";"63";"1";"1";"1";2;45;3
"20380";"202100020380";9;"13:20";"1";"61";"1";"1";"1";6;48;0
"20381";"202100020381";9;"16:32";"1";"47";"1";"1";"1";1;44;0
"20382";"202100020382";9;"18:30";"1";"86";"1";"2";"1";3;46;0