"";"Num_Acc";"mois";"hrmn";"lum";"dep";"agg";"int";"atm";"col";"lat";"long"
"20383";"202100020383";9;"11:00";"1";"68";"2";"1";"1";2;47;7
"20384";"202100020384";9;"12:00";"1";"39";"1";"1";"1";1;46;5
"20385";"202100020385";9;"09:30";"1";"25";"1";"1";"1";2;47;6
"20386";"202100020386";9;"12:40";"1";"44";"1";"2";"1";3;47;-1
"20387";"202100020387";9;"08:45";"1";"44";"2";"6";"1";6;47;-1
"20388";"202100020388";9;"04:35";"3";"35";"1";"1";"1";6;48;-1
"20389";"202100020389";9;"13:40";"1";"29";"2";"1";"1";2;47;-3
"20390";"202100020390";9;"16:30";"1";"38";"1";"3";"1";2;45;5
"20391";"202100020391";9;"16:48";"1";"03";"1";"1";"7";3;46;2
"20392";"202100020392";9;"06:15";"2";"72";"1";"2";"1";3;47;0
"20393";"202100020393";9;"19:45";"2";"50";"2";"2";"1";1;49;-1
"20394";"202100020394";9;"11:35";"1";"50";"1";"1";"1";4;48;-1
"20395";"202100020395";9;"15:50";"1";"43";"1";"1";"1";2;44;3
"20396";"202100020396";9;"11:15";"1";"10";"1";"1";"1";5;48;3
"20397";"202100020397";9;"15:50";"1";"24";"1";"1";"1";1;44;0
"20398";"202100020398";9;"14:45";"1";"24";"1";"1";"1";3;44;1
"20399";"202100020399";9;"09:30";"1";"28";"2";"7";"1";6;48;0
"20400";"202100020400";9;"10:00";"1";"37";"2";"6";"1";6;47;0
"20401";"202100020401";9;"09:18";"1";"52";"2";"3";"1";6;48;4
"20402";"202100020402";9;"19:45";"2";"72";"1";"1";"1";7;48;0
"20403";"202100020403";9;"22:15";"4";"06";"1";"1";"1";6;43;7
"20404";"202100020404";9;"06:25";"2";"07";"1";"3";"1";3;45;4
"20405";"202100020405";9;"02:45";"3";"34";"1";"1";"1";6;43;4
"20406";"202100020406";9;"05:10";"3";"21";"1";"1";"1";7;47;5
"20407";"202100020407";9;"06:45";"2";"38";"1";"1";"1";5;45;5
"20408";"202100020408";8;"06:45";"2";"69";"1";"1";"1";6;45;4
"20409";"202100020409";9;"02:50";"3";"33";"1";"1";"1";6;44;-1
"20410";"202100020410";9;"13:00";"1";"78";"1";"1";"1";3;48;1
"20411";"202100020411";9;"07:00";"1";"2B";"2";"1";"1";3;42;9
"20412";"202100020412";8;"13:40";"1";"30";"1";"1";"1";6;44;3
"20413";"202100020413";9;"18:30";"1";"34";"2";"3";"1";1;43;4
"20414";"202100020414";9;"16:50";"1";"34";"1";"1";"1";2;43;4
"20415";"202100020415";9;"19:55";"1";"05";"1";"1";"1";7;44;5
"20416";"202100020416";9;"22:00";"4";"10";"2";"1";"1";6;48;4
"20417";"202100020417";8;"09:40";"1";"68";"2";"8";"1";1;47;7
"20418";"202100020418";9;"11:30";"1";"63";"2";"1";"1";7;45;2
"20419";"202100020419";9;"22:55";"3";"74";"1";"1";"1";6;46;6
"20420";"202100020420";9;"08:00";"1";"44";"1";"6";"1";3;47;-1
"20421";"202100020421";9;"11:20";"1";"26";"1";"2";"1";3;44;4
"20422";"202100020422";9;"17:30";"1";"69";"1";"1";"1";5;45;4
"20423";"202100020423";9;"01:00";"3";"17";"1";"1";"1";7;46;-1
"20424";"202100020424";9;"10:00";"1";"47";"2";"1";"1";6;44;0
"20425";"202100020425";9;"17:47";"1";"14";"2";"1";"1";3;49;0
"20426";"202100020426";9;"05:30";"2";"22";"1";"1";"1";1;48;-2
"20427";"202100020427";9;"23:00";"5";"60";"2";"1";"1";6;49;2
"20428";"202100020428";9;"15:25";"1";"13";"1";"1";"1";4;43;5
"20429";"202100020429";9;"18:06";"1";"13";"1";"1";"1";3;43;5
"20430";"202100020430";9;"11:22";"1";"13";"1";"1";"1";3;43;5
"20431";"202100020431";9;"09:40";"1";"77";"1";"1";"1";4;48;2
"20432";"202100020432";9;"08:40";"1";"91";"1";"1";"1";2;48;2
"20433";"202100020433";9;"22:10";"3";"91";"1";"1";"1";7;48;2
"20434";"202100020434";9;"09:15";"1";"92";"1";"1";"1";3;48;2
"20435";"202100020435";9;"12:20";"1";"93";"1";"1";"1";2;48;2
"20436";"202100020436";9;"08:45";"1";"95";"1";"1";"1";2;48;2
"20437";"202100020437";9;"10:15";"1";"92";"1";"1";"1";2;48;2
"20438";"202100020438";9;"06:00";"3";"93";"1";"1";"1";6;48;2
"20439";"202100020439";9;"20:00";"1";"93";"1";"1";"1";5;48;2
"20440";"202100020440";9;"09:15";"1";"93";"1";"1";"1";3;48;2
"20441";"202100020441";9;"12:55";"1";"77";"1";"1";"1";4;48;2
"20442";"202100020442";9;"08:00";"1";"77";"1";"1";"1";2;48;2
"20443";"202100020443";9;"06:50";"1";"94";"1";"1";"1";3;48;2
"20444";"202100020444";5;"15:41";"1";"44";"1";"1";"1";3;47;-1
"20445";"202100020445";5;"16:15";"1";"14";"2";"1";"1";6;49;0
"20446";"202100020446";5;"13:50";"1";"14";"2";"3";"1";2;49;0
"20447";"202100020447";5;"11:40";"1";"14";"1";"2";"1";3;49;0
"20448";"202100020448";5;"17:45";"1";"62";"2";"1";"1";7;50;2
"20449";"202100020449";5;"03:20";"5";"62";"2";"9";"1";6;50;2
"20450";"202100020450";5;"13:15";"1";"95";"2";"1";"1";3;49;2
"20451";"202100020451";5;"14:00";"1";"95";"2";"1";"1";2;48;2
"20452";"202100020452";5;"05:35";"5";"95";"2";"3";"2";3;48;2
"20453";"202100020453";5;"11:45";"1";"59";"2";"1";"2";2;50;3
"20454";"202100020454";5;"17:10";"1";"59";"2";"1";"8";6;50;3
"20455";"202100020455";5;"14:50";"1";"59";"2";"1";"7";6;50;3
"20456";"202100020456";5;"17:30";"1";"59";"2";"1";"1";3;50;3
"20457";"202100020457";5;"20:30";"1";"59";"2";"3";"1";1;50;3
"20458";"202100020458";5;"16:45";"1";"59";"2";"1";"1";6;50;3
"20459";"202100020459";5;"23:00";"5";"59";"2";"1";"1";6;50;3
"20460";"202100020460";5;"14:00";"1";"59";"2";"1";"1";3;50;2
"20461";"202100020461";5;"20:00";"1";"59";"2";"2";"1";3;50;3
"20462";"202100020462";5;"15:00";"1";"59";"2";"1";"1";3;50;3
"20463";"202100020463";5;"11:00";"1";"59";"2";"2";"1";3;50;2
"20464";"202100020464";5;"00:20";"5";"59";"2";"2";"1";6;50;3
"20465";"202100020465";5;"14:40";"1";"59";"2";"3";"1";3;50;3
"20466";"202100020466";5;"22:00";"5";"59";"2";"7";"1";5;50;3
"20467";"202100020467";5;"21:15";"2";"59";"2";"3";"1";3;50;3
"20468";"202100020468";5;"12:00";"1";"59";"2";"1";"2";3;50;3
"20469";"202100020469";5;"20:30";"1";"59";"1";"2";"1";3;50;3
"20470";"202100020470";5;"19:20";"1";"59";"2";"6";"1";3;50;3
"20471";"202100020471";5;"17:50";"1";"59";"2";"1";"1";6;50;3
"20472";"202100020472";5;"08:15";"1";"69";"2";"1";"1";6;45;4
"20473";"202100020473";5;"17:10";"1";"68";"2";"1";"2";6;47;7
"20474";"202100020474";6;"20:25";"1";"54";"2";"1";"1";3;48;6
"20475";"202100020475";6;"12:10";"1";"37";"2";"6";"1";7;47;0
"20476";"202100020476";5;"15:25";"1";"26";"2";"9";"1";6;44;4
"20477";"202100020477";5;"17:40";"1";"26";"2";"1";"1";4;44;4
"20478";"202100020478";9;"13:50";"1";"988";"2";"3";"1";1;-22;166
"20479";"202100020479";9;"00:00";"5";"69";"2";"1";"1";6;45;4
"20480";"202100020480";9;"18:50";"1";"69";"2";"1";"1";6;45;4
"20481";"202100020481";9;"15:00";"1";"69";"2";"1";"1";2;45;4
"20482";"202100020482";9;"11:05";"1";"69";"2";"2";"1";6;45;4
"20483";"202100020483";9;"12:30";"1";"972";"1";"9";"1";2;14;-61
"20484";"202100020484";9;"19:30";"1";"69";"2";"2";"1";3;45;4
"20485";"202100020485";9;"18:40";"1";"69";"2";"1";"1";2;45;4
"20486";"202100020486";9;"15:20";"1";"69";"2";"1";"1";6;45;4
"20487";"202100020487";9;"12:23";"1";"2B";"2";"1";"1";2;42;9
"20488";"202100020488";9;"12:50";"1";"95";"2";"1";"7";6;48;2
"20489";"202100020489";9;"06:00";"3";"95";"1";"1";"2";3;49;2
"20490";"202100020490";9;"16:10";"1";"91";"2";"3";"1";3;48;2
"20491";"202100020491";9;"07:20";"1";"91";"2";"9";"1";3;48;2
"20492";"202100020492";9;"18:20";"1";"91";"1";"1";"1";4;48;2
"20493";"202100020493";9;"12:53";"1";"87";"2";"1";"1";6;45;1
"20494";"202100020494";8;"19:40";"1";"86";"1";"1";"7";1;46;0
"20495";"202100020495";9;"10:20";"1";"79";"1";"1";"1";2;46;0
"20496";"202100020496";9;"02:15";"5";"76";"2";"4";"1";6;49;0
"20497";"202100020497";8;"12:20";"1";"76";"2";"6";"1";3;49;0
"20498";"202100020498";9;"05:56";"5";"76";"2";"1";"1";6;49;0
"20499";"202100020499";9;"17:30";"1";"76";"2";"1";"1";3;49;0
"20500";"202100020500";9;"16:45";"1";"72";"2";"1";"1";6;47;0
"20501";"202100020501";9;"09:00";"1";"72";"1";"1";"1";4;48;0
"20502";"202100020502";9;"18:15";"1";"69";"2";"8";"7";5;45;4
"20503";"202100020503";9;"01:40";"5";"67";"2";"3";"1";3;48;7
"20504";"202100020504";9;"07:00";"2";"66";"2";"1";"1";3;42;2
"20505";"202100020505";9;"12:23";"1";"66";"2";"1";"1";6;42;2
"20506";"202100020506";9;"12:30";"1";"64";"2";"1";"1";6;43;0
"20507";"202100020507";9;"21:23";"5";"64";"2";"1";"1";4;43;-1
"20508";"202100020508";9;"12:33";"1";"64";"2";"1";"1";4;43;-1
"20509";"202100020509";9;"10:26";"1";"64";"2";"3";"1";3;43;-1
"20510";"202100020510";9;"12:25";"1";"61";"2";"9";"1";6;48;0
"20511";"202100020511";9;"14:45";"1";"59";"2";"1";"1";3;50;3
"20512";"202100020512";9;"06:30";"2";"59";"2";"5";"1";3;50;3
"20513";"202100020513";9;"23:40";"3";"59";"2";"1";"1";6;50;3
"20514";"202100020514";9;"18:30";"1";"59";"2";"1";"1";6;50;3
"20515";"202100020515";9;"18:35";"1";"51";"2";"2";"1";3;49;4
"20516";"202100020516";9;"17:25";"1";"50";"2";"6";"1";3;48;-1
"20517";"202100020517";9;"15:55";"1";"50";"2";"2";"1";3;49;-1
"20518";"202100020518";9;"21:50";"4";"50";"2";"2";"1";1;49;-1
"20519";"202100020519";9;"15:10";"1";"50";"1";"1";"1";6;49;-1
"20520";"202100020520";9;"18:13";"1";"49";"2";"1";"1";3;47;0
"20521";"202100020521";9;"18:52";"1";"49";"2";"1";"1";6;47;0
"20522";"202100020522";9;"15:22";"1";"49";"2";"1";"1";6;47;0
"20523";"202100020523";9;"15:03";"1";"49";"2";"1";"1";7;47;0
"20524";"202100020524";9;"08:21";"1";"49";"2";"1";"1";7;47;0
"20525";"202100020525";9;"13:25";"1";"45";"2";"1";"1";2;47;1
"20526";"202100020526";9;"19:35";"1";"42";"2";"9";"1";6;45;4
"20527";"202100020527";9;"17:50";"1";"42";"2";"1";"1";3;46;4
"20528";"202100020528";9;"11:00";"1";"38";"2";"1";"1";3;45;5
"20529";"202100020529";9;"07:15";"1";"38";"2";"1";"1";3;45;5
"20530";"202100020530";9;"08:27";"1";"37";"2";"1";"1";2;47;0
"20531";"202100020531";9;"09:00";"1";"37";"2";"1";"1";6;47;0
"20532";"202100020532";9;"06:18";"3";"37";"1";"1";"1";6;47;0
"20533";"202100020533";9;"13:15";"1";"37";"2";"1";"1";6;47;0
"20534";"202100020534";9;"15:30";"1";"35";"2";"1";"1";2;48;-1
"20535";"202100020535";9;"12:15";"1";"35";"2";"1";"1";2;48;-1
"20536";"202100020536";9;"10:05";"1";"35";"2";"1";"1";2;48;-1
"20537";"202100020537";9;"09:10";"1";"33";"1";"1";"1";2;44;-1
"20538";"202100020538";9;"20:20";"5";"31";"2";"6";"1";3;43;1
"20539";"202100020539";9;"19:30";"1";"31";"2";"1";"1";1;43;1
"20540";"202100020540";9;"17:25";"1";"31";"2";"1";"1";6;43;1
"20541";"202100020541";9;"07:47";"2";"31";"2";"1";"1";2;43;1
"20542";"202100020542";9;"06:45";"2";"30";"2";"1";"1";1;43;4
"20543";"202100020543";9;"17:00";"1";"30";"1";"1";"1";5;44;4
"20544";"202100020544";9;"08:25";"1";"27";"2";"6";"1";5;49;1
"20545";"202100020545";9;"06:15";"5";"25";"2";"6";"1";3;47;5
"20546";"202100020546";9;"07:00";"5";"21";"2";"3";"1";6;47;5
"20547";"202100020547";9;"04:17";"5";"21";"2";"3";"1";1;47;5
"20548";"202100020548";8;"08:52";"1";"18";"2";"1";"1";3;47;2
"20549";"202100020549";9;"15:30";"1";"14";"1";"1";"1";4;49;0
"20550";"202100020550";9;"11:00";"1";"13";"2";"9";"1";6;43;4
"20551";"202100020551";9;"10:25";"1";"09";"1";"1";"1";6;42;1
"20552";"202100020552";9;"10:45";"1";"09";"2";"1";"1";2;42;1
"20553";"202100020553";9;"16:24";"1";"06";"2";"1";"1";6;43;7
"20554";"202100020554";9;"08:55";"1";"06";"2";"1";"1";6;43;6
"20555";"202100020555";9;"06:55";"2";"05";"2";"1";"1";1;44;6
"20556";"202100020556";9;"10:30";"1";"75";"2";"3";"1";3;48;2
"20557";"202100020557";9;"18:55";"1";"75";"2";"2";"1";6;48;2
"20558";"202100020558";9;"20:45";"5";"75";"2";"7";"1";2;48;2
"20559";"202100020559";9;"23:30";"5";"75";"2";"2";"1";3;48;2
"20560";"202100020560";9;"16:30";"5";"75";"2";"2";"1";3;48;2
"20561";"202100020561";9;"13:15";"1";"75";"2";"2";"1";3;48;2
"20562";"202100020562";9;"08:40";"1";"75";"2";"1";"1";6;48;2
"20563";"202100020563";9;"11:25";"1";"75";"2";"2";"1";3;48;2
"20564";"202100020564";9;"23:35";"5";"75";"2";"3";"1";6;48;2
"20565";"202100020565";9;"18:15";"1";"75";"2";"2";"1";6;48;2
"20566";"202100020566";9;"15:30";"1";"75";"2";"1";"1";7;48;2
"20567";"202100020567";9;"06:05";"5";"75";"2";"2";"1";6;48;2
"20568";"202100020568";9;"12:10";"1";"75";"2";"7";"1";6;48;2
"20569";"202100020569";9;"18:00";"1";"75";"2";"4";"1";3;48;2
"20570";"202100020570";9;"12:30";"1";"75";"2";"2";"1";3;48;2
"20571";"202100020571";9;"17:45";"1";"75";"2";"5";"1";3;48;2
"20572";"202100020572";9;"20:19";"1";"75";"2";"1";"1";7;48;2
"20573";"202100020573";9;"12:00";"1";"75";"2";"3";"1";6;48;2
"20574";"202100020574";9;"06:30";"2";"94";"2";"2";"1";1;48;2
"20575";"202100020575";9;"13:00";"1";"94";"2";"4";"1";2;48;2
"20576";"202100020576";9;"17:30";"1";"94";"2";"2";"1";3;48;2
"20577";"202100020577";9;"12:45";"1";"94";"2";"1";"1";2;48;2
"20578";"202100020578";9;"15:00";"1";"94";"1";"1";"1";2;48;2
"20579";"202100020579";9;"18:40";"1";"94";"2";"1";"1";6;48;2
"20580";"202100020580";9;"21:30";"3";"94";"2";"1";"1";1;48;2
"20581";"202100020581";9;"11:30";"1";"93";"2";"1";"1";2;48;2
"20582";"202100020582";9;"18:26";"1";"93";"2";"9";"1";3;48;2
"20583";"202100020583";9;"17:40";"1";"93";"2";"1";"1";1;48;2
"20584";"202100020584";9;"10:50";"1";"93";"2";"1";"1";2;48;2
"20585";"202100020585";9;"15:45";"1";"93";"2";"2";"1";3;48;2
"20586";"202100020586";9;"12:50";"1";"93";"2";"3";"1";3;48;2
"20587";"202100020587";9;"21:20";"5";"93";"2";"9";"1";3;48;2
"20588";"202100020588";9;"22:20";"5";"93";"2";"9";"1";2;48;2
"20589";"202100020589";9;"13:15";"1";"93";"2";"3";"1";3;48;2
"20590";"202100020590";9;"10:13";"1";"93";"1";"1";"1";1;48;2
"20591";"202100020591";9;"07:25";"1";"92";"2";"3";"1";6;48;2
"20592";"202100020592";9;"12:25";"1";"92";"2";"5";"1";3;48;2
"20593";"202100020593";9;"13:10";"1";"92";"2";"3";"1";3;48;2
"20594";"202100020594";9;"14:10";"1";"92";"2";"3";"1";2;48;2
"20595";"202100020595";9;"17:15";"1";"92";"2";"1";"1";2;48;2
"20596";"202100020596";9;"00:05";"5";"75";"2";"2";"1";6;48;2
"20597";"202100020597";9;"13:35";"1";"92";"2";"1";"1";5;48;2
"20598";"202100020598";9;"10:30";"1";"80";"1";"1";"1";2;50;1
"20599";"202100020599";9;"11:00";"1";"41";"1";"1";"7";6;47;1
"20600";"202100020600";9;"21:35";"2";"49";"1";"3";"1";6;47;0
"20601";"202100020601";8;"20:10";"1";"31";"1";"1";"1";1;43;1
"20602";"202100020602";6;"13:55";"1";"01";"1";"1";"1";1;46;4
"20603";"202100020603";9;"18:05";"1";"67";"2";"1";"1";4;48;7
"20604";"202100020604";9;"16:45";"1";"58";"1";"1";"1";2;47;2
"20605";"202100020605";9;"11:51";"1";"08";"1";"1";"1";7;49;4
"20606";"202100020606";9;"08:15";"1";"71";"2";"1";"7";6;46;4
"20607";"202100020607";9;"08:00";"1";"30";"1";"1";"1";3;44;4
"20608";"202100020608";9;"18:20";"1";"59";"1";"1";"1";7;50;3
"20609";"202100020609";8;"15:45";"1";"19";"1";"1";"1";6;45;1
"20610";"202100020610";9;"08:45";"1";"76";"1";"2";"1";2;49;0
"20611";"202100020611";9;"17:50";"1";"76";"2";"3";"7";3;49;0
"20612";"202100020612";9;"11:35";"1";"76";"1";"1";"1";3;49;0
"20613";"202100020613";9;"18:36";"1";"24";"1";"9";"1";4;45;1
"20614";"202100020614";8;"10:55";"1";"33";"2";"3";"1";3;44;0
"20615";"202100020615";9;"17:10";"1";"11";"1";"1";"1";6;42;2
"20616";"202100020616";9;"07:30";"1";"11";"1";"1";"8";6;43;2
"20617";"202100020617";9;"13:15";"1";"63";"2";"1";"1";6;45;3
"20618";"202100020618";9;"17:30";"1";"63";"2";"2";"1";7;45;3
"20619";"202100020619";9;"14:25";"1";"63";"1";"1";"1";6;45;3
"20620";"202100020620";9;"16:30";"1";"76";"2";"3";"1";6;50;1
"20621";"202100020621";9;"15:00";"1";"61";"1";"1";"7";2;48;0
"20622";"202100020622";9;"09:48";"1";"46";"2";"1";"1";2;44;1
"20623";"202100020623";9;"18:15";"1";"47";"1";"3";"1";5;44;0
"20624";"202100020624";9;"19:15";"1";"34";"1";"1";"1";5;43;3
"20625";"202100020625";9;"15:20";"1";"29";"1";"1";"1";5;48;-3
"20626";"202100020626";9;"13:15";"1";"29";"1";"1";"1";6;48;-3
"20627";"202100020627";6;"04:40";"5";"38";"2";"1";"1";6;45;5
"20628";"202100020628";9;"13:10";"1";"38";"1";"9";"1";3;45;5
"20629";"202100020629";9;"15:45";"1";"70";"1";"1";"1";1;47;6
"20630";"202100020630";9;"17:45";"1";"58";"1";"9";"1";2;46;3
"20631";"202100020631";9;"15:40";"1";"14";"1";"1";"1";6;48;0
"20632";"202100020632";9;"20:30";"2";"14";"1";"1";"8";1;49;0
"20633";"202100020633";9;"18:55";"1";"50";"1";"1";"1";6;49;-1
"20634";"202100020634";9;"12:30";"1";"50";"2";"1";"1";3;49;-1
"20635";"202100020635";9;"06:20";"2";"83";"2";"1";"1";5;43;6
"20636";"202100020636";9;"23:48";"3";"64";"1";"1";"1";7;43;-1
"20637";"202100020637";9;"19:34";"1";"73";"2";"1";"1";7;45;6
"20638";"202100020638";9;"00:30";"3";"53";"1";"1";"1";7;47;0
"20639";"202100020639";9;"07:15";"1";"21";"1";"2";"1";3;47;4
"20640";"202100020640";9;"18:15";"1";"24";"1";"1";"1";7;44;1
"20641";"202100020641";9;"14:21";"1";"28";"1";"1";"1";3;48;0
"20642";"202100020642";9;"17:20";"1";"17";"2";"1";"1";6;46;0
"20643";"202100020643";9;"20:00";"1";"30";"1";"6";"1";7;43;4
"20644";"202100020644";7;"08:25";"1";"35";"1";"1";"1";6;48;-1
"20645";"202100020645";9;"08:29";"1";"13";"1";"1";"1";1;43;5
"20646";"202100020646";9;"14:00";"1";"44";"1";"1";"1";1;47;-1
"20647";"202100020647";7;"01:50";"3";"971";"1";"3";"3";3;16;-61
"20648";"202100020648";9;"11:25";"1";"91";"2";"9";"1";3;48;2
"20649";"202100020649";9;"13:53";"1";"13";"1";"1";"1";4;43;5
"20650";"202100020650";9;"10:10";"1";"57";"1";"1";"1";7;49;7
"20651";"202100020651";9;"16:25";"1";"57";"1";"1";"1";2;49;6
"20652";"202100020652";9;"19:00";"1";"38";"2";"1";"1";6;45;4
"20653";"202100020653";9;"18:25";"1";"69";"1";"1";"1";7;45;4
"20654";"202100020654";8;"02:50";"5";"17";"1";"1";"1";7;46;-1
"20655";"202100020655";9;"17:50";"1";"33";"2";"1";"1";3;44;0
"20656";"202100020656";9;"21:15";"3";"33";"1";"4";"1";6;44;0
"20657";"202100020657";9;"22:00";"5";"72";"2";"1";"1";6;47;0
"20658";"202100020658";9;"08:45";"1";"35";"1";"1";"1";1;48;-1
"20659";"202100020659";9;"10:30";"1";"60";"2";"9";"1";3;49;2
"20660";"202100020660";9;"09:10";"1";"80";"2";"1";"1";6;49;2
"20661";"202100020661";9;"08:30";"1";"62";"2";"1";"1";2;50;1
"20662";"202100020662";9;"08:00";"2";"57";"1";"1";"1";7;49;6
"20663";"202100020663";9;"18:20";"1";"91";"1";"1";"1";2;48;2
"20664";"202100020664";9;"23:00";"3";"78";"1";"1";"1";6;48;2
"20665";"202100020665";9;"19:35";"1";"94";"1";"1";"1";3;48;2
"20666";"202100020666";9;"16:40";"1";"94";"1";"1";"1";2;48;2
"20667";"202100020667";9;"14:55";"1";"94";"1";"1";"1";3;48;2
"20668";"202100020668";9;"08:45";"1";"62";"2";"3";"1";6;50;2
"20669";"202100020669";9;"14:57";"1";"03";"2";"1";"1";6;46;2
"20670";"202100020670";9;"06:40";"1";"988";"2";"2";"2";2;-22;166
"20671";"202100020671";9;"06:30";"1";"976";"2";"1";"1";7;-12;45
"20672";"202100020672";9;"05:20";"5";"69";"2";"1";"1";7;45;4
"20673";"202100020673";9;"19:00";"2";"972";"1";"1";"1";7;14;-60
"20674";"202100020674";9;"22:14";"5";"972";"2";"1";"1";2;14;-61
"20675";"202100020675";9;"11:30";"1";"972";"1";"1";"1";2;14;-61
"20676";"202100020676";9;"23:20";"5";"972";"2";"1";"1";1;14;-61
"20677";"202100020677";9;"19:38";"1";"69";"2";"1";"1";2;45;4
"20678";"202100020678";9;"05:00";"5";"69";"2";"1";"1";6;45;4
"20679";"202100020679";9;"13:20";"1";"971";"1";"3";"1";3;16;-61
"20680";"202100020680";9;"12:45";"1";"91";"2";"1";"1";6;48;2
"20681";"202100020681";9;"18:00";"1";"83";"1";"1";"1";7;43;5
"20682";"202100020682";9;"07:35";"1";"83";"2";"1";"1";6;43;6
"20683";"202100020683";9;"11:55";"1";"76";"1";"9";"1";3;49;1
"20684";"202100020684";9;"23:30";"5";"69";"2";"3";"1";6;45;4
"20685";"202100020685";9;"21:20";"5";"69";"2";"1";"1";6;45;4
"20686";"202100020686";9;"18:30";"1";"69";"2";"1";"1";4;45;4
"20687";"202100020687";9;"16:53";"1";"65";"2";"3";"1";3;43;0
"20688";"202100020688";9;"00:20";"4";"64";"2";"1";"1";7;43;-1
"20689";"202100020689";9;"22:20";"5";"51";"2";"1";"1";1;48;4
"20690";"202100020690";9;"22:15";"5";"45";"2";"9";"1";3;47;2
"20691";"202100020691";9;"12:35";"1";"45";"2";"1";"1";6;47;2
"20692";"202100020692";9;"02:45";"5";"33";"2";"2";"1";6;44;0
"20693";"202100020693";9;"23:35";"5";"33";"2";"2";"1";1;44;0
"20694";"202100020694";9;"15:25";"1";"33";"1";"1";"1";6;44;-1
"20695";"202100020695";9;"19:10";"1";"29";"2";"3";"1";4;47;-4
"20696";"202100020696";9;"05:15";"5";"29";"2";"1";"5";6;47;-4
"20697";"202100020697";9;"10:20";"1";"29";"2";"1";"1";6;47;-3
"20698";"202100020698";8;"21:03";"5";"28";"2";"2";"1";3;48;1
"20699";"202100020699";9;"17:40";"1";"28";"2";"9";"8";7;48;1
"20700";"202100020700";9;"16:15";"1";"25";"2";"1";"7";5;46;6
"20701";"202100020701";9;"05:00";"5";"25";"2";"4";"1";6;47;6
"20702";"202100020702";9;"18:40";"1";"22";"1";"1";"1";2;48;-3
"20703";"202100020703";9;"11:30";"1";"18";"2";"1";"1";3;47;2
"20704";"202100020704";9;"14:30";"1";"15";"2";"2";"1";3;44;2
"20705";"202100020705";9;"16:05";"1";"13";"2";"2";"1";3;43;5
"20706";"202100020706";9;"09:00";"1";"13";"2";"1";"7";6;43;4
"20707";"202100020707";9;"19:50";"1";"13";"2";"1";"1";7;43;5
"20708";"202100020708";9;"09:00";"1";"13";"2";"1";"1";1;43;4
"20709";"202100020709";9;"11:44";"1";"10";"2";"2";"1";6;48;4
"20710";"202100020710";9;"16:20";"1";"06";"2";"1";"1";3;43;7
"20711";"202100020711";9;"02:20";"5";"75";"2";"2";"2";2;48;2
"20712";"202100020712";9;"11:15";"1";"75";"2";"1";"1";4;48;2
"20713";"202100020713";9;"14:20";"1";"75";"2";"2";"1";3;48;2
"20714";"202100020714";9;"02:45";"5";"75";"2";"2";"2";3;48;2
"20715";"202100020715";9;"08:30";"1";"75";"2";"2";"1";6;48;2
"20716";"202100020716";9;"04:40";"5";"75";"2";"2";"2";3;48;2
"20717";"202100020717";9;"22:25";"5";"75";"2";"3";"1";6;48;2
"20718";"202100020718";9;"17:15";"1";"75";"2";"2";"1";3;48;2
"20719";"202100020719";9;"01:00";"5";"75";"2";"1";"1";6;48;2
"20720";"202100020720";9;"18:00";"1";"75";"2";"3";"1";2;48;2
"20721";"202100020721";9;"01:25";"5";"75";"2";"2";"2";3;48;2
"20722";"202100020722";9;"23:00";"5";"75";"2";"4";"1";4;48;2
"20723";"202100020723";9;"15:35";"1";"75";"2";"1";"1";3;48;2
"20724";"202100020724";9;"03:15";"5";"75";"2";"2";"1";3;48;2
"20725";"202100020725";9;"15:25";"1";"75";"2";"2";"1";3;48;2
"20726";"202100020726";9;"18:35";"1";"94";"2";"3";"1";3;48;2
"20727";"202100020727";9;"12:30";"1";"94";"2";"1";"1";2;48;2
"20728";"202100020728";9;"15:55";"1";"93";"2";"1";"1";3;48;2
"20729";"202100020729";9;"17:07";"1";"93";"2";"1";"1";6;48;2
"20730";"202100020730";9;"06:30";"5";"92";"2";"3";"1";3;48;2
"20731";"202100020731";9;"18:18";"1";"76";"1";"1";"7";6;49;0
"20732";"202100020732";9;"15:40";"1";"974";"2";"1";"1";2;-21;55
"20733";"202100020733";9;"23:30";"5";"08";"2";"6";"1";7;49;5
"20734";"202100020734";9;"19:45";"1";"17";"1";"1";"1";7;46;-1
"20735";"202100020735";9;"19:30";"1";"22";"1";"1";"1";7;48;-2
"20736";"202100020736";9;"15:10";"1";"41";"2";"2";"1";6;47;1
"20737";"202100020737";8;"07:15";"1";"95";"2";"1";"1";6;49;2
"20738";"202100020738";9;"18:40";"1";"49";"1";"1";"1";5;47;0
"20739";"202100020739";9;"11:45";"1";"31";"1";"1";"1";6;43;1
"20740";"202100020740";9;"06:35";"1";"972";"2";"1";"7";6;14;-60
"20741";"202100020741";9;"17:39";"1";"63";"1";"2";"1";3;45;2
"20742";"202100020742";9;"16:16";"1";"63";"1";"1";"1";3;45;2
"20743";"202100020743";9;"08:55";"1";"22";"1";"1";"1";4;48;-3
"20744";"202100020744";9;"23:30";"5";"62";"2";"6";"1";6;50;1
"20745";"202100020745";9;"14:45";"1";"26";"1";"6";"1";3;45;4
"20746";"202100020746";9;"19:40";"1";"60";"1";"1";"1";7;49;2
"20747";"202100020747";9;"13:50";"1";"14";"1";"4";"1";2;49;0
"20748";"202100020748";8;"22:30";"5";"30";"2";"2";"1";3;44;4