"";"Num_Acc";"mois";"hrmn";"lum";"dep";"agg";"int";"atm";"col";"lat";"long"
"20749";"202100020749";9;"19:00";"1";"62";"1";"1";"1";6;50;2
"20750";"202100020750";8;"17:40";"1";"57";"1";"1";"1";6;48;6
"20751";"202100020751";9;"18:00";"1";"51";"2";"1";"1";7;49;4
"20752";"202100020752";9;"17:50";"1";"59";"2";"1";"1";2;50;3
"20753";"202100020753";9;"18:00";"1";"79";"1";"1";"1";1;46;0
"20754";"202100020754";9;"13:35";"1";"60";"1";"1";"7";7;49;2
"20755";"202100020755";8;"19:37";"1";"82";"1";"1";"1";6;43;0
"20756";"202100020756";9;"08:45";"1";"33";"1";"1";"1";2;45;-1
"20757";"202100020757";9;"16:00";"1";"71";"1";"2";"1";2;46;4
"20758";"202100020758";9;"12:30";"1";"89";"1";"3";"1";3;48;2
"20759";"202100020759";9;"11:30";"1";"89";"1";"1";"1";7;47;4
"20760";"202100020760";9;"15:50";"1";"63";"1";"1";"1";7;45;2
"20761";"202100020761";9;"18:10";"1";"63";"2";"6";"1";7;45;3
"20762";"202100020762";9;"14:30";"1";"61";"1";"1";"1";6;48;0
"20763";"202100020763";9;"14:20";"1";"61";"2";"6";"1";7;48;0
"20764";"202100020764";9;"02:30";"3";"61";"1";"1";"1";6;48;0
"20765";"202100020765";9;"17:06";"1";"46";"1";"1";"7";6;44;1
"20766";"202100020766";9;"17:20";"1";"68";"1";"1";"1";6;47;7
"20767";"202100020767";9;"13:15";"1";"39";"2";"1";"7";1;46;5
"20768";"202100020768";9;"17:30";"1";"29";"1";"3";"7";1;48;-4
"20769";"202100020769";9;"20:39";"5";"38";"2";"1";"1";6;44;5
"20770";"202100020770";9;"00:15";"3";"84";"1";"1";"1";6;44;5
"20771";"202100020771";9;"16:30";"1";"15";"1";"3";"7";1;45;2
"20772";"202100020772";9;"17:45";"1";"01";"2";"1";"1";2;46;5
"20773";"202100020773";9;"18:45";"1";"70";"2";"1";"1";3;47;6
"20774";"202100020774";9;"16:00";"1";"58";"1";"1";"1";2;47;3
"20775";"202100020775";9;"13:50";"1";"58";"1";"1";"1";6;46;3
"20776";"202100020776";9;"10:45";"1";"14";"1";"1";"1";7;49;0
"20777";"202100020777";9;"20:50";"4";"64";"1";"1";"1";7;43;-1
"20778";"202100020778";9;"18:30";"1";"18";"2";"1";"1";6;46;2
"20779";"202100020779";9;"18:05";"2";"07";"1";"1";"1";7;44;4
"20780";"202100020780";9;"16:15";"1";"24";"1";"2";"1";7;44;0
"20781";"202100020781";9;"15:30";"1";"88";"1";"1";"1";7;48;6
"20782";"202100020782";9;"15:50";"1";"88";"1";"9";"7";7;48;5
"20783";"202100020783";9;"08:30";"1";"13";"1";"1";"1";6;43;5
"20784";"202100020784";9;"19:09";"1";"60";"1";"9";"1";3;49;2
"20785";"202100020785";8;"12:40";"1";"33";"1";"1";"1";2;44;-1
"20786";"202100020786";8;"11:25";"1";"29";"2";"1";"1";1;47;-3
"20787";"202100020787";9;"18:20";"1";"45";"1";"1";"1";7;47;2
"20788";"202100020788";9;"05:35";"5";"77";"2";"1";"1";1;48;2
"20789";"202100020789";8;"06:50";"2";"78";"1";"1";"1";1;48;1
"20790";"202100020790";9;"14:30";"1";"83";"1";"1";"1";7;43;5
"20791";"202100020791";9;"18:52";"1";"04";"1";"1";"7";6;43;6
"20792";"202100020792";9;"11:15";"1";"13";"2";"3";"1";3;43;5
"20793";"202100020793";9;"04:00";"3";"89";"1";"1";"1";6;47;3
"20794";"202100020794";9;"17:35";"1";"68";"1";"1";"1";7;48;7
"20795";"202100020795";9;"20:30";"3";"68";"1";"1";"1";7;48;7
"20796";"202100020796";9;"11:05";"1";"57";"2";"1";"1";1;49;6
"20797";"202100020797";9;"18:50";"2";"38";"2";"1";"1";6;45;4
"20798";"202100020798";8;"16:35";"1";"14";"1";"1";"1";7;49;0
"20799";"202100020799";9;"18:00";"1";"35";"1";"3";"1";3;48;-1
"20800";"202100020800";9;"12:15";"1";"60";"1";"1";"1";2;49;2
"20801";"202100020801";9;"18:10";"1";"59";"2";"6";"1";3;50;2
"20802";"202100020802";9;"20:30";"3";"13";"1";"1";"1";5;43;5
"20803";"202100020803";9;"19:30";"1";"13";"1";"1";"2";2;43;5
"20804";"202100020804";9;"11:05";"1";"13";"1";"1";"1";4;43;5
"20805";"202100020805";9;"20:15";"5";"33";"1";"1";"1";6;44;0
"20806";"202100020806";9;"19:20";"1";"33";"1";"1";"1";4;44;0
"20807";"202100020807";9;"23:05";"5";"33";"1";"1";"1";2;44;0
"20808";"202100020808";9;"16:30";"1";"91";"1";"1";"1";3;48;2
"20809";"202100020809";9;"16:20";"1";"91";"1";"1";"1";4;48;2
"20810";"202100020810";9;"14:20";"1";"91";"1";"1";"1";2;48;2
"20811";"202100020811";9;"12:58";"1";"91";"1";"1";"1";2;48;2
"20812";"202100020812";9;"01:50";"3";"78";"1";"1";"2";6;48;1
"20813";"202100020813";9;"20:45";"3";"93";"1";"1";"1";7;48;2
"20814";"202100020814";9;"21:00";"3";"92";"1";"1";"1";2;48;2
"20815";"202100020815";9;"19:40";"1";"93";"1";"1";"1";2;48;2
"20816";"202100020816";9;"19:00";"1";"95";"1";"1";"1";3;48;2
"20817";"202100020817";9;"10:45";"1";"92";"1";"1";"1";4;48;2
"20818";"202100020818";9;"08:15";"1";"93";"1";"1";"1";2;48;2
"20819";"202100020819";9;"05:00";"3";"95";"1";"1";"2";6;48;2
"20820";"202100020820";9;"05:00";"3";"95";"1";"1";"8";6;49;2
"20821";"202100020821";9;"04:10";"3";"92";"1";"1";"2";3;48;2
"20822";"202100020822";9;"06:25";"3";"77";"1";"1";"1";2;48;2
"20823";"202100020823";9;"12:00";"1";"77";"1";"1";"1";3;48;2
"20824";"202100020824";9;"12:15";"1";"976";"2";"1";"1";3;-12;45
"20825";"202100020825";9;"19:30";"5";"974";"2";"1";"1";6;-21;55
"20826";"202100020826";9;"14:30";"1";"974";"2";"1";"1";7;-20;55
"20827";"202100020827";9;"15:13";"1";"972";"2";"1";"1";1;14;-61
"20828";"202100020828";9;"22:10";"5";"69";"2";"9";"1";1;45;4
"20829";"202100020829";9;"18:35";"1";"69";"1";"9";"1";3;45;4
"20830";"202100020830";9;"17:30";"1";"69";"2";"3";"1";4;45;4
"20831";"202100020831";9;"15:00";"1";"69";"2";"9";"1";6;45;4
"20832";"202100020832";9;"13:40";"1";"69";"2";"3";"1";6;45;4
"20833";"202100020833";9;"16:00";"1";"91";"2";"1";"2";3;48;2
"20834";"202100020834";9;"13:30";"1";"91";"2";"1";"7";2;48;2
"20835";"202100020835";9;"21:15";"2";"78";"1";"1";"8";1;49;1
"20836";"202100020836";9;"16:05";"1";"76";"2";"3";"1";3;49;1
"20837";"202100020837";9;"08:15";"1";"67";"2";"6";"7";3;48;7
"20838";"202100020838";9;"01:54";"5";"64";"2";"2";"1";3;43;0
"20839";"202100020839";9;"03:50";"5";"64";"2";"1";"1";7;43;-1
"20840";"202100020840";9;"12:13";"1";"64";"2";"1";"1";3;43;-1
"20841";"202100020841";8;"20:35";"2";"62";"2";"6";"1";1;50;1
"20842";"202100020842";9;"02:00";"5";"59";"1";"1";"1";6;50;3
"20843";"202100020843";9;"19:45";"1";"59";"2";"1";"1";6;51;2
"20844";"202100020844";9;"16:00";"1";"54";"2";"3";"1";6;48;6
"20845";"202100020845";9;"20:35";"2";"52";"2";"1";"1";3;48;5
"20846";"202100020846";9;"12:50";"1";"52";"2";"1";"1";7;48;5
"20847";"202100020847";9;"20:30";"2";"49";"2";"1";"1";3;47;0
"20848";"202100020848";9;"22:30";"5";"44";"2";"1";"1";6;47;-1
"20849";"202100020849";9;"17:45";"1";"44";"2";"3";"1";6;47;-1
"20850";"202100020850";9;"16:00";"1";"44";"2";"1";"1";6;47;-1
"20851";"202100020851";9;"12:05";"1";"43";"2";"6";"1";2;45;3
"20852";"202100020852";9;"15:05";"1";"42";"2";"2";"1";1;46;4
"20853";"202100020853";9;"18:30";"1";"42";"2";"1";"1";6;45;4
"20854";"202100020854";9;"23:50";"5";"38";"2";"1";"1";2;45;5
"20855";"202100020855";9;"22:15";"5";"38";"2";"3";"1";3;45;5
"20856";"202100020856";9;"22:20";"5";"37";"2";"2";"1";3;47;0
"20857";"202100020857";9;"20:40";"5";"37";"2";"1";"1";6;47;0
"20858";"202100020858";9;"16:55";"1";"37";"1";"1";"1";3;47;0
"20859";"202100020859";9;"19:15";"1";"37";"2";"6";"1";6;47;0
"20860";"202100020860";9;"11:15";"1";"37";"2";"2";"1";3;47;0
"20861";"202100020861";9;"16:10";"1";"37";"2";"1";"1";4;47;0
"20862";"202100020862";9;"20:45";"2";"35";"2";"2";"2";3;48;-1
"20863";"202100020863";9;"03:45";"5";"33";"2";"1";"1";6;44;0
"20864";"202100020864";9;"16:30";"1";"33";"2";"9";"1";6;44;0
"20865";"202100020865";9;"18:00";"1";"33";"2";"2";"2";6;44;0
"20866";"202100020866";9;"11:25";"1";"33";"1";"1";"1";3;44;-1
"20867";"202100020867";9;"12:05";"1";"31";"1";"1";"1";4;43;1
"20868";"202100020868";9;"17:20";"1";"27";"2";"1";"2";2;49;1
"20869";"202100020869";9;"10:50";"1";"27";"2";"1";"2";6;49;1
"20870";"202100020870";9;"11:50";"1";"22";"2";"9";"1";2;48;-2
"20871";"202100020871";9;"12:40";"1";"19";"2";"1";"1";3;45;1
"20872";"202100020872";9;"11:10";"1";"17";"2";"1";"1";2;46;-1
"20873";"202100020873";9;"10:55";"1";"17";"2";"9";"8";6;46;-1
"20874";"202100020874";9;"02:15";"4";"13";"2";"1";"1";1;43;5
"20875";"202100020875";8;"13:30";"1";"13";"2";"6";"8";6;43;5
"20876";"202100020876";9;"14:20";"1";"10";"2";"1";"1";7;48;4
"20877";"202100020877";9;"22:38";"5";"06";"2";"1";"1";3;43;7
"20878";"202100020878";8;"21:15";"5";"93";"2";"9";"1";6;48;2
"20879";"202100020879";9;"13:50";"1";"75";"2";"4";"1";3;48;2
"20880";"202100020880";9;"08:48";"1";"75";"2";"1";"1";3;48;2
"20881";"202100020881";9;"15:00";"1";"75";"2";"2";"1";3;48;2
"20882";"202100020882";9;"04:40";"5";"75";"2";"4";"1";3;48;2
"20883";"202100020883";9;"20:40";"2";"75";"2";"3";"1";3;48;2
"20884";"202100020884";9;"13:05";"1";"75";"2";"1";"1";7;48;2
"20885";"202100020885";9;"13:35";"1";"75";"2";"1";"1";3;48;2
"20886";"202100020886";9;"21:00";"5";"75";"2";"7";"1";6;48;2
"20887";"202100020887";9;"15:05";"1";"75";"2";"2";"1";3;48;2
"20888";"202100020888";9;"16:45";"1";"94";"2";"4";"1";3;48;2
"20889";"202100020889";9;"09:50";"1";"94";"2";"1";"1";2;48;2
"20890";"202100020890";9;"20:05";"2";"94";"2";"1";"1";6;48;2
"20891";"202100020891";9;"12:15";"1";"93";"2";"6";"1";3;48;2
"20892";"202100020892";9;"19:13";"1";"93";"2";"1";"1";5;48;2
"20893";"202100020893";9;"17:00";"1";"93";"2";"3";"1";6;48;2
"20894";"202100020894";9;"14:50";"1";"93";"2";"7";"1";3;48;2
"20895";"202100020895";9;"02:50";"5";"92";"2";"1";"1";6;48;2
"20896";"202100020896";9;"14:50";"1";"92";"2";"2";"1";6;48;2
"20897";"202100020897";9;"16:30";"1";"92";"2";"1";"1";2;48;2
"20898";"202100020898";9;"13:15";"1";"35";"2";"2";"1";2;47;-1
"20899";"202100020899";9;"10:05";"1";"73";"1";"1";"1";7;45;6
"20900";"202100020900";9;"17:35";"1";"71";"1";"2";"1";3;46;4
"20901";"202100020901";9;"01:05";"5";"31";"2";"1";"1";6;43;1
"20902";"202100020902";9;"21:20";"3";"83";"1";"1";"1";4;43;6
"20903";"202100020903";9;"19:15";"1";"68";"1";"2";"7";3;48;7
"20904";"202100020904";9;"19:50";"2";"83";"1";"1";"1";7;43;6
"20905";"202100020905";9;"19:15";"1";"86";"1";"1";"1";3;46;0
"20906";"202100020906";9;"15:15";"1";"42";"1";"1";"1";6;45;4
"20907";"202100020907";9;"11:45";"1";"44";"2";"1";"1";2;47;-2
"20908";"202100020908";9;"17:05";"1";"77";"1";"1";"1";7;48;2
"20909";"202100020909";9;"17:40";"1";"56";"1";"1";"1";1;47;-2
"20910";"202100020910";9;"16:23";"1";"76";"2";"1";"1";7;49;0
"20911";"202100020911";9;"22:40";"3";"76";"1";"1";"1";6;49;0
"20912";"202100020912";9;"15:25";"1";"76";"2";"3";"1";7;49;1
"20913";"202100020913";9;"17:00";"1";"79";"1";"2";"7";3;46;0
"20914";"202100020914";9;"16:15";"1";"82";"1";"1";"1";6;44;1
"20915";"202100020915";9;"16:00";"1";"82";"1";"2";"1";3;43;1
"20916";"202100020916";9;"11:00";"1";"65";"1";"1";"2";2;42;0
"20917";"202100020917";9;"22:30";"3";"33";"2";"1";"1";6;45;0
"20918";"202100020918";9;"17:15";"1";"71";"2";"3";"1";6;46;4
"20919";"202100020919";9;"18:50";"1";"12";"1";"4";"1";6;44;2
"20920";"202100020920";9;"03:15";"3";"47";"2";"1";"1";4;44;0
"20921";"202100020921";9;"17:05";"1";"34";"2";"1";"1";6;43;3
"20922";"202100020922";9;"22:30";"3";"29";"1";"1";"1";7;47;-3
"20923";"202100020923";9;"19:30";"1";"29";"2";"1";"1";3;47;-3
"20924";"202100020924";9;"11:05";"1";"29";"1";"2";"1";3;48;-3
"20925";"202100020925";9;"09:48";"1";"02";"1";"4";"1";3;49;3
"20926";"202100020926";9;"20:00";"1";"02";"1";"1";"1";6;49;4
"20927";"202100020927";8;"10:02";"1";"85";"1";"1";"1";2;46;-1
"20928";"202100020928";9;"07:00";"2";"70";"1";"1";"5";1;47;6
"20929";"202100020929";9;"03:00";"5";"70";"2";"1";"1";6;47;6
"20930";"202100020930";9;"17:00";"1";"70";"1";"1";"1";6;47;5
"20931";"202100020931";9;"14:15";"1";"58";"2";"1";"1";3;47;3
"20932";"202100020932";9;"11:30";"1";"14";"1";"1";"1";7;49;0
"20933";"202100020933";9;"13:15";"1";"14";"2";"1";"1";7;49;0
"20934";"202100020934";9;"18:55";"1";"64";"1";"1";"1";7;43;-1
"20935";"202100020935";9;"07:30";"2";"73";"1";"1";"1";7;45;6
"20936";"202100020936";9;"07:15";"2";"73";"1";"5";"2";3;45;6
"20937";"202100020937";9;"21:00";"3";"43";"1";"1";"1";6;45;4
"20938";"202100020938";9;"09:30";"1";"10";"2";"1";"1";6;48;3
"20939";"202100020939";8;"16:55";"1";"24";"1";"4";"1";3;45;0
"20940";"202100020940";9;"12:33";"1";"04";"1";"6";"1";6;43;5
"20941";"202100020941";9;"19:00";"1";"28";"1";"1";"2";6;48;1
"20942";"202100020942";9;"18:20";"1";"30";"2";"6";"1";1;43;4
"20943";"202100020943";9;"16:15";"1";"52";"1";"1";"1";7;48;5
"20944";"202100020944";9;"02:35";"5";"08";"2";"9";"1";7;49;4
"20945";"202100020945";6;"18:45";"1";"26";"1";"1";"1";4;45;5
"20946";"202100020946";9;"22:30";"3";"01";"1";"1";"7";6;45;5
"20947";"202100020947";8;"04:15";"3";"34";"1";"1";"1";2;43;3
"20948";"202100020948";8;"13:15";"1";"59";"1";"1";"1";6;50;3
"20949";"202100020949";9;"01:30";"3";"988";"1";"1";"1";7;-20;164
"20950";"202100020950";9;"01:30";"3";"95";"1";"1";"8";1;49;2
"20951";"202100020951";8;"20:45";"2";"91";"1";"6";"1";1;48;2
"20952";"202100020952";9;"07:25";"2";"34";"1";"6";"5";6;43;4
"20953";"202100020953";9;"07:30";"1";"84";"1";"1";"1";3;44;5
"20954";"202100020954";9;"13:00";"1";"06";"1";"1";"1";1;43;7
"20955";"202100020955";9;"02:30";"4";"89";"1";"1";"5";6;47;3
"20956";"202100020956";9;"16:45";"1";"68";"1";"1";"1";1;48;7
"20957";"202100020957";9;"18:45";"1";"67";"1";"1";"1";7;48;7
"20958";"202100020958";9;"18:50";"1";"67";"2";"6";"1";6;48;7
"20959";"202100020959";9;"18:30";"2";"74";"1";"1";"1";7;46;6
"20960";"202100020960";9;"15:47";"1";"73";"1";"1";"1";1;45;6
"20961";"202100020961";9;"23:55";"3";"42";"1";"1";"1";6;45;4
"20962";"202100020962";9;"10:05";"1";"01";"1";"2";"1";1;46;6
"20963";"202100020963";9;"12:40";"1";"69";"1";"1";"1";7;45;4
"20964";"202100020964";9;"14:25";"1";"69";"2";"3";"1";3;45;4
"20965";"202100020965";8;"13:25";"1";"17";"1";"2";"1";3;46;-1
"20966";"202100020966";9;"15:25";"1";"24";"1";"2";"1";3;44;0
"20967";"202100020967";9;"01:15";"3";"33";"1";"2";"1";3;44;0
"20968";"202100020968";9;"16:00";"1";"53";"1";"1";"1";6;48;0
"20969";"202100020969";9;"10:35";"1";"14";"2";"1";"1";6;49;0
"20970";"202100020970";9;"16:50";"1";"22";"2";"1";"1";6;48;-2
"20971";"202100020971";9;"17:00";"1";"62";"2";"3";"1";3;50;1
"20972";"202100020972";9;"15:20";"1";"13";"1";"1";"1";1;43;5
"20973";"202100020973";9;"06:19";"2";"13";"1";"1";"2";2;43;5
"20974";"202100020974";9;"11:50";"1";"13";"1";"1";"1";4;43;5
"20975";"202100020975";9;"18:00";"1";"13";"1";"1";"2";2;43;5
"20976";"202100020976";9;"23:35";"5";"33";"1";"1";"1";6;44;0
"20977";"202100020977";9;"15:30";"1";"91";"1";"1";"1";2;48;2
"20978";"202100020978";9;"22:58";"3";"91";"1";"1";"1";3;48;2
"20979";"202100020979";9;"19:25";"1";"78";"1";"1";"2";6;48;2
"20980";"202100020980";9;"15:00";"1";"78";"1";"1";"1";7;48;2
"20981";"202100020981";9;"13:20";"1";"78";"1";"1";"1";4;48;2
"20982";"202100020982";9;"13:20";"1";"93";"1";"1";"1";4;48;2
"20983";"202100020983";9;"09:00";"1";"95";"1";"1";"2";6;49;2
"20984";"202100020984";9;"09:00";"1";"93";"1";"1";"1";2;48;2
"20985";"202100020985";9;"08:35";"1";"95";"1";"1";"1";2;48;2
"20986";"202100020986";9;"08:10";"1";"95";"1";"1";"1";3;48;2
"20987";"202100020987";9;"03:45";"5";"69";"2";"1";"2";6;45;4
"20988";"202100020988";9;"11:30";"1";"95";"2";"6";"1";1;49;2
"20989";"202100020989";9;"17:00";"1";"54";"2";"1";"7";6;48;6
"20990";"202100020990";8;"13:10";"1";"30";"2";"1";"1";6;43;4
"20991";"202100020991";9;"16:15";"1";"94";"2";"1";"1";3;48;2
"20992";"202100020992";5;"10:30";"1";"02";"2";"1";"1";6;49;3
"20993";"202100020993";9;"14:35";"1";"974";"2";"1";"1";1;-20;55
"20994";"202100020994";9;"17:30";"1";"974";"1";"1";"1";5;-20;55
"20995";"202100020995";8;"20:30";"5";"973";"2";"2";"1";3;4;-52
"20996";"202100020996";9;"23:30";"5";"69";"2";"2";"1";3;45;4
"20997";"202100020997";9;"19:20";"1";"69";"2";"1";"2";2;45;4
"20998";"202100020998";9;"13:45";"1";"69";"2";"3";"1";3;45;4
"20999";"202100020999";6;"18:20";"1";"69";"2";"1";"1";1;45;4
"21000";"202100021000";9;"12:45";"1";"69";"2";"1";"1";6;45;4
"21001";"202100021001";9;"16:30";"1";"971";"1";"1";"1";3;16;-61
"21002";"202100021002";9;"07:45";"1";"971";"2";"1";"1";3;15;-61
"21003";"202100021003";9;"21:18";"3";"95";"1";"1";"1";6;48;2
"21004";"202100021004";9;"12:25";"1";"91";"2";"4";"1";3;48;2
"21005";"202100021005";9;"12:13";"1";"91";"2";"1";"1";2;48;2
"21006";"202100021006";9;"08:00";"1";"91";"2";"6";"1";3;48;2
"21007";"202100021007";9;"08:40";"1";"91";"2";"9";"1";3;48;2
"21008";"202100021008";9;"00:55";"5";"91";"2";"1";"1";3;48;2
"21009";"202100021009";9;"16:00";"1";"86";"1";"1";"1";4;46;0
"21010";"202100021010";8;"18:00";"1";"83";"2";"1";"1";3;43;5
"21011";"202100021011";9;"21:15";"2";"81";"2";"2";"1";3;43;2
"21012";"202100021012";9;"17:15";"1";"78";"2";"1";"7";6;48;1
"21013";"202100021013";9;"20:25";"1";"77";"1";"1";"1";6;48;3
"21014";"202100021014";9;"20:37";"3";"77";"2";"3";"1";1;48;2
"21015";"202100021015";8;"16:46";"1";"77";"1";"1";"1";6;48;2
"21016";"202100021016";9;"21:15";"2";"77";"1";"1";"1";6;48;2
"21017";"202100021017";9;"16:40";"1";"76";"2";"3";"1";6;49;1
"21018";"202100021018";8;"08:30";"1";"76";"2";"1";"1";2;49;0
"21019";"202100021019";9;"22:25";"5";"72";"2";"1";"1";1;47;0
"21020";"202100021020";9;"08:35";"1";"72";"2";"1";"1";6;48;0
"21021";"202100021021";9;"10:50";"1";"71";"2";"4";"1";3;46;4
"21022";"202100021022";9;"10:00";"1";"67";"2";"1";"7";3;48;7
"21023";"202100021023";9;"10:54";"1";"66";"1";"6";"1";3;42;2
"21024";"202100021024";9;"18:45";"1";"64";"2";"1";"1";4;43;-1
"21025";"202100021025";9;"08:45";"1";"64";"2";"3";"2";3;43;0
"21026";"202100021026";9;"14:25";"1";"64";"1";"1";"1";6;43;0
"21027";"202100021027";9;"21:40";"5";"64";"2";"9";"3";7;43;-1
"21028";"202100021028";9;"19:45";"1";"64";"2";"1";"1";7;43;-1
"21029";"202100021029";9;"13:40";"1";"64";"2";"1";"1";3;43;-1
"21030";"202100021030";9;"13:30";"1";"59";"2";"1";"1";2;50;3
"21031";"202100021031";9;"08:50";"1";"59";"2";"2";"1";3;50;2
"21032";"202100021032";9;"08:38";"1";"59";"2";"1";"1";3;50;3
"21033";"202100021033";9;"12:00";"1";"59";"2";"1";"1";3;50;3
"21034";"202100021034";9;"08:50";"1";"56";"2";"9";"1";3;47;-2
"21035";"202100021035";9;"08:20";"1";"56";"2";"1";"1";2;47;-3
"21036";"202100021036";9;"19:25";"1";"56";"2";"3";"1";1;47;-3
"21037";"202100021037";9;"17:25";"1";"56";"2";"3";"1";3;47;-3
"21038";"202100021038";8;"18:15";"1";"56";"2";"1";"1";2;47;-3
"21039";"202100021039";9;"01:25";"3";"55";"1";"1";"1";1;49;5
"21040";"202100021040";9;"16:40";"1";"55";"2";"1";"1";5;49;5
"21041";"202100021041";9;"14:00";"1";"54";"2";"1";"1";3;48;6
"21042";"202100021042";9;"19:22";"1";"49";"2";"1";"1";6;47;0
"21043";"202100021043";9;"08:19";"1";"49";"2";"1";"1";6;47;0
"21044";"202100021044";9;"10:42";"1";"49";"2";"1";"1";2;47;0
"21045";"202100021045";9;"12:49";"1";"49";"2";"1";"1";3;47;0
"21046";"202100021046";9;"21:25";"5";"47";"2";"1";"1";2;44;0
"21047";"202100021047";9;"17:20";"1";"44";"2";"6";"1";3;47;-1
"21048";"202100021048";8;"19:10";"1";"41";"2";"1";"8";4;47;1
"21049";"202100021049";8;"17:50";"1";"41";"1";"1";"1";3;47;1
"21050";"202100021050";9;"09:55";"1";"41";"1";"1";"1";3;47;1
"21051";"202100021051";9;"03:00";"3";"41";"2";"6";"1";7;47;1
"21052";"202100021052";9;"07:50";"1";"37";"2";"1";"1";6;47;0
"21053";"202100021053";9;"15:50";"1";"35";"2";"2";"1";2;48;-1
"21054";"202100021054";9;"08:15";"1";"34";"2";"1";"1";1;43;3
"21055";"202100021055";9;"12:30";"1";"33";"2";"1";"1";1;44;-1
"21056";"202100021056";9;"18:20";"1";"31";"2";"1";"1";3;43;1
"21057";"202100021057";9;"17:40";"1";"31";"2";"1";"1";7;43;1
"21058";"202100021058";8;"08:50";"1";"30";"1";"1";"1";7;43;4
"21059";"202100021059";8;"09:10";"1";"30";"1";"1";"1";1;43;4
"21060";"202100021060";8;"20:30";"2";"30";"2";"3";"1";3;43;4
"21061";"202100021061";9;"02:18";"4";"29";"1";"1";"1";6;48;-4
"21062";"202100021062";9;"14:30";"1";"29";"2";"9";"1";3;47;-4
"21063";"202100021063";9;"23:00";"5";"27";"2";"1";"1";6;49;1
"21064";"202100021064";9;"08:20";"1";"27";"2";"6";"1";3;49;1
"21065";"202100021065";9;"19:30";"1";"26";"2";"1";"1";2;44;4
"21066";"202100021066";9;"17:20";"1";"25";"2";"1";"1";3;47;5
"21067";"202100021067";9;"14:15";"1";"23";"2";"1";"1";3;46;1
"21068";"202100021068";9;"14:35";"1";"17";"2";"2";"1";3;45;-1
"21069";"202100021069";9;"16:15";"1";"14";"2";"2";"1";3;49;0
"21070";"202100021070";9;"15:25";"1";"14";"2";"1";"1";6;49;0
"21071";"202100021071";9;"13:20";"1";"14";"2";"1";"1";3;49;0
"21072";"202100021072";9;"09:09";"1";"14";"2";"9";"7";1;49;0
"21073";"202100021073";9;"13:35";"1";"14";"1";"1";"1";3;49;0
"21074";"202100021074";9;"23:10";"5";"13";"2";"2";"1";5;43;5
"21075";"202100021075";9;"20:00";"2";"13";"1";"1";"1";1;43;4
"21076";"202100021076";8;"18:50";"1";"12";"2";"2";"1";3;44;3
"21077";"202100021077";9;"12:45";"1";"11";"2";"1";"1";6;43;3
"21078";"202100021078";9;"12:06";"1";"06";"2";"1";"1";3;43;6
"21079";"202100021079";9;"18:00";"1";"06";"2";"3";"1";3;43;7
"21080";"202100021080";9;"12:14";"1";"06";"1";"1";"1";2;43;7
"21081";"202100021081";9;"09:05";"1";"75";"2";"7";"1";2;48;2
"21082";"202100021082";9;"15:20";"1";"75";"2";"3";"1";2;48;2
"21083";"202100021083";9;"14:05";"1";"75";"2";"7";"1";3;48;2
"21084";"202100021084";9;"09:55";"1";"75";"2";"4";"1";3;48;2
"21085";"202100021085";9;"07:45";"1";"75";"2";"2";"1";2;48;2
"21086";"202100021086";9;"15:55";"1";"75";"2";"3";"1";3;48;2
"21087";"202100021087";9;"01:00";"5";"75";"2";"1";"1";3;48;2
"21088";"202100021088";9;"22:30";"5";"75";"2";"7";"1";3;48;2
"21089";"202100021089";9;"18:00";"1";"75";"2";"3";"1";3;48;2
"21090";"202100021090";9;"14:00";"1";"75";"2";"2";"1";3;48;2
"21091";"202100021091";9;"11:15";"1";"75";"2";"2";"1";6;48;2
"21092";"202100021092";9;"12:51";"1";"75";"2";"1";"1";3;48;2
"21093";"202100021093";9;"12:45";"1";"75";"2";"2";"1";3;48;2
"21094";"202100021094";9;"18:20";"1";"75";"2";"7";"1";6;48;2
"21095";"202100021095";9;"17:10";"1";"75";"2";"5";"1";3;48;2
"21096";"202100021096";9;"18:15";"1";"75";"2";"4";"1";6;48;2
"21097";"202100021097";9;"17:30";"1";"75";"2";"2";"1";6;48;2
"21098";"202100021098";9;"18:20";"1";"75";"2";"3";"1";3;48;2
"21099";"202100021099";9;"13:35";"1";"75";"2";"2";"1";5;48;2
"21100";"202100021100";9;"18:45";"1";"75";"2";"2";"1";3;48;2
"21101";"202100021101";9;"18:40";"1";"94";"2";"6";"1";6;48;2
"21102";"202100021102";9;"08:45";"2";"94";"2";"2";"1";3;48;2
"21103";"202100021103";9;"11:35";"1";"94";"2";"1";"1";3;48;2
"21104";"202100021104";9;"08:50";"1";"94";"2";"2";"1";3;48;2
"21105";"202100021105";9;"19:35";"1";"94";"2";"1";"1";6;48;2
"21106";"202100021106";9;"18:30";"1";"94";"2";"1";"1";6;48;2
"21107";"202100021107";9;"20:50";"3";"94";"2";"9";"1";3;48;2
"21108";"202100021108";9;"14:10";"1";"94";"2";"1";"1";1;48;2
"21109";"202100021109";9;"21:00";"5";"94";"2";"2";"1";3;48;2
"21110";"202100021110";9;"16:00";"1";"94";"2";"8";"1";6;48;2
"21111";"202100021111";9;"13:35";"1";"94";"2";"2";"1";3;48;2
"21112";"202100021112";9;"19:30";"2";"93";"2";"2";"1";3;48;2
"21113";"202100021113";9;"22:15";"3";"93";"2";"1";"1";4;48;2