"";"Num_Acc";"mois";"hrmn";"lum";"dep";"agg";"int";"atm";"col";"lat";"long"
"21114";"202100021114";9;"16:45";"1";"93";"2";"3";"1";3;48;2
"21115";"202100021115";9;"10:15";"1";"93";"2";"1";"1";3;48;2
"21116";"202100021116";8;"01:40";"5";"93";"2";"2";"1";3;48;2
"21117";"202100021117";9;"11:00";"1";"92";"2";"1";"1";6;48;2
"21118";"202100021118";9;"11:20";"1";"92";"2";"1";"1";3;48;2
"21119";"202100021119";9;"16:50";"1";"92";"2";"1";"1";6;48;2
"21120";"202100021120";9;"05:20";"5";"92";"2";"1";"1";6;48;2
"21121";"202100021121";9;"08:40";"1";"92";"2";"1";"1";2;48;2
"21122";"202100021122";9;"21:20";"5";"92";"2";"1";"1";2;48;2
"21123";"202100021123";8;"19:20";"2";"92";"2";"1";"1";6;48;2
"21124";"202100021124";9;"20:30";"2";"35";"1";"1";"1";3;47;-1
"21125";"202100021125";9;"12:45";"1";"80";"1";"1";"1";7;50;2
"21126";"202100021126";9;"20:20";"1";"17";"2";"2";"1";3;46;-1
"21127";"202100021127";9;"01:57";"3";"972";"1";"1";"1";6;14;-60
"21128";"202100021128";9;"20:17";"3";"86";"1";"3";"1";3;46;0
"21129";"202100021129";9;"16:30";"1";"51";"2";"2";"1";3;49;4
"21130";"202100021130";9;"18:00";"1";"79";"1";"1";"1";6;46;0
"21131";"202100021131";9;"22:15";"3";"41";"2";"1";"1";6;47;0
"21132";"202100021132";9;"10:00";"1";"34";"2";"2";"1";1;43;3
"21133";"202100021133";9;"12:35";"1";"51";"1";"1";"1";2;49;4
"21134";"202100021134";9;"17:18";"1";"56";"1";"2";"1";3;47;-2
"21135";"202100021135";9;"10:40";"1";"77";"1";"1";"1";1;48;3
"21136";"202100021136";9;"20:45";"5";"80";"1";"1";"1";6;50;1
"21137";"202100021137";9;"20:15";"1";"80";"2";"1";"1";6;50;1
"21138";"202100021138";9;"21:25";"3";"63";"1";"1";"5";1;45;3
"21139";"202100021139";9;"18:10";"1";"68";"1";"1";"1";6;47;7
"21140";"202100021140";9;"16:50";"1";"44";"1";"3";"1";3;47;-2
"21141";"202100021141";9;"18:50";"1";"29";"1";"3";"1";3;47;-3
"21142";"202100021142";9;"11:45";"1";"29";"1";"3";"1";7;48;-3
"21143";"202100021143";9;"03:45";"3";"31";"1";"1";"1";6;43;1
"21144";"202100021144";9;"00:55";"3";"38";"1";"1";"1";7;45;5
"21145";"202100021145";9;"18:30";"1";"38";"1";"1";"8";1;45;5
"21146";"202100021146";9;"20:54";"3";"85";"1";"1";"3";6;46;-1
"21147";"202100021147";9;"09:30";"1";"70";"1";"1";"1";1;47;6
"21148";"202100021148";9;"14:02";"1";"26";"1";"1";"1";1;44;5
"21149";"202100021149";9;"20:30";"1";"50";"1";"2";"1";3;49;-1
"21150";"202100021150";9;"00:50";"3";"64";"1";"1";"1";7;43;-1
"21151";"202100021151";9;"11:55";"1";"43";"1";"2";"1";5;45;4
"21152";"202100021152";9;"11:20";"1";"43";"2";"9";"1";6;44;3
"21153";"202100021153";9;"08:00";"1";"10";"1";"1";"1";1;48;3
"21154";"202100021154";9;"12:10";"1";"07";"2";"3";"1";3;44;4
"21155";"202100021155";9;"21:20";"3";"40";"2";"1";"1";7;43;0
"21156";"202100021156";8;"17:00";"1";"17";"2";"1";"1";6;45;0
"21157";"202100021157";9;"17:00";"1";"88";"1";"1";"1";2;48;6
"21158";"202100021158";9;"18:55";"1";"13";"1";"1";"1";2;43;5
"21159";"202100021159";9;"12:00";"1";"38";"2";"1";"1";2;45;5
"21160";"202100021160";9;"02:00";"3";"95";"2";"1";"1";6;49;2
"21161";"202100021161";9;"03:45";"3";"69";"1";"1";"1";2;45;5
"21162";"202100021162";9;"15:15";"1";"987";"2";"1";"1";1;-17;-149
"21163";"202100021163";9;"16:00";"1";"971";"2";"1";"1";2;16;-61
"21164";"202100021164";9;"16:10";"1";"59";"1";"1";"1";2;50;3
"21165";"202100021165";9;"20:00";"3";"973";"1";"1";"1";1;5;-53
"21166";"202100021166";9;"16:27";"1";"971";"2";"1";"1";1;16;-61
"21167";"202100021167";9;"07:00";"1";"971";"1";"1";"1";6;16;-61
"21168";"202100021168";9;"22:50";"5";"971";"2";"1";"1";7;16;-61
"21169";"202100021169";9;"18:12";"1";"29";"2";"1";"1";2;47;-3
"21170";"202100021170";9;"17:00";"1";"95";"1";"1";"1";6;49;1
"21171";"202100021171";9;"19:20";"2";"78";"1";"1";"2";7;49;1
"21172";"202100021172";9;"16:45";"1";"66";"1";"1";"1";6;42;2
"21173";"202100021173";9;"12:21";"1";"84";"1";"2";"1";5;43;5
"21174";"202100021174";9;"11:40";"1";"84";"1";"1";"1";3;43;5
"21175";"202100021175";9;"18:20";"2";"84";"1";"2";"1";4;43;5
"21176";"202100021176";9;"06:20";"2";"89";"1";"1";"1";2;48;3
"21177";"202100021177";9;"16:00";"1";"21";"1";"1";"1";6;47;4
"21178";"202100021178";9;"00:08";"3";"10";"2";"3";"1";6;48;4
"21179";"202100021179";9;"16:15";"1";"08";"1";"1";"7";2;49;4
"21180";"202100021180";8;"06:55";"2";"67";"1";"1";"2";2;48;7
"21181";"202100021181";8;"13:30";"1";"73";"1";"1";"1";6;45;6
"21182";"202100021182";9;"19:26";"1";"69";"1";"1";"2";6;45;4
"21183";"202100021183";9;"09:30";"1";"09";"2";"1";"1";7;42;1
"21184";"202100021184";9;"18:40";"1";"24";"1";"1";"1";1;44;0
"21185";"202100021185";8;"18:30";"1";"85";"2";"2";"1";3;46;-1
"21186";"202100021186";8;"16:35";"1";"44";"1";"3";"1";3;47;-1
"21187";"202100021187";9;"19:20";"1";"14";"2";"2";"1";3;49;0
"21188";"202100021188";9;"17:20";"1";"27";"2";"4";"1";6;49;1
"21189";"202100021189";9;"12:30";"1";"59";"2";"3";"1";2;50;3
"21190";"202100021190";9;"12:25";"1";"59";"1";"1";"1";2;50;3
"21191";"202100021191";9;"13:50";"5";"13";"1";"1";"1";2;43;5
"21192";"202100021192";9;"16:50";"1";"13";"1";"1";"1";2;43;5
"21193";"202100021193";9;"15:00";"1";"69";"1";"1";"1";3;45;4
"21194";"202100021194";9;"21:00";"3";"42";"1";"1";"1";2;45;4
"21195";"202100021195";9;"07:06";"2";"57";"1";"1";"1";2;49;6
"21196";"202100021196";9;"12:20";"1";"33";"1";"1";"3";4;44;0
"21197";"202100021197";9;"18:44";"1";"59";"1";"1";"1";7;50;3
"21198";"202100021198";9;"19:40";"1";"94";"1";"1";"1";2;48;2
"21199";"202100021199";9;"15:15";"1";"91";"1";"1";"1";2;48;2
"21200";"202100021200";9;"12:55";"1";"77";"1";"1";"1";7;48;2
"21201";"202100021201";9;"09:45";"1";"92";"1";"1";"1";2;48;2
"21202";"202100021202";9;"08:55";"1";"91";"1";"1";"1";2;48;2
"21203";"202100021203";9;"17:55";"1";"78";"1";"1";"1";6;48;1
"21204";"202100021204";9;"15:10";"1";"78";"1";"1";"1";2;48;2
"21205";"202100021205";9;"17:55";"1";"78";"1";"1";"1";5;48;2
"21206";"202100021206";9;"02:00";"5";"93";"1";"1";"1";6;48;2
"21207";"202100021207";9;"22:40";"3";"77";"1";"1";"1";2;48;2
"21208";"202100021208";9;"13:20";"1";"77";"2";"1";"1";6;48;2
"21209";"202100021209";9;"12:50";"1";"35";"2";"1";"1";6;48;-1
"21210";"202100021210";9;"09:10";"1";"27";"2";"1";"1";6;49;1
"21211";"202100021211";9;"11:13";"1";"93";"2";"9";"1";3;48;2
"21212";"202100021212";8;"18:30";"3";"976";"2";"1";"1";6;-12;45
"21213";"202100021213";8;"17:10";"1";"83";"2";"1";"1";6;43;5
"21214";"202100021214";5;"15:00";"1";"74";"1";"1";"1";1;46;6
"21215";"202100021215";5;"16:00";"1";"74";"1";"1";"1";7;46;6
"21216";"202100021216";5;"12:30";"1";"74";"1";"1";"1";6;45;6
"21217";"202100021217";9;"19:53";"1";"69";"2";"2";"1";3;45;4
"21218";"202100021218";9;"16:15";"1";"69";"2";"1";"1";3;45;4
"21219";"202100021219";9;"13:30";"1";"69";"1";"6";"1";2;45;4
"21220";"202100021220";9;"09:28";"1";"2A";"2";"2";"1";3;41;8
"21221";"202100021221";9;"15:08";"1";"95";"2";"6";"1";2;48;2
"21222";"202100021222";9;"17:55";"1";"91";"2";"3";"1";6;48;2
"21223";"202100021223";9;"19:10";"1";"91";"1";"1";"1";7;48;2
"21224";"202100021224";8;"20:00";"1";"91";"1";"1";"1";7;48;2
"21225";"202100021225";8;"17:20";"1";"87";"2";"1";"1";4;45;1
"21226";"202100021226";8;"09:31";"1";"87";"2";"1";"1";6;45;1
"21227";"202100021227";8;"19:55";"1";"87";"2";"1";"1";6;45;1
"21228";"202100021228";9;"13:48";"1";"83";"2";"1";"2";2;43;5
"21229";"202100021229";9;"08:55";"1";"81";"2";"9";"1";2;43;2
"21230";"202100021230";9;"15:30";"1";"76";"2";"1";"1";6;49;1
"21231";"202100021231";9;"08:00";"2";"76";"2";"2";"1";3;49;0
"21232";"202100021232";8;"21:18";"3";"74";"1";"1";"1";5;46;6
"21233";"202100021233";9;"09:30";"1";"71";"2";"1";"1";2;46;4
"21234";"202100021234";9;"20:30";"3";"69";"2";"3";"1";3;45;4
"21235";"202100021235";9;"15:47";"1";"66";"2";"3";"1";6;42;2
"21236";"202100021236";9;"12:20";"1";"64";"2";"1";"2";7;43;-1
"21237";"202100021237";9;"08:20";"1";"64";"2";"1";"1";2;43;-1
"21238";"202100021238";9;"17:57";"1";"63";"2";"1";"1";6;45;3
"21239";"202100021239";9;"12:34";"1";"63";"2";"8";"1";3;45;3
"21240";"202100021240";9;"19:50";"1";"62";"1";"1";"1";2;50;2
"21241";"202100021241";9;"18:55";"1";"59";"2";"1";"1";3;50;3
"21242";"202100021242";9;"15:10";"1";"59";"2";"3";"1";3;50;3
"21243";"202100021243";9;"02:00";"5";"59";"2";"2";"1";3;50;3
"21244";"202100021244";8;"08:16";"1";"56";"2";"1";"1";6;47;-3
"21245";"202100021245";8;"15:30";"1";"56";"2";"6";"1";7;47;-3
"21246";"202100021246";8;"07:25";"1";"56";"2";"1";"1";1;47;-3
"21247";"202100021247";8;"23:45";"5";"56";"2";"2";"1";3;47;-3
"21248";"202100021248";9;"02:00";"5";"54";"2";"2";"1";6;48;6
"21249";"202100021249";9;"08:06";"1";"54";"2";"6";"7";3;48;6
"21250";"202100021250";9;"15:00";"1";"51";"2";"1";"1";7;49;4
"21251";"202100021251";9;"12:19";"1";"51";"2";"6";"1";3;49;4
"21252";"202100021252";8;"23:20";"5";"50";"2";"3";"1";3;49;-1
"21253";"202100021253";8;"18:55";"1";"50";"2";"2";"1";2;49;-1
"21254";"202100021254";9;"20:50";"2";"49";"2";"2";"1";3;47;0
"21255";"202100021255";9;"11:58";"1";"49";"2";"1";"1";3;47;0
"21256";"202100021256";9;"19:50";"1";"46";"2";"1";"1";2;44;1
"21257";"202100021257";9;"02:10";"5";"45";"2";"6";"1";6;47;1
"21258";"202100021258";9;"22:00";"5";"42";"2";"3";"1";3;45;4
"21259";"202100021259";9;"19:25";"1";"37";"2";"1";"1";6;47;0
"21260";"202100021260";8;"19:40";"1";"37";"2";"1";"1";6;47;0
"21261";"202100021261";9;"10:45";"1";"35";"2";"6";"1";3;48;-1
"21262";"202100021262";9;"17:30";"1";"34";"1";"1";"1";5;43;3
"21263";"202100021263";8;"23:40";"5";"33";"2";"3";"1";2;44;0
"21264";"202100021264";9;"11:40";"1";"33";"2";"3";"1";3;44;0
"21265";"202100021265";9;"14:40";"1";"31";"2";"1";"1";1;43;1
"21266";"202100021266";9;"17:45";"1";"31";"2";"3";"1";3;43;1
"21267";"202100021267";8;"07:45";"1";"30";"2";"4";"1";1;43;4
"21268";"202100021268";9;"08:50";"1";"29";"1";"1";"1";2;48;-4
"21269";"202100021269";9;"08:40";"1";"28";"2";"1";"1";1;48;1
"21270";"202100021270";9;"17:45";"1";"15";"2";"1";"1";6;44;2
"21271";"202100021271";9;"04:00";"5";"13";"2";"1";"1";1;43;5
"21272";"202100021272";9;"11:15";"1";"13";"2";"1";"1";5;43;5
"21273";"202100021273";9;"02:30";"5";"13";"2";"2";"1";3;43;5
"21274";"202100021274";9;"18:00";"1";"12";"2";"3";"1";6;44;2
"21275";"202100021275";9;"23:18";"3";"10";"1";"1";"1";6;48;4
"21276";"202100021276";9;"14:40";"1";"10";"2";"2";"7";3;48;4
"21277";"202100021277";9;"12:05";"1";"10";"2";"6";"1";1;48;4
"21278";"202100021278";9;"14:52";"1";"06";"2";"1";"1";3;43;7
"21279";"202100021279";9;"09:50";"1";"06";"2";"1";"1";6;43;7
"21280";"202100021280";9;"19:20";"1";"06";"2";"2";"1";1;43;7
"21281";"202100021281";8;"11:40";"1";"06";"2";"1";"1";2;43;7
"21282";"202100021282";9;"18:00";"1";"75";"2";"4";"1";2;48;2
"21283";"202100021283";9;"15:15";"1";"75";"2";"1";"1";4;48;2
"21284";"202100021284";9;"12:18";"1";"75";"2";"1";"1";3;48;2
"21285";"202100021285";9;"04:33";"5";"75";"2";"2";"1";6;48;2
"21286";"202100021286";9;"16:20";"1";"75";"2";"1";"1";6;48;2
"21287";"202100021287";9;"10:15";"1";"75";"2";"7";"1";6;48;2
"21288";"202100021288";9;"22:10";"5";"75";"2";"7";"1";3;48;2
"21289";"202100021289";9;"08:15";"1";"75";"2";"7";"1";3;48;2
"21290";"202100021290";9;"15:30";"1";"75";"2";"4";"1";3;48;2
"21291";"202100021291";9;"18:15";"1";"75";"2";"2";"1";2;48;2
"21292";"202100021292";9;"08:36";"1";"75";"2";"4";"1";3;48;2
"21293";"202100021293";9;"16:40";"1";"75";"2";"2";"1";3;48;2
"21294";"202100021294";9;"13:50";"1";"75";"2";"2";"1";1;48;2
"21295";"202100021295";9;"08:45";"1";"75";"2";"3";"7";3;48;2
"21296";"202100021296";9;"15:37";"1";"75";"2";"7";"1";3;48;2
"21297";"202100021297";9;"19:00";"1";"75";"2";"1";"1";3;48;2
"21298";"202100021298";9;"15:21";"1";"75";"2";"2";"1";3;48;2
"21299";"202100021299";9;"10:15";"1";"75";"2";"2";"1";3;48;2
"21300";"202100021300";9;"17:15";"1";"75";"2";"1";"1";6;48;2
"21301";"202100021301";9;"10:00";"1";"75";"2";"3";"1";7;48;2
"21302";"202100021302";9;"19:00";"1";"94";"1";"1";"1";3;48;2
"21303";"202100021303";9;"12:20";"1";"94";"2";"2";"1";1;48;2
"21304";"202100021304";9;"11:15";"1";"94";"2";"9";"1";3;48;2
"21305";"202100021305";9;"09:45";"1";"94";"2";"6";"1";3;48;2
"21306";"202100021306";9;"11:20";"1";"94";"2";"4";"1";3;48;2
"21307";"202100021307";9;"19:35";"1";"94";"2";"1";"1";1;48;2
"21308";"202100021308";9;"07:50";"2";"94";"2";"9";"1";3;48;2
"21309";"202100021309";9;"17:50";"1";"77";"2";"1";"7";2;49;2
"21310";"202100021310";9;"13:10";"1";"93";"2";"1";"1";1;48;2
"21311";"202100021311";9;"11:20";"1";"93";"2";"9";"1";3;48;2
"21312";"202100021312";9;"19:30";"1";"93";"2";"1";"7";6;48;2
"21313";"202100021313";9;"19:20";"1";"93";"2";"1";"1";3;48;2
"21314";"202100021314";9;"18:10";"1";"93";"2";"1";"1";2;48;2
"21315";"202100021315";9;"09:25";"1";"93";"2";"1";"1";3;48;2
"21316";"202100021316";9;"01:05";"5";"93";"2";"1";"1";1;48;2
"21317";"202100021317";9;"13:10";"1";"92";"2";"7";"7";3;48;2
"21318";"202100021318";9;"13:30";"1";"92";"2";"1";"1";3;48;2
"21319";"202100021319";9;"09:00";"1";"92";"2";"1";"1";6;48;2
"21320";"202100021320";9;"13:15";"1";"92";"2";"1";"1";3;48;2
"21321";"202100021321";9;"16:30";"1";"92";"2";"3";"1";2;48;2
"21322";"202100021322";9;"14:00";"1";"974";"2";"1";"1";1;-21;55
"21323";"202100021323";8;"16:00";"1";"974";"1";"4";"1";3;-21;55
"21324";"202100021324";9;"19:20";"1";"26";"1";"2";"1";1;45;4
"21325";"202100021325";9;"02:30";"3";"25";"1";"1";"1";1;47;6
"21326";"202100021326";8;"00:30";"5";"40";"2";"1";"1";6;43;-1
"21327";"202100021327";9;"17:00";"1";"81";"1";"1";"1";6;43;2
"21328";"202100021328";9;"07:08";"1";"974";"2";"4";"1";1;-21;55
"21329";"202100021329";9;"16:28";"1";"01";"1";"3";"1";3;46;6
"21330";"202100021330";9;"08:45";"1";"79";"1";"2";"1";3;46;0
"21331";"202100021331";9;"10:00";"1";"79";"1";"2";"1";3;46;0
"21332";"202100021332";8;"12:20";"1";"68";"1";"4";"1";3;47;7
"21333";"202100021333";8;"13:00";"1";"58";"1";"1";"1";2;47;3
"21334";"202100021334";9;"08:45";"1";"95";"1";"1";"1";3;49;2
"21335";"202100021335";8;"19:10";"1";"56";"1";"1";"8";6;47;-2
"21336";"202100021336";9;"18:50";"1";"2A";"1";"1";"1";3;42;8
"21337";"202100021337";9;"19:40";"1";"80";"1";"2";"1";3;49;2
"21338";"202100021338";9;"16:15";"1";"80";"2";"3";"1";3;49;2
"21339";"202100021339";9;"18:15";"1";"11";"1";"2";"1";3;43;2
"21340";"202100021340";9;"18:45";"1";"71";"1";"3";"1";2;46;4
"21341";"202100021341";9;"06:45";"2";"71";"2";"4";"1";3;46;4
"21342";"202100021342";9;"09:35";"1";"89";"2";"2";"1";3;47;3
"21343";"202100021343";9;"14:50";"1";"63";"1";"1";"1";6;45;2
"21344";"202100021344";9;"15:30";"1";"63";"1";"1";"1";7;45;3
"21345";"202100021345";9;"18:55";"1";"12";"1";"4";"1";2;44;2
"21346";"202100021346";8;"17:00";"1";"86";"1";"3";"1";3;46;0
"21347";"202100021347";9;"15:35";"1";"68";"1";"5";"1";3;47;7
"21348";"202100021348";9;"06:30";"1";"25";"1";"1";"1";3;47;6
"21349";"202100021349";9;"00:35";"3";"29";"1";"9";"1";6;47;-4
"21350";"202100021350";9;"14:40";"1";"38";"1";"1";"1";2;45;5
"21351";"202100021351";9;"14:00";"1";"38";"2";"1";"1";2;45;6
"21352";"202100021352";8;"18:30";"1";"38";"2";"1";"1";7;45;5
"21353";"202100021353";9;"16:00";"1";"01";"1";"1";"1";6;45;5
"21354";"202100021354";8;"16:36";"1";"01";"1";"2";"1";3;46;5
"21355";"202100021355";9;"04:50";"3";"70";"1";"1";"1";6;47;6
"21356";"202100021356";9;"11:55";"1";"58";"2";"1";"1";2;47;3
"21357";"202100021357";9;"09:35";"1";"66";"2";"1";"1";6;42;3
"21358";"202100021358";8;"12:00";"1";"90";"2";"6";"1";1;47;7
"21359";"202100021359";9;"20:19";"2";"60";"1";"4";"1";1;49;2
"21360";"202100021360";8;"18:25";"1";"73";"1";"1";"1";4;45;6
"21361";"202100021361";9;"14:50";"1";"43";"1";"1";"2";1;45;3
"21362";"202100021362";9;"06:55";"1";"10";"2";"9";"1";1;48;3
"21363";"202100021363";9;"20:21";"5";"10";"2";"3";"3";6;48;4
"21364";"202100021364";9;"10:14";"1";"40";"2";"6";"1";3;44;-1
"21365";"202100021365";9;"07:10";"2";"85";"2";"1";"1";1;46;0
"21366";"202100021366";9;"14:45";"1";"17";"1";"1";"1";3;46;0
"21367";"202100021367";9;"07:40";"2";"37";"2";"2";"1";1;47;0
"21368";"202100021368";9;"18:15";"1";"30";"1";"1";"8";3;43;4
"21369";"202100021369";9;"02:50";"4";"973";"1";"1";"1";1;4;-52
"21370";"202100021370";9;"11:00";"1";"973";"2";"3";"1";3;4;-52
"21371";"202100021371";9;"17:39";"1";"34";"1";"1";"1";6;43;3
"21372";"202100021372";9;"19:30";"1";"21";"1";"1";"1";6;47;5
"21373";"202100021373";8;"19:05";"5";"987";"2";"1";"1";3;-17;-149
"21374";"202100021374";9;"11:00";"1";"971";"1";"1";"1";2;16;-61
"21375";"202100021375";9;"11:00";"1";"13";"2";"1";"1";2;43;5
"21376";"202100021376";9;"09:15";"1";"77";"1";"1";"1";6;48;2
"21377";"202100021377";9;"05:55";"5";"77";"2";"1";"1";7;48;3
"21378";"202100021378";9;"05:50";"3";"78";"1";"1";"8";5;48;1
"21379";"202100021379";8;"13:16";"1";"83";"2";"1";"1";6;43;6
"21380";"202100021380";9;"15:15";"1";"68";"1";"1";"1";3;48;7
"21381";"202100021381";9;"08:00";"1";"03";"2";"1";"1";6;46;3
"21382";"202100021382";9;"17:15";"1";"74";"1";"1";"8";6;46;6
"21383";"202100021383";9;"16:00";"1";"38";"2";"6";"1";3;45;5
"21384";"202100021384";9;"20:10";"2";"65";"1";"1";"1";1;42;0
"21385";"202100021385";8;"09:30";"1";"40";"1";"2";"1";3;43;-1
"21386";"202100021386";9;"16:30";"1";"33";"1";"3";"1";3;44;0
"21387";"202100021387";8;"19:37";"2";"33";"1";"1";"1";1;44;0
"21388";"202100021388";8;"18:15";"1";"27";"2";"9";"1";2;49;1
"21389";"202100021389";9;"17:50";"1";"60";"2";"3";"7";1;49;2
"21390";"202100021390";9;"07:36";"1";"13";"1";"1";"1";2;43;5
"21391";"202100021391";9;"22:26";"3";"67";"1";"1";"1";6;48;7
"21392";"202100021392";9;"10:10";"1";"91";"1";"1";"1";7;48;2
"21393";"202100021393";9;"20:45";"3";"91";"1";"1";"1";7;48;2
"21394";"202100021394";9;"20:00";"1";"91";"1";"1";"1";3;48;2
"21395";"202100021395";9;"20:00";"2";"78";"1";"1";"1";6;48;1
"21396";"202100021396";9;"11:00";"1";"92";"1";"1";"1";3;48;2
"21397";"202100021397";9;"17:50";"1";"95";"1";"1";"1";2;49;2
"21398";"202100021398";9;"13:20";"1";"95";"1";"1";"1";2;49;2
"21399";"202100021399";9;"18:35";"1";"95";"1";"1";"1";6;49;2
"21400";"202100021400";9;"19:00";"1";"95";"1";"1";"1";3;49;2
"21401";"202100021401";9;"14:00";"1";"95";"1";"1";"1";2;48;2
"21402";"202100021402";9;"13:25";"1";"93";"1";"1";"1";6;48;2
"21403";"202100021403";9;"15:30";"1";"77";"1";"1";"1";6;48;2
"21404";"202100021404";9;"02:00";"5";"94";"1";"1";"1";6;48;2
"21405";"202100021405";5;"20:20";"1";"62";"1";"1";"1";3;50;2
"21406";"202100021406";9;"17:25";"1";"27";"2";"3";"1";6;49;1
"21407";"202100021407";9;"13:50";"1";"33";"2";"3";"1";6;44;-1
"21408";"202100021408";5;"09:08";"1";"44";"2";"1";"2";6;47;-1
"21409";"202100021409";9;"10:45";"1";"974";"2";"1";"1";1;-21;55
"21410";"202100021410";9;"15:00";"1";"974";"2";"1";"1";1;-20;55
"21411";"202100021411";9;"09:15";"1";"974";"2";"1";"1";6;-20;55
"21412";"202100021412";8;"19:50";"5";"974";"1";"1";"3";3;-20;55
"21413";"202100021413";9;"16:19";"1";"973";"2";"2";"1";3;4;-52
"21414";"202100021414";9;"18:15";"1";"69";"2";"2";"1";3;45;4
"21415";"202100021415";8;"18:10";"1";"69";"2";"2";"1";6;45;4
"21416";"202100021416";9;"17:35";"1";"69";"2";"1";"1";6;45;4
"21417";"202100021417";8;"11:10";"1";"69";"2";"1";"1";3;45;4
"21418";"202100021418";9;"02:30";"5";"69";"2";"1";"1";6;45;4
"21419";"202100021419";9;"08:46";"1";"972";"2";"1";"1";6;14;-61
"21420";"202100021420";9;"05:04";"5";"2B";"2";"1";"1";2;42;9
"21421";"202100021421";9;"20:00";"1";"91";"2";"1";"1";3;48;2
"21422";"202100021422";9;"09:15";"1";"91";"2";"3";"1";3;48;2
"21423";"202100021423";9;"04:50";"5";"91";"1";"1";"1";6;48;2
"21424";"202100021424";8;"16:20";"1";"91";"1";"1";"1";2;48;2
"21425";"202100021425";8;"22:05";"3";"89";"1";"1";"1";1;48;3
"21426";"202100021426";8;"16:38";"1";"87";"2";"3";"1";4;45;1
"21427";"202100021427";8;"13:36";"1";"87";"2";"2";"1";6;45;1
"21428";"202100021428";8;"11:50";"1";"85";"2";"1";"1";3;46;-1
"21429";"202100021429";8;"19:20";"1";"83";"2";"1";"1";3;43;5
"21430";"202100021430";9;"15:20";"1";"83";"2";"1";"1";6;43;6
"21431";"202100021431";9;"14:40";"1";"72";"2";"1";"1";2;47;0
"21432";"202100021432";9;"15:20";"1";"72";"2";"1";"1";6;48;0
"21433";"202100021433";8;"19:40";"1";"69";"2";"2";"1";3;45;4
"21434";"202100021434";9;"10:45";"1";"69";"2";"1";"1";6;45;4
"21435";"202100021435";8;"11:25";"1";"67";"2";"1";"1";6;48;7
"21436";"202100021436";8;"08:35";"1";"67";"2";"1";"1";3;48;7
"21437";"202100021437";9;"13:36";"1";"65";"1";"3";"2";5;43;0
"21438";"202100021438";9;"16:00";"1";"64";"2";"1";"1";3;43;0
"21439";"202100021439";8;"17:10";"1";"64";"2";"3";"1";3;43;-1
"21440";"202100021440";8;"06:55";"5";"64";"2";"1";"1";3;43;-1
"21441";"202100021441";8;"15:16";"1";"63";"2";"1";"1";6;45;3
"21442";"202100021442";8;"12:00";"1";"62";"2";"1";"1";6;50;2
"21443";"202100021443";8;"13:40";"1";"59";"2";"1";"1";6;50;3
"21444";"202100021444";9;"15:15";"1";"59";"2";"9";"1";3;50;3
"21445";"202100021445";9;"10:20";"1";"59";"2";"1";"1";3;50;3
"21446";"202100021446";8;"16:00";"1";"59";"2";"1";"1";6;50;3
"21447";"202100021447";8;"16:43";"1";"57";"2";"1";"1";2;49;6
"21448";"202100021448";8;"16:10";"1";"56";"2";"6";"1";4;47;-3
"21449";"202100021449";8;"23:20";"3";"54";"1";"1";"1";6;49;5
"21450";"202100021450";8;"10:41";"1";"54";"2";"2";"1";3;49;5
"21451";"202100021451";9;"16:00";"1";"51";"2";"1";"1";7;49;4
"21452";"202100021452";8;"16:50";"1";"50";"2";"1";"1";2;49;-1
"21453";"202100021453";9;"15:25";"1";"45";"2";"1";"1";3;47;1
"21454";"202100021454";9;"14:50";"1";"44";"2";"1";"1";3;47;-1
"21455";"202100021455";9;"18:28";"1";"37";"2";"3";"1";6;47;0
"21456";"202100021456";8;"19:45";"1";"37";"2";"2";"1";3;47;0
"21457";"202100021457";9;"08:00";"1";"35";"2";"6";"1";3;48;-1
"21458";"202100021458";9;"11:30";"1";"34";"1";"1";"1";5;43;3
"21459";"202100021459";9;"11:30";"1";"33";"2";"9";"1";3;44;0
"21460";"202100021460";8;"23:00";"5";"31";"2";"1";"1";1;43;1
"21461";"202100021461";8;"19:46";"1";"26";"2";"6";"1";3;44;4
"21462";"202100021462";9;"15:05";"1";"22";"2";"1";"1";3;48;-2
"21463";"202100021463";9;"18:15";"1";"14";"2";"6";"1";3;49;0
"21464";"202100021464";8;"23:25";"5";"13";"2";"1";"1";3;43;5
"21465";"202100021465";9;"20:00";"1";"13";"2";"1";"1";6;43;5
"21466";"202100021466";9;"16:30";"1";"13";"2";"1";"1";3;43;5
"21467";"202100021467";9;"10:30";"1";"13";"2";"1";"1";6;43;5
"21468";"202100021468";9;"09:47";"1";"13";"2";"1";"1";2;43;5
"21469";"202100021469";8;"18:15";"1";"13";"2";"1";"1";5;43;5
"21470";"202100021470";8;"16:30";"1";"13";"2";"3";"1";3;43;5
"21471";"202100021471";8;"20:15";"1";"11";"2";"6";"1";6;43;3
"21472";"202100021472";8;"12:24";"1";"10";"1";"9";"8";3;48;4
"21473";"202100021473";8;"09:38";"1";"10";"2";"2";"8";3;48;4
"21474";"202100021474";9;"11:45";"1";"06";"2";"1";"1";3;43;6
"21475";"202100021475";8;"16:17";"1";"75";"2";"2";"1";3;48;2
"21476";"202100021476";9;"15:00";"1";"75";"2";"2";"1";3;48;2
"21477";"202100021477";9;"11:45";"1";"75";"2";"1";"1";3;48;2
"21478";"202100021478";9;"03:40";"5";"75";"2";"2";"1";3;48;2