"";"Num_Acc";"mois";"hrmn";"lum";"dep";"agg";"int";"atm";"col";"lat";"long"
"21479";"202100021479";9;"08:40";"1";"75";"2";"4";"1";1;48;2
"21480";"202100021480";8;"16:25";"1";"75";"2";"7";"1";6;48;2
"21481";"202100021481";9;"08:40";"1";"75";"2";"1";"1";7;48;2
"21482";"202100021482";9;"11:45";"1";"75";"2";"1";"1";3;48;2
"21483";"202100021483";8;"20:10";"2";"75";"2";"2";"1";3;48;2
"21484";"202100021484";9;"13:55";"1";"75";"2";"3";"1";3;48;2
"21485";"202100021485";8;"21:50";"5";"75";"2";"2";"1";3;48;2
"21486";"202100021486";9;"18:25";"1";"75";"2";"1";"1";3;48;2
"21487";"202100021487";9;"13:10";"1";"75";"2";"3";"1";3;48;2
"21488";"202100021488";8;"19:30";"1";"94";"2";"2";"1";3;48;2
"21489";"202100021489";9;"10:20";"1";"94";"2";"1";"1";5;48;2
"21490";"202100021490";9;"19:35";"1";"94";"2";"3";"1";3;48;2
"21491";"202100021491";9;"17:50";"1";"94";"2";"1";"1";4;48;2
"21492";"202100021492";9;"21:00";"5";"94";"2";"2";"1";3;48;2
"21493";"202100021493";9;"18:25";"1";"93";"2";"1";"1";4;48;2
"21494";"202100021494";9;"21:17";"5";"93";"2";"9";"1";2;48;2
"21495";"202100021495";8;"00:10";"5";"93";"2";"1";"1";3;48;2
"21496";"202100021496";9;"09:10";"1";"93";"2";"2";"1";3;48;2
"21497";"202100021497";8;"10:30";"1";"93";"2";"9";"1";3;48;2
"21498";"202100021498";9;"20:50";"5";"92";"2";"2";"1";6;48;2
"21499";"202100021499";9;"12:08";"1";"92";"2";"9";"1";2;48;2
"21500";"202100021500";9;"10:17";"1";"92";"2";"2";"1";3;48;2
"21501";"202100021501";9;"14:00";"1";"92";"2";"1";"1";6;48;2
"21502";"202100021502";9;"18:18";"1";"92";"2";"2";"1";6;48;2
"21503";"202100021503";9;"11:10";"1";"92";"2";"1";"1";6;48;2
"21504";"202100021504";9;"02:40";"5";"92";"2";"1";"1";6;48;2
"21505";"202100021505";9;"01:00";"5";"54";"2";"1";"1";6;48;6
"21506";"202100021506";8;"20:45";"3";"67";"1";"1";"8";7;48;7
"21507";"202100021507";8;"16:45";"1";"22";"1";"1";"1";2;48;-2
"21508";"202100021508";9;"06:40";"5";"95";"2";"1";"1";6;49;2
"21509";"202100021509";9;"00:10";"3";"35";"1";"1";"1";6;48;-1
"21510";"202100021510";9;"13:45";"1";"58";"1";"1";"7";1;47;2
"21511";"202100021511";9;"17:55";"1";"62";"1";"1";"1";6;50;1
"21512";"202100021512";8;"20:15";"1";"44";"1";"1";"1";5;47;-1
"21513";"202100021513";8;"20:18";"2";"57";"1";"1";"1";6;49;6
"21514";"202100021514";9;"07:25";"2";"56";"1";"1";"1";1;47;-3
"21515";"202100021515";9;"18:15";"1";"56";"1";"6";"1";3;47;-2
"21516";"202100021516";9;"13:45";"1";"80";"1";"2";"1";3;49;2
"21517";"202100021517";9;"07:35";"1";"65";"2";"6";"1";3;43;0
"21518";"202100021518";9;"17:15";"1";"65";"2";"4";"1";1;43;0
"21519";"202100021519";9;"17:20";"1";"33";"2";"1";"1";1;44;0
"21520";"202100021520";8;"22:00";"3";"47";"1";"1";"1";6;44;0
"21521";"202100021521";9;"11:00";"1";"39";"1";"1";"1";7;46;5
"21522";"202100021522";9;"14:30";"1";"25";"1";"2";"1";3;46;6
"21523";"202100021523";8;"22:55";"3";"29";"1";"6";"1";6;48;-3
"21524";"202100021524";8;"16:00";"1";"29";"2";"3";"1";3;48;-4
"21525";"202100021525";9;"01:24";"3";"02";"1";"1";"1";7;49;3
"21526";"202100021526";8;"10:05";"1";"85";"1";"1";"1";6;46;-1
"21527";"202100021527";8;"18:52";"1";"58";"1";"1";"1";2;47;3
"21528";"202100021528";9;"14:50";"1";"06";"2";"3";"1";2;43;6
"21529";"202100021529";9;"19:20";"1";"83";"1";"1";"1";7;43;6
"21530";"202100021530";8;"03:00";"3";"21";"2";"1";"5";6;47;4
"21531";"202100021531";9;"13:30";"1";"24";"1";"1";"1";5;45;0
"21532";"202100021532";9;"07:40";"1";"04";"1";"1";"1";1;43;6
"21533";"202100021533";9;"15:00";"1";"87";"1";"1";"1";3;46;0
"21534";"202100021534";9;"11:20";"1";"30";"1";"1";"1";7;43;4
"21535";"202100021535";9;"08:00";"1";"30";"1";"1";"1";5;44;4
"21536";"202100021536";9;"17:30";"1";"08";"2";"1";"1";6;49;5
"21537";"202100021537";9;"03:30";"3";"63";"1";"1";"1";5;45;2
"21538";"202100021538";9;"20:28";"2";"67";"1";"1";"1";1;48;7
"21539";"202100021539";9;"13:30";"1";"40";"1";"1";"2";2;44;0
"21540";"202100021540";8;"14:00";"1";"68";"1";"1";"1";6;47;7
"21541";"202100021541";6;"12:50";"1";"78";"1";"1";"1";2;48;1
"21542";"202100021542";9;"13:34";"1";"30";"2";"1";"2";3;43;4
"21543";"202100021543";9;"14:55";"1";"67";"2";"3";"7";3;48;7
"21544";"202100021544";9;"15:20";"1";"55";"1";"1";"1";7;48;5
"21545";"202100021545";9;"21:30";"5";"57";"2";"1";"1";1;49;6
"21546";"202100021546";9;"12:30";"1";"57";"1";"1";"1";6;49;6
"21547";"202100021547";9;"15:30";"1";"38";"2";"1";"1";3;45;5
"21548";"202100021548";8;"08:10";"1";"69";"2";"1";"1";6;45;4
"21549";"202100021549";9;"19:15";"2";"40";"1";"1";"1";7;43;-1
"21550";"202100021550";8;"18:53";"1";"14";"2";"1";"1";7;49;0
"21551";"202100021551";9;"16:00";"1";"02";"1";"1";"1";7;49;3
"21552";"202100021552";9;"15:05";"1";"62";"2";"1";"1";1;50;1
"21553";"202100021553";9;"22:50";"3";"59";"1";"6";"1";7;50;3
"21554";"202100021554";9;"18:00";"1";"13";"1";"1";"1";3;43;5
"21555";"202100021555";9;"10:05";"1";"33";"1";"1";"1";2;44;0
"21556";"202100021556";9;"07:55";"1";"33";"1";"1";"1";4;44;0
"21557";"202100021557";8;"08:00";"1";"59";"1";"1";"1";6;50;2
"21558";"202100021558";9;"16:55";"1";"91";"1";"1";"1";2;48;2
"21559";"202100021559";9;"11:45";"1";"91";"1";"1";"1";7;48;2
"21560";"202100021560";9;"08:45";"1";"94";"1";"1";"1";3;48;2
"21561";"202100021561";9;"06:40";"3";"91";"1";"1";"1";2;48;2
"21562";"202100021562";9;"00:07";"3";"91";"1";"1";"1";2;48;2
"21563";"202100021563";9;"18:45";"1";"92";"1";"1";"1";2;48;2
"21564";"202100021564";8;"15:40";"1";"78";"1";"1";"1";4;48;1
"21565";"202100021565";9;"16:20";"1";"93";"1";"1";"1";2;48;2
"21566";"202100021566";9;"18:20";"1";"93";"1";"1";"1";4;48;2
"21567";"202100021567";9;"13:45";"1";"93";"1";"1";"1";2;48;2
"21568";"202100021568";9;"11:40";"1";"93";"1";"1";"1";3;48;2
"21569";"202100021569";9;"08:00";"1";"93";"1";"1";"1";2;48;2
"21570";"202100021570";9;"02:25";"3";"93";"1";"1";"1";6;48;2
"21571";"202100021571";9;"17:35";"1";"94";"1";"1";"1";6;48;2
"21572";"202100021572";5;"11:15";"1";"73";"1";"1";"1";1;45;6
"21573";"202100021573";5;"11:40";"1";"73";"1";"6";"7";3;45;6
"21574";"202100021574";8;"11:05";"1";"29";"1";"9";"1";6;47;-4
"21575";"202100021575";8;"20:10";"5";"988";"2";"3";"1";3;-22;166
"21576";"202100021576";8;"14:00";"1";"987";"2";"9";"1";3;-17;-149
"21577";"202100021577";8;"19:50";"5";"973";"2";"9";"1";6;4;-52
"21578";"202100021578";8;"17:00";"1";"69";"2";"1";"1";3;45;4
"21579";"202100021579";8;"17:30";"1";"69";"2";"1";"1";3;45;4
"21580";"202100021580";8;"11:00";"1";"69";"2";"2";"1";3;45;4
"21581";"202100021581";8;"09:45";"1";"69";"2";"4";"8";6;45;4
"21582";"202100021582";8;"21:00";"3";"972";"1";"1";"1";4;14;-61
"21583";"202100021583";8;"18:55";"3";"972";"2";"1";"1";7;14;-61
"21584";"202100021584";8;"18:30";"1";"69";"2";"9";"1";1;45;4
"21585";"202100021585";8;"08:15";"1";"69";"2";"2";"1";3;45;4
"21586";"202100021586";8;"21:05";"5";"2A";"2";"2";"1";1;41;8
"21587";"202100021587";8;"15:12";"1";"95";"2";"4";"1";3;49;2
"21588";"202100021588";8;"13:00";"1";"91";"2";"1";"2";2;48;2
"21589";"202100021589";8;"06:04";"3";"87";"2";"1";"1";6;45;1
"21590";"202100021590";8;"21:35";"5";"83";"2";"3";"1";3;43;5
"21591";"202100021591";8;"17:55";"1";"83";"2";"1";"1";2;43;5
"21592";"202100021592";8;"07:30";"1";"83";"2";"9";"1";3;43;5
"21593";"202100021593";8;"13:10";"1";"80";"2";"1";"3";1;49;2
"21594";"202100021594";8;"05:08";"5";"80";"2";"1";"1";6;49;2
"21595";"202100021595";8;"15:37";"1";"76";"2";"1";"2";2;49;1
"21596";"202100021596";8;"18:30";"1";"69";"2";"2";"1";3;45;4
"21597";"202100021597";8;"22:43";"5";"69";"2";"1";"1";3;45;4
"21598";"202100021598";8;"17:10";"1";"67";"1";"1";"3";2;48;7
"21599";"202100021599";8;"13:00";"1";"66";"2";"1";"1";2;42;2
"21600";"202100021600";8;"11:05";"1";"66";"2";"3";"1";3;42;2
"21601";"202100021601";8;"20:15";"1";"66";"1";"1";"1";1;42;2
"21602";"202100021602";8;"18:35";"1";"66";"2";"1";"1";2;42;2
"21603";"202100021603";8;"17:01";"1";"65";"2";"1";"1";2;43;0
"21604";"202100021604";8;"18:30";"1";"63";"2";"1";"1";6;45;3
"21605";"202100021605";8;"16:55";"1";"63";"2";"1";"1";6;45;3
"21606";"202100021606";8;"07:50";"1";"62";"2";"3";"8";3;50;1
"21607";"202100021607";8;"10:30";"1";"59";"2";"9";"1";6;50;2
"21608";"202100021608";8;"20:00";"1";"59";"1";"1";"1";7;50;2
"21609";"202100021609";8;"13:35";"1";"56";"2";"1";"1";6;47;-3
"21610";"202100021610";8;"11:30";"1";"56";"2";"6";"7";2;47;-3
"21611";"202100021611";8;"10:15";"1";"49";"1";"1";"1";2;47;0
"21612";"202100021612";8;"15:50";"1";"49";"2";"4";"1";3;47;0
"21613";"202100021613";8;"13:55";"1";"49";"2";"1";"1";7;47;0
"21614";"202100021614";8;"10:11";"1";"49";"2";"2";"1";2;47;0
"21615";"202100021615";8;"12:30";"1";"45";"2";"1";"1";1;47;1
"21616";"202100021616";8;"13:37";"1";"42";"1";"1";"1";3;46;4
"21617";"202100021617";8;"23:00";"5";"38";"2";"2";"1";3;45;5
"21618";"202100021618";8;"22:00";"5";"37";"2";"2";"1";3;47;0
"21619";"202100021619";8;"11:58";"1";"37";"2";"1";"1";4;47;0
"21620";"202100021620";8;"14:14";"1";"37";"2";"2";"1";6;47;0
"21621";"202100021621";8;"11:55";"1";"35";"2";"1";"1";3;48;-1
"21622";"202100021622";8;"11:15";"1";"33";"2";"9";"1";3;44;0
"21623";"202100021623";8;"18:25";"1";"33";"2";"2";"1";3;44;0
"21624";"202100021624";8;"17:02";"1";"31";"2";"1";"1";6;43;1
"21625";"202100021625";8;"16:00";"1";"31";"1";"1";"1";4;43;1
"21626";"202100021626";8;"12:06";"1";"27";"2";"1";"1";2;49;1
"21627";"202100021627";8;"12:20";"1";"22";"2";"1";"1";2;48;-2
"21628";"202100021628";8;"18:15";"1";"22";"1";"1";"1";4;48;-2
"21629";"202100021629";8;"15:45";"1";"21";"2";"1";"1";2;47;5
"21630";"202100021630";8;"23:40";"5";"17";"2";"9";"1";7;45;0
"21631";"202100021631";8;"03:30";"5";"13";"2";"1";"1";2;43;5
"21632";"202100021632";8;"16:45";"1";"13";"2";"1";"1";3;43;5
"21633";"202100021633";8;"15:20";"1";"13";"2";"1";"1";1;43;5
"21634";"202100021634";8;"14:45";"1";"13";"2";"1";"1";3;43;5
"21635";"202100021635";8;"14:10";"1";"13";"2";"3";"1";3;43;5
"21636";"202100021636";8;"10:00";"1";"13";"2";"1";"1";3;43;5
"21637";"202100021637";8;"12:00";"1";"13";"2";"9";"1";3;43;4
"21638";"202100021638";8;"13:55";"1";"11";"2";"9";"1";6;43;2
"21639";"202100021639";8;"23:35";"3";"11";"1";"1";"1";6;43;2
"21640";"202100021640";8;"10:40";"1";"07";"2";"1";"1";6;44;4
"21641";"202100021641";8;"10:45";"1";"06";"2";"9";"1";6;43;7
"21642";"202100021642";8;"16:00";"1";"06";"1";"1";"1";3;43;6
"21643";"202100021643";8;"09:55";"1";"06";"2";"1";"1";3;43;6
"21644";"202100021644";8;"09:50";"1";"75";"2";"1";"1";2;48;2
"21645";"202100021645";8;"16:10";"1";"75";"2";"4";"1";6;48;2
"21646";"202100021646";8;"05:00";"5";"75";"2";"2";"1";3;48;2
"21647";"202100021647";8;"08:50";"1";"75";"2";"2";"1";6;48;2
"21648";"202100021648";8;"12:05";"1";"75";"2";"1";"1";2;48;2
"21649";"202100021649";8;"21:15";"5";"75";"2";"7";"1";6;48;2
"21650";"202100021650";8;"07:30";"1";"75";"2";"7";"1";3;48;2
"21651";"202100021651";8;"20:30";"5";"75";"2";"2";"1";7;48;2
"21652";"202100021652";8;"08:54";"1";"75";"2";"2";"1";3;48;2
"21653";"202100021653";8;"05:35";"5";"75";"2";"2";"1";3;48;2
"21654";"202100021654";8;"22:20";"5";"75";"2";"4";"1";2;48;2
"21655";"202100021655";8;"19:10";"1";"75";"2";"1";"1";6;48;2
"21656";"202100021656";8;"17:50";"1";"75";"2";"3";"1";6;48;2
"21657";"202100021657";8;"08:30";"1";"75";"2";"1";"1";3;48;2
"21658";"202100021658";8;"18:30";"1";"75";"2";"1";"1";7;48;2
"21659";"202100021659";8;"10:35";"1";"94";"2";"1";"8";2;48;2
"21660";"202100021660";8;"17:10";"1";"94";"2";"1";"1";3;48;2
"21661";"202100021661";7;"22:45";"5";"94";"2";"1";"1";2;48;2
"21662";"202100021662";8;"16:30";"1";"93";"1";"1";"1";2;48;2
"21663";"202100021663";8;"10:00";"1";"93";"2";"2";"1";3;48;2
"21664";"202100021664";8;"18:15";"1";"93";"2";"1";"1";6;48;2
"21665";"202100021665";8;"17:00";"1";"93";"2";"9";"1";6;48;2
"21666";"202100021666";8;"04:45";"5";"93";"2";"3";"1";3;48;2
"21667";"202100021667";8;"14:40";"1";"93";"2";"2";"8";3;48;2
"21668";"202100021668";8;"09:00";"1";"92";"2";"9";"1";6;48;2
"21669";"202100021669";8;"01:10";"5";"92";"2";"1";"1";1;48;2
"21670";"202100021670";8;"19:20";"1";"92";"2";"3";"1";3;48;2
"21671";"202100021671";8;"19:00";"1";"92";"2";"1";"1";2;48;2
"21672";"202100021672";8;"10:45";"1";"92";"2";"3";"1";6;48;2
"21673";"202100021673";8;"08:00";"1";"65";"2";"4";"1";3;43;0
"21674";"202100021674";9;"18:55";"1";"87";"1";"1";"1";3;46;1
"21675";"202100021675";8;"18:00";"1";"38";"1";"3";"1";1;45;4
"21676";"202100021676";9;"11:30";"1";"41";"1";"1";"1";7;47;1
"21677";"202100021677";9;"14:12";"1";"95";"2";"1";"1";6;49;2
"21678";"202100021678";8;"15:20";"1";"57";"2";"4";"1";3;49;6
"21679";"202100021679";9;"03:15";"3";"21";"1";"1";"1";6;47;5
"21680";"202100021680";9;"06:40";"2";"81";"1";"1";"1";1;43;2
"21681";"202100021681";8;"18:55";"1";"71";"1";"1";"1";2;46;4
"21682";"202100021682";8;"12:15";"1";"01";"2";"6";"1";3;46;6
"21683";"202100021683";9;"13:00";"1";"01";"2";"2";"1";3;46;5
"21684";"202100021684";8;"15:00";"1";"971";"1";"1";"1";4;15;-61
"21685";"202100021685";8;"12:55";"1";"59";"1";"1";"1";7;50;2
"21686";"202100021686";8;"16:57";"1";"44";"1";"1";"1";6;47;-2
"21687";"202100021687";9;"16:20";"1";"67";"1";"1";"1";6;48;7
"21688";"202100021688";8;"18:35";"1";"87";"1";"1";"1";6;46;1
"21689";"202100021689";8;"13:30";"1";"57";"1";"3";"1";3;49;6
"21690";"202100021690";8;"18:53";"1";"19";"1";"1";"1";1;45;1
"21691";"202100021691";8;"18:44";"2";"67";"1";"1";"1";1;48;7
"21692";"202100021692";8;"19:30";"1";"76";"1";"1";"1";7;49;0
"21693";"202100021693";8;"15:10";"1";"2B";"1";"1";"1";3;42;9
"21694";"202100021694";9;"01:35";"3";"2B";"1";"1";"1";1;42;9
"21695";"202100021695";9;"10:15";"1";"55";"1";"1";"1";3;49;5
"21696";"202100021696";8;"17:30";"1";"47";"1";"1";"1";6;44;0
"21697";"202100021697";8;"16:35";"1";"34";"1";"1";"1";7;43;3
"21698";"202100021698";8;"02:00";"3";"34";"1";"1";"1";2;43;3
"21699";"202100021699";8;"15:55";"1";"29";"1";"3";"1";6;47;-4
"21700";"202100021700";8;"11:10";"1";"29";"1";"3";"1";3;47;-4
"21701";"202100021701";8;"13:00";"1";"38";"1";"1";"1";6;45;5
"21702";"202100021702";8;"14:50";"1";"02";"1";"1";"1";7;49;3
"21703";"202100021703";8;"12:00";"1";"72";"1";"1";"1";6;48;0
"21704";"202100021704";9;"13:10";"1";"18";"1";"1";"1";6;47;2
"21705";"202100021705";8;"15:00";"1";"07";"2";"1";"1";6;45;4
"21706";"202100021706";9;"15:48";"1";"53";"1";"1";"1";1;48;0
"21707";"202100021707";9;"16:05";"1";"17";"1";"1";"1";1;46;0
"21708";"202100021708";8;"17:55";"1";"17";"2";"7";"1";3;45;0
"21709";"202100021709";8;"18:00";"2";"30";"1";"3";"7";3;43;4
"21710";"202100021710";8;"13:50";"1";"88";"2";"3";"1";3;47;6
"21711";"202100021711";8;"17:35";"1";"88";"1";"1";"1";6;48;6
"21712";"202100021712";8;"16:54";"1";"67";"1";"1";"1";7;48;7
"21713";"202100021713";8;"17:35";"1";"06";"1";"1";"1";5;43;6
"21714";"202100021714";8;"09:00";"1";"67";"1";"1";"1";1;48;7
"21715";"202100021715";9;"10:30";"1";"38";"1";"1";"1";6;45;6
"21716";"202100021716";8;"15:45";"1";"976";"1";"1";"1";1;-12;45
"21717";"202100021717";9;"06:41";"2";"27";"1";"1";"1";2;49;0
"21718";"202100021718";8;"08:30";"1";"987";"2";"1";"1";6;-16;-151
"21719";"202100021719";8;"17:50";"1";"95";"1";"1";"1";3;49;1
"21720";"202100021720";8;"16:30";"1";"78";"2";"2";"1";3;48;1
"21721";"202100021721";8;"23:50";"3";"30";"1";"6";"1";6;43;4
"21722";"202100021722";9;"15:20";"1";"21";"2";"1";"1";6;47;4
"21723";"202100021723";8;"13:20";"1";"63";"1";"1";"1";6;45;3
"21724";"202100021724";8;"16:01";"1";"42";"1";"2";"1";3;45;4
"21725";"202100021725";8;"17:00";"1";"65";"1";"1";"1";5;43;0
"21726";"202100021726";8;"17:00";"1";"31";"2";"1";"1";3;43;1
"21727";"202100021727";8;"13:35";"1";"19";"1";"3";"1";2;45;1
"21728";"202100021728";8;"08:30";"1";"33";"1";"1";"1";1;44;0
"21729";"202100021729";8;"15:00";"1";"61";"1";"1";"1";5;48;0
"21730";"202100021730";8;"09:00";"1";"27";"1";"1";"1";6;49;1
"21731";"202100021731";8;"07:30";"1";"59";"2";"3";"1";3;50;3
"21732";"202100021732";8;"18:49";"1";"13";"1";"1";"1";4;43;5
"21733";"202100021733";8;"10:00";"1";"13";"1";"1";"1";2;43;5
"21734";"202100021734";8;"10:00";"1";"13";"1";"1";"1";7;43;5
"21735";"202100021735";8;"16:02";"1";"13";"1";"1";"1";4;43;5
"21736";"202100021736";8;"14:10";"1";"13";"1";"1";"1";2;43;5
"21737";"202100021737";8;"14:45";"1";"69";"1";"1";"1";5;45;4
"21738";"202100021738";8;"14:45";"1";"91";"1";"1";"1";3;48;2
"21739";"202100021739";8;"07:00";"2";"94";"1";"1";"1";4;48;2
"21740";"202100021740";8;"09:20";"1";"92";"1";"1";"1";2;48;2
"21741";"202100021741";8;"09:15";"1";"92";"1";"1";"1";6;48;2
"21742";"202100021742";8;"20:25";"2";"95";"1";"1";"1";2;49;2
"21743";"202100021743";8;"14:30";"1";"93";"1";"1";"1";2;48;2
"21744";"202100021744";8;"12:30";"1";"93";"1";"1";"1";5;48;2
"21745";"202100021745";8;"18:45";"1";"95";"1";"1";"1";3;48;2
"21746";"202100021746";8;"14:10";"1";"93";"1";"1";"1";6;48;2
"21747";"202100021747";8;"13:30";"1";"92";"1";"1";"1";2;48;2
"21748";"202100021748";8;"16:30";"1";"94";"1";"1";"1";2;48;2
"21749";"202100021749";8;"23:30";"5";"971";"2";"9";"1";6;16;-61
"21750";"202100021750";8;"10:05";"1";"05";"2";"1";"1";6;44;6
"21751";"202100021751";8;"16:05";"1";"974";"2";"1";"1";6;-21;55
"21752";"202100021752";8;"18:30";"5";"988";"2";"2";"1";6;-22;166
"21753";"202100021753";8;"17:50";"1";"973";"2";"1";"1";2;4;-52
"21754";"202100021754";8;"18:30";"2";"69";"2";"3";"8";2;45;4
"21755";"202100021755";8;"12:30";"1";"69";"2";"2";"1";3;45;4
"21756";"202100021756";8;"17:12";"1";"972";"1";"1";"1";2;14;-61
"21757";"202100021757";8;"16:00";"1";"971";"2";"1";"2";4;16;-61
"21758";"202100021758";8;"16:30";"1";"95";"1";"1";"1";6;48;2
"21759";"202100021759";8;"13:49";"1";"87";"2";"1";"1";2;45;1
"21760";"202100021760";8;"21:26";"5";"87";"2";"1";"1";1;45;1
"21761";"202100021761";8;"16:10";"1";"83";"2";"1";"1";6;43;6
"21762";"202100021762";8;"13:30";"1";"83";"2";"9";"1";3;43;6
"21763";"202100021763";3;"16:25";"1";"79";"2";"8";"1";2;46;0
"21764";"202100021764";8;"18:00";"1";"78";"1";"9";"1";3;48;2
"21765";"202100021765";8;"19:50";"1";"77";"2";"2";"1";3;48;2
"21766";"202100021766";8;"17:00";"1";"77";"2";"1";"1";1;48;2
"21767";"202100021767";8;"07:15";"1";"71";"2";"2";"1";3;46;4
"21768";"202100021768";7;"01:30";"5";"69";"2";"9";"1";6;45;4
"21769";"202100021769";8;"11:06";"1";"66";"2";"1";"1";3;42;2
"21770";"202100021770";8;"17:05";"1";"66";"2";"1";"1";6;42;2
"21771";"202100021771";8;"16:10";"1";"64";"2";"2";"1";3;43;-1
"21772";"202100021772";8;"16:35";"1";"62";"2";"8";"8";6;50;1
"21773";"202100021773";8;"08:15";"1";"61";"2";"2";"1";2;48;0
"21774";"202100021774";8;"11:30";"1";"56";"1";"1";"1";4;47;-3
"21775";"202100021775";8;"08:15";"1";"56";"2";"1";"1";6;47;-3
"21776";"202100021776";8;"18:35";"1";"54";"1";"1";"8";6;48;6
"21777";"202100021777";8;"17:30";"1";"52";"2";"1";"1";3;48;5
"21778";"202100021778";8;"18:30";"1";"52";"2";"1";"1";3;48;5
"21779";"202100021779";8;"15:50";"1";"50";"2";"1";"1";1;49;-1
"21780";"202100021780";8;"11:50";"1";"50";"2";"6";"1";3;49;-1
"21781";"202100021781";8;"15:53";"1";"49";"2";"1";"1";7;47;0
"21782";"202100021782";8;"19:15";"1";"49";"2";"1";"1";6;47;0
"21783";"202100021783";8;"17:33";"1";"49";"2";"1";"1";6;47;0
"21784";"202100021784";8;"19:15";"1";"45";"2";"3";"1";2;48;2
"21785";"202100021785";8;"23:00";"5";"42";"2";"2";"1";3;45;4
"21786";"202100021786";8;"17:00";"1";"38";"2";"3";"1";3;45;5
"21787";"202100021787";8;"18:35";"1";"35";"1";"1";"1";2;48;-1
"21788";"202100021788";8;"08:30";"1";"33";"2";"1";"1";3;44;0
"21789";"202100021789";8;"09:00";"1";"33";"2";"6";"1";2;44;-1
"21790";"202100021790";8;"14:20";"1";"29";"2";"1";"1";3;48;-4
"21791";"202100021791";8;"13:46";"1";"28";"2";"3";"1";6;48;1
"21792";"202100021792";8;"14:05";"1";"27";"1";"1";"1";7;49;1
"21793";"202100021793";8;"19:50";"1";"18";"2";"1";"1";6;47;2
"21794";"202100021794";8;"22:10";"5";"17";"2";"2";"1";3;46;-1
"21795";"202100021795";8;"14:08";"1";"17";"2";"1";"1";4;46;-1
"21796";"202100021796";8;"17:15";"1";"09";"1";"1";"1";5;42;1
"21797";"202100021797";8;"15:00";"1";"05";"2";"1";"1";6;44;6
"21798";"202100021798";8;"06:30";"1";"75";"2";"1";"1";4;48;2
"21799";"202100021799";8;"04:30";"5";"75";"2";"4";"1";2;48;2
"21800";"202100021800";8;"23:15";"5";"75";"2";"2";"1";5;48;2
"21801";"202100021801";8;"13:15";"1";"75";"2";"2";"1";3;48;2
"21802";"202100021802";8;"19:15";"1";"75";"2";"1";"1";2;48;2
"21803";"202100021803";8;"14:50";"1";"75";"2";"2";"1";6;48;2
"21804";"202100021804";8;"06:45";"2";"75";"2";"1";"1";3;48;2
"21805";"202100021805";8;"18:00";"1";"75";"2";"2";"1";3;48;2
"21806";"202100021806";8;"08:35";"1";"75";"2";"1";"1";6;48;2
"21807";"202100021807";8;"23:15";"5";"75";"2";"2";"1";1;48;2
"21808";"202100021808";8;"23:50";"5";"75";"2";"4";"1";2;48;2
"21809";"202100021809";8;"19:15";"2";"75";"2";"2";"1";3;48;2
"21810";"202100021810";8;"16:00";"1";"75";"2";"2";"1";3;48;2
"21811";"202100021811";8;"13:30";"1";"75";"2";"2";"8";6;48;2
"21812";"202100021812";8;"13:00";"1";"94";"2";"1";"1";6;48;2
"21813";"202100021813";8;"22:25";"5";"94";"2";"1";"1";3;48;2
"21814";"202100021814";8;"14:10";"1";"94";"2";"1";"1";6;48;2
"21815";"202100021815";8;"22:15";"5";"94";"2";"1";"1";3;48;2
"21816";"202100021816";8;"21:35";"5";"94";"2";"1";"1";6;48;2
"21817";"202100021817";8;"00:15";"5";"94";"2";"2";"1";6;48;2
"21818";"202100021818";8;"16:30";"1";"93";"2";"2";"1";3;48;2
"21819";"202100021819";8;"05:30";"5";"93";"2";"1";"1";6;48;2
"21820";"202100021820";8;"11:00";"1";"93";"2";"1";"1";3;48;2
"21821";"202100021821";8;"08:30";"1";"93";"2";"1";"1";1;48;2
"21822";"202100021822";8;"12:55";"1";"93";"2";"1";"1";3;48;2
"21823";"202100021823";8;"15:10";"1";"92";"2";"1";"1";7;48;2
"21824";"202100021824";8;"00:10";"5";"92";"2";"2";"1";3;48;2
"21825";"202100021825";8;"02:52";"5";"92";"2";"7";"1";7;48;2
"21826";"202100021826";8;"16:50";"1";"92";"2";"3";"1";6;48;2
"21827";"202100021827";8;"15:55";"1";"92";"2";"2";"1";3;48;2
"21828";"202100021828";8;"20:10";"2";"92";"2";"1";"1";3;48;2
"21829";"202100021829";8;"21:30";"3";"26";"1";"1";"1";6;44;4
"21830";"202100021830";8;"13:15";"1";"38";"1";"1";"1";3;45;4
"21831";"202100021831";8;"10:00";"1";"988";"2";"1";"1";6;-20;164
"21832";"202100021832";8;"13:50";"1";"26";"1";"1";"1";6;44;4
"21833";"202100021833";8;"12:40";"1";"71";"1";"1";"1";3;46;4
"21834";"202100021834";8;"18:30";"1";"01";"2";"2";"1";3;46;5
"21835";"202100021835";8;"18:05";"1";"68";"2";"2";"1";1;47;7
"21836";"202100021836";8;"13:20";"1";"60";"2";"9";"1";3;49;2
"21837";"202100021837";8;"08:30";"1";"87";"1";"2";"1";3;45;1
"21838";"202100021838";8;"09:15";"1";"56";"1";"1";"1";2;47;-2
"21839";"202100021839";8;"21:40";"3";"67";"1";"1";"1";6;48;7
"21840";"202100021840";8;"09:13";"1";"76";"1";"1";"1";6;49;1
"21841";"202100021841";8;"16:30";"1";"80";"1";"2";"1";3;49;2
"21842";"202100021842";8;"18:45";"1";"65";"1";"1";"1";6;43;0
"21843";"202100021843";8;"12:05";"1";"81";"2";"4";"7";3;43;2