"";"Num_Acc";"mois";"hrmn";"lum";"dep";"agg";"int";"atm";"col";"lat";"long"
"21844";"202100021844";8;"10:45";"1";"11";"1";"1";"1";6;43;2
"21845";"202100021845";8;"14:22";"1";"71";"1";"1";"1";1;46;4
"21846";"202100021846";8;"16:00";"1";"61";"2";"1";"1";3;48;0
"21847";"202100021847";8;"07:45";"1";"49";"2";"2";"1";7;47;0
"21848";"202100021848";8;"20:50";"2";"49";"1";"1";"1";1;47;0
"21849";"202100021849";8;"09:15";"1";"49";"1";"1";"1";3;47;0
"21850";"202100021850";8;"13:40";"1";"12";"1";"1";"1";6;44;2
"21851";"202100021851";8;"19:30";"1";"41";"1";"2";"1";2;47;0
"21852";"202100021852";8;"11:55";"1";"41";"1";"1";"1";7;47;1
"21853";"202100021853";8;"11:40";"1";"34";"1";"2";"1";1;43;3
"21854";"202100021854";8;"17:10";"1";"39";"1";"1";"1";7;46;5
"21855";"202100021855";8;"11:40";"1";"44";"1";"1";"1";6;47;-2
"21856";"202100021856";8;"10:05";"1";"29";"2";"1";"1";6;48;-4
"21857";"202100021857";8;"08:00";"1";"31";"2";"6";"1";6;43;1
"21858";"202100021858";8;"07:30";"1";"38";"1";"1";"1";2;45;5
"21859";"202100021859";8;"14:40";"1";"02";"1";"1";"1";3;49;3
"21860";"202100021860";8;"13:33";"1";"03";"1";"1";"1";7;46;2
"21861";"202100021861";8;"05:15";"3";"85";"1";"1";"1";1;46;-1
"21862";"202100021862";8;"11:00";"1";"66";"2";"1";"1";6;42;3
"21863";"202100021863";8;"12:00";"1";"50";"1";"1";"1";1;49;-1
"21864";"202100021864";8;"11:15";"1";"83";"2";"1";"1";2;43;6
"21865";"202100021865";8;"16:40";"1";"83";"2";"6";"1";6;43;6
"21866";"202100021866";8;"19:15";"1";"18";"1";"1";"1";3;47;2
"21867";"202100021867";8;"07:45";"1";"53";"1";"3";"1";3;48;0
"21868";"202100021868";8;"14:25";"1";"27";"1";"2";"1";1;49;1
"21869";"202100021869";8;"18:30";"1";"27";"1";"2";"1";3;49;0
"21870";"202100021870";8;"19:50";"2";"30";"1";"6";"1";2;43;4
"21871";"202100021871";6;"04:15";"3";"30";"2";"7";"1";6;43;4
"21872";"202100021872";8;"07:28";"1";"30";"1";"1";"1";7;43;4
"21873";"202100021873";8;"12:00";"1";"78";"1";"3";"1";5;48;1
"21874";"202100021874";8;"12:55";"1";"973";"1";"1";"1";1;4;-52
"21875";"202100021875";8;"23:00";"3";"30";"1";"1";"1";6;43;4
"21876";"202100021876";8;"18:00";"1";"971";"2";"1";"1";3;16;-61
"21877";"202100021877";8;"15:50";"1";"974";"2";"3";"1";3;-21;55
"21878";"202100021878";8;"18:30";"3";"971";"1";"1";"1";1;16;-61
"21879";"202100021879";8;"08:50";"1";"45";"1";"1";"1";6;47;2
"21880";"202100021880";8;"14:25";"1";"45";"2";"3";"1";6;47;2
"21881";"202100021881";8;"04:45";"5";"66";"2";"1";"1";6;42;2
"21882";"202100021882";8;"19:10";"1";"84";"2";"3";"1";3;43;5
"21883";"202100021883";8;"08:00";"1";"83";"2";"1";"1";6;43;5
"21884";"202100021884";8;"08:20";"2";"67";"1";"1";"8";7;48;7
"21885";"202100021885";8;"18:23";"1";"55";"1";"1";"1";6;49;5
"21886";"202100021886";8;"05:30";"3";"74";"1";"9";"1";6;46;6
"21887";"202100021887";8;"18:00";"1";"17";"1";"2";"1";3;45;-1
"21888";"202100021888";8;"15:40";"1";"17";"1";"1";"1";1;45;-1
"21889";"202100021889";8;"15:30";"1";"17";"2";"1";"1";1;46;-1
"21890";"202100021890";8;"16:20";"1";"33";"2";"1";"1";7;44;0
"21891";"202100021891";8;"00:11";"3";"13";"1";"1";"1";3;43;5
"21892";"202100021892";8;"18:55";"1";"13";"1";"1";"1";2;43;5
"21893";"202100021893";8;"08:30";"1";"13";"1";"1";"1";4;43;5
"21894";"202100021894";8;"10:50";"1";"83";"1";"1";"1";6;43;6
"21895";"202100021895";8;"11:15";"1";"69";"1";"1";"1";3;45;4
"21896";"202100021896";8;"09:45";"1";"54";"1";"1";"1";2;48;5
"21897";"202100021897";8;"18:55";"1";"33";"1";"1";"1";4;44;0
"21898";"202100021898";8;"00:50";"5";"59";"1";"1";"1";5;50;3
"21899";"202100021899";8;"21:40";"5";"59";"1";"1";"1";6;50;3
"21900";"202100021900";8;"14:05";"1";"94";"1";"1";"1";2;48;2
"21901";"202100021901";8;"12:00";"1";"94";"1";"1";"1";2;48;2
"21902";"202100021902";8;"09:00";"1";"78";"1";"1";"1";5;48;2
"21903";"202100021903";8;"18:00";"1";"93";"1";"1";"1";2;48;2
"21904";"202100021904";8;"17:20";"1";"93";"1";"1";"1";2;48;2
"21905";"202100021905";8;"22:30";"4";"93";"1";"1";"1";2;48;2
"21906";"202100021906";8;"19:50";"2";"77";"1";"1";"1";6;48;2
"21907";"202100021907";8;"00:31";"5";"94";"1";"1";"1";2;48;2
"21908";"202100021908";8;"14:45";"1";"976";"2";"1";"1";6;-12;45
"21909";"202100021909";6;"10:45";"1";"83";"1";"1";"1";3;43;5
"21910";"202100021910";8;"17:40";"1";"987";"2";"9";"1";7;-17;-149
"21911";"202100021911";8;"17:00";"1";"974";"1";"1";"1";3;-21;55
"21912";"202100021912";8;"18:30";"2";"974";"2";"1";"1";1;-21;55
"21913";"202100021913";8;"04:45";"3";"974";"1";"1";"2";3;-21;55
"21914";"202100021914";8;"11:22";"1";"95";"2";"2";"1";6;48;2
"21915";"202100021915";8;"13:35";"1";"95";"2";"2";"1";2;48;2
"21916";"202100021916";8;"12:50";"1";"83";"2";"9";"1";6;43;5
"21917";"202100021917";8;"19:42";"2";"83";"2";"1";"7";6;43;6
"21918";"202100021918";8;"20:40";"1";"76";"2";"2";"1";3;49;1
"21919";"202100021919";8;"13:30";"1";"74";"2";"2";"1";3;45;6
"21920";"202100021920";8;"19:20";"1";"73";"2";"4";"1";1;45;5
"21921";"202100021921";8;"13:40";"1";"69";"2";"1";"1";2;45;4
"21922";"202100021922";8;"07:30";"2";"69";"2";"1";"1";7;45;4
"21923";"202100021923";8;"15:10";"1";"65";"1";"1";"1";1;43;0
"21924";"202100021924";8;"04:00";"5";"59";"2";"2";"2";3;50;3
"21925";"202100021925";8;"09:15";"1";"59";"2";"1";"2";3;50;3
"21926";"202100021926";8;"12:50";"1";"59";"2";"1";"1";1;51;2
"21927";"202100021927";8;"09:55";"1";"56";"2";"3";"1";3;47;-2
"21928";"202100021928";8;"12:10";"1";"56";"2";"1";"1";4;47;-2
"21929";"202100021929";8;"20:50";"1";"47";"2";"1";"1";6;44;0
"21930";"202100021930";8;"17:53";"1";"37";"2";"1";"1";7;47;0
"21931";"202100021931";8;"06:10";"5";"33";"2";"1";"1";6;44;0
"21932";"202100021932";8;"18:20";"1";"30";"2";"1";"1";6;44;4
"21933";"202100021933";8;"02:29";"3";"29";"1";"1";"1";6;48;-4
"21934";"202100021934";8;"08:00";"1";"29";"1";"1";"1";7;47;-4
"21935";"202100021935";8;"16:40";"1";"24";"2";"9";"1";3;44;0
"21936";"202100021936";8;"21:50";"2";"17";"1";"1";"1";6;45;0
"21937";"202100021937";8;"19:35";"2";"13";"2";"1";"1";3;43;5
"21938";"202100021938";8;"19:00";"1";"13";"2";"1";"1";6;43;5
"21939";"202100021939";8;"13:00";"1";"13";"2";"1";"1";3;43;5
"21940";"202100021940";8;"07:10";"1";"13";"2";"1";"1";1;43;5
"21941";"202100021941";8;"15:50";"1";"11";"2";"1";"1";3;43;2
"21942";"202100021942";8;"19:25";"1";"06";"2";"1";"1";3;43;7
"21943";"202100021943";8;"22:00";"5";"06";"2";"9";"1";1;43;7
"21944";"202100021944";8;"10:30";"1";"06";"2";"1";"1";1;43;7
"21945";"202100021945";8;"21:25";"5";"75";"2";"4";"1";4;48;2
"21946";"202100021946";8;"01:10";"5";"75";"2";"1";"1";3;48;2
"21947";"202100021947";8;"04:26";"5";"75";"2";"1";"1";6;48;2
"21948";"202100021948";8;"13:35";"1";"75";"2";"3";"1";6;48;2
"21949";"202100021949";8;"20:00";"5";"75";"2";"2";"1";3;48;2
"21950";"202100021950";8;"02:36";"5";"75";"2";"1";"1";1;48;2
"21951";"202100021951";8;"11:41";"1";"75";"2";"7";"8";6;48;2
"21952";"202100021952";8;"12:20";"1";"75";"2";"3";"8";6;48;2
"21953";"202100021953";8;"14:17";"1";"75";"2";"3";"1";6;48;2
"21954";"202100021954";8;"21:00";"5";"75";"2";"1";"1";3;48;2
"21955";"202100021955";8;"06:10";"2";"75";"2";"3";"1";6;48;2
"21956";"202100021956";8;"04:35";"5";"75";"2";"4";"1";6;48;2
"21957";"202100021957";8;"12:08";"1";"94";"2";"1";"1";2;48;2
"21958";"202100021958";8;"15:30";"1";"94";"2";"3";"2";3;48;2
"21959";"202100021959";8;"19:54";"1";"94";"2";"1";"1";2;48;2
"21960";"202100021960";8;"16:00";"1";"94";"2";"1";"1";6;48;2
"21961";"202100021961";8;"12:15";"1";"94";"2";"4";"1";1;48;2
"21962";"202100021962";8;"01:15";"3";"93";"1";"1";"1";2;48;2
"21963";"202100021963";8;"04:55";"5";"92";"2";"1";"1";6;48;2
"21964";"202100021964";8;"15:30";"1";"05";"1";"1";"1";3;44;6
"21965";"202100021965";8;"15:45";"1";"83";"1";"1";"1";1;43;6
"21966";"202100021966";8;"16:55";"1";"35";"1";"1";"1";6;48;-1
"21967";"202100021967";8;"08:55";"1";"22";"1";"1";"8";2;48;-2
"21968";"202100021968";8;"21:00";"2";"40";"1";"1";"1";7;44;0
"21969";"202100021969";8;"21:30";"3";"51";"1";"1";"1";1;49;4
"21970";"202100021970";8;"19:50";"2";"74";"2";"9";"1";3;45;6
"21971";"202100021971";8;"10:50";"1";"79";"1";"3";"1";3;46;0
"21972";"202100021972";8;"23:00";"3";"2A";"1";"1";"1";5;41;8
"21973";"202100021973";8;"17:45";"1";"80";"2";"3";"1";3;49;3
"21974";"202100021974";8;"21:00";"3";"11";"1";"3";"1";3;43;3
"21975";"202100021975";8;"19:45";"2";"11";"1";"1";"1";6;43;2
"21976";"202100021976";8;"23:37";"5";"71";"2";"6";"1";6;46;4
"21977";"202100021977";8;"20:45";"2";"89";"1";"1";"1";6;47;3
"21978";"202100021978";8;"14:45";"1";"61";"1";"6";"1";7;48;0
"21979";"202100021979";8;"17:35";"1";"55";"2";"1";"1";7;49;5
"21980";"202100021980";8;"15:20";"1";"49";"2";"1";"1";7;47;0
"21981";"202100021981";8;"21:15";"3";"49";"1";"4";"1";3;47;0
"21982";"202100021982";8;"16:10";"1";"49";"1";"2";"1";5;47;0
"21983";"202100021983";8;"00:15";"3";"49";"1";"1";"1";2;47;0
"21984";"202100021984";8;"13:10";"1";"12";"2";"1";"1";3;44;2
"21985";"202100021985";8;"18:11";"1";"47";"1";"1";"1";7;44;0
"21986";"202100021986";8;"11:30";"1";"34";"1";"6";"1";3;43;3
"21987";"202100021987";8;"05:00";"3";"68";"1";"1";"8";7;47;7
"21988";"202100021988";8;"06:15";"2";"25";"1";"1";"1";6;47;5
"21989";"202100021989";8;"18:25";"1";"31";"1";"1";"1";6;43;0
"21990";"202100021990";8;"19:50";"1";"31";"1";"1";"1";6;43;1
"21991";"202100021991";8;"20:20";"2";"31";"1";"1";"1";6;43;1
"21992";"202100021992";8;"17:00";"1";"38";"1";"1";"1";7;45;5
"21993";"202100021993";8;"09:00";"1";"01";"1";"1";"1";7;46;5
"21994";"202100021994";8;"11:15";"1";"09";"1";"1";"1";1;42;1
"21995";"202100021995";8;"14:55";"1";"18";"1";"1";"1";1;47;2
"21996";"202100021996";8;"18:30";"1";"43";"1";"1";"1";6;45;4
"21997";"202100021997";8;"10:55";"1";"10";"1";"1";"1";7;48;3
"21998";"202100021998";8;"19:05";"2";"07";"2";"1";"1";3;44;4
"21999";"202100021999";8;"15:30";"1";"07";"1";"2";"7";2;44;3
"22000";"202100022000";8;"10:00";"1";"24";"1";"2";"1";3;45;0
"22001";"202100022001";8;"12:35";"1";"04";"1";"3";"1";3;44;5
"22002";"202100022002";8;"04:30";"5";"85";"2";"6";"1";6;46;-2
"22003";"202100022003";8;"17:40";"1";"85";"1";"1";"1";1;46;0
"22004";"202100022004";8;"06:00";"3";"85";"1";"1";"1";7;46;-1
"22005";"202100022005";8;"16:45";"1";"17";"1";"1";"1";3;46;0
"22006";"202100022006";8;"15:45";"1";"30";"1";"1";"1";1;43;4
"22007";"202100022007";8;"17:12";"1";"30";"1";"2";"1";5;43;4
"22008";"202100022008";8;"08:15";"1";"80";"1";"1";"1";7;49;2
"22009";"202100022009";8;"10:30";"1";"40";"1";"1";"1";6;43;-1
"22010";"202100022010";8;"07:30";"1";"35";"2";"1";"1";6;48;-1
"22011";"202100022011";8;"14:00";"1";"74";"2";"6";"1";1;45;6
"22012";"202100022012";8;"01:22";"3";"06";"1";"1";"1";4;43;7
"22013";"202100022013";8;"23:18";"3";"06";"1";"1";"1";4;43;7
"22014";"202100022014";8;"18:41";"2";"971";"1";"3";"1";2;16;-61
"22015";"202100022015";8;"22:16";"3";"77";"1";"1";"1";1;48;2
"22016";"202100022016";8;"15:10";"1";"78";"1";"1";"1";6;48;1
"22017";"202100022017";8;"16:30";"1";"34";"1";"1";"7";3;43;3
"22018";"202100022018";8;"05:15";"3";"84";"1";"3";"1";2;43;4
"22019";"202100022019";8;"19:45";"2";"67";"2";"9";"8";2;48;7
"22020";"202100022020";8;"14:45";"1";"54";"1";"1";"8";3;48;6
"22021";"202100022021";8;"01:50";"3";"54";"1";"6";"1";7;48;6
"22022";"202100022022";8;"16:45";"1";"26";"1";"1";"1";1;44;4
"22023";"202100022023";8;"18:05";"1";"07";"1";"1";"1";4;44;4
"22024";"202100022024";8;"16:45";"1";"69";"2";"9";"1";3;45;4
"22025";"202100022025";8;"12:05";"1";"44";"2";"6";"7";2;47;-1
"22026";"202100022026";8;"13:00";"1";"14";"1";"1";"1";6;49;0
"22027";"202100022027";8;"10:00";"1";"56";"2";"6";"1";7;47;-2
"22028";"202100022028";8;"06:45";"2";"35";"1";"1";"1";6;48;-1
"22029";"202100022029";8;"16:00";"1";"02";"1";"1";"1";1;49;4
"22030";"202100022030";8;"11:30";"1";"62";"2";"1";"1";2;50;2
"22031";"202100022031";8;"03:45";"3";"59";"1";"1";"1";2;50;3
"22032";"202100022032";8;"01:15";"3";"59";"1";"1";"1";6;50;3
"22033";"202100022033";8;"15:32";"1";"13";"1";"1";"1";3;43;5
"22034";"202100022034";8;"10:30";"1";"13";"1";"1";"1";2;43;5
"22035";"202100022035";8;"17:25";"1";"13";"1";"1";"1";2;43;5
"22036";"202100022036";8;"07:10";"2";"13";"1";"1";"1";5;43;5
"22037";"202100022037";8;"01:30";"3";"69";"1";"1";"1";2;45;4
"22038";"202100022038";8;"21:30";"3";"69";"1";"1";"1";2;45;4
"22039";"202100022039";8;"20:15";"1";"91";"1";"1";"1";2;48;2
"22040";"202100022040";8;"16:48";"1";"78";"1";"1";"2";2;48;2
"22041";"202100022041";8;"08:30";"1";"78";"1";"1";"1";6;48;2
"22042";"202100022042";8;"00:17";"3";"92";"1";"1";"1";6;48;2
"22043";"202100022043";8;"12:43";"1";"93";"1";"9";"1";2;48;2
"22044";"202100022044";7;"05:30";"3";"77";"1";"1";"1";2;48;2
"22045";"202100022045";8;"23:12";"5";"94";"1";"1";"1";3;48;2
"22046";"202100022046";8;"05:00";"3";"94";"1";"1";"1";4;48;2
"22047";"202100022047";4;"13:54";"1";"25";"2";"1";"1";3;47;6
"22048";"202100022048";8;"14:50";"1";"05";"2";"1";"2";6;44;6
"22049";"202100022049";8;"05:30";"2";"976";"2";"3";"1";6;-12;45
"22050";"202100022050";8;"15:15";"1";"976";"2";"1";"1";3;-12;45
"22051";"202100022051";8;"14:55";"1";"976";"2";"3";"1";1;-12;45
"22052";"202100022052";8;"07:30";"2";"974";"1";"1";"2";7;-20;55
"22053";"202100022053";8;"19:00";"5";"974";"2";"6";"2";3;-20;55
"22054";"202100022054";8;"23:55";"3";"973";"2";"1";"1";1;4;-52
"22055";"202100022055";8;"03:40";"5";"69";"2";"2";"1";3;45;4
"22056";"202100022056";8;"14:30";"1";"972";"1";"1";"1";2;14;-61
"22057";"202100022057";8;"11:20";"1";"972";"1";"1";"1";4;14;-61
"22058";"202100022058";8;"01:00";"5";"69";"2";"4";"1";3;45;4
"22059";"202100022059";8;"14:41";"1";"2A";"2";"1";"1";3;41;8
"22060";"202100022060";8;"15:00";"1";"91";"2";"3";"1";1;48;2
"22061";"202100022061";8;"13:53";"1";"91";"2";"9";"1";6;48;2
"22062";"202100022062";8;"14:20";"1";"91";"2";"2";"1";3;48;2
"22063";"202100022063";8;"13:20";"1";"83";"1";"1";"1";3;43;5
"22064";"202100022064";8;"17:50";"1";"81";"2";"1";"1";6;43;2
"22065";"202100022065";8;"15:20";"1";"76";"1";"1";"1";7;49;1
"22066";"202100022066";8;"07:10";"2";"76";"2";"1";"1";3;49;1
"22067";"202100022067";8;"16:10";"1";"76";"2";"6";"1";1;49;1
"22068";"202100022068";8;"16:10";"1";"74";"2";"1";"1";1;46;6
"22069";"202100022069";8;"17:40";"1";"74";"2";"1";"1";1;46;6
"22070";"202100022070";8;"19:30";"1";"64";"2";"1";"1";3;43;-1
"22071";"202100022071";8;"15:10";"1";"60";"2";"1";"1";3;49;2
"22072";"202100022072";8;"14:35";"1";"59";"2";"1";"1";6;50;3
"22073";"202100022073";8;"07:35";"2";"59";"2";"3";"2";3;50;3
"22074";"202100022074";8;"20:20";"1";"51";"2";"1";"1";7;49;4
"22075";"202100022075";8;"20:30";"1";"51";"2";"6";"1";2;49;4
"22076";"202100022076";8;"13:14";"1";"49";"2";"1";"1";4;47;0
"22077";"202100022077";8;"15:20";"1";"45";"2";"6";"1";3;47;1
"22078";"202100022078";8;"07:05";"1";"38";"2";"1";"1";2;45;5
"22079";"202100022079";8;"15:25";"1";"35";"1";"1";"1";2;48;-1
"22080";"202100022080";8;"17:40";"1";"34";"2";"2";"1";3;43;3
"22081";"202100022081";8;"21:30";"4";"34";"2";"1";"1";4;43;3
"22082";"202100022082";8;"12:40";"1";"33";"2";"2";"1";3;44;0
"22083";"202100022083";8;"10:50";"1";"33";"2";"2";"1";3;44;0
"22084";"202100022084";8;"16:00";"1";"33";"1";"1";"1";2;44;-1
"22085";"202100022085";8;"19:00";"1";"30";"2";"4";"1";6;44;4
"22086";"202100022086";8;"19:20";"1";"29";"2";"1";"1";6;48;-4
"22087";"202100022087";8;"11:40";"1";"25";"2";"1";"1";1;46;6
"22088";"202100022088";8;"19:25";"1";"21";"1";"1";"1";6;47;4
"22089";"202100022089";8;"12:05";"1";"19";"2";"9";"1";3;45;1
"22090";"202100022090";8;"18:05";"1";"19";"2";"1";"1";6;45;1
"22091";"202100022091";8;"11:55";"1";"18";"1";"1";"1";1;47;2
"22092";"202100022092";8;"17:56";"1";"17";"2";"1";"1";4;45;-1
"22093";"202100022093";8;"22:15";"5";"17";"2";"3";"1";3;46;-1
"22094";"202100022094";8;"17:15";"1";"13";"2";"1";"1";3;43;5
"22095";"202100022095";8;"15:20";"1";"13";"2";"1";"1";3;43;5
"22096";"202100022096";8;"01:40";"5";"13";"2";"3";"1";3;43;5
"22097";"202100022097";8;"02:45";"5";"13";"2";"1";"1";1;43;5
"22098";"202100022098";8;"17:30";"1";"13";"2";"1";"1";3;43;4
"22099";"202100022099";8;"11:34";"1";"10";"2";"1";"1";4;48;4
"22100";"202100022100";8;"09:26";"1";"10";"1";"1";"1";2;48;4
"22101";"202100022101";8;"12:15";"1";"07";"2";"1";"1";3;44;4
"22102";"202100022102";8;"18:50";"1";"06";"2";"1";"1";3;43;6
"22103";"202100022103";8;"12:15";"1";"75";"2";"4";"1";6;48;2
"22104";"202100022104";8;"18:45";"1";"75";"2";"1";"1";2;48;2
"22105";"202100022105";8;"14:00";"1";"75";"2";"1";"1";3;48;2
"22106";"202100022106";8;"01:35";"5";"75";"2";"2";"1";1;48;2
"22107";"202100022107";8;"03:30";"3";"75";"2";"1";"1";6;48;2
"22108";"202100022108";8;"05:45";"5";"75";"2";"2";"1";6;48;2
"22109";"202100022109";8;"03:00";"5";"75";"2";"2";"1";6;48;2
"22110";"202100022110";8;"00:35";"5";"75";"2";"3";"1";3;48;2
"22111";"202100022111";8;"21:50";"5";"75";"2";"1";"1";6;48;2
"22112";"202100022112";8;"05:30";"5";"75";"2";"1";"1";3;48;2
"22113";"202100022113";8;"15:40";"1";"75";"2";"2";"1";6;48;2
"22114";"202100022114";8;"18:00";"1";"75";"2";"2";"1";3;48;2
"22115";"202100022115";8;"23:30";"5";"75";"2";"4";"1";6;48;2
"22116";"202100022116";8;"11:40";"1";"75";"2";"2";"2";3;48;2
"22117";"202100022117";8;"18:20";"1";"75";"2";"2";"1";7;48;2
"22118";"202100022118";8;"14:15";"1";"75";"2";"1";"1";3;48;2
"22119";"202100022119";8;"20:40";"4";"94";"2";"1";"1";7;48;2
"22120";"202100022120";8;"17:15";"1";"94";"2";"9";"1";2;48;2
"22121";"202100022121";8;"06:35";"2";"94";"2";"1";"1";6;48;2
"22122";"202100022122";8;"18:45";"1";"93";"2";"6";"1";2;48;2
"22123";"202100022123";8;"00:00";"5";"93";"2";"1";"1";6;48;2
"22124";"202100022124";8;"13:25";"1";"93";"2";"1";"1";6;48;2
"22125";"202100022125";8;"15:20";"1";"93";"2";"1";"1";2;48;2
"22126";"202100022126";8;"15:10";"1";"93";"2";"1";"1";6;48;2
"22127";"202100022127";8;"20:05";"1";"93";"2";"1";"1";3;48;2
"22128";"202100022128";8;"10:55";"1";"92";"2";"1";"1";7;48;2
"22129";"202100022129";8;"21:30";"5";"92";"2";"2";"1";3;48;2
"22130";"202100022130";8;"12:12";"1";"92";"2";"1";"1";7;48;2
"22131";"202100022131";8;"23:05";"5";"92";"2";"2";"1";1;48;2
"22132";"202100022132";8;"03:41";"5";"92";"2";"1";"1";6;48;2
"22133";"202100022133";8;"15:00";"1";"71";"1";"3";"1";3;46;4
"22134";"202100022134";8;"05:40";"2";"84";"2";"1";"1";7;44;5
"22135";"202100022135";8;"07:30";"2";"57";"1";"1";"1";6;48;7
"22136";"202100022136";8;"02:15";"3";"11";"1";"1";"1";6;43;2
"22137";"202100022137";8;"21:35";"3";"35";"1";"1";"1";7;48;-1
"22138";"202100022138";8;"18:20";"1";"42";"1";"1";"1";6;46;3
"22139";"202100022139";8;"14:20";"1";"58";"1";"1";"1";6;47;3
"22140";"202100022140";8;"18:30";"1";"62";"2";"1";"1";6;50;2
"22141";"202100022141";8;"19:50";"1";"77";"2";"3";"1";3;48;3
"22142";"202100022142";8;"16:15";"1";"37";"1";"1";"1";2;47;0
"22143";"202100022143";8;"18:30";"2";"30";"2";"3";"1";3;43;4
"22144";"202100022144";8;"17:22";"1";"51";"2";"2";"2";3;49;4
"22145";"202100022145";8;"15:00";"1";"19";"1";"1";"1";1;45;1
"22146";"202100022146";8;"18:40";"1";"56";"1";"3";"1";3;47;-2
"22147";"202100022147";8;"18:05";"1";"67";"2";"2";"2";7;48;7
"22148";"202100022148";8;"15:45";"1";"2B";"1";"1";"1";6;42;9
"22149";"202100022149";8;"16:35";"1";"82";"1";"2";"1";1;43;1
"22150";"202100022150";8;"04:00";"3";"65";"1";"1";"1";7;42;0
"22151";"202100022151";8;"15:25";"1";"12";"1";"1";"1";6;44;2
"22152";"202100022152";8;"04:25";"3";"39";"1";"1";"1";6;46;5
"22153";"202100022153";8;"14:10";"1";"25";"2";"1";"2";7;47;6
"22154";"202100022154";8;"06:00";"3";"44";"2";"1";"1";7;47;-2
"22155";"202100022155";8;"19:30";"1";"44";"1";"1";"1";6;47;-2
"22156";"202100022156";8;"10:20";"1";"29";"1";"1";"1";2;48;-3
"22157";"202100022157";8;"16:15";"1";"29";"1";"1";"1";6;48;-4
"22158";"202100022158";8;"15:07";"1";"02";"1";"1";"1";2;49;3
"22159";"202100022159";8;"20:20";"1";"15";"1";"2";"1";3;44;2
"22160";"202100022160";8;"18:45";"1";"01";"1";"1";"1";6;46;5
"22161";"202100022161";8;"21:40";"3";"01";"1";"1";"1";1;46;5
"22162";"202100022162";8;"12:05";"1";"50";"1";"2";"1";3;49;-1
"22163";"202100022163";8;"07:10";"1";"50";"2";"1";"1";6;49;-1
"22164";"202100022164";8;"16:10";"1";"09";"2";"1";"1";6;42;1
"22165";"202100022165";8;"19:30";"1";"60";"2";"3";"1";3;49;3
"22166";"202100022166";8;"11:00";"1";"45";"1";"1";"1";7;47;1
"22167";"202100022167";8;"19:00";"1";"73";"1";"1";"1";6;45;6
"22168";"202100022168";8;"07:50";"1";"10";"1";"2";"1";3;48;4
"22169";"202100022169";8;"08:30";"1";"07";"1";"1";"1";7;44;4
"22170";"202100022170";8;"14:00";"1";"07";"1";"4";"1";3;44;4
"22171";"202100022171";8;"15:30";"1";"53";"1";"1";"1";3;48;0
"22172";"202100022172";8;"11:45";"1";"40";"2";"1";"1";3;44;-1
"22173";"202100022173";8;"15:45";"1";"24";"2";"3";"1";3;44;1
"22174";"202100022174";8;"18:58";"1";"24";"1";"4";"1";1;45;1
"22175";"202100022175";8;"13:55";"1";"85";"2";"3";"1";3;46;-1
"22176";"202100022176";8;"16:15";"1";"87";"1";"2";"1";3;45;1
"22177";"202100022177";8;"07:45";"2";"37";"1";"1";"1";6;47;0
"22178";"202100022178";8;"06:45";"2";"33";"1";"1";"1";6;44;-1
"22179";"202100022179";8;"05:00";"3";"988";"1";"1";"1";7;-21;166
"22180";"202100022180";8;"12:55";"1";"29";"2";"1";"7";6;47;-3
"22181";"202100022181";8;"15:25";"1";"77";"2";"1";"1";6;48;2
"22182";"202100022182";8;"10:45";"1";"2B";"1";"1";"1";4;42;9
"22183";"202100022183";8;"22:05";"3";"34";"1";"1";"1";7;43;3
"22184";"202100022184";8;"10:40";"1";"34";"2";"1";"1";6;43;4
"22185";"202100022185";8;"15:00";"1";"84";"1";"1";"1";7;44;4
"22186";"202100022186";8;"23:30";"3";"13";"1";"1";"6";7;43;5
"22187";"202100022187";8;"16:45";"1";"21";"1";"6";"1";1;47;5
"22188";"202100022188";8;"18:25";"1";"21";"2";"9";"1";2;47;5
"22189";"202100022189";8;"00:00";"5";"55";"2";"1";"2";6;49;5
"22190";"202100022190";8;"15:00";"1";"26";"1";"1";"1";1;45;5
"22191";"202100022191";8;"16:45";"1";"69";"1";"3";"1";1;46;4
"22192";"202100022192";8;"14:00";"1";"81";"1";"1";"1";7;43;1
"22193";"202100022193";8;"22:50";"3";"32";"2";"1";"1";6;43;0
"22194";"202100022194";8;"16:45";"1";"85";"2";"9";"1";1;46;-1
"22195";"202100022195";8;"12:40";"1";"50";"1";"2";"1";3;48;-1
"22196";"202100022196";8;"17:35";"1";"29";"2";"1";"1";6;48;-4
"22197";"202100022197";8;"15:20";"1";"60";"2";"1";"2";3;49;2
"22198";"202100022198";8;"18:35";"1";"60";"1";"1";"1";7;49;2
"22199";"202100022199";8;"14:30";"1";"62";"2";"1";"1";6;50;1
"22200";"202100022200";8;"07:05";"2";"59";"2";"1";"2";6;50;2
"22201";"202100022201";8;"13:10";"1";"13";"1";"1";"1";2;43;5
"22202";"202100022202";8;"07:25";"1";"13";"1";"1";"1";7;43;5
"22203";"202100022203";8;"06:20";"3";"33";"1";"1";"1";3;44;0
"22204";"202100022204";8;"14:30";"1";"91";"1";"1";"1";7;48;2
"22205";"202100022205";8;"12:05";"1";"91";"1";"1";"1";5;48;2
"22206";"202100022206";8;"19:45";"1";"93";"1";"1";"1";6;48;2
"22207";"202100022207";8;"08:00";"1";"95";"1";"1";"1";2;48;2
"22208";"202100022208";8;"23:50";"4";"77";"1";"1";"1";2;48;2