"";"Num_Acc";"mois";"hrmn";"lum";"dep";"agg";"int";"atm";"col";"lat";"long"
"22209";"202100022209";8;"13:15";"1";"72";"2";"1";"1";6;48;0
"22210";"202100022210";8;"10:30";"1";"71";"2";"9";"1";6;46;4
"22211";"202100022211";8;"19:40";"1";"12";"2";"1";"1";6;44;3
"22212";"202100022212";8;"22:35";"5";"988";"2";"2";"1";5;-22;166
"22213";"202100022213";8;"17:30";"1";"988";"2";"3";"1";3;-22;166
"22214";"202100022214";8;"05:47";"1";"976";"2";"1";"1";7;-12;45
"22215";"202100022215";8;"19:15";"3";"974";"2";"1";"1";6;-20;55
"22216";"202100022216";8;"08:25";"1";"974";"2";"1";"1";1;-20;55
"22217";"202100022217";8;"08:40";"1";"69";"2";"3";"1";3;45;4
"22218";"202100022218";8;"04:40";"5";"69";"2";"1";"1";3;45;4
"22219";"202100022219";8;"10:37";"1";"2B";"2";"3";"1";3;42;9
"22220";"202100022220";8;"21:00";"5";"95";"2";"2";"1";6;48;2
"22221";"202100022221";8;"19:20";"1";"91";"1";"6";"1";2;48;2
"22222";"202100022222";7;"10:50";"1";"89";"2";"1";"1";6;48;3
"22223";"202100022223";8;"17:44";"1";"87";"2";"1";"1";3;45;1
"22224";"202100022224";8;"15:45";"1";"87";"2";"1";"1";2;45;1
"22225";"202100022225";8;"18:10";"1";"86";"2";"1";"1";2;46;0
"22226";"202100022226";8;"13:00";"1";"83";"2";"3";"1";3;43;5
"22227";"202100022227";8;"16:30";"1";"83";"2";"1";"1";6;43;6
"22228";"202100022228";8;"18:35";"1";"74";"2";"1";"1";6;46;6
"22229";"202100022229";8;"19:29";"1";"72";"2";"2";"1";3;47;0
"22230";"202100022230";8;"13:15";"1";"69";"2";"9";"1";1;45;4
"22231";"202100022231";8;"08:25";"1";"69";"2";"8";"1";3;45;4
"22232";"202100022232";7;"02:00";"5";"69";"2";"2";"1";1;45;4
"22233";"202100022233";8;"19:00";"1";"67";"2";"4";"7";3;48;7
"22234";"202100022234";8;"17:23";"1";"66";"1";"6";"1";3;42;2
"22235";"202100022235";8;"20:40";"5";"65";"2";"2";"1";3;43;0
"22236";"202100022236";8;"15:35";"1";"64";"2";"1";"7";4;43;0
"22237";"202100022237";8;"13:30";"1";"64";"2";"1";"7";2;43;0
"22238";"202100022238";8;"02:15";"5";"64";"2";"1";"1";7;43;-1
"22239";"202100022239";8;"21:50";"5";"64";"2";"1";"1";7;43;-1
"22240";"202100022240";8;"19:35";"1";"64";"2";"1";"1";2;43;-1
"22241";"202100022241";8;"13:50";"1";"63";"2";"2";"1";3;45;3
"22242";"202100022242";8;"17:05";"1";"59";"2";"9";"1";2;50;3
"22243";"202100022243";8;"13:00";"1";"59";"2";"9";"1";1;50;3
"22244";"202100022244";8;"16:20";"1";"59";"2";"1";"1";6;50;3
"22245";"202100022245";8;"16:20";"1";"59";"2";"2";"8";6;50;3
"22246";"202100022246";8;"02:30";"5";"59";"2";"1";"1";6;50;3
"22247";"202100022247";8;"15:40";"1";"57";"2";"3";"1";3;49;6
"22248";"202100022248";8;"18:50";"1";"54";"2";"6";"1";3;48;6
"22249";"202100022249";8;"15:05";"1";"54";"2";"3";"1";6;48;6
"22250";"202100022250";8;"11:30";"1";"54";"2";"6";"1";3;48;6
"22251";"202100022251";8;"07:25";"1";"54";"2";"4";"1";3;48;6
"22252";"202100022252";8;"13:45";"1";"51";"2";"1";"1";3;49;4
"22253";"202100022253";8;"07:35";"1";"51";"2";"2";"1";3;49;4
"22254";"202100022254";8;"16:35";"1";"50";"2";"3";"1";1;49;-1
"22255";"202100022255";8;"18:45";"1";"49";"2";"6";"1";3;47;0
"22256";"202100022256";8;"20:09";"1";"49";"2";"3";"1";3;47;0
"22257";"202100022257";8;"17:47";"1";"49";"2";"3";"1";3;47;0
"22258";"202100022258";8;"15:32";"1";"49";"2";"1";"1";2;47;0
"22259";"202100022259";8;"08:27";"1";"49";"2";"1";"1";3;47;0
"22260";"202100022260";8;"00:03";"5";"45";"2";"1";"1";2;47;2
"22261";"202100022261";8;"22:40";"5";"42";"2";"2";"1";1;45;4
"22262";"202100022262";8;"10:00";"1";"40";"2";"1";"1";6;43;-1
"22263";"202100022263";8;"18:40";"1";"37";"2";"2";"1";6;47;0
"22264";"202100022264";8;"15:45";"1";"35";"1";"1";"1";2;48;-1
"22265";"202100022265";8;"18:10";"1";"34";"2";"3";"1";3;43;3
"22266";"202100022266";8;"00:00";"5";"33";"2";"3";"1";4;44;0
"22267";"202100022267";8;"20:35";"2";"33";"2";"2";"1";1;44;0
"22268";"202100022268";8;"15:40";"1";"33";"2";"2";"1";1;44;0
"22269";"202100022269";8;"12:00";"1";"33";"2";"1";"1";3;44;0
"22270";"202100022270";8;"17:35";"1";"33";"2";"9";"1";1;44;-1
"22271";"202100022271";8;"19:15";"1";"29";"1";"6";"1";2;47;-3
"22272";"202100022272";8;"10:20";"1";"29";"2";"2";"1";3;47;-3
"22273";"202100022273";8;"15:10";"1";"25";"2";"3";"1";3;47;6
"22274";"202100022274";8;"19:10";"1";"25";"2";"2";"1";5;47;6
"22275";"202100022275";8;"21:15";"3";"17";"1";"1";"1";6;46;-1
"22276";"202100022276";8;"17:00";"1";"16";"1";"1";"1";5;45;0
"22277";"202100022277";8;"14:07";"1";"14";"2";"2";"1";1;49;0
"22278";"202100022278";8;"17:15";"1";"14";"2";"1";"1";5;49;0
"22279";"202100022279";8;"00:55";"5";"13";"2";"1";"1";2;43;5
"22280";"202100022280";8;"22:10";"5";"13";"2";"1";"1";1;43;5
"22281";"202100022281";8;"08:10";"2";"13";"2";"1";"1";1;43;5
"22282";"202100022282";8;"09:30";"1";"13";"2";"2";"1";3;43;5
"22283";"202100022283";8;"05:00";"3";"13";"1";"1";"1";1;43;4
"22284";"202100022284";8;"20:10";"2";"13";"1";"9";"1";3;43;5
"22285";"202100022285";8;"11:15";"1";"10";"2";"1";"1";3;48;4
"22286";"202100022286";8;"11:50";"1";"10";"2";"1";"1";3;48;4
"22287";"202100022287";8;"17:15";"1";"09";"2";"1";"1";7;42;1
"22288";"202100022288";8;"17:00";"1";"06";"2";"7";"1";6;43;7
"22289";"202100022289";7;"01:20";"5";"06";"2";"1";"1";3;43;7
"22290";"202100022290";8;"16:10";"1";"06";"2";"1";"1";2;43;7
"22291";"202100022291";8;"01:05";"5";"05";"2";"1";"1";2;44;6
"22292";"202100022292";8;"10:20";"1";"75";"2";"2";"1";3;48;2
"22293";"202100022293";8;"18:45";"1";"75";"2";"3";"1";3;48;2
"22294";"202100022294";8;"21:15";"5";"75";"2";"1";"1";3;48;2
"22295";"202100022295";8;"16:51";"1";"75";"2";"5";"1";6;48;2
"22296";"202100022296";8;"10:40";"1";"75";"2";"2";"1";6;48;2
"22297";"202100022297";8;"01:05";"5";"75";"2";"3";"1";2;48;2
"22298";"202100022298";8;"10:45";"1";"75";"2";"2";"1";3;48;2
"22299";"202100022299";8;"22:20";"5";"75";"2";"3";"1";3;48;2
"22300";"202100022300";8;"17:00";"1";"75";"2";"1";"1";6;48;2
"22301";"202100022301";8;"17:00";"1";"75";"2";"3";"1";6;48;2
"22302";"202100022302";8;"01:35";"5";"75";"2";"3";"1";6;48;2
"22303";"202100022303";8;"16:30";"1";"75";"2";"2";"1";1;48;2
"22304";"202100022304";8;"09:33";"1";"75";"2";"2";"1";2;48;2
"22305";"202100022305";8;"18:55";"2";"94";"2";"1";"1";3;48;2
"22306";"202100022306";8;"09:35";"1";"94";"2";"2";"1";3;48;2
"22307";"202100022307";8;"00:35";"5";"94";"2";"1";"1";7;48;2
"22308";"202100022308";8;"18:50";"1";"94";"2";"1";"1";2;48;2
"22309";"202100022309";8;"18:40";"1";"93";"2";"1";"1";3;48;2
"22310";"202100022310";8;"15:15";"1";"93";"2";"2";"1";3;48;2
"22311";"202100022311";8;"21:45";"3";"93";"2";"2";"1";3;48;2
"22312";"202100022312";8;"17:00";"1";"93";"2";"2";"1";1;48;2
"22313";"202100022313";8;"20:20";"1";"93";"2";"1";"1";6;48;2
"22314";"202100022314";8;"17:20";"1";"92";"2";"1";"1";1;48;2
"22315";"202100022315";8;"16:50";"1";"92";"2";"1";"1";3;48;2
"22316";"202100022316";8;"18:00";"1";"92";"2";"1";"1";2;48;2
"22317";"202100022317";8;"09:45";"1";"35";"1";"1";"1";3;48;-1
"22318";"202100022318";8;"20:30";"1";"44";"1";"1";"1";6;47;-1
"22319";"202100022319";8;"19:00";"1";"91";"2";"1";"1";6;48;2
"22320";"202100022320";8;"16:15";"1";"17";"1";"3";"1";2;45;0
"22321";"202100022321";8;"14:25";"1";"54";"1";"1";"1";3;49;5
"22322";"202100022322";8;"22:30";"3";"17";"1";"4";"1";7;46;-1
"22323";"202100022323";8;"16:40";"1";"67";"2";"6";"1";3;48;7
"22324";"202100022324";8;"00:30";"3";"51";"1";"1";"1";3;49;3
"22325";"202100022325";8;"14:33";"1";"19";"1";"3";"1";3;45;1
"22326";"202100022326";8;"13:30";"1";"77";"1";"1";"1";6;48;3
"22327";"202100022327";8;"18:55";"1";"67";"1";"1";"1";6;48;7
"22328";"202100022328";8;"03:10";"3";"76";"2";"1";"1";7;49;1
"22329";"202100022329";8;"16:35";"1";"80";"2";"1";"1";7;49;2
"22330";"202100022330";8;"07:45";"2";"65";"1";"1";"7";3;43;0
"22331";"202100022331";8;"02:00";"5";"33";"1";"1";"1";5;44;-1
"22332";"202100022332";8;"13:40";"1";"33";"2";"1";"1";6;44;-1
"22333";"202100022333";8;"04:30";"3";"89";"1";"1";"1";6;48;3
"22334";"202100022334";8;"15:00";"1";"63";"2";"6";"1";3;45;3
"22335";"202100022335";8;"13:30";"1";"61";"1";"1";"1";6;48;0
"22336";"202100022336";8;"01:40";"4";"12";"1";"1";"1";6;44;2
"22337";"202100022337";8;"19:30";"1";"42";"1";"1";"1";1;45;4
"22338";"202100022338";8;"01:05";"5";"47";"2";"1";"1";6;44;0
"22339";"202100022339";8;"15:00";"1";"25";"1";"1";"1";7;47;6
"22340";"202100022340";8;"16:30";"1";"25";"2";"3";"1";6;47;6
"22341";"202100022341";8;"15:00";"1";"29";"1";"1";"7";7;47;-4
"22342";"202100022342";7;"16:45";"1";"31";"1";"1";"1";1;43;1
"22343";"202100022343";8;"19:30";"2";"38";"1";"1";"1";7;45;5
"22344";"202100022344";8;"14:20";"1";"02";"1";"1";"8";6;49;3
"22345";"202100022345";8;"20:45";"1";"85";"1";"1";"1";6;46;-1
"22346";"202100022346";8;"11:00";"1";"70";"1";"1";"1";7;47;6
"22347";"202100022347";8;"17:00";"1";"72";"1";"1";"7";1;47;0
"22348";"202100022348";8;"22:47";"3";"06";"1";"9";"1";6;43;7
"22349";"202100022349";8;"09:12";"1";"05";"1";"3";"1";3;44;6
"22350";"202100022350";8;"19:09";"1";"05";"1";"1";"1";1;44;6
"22351";"202100022351";8;"10:45";"1";"50";"1";"4";"1";7;48;-1
"22352";"202100022352";8;"19:40";"1";"45";"1";"1";"1";6;47;2
"22353";"202100022353";8;"01:10";"5";"18";"2";"1";"1";6;47;2
"22354";"202100022354";8;"20:10";"1";"36";"1";"1";"1";7;46;1
"22355";"202100022355";8;"02:15";"3";"16";"1";"1";"1";1;45;0
"22356";"202100022356";8;"10:13";"1";"16";"1";"1";"1";4;45;0
"22357";"202100022357";8;"15:45";"1";"53";"1";"1";"1";7;48;0
"22358";"202100022358";8;"06:10";"3";"40";"1";"1";"1";2;43;-1
"22359";"202100022359";8;"05:00";"5";"87";"2";"1";"1";6;45;0
"22360";"202100022360";8;"20:00";"2";"30";"2";"6";"1";7;43;4
"22361";"202100022361";8;"09:00";"1";"52";"1";"1";"1";7;48;5
"22362";"202100022362";8;"08:05";"1";"24";"2";"3";"1";1;44;0
"22363";"202100022363";8;"17:30";"1";"973";"1";"6";"1";2;4;-52
"22364";"202100022364";8;"12:30";"1";"973";"2";"1";"1";5;4;-52
"22365";"202100022365";8;"11:10";"1";"76";"1";"4";"3";6;49;1
"22366";"202100022366";8;"19:25";"1";"64";"1";"1";"1";3;43;-1
"22367";"202100022367";8;"16:15";"1";"14";"1";"1";"1";6;49;0
"22368";"202100022368";8;"14:30";"1";"976";"1";"1";"1";1;-12;45
"22369";"202100022369";8;"05:00";"2";"988";"1";"3";"1";6;-21;165
"22370";"202100022370";8;"17:10";"1";"976";"1";"1";"1";6;-12;45
"22371";"202100022371";8;"19:20";"3";"973";"1";"1";"1";5;4;-52
"22372";"202100022372";8;"12:30";"1";"971";"1";"9";"1";3;16;-61
"22373";"202100022373";8;"08:15";"1";"978";"2";"1";"1";1;18;-63
"22374";"202100022374";8;"06:30";"3";"95";"1";"1";"8";2;49;2
"22375";"202100022375";8;"17:30";"1";"78";"2";"1";"1";6;48;1
"22376";"202100022376";8;"08:45";"1";"78";"2";"2";"1";3;48;1
"22377";"202100022377";8;"20:10";"3";"2B";"1";"1";"1";7;42;9
"22378";"202100022378";8;"05:15";"3";"83";"1";"1";"1";6;43;5
"22379";"202100022379";8;"14:45";"1";"04";"1";"1";"1";1;43;6
"22380";"202100022380";8;"10:05";"1";"13";"1";"3";"1";3;43;5
"22381";"202100022381";8;"12:00";"1";"67";"2";"2";"1";3;48;7
"22382";"202100022382";8;"18:30";"1";"57";"2";"1";"1";2;49;6
"22383";"202100022383";8;"09:25";"1";"74";"1";"9";"1";1;46;6
"22384";"202100022384";8;"10:05";"1";"44";"1";"2";"1";1;47;-1
"22385";"202100022385";8;"03:00";"3";"22";"2";"4";"1";6;48;-3
"22386";"202100022386";8;"23:00";"3";"57";"1";"1";"1";6;49;6
"22387";"202100022387";8;"04:45";"3";"60";"1";"1";"1";6;49;2
"22388";"202100022388";8;"19:00";"2";"62";"2";"1";"7";6;50;2
"22389";"202100022389";8;"12:00";"1";"13";"1";"1";"1";2;43;5
"22390";"202100022390";8;"18:30";"1";"13";"1";"1";"1";7;43;5
"22391";"202100022391";8;"15:20";"1";"33";"1";"1";"1";2;44;0
"22392";"202100022392";8;"21:20";"3";"91";"1";"1";"1";2;48;2
"22393";"202100022393";8;"17:40";"1";"91";"1";"1";"1";7;48;2
"22394";"202100022394";8;"10:50";"1";"94";"1";"1";"1";5;48;2
"22395";"202100022395";8;"18:50";"1";"92";"1";"1";"1";4;48;2
"22396";"202100022396";8;"11:45";"1";"94";"1";"1";"1";2;48;2
"22397";"202100022397";8;"19:12";"5";"988";"2";"1";"1";3;-22;166
"22398";"202100022398";8;"07:20";"1";"974";"2";"1";"1";3;-21;55
"22399";"202100022399";8;"23:00";"5";"69";"2";"2";"1";3;45;4
"22400";"202100022400";8;"15:20";"1";"69";"2";"3";"1";1;45;4
"22401";"202100022401";8;"08:30";"1";"69";"2";"3";"1";3;45;4
"22402";"202100022402";8;"01:20";"5";"88";"2";"1";"1";2;48;6
"22403";"202100022403";8;"15:24";"1";"87";"1";"1";"1";2;45;1
"22404";"202100022404";8;"16:50";"1";"84";"2";"1";"1";3;43;4
"22405";"202100022405";8;"20:00";"1";"84";"2";"2";"1";3;43;4
"22406";"202100022406";8;"21:05";"5";"83";"2";"1";"1";6;43;5
"22407";"202100022407";8;"14:00";"1";"83";"2";"1";"1";2;43;6
"22408";"202100022408";8;"20:15";"5";"83";"2";"1";"1";3;43;6
"22409";"202100022409";8;"17:00";"1";"81";"2";"2";"1";6;43;2
"22410";"202100022410";8;"16:20";"1";"80";"2";"1";"1";6;49;2
"22411";"202100022411";8;"20:25";"1";"80";"2";"2";"1";5;49;2
"22412";"202100022412";8;"11:15";"1";"74";"2";"1";"1";2;46;6
"22413";"202100022413";8;"16:40";"1";"71";"2";"1";"1";3;46;4
"22414";"202100022414";8;"20:50";"1";"71";"2";"2";"1";3;46;4
"22415";"202100022415";8;"12:35";"1";"71";"2";"2";"1";6;46;4
"22416";"202100022416";8;"18:00";"1";"67";"2";"1";"1";3;48;7
"22417";"202100022417";8;"13:35";"1";"67";"2";"1";"1";2;48;7
"22418";"202100022418";8;"14:14";"1";"66";"2";"3";"1";3;42;2
"22419";"202100022419";8;"21:23";"2";"66";"2";"3";"1";3;42;2
"22420";"202100022420";8;"12:25";"1";"65";"2";"4";"1";3;43;0
"22421";"202100022421";8;"10:35";"1";"65";"2";"4";"1";6;43;0
"22422";"202100022422";8;"10:30";"1";"65";"2";"6";"1";7;43;0
"22423";"202100022423";8;"17:20";"1";"64";"2";"1";"1";3;43;-1
"22424";"202100022424";8;"18:20";"1";"64";"2";"1";"1";4;43;0
"22425";"202100022425";8;"17:30";"1";"64";"2";"1";"1";3;43;-1
"22426";"202100022426";8;"07:45";"1";"64";"2";"3";"7";1;43;-1
"22427";"202100022427";8;"17:00";"1";"64";"2";"3";"1";2;43;-1
"22428";"202100022428";8;"06:10";"2";"63";"2";"2";"1";6;45;3
"22429";"202100022429";8;"05:03";"5";"63";"2";"1";"1";6;45;3
"22430";"202100022430";8;"14:46";"1";"57";"1";"3";"1";3;48;7
"22431";"202100022431";8;"17:40";"1";"51";"2";"1";"1";3;49;4
"22432";"202100022432";8;"16:15";"1";"51";"2";"6";"1";3;49;4
"22433";"202100022433";8;"13:30";"1";"51";"2";"6";"1";3;49;4
"22434";"202100022434";8;"14:14";"1";"49";"2";"1";"1";6;47;0
"22435";"202100022435";8;"06:35";"2";"49";"2";"1";"1";7;47;0
"22436";"202100022436";8;"17:55";"1";"45";"2";"1";"1";6;47;1
"22437";"202100022437";8;"17:29";"1";"44";"1";"1";"1";4;47;-2
"22438";"202100022438";8;"17:30";"1";"44";"1";"1";"1";4;47;-1
"22439";"202100022439";8;"10:15";"1";"38";"2";"1";"1";2;45;5
"22440";"202100022440";8;"00:50";"3";"35";"2";"1";"1";6;48;-1
"22441";"202100022441";8;"14:15";"1";"35";"2";"1";"1";3;48;-1
"22442";"202100022442";8;"12:30";"1";"35";"2";"1";"1";2;48;-1
"22443";"202100022443";8;"08:35";"1";"35";"1";"6";"1";3;48;-1
"22444";"202100022444";8;"22:08";"5";"34";"2";"2";"1";3;43;3
"22445";"202100022445";8;"00:05";"5";"33";"2";"3";"1";3;44;0
"22446";"202100022446";8;"08:40";"1";"33";"2";"1";"1";1;44;0
"22447";"202100022447";8;"08:30";"1";"33";"2";"1";"1";6;44;0
"22448";"202100022448";8;"16:45";"1";"33";"1";"6";"1";3;44;-1
"22449";"202100022449";8;"20:05";"2";"31";"2";"1";"1";6;43;1
"22450";"202100022450";8;"22:50";"5";"31";"2";"1";"1";7;43;1
"22451";"202100022451";8;"16:25";"1";"31";"2";"1";"1";1;43;1
"22452";"202100022452";8;"18:40";"2";"31";"2";"9";"1";1;43;1
"22453";"202100022453";8;"09:40";"1";"30";"2";"1";"1";3;44;4
"22454";"202100022454";8;"21:30";"5";"28";"2";"1";"1";3;48;1
"22455";"202100022455";8;"10:55";"1";"17";"2";"1";"1";6;46;-1
"22456";"202100022456";8;"21:30";"5";"13";"2";"6";"1";7;43;5
"22457";"202100022457";8;"21:25";"3";"13";"2";"1";"1";3;43;5
"22458";"202100022458";8;"17:50";"1";"13";"2";"1";"1";-1;43;5
"22459";"202100022459";8;"09:40";"1";"13";"1";"1";"1";3;43;5
"22460";"202100022460";8;"08:45";"1";"13";"2";"2";"1";3;43;5
"22461";"202100022461";8;"10:15";"1";"13";"2";"9";"1";3;43;5
"22462";"202100022462";8;"10:25";"1";"09";"2";"1";"1";6;42;1
"22463";"202100022463";8;"14:45";"1";"07";"1";"1";"1";4;44;4
"22464";"202100022464";8;"13:15";"1";"06";"2";"1";"1";2;43;6
"22465";"202100022465";8;"20:05";"2";"03";"2";"1";"1";3;46;3
"22466";"202100022466";8;"19:15";"1";"01";"2";"9";"1";3;46;5
"22467";"202100022467";8;"15:05";"1";"75";"2";"4";"1";1;48;2
"22468";"202100022468";8;"21:10";"5";"75";"2";"4";"1";2;48;2
"22469";"202100022469";8;"16:50";"1";"75";"2";"1";"1";4;48;2
"22470";"202100022470";8;"03:15";"5";"75";"2";"4";"1";2;48;2
"22471";"202100022471";8;"15:06";"1";"75";"2";"2";"1";3;48;2
"22472";"202100022472";8;"04:20";"5";"75";"2";"1";"1";6;48;2
"22473";"202100022473";8;"17:40";"1";"75";"2";"1";"1";6;48;2
"22474";"202100022474";8;"19:00";"1";"75";"2";"3";"1";3;48;2
"22475";"202100022475";8;"11:20";"1";"75";"2";"1";"1";7;48;2
"22476";"202100022476";8;"02:05";"5";"94";"2";"2";"1";3;48;2
"22477";"202100022477";8;"21:25";"5";"94";"2";"2";"1";3;48;2
"22478";"202100022478";8;"21:10";"2";"94";"2";"1";"1";6;48;2
"22479";"202100022479";8;"09:10";"1";"93";"2";"1";"1";6;48;2
"22480";"202100022480";8;"19:47";"1";"93";"2";"1";"1";2;48;2
"22481";"202100022481";8;"18:00";"1";"93";"2";"2";"1";2;48;2
"22482";"202100022482";8;"22:10";"5";"93";"2";"1";"1";2;48;2
"22483";"202100022483";8;"11:40";"1";"93";"2";"2";"1";3;48;2
"22484";"202100022484";8;"15:00";"1";"93";"2";"1";"1";6;48;2
"22485";"202100022485";8;"08:48";"1";"92";"2";"2";"8";1;48;2
"22486";"202100022486";8;"18:15";"1";"92";"2";"1";"1";3;48;2
"22487";"202100022487";8;"15:15";"1";"92";"2";"1";"1";3;48;2
"22488";"202100022488";8;"13:00";"1";"38";"1";"3";"1";3;45;4
"22489";"202100022489";8;"17:15";"1";"22";"1";"1";"1";7;48;-2
"22490";"202100022490";8;"22:15";"3";"33";"1";"1";"1";2;45;0
"22491";"202100022491";8;"20:50";"3";"74";"1";"1";"1";6;46;6
"22492";"202100022492";8;"16:00";"1";"57";"2";"3";"1";2;49;6
"22493";"202100022493";8;"13:00";"1";"40";"1";"1";"1";7;43;0
"22494";"202100022494";8;"19:15";"1";"28";"1";"2";"1";3;48;1
"22495";"202100022495";8;"19:20";"1";"19";"1";"1";"1";2;45;1
"22496";"202100022496";8;"19:40";"1";"06";"2";"4";"1";3;43;6
"22497";"202100022497";8;"08:50";"1";"62";"2";"1";"1";5;50;1
"22498";"202100022498";8;"17:30";"1";"26";"1";"1";"1";3;45;4
"22499";"202100022499";8;"09:30";"1";"30";"1";"1";"1";7;43;4
"22500";"202100022500";8;"17:10";"1";"30";"1";"1";"1";1;43;4
"22501";"202100022501";8;"13:20";"1";"62";"1";"1";"1";6;50;2
"22502";"202100022502";8;"15:50";"1";"83";"1";"1";"1";5;43;5
"22503";"202100022503";8;"19:15";"2";"30";"1";"3";"1";1;43;4
"22504";"202100022504";8;"10:50";"1";"19";"1";"1";"1";7;45;2
"22505";"202100022505";8;"09:10";"1";"56";"2";"1";"7";6;47;-3
"22506";"202100022506";8;"06:50";"1";"60";"1";"1";"1";5;49;2
"22507";"202100022507";8;"15:05";"1";"80";"1";"1";"1";7;49;3
"22508";"202100022508";8;"12:30";"1";"82";"1";"1";"7";3;44;1
"22509";"202100022509";8;"18:35";"1";"69";"1";"1";"1";1;46;4
"22510";"202100022510";8;"14:15";"1";"71";"1";"1";"1";1;46;4
"22511";"202100022511";8;"14:50";"1";"89";"1";"2";"1";1;48;3
"22512";"202100022512";8;"22:10";"3";"63";"1";"1";"1";6;45;3
"22513";"202100022513";8;"20:30";"2";"61";"2";"1";"1";6;48;0
"22514";"202100022514";8;"16:45";"1";"49";"2";"1";"1";6;47;0
"22515";"202100022515";8;"19:20";"1";"42";"1";"5";"1";3;46;4
"22516";"202100022516";7;"20:50";"3";"34";"1";"3";"1";2;43;3
"22517";"202100022517";8;"09:05";"1";"34";"2";"1";"1";1;43;3
"22518";"202100022518";8;"18:15";"1";"22";"1";"3";"1";3;48;-3
"22519";"202100022519";8;"07:21";"1";"39";"1";"1";"1";3;46;6
"22520";"202100022520";8;"18:00";"1";"25";"1";"1";"1";3;47;5
"22521";"202100022521";8;"22:30";"3";"44";"1";"1";"1";6;47;-2
"22522";"202100022522";8;"17:10";"1";"31";"1";"2";"1";3;43;0
"22523";"202100022523";8;"18:57";"1";"31";"1";"2";"1";3;43;1
"22524";"202100022524";8;"11:40";"1";"03";"1";"1";"1";3;46;3
"22525";"202100022525";8;"17:03";"1";"26";"1";"1";"1";6;44;5
"22526";"202100022526";8;"16:00";"1";"26";"1";"1";"1";6;44;5
"22527";"202100022527";8;"06:40";"2";"54";"2";"1";"1";3;48;6
"22528";"202100022528";8;"18:40";"1";"14";"1";"1";"1";5;49;0
"22529";"202100022529";8;"19:45";"2";"50";"2";"2";"7";1;48;0
"22530";"202100022530";8;"01:50";"3";"60";"1";"1";"1";6;49;2
"22531";"202100022531";8;"12:11";"1";"64";"2";"1";"1";3;43;-1
"22532";"202100022532";8;"17:50";"1";"73";"1";"1";"1";3;45;6
"22533";"202100022533";8;"07:10";"2";"18";"1";"1";"1";6;46;2
"22534";"202100022534";8;"08:26";"1";"07";"1";"1";"1";6;44;3
"22535";"202100022535";8;"08:20";"1";"40";"1";"2";"5";3;43;0
"22536";"202100022536";8;"17:25";"1";"85";"1";"1";"1";2;46;-1
"22537";"202100022537";8;"19:00";"1";"17";"1";"1";"7";7;46;-1
"22538";"202100022538";8;"12:00";"1";"30";"1";"1";"1";1;43;4
"22539";"202100022539";8;"11:40";"1";"10";"1";"1";"1";7;48;4
"22540";"202100022540";8;"11:50";"1";"03";"1";"1";"1";4;46;3
"22541";"202100022541";8;"18:55";"1";"06";"2";"6";"1";3;43;6
"22542";"202100022542";8;"13:15";"1";"83";"1";"1";"7";6;43;6
"22543";"202100022543";8;"12:00";"1";"69";"2";"4";"1";2;45;4
"22544";"202100022544";8;"07:30";"1";"971";"1";"1";"1";6;16;-61
"22545";"202100022545";8;"18:40";"1";"2B";"1";"1";"3";6;42;9
"22546";"202100022546";8;"11:50";"1";"2A";"1";"3";"1";7;41;9
"22547";"202100022547";8;"10:38";"1";"05";"1";"1";"1";5;45;6
"22548";"202100022548";8;"22:10";"5";"04";"2";"6";"1";3;43;5
"22549";"202100022549";8;"11:15";"1";"13";"1";"2";"1";3;43;5
"22550";"202100022550";8;"18:20";"1";"74";"1";"3";"7";3;46;6
"22551";"202100022551";8;"06:05";"2";"74";"1";"3";"1";3;46;6
"22552";"202100022552";8;"11:15";"1";"74";"2";"1";"1";1;45;6
"22553";"202100022553";8;"00:00";"5";"73";"2";"1";"1";6;45;6
"22554";"202100022554";8;"17:30";"1";"38";"2";"1";"1";6;45;5
"22555";"202100022555";8;"15:30";"1";"26";"1";"1";"1";1;45;5
"22556";"202100022556";8;"07:00";"2";"07";"2";"1";"1";7;45;4
"22557";"202100022557";8;"04:50";"3";"01";"1";"1";"1";6;45;5
"22558";"202100022558";8;"00:45";"3";"17";"2";"2";"1";3;45;0
"22559";"202100022559";8;"09:15";"1";"85";"2";"3";"1";3;46;-1
"22560";"202100022560";8;"13:30";"1";"14";"1";"2";"1";1;48;0
"22561";"202100022561";8;"20:15";"2";"14";"2";"1";"1";7;49;0
"22562";"202100022562";8;"19:00";"1";"60";"1";"3";"1";3;49;1
"22563";"202100022563";8;"17:00";"1";"59";"2";"1";"1";5;50;2
"22564";"202100022564";8;"13:10";"1";"13";"1";"1";"1";2;43;5
"22565";"202100022565";8;"04:00";"3";"13";"1";"1";"1";4;43;5
"22566";"202100022566";8;"16:15";"1";"69";"1";"1";"1";3;45;4
"22567";"202100022567";8;"17:36";"1";"33";"1";"1";"1";2;44;0
"22568";"202100022568";8;"12:30";"1";"91";"1";"2";"1";3;48;2
"22569";"202100022569";8;"09:10";"1";"91";"1";"1";"1";3;48;2
"22570";"202100022570";8;"08:50";"1";"94";"1";"1";"1";4;48;2
"22571";"202100022571";8;"20:00";"1";"91";"1";"1";"1";2;48;2
"22572";"202100022572";8;"16:15";"1";"93";"1";"1";"1";5;48;2
"22573";"202100022573";8;"15:00";"1";"95";"1";"1";"1";7;49;2