"";"Num_Acc";"mois";"hrmn";"lum";"dep";"agg";"int";"atm";"col";"lat";"long"
"22574";"202100022574";8;"13:50";"1";"95";"1";"1";"1";3;48;2
"22575";"202100022575";8;"11:55";"1";"93";"1";"1";"1";3;48;2
"22576";"202100022576";8;"20:00";"1";"77";"1";"1";"1";7;48;2
"22577";"202100022577";8;"16:30";"1";"94";"1";"1";"1";4;48;2
"22578";"202100022578";8;"18:45";"1";"94";"1";"1";"1";3;48;2
"22579";"202100022579";8;"09:10";"1";"77";"1";"1";"1";2;48;2
"22580";"202100022580";8;"09:05";"1";"94";"1";"1";"1";3;48;2
"22581";"202100022581";5;"23:30";"3";"78";"1";"9";"8";6;48;1
"22582";"202100022582";8;"18:30";"1";"05";"1";"1";"3";6;44;6
"22583";"202100022583";8;"18:10";"1";"95";"2";"1";"1";6;48;2
"22584";"202100022584";4;"20:22";"5";"06";"1";"1";"1";3;43;7
"22585";"202100022585";8;"18:14";"5";"974";"2";"1";"1";3;-21;55
"22586";"202100022586";8;"18:15";"3";"974";"1";"1";"2";3;-20;55
"22587";"202100022587";8;"19:46";"5";"973";"2";"1";"1";3;4;-52
"22588";"202100022588";8;"11:20";"1";"973";"2";"1";"1";5;4;-52
"22589";"202100022589";8;"22:40";"5";"69";"2";"2";"1";3;45;4
"22590";"202100022590";8;"12:45";"1";"69";"2";"1";"1";6;45;4
"22591";"202100022591";8;"09:40";"1";"69";"2";"3";"1";3;45;4
"22592";"202100022592";8;"09:30";"1";"69";"2";"2";"1";4;45;4
"22593";"202100022593";8;"12:40";"1";"972";"1";"1";"1";2;14;-61
"22594";"202100022594";8;"10:50";"1";"69";"2";"1";"1";2;45;4
"22595";"202100022595";7;"19:35";"1";"95";"1";"1";"1";5;48;2
"22596";"202100022596";8;"18:15";"1";"91";"2";"9";"1";3;48;2
"22597";"202100022597";8;"05:30";"5";"91";"2";"2";"1";3;48;2
"22598";"202100022598";8;"09:42";"1";"87";"2";"1";"1";6;45;1
"22599";"202100022599";8;"09:02";"1";"87";"2";"2";"1";3;45;1
"22600";"202100022600";8;"08:30";"1";"87";"2";"2";"1";6;45;1
"22601";"202100022601";8;"21:05";"5";"83";"2";"1";"1";1;43;6
"22602";"202100022602";8;"05:30";"5";"83";"2";"1";"1";1;43;6
"22603";"202100022603";8;"19:20";"1";"83";"1";"1";"1";3;43;6
"22604";"202100022604";8;"15:50";"1";"83";"2";"1";"1";1;43;6
"22605";"202100022605";8;"15:05";"1";"82";"2";"6";"1";3;44;1
"22606";"202100022606";8;"18:15";"1";"69";"2";"1";"1";2;45;4
"22607";"202100022607";8;"08:35";"1";"69";"2";"2";"1";6;45;4
"22608";"202100022608";8;"21:30";"5";"67";"2";"1";"1";1;48;7
"22609";"202100022609";8;"11:20";"1";"67";"2";"1";"2";6;48;7
"22610";"202100022610";8;"12:45";"1";"66";"2";"1";"1";6;42;2
"22611";"202100022611";8;"13:47";"1";"66";"2";"3";"1";3;42;2
"22612";"202100022612";8;"01:15";"3";"66";"1";"2";"1";1;42;2
"22613";"202100022613";8;"13:45";"1";"64";"2";"1";"1";7;43;-1
"22614";"202100022614";8;"20:30";"5";"64";"2";"1";"1";5;43;-1
"22615";"202100022615";8;"22:00";"5";"63";"2";"2";"1";7;45;3
"22616";"202100022616";8;"14:25";"1";"63";"2";"1";"1";1;45;3
"22617";"202100022617";8;"18:00";"1";"59";"2";"1";"1";2;50;3
"22618";"202100022618";8;"16:00";"1";"59";"2";"2";"1";2;50;3
"22619";"202100022619";8;"13:20";"1";"57";"2";"1";"1";1;49;6
"22620";"202100022620";8;"18:30";"1";"54";"2";"1";"1";2;48;6
"22621";"202100022621";8;"07:20";"1";"54";"2";"2";"1";3;48;6
"22622";"202100022622";8;"14:55";"1";"51";"2";"2";"1";7;49;4
"22623";"202100022623";8;"17:45";"1";"50";"2";"1";"1";2;49;-1
"22624";"202100022624";8;"07:01";"2";"49";"2";"1";"1";6;47;0
"22625";"202100022625";8;"08:45";"1";"45";"2";"2";"1";2;47;1
"22626";"202100022626";8;"18:20";"1";"44";"2";"3";"1";3;47;-1
"22627";"202100022627";8;"19:22";"2";"42";"2";"1";"1";1;46;4
"22628";"202100022628";8;"15:05";"1";"42";"1";"1";"1";6;45;4
"22629";"202100022629";8;"16:15";"1";"38";"2";"1";"1";3;45;5
"22630";"202100022630";8;"10:00";"1";"37";"2";"1";"1";7;47;0
"22631";"202100022631";7;"07:45";"1";"35";"2";"1";"1";6;48;-2
"22632";"202100022632";8;"17:50";"1";"35";"2";"1";"1";3;48;-1
"22633";"202100022633";8;"12:20";"1";"35";"2";"1";"1";2;48;-1
"22634";"202100022634";8;"16:40";"1";"33";"2";"2";"1";3;44;0
"22635";"202100022635";8;"04:10";"5";"33";"2";"3";"1";3;44;0
"22636";"202100022636";8;"01:30";"3";"33";"1";"1";"1";6;44;-1
"22637";"202100022637";8;"14:10";"1";"33";"2";"2";"1";3;44;-1
"22638";"202100022638";8;"15:00";"1";"25";"2";"2";"1";3;47;6
"22639";"202100022639";8;"16:09";"1";"24";"2";"6";"1";6;45;0
"22640";"202100022640";8;"18:45";"1";"22";"1";"6";"1";7;48;-2
"22641";"202100022641";7;"03:05";"5";"22";"2";"1";"1";7;48;-2
"22642";"202100022642";8;"18:00";"1";"13";"1";"1";"1";3;43;5
"22643";"202100022643";8;"12:45";"1";"13";"2";"1";"1";2;43;5
"22644";"202100022644";8;"08:20";"1";"13";"2";"1";"1";3;43;5
"22645";"202100022645";8;"05:40";"5";"13";"2";"3";"1";3;43;5
"22646";"202100022646";8;"16:45";"1";"13";"2";"1";"1";2;43;5
"22647";"202100022647";8;"02:50";"3";"13";"1";"1";"1";1;43;5
"22648";"202100022648";8;"17:30";"1";"11";"2";"1";"1";6;43;3
"22649";"202100022649";8;"19:10";"1";"11";"2";"9";"1";3;43;2
"22650";"202100022650";8;"11:17";"1";"10";"2";"1";"1";7;48;4
"22651";"202100022651";8;"21:16";"5";"06";"2";"1";"1";2;43;7
"22652";"202100022652";8;"18:25";"1";"06";"2";"1";"2";6;43;7
"22653";"202100022653";8;"20:00";"1";"75";"2";"1";"1";4;48;2
"22654";"202100022654";8;"00:20";"5";"75";"2";"7";"1";3;48;2
"22655";"202100022655";8;"22:05";"5";"75";"2";"1";"1";6;48;2
"22656";"202100022656";8;"15:40";"1";"75";"2";"3";"1";3;48;2
"22657";"202100022657";8;"06:00";"5";"75";"2";"7";"1";6;48;2
"22658";"202100022658";8;"09:00";"1";"75";"2";"7";"1";3;48;2
"22659";"202100022659";8;"15:00";"1";"75";"2";"1";"1";1;48;2
"22660";"202100022660";8;"19:55";"1";"75";"2";"3";"1";2;48;2
"22661";"202100022661";8;"18:20";"1";"75";"2";"1";"1";7;48;2
"22662";"202100022662";8;"22:00";"5";"75";"2";"5";"1";3;48;2
"22663";"202100022663";8;"19:00";"1";"75";"2";"1";"1";6;48;2
"22664";"202100022664";8;"11:50";"1";"75";"2";"3";"1";2;48;2
"22665";"202100022665";8;"11:05";"1";"75";"2";"3";"1";3;48;2
"22666";"202100022666";8;"11:50";"1";"94";"2";"1";"1";4;48;2
"22667";"202100022667";8;"00:20";"5";"94";"2";"6";"1";7;48;2
"22668";"202100022668";8;"14:50";"1";"93";"2";"3";"1";1;48;2
"22669";"202100022669";8;"13:30";"1";"93";"2";"2";"1";3;48;2
"22670";"202100022670";8;"20:05";"1";"93";"2";"9";"1";3;48;2
"22671";"202100022671";8;"18:00";"1";"93";"2";"1";"1";3;48;2
"22672";"202100022672";8;"14:15";"1";"93";"2";"2";"1";3;48;2
"22673";"202100022673";8;"15:00";"1";"92";"2";"1";"1";6;48;2
"22674";"202100022674";8;"09:45";"1";"92";"2";"1";"1";3;48;2
"22675";"202100022675";8;"15:15";"1";"92";"2";"2";"1";3;48;2
"22676";"202100022676";8;"14:23";"1";"92";"2";"1";"1";3;48;2
"22677";"202100022677";8;"19:10";"1";"92";"2";"2";"1";3;48;2
"22678";"202100022678";8;"17:05";"1";"91";"1";"1";"1";4;48;2
"22679";"202100022679";8;"17:15";"1";"91";"1";"1";"1";2;48;2
"22680";"202100022680";8;"15:20";"1";"94";"1";"1";"1";4;48;2
"22681";"202100022681";8;"13:45";"1";"95";"1";"1";"1";3;48;2
"22682";"202100022682";8;"05:20";"3";"93";"1";"1";"1";6;48;2
"22683";"202100022683";8;"13:30";"1";"94";"1";"1";"1";4;48;2
"22684";"202100022684";8;"09:00";"1";"94";"1";"1";"1";2;48;2
"22685";"202100022685";8;"10:25";"1";"06";"2";"1";"1";6;43;6
"22686";"202100022686";8;"20:00";"5";"976";"2";"3";"1";3;-12;45
"22687";"202100022687";8;"07:35";"1";"974";"2";"1";"1";4;-21;55
"22688";"202100022688";8;"07:16";"1";"974";"2";"9";"1";2;-20;55
"22689";"202100022689";8;"17:45";"1";"69";"2";"3";"1";3;45;4
"22690";"202100022690";8;"16:40";"1";"69";"2";"3";"1";1;45;4
"22691";"202100022691";8;"08:50";"1";"972";"2";"1";"1";6;14;-60
"22692";"202100022692";8;"15:25";"1";"69";"2";"1";"1";4;45;4
"22693";"202100022693";8;"06:20";"2";"69";"2";"1";"1";7;45;4
"22694";"202100022694";8;"12:30";"1";"69";"2";"1";"1";6;45;4
"22695";"202100022695";8;"14:00";"1";"2B";"2";"1";"1";5;42;9
"22696";"202100022696";8;"15:00";"1";"91";"2";"1";"2";2;48;2
"22697";"202100022697";8;"16:00";"1";"30";"2";"1";"1";2;43;4
"22698";"202100022698";8;"11:05";"1";"84";"2";"1";"1";6;43;4
"22699";"202100022699";8;"11:20";"1";"83";"2";"1";"1";6;43;6
"22700";"202100022700";8;"18:00";"1";"81";"1";"1";"1";2;43;2
"22701";"202100022701";8;"16:00";"1";"76";"2";"2";"1";3;49;0
"22702";"202100022702";8;"20:45";"1";"76";"1";"1";"1";4;49;0
"22703";"202100022703";8;"09:30";"1";"69";"2";"3";"1";6;45;4
"22704";"202100022704";8;"15:30";"1";"66";"1";"1";"1";3;42;2
"22705";"202100022705";8;"20:25";"4";"64";"2";"3";"1";3;43;0
"22706";"202100022706";8;"17:05";"1";"64";"2";"1";"1";3;43;0
"22707";"202100022707";8;"14:10";"1";"64";"2";"1";"1";3;43;-1
"22708";"202100022708";8;"16:55";"1";"63";"2";"2";"1";3;45;3
"22709";"202100022709";8;"18:00";"1";"62";"2";"2";"1";3;50;2
"22710";"202100022710";8;"10:25";"1";"60";"2";"3";"1";3;49;2
"22711";"202100022711";8;"10:35";"1";"59";"2";"1";"1";6;50;3
"22712";"202100022712";8;"18:30";"1";"56";"2";"1";"1";3;47;-3
"22713";"202100022713";8;"10:10";"1";"50";"1";"1";"2";6;49;-1
"22714";"202100022714";8;"05:11";"5";"44";"2";"1";"1";2;47;-2
"22715";"202100022715";8;"17:30";"1";"35";"1";"1";"1";2;48;-1
"22716";"202100022716";8;"08:20";"1";"35";"1";"6";"1";3;48;-1
"22717";"202100022717";8;"15:40";"1";"35";"2";"1";"1";2;48;-1
"22718";"202100022718";8;"19:25";"1";"34";"1";"1";"1";6;43;3
"22719";"202100022719";8;"18:40";"1";"34";"2";"1";"1";3;43;3
"22720";"202100022720";8;"16:25";"1";"34";"2";"1";"1";6;43;3
"22721";"202100022721";8;"18:15";"1";"33";"2";"1";"1";1;44;0
"22722";"202100022722";8;"06:50";"2";"31";"2";"1";"1";1;43;1
"22723";"202100022723";8;"16:50";"1";"31";"2";"9";"1";3;43;1
"22724";"202100022724";8;"19:15";"1";"31";"2";"1";"7";6;43;1
"22725";"202100022725";8;"18:45";"1";"26";"1";"3";"7";3;45;5
"22726";"202100022726";8;"22:55";"5";"25";"2";"3";"1";6;47;6
"22727";"202100022727";8;"05:35";"5";"25";"2";"2";"1";3;47;5
"22728";"202100022728";8;"19:35";"1";"24";"2";"3";"7";3;45;0
"22729";"202100022729";8;"13:23";"1";"22";"2";"3";"1";6;48;-3
"22730";"202100022730";8;"11:00";"1";"17";"2";"1";"1";3;45;-1
"22731";"202100022731";8;"08:59";"1";"17";"2";"1";"1";2;46;-1
"22732";"202100022732";8;"16:20";"1";"13";"2";"2";"1";3;43;5
"22733";"202100022733";8;"13:00";"1";"13";"1";"1";"1";1;43;5
"22734";"202100022734";8;"14:45";"1";"12";"1";"1";"1";3;44;2
"22735";"202100022735";8;"18:15";"1";"12";"1";"1";"1";3;44;2
"22736";"202100022736";8;"11:00";"1";"11";"2";"3";"1";3;43;3
"22737";"202100022737";8;"21:20";"3";"11";"1";"3";"1";3;43;2
"22738";"202100022738";8;"14:45";"1";"10";"2";"9";"8";2;48;4
"22739";"202100022739";8;"16:00";"1";"08";"2";"3";"1";3;49;4
"22740";"202100022740";8;"06:35";"2";"05";"2";"3";"1";7;44;6
"22741";"202100022741";8;"20:15";"1";"05";"2";"1";"1";6;44;6
"22742";"202100022742";8;"05:00";"4";"75";"2";"4";"1";6;48;2
"22743";"202100022743";8;"09:25";"1";"75";"2";"1";"1";7;48;2
"22744";"202100022744";8;"06:35";"2";"75";"2";"4";"1";6;48;2
"22745";"202100022745";8;"23:00";"5";"75";"2";"2";"1";3;48;2
"22746";"202100022746";8;"08:40";"1";"75";"2";"1";"1";3;48;2
"22747";"202100022747";8;"23:30";"5";"75";"2";"4";"1";3;48;2
"22748";"202100022748";8;"00:01";"5";"75";"2";"2";"1";3;48;2
"22749";"202100022749";8;"08:40";"1";"75";"2";"1";"1";2;48;2
"22750";"202100022750";8;"17:30";"1";"75";"2";"1";"1";3;48;2
"22751";"202100022751";8;"08:10";"1";"75";"2";"1";"1";3;48;2
"22752";"202100022752";8;"09:00";"1";"75";"2";"3";"1";2;48;2
"22753";"202100022753";8;"18:20";"1";"94";"2";"1";"1";3;48;2
"22754";"202100022754";8;"12:50";"1";"94";"2";"1";"1";7;48;2
"22755";"202100022755";8;"12:15";"1";"94";"2";"1";"1";1;48;2
"22756";"202100022756";8;"15:05";"1";"93";"2";"9";"1";1;48;2
"22757";"202100022757";8;"13:30";"1";"93";"2";"2";"7";6;48;2
"22758";"202100022758";8;"20:00";"2";"93";"2";"1";"1";3;48;2
"22759";"202100022759";8;"13:30";"1";"93";"2";"1";"1";2;48;2
"22760";"202100022760";8;"18:40";"1";"92";"2";"1";"1";2;48;2
"22761";"202100022761";8;"08:00";"1";"92";"2";"3";"1";3;48;2
"22762";"202100022762";8;"11:03";"1";"92";"2";"1";"1";3;48;2
"22763";"202100022763";8;"17:45";"1";"13";"1";"1";"1";2;43;5
"22764";"202100022764";8;"21:30";"3";"13";"1";"1";"1";2;43;5
"22765";"202100022765";8;"12:15";"1";"69";"1";"1";"1";6;45;4
"22766";"202100022766";8;"06:10";"2";"69";"1";"1";"1";1;45;5
"22767";"202100022767";8;"05:50";"5";"33";"1";"1";"1";6;44;0
"22768";"202100022768";8;"01:50";"5";"33";"1";"1";"1";6;44;0
"22769";"202100022769";8;"17:00";"1";"59";"1";"1";"1";6;50;3
"22770";"202100022770";8;"18:30";"1";"94";"1";"1";"1";6;48;2
"22771";"202100022771";8;"18:40";"1";"92";"1";"1";"1";3;48;2
"22772";"202100022772";8;"19:00";"1";"92";"1";"9";"1";2;48;2
"22773";"202100022773";8;"14:45";"1";"94";"1";"1";"1";2;48;2
"22774";"202100022774";8;"10:15";"1";"77";"1";"1";"1";2;48;2
"22775";"202100022775";8;"06:15";"3";"94";"1";"1";"1";6;48;2
"22776";"202100022776";4;"09:50";"2";"44";"1";"6";"1";7;47;-1
"22777";"202100022777";7;"09:00";"1";"62";"2";"1";"1";7;50;2
"22778";"202100022778";6;"10:10";"1";"78";"1";"1";"3";3;48;2
"22779";"202100022779";8;"09:15";"1";"976";"1";"9";"1";3;-12;45
"22780";"202100022780";8;"08:20";"1";"974";"1";"1";"1";7;-20;55
"22781";"202100022781";8;"18:30";"2";"973";"2";"9";"1";3;4;-52
"22782";"202100022782";8;"10:31";"1";"973";"2";"1";"1";2;4;-52
"22783";"202100022783";8;"23:30";"5";"2A";"2";"8";"1";3;41;8
"22784";"202100022784";8;"18:20";"1";"95";"2";"1";"1";1;49;2
"22785";"202100022785";8;"17:30";"1";"95";"2";"1";"1";6;48;2
"22786";"202100022786";8;"14:18";"1";"91";"2";"1";"1";6;48;2
"22787";"202100022787";8;"02:30";"3";"91";"1";"1";"1";6;48;2
"22788";"202100022788";8;"18:40";"1";"91";"2";"3";"1";7;48;2
"22789";"202100022789";8;"21:50";"5";"87";"2";"1";"1";6;45;1
"22790";"202100022790";8;"16:20";"1";"84";"2";"1";"1";3;44;5
"22791";"202100022791";8;"23:00";"5";"83";"2";"1";"1";3;43;5
"22792";"202100022792";8;"21:10";"5";"83";"2";"1";"1";3;43;5
"22793";"202100022793";8;"18:15";"1";"80";"1";"1";"1";3;49;2
"22794";"202100022794";8;"12:20";"1";"78";"2";"1";"1";6;48;2
"22795";"202100022795";8;"13:00";"1";"69";"2";"3";"1";6;45;4
"22796";"202100022796";8;"01:13";"5";"67";"2";"3";"3";3;48;7
"22797";"202100022797";8;"11:45";"1";"67";"2";"1";"1";3;48;7
"22798";"202100022798";8;"09:50";"1";"67";"2";"1";"1";3;48;7
"22799";"202100022799";8;"11:30";"1";"65";"2";"1";"1";1;43;0
"22800";"202100022800";8;"18:20";"1";"64";"2";"2";"1";1;43;-1
"22801";"202100022801";8;"23:00";"5";"63";"2";"1";"1";7;45;3
"22802";"202100022802";8;"13:05";"1";"63";"2";"2";"1";3;45;3
"22803";"202100022803";8;"16:28";"1";"56";"2";"6";"1";6;47;-3
"22804";"202100022804";8;"11:36";"1";"56";"1";"4";"1";1;47;-3
"22805";"202100022805";8;"21:40";"3";"54";"2";"1";"1";6;49;5
"22806";"202100022806";8;"19:47";"1";"49";"2";"1";"1";7;47;0
"22807";"202100022807";8;"08:30";"1";"45";"2";"9";"8";3;47;2
"22808";"202100022808";8;"21:55";"5";"44";"2";"1";"1";3;47;-1
"22809";"202100022809";8;"02:50";"3";"41";"1";"1";"1";7;47;1
"22810";"202100022810";8;"22:35";"5";"41";"2";"4";"1";3;47;1
"22811";"202100022811";8;"20:10";"1";"33";"2";"1";"1";3;44;0
"22812";"202100022812";8;"08:40";"1";"33";"2";"1";"1";6;44;0
"22813";"202100022813";8;"05:00";"3";"27";"1";"1";"1";6;49;1
"22814";"202100022814";8;"15:50";"1";"17";"2";"1";"1";3;46;-1
"22815";"202100022815";8;"19:35";"1";"13";"2";"2";"1";3;43;5
"22816";"202100022816";8;"10:20";"1";"13";"2";"2";"1";3;43;5
"22817";"202100022817";8;"22:10";"5";"13";"2";"1";"1";6;43;5
"22818";"202100022818";8;"21:00";"5";"06";"2";"1";"1";1;43;7
"22819";"202100022819";8;"21:00";"5";"05";"2";"1";"1";3;44;6
"22820";"202100022820";8;"08:50";"1";"75";"2";"1";"1";2;48;2
"22821";"202100022821";8;"08:35";"1";"75";"2";"1";"1";6;48;2
"22822";"202100022822";8;"06:10";"2";"75";"2";"4";"1";6;48;2
"22823";"202100022823";8;"21:00";"5";"75";"2";"2";"1";6;48;2
"22824";"202100022824";8;"19:30";"1";"75";"2";"3";"1";2;48;2
"22825";"202100022825";8;"09:10";"1";"75";"2";"1";"1";6;48;2
"22826";"202100022826";8;"01:09";"5";"94";"2";"9";"1";3;48;2
"22827";"202100022827";8;"05:30";"2";"93";"2";"9";"2";1;48;2
"22828";"202100022828";8;"22:55";"5";"93";"2";"3";"1";3;48;2
"22829";"202100022829";8;"20:55";"1";"92";"2";"1";"1";2;48;2
"22830";"202100022830";8;"17:10";"1";"92";"2";"2";"1";3;48;2
"22831";"202100022831";8;"23:15";"5";"92";"2";"1";"1";6;48;2
"22832";"202100022832";8;"13:25";"1";"92";"2";"9";"1";6;48;2
"22833";"202100022833";8;"10:25";"1";"92";"2";"1";"1";6;48;2
"22834";"202100022834";8;"05:45";"2";"39";"2";"1";"1";7;46;6
"22835";"202100022835";8;"13:00";"1";"24";"2";"1";"1";5;45;0
"22836";"202100022836";8;"21:30";"2";"35";"1";"1";"1";3;48;-1
"22837";"202100022837";8;"22:40";"3";"62";"1";"1";"1";1;50;2
"22838";"202100022838";8;"17:30";"1";"44";"2";"1";"1";3;47;-1
"22839";"202100022839";8;"18:25";"1";"77";"1";"1";"1";6;48;3
"22840";"202100022840";8;"19:30";"1";"24";"1";"1";"1";7;45;1
"22841";"202100022841";8;"19:00";"1";"69";"2";"4";"1";3;45;4
"22842";"202100022842";8;"15:50";"1";"11";"1";"1";"1";6;42;2
"22843";"202100022843";8;"14:00";"1";"71";"1";"1";"1";6;46;4
"22844";"202100022844";8;"22:00";"5";"71";"2";"4";"1";6;46;4
"22845";"202100022845";8;"20:00";"2";"71";"1";"1";"1";6;46;4
"22846";"202100022846";8;"23:00";"3";"61";"1";"1";"1";6;48;0
"22847";"202100022847";8;"05:55";"3";"39";"1";"1";"1";6;46;5
"22848";"202100022848";8;"12:05";"1";"35";"1";"1";"1";6;48;-2
"22849";"202100022849";8;"16:45";"1";"66";"1";"1";"1";1;42;2
"22850";"202100022850";8;"19:30";"1";"64";"1";"4";"1";3;43;0
"22851";"202100022851";8;"12:30";"1";"64";"2";"1";"1";2;43;-1
"22852";"202100022852";8;"14:45";"1";"18";"2";"3";"1";2;47;2
"22853";"202100022853";6;"20:30";"2";"07";"1";"1";"1";7;44;4
"22854";"202100022854";8;"21:45";"3";"87";"1";"1";"1";3;45;0
"22855";"202100022855";8;"15:50";"1";"30";"1";"1";"1";6;43;4
"22856";"202100022856";8;"14:00";"1";"30";"2";"3";"1";3;43;4
"22857";"202100022857";8;"11:00";"1";"48";"1";"1";"1";6;44;3
"22858";"202100022858";8;"09:55";"1";"88";"1";"1";"1";1;48;6
"22859";"202100022859";8;"13:45";"1";"13";"1";"3";"1";3;43;5
"22860";"202100022860";8;"15:20";"1";"72";"1";"1";"1";3;48;0
"22861";"202100022861";8;"07:32";"1";"25";"2";"1";"1";6;46;6
"22862";"202100022862";8;"02:30";"3";"77";"1";"1";"1";3;48;2
"22863";"202100022863";8;"00:40";"5";"11";"2";"1";"1";6;42;3
"22864";"202100022864";8;"11:41";"1";"971";"2";"1";"1";6;16;-61
"22865";"202100022865";8;"01:55";"5";"978";"2";"1";"1";6;18;-63
"22866";"202100022866";8;"17:25";"1";"45";"2";"3";"1";3;47;2
"22867";"202100022867";8;"17:00";"1";"77";"1";"3";"1";3;48;2
"22868";"202100022868";8;"15:55";"1";"34";"1";"1";"1";1;43;3
"22869";"202100022869";8;"16:00";"1";"04";"1";"1";"1";6;43;6
"22870";"202100022870";8;"22:10";"3";"26";"1";"1";"1";3;45;4
"22871";"202100022871";8;"21:50";"5";"71";"2";"2";"1";3;46;3
"22872";"202100022872";8;"19:00";"1";"88";"1";"1";"1";7;48;5
"22873";"202100022873";8;"09:30";"1";"73";"1";"1";"1";6;45;6
"22874";"202100022874";8;"06:25";"3";"33";"1";"1";"1";1;45;0
"22875";"202100022875";8;"09:15";"1";"44";"1";"1";"1";7;47;-1
"22876";"202100022876";8;"17:45";"1";"61";"1";"1";"1";1;48;0
"22877";"202100022877";8;"09:15";"1";"29";"1";"1";"1";6;48;-4
"22878";"202100022878";8;"05:40";"3";"60";"1";"1";"1";7;49;2
"22879";"202100022879";8;"14:45";"1";"60";"1";"1";"1";3;49;2
"22880";"202100022880";8;"00:00";"5";"59";"2";"1";"1";7;50;2
"22881";"202100022881";8;"13:05";"1";"13";"1";"1";"1";6;43;5
"22882";"202100022882";8;"13:50";"1";"13";"1";"1";"1";2;43;5
"22883";"202100022883";8;"00:30";"3";"13";"1";"1";"1";3;43;5
"22884";"202100022884";8;"01:20";"3";"54";"1";"1";"1";6;48;6
"22885";"202100022885";8;"11:15";"1";"59";"1";"1";"1";7;50;3
"22886";"202100022886";8;"09:10";"1";"78";"1";"1";"1";2;48;2
"22887";"202100022887";8;"20:20";"3";"93";"1";"1";"1";3;48;2
"22888";"202100022888";8;"13:40";"1";"92";"1";"1";"1";3;48;2
"22889";"202100022889";8;"08:45";"1";"93";"1";"1";"1";3;48;2
"22890";"202100022890";8;"01:00";"3";"95";"1";"1";"1";2;49;2
"22891";"202100022891";4;"22:25";"5";"26";"2";"6";"1";3;44;4
"22892";"202100022892";4;"15:15";"1";"26";"2";"1";"1";3;44;4
"22893";"202100022893";4;"15:27";"1";"88";"2";"1";"1";6;48;6
"22894";"202100022894";8;"06:30";"2";"72";"2";"1";"1";6;47;0
"22895";"202100022895";7;"16:50";"1";"52";"2";"1";"1";6;48;5
"22896";"202100022896";4;"13:10";"1";"09";"1";"1";"1";6;42;1
"22897";"202100022897";8;"21:05";"4";"974";"2";"1";"1";6;-20;55
"22898";"202100022898";8;"15:25";"1";"69";"2";"2";"1";3;45;4
"22899";"202100022899";8;"01:50";"5";"972";"2";"1";"2";6;14;-61
"22900";"202100022900";8;"14:50";"1";"95";"2";"1";"1";6;48;2
"22901";"202100022901";8;"21:50";"5";"95";"2";"1";"1";2;49;2
"22902";"202100022902";8;"09:50";"1";"91";"2";"6";"1";3;48;2
"22903";"202100022903";8;"19:30";"1";"91";"2";"1";"1";3;48;2
"22904";"202100022904";8;"07:50";"1";"83";"1";"1";"1";6;43;6
"22905";"202100022905";8;"07:20";"1";"76";"2";"6";"1";7;49;1
"22906";"202100022906";8;"16:00";"1";"76";"2";"1";"2";3;49;1
"22907";"202100022907";8;"16:05";"1";"68";"2";"3";"2";3;47;7
"22908";"202100022908";8;"10:15";"1";"62";"2";"1";"1";2;50;1
"22909";"202100022909";8;"01:05";"5";"45";"2";"1";"1";4;47;1
"22910";"202100022910";8;"19:27";"1";"34";"2";"1";"1";1;43;3
"22911";"202100022911";8;"16:30";"1";"33";"2";"1";"1";3;44;0
"22912";"202100022912";8;"14:45";"1";"33";"2";"2";"1";3;44;0
"22913";"202100022913";8;"14:00";"1";"33";"2";"7";"1";6;44;0
"22914";"202100022914";8;"05:26";"5";"33";"2";"2";"1";6;44;0
"22915";"202100022915";8;"15:40";"1";"33";"1";"1";"1";3;44;-1
"22916";"202100022916";8;"23:35";"5";"31";"2";"1";"1";6;43;1
"22917";"202100022917";8;"03:55";"5";"17";"2";"1";"1";6;46;-1
"22918";"202100022918";8;"17:00";"1";"13";"2";"3";"1";3;43;5
"22919";"202100022919";8;"19:15";"2";"13";"2";"1";"1";1;43;5
"22920";"202100022920";8;"11:00";"1";"06";"2";"1";"1";6;43;7
"22921";"202100022921";8;"06:15";"5";"06";"2";"1";"1";6;43;7
"22922";"202100022922";8;"19:45";"1";"75";"2";"1";"1";4;48;2
"22923";"202100022923";8;"12:30";"1";"75";"2";"7";"1";3;48;2
"22924";"202100022924";8;"14:00";"1";"75";"2";"3";"1";6;48;2
"22925";"202100022925";8;"12:55";"1";"75";"2";"1";"1";6;48;2
"22926";"202100022926";8;"23:30";"5";"75";"2";"2";"1";3;48;2
"22927";"202100022927";8;"18:52";"1";"75";"2";"2";"1";3;48;2
"22928";"202100022928";8;"18:50";"1";"75";"2";"3";"1";3;48;2
"22929";"202100022929";8;"22:45";"5";"93";"2";"1";"1";3;48;2
"22930";"202100022930";8;"14:50";"1";"93";"2";"1";"1";3;48;2
"22931";"202100022931";8;"16:50";"1";"92";"2";"9";"1";6;48;2
"22932";"202100022932";8;"14:25";"1";"92";"2";"1";"1";2;48;2
"22933";"202100022933";8;"22:05";"5";"92";"2";"4";"1";3;48;2
"22934";"202100022934";8;"16:15";"1";"37";"2";"1";"1";6;47;0
"22935";"202100022935";8;"21:30";"3";"2A";"1";"1";"1";3;41;8
"22936";"202100022936";8;"14:55";"1";"86";"1";"1";"1";2;46;0
"22937";"202100022937";8;"14:30";"1";"01";"1";"1";"1";1;45;5
"22938";"202100022938";8;"09:15";"1";"26";"1";"2";"1";1;45;5