"";"Num_Acc";"mois";"hrmn";"lum";"dep";"agg";"int";"atm";"col";"lat";"long"
"22939";"202100022939";8;"17:30";"1";"22";"2";"1";"1";1;48;-2
"22940";"202100022940";8;"13:45";"1";"06";"2";"1";"1";3;43;7
"22941";"202100022941";8;"01:50";"5";"83";"2";"1";"1";1;43;6
"22942";"202100022942";8;"14:30";"1";"14";"2";"1";"1";7;49;0
"22943";"202100022943";8;"23:05";"3";"14";"1";"1";"1";7;49;0
"22944";"202100022944";8;"18:15";"1";"42";"1";"1";"1";7;46;3
"22945";"202100022945";8;"16:00";"1";"17";"2";"1";"1";6;46;-1
"22946";"202100022946";6;"03:00";"3";"74";"1";"1";"1";7;46;6
"22947";"202100022947";8;"14:45";"1";"59";"1";"1";"1";7;50;3
"22948";"202100022948";8;"11:25";"1";"19";"1";"1";"1";6;45;1
"22949";"202100022949";8;"07:30";"1";"59";"1";"2";"2";3;50;2
"22950";"202100022950";8;"16:49";"1";"74";"2";"4";"1";1;45;5
"22951";"202100022951";8;"18:00";"1";"2B";"1";"1";"1";3;42;9
"22952";"202100022952";8;"04:30";"3";"49";"1";"1";"1";7;47;0
"22953";"202100022953";8;"20:00";"2";"34";"1";"1";"1";6;43;3
"22954";"202100022954";8;"14:00";"1";"29";"2";"6";"1";3;48;-3
"22955";"202100022955";8;"15:20";"1";"29";"1";"2";"1";2;48;-3
"22956";"202100022956";8;"19:00";"1";"29";"1";"1";"1";1;48;-4
"22957";"202100022957";8;"11:36";"1";"03";"1";"1";"1";6;46;3
"22958";"202100022958";8;"23:25";"3";"03";"1";"1";"1";7;46;2
"22959";"202100022959";8;"17:00";"1";"06";"1";"1";"1";6;43;7
"22960";"202100022960";8;"11:30";"1";"14";"2";"1";"1";3;49;0
"22961";"202100022961";8;"22:20";"3";"14";"1";"1";"2";6;49;0
"22962";"202100022962";8;"16:00";"1";"50";"1";"1";"1";2;48;-1
"22963";"202100022963";8;"20:30";"2";"50";"1";"1";"8";2;48;-1
"22964";"202100022964";8;"18:00";"1";"64";"1";"1";"1";7;43;0
"22965";"202100022965";8;"14:00";"1";"16";"1";"3";"1";3;45;0
"22966";"202100022966";8;"12:25";"1";"40";"1";"1";"1";6;43;0
"22967";"202100022967";8;"11:25";"1";"04";"1";"1";"1";3;44;6
"22968";"202100022968";8;"20:00";"1";"27";"1";"1";"1";7;49;0
"22969";"202100022969";8;"22:45";"5";"27";"2";"1";"1";6;48;1
"22970";"202100022970";8;"15:20";"1";"27";"1";"2";"1";3;48;1
"22971";"202100022971";8;"12:30";"1";"30";"1";"1";"1";1;43;4
"22972";"202100022972";8;"06:25";"2";"30";"1";"1";"1";1;43;4
"22973";"202100022973";8;"08:20";"1";"88";"1";"1";"8";7;48;7
"22974";"202100022974";6;"12:05";"1";"38";"2";"1";"1";6;45;5
"22975";"202100022975";8;"10:55";"1";"68";"1";"1";"1";3;47;7
"22976";"202100022976";8;"08:30";"1";"11";"1";"1";"1";2;43;1
"22977";"202100022977";8;"06:50";"1";"06";"1";"1";"1";6;43;7
"22978";"202100022978";8;"18:00";"2";"971";"1";"1";"1";3;16;-61
"22979";"202100022979";8;"23:30";"3";"91";"1";"1";"1";5;48;2
"22980";"202100022980";8;"10:25";"1";"83";"1";"9";"1";3;43;5
"22981";"202100022981";8;"07:50";"1";"04";"1";"1";"1";6;43;5
"22982";"202100022982";8;"13:52";"1";"38";"1";"2";"1";3;45;5
"22983";"202100022983";8;"10:30";"1";"69";"1";"1";"1";1;45;4
"22984";"202100022984";8;"08:10";"1";"31";"1";"8";"1";3;43;1
"22985";"202100022985";8;"13:40";"1";"19";"1";"1";"1";6;45;1
"22986";"202100022986";8;"18:50";"1";"44";"2";"1";"1";6;47;-1
"22987";"202100022987";8;"18:30";"1";"14";"1";"1";"1";6;49;0
"22988";"202100022988";8;"03:15";"5";"14";"2";"1";"1";2;49;0
"22989";"202100022989";5;"15:55";"1";"35";"2";"6";"1";3;48;-1
"22990";"202100022990";8;"10:56";"1";"62";"1";"1";"1";6;50;2
"22991";"202100022991";8;"15:00";"1";"59";"2";"1";"1";6;50;3
"22992";"202100022992";8;"22:00";"5";"59";"2";"1";"1";3;50;3
"22993";"202100022993";8;"17:15";"1";"69";"1";"1";"1";2;45;4
"22994";"202100022994";8;"15:50";"1";"78";"1";"1";"1";7;48;1
"22995";"202100022995";8;"20:30";"1";"93";"1";"1";"1";3;48;2
"22996";"202100022996";8;"16:15";"1";"93";"1";"1";"1";3;48;2
"22997";"202100022997";8;"07:50";"1";"93";"1";"1";"1";6;48;2
"22998";"202100022998";8;"00:00";"4";"77";"1";"1";"1";6;48;2
"22999";"202100022999";5;"11:25";"1";"82";"2";"3";"1";3;44;1
"23000";"202100023000";5;"07:40";"1";"82";"2";"1";"1";6;44;1
"23001";"202100023001";5;"13:10";"1";"82";"2";"6";"1";3;44;1
"23002";"202100023002";4;"19:25";"1";"54";"1";"3";"1";2;49;5
"23003";"202100023003";4;"23:13";"3";"54";"1";"2";"1";3;49;5
"23004";"202100023004";5;"13:00";"1";"36";"2";"1";"1";3;46;1
"23005";"202100023005";3;"14:18";"1";"36";"1";"1";"1";1;46;1
"23006";"202100023006";8;"16:05";"1";"988";"2";"1";"1";2;-22;166
"23007";"202100023007";8;"13:55";"1";"976";"2";"1";"1";2;-12;45
"23008";"202100023008";8;"13:20";"1";"69";"2";"3";"1";3;45;4
"23009";"202100023009";8;"08:35";"1";"69";"2";"1";"1";6;45;4
"23010";"202100023010";7;"13:46";"1";"69";"2";"2";"1";3;45;4
"23011";"202100023011";8;"07:50";"1";"972";"1";"1";"1";7;14;-60
"23012";"202100023012";7;"21:20";"3";"972";"1";"1";"1";2;14;-61
"23013";"202100023013";8;"15:40";"1";"972";"2";"1";"1";2;14;-61
"23014";"202100023014";6;"16:00";"1";"69";"2";"1";"1";6;45;4
"23015";"202100023015";7;"19:30";"2";"69";"2";"9";"1";6;45;4
"23016";"202100023016";8;"17:45";"1";"971";"1";"1";"1";6;16;-61
"23017";"202100023017";8;"15:48";"1";"971";"1";"1";"1";7;16;-61
"23018";"202100023018";7;"11:34";"1";"2A";"1";"1";"1";1;41;8
"23019";"202100023019";7;"12:33";"1";"95";"2";"1";"3";3;48;2
"23020";"202100023020";7;"09:50";"1";"95";"2";"1";"8";1;48;2
"23021";"202100023021";8;"11:00";"1";"95";"2";"1";"1";6;49;2
"23022";"202100023022";7;"13:25";"1";"91";"2";"1";"2";3;48;2
"23023";"202100023023";7;"18:30";"1";"91";"2";"2";"2";3;48;2
"23024";"202100023024";8;"02:50";"5";"91";"1";"1";"1";3;48;2
"23025";"202100023025";7;"14:38";"1";"87";"2";"1";"1";6;45;1
"23026";"202100023026";7;"20:10";"1";"87";"2";"2";"1";6;45;1
"23027";"202100023027";7;"17:01";"1";"87";"2";"1";"1";4;45;1
"23028";"202100023028";7;"00:25";"5";"87";"2";"3";"1";3;45;1
"23029";"202100023029";7;"21:05";"1";"87";"2";"2";"1";3;45;1
"23030";"202100023030";7;"17:15";"1";"84";"2";"1";"1";3;43;4
"23031";"202100023031";8;"08:30";"1";"83";"2";"1";"1";1;43;5
"23032";"202100023032";7;"13:27";"1";"83";"2";"1";"1";2;43;6
"23033";"202100023033";7;"11:35";"1";"83";"2";"1";"1";1;43;6
"23034";"202100023034";7;"14:15";"1";"80";"1";"6";"1";3;49;2
"23035";"202100023035";7;"01:48";"5";"80";"2";"1";"1";6;49;2
"23036";"202100023036";8;"17:30";"1";"78";"2";"1";"1";6;48;2
"23037";"202100023037";6;"10:49";"1";"78";"2";"9";"1";3;48;1
"23038";"202100023038";7;"05:00";"5";"77";"2";"1";"1";7;48;2
"23039";"202100023039";7;"20:15";"1";"76";"2";"4";"2";3;49;1
"23040";"202100023040";7;"05:55";"2";"76";"1";"2";"1";3;49;0
"23041";"202100023041";7;"22:30";"3";"76";"1";"1";"2";6;49;0
"23042";"202100023042";7;"17:55";"1";"74";"2";"1";"1";6;46;6
"23043";"202100023043";8;"08:25";"1";"71";"2";"1";"1";4;46;4
"23044";"202100023044";7;"21:50";"5";"69";"2";"3";"1";7;45;4
"23045";"202100023045";7;"19:40";"1";"67";"2";"1";"1";3;48;7
"23046";"202100023046";7;"21:15";"1";"66";"2";"1";"1";3;42;2
"23047";"202100023047";7;"17:10";"1";"65";"1";"1";"1";2;43;0
"23048";"202100023048";8;"20:00";"1";"64";"2";"1";"1";3;43;-1
"23049";"202100023049";8;"15:00";"1";"64";"2";"1";"1";2;43;-1
"23050";"202100023050";8;"19:59";"1";"63";"2";"1";"1";2;45;3
"23051";"202100023051";7;"15:40";"1";"60";"2";"3";"3";3;49;2
"23052";"202100023052";7;"05:25";"2";"59";"2";"6";"1";3;50;3
"23053";"202100023053";7;"23:25";"5";"59";"2";"3";"8";3;50;3
"23054";"202100023054";7;"19:00";"1";"58";"2";"3";"1";3;46;3
"23055";"202100023055";7;"00:35";"5";"58";"2";"3";"1";3;46;3
"23056";"202100023056";8;"22:04";"2";"56";"1";"1";"1";7;47;-3
"23057";"202100023057";7;"20:27";"1";"56";"2";"1";"1";6;47;-3
"23058";"202100023058";7;"17:50";"1";"56";"1";"1";"1";3;47;-3
"23059";"202100023059";7;"16:00";"1";"51";"2";"1";"3";4;49;4
"23060";"202100023060";7;"23:55";"5";"49";"2";"1";"1";3;47;0
"23061";"202100023061";7;"08:55";"1";"45";"2";"3";"1";6;47;1
"23062";"202100023062";8;"14:20";"1";"43";"2";"1";"1";6;45;3
"23063";"202100023063";7;"21:53";"5";"42";"2";"2";"8";5;45;4
"23064";"202100023064";8;"06:34";"1";"37";"2";"1";"1";6;47;0
"23065";"202100023065";7;"13:00";"1";"37";"2";"1";"1";3;47;0
"23066";"202100023066";7;"20:45";"1";"36";"1";"2";"1";3;46;1
"23067";"202100023067";8;"21:09";"2";"33";"2";"3";"1";3;44;0
"23068";"202100023068";7;"03:45";"5";"33";"2";"1";"1";6;44;0
"23069";"202100023069";8;"10:00";"1";"33";"1";"1";"2";6;44;-1
"23070";"202100023070";7;"22:55";"5";"31";"2";"1";"1";6;43;1
"23071";"202100023071";7;"14:55";"1";"30";"2";"3";"1";3;43;4
"23072";"202100023072";7;"15:20";"1";"28";"2";"1";"1";3;48;1
"23073";"202100023073";8;"03:40";"3";"27";"2";"6";"1";6;49;1
"23074";"202100023074";7;"15:35";"1";"26";"2";"9";"1";6;44;4
"23075";"202100023075";7;"02:30";"3";"22";"2";"1";"1";7;48;-2
"23076";"202100023076";7;"19:30";"1";"21";"2";"1";"1";3;47;5
"23077";"202100023077";8;"19:35";"1";"17";"1";"1";"1";4;46;-1
"23078";"202100023078";8;"19:00";"1";"17";"2";"1";"1";5;46;-1
"23079";"202100023079";8;"17:30";"1";"13";"2";"9";"1";3;43;5
"23080";"202100023080";8;"07:55";"1";"13";"1";"1";"1";2;43;5
"23081";"202100023081";7;"23:45";"5";"13";"2";"1";"1";3;43;5
"23082";"202100023082";8;"19:00";"1";"13";"2";"2";"1";3;43;5
"23083";"202100023083";7;"02:50";"5";"13";"2";"2";"1";1;43;5
"23084";"202100023084";7;"14:00";"1";"13";"2";"1";"1";3;43;5
"23085";"202100023085";7;"11:40";"1";"13";"2";"2";"1";3;43;5
"23086";"202100023086";7;"08:30";"1";"13";"2";"1";"1";4;43;5
"23087";"202100023087";8;"17:25";"1";"11";"2";"1";"1";3;43;2
"23088";"202100023088";7;"15:20";"1";"06";"1";"1";"1";6;43;7
"23089";"202100023089";8;"17:10";"1";"06";"2";"1";"1";2;43;7
"23090";"202100023090";7;"12:45";"1";"05";"2";"1";"1";7;44;6
"23091";"202100023091";8;"17:30";"1";"974";"2";"1";"1";3;-21;55
"23092";"202100023092";8;"23:15";"2";"69";"2";"9";"1";7;45;4
"23093";"202100023093";8;"20:05";"1";"69";"2";"1";"1";3;45;4
"23094";"202100023094";8;"18:55";"3";"972";"1";"1";"1";6;14;-61
"23095";"202100023095";8;"20:30";"5";"972";"1";"1";"1";2;14;-61
"23096";"202100023096";8;"14:35";"1";"971";"1";"1";"2";7;16;-61
"23097";"202100023097";8;"15:34";"1";"95";"2";"6";"8";3;48;2
"23098";"202100023098";8;"02:50";"4";"91";"2";"1";"1";7;48;2
"23099";"202100023099";8;"23:40";"5";"83";"1";"1";"1";2;43;6
"23100";"202100023100";8;"18:10";"1";"83";"1";"1";"1";2;43;6
"23101";"202100023101";8;"10:37";"1";"77";"1";"3";"1";3;48;2
"23102";"202100023102";8;"02:25";"3";"77";"1";"1";"1";1;48;3
"23103";"202100023103";8;"19:29";"1";"76";"2";"1";"1";6;49;0
"23104";"202100023104";8;"11:20";"1";"76";"2";"1";"1";2;49;1
"23105";"202100023105";8;"23:25";"5";"74";"2";"1";"2";6;46;6
"23106";"202100023106";8;"09:30";"1";"73";"2";"1";"1";7;45;5
"23107";"202100023107";8;"15:00";"1";"72";"2";"6";"1";2;47;0
"23108";"202100023108";8;"13:55";"1";"71";"2";"2";"1";3;46;4
"23109";"202100023109";8;"11:00";"1";"64";"2";"1";"1";5;43;-1
"23110";"202100023110";8;"21:20";"5";"59";"2";"2";"2";3;50;3
"23111";"202100023111";8;"17:15";"1";"59";"2";"3";"1";3;50;2
"23112";"202100023112";8;"16:12";"1";"53";"2";"1";"1";2;48;0
"23113";"202100023113";8;"15:40";"1";"51";"2";"1";"1";3;49;4
"23114";"202100023114";8;"10:36";"1";"49";"2";"2";"1";2;47;0
"23115";"202100023115";8;"17:45";"1";"38";"2";"1";"1";6;45;5
"23116";"202100023116";8;"21:05";"5";"34";"2";"1";"1";6;43;3
"23117";"202100023117";8;"02:25";"5";"33";"2";"2";"1";3;44;0
"23118";"202100023118";8;"07:15";"2";"33";"2";"1";"1";6;44;0
"23119";"202100023119";8;"14:15";"1";"33";"1";"1";"1";6;44;-1
"23120";"202100023120";8;"10:10";"1";"33";"2";"3";"1";6;44;-1
"23121";"202100023121";8;"19:15";"1";"31";"2";"1";"1";3;43;1
"23122";"202100023122";8;"13:10";"1";"27";"2";"1";"1";3;49;1
"23123";"202100023123";8;"10:25";"1";"22";"2";"6";"1";7;48;-2
"23124";"202100023124";8;"18:30";"1";"14";"2";"1";"2";2;49;0
"23125";"202100023125";8;"12:00";"1";"14";"1";"1";"2";2;49;0
"23126";"202100023126";8;"21:25";"5";"13";"2";"2";"1";3;43;5
"23127";"202100023127";8;"22:00";"5";"13";"2";"3";"1";3;43;5
"23128";"202100023128";8;"16:20";"1";"06";"2";"1";"1";2;43;7
"23129";"202100023129";8;"18:40";"1";"75";"2";"5";"1";3;48;2
"23130";"202100023130";8;"01:20";"5";"75";"2";"1";"1";6;48;2
"23131";"202100023131";8;"14:30";"1";"75";"2";"3";"1";3;48;2
"23132";"202100023132";8;"06:20";"5";"75";"2";"7";"1";7;48;2
"23133";"202100023133";8;"19:45";"2";"75";"2";"2";"1";6;48;2
"23134";"202100023134";8;"15:20";"1";"75";"2";"3";"1";3;48;2
"23135";"202100023135";8;"07:20";"1";"75";"2";"5";"1";3;48;2
"23136";"202100023136";8;"03:00";"5";"75";"2";"1";"1";7;48;2
"23137";"202100023137";8;"15:28";"1";"75";"2";"2";"1";3;48;2
"23138";"202100023138";8;"14:34";"1";"75";"2";"1";"1";3;48;2
"23139";"202100023139";8;"16:00";"1";"94";"2";"6";"1";3;48;2
"23140";"202100023140";8;"11:42";"1";"94";"1";"1";"1";2;48;2
"23141";"202100023141";8;"21:30";"5";"94";"2";"2";"1";3;48;2
"23142";"202100023142";8;"14:59";"1";"93";"2";"2";"8";3;48;2
"23143";"202100023143";8;"23:15";"5";"93";"2";"2";"1";3;48;2
"23144";"202100023144";8;"15:20";"1";"93";"2";"3";"1";3;48;2
"23145";"202100023145";8;"19:45";"1";"93";"2";"1";"1";3;48;2
"23146";"202100023146";8;"04:15";"4";"93";"2";"1";"8";1;48;2
"23147";"202100023147";8;"18:10";"1";"93";"2";"1";"1";3;48;2
"23148";"202100023148";8;"10:00";"1";"92";"2";"1";"1";6;48;2
"23149";"202100023149";8;"23:35";"5";"92";"2";"2";"1";2;48;2
"23150";"202100023150";8;"13:10";"1";"92";"2";"3";"1";6;48;2
"23151";"202100023151";8;"18:43";"1";"92";"2";"7";"1";3;48;2
"23152";"202100023152";8;"02:15";"5";"92";"2";"1";"1";6;48;2
"23153";"202100023153";8;"19:20";"1";"17";"1";"2";"8";3;45;0
"23154";"202100023154";8;"15:28";"1";"31";"1";"1";"1";1;43;1
"23155";"202100023155";8;"22:30";"5";"972";"2";"1";"1";1;14;-60
"23156";"202100023156";8;"21:40";"3";"83";"1";"1";"1";6;43;6
"23157";"202100023157";8;"13:45";"1";"41";"1";"1";"1";2;47;1
"23158";"202100023158";8;"10:22";"1";"65";"1";"9";"1";3;43;0
"23159";"202100023159";8;"08:30";"1";"56";"2";"1";"8";7;48;-2
"23160";"202100023160";8;"09:30";"1";"56";"1";"1";"1";5;47;-2
"23161";"202100023161";8;"02:15";"5";"79";"2";"1";"1";7;46;0
"23162";"202100023162";8;"16:45";"1";"79";"1";"4";"1";3;46;0
"23163";"202100023163";8;"17:45";"1";"79";"2";"1";"1";7;46;0
"23164";"202100023164";8;"12:45";"1";"33";"1";"1";"1";3;44;-1
"23165";"202100023165";8;"12:15";"1";"32";"1";"2";"7";1;43;0
"23166";"202100023166";8;"20:15";"1";"71";"2";"3";"1";1;46;5
"23167";"202100023167";8;"17:30";"1";"71";"2";"3";"1";6;46;4
"23168";"202100023168";8;"08:00";"1";"63";"1";"1";"1";6;45;3
"23169";"202100023169";8;"21:00";"2";"61";"1";"1";"1";7;48;0
"23170";"202100023170";8;"18:20";"1";"42";"1";"1";"1";3;45;4
"23171";"202100023171";8;"18:26";"1";"34";"2";"3";"1";3;43;3
"23172";"202100023172";8;"14:30";"1";"22";"2";"3";"1";7;48;-3
"23173";"202100023173";8;"22:55";"3";"29";"1";"2";"1";3;48;-4
"23174";"202100023174";8;"16:30";"1";"29";"1";"1";"1";2;47;-4
"23175";"202100023175";8;"18:30";"1";"31";"1";"1";"1";5;43;1
"23176";"202100023176";8;"15:35";"1";"70";"2";"3";"1";3;47;6
"23177";"202100023177";8;"13:31";"1";"26";"1";"1";"1";6;44;5
"23178";"202100023178";8;"12:30";"1";"26";"1";"2";"1";3;44;5
"23179";"202100023179";8;"09:10";"1";"72";"1";"1";"1";6;48;0
"23180";"202100023180";8;"13:00";"1";"72";"1";"2";"1";3;47;0
"23181";"202100023181";8;"23:30";"5";"06";"2";"1";"1";1;43;6
"23182";"202100023182";8;"00:45";"3";"83";"1";"1";"1";7;43;6
"23183";"202100023183";8;"05:33";"3";"60";"2";"1";"1";3;49;1
"23184";"202100023184";8;"14:45";"1";"64";"1";"3";"1";3;42;0
"23185";"202100023185";8;"04:50";"3";"18";"1";"1";"1";6;46;2
"23186";"202100023186";8;"16:00";"1";"18";"2";"5";"1";3;47;3
"23187";"202100023187";8;"20:15";"2";"24";"2";"1";"1";6;45;1
"23188";"202100023188";8;"15:15";"1";"87";"1";"1";"7";1;45;0
"23189";"202100023189";8;"19:10";"1";"30";"1";"9";"1";2;43;4
"23190";"202100023190";8;"07:00";"3";"24";"1";"1";"1";6;44;0
"23191";"202100023191";8;"19:10";"3";"973";"1";"1";"1";1;4;-52
"23192";"202100023192";8;"07:00";"2";"64";"1";"1";"1";6;43;0
"23193";"202100023193";8;"12:40";"1";"38";"1";"1";"1";6;45;6
"23194";"202100023194";8;"13:50";"1";"34";"1";"1";"1";6;43;3
"23195";"202100023195";8;"12:50";"1";"68";"2";"3";"1";3;47;7
"23196";"202100023196";8;"07:10";"1";"91";"1";"1";"1";6;48;2
"23197";"202100023197";8;"14:00";"1";"987";"2";"1";"1";1;-17;-149
"23198";"202100023198";8;"15:15";"1";"974";"2";"1";"1";1;-20;55
"23199";"202100023199";8;"13:00";"1";"974";"2";"3";"1";3;-20;55
"23200";"202100023200";8;"18:55";"3";"971";"1";"1";"1";6;16;-61
"23201";"202100023201";8;"13:32";"1";"77";"1";"3";"1";1;48;2
"23202";"202100023202";8;"19:50";"1";"2B";"1";"1";"1";6;42;9
"23203";"202100023203";8;"17:15";"1";"66";"1";"9";"1";1;42;2
"23204";"202100023204";8;"20:00";"5";"34";"2";"1";"1";6;43;3
"23205";"202100023205";8;"12:45";"1";"83";"2";"3";"1";3;43;6
"23206";"202100023206";8;"19:20";"1";"06";"2";"1";"1";6;43;7
"23207";"202100023207";8;"15:45";"1";"25";"1";"1";"1";7;47;6
"23208";"202100023208";8;"12:45";"1";"68";"2";"1";"1";2;47;7
"23209";"202100023209";8;"15:15";"1";"67";"2";"1";"8";3;48;7
"23210";"202100023210";8;"18:25";"1";"88";"1";"1";"1";1;48;5
"23211";"202100023211";8;"19:15";"1";"54";"1";"2";"8";3;48;6
"23212";"202100023212";8;"14:00";"1";"03";"1";"1";"1";1;46;3
"23213";"202100023213";8;"07:45";"1";"74";"1";"4";"8";6;46;6
"23214";"202100023214";8;"20:00";"1";"74";"1";"1";"1";1;46;6
"23215";"202100023215";8;"22:31";"5";"38";"2";"1";"1";7;45;5
"23216";"202100023216";8;"15:40";"1";"38";"1";"3";"1";6;45;5
"23217";"202100023217";8;"23:45";"3";"26";"1";"1";"1";5;44;4
"23218";"202100023218";8;"16:10";"1";"01";"1";"1";"1";3;45;5
"23219";"202100023219";8;"16:45";"1";"65";"1";"1";"1";1;42;0
"23220";"202100023220";8;"18:00";"1";"65";"1";"1";"1";1;42;0
"23221";"202100023221";8;"09:45";"1";"17";"2";"1";"1";1;45;-1
"23222";"202100023222";8;"19:30";"1";"64";"2";"1";"1";3;43;0
"23223";"202100023223";8;"11:50";"1";"33";"1";"1";"1";5;44;0
"23224";"202100023224";8;"17:50";"1";"85";"2";"1";"8";7;46;-1
"23225";"202100023225";8;"15:50";"1";"85";"1";"1";"1";1;46;-1
"23226";"202100023226";8;"17:50";"1";"27";"1";"1";"1";7;49;1
"23227";"202100023227";8;"11:45";"1";"80";"1";"3";"1";3;49;2
"23228";"202100023228";8;"00:30";"3";"59";"1";"1";"1";2;50;3
"23229";"202100023229";8;"03:20";"3";"13";"1";"1";"1";7;43;5
"23230";"202100023230";8;"14:17";"1";"13";"1";"1";"1";2;43;5
"23231";"202100023231";8;"18:17";"1";"13";"1";"1";"1";4;43;5
"23232";"202100023232";8;"07:40";"1";"13";"1";"1";"1";7;43;5
"23233";"202100023233";8;"11:30";"1";"33";"1";"1";"1";7;44;0
"23234";"202100023234";8;"02:50";"5";"33";"1";"1";"1";2;44;0
"23235";"202100023235";8;"06:15";"3";"91";"1";"1";"1";3;48;2
"23236";"202100023236";8;"04:30";"3";"91";"1";"1";"1";6;48;2
"23237";"202100023237";8;"04:50";"3";"91";"1";"1";"1";6;48;2
"23238";"202100023238";8;"21:40";"3";"93";"1";"1";"1";5;48;2
"23239";"202100023239";8;"11:10";"1";"62";"2";"1";"1";6;50;2
"23240";"202100023240";8;"16:20";"1";"50";"2";"1";"1";6;48;-1
"23241";"202100023241";8;"15:25";"1";"14";"2";"1";"1";6;49;0
"23242";"202100023242";4;"14:00";"1";"69";"2";"3";"1";3;45;4
"23243";"202100023243";8;"09:40";"1";"988";"2";"2";"1";3;-22;166
"23244";"202100023244";8;"21:25";"5";"976";"2";"1";"1";3;-12;45
"23245";"202100023245";8;"23:15";"5";"974";"2";"6";"1";3;-20;55
"23246";"202100023246";8;"19:30";"5";"973";"2";"1";"1";6;4;-52
"23247";"202100023247";8;"12:05";"1";"973";"2";"2";"1";3;4;-52
"23248";"202100023248";8;"00:30";"5";"2B";"1";"6";"1";4;42;9
"23249";"202100023249";8;"19:20";"5";"971";"2";"3";"1";1;16;-61
"23250";"202100023250";8;"19:50";"1";"91";"2";"6";"1";4;48;2
"23251";"202100023251";8;"13:27";"1";"91";"2";"2";"1";3;48;2
"23252";"202100023252";8;"16:45";"1";"91";"2";"3";"1";1;48;2
"23253";"202100023253";8;"13:26";"1";"87";"2";"3";"1";3;45;1
"23254";"202100023254";8;"12:01";"1";"87";"2";"2";"1";3;45;1
"23255";"202100023255";5;"15:40";"1";"84";"2";"1";"1";2;43;4
"23256";"202100023256";8;"20:00";"1";"84";"2";"1";"1";6;43;4
"23257";"202100023257";8;"08:25";"1";"83";"2";"1";"1";6;43;5
"23258";"202100023258";8;"11:50";"1";"80";"2";"1";"1";7;49;2
"23259";"202100023259";8;"09:00";"1";"80";"2";"1";"1";6;50;1
"23260";"202100023260";8;"19:20";"1";"76";"2";"9";"1";6;49;1
"23261";"202100023261";8;"12:30";"1";"76";"2";"1";"1";3;49;1
"23262";"202100023262";8;"20:37";"1";"72";"2";"1";"1";2;47;0
"23263";"202100023263";8;"06:05";"5";"72";"2";"6";"1";3;48;0
"23264";"202100023264";8;"16:30";"1";"67";"2";"3";"8";3;48;7
"23265";"202100023265";8;"23:35";"5";"67";"2";"1";"1";6;48;7
"23266";"202100023266";8;"22:45";"5";"67";"2";"1";"1";6;48;7
"23267";"202100023267";8;"10:41";"1";"66";"2";"5";"1";1;42;2
"23268";"202100023268";8;"12:00";"1";"66";"2";"1";"1";6;42;2
"23269";"202100023269";8;"17:50";"1";"64";"2";"1";"1";3;43;-1
"23270";"202100023270";8;"20:55";"2";"64";"2";"1";"1";7;43;0
"23271";"202100023271";8;"17:18";"1";"63";"2";"2";"1";3;45;3
"23272";"202100023272";8;"13:30";"1";"60";"2";"1";"1";3;49;2
"23273";"202100023273";8;"01:00";"5";"54";"2";"2";"1";3;48;6
"23274";"202100023274";8;"19:00";"1";"54";"2";"1";"1";2;48;6
"23275";"202100023275";8;"15:40";"1";"54";"1";"1";"1";1;48;6
"23276";"202100023276";8;"12:17";"1";"51";"1";"1";"1";2;49;4
"23277";"202100023277";8;"09:40";"1";"51";"2";"3";"1";3;49;4
"23278";"202100023278";8;"04:40";"5";"50";"2";"1";"1";7;49;-1
"23279";"202100023279";8;"14:50";"1";"45";"2";"3";"1";1;47;1
"23280";"202100023280";8;"13:45";"1";"44";"2";"1";"1";6;47;-1
"23281";"202100023281";8;"16:17";"1";"44";"2";"1";"8";2;47;-2
"23282";"202100023282";8;"19:50";"1";"35";"2";"1";"1";6;48;-1
"23283";"202100023283";8;"17:20";"1";"35";"2";"3";"1";3;48;-1
"23284";"202100023284";8;"02:00";"5";"34";"2";"1";"1";7;43;3
"23285";"202100023285";8;"21:10";"3";"34";"1";"1";"1";3;43;3
"23286";"202100023286";8;"00:25";"5";"33";"2";"1";"1";2;44;0
"23287";"202100023287";8;"00:15";"5";"33";"2";"2";"1";3;44;0
"23288";"202100023288";8;"20:00";"1";"33";"2";"1";"1";3;44;-1
"23289";"202100023289";8;"13:10";"1";"33";"2";"2";"1";3;44;-1
"23290";"202100023290";8;"09:25";"1";"33";"1";"1";"1";2;44;-1
"23291";"202100023291";8;"23:40";"5";"27";"2";"2";"1";3;49;1
"23292";"202100023292";8;"17:00";"1";"27";"2";"2";"1";1;49;1
"23293";"202100023293";7;"14:35";"1";"22";"2";"1";"1";3;48;-2
"23294";"202100023294";8;"17:34";"1";"22";"2";"1";"1";7;48;-2
"23295";"202100023295";8;"23:00";"5";"22";"2";"9";"1";7;48;-3
"23296";"202100023296";8;"03:35";"5";"21";"2";"1";"1";1;47;5
"23297";"202100023297";8;"15:45";"1";"17";"2";"1";"1";2;46;-1
"23298";"202100023298";8;"14:50";"1";"17";"2";"2";"1";3;46;-1
"23299";"202100023299";8;"23:50";"5";"14";"2";"1";"2";1;49;0
"23300";"202100023300";8;"19:00";"1";"13";"2";"1";"1";6;43;5
"23301";"202100023301";8;"17:45";"1";"13";"2";"3";"1";3;43;5
"23302";"202100023302";8;"14:30";"1";"13";"2";"1";"1";1;43;5
"23303";"202100023303";8;"18:20";"1";"13";"2";"1";"1";3;43;5