"";"Num_Acc";"mois";"hrmn";"lum";"dep";"agg";"int";"atm";"col";"lat";"long"
"23304";"202100023304";8;"18:06";"1";"10";"2";"6";"7";3;48;4
"23305";"202100023305";8;"21:30";"5";"06";"2";"2";"1";1;43;7
"23306";"202100023306";8;"23:50";"5";"06";"2";"1";"1";1;43;6
"23307";"202100023307";8;"02:50";"5";"06";"2";"1";"1";1;43;7
"23308";"202100023308";8;"18:05";"1";"05";"2";"1";"1";3;44;6
"23309";"202100023309";8;"15:25";"1";"05";"2";"9";"1";3;44;6
"23310";"202100023310";8;"21:30";"5";"75";"2";"4";"1";6;48;2
"23311";"202100023311";8;"22:20";"5";"75";"2";"5";"1";3;48;2
"23312";"202100023312";8;"18:18";"1";"75";"2";"3";"1";3;48;2
"23313";"202100023313";8;"15:55";"1";"75";"2";"2";"1";4;48;2
"23314";"202100023314";8;"16:45";"1";"75";"2";"5";"1";3;48;2
"23315";"202100023315";8;"06:40";"2";"75";"2";"3";"1";6;48;2
"23316";"202100023316";8;"14:15";"1";"75";"2";"3";"1";3;48;2
"23317";"202100023317";8;"12:20";"1";"75";"2";"2";"1";3;48;2
"23318";"202100023318";8;"09:10";"1";"75";"2";"2";"1";6;48;2
"23319";"202100023319";8;"17:25";"1";"94";"2";"3";"1";3;48;2
"23320";"202100023320";8;"01:25";"5";"94";"2";"1";"1";3;48;2
"23321";"202100023321";8;"19:05";"1";"94";"2";"1";"1";6;48;2
"23322";"202100023322";8;"16:15";"1";"94";"2";"1";"1";2;48;2
"23323";"202100023323";8;"17:35";"1";"93";"2";"2";"1";3;48;2
"23324";"202100023324";8;"09:15";"1";"93";"2";"3";"1";3;48;2
"23325";"202100023325";8;"18:20";"1";"93";"2";"1";"1";4;48;2
"23326";"202100023326";8;"14:20";"1";"92";"2";"1";"1";6;48;2
"23327";"202100023327";8;"07:30";"2";"92";"2";"1";"1";1;48;2
"23328";"202100023328";8;"15:50";"1";"92";"2";"2";"1";3;48;2
"23329";"202100023329";8;"09:10";"1";"92";"2";"3";"1";3;48;2
"23330";"202100023330";8;"11:00";"1";"57";"1";"1";"1";1;48;6
"23331";"202100023331";8;"12:30";"1";"83";"1";"1";"1";2;43;6
"23332";"202100023332";8;"22:30";"3";"27";"1";"1";"1";6;48;1
"23333";"202100023333";8;"21:35";"5";"68";"2";"1";"1";3;47;7
"23334";"202100023334";8;"16:00";"1";"62";"2";"1";"3";6;50;1
"23335";"202100023335";8;"17:45";"1";"51";"1";"1";"2";7;49;4
"23336";"202100023336";8;"18:50";"1";"74";"2";"1";"1";1;45;6
"23337";"202100023337";8;"00:00";"3";"76";"1";"1";"1";1;49;0
"23338";"202100023338";8;"11:15";"1";"2B";"1";"1";"1";1;42;9
"23339";"202100023339";8;"06:40";"1";"2B";"1";"1";"1";1;42;9
"23340";"202100023340";8;"08:20";"1";"80";"1";"2";"1";5;49;3
"23341";"202100023341";8;"23:20";"3";"89";"1";"1";"1";1;48;3
"23342";"202100023342";8;"22:40";"3";"89";"1";"1";"1";7;47;4
"23343";"202100023343";8;"23:30";"3";"42";"1";"1";"1";7;45;4
"23344";"202100023344";8;"22:00";"3";"42";"1";"1";"1";6;45;4
"23345";"202100023345";8;"01:15";"3";"34";"1";"1";"1";7;43;3
"23346";"202100023346";8;"15:20";"1";"68";"1";"1";"1";1;48;7
"23347";"202100023347";8;"21:15";"5";"39";"2";"1";"1";7;46;5
"23348";"202100023348";8;"11:50";"1";"44";"2";"6";"1";3;47;-2
"23349";"202100023349";8;"15:45";"1";"29";"2";"1";"1";5;47;-4
"23350";"202100023350";8;"03:20";"3";"01";"1";"1";"1";7;45;5
"23351";"202100023351";8;"21:30";"3";"70";"1";"1";"1";1;47;5
"23352";"202100023352";8;"06:40";"1";"26";"1";"1";"1";6;44;4
"23353";"202100023353";8;"14:55";"1";"06";"1";"1";"1";1;43;7
"23354";"202100023354";8;"15:30";"1";"05";"1";"1";"1";2;44;6
"23355";"202100023355";8;"04:00";"5";"60";"2";"1";"1";6;49;1
"23356";"202100023356";8;"19:36";"1";"64";"1";"1";"1";7;43;0
"23357";"202100023357";7;"15:09";"1";"18";"2";"3";"2";3;46;2
"23358";"202100023358";8;"22:30";"3";"43";"2";"1";"1";6;45;3
"23359";"202100023359";8;"19:45";"2";"07";"1";"1";"1";6;44;4
"23360";"202100023360";8;"12:55";"1";"07";"1";"1";"1";1;45;4
"23361";"202100023361";8;"18:45";"2";"07";"2";"1";"1";2;44;4
"23362";"202100023362";8;"09:15";"1";"40";"1";"6";"1";7;43;0
"23363";"202100023363";8;"14:00";"1";"37";"2";"1";"1";6;47;0
"23364";"202100023364";8;"15:00";"1";"30";"2";"2";"1";6;43;4
"23365";"202100023365";8;"20:00";"1";"66";"1";"1";"1";6;42;2
"23366";"202100023366";8;"16:40";"1";"06";"1";"1";"1";2;43;7
"23367";"202100023367";8;"19:15";"1";"11";"2";"1";"1";7;43;3
"23368";"202100023368";8;"15:50";"1";"975";"1";"1";"1";6;46;-56
"23369";"202100023369";8;"14:15";"1";"971";"1";"1";"1";1;16;-61
"23370";"202100023370";8;"14:14";"1";"971";"2";"1";"1";6;16;-61
"23371";"202100023371";8;"03:45";"5";"44";"2";"6";"1";6;47;-1
"23372";"202100023372";8;"20:50";"2";"91";"2";"9";"1";1;48;2
"23373";"202100023373";8;"10:05";"1";"83";"1";"1";"1";1;43;6
"23374";"202100023374";8;"14:25";"1";"04";"1";"1";"1";7;44;6
"23375";"202100023375";8;"11:34";"1";"71";"1";"4";"1";2;46;4
"23376";"202100023376";8;"16:29";"1";"71";"1";"2";"1";3;46;4
"23377";"202100023377";8;"21:20";"5";"54";"2";"1";"1";3;48;6
"23378";"202100023378";8;"12:08";"1";"42";"1";"1";"1";7;45;3
"23379";"202100023379";8;"10:00";"1";"38";"1";"1";"1";4;45;5
"23380";"202100023380";8;"10:10";"1";"46";"1";"3";"1";3;44;2
"23381";"202100023381";8;"16:45";"1";"32";"1";"9";"1";3;43;0
"23382";"202100023382";8;"20:55";"1";"17";"1";"1";"1";1;45;0
"23383";"202100023383";8;"02:00";"5";"33";"2";"1";"1";7;44;0
"23384";"202100023384";8;"18:15";"1";"60";"1";"1";"1";7;49;1
"23385";"202100023385";8;"21:45";"3";"59";"1";"3";"1";3;50;3
"23386";"202100023386";8;"18:30";"1";"59";"2";"9";"1";1;50;4
"23387";"202100023387";8;"18:40";"1";"13";"1";"1";"1";2;43;5
"23388";"202100023388";8;"07:30";"1";"69";"1";"1";"1";2;45;4
"23389";"202100023389";8;"15:30";"1";"91";"1";"1";"1";3;48;2
"23390";"202100023390";8;"05:10";"3";"91";"1";"1";"1";6;48;2
"23391";"202100023391";8;"18:00";"1";"95";"1";"1";"1";2;49;2
"23392";"202100023392";8;"17:30";"1";"93";"1";"1";"1";5;48;2
"23393";"202100023393";8;"10:00";"1";"93";"1";"1";"1";2;48;2
"23394";"202100023394";8;"21:00";"2";"77";"1";"1";"1";6;48;2
"23395";"202100023395";8;"20:10";"2";"77";"1";"1";"1";6;48;2
"23396";"202100023396";8;"11:00";"1";"94";"1";"1";"1";6;48;2
"23397";"202100023397";8;"20:05";"5";"06";"2";"1";"1";6;43;7
"23398";"202100023398";8;"14:50";"1";"92";"2";"1";"8";2;48;2
"23399";"202100023399";8;"21:45";"3";"62";"1";"1";"1";2;50;2
"23400";"202100023400";8;"16:30";"1";"976";"2";"9";"1";5;-12;45
"23401";"202100023401";8;"09:50";"1";"973";"2";"1";"1";3;4;-52
"23402";"202100023402";8;"22:00";"5";"973";"2";"1";"1";3;4;-52
"23403";"202100023403";8;"10:45";"1";"973";"2";"1";"1";3;4;-52
"23404";"202100023404";8;"09:30";"1";"973";"2";"9";"1";2;4;-52
"23405";"202100023405";8;"13:29";"1";"972";"1";"1";"1";3;14;-61
"23406";"202100023406";8;"10:00";"1";"971";"2";"1";"1";6;16;-61
"23407";"202100023407";6;"23:15";"5";"95";"2";"3";"1";1;48;2
"23408";"202100023408";8;"16:40";"1";"88";"1";"4";"3";7;48;6
"23409";"202100023409";8;"22:25";"5";"80";"1";"1";"2";3;49;2
"23410";"202100023410";8;"11:00";"1";"79";"2";"6";"1";7;46;0
"23411";"202100023411";8;"17:20";"1";"79";"2";"1";"1";7;46;0
"23412";"202100023412";8;"21:45";"5";"76";"2";"6";"2";7;49;1
"23413";"202100023413";8;"14:25";"1";"74";"2";"1";"1";6;46;6
"23414";"202100023414";8;"19:00";"1";"67";"2";"1";"1";6;48;7
"23415";"202100023415";8;"18:52";"1";"66";"2";"1";"1";3;42;2
"23416";"202100023416";8;"18:20";"1";"40";"2";"1";"1";1;43;-1
"23417";"202100023417";8;"14:45";"1";"64";"2";"6";"1";3;43;-1
"23418";"202100023418";8;"11:45";"1";"64";"2";"1";"1";6;43;-1
"23419";"202100023419";8;"08:20";"1";"64";"2";"1";"1";7;43;-1
"23420";"202100023420";8;"18:55";"1";"56";"2";"3";"1";3;47;-3
"23421";"202100023421";8;"12:20";"1";"55";"2";"1";"1";1;49;5
"23422";"202100023422";8;"09:00";"1";"54";"2";"1";"2";3;48;6
"23423";"202100023423";8;"18:15";"1";"54";"2";"1";"1";2;48;6
"23424";"202100023424";8;"17:35";"1";"51";"2";"3";"1";3;49;4
"23425";"202100023425";8;"17:30";"1";"49";"2";"9";"1";3;47;0
"23426";"202100023426";8;"16:50";"1";"46";"2";"1";"1";6;44;1
"23427";"202100023427";8;"04:55";"5";"45";"2";"6";"1";6;47;1
"23428";"202100023428";8;"16:00";"1";"35";"2";"2";"1";1;48;-1
"23429";"202100023429";8;"13:45";"1";"35";"2";"6";"1";3;48;-1
"23430";"202100023430";8;"03:15";"3";"35";"1";"9";"2";6;48;-1
"23431";"202100023431";8;"15:00";"1";"34";"2";"2";"1";3;43;3
"23432";"202100023432";8;"01:40";"3";"34";"1";"1";"1";2;43;3
"23433";"202100023433";8;"14:15";"1";"34";"2";"1";"1";2;43;3
"23434";"202100023434";8;"21:25";"2";"33";"2";"6";"1";3;44;-1
"23435";"202100023435";8;"04:10";"3";"29";"1";"1";"1";7;48;-4
"23436";"202100023436";8;"18:50";"1";"29";"2";"1";"1";6;47;-4
"23437";"202100023437";8;"08:38";"1";"25";"2";"6";"1";3;47;5
"23438";"202100023438";7;"10:20";"1";"22";"2";"1";"1";7;48;-2
"23439";"202100023439";8;"13:10";"1";"22";"2";"6";"1";2;48;-2
"23440";"202100023440";8;"20:20";"2";"13";"2";"1";"1";1;43;5
"23441";"202100023441";8;"23:58";"5";"13";"2";"1";"1";5;43;5
"23442";"202100023442";8;"14:41";"1";"13";"1";"1";"1";1;43;4
"23443";"202100023443";8;"08:00";"1";"13";"2";"1";"1";1;43;5
"23444";"202100023444";8;"08:13";"1";"13";"2";"9";"1";1;43;5
"23445";"202100023445";8;"14:15";"1";"11";"2";"1";"1";6;43;3
"23446";"202100023446";8;"00:40";"5";"06";"2";"1";"1";6;43;7
"23447";"202100023447";8;"19:15";"1";"06";"2";"3";"1";3;43;7
"23448";"202100023448";8;"19:40";"1";"06";"2";"1";"1";6;43;7
"23449";"202100023449";8;"10:10";"1";"04";"1";"1";"1";2;43;5
"23450";"202100023450";8;"11:20";"1";"03";"2";"4";"1";6;46;3
"23451";"202100023451";8;"13:23";"1";"75";"2";"3";"1";3;48;2
"23452";"202100023452";8;"13:20";"1";"75";"2";"2";"1";3;48;2
"23453";"202100023453";8;"15:25";"1";"75";"2";"2";"1";6;48;2
"23454";"202100023454";8;"17:15";"1";"75";"2";"1";"1";3;48;2
"23455";"202100023455";8;"09:35";"1";"75";"2";"1";"1";3;48;2
"23456";"202100023456";8;"13:50";"1";"75";"2";"1";"1";3;48;2
"23457";"202100023457";8;"17:10";"1";"75";"2";"1";"1";7;48;2
"23458";"202100023458";8;"14:20";"1";"75";"2";"2";"8";6;48;2
"23459";"202100023459";8;"14:40";"1";"75";"2";"2";"1";4;48;2
"23460";"202100023460";8;"19:50";"1";"75";"2";"1";"1";1;48;2
"23461";"202100023461";8;"00:50";"5";"75";"2";"1";"1";6;48;2
"23462";"202100023462";8;"19:15";"1";"94";"2";"1";"1";3;48;2
"23463";"202100023463";8;"18:20";"1";"94";"2";"1";"1";3;48;2
"23464";"202100023464";8;"01:10";"5";"93";"2";"9";"1";3;48;2
"23465";"202100023465";8;"21:00";"2";"93";"2";"4";"1";3;48;2
"23466";"202100023466";8;"22:10";"5";"93";"2";"1";"1";2;48;2
"23467";"202100023467";8;"20:52";"5";"92";"2";"2";"1";3;48;2
"23468";"202100023468";8;"17:40";"1";"92";"2";"1";"1";6;48;2
"23469";"202100023469";8;"12:43";"1";"92";"2";"9";"1";3;48;2
"23470";"202100023470";8;"10:20";"1";"92";"2";"2";"1";3;48;2
"23471";"202100023471";8;"18:50";"1";"92";"2";"2";"1";7;48;2
"23472";"202100023472";8;"12:00";"1";"92";"2";"1";"8";6;48;2
"23473";"202100023473";8;"17:25";"1";"39";"2";"1";"1";6;46;5
"23474";"202100023474";8;"16:45";"1";"38";"1";"1";"1";7;45;4
"23475";"202100023475";8;"11:40";"1";"86";"2";"2";"1";3;46;0
"23476";"202100023476";8;"18:00";"1";"95";"2";"1";"1";6;49;2
"23477";"202100023477";8;"17:00";"1";"83";"1";"1";"1";4;43;6
"23478";"202100023478";8;"06:45";"1";"972";"1";"1";"1";1;14;-60
"23479";"202100023479";8;"17:30";"1";"27";"2";"3";"1";3;48;1
"23480";"202100023480";8;"18:00";"1";"63";"1";"1";"1";6;45;2
"23481";"202100023481";8;"12:00";"1";"63";"1";"1";"1";7;45;3
"23482";"202100023482";8;"18:19";"1";"12";"1";"1";"7";3;44;2
"23483";"202100023483";8;"11:10";"1";"22";"1";"1";"1";7;48;-3
"23484";"202100023484";8;"17:20";"2";"974";"2";"2";"1";1;-21;55
"23485";"202100023485";8;"16:00";"1";"62";"1";"2";"1";3;50;3
"23486";"202100023486";8;"16:16";"1";"56";"2";"6";"2";6;48;-3
"23487";"202100023487";8;"11:30";"1";"56";"1";"1";"1";1;47;-2
"23488";"202100023488";8;"10:50";"1";"74";"1";"3";"1";2;45;6
"23489";"202100023489";8;"20:45";"5";"2B";"2";"1";"1";1;42;9
"23490";"202100023490";8;"11:00";"1";"2B";"2";"1";"1";1;42;9
"23491";"202100023491";8;"09:44";"1";"33";"1";"1";"1";7;44;0
"23492";"202100023492";8;"02:00";"3";"71";"1";"1";"1";3;46;4
"23493";"202100023493";8;"18:00";"1";"49";"1";"2";"1";1;47;0
"23494";"202100023494";8;"17:55";"1";"12";"1";"1";"1";1;44;2
"23495";"202100023495";8;"22:20";"2";"44";"2";"2";"2";3;47;-2
"23496";"202100023496";8;"19:50";"1";"29";"1";"1";"1";6;48;-4
"23497";"202100023497";8;"21:35";"3";"29";"1";"1";"3";7;47;-4
"23498";"202100023498";8;"15:30";"1";"29";"2";"1";"1";2;48;-4
"23499";"202100023499";8;"11:40";"1";"15";"1";"1";"1";6;45;2
"23500";"202100023500";8;"11:20";"1";"26";"1";"3";"1";1;44;5
"23501";"202100023501";8;"19:05";"1";"50";"1";"1";"2";7;49;-1
"23502";"202100023502";8;"17:40";"1";"83";"1";"1";"1";7;43;6
"23503";"202100023503";6;"16:20";"1";"09";"1";"1";"1";4;42;1
"23504";"202100023504";8;"16:20";"1";"60";"2";"1";"1";3;49;3
"23505";"202100023505";8;"13:30";"1";"60";"2";"3";"1";6;49;2
"23506";"202100023506";8;"16:45";"1";"60";"1";"1";"1";3;49;2
"23507";"202100023507";8;"08:15";"1";"73";"1";"1";"1";1;45;5
"23508";"202100023508";8;"19:35";"1";"18";"1";"1";"1";6;47;2
"23509";"202100023509";8;"06:45";"1";"16";"1";"1";"1";6;45;0
"23510";"202100023510";8;"19:40";"2";"16";"1";"1";"1";6;45;0
"23511";"202100023511";8;"00:56";"3";"07";"1";"1";"1";6;44;4
"23512";"202100023512";8;"10:00";"1";"24";"2";"1";"1";3;44;1
"23513";"202100023513";8;"10:20";"1";"04";"1";"1";"1";7;44;6
"23514";"202100023514";8;"15:40";"1";"85";"1";"1";"1";2;46;-2
"23515";"202100023515";8;"20:30";"2";"27";"1";"1";"1";6;48;0
"23516";"202100023516";8;"08:10";"1";"87";"1";"1";"1";3;45;0
"23517";"202100023517";8;"11:45";"1";"37";"1";"1";"1";3;47;0
"23518";"202100023518";8;"14:03";"1";"30";"1";"3";"1";1;43;4
"23519";"202100023519";8;"09:47";"1";"88";"2";"3";"1";3;47;6
"23520";"202100023520";8;"09:00";"1";"973";"2";"1";"1";2;4;-52
"23521";"202100023521";8;"18:35";"5";"976";"2";"1";"1";3;-12;45
"23522";"202100023522";8;"13:00";"1";"13";"2";"1";"1";1;43;5
"23523";"202100023523";8;"09:40";"1";"13";"1";"1";"1";2;43;5
"23524";"202100023524";8;"22:00";"3";"987";"1";"1";"1";1;-16;-151
"23525";"202100023525";8;"08:00";"1";"988";"1";"1";"1";7;-20;164
"23526";"202100023526";8;"15:25";"1";"974";"2";"1";"1";6;-21;55
"23527";"202100023527";8;"04:45";"3";"28";"2";"1";"1";6;48;1
"23528";"202100023528";8;"06:20";"2";"77";"1";"1";"1";6;49;2
"23529";"202100023529";8;"17:20";"1";"77";"2";"3";"1";1;49;2
"23530";"202100023530";8;"17:00";"1";"91";"1";"1";"1";6;48;2
"23531";"202100023531";8;"02:30";"3";"34";"1";"7";"1";6;43;3
"23532";"202100023532";8;"01:00";"5";"05";"2";"1";"1";6;44;5
"23533";"202100023533";8;"13:30";"1";"13";"1";"2";"1";3;43;4
"23534";"202100023534";8;"07:40";"1";"67";"1";"6";"1";3;48;7
"23535";"202100023535";8;"07:50";"1";"74";"1";"1";"1";1;46;6
"23536";"202100023536";8;"16:30";"1";"74";"1";"9";"1";7;45;6
"23537";"202100023537";8;"16:50";"1";"74";"1";"1";"1";5;45;6
"23538";"202100023538";8;"19:00";"1";"38";"1";"1";"1";1;45;5
"23539";"202100023539";8;"10:15";"1";"38";"1";"1";"1";3;45;5
"23540";"202100023540";8;"20:20";"2";"26";"2";"1";"1";1;44;4
"23541";"202100023541";8;"09:50";"1";"07";"2";"1";"1";6;45;4
"23542";"202100023542";8;"10:30";"1";"33";"2";"1";"1";6;44;0
"23543";"202100023543";8;"01:40";"5";"33";"1";"6";"1";6;44;0
"23544";"202100023544";8;"06:15";"2";"22";"1";"1";"1";1;48;-2
"23545";"202100023545";8;"16:21";"1";"22";"2";"2";"1";3;48;-3
"23546";"202100023546";8;"12:53";"1";"60";"2";"1";"1";1;49;2
"23547";"202100023547";8;"14:00";"1";"60";"1";"3";"1";3;49;2
"23548";"202100023548";8;"16:40";"1";"59";"1";"1";"1";2;50;3
"23549";"202100023549";8;"06:00";"3";"13";"1";"1";"1";3;43;5
"23550";"202100023550";8;"12:10";"1";"33";"1";"1";"1";3;44;0
"23551";"202100023551";8;"17:25";"1";"33";"1";"1";"1";7;44;0
"23552";"202100023552";8;"17:10";"1";"33";"1";"1";"1";6;44;0
"23553";"202100023553";8;"21:45";"3";"62";"1";"1";"2";2;50;2
"23554";"202100023554";8;"10:10";"1";"93";"1";"1";"1";2;48;2
"23555";"202100023555";8;"19:40";"1";"94";"1";"1";"1";2;48;2
"23556";"202100023556";8;"08:00";"1";"94";"1";"1";"8";2;48;2
"23557";"202100023557";3;"11:35";"1";"19";"2";"1";"1";2;45;1
"23558";"202100023558";8;"11:20";"1";"988";"2";"6";"1";3;-22;166
"23559";"202100023559";8;"00:20";"5";"69";"2";"1";"1";2;45;4
"23560";"202100023560";8;"16:10";"1";"69";"2";"2";"1";6;45;4
"23561";"202100023561";8;"12:30";"1";"69";"2";"1";"1";2;45;4
"23562";"202100023562";8;"11:10";"1";"972";"2";"6";"1";3;14;-61
"23563";"202100023563";8;"17:25";"1";"69";"2";"3";"8";3;45;4
"23564";"202100023564";8;"17:40";"2";"971";"2";"6";"1";3;16;-61
"23565";"202100023565";8;"13:59";"1";"87";"2";"1";"1";2;45;1
"23566";"202100023566";8;"11:56";"1";"87";"2";"1";"1";3;45;1
"23567";"202100023567";8;"15:45";"1";"85";"2";"1";"1";6;46;-1
"23568";"202100023568";8;"06:35";"5";"85";"2";"1";"3";6;46;-1
"23569";"202100023569";8;"10:00";"1";"83";"2";"1";"1";6;43;6
"23570";"202100023570";8;"16:40";"1";"80";"2";"1";"1";5;49;2
"23571";"202100023571";8;"20:05";"1";"78";"2";"3";"1";6;48;2
"23572";"202100023572";8;"15:40";"1";"76";"2";"1";"1";6;49;1
"23573";"202100023573";8;"17:31";"1";"76";"2";"1";"1";7;49;1
"23574";"202100023574";8;"16:08";"1";"72";"1";"9";"1";6;47;0
"23575";"202100023575";8;"15:55";"1";"72";"2";"1";"1";4;47;0
"23576";"202100023576";8;"22:00";"5";"64";"2";"1";"1";6;43;-1
"23577";"202100023577";8;"17:45";"1";"64";"2";"1";"8";3;43;-1
"23578";"202100023578";8;"17:20";"1";"64";"2";"3";"1";2;43;-1
"23579";"202100023579";8;"05:35";"5";"63";"2";"2";"1";3;45;3
"23580";"202100023580";8;"12:00";"1";"63";"2";"1";"1";2;45;3
"23581";"202100023581";8;"18:00";"1";"58";"2";"6";"1";3;46;3
"23582";"202100023582";8;"16:00";"1";"51";"2";"1";"1";6;49;4
"23583";"202100023583";8;"18:10";"1";"51";"1";"1";"1";2;49;4
"23584";"202100023584";8;"16:45";"1";"50";"2";"1";"1";3;48;-1
"23585";"202100023585";8;"20:10";"1";"45";"2";"3";"1";3;47;1
"23586";"202100023586";8;"14:20";"1";"45";"2";"1";"8";3;47;1
"23587";"202100023587";8;"09:50";"1";"45";"2";"3";"2";3;47;2
"23588";"202100023588";8;"11:25";"1";"42";"1";"1";"1";7;45;4
"23589";"202100023589";8;"19:35";"1";"35";"2";"9";"1";6;48;-1
"23590";"202100023590";8;"17:00";"1";"35";"2";"3";"1";6;48;-1
"23591";"202100023591";8;"07:20";"2";"35";"2";"9";"1";3;48;-1
"23592";"202100023592";8;"19:50";"1";"33";"2";"1";"1";2;44;0
"23593";"202100023593";8;"12:15";"1";"29";"1";"3";"1";1;47;-4
"23594";"202100023594";8;"09:10";"1";"29";"2";"1";"1";1;47;-4
"23595";"202100023595";8;"23:30";"5";"28";"2";"1";"1";6;48;1
"23596";"202100023596";8;"11:45";"1";"22";"2";"1";"1";4;48;-2
"23597";"202100023597";7;"19:30";"1";"22";"2";"1";"1";6;48;-2
"23598";"202100023598";8;"22:55";"5";"17";"2";"2";"1";3;46;-1
"23599";"202100023599";8;"21:35";"5";"14";"2";"1";"1";3;49;0
"23600";"202100023600";8;"18:55";"1";"14";"1";"1";"1";7;49;0
"23601";"202100023601";8;"16:30";"1";"14";"2";"1";"1";6;49;0
"23602";"202100023602";8;"11:50";"1";"13";"2";"1";"1";2;43;5
"23603";"202100023603";8;"21:00";"5";"13";"2";"3";"1";3;43;5
"23604";"202100023604";8;"17:00";"1";"11";"2";"1";"1";2;43;2
"23605";"202100023605";8;"11:35";"1";"10";"2";"1";"1";3;48;4
"23606";"202100023606";8;"13:55";"1";"06";"2";"1";"1";6;43;7
"23607";"202100023607";8;"10:11";"1";"05";"2";"1";"1";2;44;6
"23608";"202100023608";8;"11:15";"1";"05";"2";"1";"1";2;44;6
"23609";"202100023609";8;"07:35";"1";"05";"2";"1";"1";3;44;6
"23610";"202100023610";8;"18:30";"1";"75";"2";"4";"1";3;48;2
"23611";"202100023611";8;"12:30";"1";"75";"2";"1";"1";4;48;2
"23612";"202100023612";8;"11:25";"1";"75";"2";"3";"1";3;48;2
"23613";"202100023613";8;"14:00";"1";"75";"2";"1";"1";3;48;2
"23614";"202100023614";8;"18:35";"1";"75";"2";"1";"8";3;48;2
"23615";"202100023615";8;"16:50";"1";"75";"2";"1";"1";3;48;2
"23616";"202100023616";8;"13:45";"1";"75";"2";"1";"1";6;48;2
"23617";"202100023617";8;"11:00";"1";"75";"2";"3";"1";3;48;2
"23618";"202100023618";8;"21:45";"5";"94";"2";"1";"1";3;48;2
"23619";"202100023619";8;"15:25";"1";"94";"2";"1";"8";6;48;2
"23620";"202100023620";8;"21:50";"5";"94";"2";"1";"1";3;48;2
"23621";"202100023621";8;"18:20";"1";"93";"2";"2";"1";2;48;2
"23622";"202100023622";8;"14:50";"1";"92";"2";"1";"1";2;48;2
"23623";"202100023623";8;"22:30";"5";"92";"2";"1";"1";3;48;2
"23624";"202100023624";7;"18:15";"1";"06";"2";"1";"1";1;43;7
"23625";"202100023625";8;"07:55";"1";"71";"2";"3";"1";1;46;4
"23626";"202100023626";8;"09:00";"1";"06";"2";"1";"1";6;43;7
"23627";"202100023627";8;"17:20";"1";"31";"2";"1";"7";3;43;1
"23628";"202100023628";8;"15:50";"1";"28";"2";"2";"1";3;48;1
"23629";"202100023629";8;"14:40";"1";"28";"1";"1";"1";1;48;1
"23630";"202100023630";8;"07:30";"1";"34";"1";"1";"1";6;43;3
"23631";"202100023631";8;"08:00";"1";"56";"2";"1";"2";6;48;-3
"23632";"202100023632";8;"21:50";"2";"56";"1";"1";"1";7;48;-3
"23633";"202100023633";8;"14:20";"1";"80";"1";"1";"1";7;49;2
"23634";"202100023634";8;"15:00";"1";"89";"1";"1";"1";1;47;3
"23635";"202100023635";8;"18:10";"1";"63";"1";"1";"1";6;45;3
"23636";"202100023636";8;"11:40";"1";"41";"1";"1";"1";6;47;1
"23637";"202100023637";8;"16:35";"1";"68";"2";"1";"1";7;47;7
"23638";"202100023638";8;"16:24";"1";"38";"1";"1";"1";1;45;5
"23639";"202100023639";8;"13:30";"1";"85";"1";"1";"1";1;46;-1
"23640";"202100023640";8;"17:48";"1";"06";"1";"1";"1";3;43;6
"23641";"202100023641";8;"21:15";"2";"14";"1";"1";"1";7;49;0
"23642";"202100023642";8;"18:45";"1";"60";"1";"2";"1";3;49;3
"23643";"202100023643";8;"16:40";"1";"64";"1";"1";"1";1;43;-1
"23644";"202100023644";8;"03:30";"5";"24";"2";"3";"1";6;45;1
"23645";"202100023645";8;"09:00";"1";"04";"1";"1";"1";3;43;6
"23646";"202100023646";8;"13:25";"1";"28";"1";"6";"1";6;48;1
"23647";"202100023647";8;"17:10";"1";"23";"2";"1";"1";6;46;2
"23648";"202100023648";8;"06:15";"2";"37";"1";"3";"1";5;47;0
"23649";"202100023649";8;"17:15";"1";"30";"2";"1";"1";3;43;4
"23650";"202100023650";8;"05:00";"5";"08";"2";"1";"8";1;49;4
"23651";"202100023651";8;"14:17";"1";"60";"1";"1";"1";6;49;2
"23652";"202100023652";8;"20:05";"1";"06";"1";"1";"1";2;43;7
"23653";"202100023653";8;"16:40";"1";"17";"1";"2";"9";3;45;0
"23654";"202100023654";8;"17:00";"1";"974";"1";"1";"8";7;-21;55
"23655";"202100023655";8;"18:30";"2";"2B";"1";"1";"1";1;42;9
"23656";"202100023656";8;"01:00";"5";"2B";"2";"2";"1";1;42;8
"23657";"202100023657";8;"17:00";"1";"2B";"1";"1";"1";1;42;9
"23658";"202100023658";8;"10:35";"1";"34";"2";"1";"1";6;43;4
"23659";"202100023659";8;"09:40";"1";"71";"2";"1";"1";6;46;3
"23660";"202100023660";8;"17:50";"1";"67";"2";"1";"1";7;48;7
"23661";"202100023661";8;"19:00";"1";"67";"2";"9";"1";3;48;7
"23662";"202100023662";8;"17:40";"1";"88";"2";"1";"2";2;48;5
"23663";"202100023663";8;"12:10";"1";"09";"2";"3";"1";3;43;1
"23664";"202100023664";8;"12:55";"1";"17";"1";"1";"1";4;45;0
"23665";"202100023665";8;"10:00";"1";"59";"1";"1";"1";1;50;2
"23666";"202100023666";8;"00:41";"3";"13";"1";"1";"1";2;43;5
"23667";"202100023667";8;"07:32";"1";"67";"1";"1";"1";6;48;7