"";"Num_Acc";"mois";"hrmn";"lum";"dep";"agg";"int";"atm";"col";"lat";"long"
"23668";"202100023668";8;"12:00";"1";"33";"1";"1";"1";2;44;0
"23669";"202100023669";8;"09:00";"1";"59";"1";"1";"8";2;50;3
"23670";"202100023670";8;"10:20";"1";"92";"1";"1";"1";4;48;2
"23671";"202100023671";8;"05:07";"5";"94";"1";"1";"2";7;48;2
"23672";"202100023672";8;"19:30";"2";"974";"2";"1";"1";4;-20;55
"23673";"202100023673";8;"17:45";"1";"974";"2";"3";"1";3;-20;55
"23674";"202100023674";8;"07:22";"1";"973";"2";"2";"1";3;4;-52
"23675";"202100023675";8;"08:00";"1";"69";"2";"3";"1";6;45;4
"23676";"202100023676";8;"14:15";"1";"972";"1";"6";"1";2;14;-60
"23677";"202100023677";8;"06:01";"5";"69";"2";"1";"1";7;45;4
"23678";"202100023678";8;"12:30";"1";"69";"2";"1";"1";3;45;4
"23679";"202100023679";8;"06:25";"2";"69";"2";"1";"1";7;45;4
"23680";"202100023680";8;"18:55";"1";"69";"2";"1";"1";6;45;4
"23681";"202100023681";8;"14:25";"1";"88";"2";"6";"1";3;48;6
"23682";"202100023682";5;"19:20";"1";"84";"2";"1";"1";6;43;4
"23683";"202100023683";8;"23:07";"3";"82";"1";"3";"1";7;44;1
"23684";"202100023684";8;"19:10";"1";"78";"2";"5";"1";3;48;2
"23685";"202100023685";8;"15:50";"1";"77";"1";"1";"1";1;48;2
"23686";"202100023686";8;"17:10";"1";"76";"2";"3";"1";2;49;0
"23687";"202100023687";8;"08:20";"1";"76";"2";"1";"2";5;49;0
"23688";"202100023688";8;"11:45";"1";"74";"2";"1";"1";6;46;6
"23689";"202100023689";8;"11:19";"1";"74";"2";"1";"1";6;46;6
"23690";"202100023690";8;"18:00";"1";"74";"2";"1";"1";6;46;6
"23691";"202100023691";8;"20:20";"1";"71";"2";"1";"1";6;46;4
"23692";"202100023692";8;"12:40";"1";"69";"2";"1";"1";3;45;4
"23693";"202100023693";8;"00:00";"4";"67";"2";"1";"1";3;48;7
"23694";"202100023694";8;"20:00";"1";"67";"2";"1";"8";3;48;7
"23695";"202100023695";8;"18:12";"1";"66";"1";"1";"1";2;42;2
"23696";"202100023696";8;"12:30";"1";"65";"2";"1";"1";6;43;0
"23697";"202100023697";8;"13:15";"1";"64";"1";"1";"8";1;43;-1
"23698";"202100023698";8;"11:45";"1";"59";"2";"1";"1";6;50;3
"23699";"202100023699";8;"17:40";"1";"59";"2";"6";"2";3;50;3
"23700";"202100023700";8;"11:30";"1";"59";"1";"8";"1";1;50;2
"23701";"202100023701";8;"16:10";"1";"57";"2";"7";"1";1;49;6
"23702";"202100023702";8;"12:27";"1";"56";"2";"2";"1";3;47;-3
"23703";"202100023703";8;"20:20";"1";"56";"2";"6";"1";3;47;-3
"23704";"202100023704";8;"19:24";"2";"54";"1";"9";"1";3;48;6
"23705";"202100023705";8;"13:45";"1";"54";"2";"1";"1";2;48;6
"23706";"202100023706";8;"11:40";"1";"54";"2";"2";"1";3;48;6
"23707";"202100023707";8;"17:10";"1";"51";"2";"6";"1";2;49;3
"23708";"202100023708";8;"09:55";"1";"45";"2";"3";"1";3;48;2
"23709";"202100023709";8;"18:45";"1";"44";"2";"1";"1";6;47;-1
"23710";"202100023710";8;"12:10";"1";"41";"2";"1";"1";6;47;1
"23711";"202100023711";8;"15:00";"1";"37";"2";"1";"1";2;47;0
"23712";"202100023712";8;"10:56";"1";"35";"2";"3";"1";2;48;-1
"23713";"202100023713";8;"17:40";"1";"34";"1";"1";"1";6;43;3
"23714";"202100023714";8;"09:00";"1";"33";"2";"1";"1";3;44;0
"23715";"202100023715";8;"04:45";"5";"33";"2";"3";"1";3;44;0
"23716";"202100023716";8;"00:10";"3";"33";"2";"1";"1";7;44;-1
"23717";"202100023717";8;"11:06";"1";"29";"1";"3";"1";1;47;-4
"23718";"202100023718";8;"17:00";"1";"26";"2";"1";"1";3;44;4
"23719";"202100023719";8;"20:10";"1";"18";"2";"2";"1";1;47;2
"23720";"202100023720";8;"22:30";"5";"17";"2";"6";"1";1;45;0
"23721";"202100023721";8;"09:45";"1";"17";"2";"1";"1";3;45;-1
"23722";"202100023722";8;"12:00";"1";"17";"2";"2";"2";2;45;0
"23723";"202100023723";8;"13:45";"1";"14";"2";"1";"1";6;49;0
"23724";"202100023724";8;"21:35";"2";"14";"2";"1";"1";1;49;0
"23725";"202100023725";8;"13:10";"1";"13";"2";"2";"1";3;43;5
"23726";"202100023726";8;"13:00";"1";"13";"2";"1";"1";6;43;5
"23727";"202100023727";8;"14:00";"1";"13";"2";"6";"1";7;43;5
"23728";"202100023728";8;"09:00";"1";"13";"2";"3";"1";3;43;5
"23729";"202100023729";8;"03:12";"5";"13";"2";"1";"1";7;43;5
"23730";"202100023730";8;"16:23";"1";"10";"2";"1";"8";6;48;4
"23731";"202100023731";8;"13:05";"1";"10";"2";"3";"1";3;48;4
"23732";"202100023732";8;"20:00";"1";"07";"1";"1";"1";7;44;4
"23733";"202100023733";8;"23:05";"5";"07";"2";"3";"1";7;44;4
"23734";"202100023734";8;"14:25";"1";"06";"2";"1";"1";5;43;7
"23735";"202100023735";8;"10:30";"1";"75";"2";"1";"8";3;48;2
"23736";"202100023736";8;"07:00";"1";"75";"2";"1";"1";6;48;2
"23737";"202100023737";8;"06:29";"2";"75";"2";"2";"1";6;48;2
"23738";"202100023738";8;"19:05";"1";"75";"2";"1";"7";4;48;2
"23739";"202100023739";8;"15:20";"1";"75";"2";"1";"1";3;48;2
"23740";"202100023740";8;"21:00";"5";"75";"2";"2";"1";3;48;2
"23741";"202100023741";8;"17:45";"1";"75";"2";"1";"1";4;48;2
"23742";"202100023742";8;"12:30";"1";"75";"2";"1";"8";1;48;2
"23743";"202100023743";8;"17:56";"1";"75";"2";"5";"1";3;48;2
"23744";"202100023744";8;"21:46";"5";"75";"2";"2";"1";6;48;2
"23745";"202100023745";8;"09:15";"1";"75";"2";"2";"1";3;48;2
"23746";"202100023746";8;"15:00";"1";"94";"2";"2";"1";3;48;2
"23747";"202100023747";8;"17:10";"1";"94";"1";"6";"1";6;48;2
"23748";"202100023748";8;"11:00";"1";"94";"2";"1";"1";3;48;2
"23749";"202100023749";8;"13:45";"1";"94";"2";"1";"8";3;48;2
"23750";"202100023750";8;"17:53";"1";"93";"2";"1";"1";3;48;2
"23751";"202100023751";8;"17:40";"1";"93";"2";"1";"8";3;48;2
"23752";"202100023752";8;"21:30";"5";"93";"2";"2";"1";3;48;2
"23753";"202100023753";8;"21:55";"5";"93";"2";"3";"1";2;48;2
"23754";"202100023754";8;"20:45";"2";"93";"2";"1";"1";1;48;2
"23755";"202100023755";8;"19:35";"1";"92";"2";"2";"1";3;48;2
"23756";"202100023756";8;"11:05";"1";"92";"2";"1";"1";2;48;2
"23757";"202100023757";8;"16:00";"1";"14";"1";"1";"1";7;48;0
"23758";"202100023758";8;"14:55";"1";"51";"1";"1";"8";3;48;4
"23759";"202100023759";8;"19:15";"2";"51";"1";"1";"8";7;48;4
"23760";"202100023760";8;"10:00";"1";"01";"1";"1";"1";5;45;5
"23761";"202100023761";8;"17:00";"1";"69";"2";"6";"1";3;45;5
"23762";"202100023762";8;"06:20";"1";"83";"1";"1";"1";7;43;6
"23763";"202100023763";8;"20:30";"1";"62";"1";"1";"1";1;50;2
"23764";"202100023764";8;"08:10";"1";"74";"2";"1";"1";1;45;6
"23765";"202100023765";8;"10:30";"1";"87";"1";"1";"1";6;45;1
"23766";"202100023766";8;"18:40";"1";"34";"1";"3";"7";3;43;3
"23767";"202100023767";8;"10:35";"1";"57";"1";"1";"1";5;49;6
"23768";"202100023768";8;"15:10";"1";"56";"2";"1";"1";6;48;-3
"23769";"202100023769";8;"16:00";"1";"32";"1";"1";"1";6;43;0
"23770";"202100023770";8;"09:40";"1";"71";"1";"4";"1";7;46;5
"23771";"202100023771";8;"02:35";"3";"61";"2";"6";"1";6;48;0
"23772";"202100023772";8;"13:45";"1";"61";"1";"1";"1";2;48;0
"23773";"202100023773";8;"22:45";"5";"42";"2";"1";"1";3;45;4
"23774";"202100023774";8;"17:40";"1";"42";"1";"1";"1";6;45;3
"23775";"202100023775";8;"19:00";"1";"41";"2";"2";"1";7;47;1
"23776";"202100023776";8;"18:20";"1";"25";"1";"1";"1";7;47;6
"23777";"202100023777";8;"19:00";"1";"44";"1";"3";"1";2;47;-1
"23778";"202100023778";8;"13:30";"1";"44";"2";"1";"1";6;47;-1
"23779";"202100023779";8;"15:30";"1";"29";"1";"1";"1";6;48;-4
"23780";"202100023780";8;"13:35";"1";"31";"1";"1";"1";6;43;1
"23781";"202100023781";8;"15:45";"1";"31";"2";"6";"1";7;43;1
"23782";"202100023782";8;"08:45";"1";"02";"1";"6";"2";3;49;3
"23783";"202100023783";7;"12:00";"1";"03";"2";"1";"1";3;46;2
"23784";"202100023784";8;"08:15";"2";"66";"2";"1";"1";6;42;1
"23785";"202100023785";8;"13:45";"1";"06";"1";"1";"1";7;43;6
"23786";"202100023786";8;"19:10";"1";"06";"2";"9";"7";1;43;6
"23787";"202100023787";8;"10:10";"1";"05";"1";"1";"1";1;44;6
"23788";"202100023788";8;"16:15";"1";"05";"1";"1";"1";6;44;6
"23789";"202100023789";8;"10:35";"1";"05";"1";"9";"1";6;44;6
"23790";"202100023790";8;"17:00";"1";"50";"2";"3";"1";6;49;-1
"23791";"202100023791";8;"10:10";"1";"45";"1";"3";"7";3;48;2
"23792";"202100023792";8;"12:57";"1";"64";"2";"9";"1";2;43;-1
"23793";"202100023793";8;"23:00";"3";"53";"1";"1";"1";2;47;0
"23794";"202100023794";8;"10:15";"1";"21";"1";"3";"1";3;47;5
"23795";"202100023795";8;"14:30";"1";"24";"1";"2";"1";3;44;0
"23796";"202100023796";8;"15:39";"1";"87";"1";"1";"1";1;45;0
"23797";"202100023797";8;"10:00";"1";"30";"2";"6";"1";6;43;4
"23798";"202100023798";8;"13:20";"1";"88";"1";"1";"1";7;48;6
"23799";"202100023799";8;"02:00";"3";"45";"1";"1";"1";2;48;2
"23800";"202100023800";8;"15:30";"1";"31";"1";"1";"1";1;43;1
"23801";"202100023801";8;"16:30";"1";"987";"2";"4";"1";1;-17;-149
"23802";"202100023802";8;"16:05";"1";"69";"1";"1";"1";5;46;4
"23803";"202100023803";8;"19:50";"2";"76";"1";"1";"1";6;49;1
"23804";"202100023804";8;"17:30";"1";"34";"1";"1";"1";7;43;3
"23805";"202100023805";8;"17:15";"1";"974";"2";"3";"8";1;-21;55
"23806";"202100023806";8;"11:50";"1";"973";"1";"1";"1";7;5;-52
"23807";"202100023807";8;"19:30";"3";"971";"1";"1";"1";7;16;-61
"23808";"202100023808";8;"19:00";"1";"66";"1";"1";"6";3;42;3
"23809";"202100023809";8;"18:30";"1";"34";"1";"9";"1";2;43;3
"23810";"202100023810";8;"13:00";"1";"83";"1";"1";"1";1;43;5
"23811";"202100023811";8;"20:30";"2";"13";"1";"1";"6";1;43;5
"23812";"202100023812";8;"17:20";"1";"67";"2";"1";"1";3;48;7
"23813";"202100023813";8;"18:40";"1";"88";"1";"4";"1";3;48;6
"23814";"202100023814";8;"22:15";"3";"54";"1";"1";"1";6;48;6
"23815";"202100023815";8;"18:48";"1";"38";"1";"1";"8";7;45;5
"23816";"202100023816";8;"00:10";"3";"81";"1";"1";"1";6;43;1
"23817";"202100023817";8;"08:40";"1";"79";"2";"1";"8";6;46;0
"23818";"202100023818";8;"19:40";"1";"17";"2";"6";"1";7;45;-1
"23819";"202100023819";8;"21:25";"2";"47";"2";"1";"1";2;44;0
"23820";"202100023820";8;"15:12";"1";"80";"1";"1";"2";7;50;1
"23821";"202100023821";8;"18:15";"1";"62";"2";"1";"2";3;50;2
"23822";"202100023822";8;"18:50";"1";"13";"1";"1";"1";2;43;5
"23823";"202100023823";8;"18:15";"1";"13";"1";"1";"1";2;43;5
"23824";"202100023824";8;"06:19";"2";"13";"1";"1";"1";5;43;5
"23825";"202100023825";8;"05:48";"3";"13";"1";"1";"1";6;43;5
"23826";"202100023826";8;"12:00";"1";"13";"1";"1";"1";2;43;5
"23827";"202100023827";8;"15:05";"1";"69";"1";"1";"1";7;45;4
"23828";"202100023828";8;"12:35";"1";"54";"1";"1";"1";2;48;6
"23829";"202100023829";8;"19:00";"1";"54";"1";"1";"1";7;48;5
"23830";"202100023830";8;"15:15";"1";"59";"1";"1";"1";3;50;3
"23831";"202100023831";8;"06:10";"2";"59";"1";"1";"1";2;50;3
"23832";"202100023832";8;"17:02";"1";"92";"1";"1";"1";2;48;2
"23833";"202100023833";8;"05:45";"3";"95";"1";"1";"1";3;49;2
"23834";"202100023834";8;"13:20";"1";"95";"1";"1";"1";6;49;2
"23835";"202100023835";8;"08:57";"1";"93";"1";"1";"1";6;48;2
"23836";"202100023836";8;"15:20";"1";"94";"1";"1";"1";4;48;2
"23837";"202100023837";8;"07:00";"1";"77";"1";"1";"1";7;48;2
"23838";"202100023838";8;"09:00";"1";"69";"2";"1";"1";6;45;4
"23839";"202100023839";5;"18:10";"1";"66";"1";"1";"1";2;42;2
"23840";"202100023840";5;"15:50";"1";"66";"2";"1";"1";6;42;2
"23841";"202100023841";5;"11:19";"1";"66";"1";"1";"1";2;42;2
"23842";"202100023842";8;"14:15";"1";"976";"2";"1";"1";2;-12;45
"23843";"202100023843";8;"07:20";"1";"974";"2";"2";"8";3;-21;55
"23844";"202100023844";8;"07:55";"1";"974";"1";"6";"1";7;-20;55
"23845";"202100023845";8;"18:30";"2";"973";"2";"1";"1";3;4;-52
"23846";"202100023846";8;"13:05";"1";"69";"2";"3";"1";3;45;4
"23847";"202100023847";8;"17:30";"1";"69";"2";"2";"1";3;45;4
"23848";"202100023848";8;"13:55";"1";"69";"2";"2";"1";3;45;4
"23849";"202100023849";8;"22:55";"5";"2B";"1";"1";"1";2;42;9
"23850";"202100023850";8;"13:00";"1";"95";"2";"6";"1";6;48;2
"23851";"202100023851";8;"23:30";"5";"95";"2";"1";"1";6;48;2
"23852";"202100023852";8;"21:00";"2";"91";"2";"3";"1";3;48;2
"23853";"202100023853";8;"19:00";"1";"91";"2";"1";"1";6;48;2
"23854";"202100023854";8;"17:30";"1";"91";"2";"1";"1";6;48;2
"23855";"202100023855";7;"15:26";"1";"87";"2";"2";"1";3;45;1
"23856";"202100023856";8;"11:43";"1";"87";"2";"1";"1";6;45;1
"23857";"202100023857";8;"18:31";"1";"87";"2";"1";"1";3;45;1
"23858";"202100023858";8;"07:00";"2";"84";"2";"2";"1";5;43;4
"23859";"202100023859";8;"06:15";"2";"83";"2";"1";"1";1;43;6
"23860";"202100023860";7;"21:12";"2";"77";"1";"2";"2";3;49;2
"23861";"202100023861";8;"19:10";"1";"77";"1";"1";"1";6;48;2
"23862";"202100023862";8;"20:45";"1";"76";"2";"3";"1";3;49;0
"23863";"202100023863";8;"14:30";"1";"76";"2";"2";"1";3;49;0
"23864";"202100023864";8;"17:50";"1";"76";"2";"9";"1";6;49;1
"23865";"202100023865";8;"04:20";"5";"74";"2";"1";"1";5;46;6
"23866";"202100023866";8;"19:25";"1";"72";"2";"1";"1";7;47;0
"23867";"202100023867";8;"20:55";"1";"71";"2";"2";"1";3;46;4
"23868";"202100023868";8;"13:50";"1";"71";"2";"3";"1";3;46;4
"23869";"202100023869";8;"17:10";"1";"69";"2";"6";"1";3;45;4
"23870";"202100023870";8;"20:30";"2";"67";"2";"1";"1";6;48;7
"23871";"202100023871";8;"17:55";"1";"67";"2";"1";"1";6;48;7
"23872";"202100023872";8;"21:35";"4";"67";"2";"1";"1";7;48;7
"23873";"202100023873";8;"18:10";"1";"67";"2";"8";"1";6;48;7
"23874";"202100023874";8;"15:45";"1";"65";"2";"1";"1";6;43;0
"23875";"202100023875";8;"11:15";"1";"65";"2";"6";"8";6;43;0
"23876";"202100023876";8;"09:30";"1";"64";"1";"1";"1";3;43;-1
"23877";"202100023877";8;"12:10";"1";"64";"2";"1";"1";3;43;-1
"23878";"202100023878";8;"14:10";"1";"63";"1";"1";"1";6;45;3
"23879";"202100023879";7;"03:20";"5";"62";"2";"1";"2";6;50;2
"23880";"202100023880";8;"15:25";"1";"59";"2";"1";"8";6;50;3
"23881";"202100023881";7;"14:10";"1";"59";"2";"2";"1";7;50;3
"23882";"202100023882";8;"06:35";"5";"57";"2";"1";"1";6;49;6
"23883";"202100023883";8;"08:35";"1";"49";"2";"1";"1";6;47;0
"23884";"202100023884";8;"15:00";"1";"49";"2";"1";"1";2;47;0
"23885";"202100023885";8;"21:11";"1";"49";"2";"1";"1";7;47;0
"23886";"202100023886";8;"15:20";"1";"45";"2";"1";"2";6;47;1
"23887";"202100023887";8;"19:20";"1";"43";"2";"1";"1";2;45;3
"23888";"202100023888";8;"10:35";"1";"41";"1";"1";"1";7;47;1
"23889";"202100023889";8;"13:00";"1";"37";"2";"3";"1";3;47;0
"23890";"202100023890";8;"14:40";"1";"33";"2";"1";"1";3;44;-1
"23891";"202100023891";8;"09:45";"1";"31";"2";"3";"1";3;43;1
"23892";"202100023892";8;"15:52";"1";"26";"2";"1";"1";3;44;4
"23893";"202100023893";8;"09:45";"1";"25";"2";"1";"1";6;47;6
"23894";"202100023894";8;"10:10";"1";"17";"2";"2";"1";3;45;-1
"23895";"202100023895";8;"08:55";"1";"17";"2";"1";"1";1;46;-1
"23896";"202100023896";8;"13:50";"1";"15";"1";"1";"1";1;44;2
"23897";"202100023897";8;"05:00";"5";"14";"2";"1";"1";7;49;0
"23898";"202100023898";8;"06:01";"4";"14";"2";"1";"1";6;49;0
"23899";"202100023899";8;"16:40";"1";"13";"2";"1";"1";2;43;5
"23900";"202100023900";8;"10:50";"1";"13";"2";"3";"1";3;43;5
"23901";"202100023901";8;"13:00";"1";"12";"2";"6";"1";2;44;2
"23902";"202100023902";8;"17:41";"1";"10";"2";"1";"1";6;48;4
"23903";"202100023903";8;"05:59";"2";"10";"2";"1";"1";3;48;4
"23904";"202100023904";8;"20:30";"1";"06";"2";"1";"1";3;43;6
"23905";"202100023905";8;"08:30";"1";"06";"2";"1";"1";1;43;7
"23906";"202100023906";8;"17:35";"1";"05";"1";"1";"1";3;44;6
"23907";"202100023907";8;"10:10";"1";"75";"2";"1";"1";2;48;2
"23908";"202100023908";8;"12:35";"1";"75";"2";"1";"1";3;48;2
"23909";"202100023909";8;"12:30";"1";"75";"2";"3";"1";3;48;2
"23910";"202100023910";8;"03:30";"5";"75";"2";"4";"1";6;48;2
"23911";"202100023911";8;"19:57";"1";"75";"2";"1";"1";3;48;2
"23912";"202100023912";8;"15:20";"1";"75";"2";"3";"8";3;48;2
"23913";"202100023913";8;"00:40";"5";"75";"2";"2";"1";3;48;2
"23914";"202100023914";8;"13:30";"1";"94";"2";"1";"1";6;48;2
"23915";"202100023915";8;"19:50";"1";"94";"2";"1";"1";2;48;2
"23916";"202100023916";8;"15:20";"1";"94";"2";"1";"1";3;48;2
"23917";"202100023917";8;"20:20";"2";"93";"2";"2";"1";3;48;2
"23918";"202100023918";8;"09:20";"1";"93";"2";"3";"8";3;48;2
"23919";"202100023919";8;"17:00";"1";"93";"2";"1";"1";1;48;2
"23920";"202100023920";8;"19:10";"1";"93";"2";"1";"1";6;48;2
"23921";"202100023921";8;"18:30";"1";"92";"2";"1";"1";6;48;2
"23922";"202100023922";7;"11:20";"1";"92";"2";"1";"1";2;48;2
"23923";"202100023923";8;"13:00";"1";"92";"2";"2";"1";3;48;2
"23924";"202100023924";8;"19:00";"1";"92";"2";"3";"1";3;48;2
"23925";"202100023925";8;"22:55";"5";"92";"2";"1";"1";3;48;2
"23926";"202100023926";8;"18:10";"1";"92";"2";"1";"1";2;48;2
"23927";"202100023927";8;"17:40";"1";"92";"2";"1";"1";6;48;2
"23928";"202100023928";8;"11:00";"1";"22";"1";"1";"1";1;48;-2
"23929";"202100023929";8;"08:55";"1";"95";"1";"9";"1";2;49;2
"23930";"202100023930";8;"23:20";"3";"23";"1";"1";"1";1;46;1
"23931";"202100023931";8;"13:35";"1";"28";"2";"1";"1";1;48;1
"23932";"202100023932";8;"20:30";"3";"83";"1";"1";"1";3;43;6
"23933";"202100023933";8;"15:25";"1";"77";"1";"6";"1";6;48;3
"23934";"202100023934";8;"11:10";"1";"76";"1";"1";"1";1;49;0
"23935";"202100023935";8;"14:55";"1";"79";"1";"3";"1";7;46;0
"23936";"202100023936";8;"17:30";"1";"80";"1";"1";"1";6;49;1
"23937";"202100023937";8;"16:30";"1";"11";"2";"1";"1";6;42;2
"23938";"202100023938";8;"19:00";"1";"11";"1";"1";"1";5;42;2
"23939";"202100023939";8;"16:25";"1";"63";"1";"1";"1";7;45;3
"23940";"202100023940";8;"12:20";"1";"61";"1";"1";"1";5;48;0
"23941";"202100023941";8;"12:15";"1";"47";"1";"1";"1";7;44;0
"23942";"202100023942";7;"11:10";"1";"41";"2";"2";"1";3;47;1
"23943";"202100023943";8;"15:10";"1";"39";"1";"1";"1";7;47;5
"23944";"202100023944";8;"12:40";"1";"44";"2";"1";"1";3;47;-2
"23945";"202100023945";7;"22:20";"2";"29";"1";"1";"1";7;48;-4
"23946";"202100023946";7;"20:00";"1";"29";"1";"1";"1";1;48;-4
"23947";"202100023947";8;"15:10";"1";"29";"2";"1";"1";3;47;-4
"23948";"202100023948";8;"12:30";"1";"38";"1";"1";"1";1;45;4
"23949";"202100023949";8;"13:22";"1";"38";"2";"1";"1";7;45;5
"23950";"202100023950";8;"18:30";"1";"01";"2";"1";"1";1;45;5
"23951";"202100023951";8;"11:55";"1";"72";"2";"1";"1";1;48;0
"23952";"202100023952";8;"13:30";"1";"06";"2";"1";"1";3;43;7
"23953";"202100023953";8;"09:20";"1";"50";"1";"2";"1";3;48;-1
"23954";"202100023954";8;"18:15";"1";"64";"1";"1";"1";7;43;0
"23955";"202100023955";8;"11:09";"1";"10";"1";"1";"1";6;48;4
"23956";"202100023956";8;"20:40";"2";"85";"2";"1";"1";6;46;-1
"23957";"202100023957";8;"11:00";"1";"85";"2";"1";"1";3;46;-1
"23958";"202100023958";8;"19:00";"1";"30";"1";"3";"1";3;44;3
"23959";"202100023959";8;"07:50";"1";"88";"1";"1";"1";3;48;7
"23960";"202100023960";8;"08:00";"1";"72";"1";"1";"1";7;48;0
"23961";"202100023961";8;"13:40";"1";"51";"1";"1";"8";7;49;4
"23962";"202100023962";8;"19:35";"5";"11";"2";"7";"1";6;43;3
"23963";"202100023963";8;"23:30";"3";"77";"1";"1";"1";5;48;2
"23964";"202100023964";8;"03:35";"3";"988";"1";"1";"1";6;-21;164
"23965";"202100023965";8;"17:20";"2";"988";"2";"3";"1";7;-22;166
"23966";"202100023966";8;"17:30";"1";"66";"2";"1";"1";6;42;2
"23967";"202100023967";8;"16:25";"1";"34";"2";"1";"1";6;43;3
"23968";"202100023968";8;"18:50";"1";"83";"1";"1";"7";1;43;5
"23969";"202100023969";8;"16:30";"1";"05";"2";"1";"1";6;44;6
"23970";"202100023970";8;"00:14";"3";"70";"1";"1";"8";6;47;6
"23971";"202100023971";8;"19:15";"1";"03";"1";"1";"1";7;46;3
"23972";"202100023972";8;"16:40";"1";"73";"1";"1";"1";3;45;6
"23973";"202100023973";8;"07:00";"1";"01";"2";"6";"1";3;45;4
"23974";"202100023974";8;"19:00";"1";"69";"2";"3";"1";4;45;4
"23975";"202100023975";8;"05:30";"5";"17";"1";"9";"1";7;45;0
"23976";"202100023976";8;"21:45";"3";"13";"1";"9";"1";2;43;5
"23977";"202100023977";8;"21:30";"3";"01";"1";"1";"8";2;45;4
"23978";"202100023978";8;"19:00";"1";"33";"1";"1";"1";5;44;0
"23979";"202100023979";8;"08:25";"1";"33";"1";"1";"1";2;44;0
"23980";"202100023980";8;"01:14";"3";"91";"1";"1";"1";4;48;2
"23981";"202100023981";8;"15:30";"1";"92";"1";"1";"1";7;48;2
"23982";"202100023982";8;"06:30";"2";"95";"1";"1";"1";6;49;2
"23983";"202100023983";8;"19:24";"1";"17";"2";"1";"1";6;45;-1
"23984";"202100023984";8;"16:45";"1";"974";"1";"1";"1";1;-20;55
"23985";"202100023985";8;"13:05";"1";"973";"2";"1";"1";2;4;-52
"23986";"202100023986";8;"10:55";"1";"973";"2";"1";"1";3;4;-52
"23987";"202100023987";8;"12:00";"1";"69";"2";"1";"1";6;45;4
"23988";"202100023988";8;"16:12";"1";"972";"1";"1";"2";6;14;-61
"23989";"202100023989";8;"05:05";"3";"972";"1";"1";"1";6;14;-61
"23990";"202100023990";8;"08:00";"1";"972";"2";"1";"1";6;14;-61
"23991";"202100023991";8;"19:50";"1";"69";"2";"1";"1";7;45;4
"23992";"202100023992";8;"18:45";"1";"2B";"2";"1";"1";2;42;9
"23993";"202100023993";8;"20:00";"2";"2B";"2";"6";"1";3;42;9
"23994";"202100023994";8;"07:58";"1";"2B";"2";"1";"1";2;42;9
"23995";"202100023995";8;"15:20";"1";"95";"2";"1";"1";6;49;2
"23996";"202100023996";8;"21:30";"5";"95";"2";"4";"1";3;48;2
"23997";"202100023997";8;"17:00";"1";"88";"2";"3";"1";3;48;6
"23998";"202100023998";8;"14:30";"1";"83";"2";"1";"1";2;43;5
"23999";"202100023999";8;"18:15";"1";"83";"2";"1";"1";6;43;6
"24000";"202100024000";8;"09:10";"1";"82";"2";"3";"1";3;44;1
"24001";"202100024001";8;"16:30";"1";"76";"1";"8";"1";6;49;0
"24002";"202100024002";8;"15:49";"1";"73";"1";"1";"1";3;45;6
"24003";"202100024003";8;"19:20";"1";"73";"2";"3";"1";6;45;5
"24004";"202100024004";8;"18:05";"1";"69";"2";"3";"1";3;45;4
"24005";"202100024005";8;"08:48";"1";"69";"2";"1";"1";6;45;4
"24006";"202100024006";8;"12:00";"1";"69";"2";"9";"1";3;45;4
"24007";"202100024007";8;"05:30";"2";"59";"2";"1";"1";6;50;3
"24008";"202100024008";8;"21:00";"2";"59";"2";"2";"1";6;50;3
"24009";"202100024009";8;"11:29";"1";"51";"2";"2";"1";3;49;3
"24010";"202100024010";8;"12:30";"1";"45";"2";"1";"1";6;47;1
"24011";"202100024011";8;"20:35";"1";"37";"2";"1";"1";7;47;0
"24012";"202100024012";8;"02:55";"5";"33";"2";"1";"1";2;44;0
"24013";"202100024013";8;"16:30";"1";"33";"2";"1";"1";2;44;-1
"24014";"202100024014";8;"13:00";"1";"29";"2";"1";"1";6;48;-4
"24015";"202100024015";8;"15:40";"1";"29";"2";"1";"1";7;48;-4
"24016";"202100024016";8;"08:10";"1";"28";"2";"1";"1";1;48;1
"24017";"202100024017";7;"03:30";"5";"22";"2";"6";"1";7;48;-3
"24018";"202100024018";8;"16:45";"1";"15";"1";"1";"1";7;44;2
"24019";"202100024019";8;"19:00";"1";"14";"2";"3";"1";3;49;0
"24020";"202100024020";8;"03:45";"5";"13";"2";"1";"1";1;43;5
"24021";"202100024021";8;"10:30";"1";"03";"2";"1";"1";3;46;3
"24022";"202100024022";8;"16:45";"1";"75";"2";"4";"1";4;48;2
"24023";"202100024023";8;"23:23";"5";"75";"2";"3";"1";6;48;2
"24024";"202100024024";8;"12:00";"1";"75";"2";"5";"1";3;48;2
"24025";"202100024025";8;"22:00";"5";"75";"2";"3";"1";3;48;2
"24026";"202100024026";8;"15:30";"1";"75";"2";"2";"1";6;48;2
"24027";"202100024027";8;"17:55";"1";"75";"2";"2";"1";6;48;2
"24028";"202100024028";8;"10:00";"1";"75";"2";"2";"1";3;48;2
"24029";"202100024029";8;"13:16";"1";"75";"2";"2";"1";3;48;2
"24030";"202100024030";8;"20:45";"1";"75";"2";"1";"1";4;48;2
"24031";"202100024031";8;"23:50";"5";"94";"2";"2";"1";3;48;2
"24032";"202100024032";8;"17:45";"1";"94";"2";"3";"1";3;48;2
"24033";"202100024033";8;"12:10";"1";"94";"2";"1";"1";3;48;2