"";"Num_Acc";"mois";"hrmn";"lum";"dep";"agg";"int";"atm";"col";"lat";"long"
"24034";"202100024034";8;"20:50";"2";"94";"2";"3";"1";3;48;2
"24035";"202100024035";8;"12:45";"1";"94";"2";"1";"1";6;48;2
"24036";"202100024036";8;"08:30";"2";"93";"2";"1";"1";3;48;2
"24037";"202100024037";8;"11:30";"1";"93";"2";"2";"1";1;48;2
"24038";"202100024038";8;"06:50";"1";"92";"2";"1";"1";6;48;2
"24039";"202100024039";8;"11:15";"1";"54";"1";"1";"1";7;48;6
"24040";"202100024040";8;"09:45";"1";"06";"1";"9";"1";6;43;7
"24041";"202100024041";8;"12:46";"1";"84";"1";"3";"1";3;44;5
"24042";"202100024042";8;"17:50";"1";"62";"1";"9";"1";3;50;1
"24043";"202100024043";8;"05:30";"5";"66";"2";"6";"1";1;42;2
"24044";"202100024044";8;"04:30";"3";"62";"1";"1";"1";2;50;2
"24045";"202100024045";8;"20:30";"2";"51";"2";"3";"1";3;49;4
"24046";"202100024046";8;"19:30";"1";"19";"1";"1";"1";7;45;1
"24047";"202100024047";8;"12:40";"1";"74";"1";"3";"1";2;46;6
"24048";"202100024048";8;"19:50";"1";"79";"1";"3";"1";6;46;0
"24049";"202100024049";8;"18:07";"1";"65";"1";"1";"1";6;43;0
"24050";"202100024050";8;"14:00";"1";"71";"2";"1";"1";1;46;4
"24051";"202100024051";8;"04:20";"3";"41";"1";"1";"5";6;47;2
"24052";"202100024052";8;"06:50";"1";"34";"1";"1";"1";1;43;3
"24053";"202100024053";8;"19:50";"1";"25";"1";"1";"1";7;47;6
"24054";"202100024054";6;"19:15";"1";"29";"1";"1";"1";6;48;-3
"24055";"202100024055";8;"16:45";"1";"38";"1";"9";"1";6;44;5
"24056";"202100024056";8;"14:16";"1";"02";"1";"9";"1";1;49;3
"24057";"202100024057";8;"14:05";"1";"03";"1";"1";"1";6;46;3
"24058";"202100024058";8;"03:45";"3";"85";"1";"1";"1";2;46;-1
"24059";"202100024059";8;"07:00";"1";"70";"1";"1";"1";7;47;6
"24060";"202100024060";8;"12:15";"1";"66";"1";"3";"1";3;42;2
"24061";"202100024061";8;"16:30";"1";"14";"2";"1";"1";7;49;0
"24062";"202100024062";8;"15:30";"1";"14";"1";"2";"1";3;49;0
"24063";"202100024063";8;"19:10";"1";"50";"1";"1";"1";3;49;-1
"24064";"202100024064";8;"15:30";"1";"36";"1";"1";"1";6;46;1
"24065";"202100024065";8;"13:50";"1";"07";"1";"1";"1";7;44;4
"24066";"202100024066";8;"15:50";"1";"40";"1";"1";"1";3;44;-1
"24067";"202100024067";8;"23:45";"3";"24";"1";"1";"1";1;45;1
"24068";"202100024068";8;"17:30";"1";"04";"1";"1";"1";7;43;6
"24069";"202100024069";8;"16:55";"1";"27";"2";"1";"1";6;49;1
"24070";"202100024070";8;"01:10";"3";"27";"2";"1";"1";6;49;0
"24071";"202100024071";8;"20:20";"1";"28";"1";"1";"1";6;48;1
"24072";"202100024072";8;"07:10";"1";"17";"1";"1";"1";7;45;0
"24073";"202100024073";8;"15:15";"1";"08";"1";"1";"1";7;50;4
"24074";"202100024074";8;"14:30";"1";"80";"1";"1";"1";6;49;2
"24075";"202100024075";8;"07:40";"1";"26";"1";"1";"1";5;45;5
"24076";"202100024076";8;"09:20";"1";"01";"1";"1";"1";6;46;4
"24077";"202100024077";8;"11:45";"1";"973";"2";"1";"1";3;4;-52
"24078";"202100024078";8;"14:05";"1";"18";"1";"1";"1";7;46;2
"24079";"202100024079";8;"16:00";"1";"976";"2";"1";"1";3;-12;45
"24080";"202100024080";8;"14:00";"1";"973";"1";"3";"1";3;4;-52
"24081";"202100024081";8;"18:45";"1";"971";"2";"1";"1";6;16;-61
"24082";"202100024082";8;"15:00";"1";"77";"1";"1";"1";7;48;2
"24083";"202100024083";8;"22:00";"3";"2A";"1";"1";"1";3;41;9
"24084";"202100024084";8;"23:00";"5";"83";"2";"1";"1";3;43;6
"24085";"202100024085";8;"10:00";"1";"03";"1";"1";"1";7;46;3
"24086";"202100024086";8;"17:30";"1";"74";"2";"1";"1";7;46;6
"24087";"202100024087";8;"17:25";"1";"74";"2";"1";"1";6;45;6
"24088";"202100024088";8;"14:15";"1";"38";"1";"1";"1";3;45;5
"24089";"202100024089";8;"12:25";"1";"07";"2";"1";"1";1;45;4
"24090";"202100024090";8;"10:30";"1";"65";"1";"1";"1";2;42;0
"24091";"202100024091";8;"13:00";"1";"17";"1";"1";"1";7;45;0
"24092";"202100024092";8;"19:30";"1";"24";"1";"2";"1";3;44;0
"24093";"202100024093";8;"17:45";"1";"53";"1";"1";"1";7;48;0
"24094";"202100024094";8;"17:33";"1";"61";"1";"2";"1";3;48;0
"24095";"202100024095";8;"19:55";"1";"60";"2";"1";"1";1;49;2
"24096";"202100024096";8;"10:34";"1";"59";"2";"1";"1";6;50;3
"24097";"202100024097";8;"18:55";"1";"13";"1";"1";"1";2;43;5
"24098";"202100024098";8;"04:05";"3";"13";"1";"1";"1";6;43;5
"24099";"202100024099";8;"15:07";"1";"69";"1";"1";"1";6;45;4
"24100";"202100024100";7;"23:00";"3";"38";"1";"1";"1";2;45;4
"24101";"202100024101";8;"18:20";"1";"67";"1";"1";"1";4;48;7
"24102";"202100024102";8;"19:40";"1";"94";"1";"1";"1";5;48;2
"24103";"202100024103";8;"16:45";"1";"93";"1";"1";"1";4;48;2
"24104";"202100024104";8;"02:10";"3";"95";"1";"1";"1";7;48;2
"24105";"202100024105";8;"20:30";"1";"95";"1";"1";"1";6;49;2
"24106";"202100024106";8;"17:50";"1";"93";"1";"1";"1";3;48;2
"24107";"202100024107";8;"11:30";"1";"38";"2";"2";"1";6;45;5
"24108";"202100024108";8;"22:10";"5";"17";"2";"2";"1";6;45;0
"24109";"202100024109";8;"15:20";"1";"974";"1";"1";"1";2;-20;55
"24110";"202100024110";8;"22:15";"2";"69";"2";"1";"1";6;45;4
"24111";"202100024111";8;"16:00";"1";"69";"2";"9";"1";2;45;4
"24112";"202100024112";8;"13:10";"1";"69";"2";"2";"1";3;45;4
"24113";"202100024113";8;"20:57";"1";"69";"2";"1";"1";2;45;4
"24114";"202100024114";8;"18:25";"1";"69";"2";"1";"1";6;45;4
"24115";"202100024115";8;"17:45";"1";"69";"2";"1";"1";7;45;4
"24116";"202100024116";8;"11:40";"1";"95";"1";"1";"1";2;48;2
"24117";"202100024117";8;"00:45";"3";"82";"2";"1";"1";7;44;1
"24118";"202100024118";8;"14:18";"1";"79";"2";"2";"1";3;46;0
"24119";"202100024119";8;"09:45";"1";"78";"1";"2";"1";1;48;2
"24120";"202100024120";8;"09:47";"1";"77";"2";"1";"1";6;48;2
"24121";"202100024121";8;"08:30";"1";"76";"2";"2";"1";3;49;1
"24122";"202100024122";8;"01:35";"5";"76";"2";"9";"1";3;49;0
"24123";"202100024123";8;"15:40";"1";"71";"2";"1";"1";3;46;4
"24124";"202100024124";8;"21:10";"5";"69";"2";"1";"1";4;45;4
"24125";"202100024125";8;"18:50";"1";"69";"2";"1";"1";3;45;4
"24126";"202100024126";8;"17:45";"1";"68";"2";"1";"1";3;47;7
"24127";"202100024127";8;"22:49";"5";"59";"2";"2";"1";3;50;3
"24128";"202100024128";8;"19:25";"1";"45";"2";"3";"1";2;47;1
"24129";"202100024129";8;"18:40";"1";"44";"2";"2";"1";3;47;-1
"24130";"202100024130";8;"08:10";"1";"31";"1";"1";"1";2;43;1
"24131";"202100024131";8;"18:25";"1";"30";"1";"1";"1";7;44;4
"24132";"202100024132";8;"16:15";"1";"29";"1";"1";"1";2;47;-3
"24133";"202100024133";8;"14:40";"1";"25";"1";"1";"1";3;46;6
"24134";"202100024134";8;"23:45";"5";"25";"2";"2";"1";3;47;6
"24135";"202100024135";8;"00:55";"3";"17";"1";"1";"1";7;45;-1
"24136";"202100024136";8;"22:58";"5";"17";"2";"2";"1";3;46;-1
"24137";"202100024137";8;"23:30";"5";"13";"2";"1";"1";2;43;5
"24138";"202100024138";8;"20:45";"2";"13";"2";"1";"1";6;43;5
"24139";"202100024139";8;"20:30";"1";"13";"2";"1";"1";2;43;5
"24140";"202100024140";8;"13:30";"1";"13";"2";"1";"1";3;43;5
"24141";"202100024141";8;"12:35";"1";"12";"2";"1";"1";1;44;3
"24142";"202100024142";8;"13:15";"1";"11";"1";"4";"1";1;43;2
"24143";"202100024143";8;"18:45";"1";"10";"2";"2";"1";3;48;4
"24144";"202100024144";8;"12:05";"1";"06";"2";"1";"1";6;43;6
"24145";"202100024145";8;"16:00";"1";"75";"2";"1";"1";4;48;2
"24146";"202100024146";8;"17:45";"1";"75";"2";"7";"1";3;48;2
"24147";"202100024147";8;"10:20";"1";"75";"2";"3";"1";6;48;2
"24148";"202100024148";8;"11:15";"1";"75";"2";"1";"1";6;48;2
"24149";"202100024149";8;"11:10";"1";"75";"2";"3";"1";2;48;2
"24150";"202100024150";8;"22:30";"5";"75";"2";"2";"1";3;48;2
"24151";"202100024151";8;"12:15";"1";"75";"2";"2";"1";3;48;2
"24152";"202100024152";8;"12:05";"1";"94";"2";"4";"1";3;48;2
"24153";"202100024153";8;"18:40";"1";"94";"2";"3";"1";3;48;2
"24154";"202100024154";8;"19:00";"1";"94";"2";"5";"1";7;48;2
"24155";"202100024155";8;"19:00";"1";"93";"2";"1";"1";3;48;2
"24156";"202100024156";8;"15:50";"1";"35";"1";"1";"1";7;47;-1
"24157";"202100024157";8;"17:50";"1";"11";"1";"1";"1";7;43;2
"24158";"202100024158";8;"19:37";"1";"06";"2";"1";"1";7;43;7
"24159";"202100024159";5;"19:35";"1";"45";"1";"3";"1";6;47;2
"24160";"202100024160";8;"12:10";"1";"84";"1";"3";"1";3;44;5
"24161";"202100024161";6;"17:40";"1";"84";"1";"1";"1";1;44;5
"24162";"202100024162";8;"16:30";"1";"83";"1";"1";"1";3;43;6
"24163";"202100024163";8;"10:50";"1";"30";"1";"1";"1";6;44;4
"24164";"202100024164";8;"00:50";"5";"31";"2";"3";"1";3;43;1
"24165";"202100024165";8;"10:10";"1";"56";"1";"3";"2";1;47;-2
"24166";"202100024166";8;"20:00";"1";"79";"1";"1";"1";5;46;0
"24167";"202100024167";8;"20:45";"2";"80";"2";"3";"1";6;49;2
"24168";"202100024168";8;"06:00";"5";"69";"2";"1";"1";6;46;4
"24169";"202100024169";8;"07:10";"2";"32";"1";"1";"1";6;43;0
"24170";"202100024170";8;"08:30";"1";"11";"1";"1";"1";6;42;2
"24171";"202100024171";8;"14:45";"1";"71";"1";"1";"1";1;46;4
"24172";"202100024172";8;"16:00";"1";"46";"2";"6";"1";6;44;1
"24173";"202100024173";8;"11:20";"1";"41";"1";"1";"1";7;47;1
"24174";"202100024174";8;"06:55";"2";"22";"1";"1";"5";1;48;-2
"24175";"202100024175";8;"18:10";"1";"25";"2";"1";"1";7;46;6
"24176";"202100024176";8;"20:30";"2";"25";"2";"9";"1";7;47;6
"24177";"202100024177";8;"20:20";"1";"25";"2";"3";"1";3;47;5
"24178";"202100024178";8;"11:50";"1";"35";"1";"9";"1";3;48;-1
"24179";"202100024179";8;"00:40";"3";"31";"1";"1";"1";6;43;1
"24180";"202100024180";8;"06:15";"2";"38";"1";"1";"1";6;45;5
"24181";"202100024181";8;"17:50";"1";"02";"1";"1";"1";6;49;3
"24182";"202100024182";8;"11:30";"1";"15";"2";"1";"1";3;45;2
"24183";"202100024183";8;"17:30";"1";"15";"2";"1";"1";6;44;2
"24184";"202100024184";8;"16:30";"1";"70";"1";"3";"2";3;47;6
"24185";"202100024185";8;"20:20";"2";"50";"1";"1";"1";6;49;-1
"24186";"202100024186";8;"05:38";"2";"53";"2";"1";"1";1;47;0
"24187";"202100024187";8;"22:20";"3";"24";"1";"1";"1";6;44;0
"24188";"202100024188";8;"01:30";"3";"28";"1";"1";"1";6;48;0
"24189";"202100024189";8;"23:40";"3";"28";"1";"1";"1";6;48;1
"24190";"202100024190";8;"15:00";"1";"30";"2";"2";"1";3;43;4
"24191";"202100024191";8;"13:05";"1";"48";"1";"1";"1";6;44;3
"24192";"202100024192";8;"11:00";"1";"08";"1";"1";"1";6;49;4
"24193";"202100024193";8;"11:40";"1";"973";"2";"2";"1";3;4;-52
"24194";"202100024194";8;"00:30";"3";"13";"1";"9";"1";1;43;5
"24195";"202100024195";8;"07:15";"2";"01";"1";"1";"1";6;46;5
"24196";"202100024196";8;"15:50";"1";"67";"1";"1";"1";6;48;7
"24197";"202100024197";8;"16:58";"1";"58";"1";"1";"1";3;46;3
"24198";"202100024198";8;"11:00";"1";"13";"1";"1";"1";6;43;4
"24199";"202100024199";8;"15:20";"1";"60";"1";"1";"1";1;49;2
"24200";"202100024200";8;"22:30";"3";"988";"1";"1";"1";6;-20;167
"24201";"202100024201";8;"19:40";"1";"33";"1";"1";"7";3;45;-1
"24202";"202100024202";8;"18:40";"2";"77";"2";"9";"7";6;48;2
"24203";"202100024203";8;"03:00";"3";"77";"1";"1";"1";7;48;2
"24204";"202100024204";8;"22:10";"3";"78";"1";"1";"1";2;48;1
"24205";"202100024205";8;"02:05";"3";"34";"1";"1";"1";7;43;4
"24206";"202100024206";8;"11:30";"1";"83";"1";"1";"1";2;43;6
"24207";"202100024207";8;"13:45";"1";"06";"1";"3";"1";3;43;6
"24208";"202100024208";8;"01:30";"3";"89";"1";"1";"1";6;48;3
"24209";"202100024209";8;"18:30";"1";"71";"2";"3";"1";3;46;4
"24210";"202100024210";8;"11:35";"1";"55";"1";"1";"1";6;48;5
"24211";"202100024211";8;"08:26";"1";"73";"1";"1";"1";1;45;6
"24212";"202100024212";8;"18:15";"1";"38";"1";"1";"1";5;45;5
"24213";"202100024213";8;"13:30";"1";"09";"1";"1";"1";6;42;1
"24214";"202100024214";8;"20:30";"1";"33";"1";"1";"1";4;44;0
"24215";"202100024215";6;"17:45";"1";"33";"2";"1";"1";6;44;0
"24216";"202100024216";8;"18:00";"1";"14";"1";"3";"1";6;48;0
"24217";"202100024217";8;"22:35";"3";"56";"1";"1";"1";3;47;-3
"24218";"202100024218";8;"11:20";"1";"59";"2";"1";"1";1;50;3
"24219";"202100024219";8;"13:30";"1";"13";"1";"1";"1";6;43;5
"24220";"202100024220";8;"19:15";"1";"13";"1";"1";"1";4;43;5
"24221";"202100024221";8;"21:20";"2";"94";"1";"1";"1";7;48;2
"24222";"202100024222";8;"00:50";"5";"92";"1";"1";"1";5;48;2
"24223";"202100024223";8;"21:10";"2";"95";"1";"9";"1";6;49;2
"24224";"202100024224";8;"13:40";"1";"93";"1";"1";"1";3;48;2
"24225";"202100024225";8;"01:20";"3";"77";"1";"1";"1";6;48;2
"24226";"202100024226";8;"19:00";"1";"76";"2";"1";"1";6;49;0
"24227";"202100024227";8;"19:57";"1";"94";"2";"1";"1";4;48;2
"24228";"202100024228";8;"15:10";"1";"78";"1";"1";"1";2;48;1
"24229";"202100024229";8;"09:30";"1";"976";"2";"9";"1";3;-12;45
"24230";"202100024230";8;"17:20";"2";"974";"2";"2";"1";3;-20;55
"24231";"202100024231";8;"11:40";"1";"974";"2";"9";"1";2;-20;55
"24232";"202100024232";8;"17:00";"1";"974";"1";"1";"1";2;-20;55
"24233";"202100024233";8;"14:46";"1";"973";"1";"1";"2";2;4;-52
"24234";"202100024234";8;"11:10";"1";"973";"2";"4";"1";1;4;-52
"24235";"202100024235";8;"22:47";"5";"69";"2";"2";"1";3;45;4
"24236";"202100024236";8;"10:05";"1";"972";"1";"1";"1";6;14;-61
"24237";"202100024237";8;"20:45";"2";"2A";"2";"2";"1";6;41;8
"24238";"202100024238";8;"18:40";"1";"91";"2";"1";"1";7;48;2
"24239";"202100024239";8;"09:14";"1";"91";"2";"2";"1";3;48;2
"24240";"202100024240";8;"20:23";"2";"91";"2";"4";"8";7;48;2
"24241";"202100024241";8;"22:20";"5";"91";"2";"1";"1";3;48;2
"24242";"202100024242";8;"18:30";"1";"91";"2";"3";"1";3;48;2
"24243";"202100024243";8;"11:19";"1";"87";"1";"1";"1";7;45;1
"24244";"202100024244";8;"17:19";"1";"86";"2";"1";"1";4;46;0
"24245";"202100024245";8;"14:25";"1";"86";"2";"9";"1";3;46;0
"24246";"202100024246";8;"15:40";"1";"83";"2";"1";"1";1;43;6
"24247";"202100024247";8;"12:15";"1";"83";"2";"1";"1";3;43;6
"24248";"202100024248";8;"14:55";"1";"80";"2";"1";"1";7;49;2
"24249";"202100024249";8;"19:40";"1";"76";"2";"1";"1";6;49;1
"24250";"202100024250";8;"10:45";"1";"71";"2";"1";"1";6;46;4
"24251";"202100024251";8;"17:00";"1";"69";"2";"1";"1";6;45;4
"24252";"202100024252";8;"22:45";"5";"69";"2";"1";"1";6;45;4
"24253";"202100024253";8;"11:35";"1";"69";"2";"3";"1";2;45;4
"24254";"202100024254";8;"18:39";"1";"69";"1";"1";"3";3;46;4
"24255";"202100024255";8;"12:35";"1";"69";"2";"6";"1";7;45;4
"24256";"202100024256";8;"00:15";"5";"67";"2";"3";"1";1;48;7
"24257";"202100024257";8;"22:30";"5";"67";"2";"1";"1";7;48;7
"24258";"202100024258";8;"11:06";"1";"66";"2";"1";"1";2;42;2
"24259";"202100024259";8;"17:05";"1";"66";"2";"1";"1";5;42;2
"24260";"202100024260";8;"20:50";"2";"64";"1";"1";"1";6;43;-1
"24261";"202100024261";8;"17:25";"1";"64";"2";"6";"1";3;43;0
"24262";"202100024262";8;"21:50";"5";"64";"2";"1";"1";7;43;0
"24263";"202100024263";8;"09:50";"1";"64";"2";"1";"1";3;43;-1
"24264";"202100024264";8;"18:00";"1";"64";"2";"3";"1";3;43;-1
"24265";"202100024265";8;"16:55";"1";"59";"2";"1";"1";3;50;3
"24266";"202100024266";8;"19:30";"1";"59";"2";"2";"1";6;50;3
"24267";"202100024267";8;"16:10";"1";"54";"2";"2";"1";3;48;6
"24268";"202100024268";8;"10:45";"1";"54";"2";"1";"1";6;48;6
"24269";"202100024269";8;"17:40";"1";"54";"2";"1";"1";2;48;6
"24270";"202100024270";8;"10:50";"1";"51";"2";"3";"1";7;49;4
"24271";"202100024271";8;"10:35";"1";"51";"2";"2";"1";1;49;4
"24272";"202100024272";8;"20:40";"1";"50";"2";"2";"1";1;49;-1
"24273";"202100024273";8;"17:00";"1";"50";"2";"6";"1";7;49;-1
"24274";"202100024274";8;"00:30";"5";"44";"2";"2";"1";3;47;-1
"24275";"202100024275";8;"16:20";"1";"41";"2";"1";"1";6;47;1
"24276";"202100024276";8;"09:05";"1";"34";"2";"1";"1";7;43;3
"24277";"202100024277";8;"18:45";"1";"33";"2";"4";"1";3;44;0
"24278";"202100024278";8;"16:40";"1";"33";"2";"2";"1";3;44;0
"24279";"202100024279";8;"12:40";"1";"33";"2";"3";"1";3;44;0
"24280";"202100024280";8;"10:45";"1";"33";"2";"6";"1";3;44;0
"24281";"202100024281";8;"13:10";"1";"33";"2";"3";"1";3;44;0
"24282";"202100024282";8;"06:48";"2";"33";"2";"9";"1";3;44;0
"24283";"202100024283";8;"13:30";"1";"33";"2";"1";"1";6;44;-1
"24284";"202100024284";8;"02:30";"5";"31";"2";"1";"1";3;43;1
"24285";"202100024285";8;"12:46";"1";"31";"2";"9";"1";6;43;1
"24286";"202100024286";8;"22:55";"5";"27";"2";"2";"1";1;49;1
"24287";"202100024287";8;"19:31";"1";"17";"1";"1";"1";2;46;-1
"24288";"202100024288";8;"18:15";"1";"17";"2";"3";"1";1;46;-1
"24289";"202100024289";8;"08:37";"1";"17";"2";"1";"1";3;46;-1
"24290";"202100024290";7;"18:00";"1";"16";"1";"1";"1";6;45;0
"24291";"202100024291";8;"20:05";"1";"14";"2";"6";"1";3;49;0
"24292";"202100024292";7;"20:20";"1";"13";"1";"2";"1";3;43;4
"24293";"202100024293";8;"21:15";"5";"13";"2";"1";"1";7;43;5
"24294";"202100024294";8;"14:25";"1";"13";"2";"3";"1";1;43;5
"24295";"202100024295";8;"23:49";"5";"13";"2";"6";"1";1;43;5
"24296";"202100024296";8;"07:05";"1";"11";"2";"1";"1";6;43;2
"24297";"202100024297";8;"16:09";"1";"10";"2";"3";"1";3;48;4
"24298";"202100024298";8;"04:10";"3";"10";"2";"1";"1";6;48;4
"24299";"202100024299";8;"09:35";"1";"06";"2";"2";"1";6;43;7
"24300";"202100024300";8;"21:00";"2";"06";"1";"1";"1";5;43;6
"24301";"202100024301";8;"10:16";"1";"06";"2";"1";"1";6;43;6
"24302";"202100024302";8;"20:20";"1";"06";"2";"1";"1";4;43;7
"24303";"202100024303";8;"08:50";"1";"05";"2";"3";"1";3;44;6
"24304";"202100024304";8;"16:50";"1";"04";"1";"3";"1";1;43;5
"24305";"202100024305";8;"16:00";"1";"75";"2";"1";"1";3;48;2
"24306";"202100024306";8;"14:20";"1";"75";"2";"4";"1";5;48;2
"24307";"202100024307";8;"17:15";"1";"75";"2";"5";"1";3;48;2
"24308";"202100024308";8;"17:40";"1";"75";"2";"4";"1";6;48;2
"24309";"202100024309";8;"23:40";"5";"75";"2";"2";"1";6;48;2
"24310";"202100024310";8;"17:16";"1";"75";"2";"2";"7";3;48;2
"24311";"202100024311";8;"15:45";"1";"75";"2";"2";"1";3;48;2
"24312";"202100024312";8;"06:51";"2";"75";"2";"2";"1";6;48;2
"24313";"202100024313";8;"23:00";"5";"75";"2";"3";"1";1;48;2
"24314";"202100024314";8;"23:05";"5";"75";"2";"1";"1";2;48;2
"24315";"202100024315";8;"14:20";"1";"75";"2";"7";"1";7;48;2
"24316";"202100024316";8;"09:45";"1";"75";"2";"3";"1";3;48;2
"24317";"202100024317";8;"17:04";"1";"75";"2";"4";"1";2;48;2
"24318";"202100024318";8;"19:18";"1";"75";"2";"2";"1";6;48;2
"24319";"202100024319";8;"21:55";"5";"75";"2";"3";"1";7;48;2
"24320";"202100024320";8;"16:45";"1";"94";"2";"1";"1";3;48;2
"24321";"202100024321";8;"00:55";"5";"94";"2";"1";"1";6;48;2
"24322";"202100024322";8;"21:44";"5";"94";"2";"1";"1";2;48;2
"24323";"202100024323";8;"08:10";"1";"94";"2";"1";"1";6;48;2
"24324";"202100024324";8;"20:32";"2";"93";"2";"9";"1";3;48;2
"24325";"202100024325";8;"13:20";"1";"93";"2";"2";"1";3;48;2
"24326";"202100024326";8;"18:45";"1";"93";"2";"3";"9";3;48;2
"24327";"202100024327";8;"19:00";"1";"93";"2";"7";"1";2;48;2
"24328";"202100024328";8;"08:35";"1";"92";"2";"1";"1";6;48;2
"24329";"202100024329";8;"18:40";"1";"92";"2";"6";"1";3;48;2
"24330";"202100024330";8;"14:25";"1";"92";"2";"2";"1";3;48;2
"24331";"202100024331";8;"23:30";"5";"92";"2";"1";"1";7;48;2
"24332";"202100024332";8;"01:10";"5";"92";"2";"3";"1";6;48;2
"24333";"202100024333";8;"14:40";"1";"35";"2";"1";"1";1;47;-1
"24334";"202100024334";8;"17:00";"1";"60";"1";"1";"1";5;49;1
"24335";"202100024335";8;"06:30";"2";"95";"1";"1";"1";1;49;2
"24336";"202100024336";8;"20:36";"2";"52";"1";"1";"1";7;48;5
"24337";"202100024337";8;"16:00";"1";"73";"1";"1";"1";6;45;5
"24338";"202100024338";8;"03:40";"3";"95";"1";"1";"1";6;49;2
"24339";"202100024339";8;"16:10";"1";"84";"1";"1";"1";1;44;5
"24340";"202100024340";8;"18:50";"1";"51";"1";"1";"1";7;49;3
"24341";"202100024341";8;"15:00";"1";"23";"1";"1";"2";6;46;1
"24342";"202100024342";8;"08:15";"1";"63";"2";"1";"1";6;45;2
"24343";"202100024343";7;"21:15";"2";"22";"1";"1";"1";7;48;-3
"24344";"202100024344";8;"15:50";"1";"14";"1";"1";"1";6;49;0
"24345";"202100024345";8;"21:45";"3";"42";"2";"1";"1";7;46;3
"24346";"202100024346";8;"16:20";"1";"54";"1";"1";"1";7;49;5
"24347";"202100024347";8;"16:50";"1";"34";"1";"1";"1";6;43;3
"24348";"202100024348";8;"07:55";"1";"34";"1";"1";"1";2;43;3
"24349";"202100024349";8;"17:30";"1";"38";"1";"1";"1";3;44;5
"24350";"202100024350";8;"00:25";"5";"57";"2";"1";"1";6;48;6
"24351";"202100024351";8;"16:19";"1";"95";"2";"1";"1";1;49;2
"24352";"202100024352";8;"12:00";"1";"95";"1";"1";"1";6;49;2
"24353";"202100024353";8;"14:10";"1";"19";"1";"1";"1";6;45;1
"24354";"202100024354";8;"09:50";"1";"19";"1";"1";"1";1;45;1
"24355";"202100024355";8;"18:30";"1";"76";"1";"1";"1";7;49;0
"24356";"202100024356";8;"14:25";"1";"76";"1";"2";"1";3;49;0
"24357";"202100024357";8;"09:40";"1";"76";"1";"1";"1";1;49;1
"24358";"202100024358";8;"05:30";"5";"2A";"1";"6";"1";3;41;8
"24359";"202100024359";8;"12:00";"1";"33";"2";"3";"1";3;44;0
"24360";"202100024360";7;"07:10";"2";"33";"1";"1";"1";1;44;0
"24361";"202100024361";8;"17:30";"1";"32";"1";"1";"1";6;43;0
"24362";"202100024362";8;"16:30";"1";"32";"1";"3";"1";1;43;0
"24363";"202100024363";8;"11:40";"1";"71";"1";"1";"1";7;46;4
"24364";"202100024364";8;"01:00";"5";"63";"2";"2";"8";3;45;3
"24365";"202100024365";8;"09:00";"1";"63";"1";"1";"1";3;45;3
"24366";"202100024366";8;"09:00";"1";"61";"1";"1";"1";6;48;0
"24367";"202100024367";8;"21:43";"5";"61";"2";"9";"1";6;48;0
"24368";"202100024368";8;"14:10";"1";"12";"1";"1";"1";6;44;2
"24369";"202100024369";8;"09:30";"1";"47";"1";"1";"9";7;44;0
"24370";"202100024370";8;"15:15";"1";"47";"1";"1";"1";6;44;0
"24371";"202100024371";8;"09:45";"1";"68";"1";"1";"1";7;47;7
"24372";"202100024372";8;"11:50";"1";"39";"1";"3";"1";1;46;6
"24373";"202100024373";8;"00:25";"3";"39";"1";"1";"1";7;46;5
"24374";"202100024374";8;"15:50";"1";"39";"1";"1";"1";1;46;5
"24375";"202100024375";8;"18:10";"1";"44";"1";"2";"1";3;47;-1
"24376";"202100024376";8;"10:30";"1";"44";"1";"1";"1";3;47;-1
"24377";"202100024377";8;"07:00";"1";"44";"2";"1";"1";7;47;-1
"24378";"202100024378";8;"22:50";"5";"35";"2";"6";"1";3;48;-1
"24379";"202100024379";8;"19:55";"1";"35";"1";"1";"1";7;48;-1
"24380";"202100024380";8;"18:50";"1";"35";"2";"3";"1";1;48;-2
"24381";"202100024381";8;"13:30";"1";"29";"1";"1";"1";2;47;-3
"24382";"202100024382";8;"23:20";"5";"29";"2";"3";"1";6;48;-3
"24383";"202100024383";8;"21:30";"2";"29";"2";"1";"1";6;48;-3
"24384";"202100024384";8;"01:30";"3";"29";"2";"1";"1";7;48;-4
"24385";"202100024385";8;"21:30";"5";"31";"2";"1";"1";5;43;0
"24386";"202100024386";8;"06:45";"2";"65";"2";"3";"1";3;42;0
"24387";"202100024387";8;"19:35";"1";"31";"2";"4";"1";3;43;1
"24388";"202100024388";8;"18:50";"1";"38";"1";"1";"2";1;45;4
"24389";"202100024389";8;"03:15";"4";"38";"2";"1";"1";6;45;5
"24390";"202100024390";8;"18:00";"1";"38";"2";"1";"1";6;44;5
"24391";"202100024391";8;"23:15";"3";"02";"1";"9";"1";3;49;3
"24392";"202100024392";8;"22:45";"3";"84";"1";"1";"1";7;43;5
"24393";"202100024393";8;"11:10";"1";"03";"1";"1";"1";3;46;2
"24394";"202100024394";8;"16:00";"1";"03";"1";"1";"1";6;46;3
"24395";"202100024395";8;"17:12";"1";"15";"1";"1";"1";7;45;2
"24396";"202100024396";8;"17:00";"1";"70";"1";"1";"1";6;47;6
"24397";"202100024397";8;"16:10";"1";"66";"1";"1";"1";3;42;2
"24398";"202100024398";8;"17:30";"1";"72";"1";"9";"1";3;48;0