"";"Num_Acc";"mois";"hrmn";"lum";"dep";"agg";"int";"atm";"col";"lat";"long"
"24399";"202100024399";8;"13:30";"1";"06";"1";"1";"1";2;43;7
"24400";"202100024400";8;"12:30";"1";"14";"1";"1";"1";1;49;0
"24401";"202100024401";8;"17:36";"1";"05";"1";"3";"7";3;44;6
"24402";"202100024402";8;"18:50";"1";"50";"1";"1";"1";6;48;-1
"24403";"202100024403";8;"08:00";"1";"83";"1";"4";"1";3;43;6
"24404";"202100024404";8;"19:25";"1";"60";"1";"2";"1";3;49;2
"24405";"202100024405";8;"22:35";"5";"60";"2";"3";"1";3;49;2
"24406";"202100024406";8;"17:49";"1";"10";"2";"5";"1";3;48;3
"24407";"202100024407";8;"07:25";"1";"10";"2";"1";"1";3;48;4
"24408";"202100024408";8;"00:35";"3";"36";"1";"1";"1";6;46;1
"24409";"202100024409";8;"17:25";"1";"16";"1";"2";"1";3;46;0
"24410";"202100024410";8;"15:30";"1";"16";"1";"1";"1";6;45;0
"24411";"202100024411";8;"21:45";"2";"53";"1";"1";"1";7;48;0
"24412";"202100024412";8;"20:00";"2";"24";"1";"1";"1";1;45;1
"24413";"202100024413";8;"13:30";"1";"04";"1";"1";"1";5;43;6
"24414";"202100024414";8;"19:45";"1";"85";"1";"1";"1";5;46;-1
"24415";"202100024415";7;"07:00";"2";"85";"1";"1";"2";6;46;-1
"24416";"202100024416";8;"06:30";"2";"85";"1";"1";"1";3;46;-1
"24417";"202100024417";8;"17:09";"1";"85";"1";"1";"1";3;46;0
"24418";"202100024418";8;"04:10";"5";"27";"2";"1";"1";6;49;1
"24419";"202100024419";8;"10:10";"1";"27";"2";"1";"1";6;49;0
"24420";"202100024420";8;"14:35";"1";"28";"2";"1";"1";6;48;1
"24421";"202100024421";8;"15:10";"1";"37";"1";"2";"1";3;47;0
"24422";"202100024422";8;"18:00";"1";"37";"2";"6";"1";1;47;0
"24423";"202100024423";8;"15:30";"1";"08";"1";"1";"1";2;49;5
"24424";"202100024424";8;"10:45";"1";"88";"1";"1";"7";7;47;6
"24425";"202100024425";8;"10:40";"1";"24";"2";"9";"1";3;44;0
"24426";"202100024426";8;"14:30";"1";"68";"1";"1";"1";2;48;7
"24427";"202100024427";8;"11:45";"1";"973";"1";"1";"1";2;4;-52
"24428";"202100024428";8;"10:20";"1";"69";"2";"9";"1";3;45;4
"24429";"202100024429";8;"15:30";"1";"69";"2";"2";"1";1;45;4
"24430";"202100024430";8;"09:05";"1";"42";"2";"1";"1";3;45;4
"24431";"202100024431";8;"09:00";"1";"67";"1";"1";"1";2;48;7
"24432";"202100024432";8;"08:55";"1";"47";"1";"1";"1";2;44;0
"24433";"202100024433";8;"22:35";"3";"53";"1";"1";"1";2;48;0
"24434";"202100024434";8;"10:20";"1";"971";"2";"9";"1";3;16;-61
"24435";"202100024435";8;"10:07";"1";"17";"1";"1";"1";3;45;0
"24436";"202100024436";8;"11:45";"1";"68";"2";"3";"1";6;47;7
"24437";"202100024437";8;"06:50";"1";"987";"2";"3";"1";3;-17;-149
"24438";"202100024438";8;"04:30";"3";"988";"1";"3";"1";6;-20;164
"24439";"202100024439";8;"20:00";"5";"971";"1";"2";"1";3;16;-61
"24440";"202100024440";8;"10:33";"1";"21";"2";"4";"1";3;47;5
"24441";"202100024441";8;"18:20";"1";"41";"2";"1";"1";6;47;1
"24442";"202100024442";8;"14:25";"1";"45";"2";"3";"1";6;47;2
"24443";"202100024443";8;"16:55";"1";"45";"1";"9";"1";2;47;2
"24444";"202100024444";8;"16:00";"1";"77";"1";"1";"1";6;48;2
"24445";"202100024445";8;"15:15";"1";"2B";"2";"3";"1";3;42;8
"24446";"202100024446";8;"11:50";"1";"66";"1";"9";"1";2;42;3
"24447";"202100024447";8;"14:55";"1";"66";"2";"1";"1";5;42;3
"24448";"202100024448";8;"00:40";"3";"83";"1";"1";"1";6;43;6
"24449";"202100024449";8;"01:00";"3";"83";"1";"1";"1";7;43;6
"24450";"202100024450";8;"13:30";"1";"83";"1";"1";"1";1;43;6
"24451";"202100024451";8;"19:45";"1";"05";"2";"1";"1";7;44;5
"24452";"202100024452";8;"19:30";"2";"04";"1";"2";"1";3;43;5
"24453";"202100024453";8;"15:15";"1";"13";"1";"1";"1";1;43;5
"24454";"202100024454";8;"15:40";"1";"68";"1";"1";"1";7;47;7
"24455";"202100024455";8;"10:50";"1";"68";"2";"2";"1";3;48;7
"24456";"202100024456";8;"17:55";"1";"67";"1";"1";"1";6;49;7
"24457";"202100024457";8;"15:10";"1";"67";"2";"1";"1";3;48;7
"24458";"202100024458";8;"03:15";"3";"88";"1";"1";"1";1;48;6
"24459";"202100024459";8;"12:15";"1";"74";"1";"9";"1";7;46;6
"24460";"202100024460";8;"16:10";"1";"73";"1";"1";"7";3;45;6
"24461";"202100024461";8;"19:05";"1";"42";"2";"1";"1";1;45;4
"24462";"202100024462";8;"09:15";"1";"26";"1";"2";"1";2;44;4
"24463";"202100024463";8;"09:35";"1";"81";"1";"1";"1";1;43;2
"24464";"202100024464";8;"09:45";"1";"09";"1";"1";"1";3;42;1
"24465";"202100024465";8;"23:55";"3";"16";"1";"1";"1";5;45;0
"24466";"202100024466";8;"11:45";"1";"33";"2";"1";"1";3;45;0
"24467";"202100024467";8;"23:40";"3";"33";"1";"1";"1";6;44;0
"24468";"202100024468";8;"21:00";"2";"49";"1";"1";"1";7;47;0
"24469";"202100024469";8;"10:00";"1";"22";"2";"1";"1";7;48;-3
"24470";"202100024470";8;"16:10";"1";"27";"1";"1";"1";7;48;0
"24471";"202100024471";8;"12:30";"1";"76";"2";"1";"1";1;49;0
"24472";"202100024472";8;"08:40";"1";"80";"1";"1";"1";7;49;2
"24473";"202100024473";7;"11:20";"1";"59";"2";"9";"1";5;50;3
"24474";"202100024474";8;"19:50";"1";"59";"2";"1";"1";6;50;2
"24475";"202100024475";8;"15:45";"1";"13";"1";"1";"1";4;43;5
"24476";"202100024476";8;"12:45";"1";"83";"1";"1";"1";2;43;5
"24477";"202100024477";8;"04:30";"3";"69";"1";"1";"1";2;45;4
"24478";"202100024478";8;"13:05";"1";"33";"1";"1";"1";3;44;0
"24479";"202100024479";8;"08:45";"1";"33";"1";"3";"1";4;44;0
"24480";"202100024480";8;"08:10";"1";"33";"1";"1";"1";2;44;0
"24481";"202100024481";8;"03:00";"5";"93";"1";"1";"1";2;48;2
"24482";"202100024482";8;"22:00";"3";"93";"1";"1";"1";4;48;2
"24483";"202100024483";8;"22:35";"5";"93";"1";"1";"1";2;48;2
"24484";"202100024484";8;"11:15";"1";"94";"1";"1";"1";2;48;2
"24485";"202100024485";8;"07:55";"1";"77";"1";"1";"1";2;48;2
"24486";"202100024486";8;"23:30";"3";"94";"1";"1";"1";6;48;2
"24487";"202100024487";5;"12:00";"1";"73";"2";"1";"1";3;45;6
"24488";"202100024488";8;"16:03";"1";"973";"2";"9";"1";2;4;-52
"24489";"202100024489";8;"16:05";"1";"69";"2";"2";"1";2;45;4
"24490";"202100024490";8;"13:05";"1";"972";"1";"3";"1";3;14;-61
"24491";"202100024491";8;"03:30";"5";"69";"2";"1";"1";6;45;4
"24492";"202100024492";8;"09:00";"1";"69";"2";"1";"1";6;45;4
"24493";"202100024493";8;"06:40";"1";"971";"2";"3";"1";2;16;-61
"24494";"202100024494";8;"18:30";"1";"86";"2";"1";"1";3;46;0
"24495";"202100024495";8;"15:30";"1";"86";"2";"3";"1";3;46;0
"24496";"202100024496";7;"09:05";"1";"84";"1";"1";"1";4;43;5
"24497";"202100024497";8;"08:50";"1";"83";"1";"1";"1";3;43;6
"24498";"202100024498";8;"21:45";"5";"83";"2";"6";"1";6;43;6
"24499";"202100024499";8;"21:35";"5";"83";"2";"1";"1";3;43;6
"24500";"202100024500";8;"11:30";"1";"83";"2";"3";"1";3;43;6
"24501";"202100024501";8;"20:29";"1";"80";"2";"1";"1";2;49;2
"24502";"202100024502";8;"17:50";"1";"77";"2";"1";"1";2;48;2
"24503";"202100024503";8;"17:20";"1";"76";"1";"1";"1";2;49;1
"24504";"202100024504";8;"18:00";"1";"76";"2";"1";"1";6;49;1
"24505";"202100024505";8;"13:20";"1";"76";"2";"2";"1";3;49;0
"24506";"202100024506";8;"11:45";"1";"76";"2";"2";"1";3;49;0
"24507";"202100024507";8;"18:15";"1";"76";"1";"3";"1";2;49;0
"24508";"202100024508";8;"15:05";"1";"70";"2";"3";"1";3;47;6
"24509";"202100024509";8;"18:55";"2";"69";"2";"3";"3";7;45;4
"24510";"202100024510";8;"12:35";"1";"66";"2";"3";"1";3;42;2
"24511";"202100024511";8;"12:35";"1";"64";"2";"1";"1";3;43;-1
"24512";"202100024512";8;"10:30";"1";"64";"2";"1";"8";3;43;-1
"24513";"202100024513";8;"19:44";"1";"63";"2";"2";"1";3;45;3
"24514";"202100024514";8;"17:30";"1";"63";"2";"4";"1";3;45;3
"24515";"202100024515";8;"23:55";"3";"62";"2";"1";"1";6;50;2
"24516";"202100024516";8;"14:10";"1";"56";"2";"1";"1";1;47;-3
"24517";"202100024517";8;"15:45";"1";"56";"1";"1";"1";2;47;-3
"24518";"202100024518";8;"20:45";"1";"54";"2";"1";"1";3;48;6
"24519";"202100024519";8;"10:45";"1";"54";"2";"2";"1";3;48;6
"24520";"202100024520";8;"11:15";"1";"41";"2";"1";"1";7;47;1
"24521";"202100024521";8;"13:10";"1";"40";"2";"9";"1";3;43;0
"24522";"202100024522";8;"15:56";"1";"37";"2";"3";"1";3;47;0
"24523";"202100024523";8;"15:40";"1";"33";"2";"2";"1";3;44;0
"24524";"202100024524";8;"08:14";"1";"33";"2";"8";"1";3;44;0
"24525";"202100024525";8;"12:30";"1";"33";"2";"1";"1";6;44;0
"24526";"202100024526";8;"18:55";"1";"32";"2";"1";"1";7;43;0
"24527";"202100024527";8;"19:35";"1";"29";"2";"6";"1";6;48;-3
"24528";"202100024528";8;"20:40";"1";"28";"2";"1";"1";1;48;1
"24529";"202100024529";8;"12:25";"1";"27";"1";"1";"1";6;49;1
"24530";"202100024530";8;"19:20";"1";"25";"2";"4";"1";1;47;6
"24531";"202100024531";8;"21:40";"5";"18";"2";"1";"1";6;47;2
"24532";"202100024532";8;"07:45";"1";"13";"2";"1";"1";1;43;5
"24533";"202100024533";8;"17:06";"1";"13";"2";"1";"1";3;43;5
"24534";"202100024534";8;"19:45";"1";"13";"2";"1";"1";2;43;5
"24535";"202100024535";8;"17:45";"1";"13";"2";"2";"1";3;43;5
"24536";"202100024536";8;"13:25";"1";"13";"2";"9";"1";3;43;5
"24537";"202100024537";8;"01:40";"5";"13";"2";"1";"1";7;43;5
"24538";"202100024538";8;"01:20";"5";"13";"2";"1";"1";6;43;5
"24539";"202100024539";8;"17:25";"1";"11";"2";"1";"1";3;43;2
"24540";"202100024540";8;"18:45";"1";"11";"2";"3";"1";3;43;2
"24541";"202100024541";8;"17:03";"1";"10";"2";"1";"1";2;48;4
"24542";"202100024542";8;"13:45";"1";"06";"2";"1";"1";6;43;7
"24543";"202100024543";8;"08:45";"1";"06";"2";"1";"1";3;43;6
"24544";"202100024544";8;"04:50";"5";"06";"2";"1";"1";6;43;7
"24545";"202100024545";8;"21:05";"1";"02";"2";"2";"1";3;49;3
"24546";"202100024546";8;"19:00";"1";"75";"2";"1";"1";3;48;2
"24547";"202100024547";8;"18:20";"1";"75";"2";"4";"1";3;48;2
"24548";"202100024548";8;"22:30";"5";"75";"2";"1";"1";3;48;2
"24549";"202100024549";8;"16:00";"1";"75";"2";"1";"1";2;48;2
"24550";"202100024550";8;"17:25";"1";"75";"2";"1";"1";2;48;2
"24551";"202100024551";8;"00:02";"5";"75";"2";"4";"1";3;48;2
"24552";"202100024552";8;"19:00";"1";"75";"2";"1";"1";2;48;2
"24553";"202100024553";8;"19:20";"1";"75";"2";"3";"1";1;48;2
"24554";"202100024554";8;"19:23";"1";"75";"2";"2";"1";2;48;2
"24555";"202100024555";8;"16:55";"1";"75";"2";"3";"1";3;48;2
"24556";"202100024556";8;"11:55";"1";"94";"2";"1";"1";3;48;2
"24557";"202100024557";8;"14:20";"1";"94";"2";"1";"1";6;48;2
"24558";"202100024558";8;"13:30";"1";"94";"2";"1";"1";2;48;2
"24559";"202100024559";8;"07:48";"1";"94";"2";"1";"1";2;48;2
"24560";"202100024560";8;"17:40";"1";"93";"1";"1";"1";7;48;2
"24561";"202100024561";8;"20:10";"1";"93";"2";"3";"1";3;48;2
"24562";"202100024562";8;"10:15";"1";"93";"2";"1";"1";2;48;2
"24563";"202100024563";8;"23:10";"5";"93";"2";"1";"1";3;48;2
"24564";"202100024564";8;"20:55";"1";"93";"2";"1";"1";1;48;2
"24565";"202100024565";8;"09:10";"1";"93";"2";"1";"1";6;48;2
"24566";"202100024566";8;"22:00";"5";"93";"2";"2";"1";3;48;2
"24567";"202100024567";8;"19:45";"1";"93";"2";"9";"1";6;48;2
"24568";"202100024568";8;"15:00";"1";"93";"2";"1";"1";3;48;2
"24569";"202100024569";8;"19:38";"1";"93";"2";"1";"1";6;48;2
"24570";"202100024570";8;"14:30";"1";"92";"2";"2";"1";3;48;2
"24571";"202100024571";8;"15:00";"1";"92";"2";"6";"1";3;48;2
"24572";"202100024572";8;"01:29";"5";"92";"2";"2";"1";3;48;2
"24573";"202100024573";8;"00:39";"3";"13";"1";"1";"1";2;43;5
"24574";"202100024574";8;"19:50";"1";"13";"1";"1";"1";4;43;5
"24575";"202100024575";8;"07:24";"1";"13";"2";"1";"1";4;43;5
"24576";"202100024576";8;"21:15";"2";"33";"1";"1";"1";3;44;0
"24577";"202100024577";8;"09:30";"1";"62";"1";"1";"1";6;50;2
"24578";"202100024578";8;"12:05";"1";"91";"1";"1";"1";3;48;2
"24579";"202100024579";8;"17:00";"1";"92";"1";"1";"1";2;48;2
"24580";"202100024580";8;"08:00";"1";"93";"1";"1";"1";2;48;2
"24581";"202100024581";8;"13:00";"1";"95";"1";"1";"1";6;48;2
"24582";"202100024582";8;"19:00";"1";"77";"1";"1";"1";3;48;2
"24583";"202100024583";8;"21:10";"1";"72";"2";"3";"1";3;47;0
"24584";"202100024584";5;"18:50";"1";"26";"1";"1";"2";6;45;4
"24585";"202100024585";8;"08:35";"1";"973";"2";"4";"1";2;4;-52
"24586";"202100024586";8;"16:50";"1";"973";"2";"1";"1";1;4;-52
"24587";"202100024587";8;"19:15";"1";"69";"2";"2";"1";6;45;4
"24588";"202100024588";8;"17:30";"1";"69";"2";"3";"1";2;45;4
"24589";"202100024589";8;"23:11";"3";"95";"2";"2";"1";3;48;2
"24590";"202100024590";8;"18:45";"1";"91";"2";"2";"1";3;48;2
"24591";"202100024591";8;"11:36";"1";"87";"2";"1";"1";7;45;1
"24592";"202100024592";8;"05:34";"5";"87";"2";"1";"1";7;45;1
"24593";"202100024593";8;"04:19";"5";"87";"2";"3";"1";3;45;1
"24594";"202100024594";8;"09:23";"1";"77";"1";"3";"1";6;48;2
"24595";"202100024595";8;"20:00";"1";"76";"2";"9";"1";3;49;1
"24596";"202100024596";8;"17:30";"1";"76";"1";"1";"1";2;49;1
"24597";"202100024597";8;"21:35";"1";"74";"2";"9";"1";5;46;6
"24598";"202100024598";8;"11:00";"1";"72";"2";"1";"1";6;48;0
"24599";"202100024599";8;"09:00";"1";"69";"2";"1";"1";6;45;4
"24600";"202100024600";8;"13:30";"1";"59";"2";"3";"1";1;50;3
"24601";"202100024601";8;"15:00";"1";"59";"2";"2";"1";3;50;3
"24602";"202100024602";8;"21:50";"3";"57";"1";"1";"1";3;49;6
"24603";"202100024603";8;"13:44";"1";"51";"2";"6";"1";3;49;4
"24604";"202100024604";8;"13:10";"1";"49";"2";"1";"1";3;47;0
"24605";"202100024605";8;"20:15";"1";"45";"2";"1";"1";6;47;1
"24606";"202100024606";8;"01:45";"5";"44";"1";"2";"2";3;47;-1
"24607";"202100024607";8;"17:10";"1";"37";"1";"1";"1";1;47;0
"24608";"202100024608";8;"14:00";"1";"37";"2";"2";"1";6;47;0
"24609";"202100024609";8;"21:45";"5";"34";"2";"1";"1";6;43;3
"24610";"202100024610";8;"09:10";"1";"33";"2";"1";"1";6;44;0
"24611";"202100024611";8;"09:20";"1";"33";"2";"1";"7";6;44;-1
"24612";"202100024612";8;"17:25";"1";"29";"2";"1";"1";6;48;-4
"24613";"202100024613";8;"14:56";"1";"29";"2";"9";"1";3;48;-4
"24614";"202100024614";8;"17:30";"1";"26";"1";"1";"1";6;44;4
"24615";"202100024615";8;"13:45";"1";"14";"2";"1";"2";7;49;0
"24616";"202100024616";8;"02:50";"5";"14";"2";"9";"1";6;49;0
"24617";"202100024617";8;"12:10";"1";"14";"2";"6";"1";2;49;0
"24618";"202100024618";8;"17:05";"1";"13";"2";"1";"1";1;43;5
"24619";"202100024619";8;"08:00";"1";"13";"2";"1";"1";3;43;5
"24620";"202100024620";8;"07:35";"1";"13";"2";"3";"1";3;43;5
"24621";"202100024621";8;"22:50";"5";"13";"2";"9";"1";3;43;4
"24622";"202100024622";8;"11:20";"1";"12";"2";"3";"1";3;44;3
"24623";"202100024623";8;"13:00";"1";"07";"1";"1";"1";7;44;4
"24624";"202100024624";8;"11:30";"1";"06";"2";"1";"1";6;43;7
"24625";"202100024625";8;"12:10";"1";"05";"2";"4";"1";2;44;6
"24626";"202100024626";8;"15:00";"1";"75";"2";"3";"1";3;48;2
"24627";"202100024627";8;"09:35";"1";"75";"2";"2";"2";3;48;2
"24628";"202100024628";8;"09:01";"1";"75";"2";"3";"1";3;48;2
"24629";"202100024629";8;"06:40";"1";"75";"2";"3";"1";3;48;2
"24630";"202100024630";8;"23:15";"5";"75";"2";"3";"1";3;48;2
"24631";"202100024631";8;"16:04";"1";"75";"2";"2";"1";6;48;2
"24632";"202100024632";8;"00:15";"5";"75";"2";"2";"2";2;48;2
"24633";"202100024633";8;"16:45";"1";"75";"2";"2";"1";3;48;2
"24634";"202100024634";8;"17:00";"1";"94";"2";"1";"1";6;48;2
"24635";"202100024635";8;"13:20";"1";"94";"2";"2";"1";6;48;2
"24636";"202100024636";8;"03:46";"5";"94";"2";"3";"1";6;48;2
"24637";"202100024637";8;"19:00";"1";"94";"2";"3";"1";3;48;2
"24638";"202100024638";8;"22:50";"5";"93";"2";"9";"1";6;48;2
"24639";"202100024639";8;"05:20";"5";"93";"2";"2";"1";6;48;2
"24640";"202100024640";8;"22:20";"5";"92";"2";"1";"1";2;48;2
"24641";"202100024641";8;"15:55";"1";"92";"2";"5";"1";6;48;2
"24642";"202100024642";8;"09:10";"1";"92";"2";"3";"1";3;48;2
"24643";"202100024643";8;"23:00";"5";"92";"2";"9";"1";1;48;2
"24644";"202100024644";8;"08:15";"1";"92";"2";"3";"1";3;48;2
"24645";"202100024645";8;"11:00";"1";"92";"2";"3";"1";3;48;2
"24646";"202100024646";7;"16:05";"1";"92";"2";"1";"1";5;48;2
"24647";"202100024647";7;"17:00";"1";"92";"2";"3";"1";3;48;2
"24648";"202100024648";8;"14:45";"1";"50";"1";"1";"1";2;48;-1
"24649";"202100024649";8;"06:50";"2";"40";"2";"2";"1";3;43;-1
"24650";"202100024650";8;"15:35";"1";"10";"1";"4";"1";3;48;3
"24651";"202100024651";8;"17:30";"2";"974";"1";"1";"1";2;-21;55
"24652";"202100024652";8;"17:50";"1";"972";"2";"1";"1";2;14;-61
"24653";"202100024653";8;"16:00";"1";"23";"1";"1";"3";6;46;1
"24654";"202100024654";8;"08:15";"1";"46";"1";"1";"1";6;44;1
"24655";"202100024655";8;"11:10";"1";"42";"2";"1";"1";2;46;4
"24656";"202100024656";8;"02:00";"3";"25";"1";"1";"1";7;47;6
"24657";"202100024657";8;"08:10";"1";"50";"1";"1";"1";4;48;-1
"24658";"202100024658";8;"11:05";"1";"34";"1";"1";"1";2;43;3
"24659";"202100024659";8;"03:20";"5";"31";"2";"1";"1";6;43;1
"24660";"202100024660";8;"05:45";"2";"71";"2";"2";"1";6;46;5
"24661";"202100024661";8;"22:46";"4";"71";"1";"3";"1";2;46;4
"24662";"202100024662";8;"09:45";"1";"35";"2";"2";"7";3;48;-1
"24663";"202100024663";8;"16:40";"1";"14";"2";"7";"1";6;49;0
"24664";"202100024664";8;"11:00";"1";"14";"1";"3";"1";3;49;0
"24665";"202100024665";8;"12:05";"1";"60";"1";"3";"1";3;49;2
"24666";"202100024666";8;"13:05";"1";"45";"2";"3";"1";1;47;1
"24667";"202100024667";8;"08:50";"1";"10";"2";"1";"1";6;48;4
"24668";"202100024668";8;"10:30";"1";"16";"2";"1";"1";2;45;0
"24669";"202100024669";8;"14:05";"1";"24";"1";"1";"2";1;44;0
"24670";"202100024670";8;"09:45";"1";"04";"1";"3";"1";1;43;6
"24671";"202100024671";8;"16:00";"1";"85";"2";"1";"1";3;46;-1
"24672";"202100024672";8;"15:50";"1";"28";"1";"1";"1";6;48;0
"24673";"202100024673";8;"17:35";"1";"37";"1";"2";"1";3;47;0
"24674";"202100024674";8;"13:19";"1";"67";"1";"1";"1";4;48;7
"24675";"202100024675";8;"04:50";"3";"67";"1";"1";"1";6;48;7
"24676";"202100024676";8;"18:40";"1";"56";"1";"2";"1";3;47;-2
"24677";"202100024677";8;"16:00";"1";"13";"1";"1";"1";7;43;5
"24678";"202100024678";8;"09:30";"1";"988";"2";"1";"7";6;-21;164
"24679";"202100024679";8;"08:25";"1";"973";"1";"1";"1";7;5;-52
"24680";"202100024680";8;"08:45";"1";"28";"1";"1";"1";1;48;1
"24681";"202100024681";8;"19:14";"1";"45";"1";"1";"1";3;47;2
"24682";"202100024682";8;"02:50";"3";"34";"1";"1";"1";7;43;3
"24683";"202100024683";8;"13:15";"1";"83";"2";"1";"1";3;43;6
"24684";"202100024684";8;"09:15";"1";"83";"2";"1";"1";2;43;6
"24685";"202100024685";8;"11:00";"1";"13";"1";"1";"1";2;43;4
"24686";"202100024686";8;"10:45";"1";"26";"1";"1";"1";3;45;4
"24687";"202100024687";8;"08:00";"1";"25";"2";"1";"1";1;47;6
"24688";"202100024688";8;"17:30";"1";"26";"2";"1";"1";1;44;5
"24689";"202100024689";8;"14:45";"1";"81";"1";"1";"1";7;43;2
"24690";"202100024690";8;"18:00";"1";"81";"1";"1";"1";6;43;1
"24691";"202100024691";8;"14:25";"1";"19";"2";"9";"1";3;45;1
"24692";"202100024692";8;"14:00";"1";"17";"1";"1";"1";6;45;-1
"24693";"202100024693";8;"17:15";"1";"40";"2";"1";"1";3;43;0
"24694";"202100024694";8;"17:35";"1";"33";"2";"1";"1";3;44;0
"24695";"202100024695";8;"17:18";"1";"60";"1";"1";"1";7;49;2
"24696";"202100024696";8;"22:30";"5";"13";"1";"1";"1";2;43;5
"24697";"202100024697";8;"19:50";"1";"91";"1";"1";"1";6;48;2
"24698";"202100024698";8;"17:05";"1";"94";"1";"1";"1";4;48;2
"24699";"202100024699";8;"17:30";"1";"92";"1";"1";"1";4;48;2
"24700";"202100024700";8;"00:20";"3";"95";"1";"1";"1";2;49;2
"24701";"202100024701";8;"14:30";"1";"94";"1";"1";"1";2;48;2
"24702";"202100024702";8;"12:00";"1";"94";"1";"1";"1";6;48;2
"24703";"202100024703";1;"17:35";"5";"78";"2";"6";"1";6;48;2
"24704";"202100024704";8;"20:55";"5";"976";"2";"1";"1";6;-12;45
"24705";"202100024705";8;"20:40";"1";"71";"2";"1";"1";6;46;4
"24706";"202100024706";8;"19:30";"2";"21";"2";"3";"1";6;47;5
"24707";"202100024707";8;"19:15";"1";"06";"2";"3";"1";3;43;7
"24708";"202100024708";8;"14:50";"1";"92";"2";"7";"1";5;48;2
"24709";"202100024709";8;"17:30";"1";"974";"1";"1";"1";7;-21;55
"24710";"202100024710";8;"15:40";"1";"974";"2";"1";"1";3;-20;55
"24711";"202100024711";8;"15:00";"1";"974";"2";"1";"1";3;-20;55
"24712";"202100024712";8;"08:30";"1";"973";"2";"1";"2";7;4;-52
"24713";"202100024713";8;"19:45";"1";"69";"2";"1";"1";3;45;4
"24714";"202100024714";8;"10:00";"1";"972";"2";"1";"1";6;14;-61
"24715";"202100024715";8;"09:10";"1";"972";"2";"1";"1";6;14;-61
"24716";"202100024716";8;"21:27";"5";"2B";"2";"3";"1";3;42;9
"24717";"202100024717";8;"16:43";"1";"2B";"1";"1";"1";2;42;9
"24718";"202100024718";8;"00:25";"3";"91";"1";"6";"1";6;48;2
"24719";"202100024719";8;"12:55";"1";"91";"2";"2";"1";5;48;2
"24720";"202100024720";8;"16:35";"1";"91";"1";"1";"1";2;48;2
"24721";"202100024721";8;"16:12";"1";"87";"2";"1";"1";6;45;1
"24722";"202100024722";8;"14:25";"1";"86";"2";"9";"1";1;46;0
"24723";"202100024723";8;"08:40";"1";"83";"2";"4";"1";3;43;5
"24724";"202100024724";8;"13:55";"1";"72";"2";"9";"1";3;47;0
"24725";"202100024725";8;"18:35";"1";"67";"2";"3";"1";3;48;7
"24726";"202100024726";8;"11:00";"1";"67";"2";"1";"1";3;48;7
"24727";"202100024727";8;"17:12";"1";"66";"2";"1";"1";4;42;2
"24728";"202100024728";8;"12:44";"1";"66";"2";"3";"1";6;42;2
"24729";"202100024729";8;"17:20";"1";"65";"2";"6";"1";3;43;0
"24730";"202100024730";8;"18:43";"1";"64";"2";"7";"1";3;43;-1
"24731";"202100024731";8;"23:35";"5";"64";"2";"1";"1";7;43;-1
"24732";"202100024732";8;"11:10";"1";"63";"2";"1";"1";6;45;3
"24733";"202100024733";8;"07:55";"1";"63";"2";"3";"1";3;45;3
"24734";"202100024734";8;"13:30";"1";"59";"2";"1";"3";3;50;3
"24735";"202100024735";8;"18:20";"1";"54";"2";"1";"1";3;48;6
"24736";"202100024736";8;"17:00";"1";"54";"2";"2";"1";7;48;6
"24737";"202100024737";8;"19:20";"1";"54";"2";"1";"1";6;48;6
"24738";"202100024738";8;"01:45";"5";"54";"2";"1";"1";6;48;6
"24739";"202100024739";8;"13:30";"1";"51";"2";"4";"1";2;49;4
"24740";"202100024740";8;"17:07";"1";"49";"2";"3";"1";1;47;0
"24741";"202100024741";8;"08:51";"1";"49";"2";"1";"1";3;47;0
"24742";"202100024742";8;"08:20";"1";"45";"1";"1";"1";2;47;1
"24743";"202100024743";8;"01:15";"3";"45";"1";"1";"1";6;47;1
"24744";"202100024744";8;"13:35";"1";"45";"1";"1";"1";6;47;2
"24745";"202100024745";8;"14:24";"1";"42";"2";"1";"1";3;45;4
"24746";"202100024746";7;"16:00";"1";"40";"2";"1";"1";1;43;0
"24747";"202100024747";7;"01:00";"3";"34";"1";"1";"1";7;43;3
"24748";"202100024748";8;"13:35";"1";"33";"2";"2";"1";3;44;0
"24749";"202100024749";8;"15:15";"1";"33";"2";"2";"1";3;44;0
"24750";"202100024750";8;"11:40";"1";"33";"2";"2";"1";3;44;0
"24751";"202100024751";8;"19:25";"1";"33";"2";"1";"1";2;44;-1
"24752";"202100024752";8;"17:00";"1";"33";"2";"1";"1";6;44;-1
"24753";"202100024753";8;"08:30";"1";"29";"2";"1";"1";7;47;-4
"24754";"202100024754";8;"21:00";"5";"17";"1";"1";"1";3;45;0
"24755";"202100024755";8;"00:10";"5";"17";"2";"6";"1";1;46;-1
"24756";"202100024756";8;"16:20";"1";"13";"2";"2";"8";3;43;5
"24757";"202100024757";8;"05:15";"2";"13";"2";"2";"1";3;43;5
"24758";"202100024758";7;"03:24";"5";"11";"2";"1";"1";6;43;2
"24759";"202100024759";8;"10:40";"1";"09";"2";"1";"1";3;43;1
"24760";"202100024760";8;"10:35";"1";"07";"1";"1";"1";7;44;4
"24761";"202100024761";8;"12:00";"1";"75";"2";"2";"1";3;48;2
"24762";"202100024762";8;"22:40";"5";"75";"2";"2";"1";3;48;2
"24763";"202100024763";8;"12:30";"1";"75";"2";"3";"1";6;48;2