"";"Num_Acc";"mois";"hrmn";"lum";"dep";"agg";"int";"atm";"col";"lat";"long"
"24764";"202100024764";8;"11:35";"1";"75";"2";"3";"1";6;48;2
"24765";"202100024765";8;"20:00";"2";"75";"2";"1";"1";2;48;2
"24766";"202100024766";8;"11:11";"1";"75";"2";"7";"1";3;48;2
"24767";"202100024767";8;"16:05";"1";"75";"2";"1";"1";6;48;2
"24768";"202100024768";8;"14:18";"1";"75";"2";"1";"1";6;48;2
"24769";"202100024769";8;"10:40";"1";"75";"2";"7";"1";2;48;2
"24770";"202100024770";8;"18:00";"1";"75";"2";"6";"1";2;48;2
"24771";"202100024771";8;"13:26";"1";"75";"2";"2";"1";3;48;2
"24772";"202100024772";8;"19:25";"1";"75";"2";"1";"1";3;48;2
"24773";"202100024773";8;"09:54";"1";"94";"2";"1";"1";3;48;2
"24774";"202100024774";8;"19:00";"1";"94";"2";"1";"1";3;48;2
"24775";"202100024775";8;"15:00";"1";"94";"2";"1";"1";3;48;2
"24776";"202100024776";8;"19:25";"1";"93";"2";"7";"1";6;48;2
"24777";"202100024777";8;"19:00";"1";"93";"2";"1";"1";3;48;2
"24778";"202100024778";8;"20:15";"1";"93";"2";"9";"1";6;48;2
"24779";"202100024779";8;"13:40";"1";"93";"2";"6";"1";3;48;2
"24780";"202100024780";8;"10:30";"1";"93";"2";"1";"1";2;48;2
"24781";"202100024781";8;"17:30";"1";"93";"2";"9";"1";6;48;2
"24782";"202100024782";8;"16:55";"1";"92";"2";"2";"1";3;48;2
"24783";"202100024783";8;"17:00";"1";"92";"2";"1";"1";3;48;2
"24784";"202100024784";8;"12:30";"1";"35";"1";"1";"1";1;47;-1
"24785";"202100024785";8;"20:10";"1";"69";"1";"1";"1";6;45;5
"24786";"202100024786";8;"00:15";"3";"64";"1";"1";"1";7;43;0
"24787";"202100024787";8;"10:45";"1";"71";"1";"2";"1";3;46;4
"24788";"202100024788";8;"08:35";"1";"77";"1";"2";"1";6;48;3
"24789";"202100024789";8;"13:35";"1";"77";"1";"2";"1";7;48;3
"24790";"202100024790";8;"09:25";"1";"80";"1";"1";"1";6;50;2
"24791";"202100024791";8;"02:45";"3";"81";"1";"1";"1";7;43;1
"24792";"202100024792";8;"18:10";"1";"55";"1";"1";"1";7;48;5
"24793";"202100024793";8;"20:45";"1";"49";"2";"1";"1";6;47;0
"24794";"202100024794";8;"15:30";"1";"42";"2";"1";"1";3;45;4
"24795";"202100024795";8;"17:25";"1";"46";"1";"1";"1";7;44;1
"24796";"202100024796";8;"11:45";"1";"25";"1";"1";"1";6;46;6
"24797";"202100024797";8;"15:40";"1";"25";"2";"3";"1";3;47;6
"24798";"202100024798";8;"14:47";"1";"29";"1";"1";"1";7;48;-4
"24799";"202100024799";8;"02:25";"3";"84";"1";"1";"1";7;43;5
"24800";"202100024800";8;"16:25";"1";"85";"1";"1";"1";6;46;-1
"24801";"202100024801";8;"08:30";"1";"14";"1";"1";"1";1;49;0
"24802";"202100024802";8;"15:10";"1";"14";"2";"2";"1";6;49;0
"24803";"202100024803";8;"15:00";"1";"50";"1";"1";"1";7;49;-1
"24804";"202100024804";8;"10:25";"1";"90";"2";"1";"1";3;47;6
"24805";"202100024805";6;"14:17";"1";"45";"2";"1";"8";6;48;2
"24806";"202100024806";8;"11:40";"1";"18";"1";"1";"1";7;47;2
"24807";"202100024807";8;"17:13";"1";"85";"1";"3";"1";6;46;-1
"24808";"202100024808";8;"10:25";"1";"28";"1";"1";"1";7;48;1
"24809";"202100024809";8;"11:35";"1";"48";"1";"1";"1";6;44;3
"24810";"202100024810";8;"12:58";"1";"49";"2";"2";"1";3;47;0
"24811";"202100024811";8;"12:30";"1";"74";"1";"1";"1";3;45;6
"24812";"202100024812";8;"18:40";"3";"988";"1";"1";"1";6;-20;165
"24813";"202100024813";8;"17:20";"1";"976";"2";"1";"1";6;-12;45
"24814";"202100024814";8;"23:35";"5";"29";"2";"6";"1";3;47;-3
"24815";"202100024815";8;"19:20";"1";"83";"1";"1";"1";3;43;6
"24816";"202100024816";8;"06:29";"2";"83";"1";"1";"1";6;43;6
"24817";"202100024817";6;"07:45";"1";"13";"1";"2";"1";2;43;4
"24818";"202100024818";8;"14:45";"1";"55";"1";"1";"1";7;48;5
"24819";"202100024819";8;"14:45";"1";"54";"1";"1";"1";3;48;6
"24820";"202100024820";8;"18:50";"2";"73";"1";"1";"1";6;45;6
"24821";"202100024821";8;"12:40";"1";"38";"1";"3";"1";6;45;5
"24822";"202100024822";8;"09:30";"1";"38";"2";"2";"1";3;45;5
"24823";"202100024823";8;"07:30";"1";"24";"1";"1";"1";4;44;0
"24824";"202100024824";8;"17:20";"1";"33";"1";"1";"2";6;44;0
"24825";"202100024825";8;"16:40";"1";"49";"2";"1";"1";6;47;0
"24826";"202100024826";8;"19:00";"1";"14";"2";"3";"1";7;49;0
"24827";"202100024827";8;"12:30";"1";"27";"2";"1";"1";3;49;1
"24828";"202100024828";8;"00:59";"3";"13";"1";"1";"1";2;43;5
"24829";"202100024829";8;"12:15";"1";"13";"1";"1";"1";4;43;5
"24830";"202100024830";8;"22:25";"5";"69";"1";"1";"1";2;45;4
"24831";"202100024831";8;"11:35";"1";"69";"1";"1";"1";2;45;4
"24832";"202100024832";8;"22:10";"3";"42";"1";"1";"1";3;45;4
"24833";"202100024833";8;"23:50";"3";"59";"1";"1";"1";2;50;3
"24834";"202100024834";8;"02:50";"3";"59";"1";"1";"1";6;50;3
"24835";"202100024835";8;"11:00";"1";"91";"1";"1";"1";7;48;2
"24836";"202100024836";8;"08:10";"1";"94";"1";"1";"2";6;48;2
"24837";"202100024837";8;"18:30";"1";"93";"1";"1";"1";2;48;2
"24838";"202100024838";8;"07:40";"1";"95";"1";"1";"2";6;49;2
"24839";"202100024839";8;"08:20";"1";"93";"1";"1";"2";6;48;2
"24840";"202100024840";8;"07:20";"1";"93";"1";"1";"2";6;48;2
"24841";"202100024841";8;"01:10";"5";"93";"1";"1";"1";2;48;2
"24842";"202100024842";8;"01:10";"3";"95";"1";"1";"1";2;49;2
"24843";"202100024843";8;"12:30";"1";"94";"1";"1";"1";6;48;2
"24844";"202100024844";7;"11:41";"1";"14";"1";"1";"1";4;49;0
"24845";"202100024845";8;"16:25";"1";"83";"2";"1";"1";6;43;5
"24846";"202100024846";8;"13:15";"1";"59";"2";"1";"1";6;50;3
"24847";"202100024847";3;"16:15";"1";"28";"1";"1";"1";7;48;1
"24848";"202100024848";8;"14:30";"1";"976";"2";"1";"8";3;-12;45
"24849";"202100024849";8;"17:20";"1";"974";"2";"1";"1";3;-20;55
"24850";"202100024850";8;"18:15";"2";"973";"2";"4";"1";3;4;-52
"24851";"202100024851";8;"16:40";"1";"69";"2";"1";"1";6;45;4
"24852";"202100024852";8;"21:15";"5";"972";"1";"1";"1";1;14;-61
"24853";"202100024853";8;"17:30";"1";"69";"2";"3";"1";3;45;4
"24854";"202100024854";8;"10:40";"1";"69";"2";"2";"1";3;45;4
"24855";"202100024855";8;"17:58";"1";"2B";"2";"1";"1";4;42;9
"24856";"202100024856";8;"05:45";"1";"2B";"2";"1";"1";1;42;9
"24857";"202100024857";7;"20:20";"1";"2A";"2";"1";"1";1;41;8
"24858";"202100024858";8;"17:20";"1";"91";"2";"1";"1";6;48;2
"24859";"202100024859";8;"11:03";"1";"87";"2";"1";"1";2;45;1
"24860";"202100024860";8;"20:10";"1";"84";"2";"1";"1";1;43;4
"24861";"202100024861";8;"06:35";"2";"80";"2";"2";"1";3;49;2
"24862";"202100024862";8;"09:30";"1";"78";"2";"9";"2";2;48;1
"24863";"202100024863";8;"16:30";"1";"77";"2";"2";"1";3;48;2
"24864";"202100024864";8;"23:40";"3";"67";"1";"1";"1";7;48;7
"24865";"202100024865";8;"17:10";"1";"67";"2";"1";"1";3;48;7
"24866";"202100024866";8;"16:28";"1";"66";"2";"1";"3";6;42;2
"24867";"202100024867";8;"17:45";"1";"66";"2";"1";"2";6;42;2
"24868";"202100024868";8;"17:41";"1";"65";"1";"1";"1";2;43;0
"24869";"202100024869";8;"18:50";"1";"64";"2";"1";"1";7;43;-1
"24870";"202100024870";8;"14:00";"1";"64";"2";"1";"1";7;43;-1
"24871";"202100024871";8;"09:40";"1";"64";"2";"1";"1";2;43;-1
"24872";"202100024872";8;"21:40";"5";"59";"2";"2";"1";3;50;3
"24873";"202100024873";8;"10:10";"1";"59";"2";"2";"1";3;50;3
"24874";"202100024874";8;"06:14";"2";"56";"2";"1";"1";6;47;-3
"24875";"202100024875";8;"05:10";"5";"54";"2";"1";"1";6;48;6
"24876";"202100024876";8;"10:00";"1";"53";"2";"1";"2";3;48;0
"24877";"202100024877";8;"18:41";"1";"51";"2";"1";"1";2;49;4
"24878";"202100024878";8;"18:12";"1";"45";"2";"1";"1";3;48;2
"24879";"202100024879";8;"11:00";"1";"41";"2";"9";"1";3;47;1
"24880";"202100024880";8;"22:05";"5";"38";"2";"3";"1";3;45;5
"24881";"202100024881";8;"17:20";"1";"35";"1";"1";"8";2;48;-1
"24882";"202100024882";8;"15:30";"1";"33";"2";"6";"1";3;44;0
"24883";"202100024883";8;"12:00";"1";"33";"2";"1";"1";4;44;-1
"24884";"202100024884";7;"21:50";"3";"33";"2";"2";"1";3;44;-1
"24885";"202100024885";7;"19:03";"1";"25";"2";"3";"1";3;47;6
"24886";"202100024886";8;"13:50";"1";"17";"2";"1";"1";6;45;0
"24887";"202100024887";8;"13:00";"1";"14";"1";"1";"2";4;49;0
"24888";"202100024888";8;"00:45";"5";"13";"2";"1";"1";3;43;5
"24889";"202100024889";8;"22:30";"3";"13";"1";"6";"1";2;43;4
"24890";"202100024890";8;"09:30";"1";"06";"2";"3";"1";6;43;6
"24891";"202100024891";8;"19:05";"1";"02";"2";"1";"1";7;49;3
"24892";"202100024892";8;"15:00";"1";"75";"2";"2";"1";6;48;2
"24893";"202100024893";7;"20:00";"1";"75";"2";"1";"1";6;48;2
"24894";"202100024894";8;"11:36";"1";"75";"2";"1";"1";6;48;2
"24895";"202100024895";8;"10:00";"1";"75";"2";"2";"1";2;48;2
"24896";"202100024896";8;"10:10";"1";"75";"2";"1";"1";4;48;2
"24897";"202100024897";8;"14:50";"1";"75";"2";"3";"1";3;48;2
"24898";"202100024898";8;"08:55";"1";"75";"2";"2";"2";6;48;2
"24899";"202100024899";8;"12:50";"1";"75";"2";"1";"1";7;48;2
"24900";"202100024900";8;"08:50";"1";"75";"2";"1";"2";6;48;2
"24901";"202100024901";8;"16:20";"1";"75";"2";"1";"1";3;48;2
"24902";"202100024902";8;"21:05";"3";"94";"2";"1";"2";6;48;2
"24903";"202100024903";8;"09:30";"1";"94";"2";"1";"1";2;48;2
"24904";"202100024904";8;"12:25";"1";"93";"2";"1";"1";6;48;2
"24905";"202100024905";8;"09:40";"1";"93";"2";"2";"2";5;48;2
"24906";"202100024906";8;"13:40";"1";"93";"2";"2";"1";3;48;2
"24907";"202100024907";8;"08:25";"1";"93";"2";"1";"1";3;48;2
"24908";"202100024908";8;"19:11";"1";"93";"2";"1";"1";3;48;2
"24909";"202100024909";8;"13:45";"1";"93";"2";"1";"1";3;48;2
"24910";"202100024910";8;"12:35";"1";"93";"2";"1";"8";3;48;2
"24911";"202100024911";8;"13:00";"1";"93";"2";"1";"1";6;48;2
"24912";"202100024912";8;"22:40";"5";"93";"2";"1";"1";2;48;2
"24913";"202100024913";8;"15:00";"1";"93";"2";"1";"1";3;48;2
"24914";"202100024914";8;"17:15";"1";"92";"2";"1";"1";3;48;2
"24915";"202100024915";8;"12:00";"1";"92";"2";"3";"1";3;48;2
"24916";"202100024916";8;"19:30";"1";"92";"2";"3";"1";6;48;2
"24917";"202100024917";8;"22:40";"5";"92";"2";"2";"1";3;48;2
"24918";"202100024918";7;"18:15";"3";"974";"1";"1";"1";3;-20;55
"24919";"202100024919";8;"07:55";"1";"01";"1";"9";"1";3;45;5
"24920";"202100024920";7;"02:45";"3";"17";"1";"1";"1";6;46;0
"24921";"202100024921";8;"15:45";"1";"988";"1";"1";"1";6;-20;164
"24922";"202100024922";8;"09:00";"1";"05";"2";"3";"1";2;44;6
"24923";"202100024923";8;"07:15";"1";"974";"1";"6";"1";1;-21;55
"24924";"202100024924";8;"12:30";"1";"63";"1";"1";"8";7;45;2
"24925";"202100024925";8;"13:18";"1";"67";"2";"1";"7";1;48;7
"24926";"202100024926";8;"02:25";"3";"30";"1";"1";"1";6;44;4
"24927";"202100024927";8;"08:51";"1";"30";"1";"9";"1";3;44;4
"24928";"202100024928";8;"13:00";"1";"56";"1";"1";"1";5;48;-2
"24929";"202100024929";8;"00:40";"5";"56";"1";"6";"1";3;47;-3
"24930";"202100024930";7;"02:30";"5";"2B";"2";"1";"1";6;41;9
"24931";"202100024931";8;"18:20";"1";"82";"1";"3";"1";3;44;1
"24932";"202100024932";8;"08:05";"1";"81";"1";"1";"1";6;43;1
"24933";"202100024933";8;"19:00";"1";"32";"1";"1";"1";7;43;0
"24934";"202100024934";8;"18:26";"1";"76";"1";"2";"1";1;49;1
"24935";"202100024935";8;"21:50";"5";"49";"1";"2";"1";3;47;0
"24936";"202100024936";8;"09:00";"1";"47";"1";"3";"1";3;44;0
"24937";"202100024937";8;"17:00";"1";"34";"1";"1";"1";1;43;3
"24938";"202100024938";8;"18:40";"1";"22";"1";"1";"1";7;48;-3
"24939";"202100024939";8;"07:50";"1";"39";"1";"3";"1";3;46;5
"24940";"202100024940";8;"11:30";"1";"31";"2";"1";"1";7;43;1
"24941";"202100024941";8;"17:00";"1";"38";"1";"1";"1";7;45;5
"24942";"202100024942";8;"18:15";"1";"38";"2";"6";"1";3;45;5
"24943";"202100024943";8;"12:58";"1";"02";"1";"9";"1";6;49;3
"24944";"202100024944";8;"18:49";"1";"84";"2";"1";"1";2;43;5
"24945";"202100024945";8;"19:30";"1";"03";"1";"1";"1";3;46;3
"24946";"202100024946";8;"22:10";"5";"26";"2";"1";"1";3;44;4
"24947";"202100024947";8;"11:37";"1";"14";"2";"9";"1";3;49;0
"24948";"202100024948";8;"16:45";"1";"05";"1";"1";"1";2;44;6
"24949";"202100024949";8;"16:10";"1";"90";"2";"1";"1";1;47;7
"24950";"202100024950";8;"09:00";"1";"83";"1";"1";"1";6;43;6
"24951";"202100024951";8;"00:48";"3";"45";"1";"1";"1";6;47;1
"24952";"202100024952";8;"06:30";"2";"43";"1";"1";"1";7;45;3
"24953";"202100024953";8;"12:15";"1";"43";"2";"3";"1";7;44;3
"24954";"202100024954";8;"12:25";"1";"10";"2";"3";"7";2;48;4
"24955";"202100024955";8;"18:15";"1";"07";"1";"1";"1";7;44;4
"24956";"202100024956";8;"11:20";"1";"07";"1";"3";"1";5;44;4
"24957";"202100024957";8;"11:10";"1";"85";"2";"4";"1";3;46;-1
"24958";"202100024958";8;"18:15";"1";"87";"1";"1";"1";6;45;1
"24959";"202100024959";8;"18:30";"1";"48";"2";"1";"1";1;44;3
"24960";"202100024960";8;"11:00";"1";"987";"1";"1";"1";1;-16;-151
"24961";"202100024961";8;"17:40";"2";"971";"1";"9";"1";2;16;-61
"24962";"202100024962";8;"08:36";"1";"77";"1";"1";"2";1;49;2
"24963";"202100024963";8;"10:15";"1";"84";"1";"1";"1";7;43;4
"24964";"202100024964";8;"17:00";"1";"83";"1";"1";"1";1;43;6
"24965";"202100024965";8;"08:15";"1";"83";"2";"6";"1";3;43;6
"24966";"202100024966";8;"23:45";"3";"06";"1";"6";"1";6;43;7
"24967";"202100024967";8;"08:00";"1";"89";"2";"1";"1";1;47;3
"24968";"202100024968";8;"14:25";"1";"38";"2";"3";"1";2;45;5
"24969";"202100024969";8;"10:40";"1";"26";"1";"3";"1";3;44;4
"24970";"202100024970";8;"10:45";"1";"69";"1";"1";"1";2;45;4
"24971";"202100024971";8;"09:25";"1";"81";"2";"1";"1";6;43;1
"24972";"202100024972";8;"17:20";"1";"60";"2";"3";"1";7;49;2
"24973";"202100024973";8;"00:30";"3";"13";"1";"1";"1";2;43;5
"24974";"202100024974";8;"11:23";"1";"83";"1";"1";"1";1;43;5
"24975";"202100024975";8;"15:40";"1";"33";"1";"1";"1";4;44;0
"24976";"202100024976";8;"16:55";"1";"59";"1";"1";"1";5;50;2
"24977";"202100024977";8;"18:00";"1";"59";"1";"1";"1";3;50;3
"24978";"202100024978";8;"11:20";"1";"94";"1";"1";"1";7;48;2
"24979";"202100024979";8;"22:26";"3";"91";"1";"1";"1";6;48;2
"24980";"202100024980";8;"10:20";"1";"92";"1";"1";"1";5;48;2
"24981";"202100024981";8;"09:00";"1";"95";"1";"1";"2";6;48;2
"24982";"202100024982";8;"20:30";"3";"94";"1";"1";"1";4;48;2
"24983";"202100024983";8;"19:00";"1";"94";"1";"1";"1";4;48;2
"24984";"202100024984";8;"13:40";"1";"94";"1";"1";"1";6;48;2
"24985";"202100024985";3;"18:25";"1";"44";"1";"2";"1";3;47;-1
"24986";"202100024986";8;"21:10";"2";"77";"2";"1";"1";6;48;2
"24987";"202100024987";8;"07:00";"1";"973";"2";"1";"1";7;4;-52
"24988";"202100024988";8;"16:50";"1";"69";"2";"1";"1";2;45;4
"24989";"202100024989";8;"11:45";"1";"69";"2";"3";"1";3;45;4
"24990";"202100024990";8;"21:39";"5";"95";"2";"1";"2";6;48;2
"24991";"202100024991";8;"00:43";"5";"76";"2";"1";"8";6;49;0
"24992";"202100024992";8;"07:25";"2";"74";"2";"6";"1";3;46;6
"24993";"202100024993";8;"16:40";"1";"69";"2";"2";"1";3;45;4
"24994";"202100024994";8;"09:15";"1";"59";"2";"2";"1";3;50;3
"24995";"202100024995";8;"14:40";"1";"45";"2";"2";"1";3;47;1
"24996";"202100024996";8;"20:41";"2";"44";"2";"1";"1";2;47;-2
"24997";"202100024997";8;"19:00";"1";"43";"2";"1";"1";2;45;3
"24998";"202100024998";8;"17:15";"1";"38";"2";"2";"1";3;45;5
"24999";"202100024999";8;"04:42";"3";"38";"1";"1";"8";5;45;5
"25000";"202100025000";8;"13:00";"1";"35";"1";"1";"1";2;48;-1
"25001";"202100025001";8;"00:15";"5";"34";"2";"1";"1";6;43;3
"25002";"202100025002";8;"20:00";"1";"34";"2";"1";"1";1;43;3
"25003";"202100025003";8;"18:45";"1";"31";"2";"1";"1";-1;43;1
"25004";"202100025004";8;"10:45";"1";"29";"2";"3";"1";3;48;-4
"25005";"202100025005";8;"15:40";"1";"17";"1";"1";"1";1;45;-1
"25006";"202100025006";8;"09:30";"1";"17";"1";"1";"1";4;46;-1
"25007";"202100025007";8;"04:30";"3";"17";"2";"1";"2";6;46;-1
"25008";"202100025008";8;"10:35";"1";"17";"1";"1";"1";5;46;-1
"25009";"202100025009";8;"16:30";"1";"13";"2";"1";"1";1;43;5
"25010";"202100025010";8;"08:35";"1";"13";"2";"1";"1";3;43;5
"25011";"202100025011";8;"03:35";"5";"13";"2";"9";"1";2;43;5
"25012";"202100025012";8;"18:30";"1";"13";"2";"9";"1";3;43;5
"25013";"202100025013";8;"17:00";"1";"05";"2";"1";"1";6;44;6
"25014";"202100025014";8;"06:25";"1";"75";"2";"1";"1";6;48;2
"25015";"202100025015";8;"11:52";"1";"75";"2";"2";"1";3;48;2
"25016";"202100025016";8;"20:20";"1";"75";"2";"3";"1";6;48;2
"25017";"202100025017";8;"18:45";"1";"75";"2";"1";"1";3;48;2
"25018";"202100025018";8;"17:00";"1";"75";"2";"2";"1";6;48;2
"25019";"202100025019";8;"12:50";"1";"75";"2";"3";"2";7;48;2
"25020";"202100025020";8;"02:10";"5";"75";"2";"3";"1";3;48;2
"25021";"202100025021";8;"15:50";"1";"75";"2";"3";"1";3;48;2
"25022";"202100025022";8;"16:30";"1";"75";"2";"3";"1";6;48;2
"25023";"202100025023";8;"20:35";"2";"93";"2";"1";"1";6;48;2
"25024";"202100025024";8;"16:00";"1";"93";"2";"1";"1";6;48;2
"25025";"202100025025";8;"15:06";"1";"93";"2";"1";"1";6;48;2
"25026";"202100025026";8;"18:35";"1";"71";"1";"2";"1";3;46;4
"25027";"202100025027";8;"18:35";"1";"11";"1";"1";"1";2;43;2
"25028";"202100025028";8;"16:29";"1";"49";"1";"1";"1";6;47;0
"25029";"202100025029";8;"10:43";"1";"57";"1";"1";"1";6;48;7
"25030";"202100025030";8;"19:00";"5";"972";"1";"1";"1";7;14;-60
"25031";"202100025031";8;"15:00";"1";"38";"2";"1";"1";3;45;5
"25032";"202100025032";8;"10:15";"1";"34";"1";"1";"1";2;43;3
"25033";"202100025033";8;"11:43";"1";"74";"2";"2";"1";3;45;5
"25034";"202100025034";8;"16:45";"1";"76";"2";"1";"1";6;49;0
"25035";"202100025035";8;"05:15";"3";"19";"1";"1";"2";6;45;1
"25036";"202100025036";8;"20:00";"1";"82";"2";"2";"1";3;43;1
"25037";"202100025037";8;"10:40";"1";"81";"1";"1";"1";1;43;2
"25038";"202100025038";8;"09:40";"1";"71";"2";"9";"1";6;46;4
"25039";"202100025039";8;"16:40";"1";"61";"1";"2";"1";2;48;0
"25040";"202100025040";8;"11:15";"1";"46";"1";"1";"1";6;44;1
"25041";"202100025041";8;"08:25";"1";"47";"1";"4";"1";1;44;0
"25042";"202100025042";8;"19:30";"1";"39";"1";"1";"1";1;46;5
"25043";"202100025043";8;"16:55";"1";"25";"1";"1";"1";7;46;6
"25044";"202100025044";8;"11:50";"1";"25";"1";"1";"1";6;47;6
"25045";"202100025045";8;"13:20";"1";"44";"1";"1";"2";1;47;-1
"25046";"202100025046";8;"12:43";"1";"03";"1";"2";"2";3;46;3
"25047";"202100025047";8;"07:30";"1";"15";"1";"1";"1";1;44;2
"25048";"202100025048";8;"19:20";"1";"54";"1";"1";"1";7;48;6
"25049";"202100025049";8;"02:15";"3";"54";"1";"1";"1";3;49;5
"25050";"202100025050";8;"15:50";"1";"06";"1";"1";"1";7;44;7
"25051";"202100025051";8;"02:45";"3";"06";"1";"1";"1";6;44;6
"25052";"202100025052";8;"15:30";"1";"90";"1";"6";"1";3;47;6
"25053";"202100025053";8;"17:05";"1";"73";"1";"1";"1";6;45;6
"25054";"202100025054";8;"09:10";"1";"43";"1";"2";"1";6;45;4
"25055";"202100025055";8;"15:55";"1";"43";"1";"1";"1";5;45;3
"25056";"202100025056";8;"14:30";"1";"07";"1";"1";"3";1;44;4
"25057";"202100025057";8;"17:15";"1";"24";"1";"1";"1";6;44;1
"25058";"202100025058";8;"15:00";"1";"85";"2";"1";"1";6;46;-1
"25059";"202100025059";8;"10:00";"1";"42";"2";"1";"1";3;45;4
"25060";"202100025060";8;"06:00";"1";"01";"1";"1";"1";2;45;5
"25061";"202100025061";8;"18:45";"3";"976";"1";"1";"1";3;-12;45
"25062";"202100025062";8;"07:00";"2";"51";"1";"1";"1";3;49;4
"25063";"202100025063";7;"08:28";"1";"69";"2";"4";"1";1;45;4
"25064";"202100025064";8;"16:40";"1";"91";"1";"1";"1";2;48;2
"25065";"202100025065";8;"18:30";"5";"987";"1";"1";"1";1;-17;-149
"25066";"202100025066";8;"18:00";"3";"988";"1";"4";"2";6;-22;166
"25067";"202100025067";8;"14:00";"1";"988";"1";"1";"1";6;-21;166
"25068";"202100025068";8;"18:00";"3";"974";"1";"1";"1";1;-20;55
"25069";"202100025069";8;"11:20";"1";"971";"2";"1";"1";7;16;-61
"25070";"202100025070";8;"10:15";"1";"66";"1";"2";"1";1;42;2
"25071";"202100025071";8;"18:50";"1";"34";"1";"3";"1";3;43;3
"25072";"202100025072";8;"12:30";"1";"34";"1";"1";"1";7;43;4
"25073";"202100025073";8;"17:00";"1";"05";"1";"1";"1";3;44;6
"25074";"202100025074";8;"16:08";"1";"05";"1";"1";"1";1;45;6
"25075";"202100025075";8;"17:30";"1";"04";"1";"1";"1";1;44;6
"25076";"202100025076";7;"03:00";"5";"13";"1";"1";"1";7;43;5
"25077";"202100025077";8;"17:20";"1";"26";"1";"1";"1";4;45;4
"25078";"202100025078";8;"12:50";"1";"71";"1";"1";"8";7;46;4
"25079";"202100025079";8;"10:55";"1";"57";"2";"1";"1";3;49;5
"25080";"202100025080";8;"19:05";"2";"73";"1";"1";"1";6;45;6
"25081";"202100025081";6;"17:30";"1";"69";"1";"1";"1";3;45;4
"25082";"202100025082";7;"19:45";"1";"49";"2";"3";"1";1;47;0
"25083";"202100025083";8;"15:30";"1";"49";"2";"3";"1";3;47;0
"25084";"202100025084";8;"19:29";"1";"14";"1";"6";"1";7;49;0
"25085";"202100025085";8;"12:06";"1";"13";"1";"1";"1";6;43;5
"25086";"202100025086";8;"02:14";"5";"13";"1";"1";"1";1;43;5
"25087";"202100025087";8;"01:55";"3";"13";"1";"1";"1";2;43;5
"25088";"202100025088";8;"18:10";"1";"13";"1";"1";"1";5;43;5
"25089";"202100025089";8;"21:45";"3";"69";"1";"1";"1";2;45;4
"25090";"202100025090";8;"12:35";"1";"42";"1";"1";"1";2;45;4
"25091";"202100025091";8;"19:25";"1";"67";"1";"1";"1";4;48;7
"25092";"202100025092";8;"10:05";"1";"33";"1";"1";"1";4;44;0
"25093";"202100025093";8;"21:00";"3";"91";"1";"1";"2";3;48;2
"25094";"202100025094";8;"04:35";"3";"78";"1";"1";"1";6;48;1
"25095";"202100025095";8;"16:15";"1";"95";"1";"1";"1";6;48;2
"25096";"202100025096";8;"01:45";"4";"93";"1";"1";"1";2;48;2
"25097";"202100025097";8;"19:30";"1";"93";"1";"1";"2";2;48;2
"25098";"202100025098";8;"19:20";"1";"94";"1";"1";"1";2;48;2
"25099";"202100025099";8;"12:30";"1";"77";"1";"1";"3";4;48;2
"25100";"202100025100";8;"11:05";"1";"976";"2";"1";"1";1;-12;45
"25101";"202100025101";8;"19:49";"5";"974";"2";"1";"1";6;-21;55
"25102";"202100025102";8;"17:05";"1";"974";"1";"2";"1";3;-20;55
"25103";"202100025103";8;"18:08";"1";"973";"2";"1";"1";7;4;-52
"25104";"202100025104";8;"19:55";"5";"973";"1";"1";"1";2;4;-52
"25105";"202100025105";8;"02:30";"5";"69";"2";"3";"8";2;45;4
"25106";"202100025106";8;"11:30";"1";"69";"2";"1";"3";3;45;4
"25107";"202100025107";8;"15:00";"1";"83";"2";"1";"1";5;43;6
"25108";"202100025108";8;"06:15";"2";"79";"2";"1";"1";6;46;0
"25109";"202100025109";8;"06:30";"2";"78";"1";"9";"1";5;49;1
"25110";"202100025110";8;"15:35";"1";"77";"1";"1";"1";7;48;3
"25111";"202100025111";8;"15:46";"1";"65";"2";"1";"1";6;43;0
"25112";"202100025112";8;"21:00";"2";"64";"1";"1";"1";7;43;0
"25113";"202100025113";8;"16:55";"1";"64";"2";"1";"1";7;43;-1
"25114";"202100025114";8;"09:01";"1";"64";"2";"1";"8";7;43;-1
"25115";"202100025115";8;"21:55";"3";"59";"2";"1";"2";1;50;3
"25116";"202100025116";8;"01:00";"5";"51";"2";"2";"1";3;49;4
"25117";"202100025117";8;"15:30";"1";"51";"2";"1";"1";2;49;4
"25118";"202100025118";7;"17:25";"1";"42";"2";"1";"1";1;45;4
"25119";"202100025119";8;"00:45";"5";"38";"2";"2";"1";3;45;5
"25120";"202100025120";8;"18:55";"1";"35";"2";"1";"1";7;48;-1
"25121";"202100025121";8;"03:40";"1";"33";"2";"2";"1";1;44;0
"25122";"202100025122";8;"12:08";"1";"31";"2";"1";"1";6;43;1
"25123";"202100025123";8;"15:05";"1";"29";"1";"6";"1";3;47;-3
"25124";"202100025124";8;"00:40";"5";"28";"2";"1";"1";6;48;1
"25125";"202100025125";8;"15:40";"1";"27";"2";"1";"2";6;49;1
"25126";"202100025126";8;"17:35";"1";"27";"2";"3";"8";6;49;1
"25127";"202100025127";8;"23:00";"5";"25";"2";"3";"2";2;46;6
"25128";"202100025128";8;"00:30";"5";"17";"2";"3";"1";1;45;0