"";"Num_Acc";"mois";"hrmn";"lum";"dep";"agg";"int";"atm";"col";"lat";"long"
"25129";"202100025129";8;"16:09";"1";"17";"2";"9";"1";7;46;-1
"25130";"202100025130";8;"00:30";"5";"13";"2";"1";"1";3;43;5
"25131";"202100025131";8;"19:30";"1";"13";"2";"1";"1";2;43;5
"25132";"202100025132";8;"14:30";"1";"13";"2";"1";"1";1;43;5
"25133";"202100025133";8;"02:10";"5";"13";"2";"1";"1";6;43;5
"25134";"202100025134";8;"12:15";"1";"13";"2";"1";"1";2;43;5
"25135";"202100025135";8;"18:25";"1";"10";"2";"1";"1";1;48;4
"25136";"202100025136";8;"16:00";"1";"06";"2";"1";"1";3;43;6
"25137";"202100025137";8;"19:00";"1";"06";"2";"1";"1";3;43;6
"25138";"202100025138";8;"17:00";"1";"06";"2";"1";"1";3;43;7
"25139";"202100025139";8;"05:28";"2";"06";"1";"9";"1";1;43;7
"25140";"202100025140";8;"11:25";"1";"75";"2";"1";"1";2;48;2
"25141";"202100025141";8;"15:20";"1";"75";"2";"2";"1";3;48;2
"25142";"202100025142";8;"16:30";"1";"75";"2";"2";"1";3;48;2
"25143";"202100025143";8;"14:20";"1";"75";"2";"1";"1";6;48;2
"25144";"202100025144";8;"12:30";"1";"75";"2";"2";"2";6;48;2
"25145";"202100025145";8;"10:15";"1";"75";"2";"5";"1";3;48;2
"25146";"202100025146";8;"18:45";"1";"75";"2";"2";"2";3;48;2
"25147";"202100025147";8;"09:00";"1";"75";"2";"7";"1";3;48;2
"25148";"202100025148";8;"03:55";"5";"75";"2";"3";"1";2;48;2
"25149";"202100025149";8;"13:15";"1";"75";"2";"1";"8";2;48;2
"25150";"202100025150";8;"00:30";"5";"75";"2";"3";"1";3;48;2
"25151";"202100025151";8;"12:13";"1";"75";"2";"3";"2";3;48;2
"25152";"202100025152";8;"18:15";"1";"75";"2";"2";"1";3;48;2
"25153";"202100025153";8;"18:30";"1";"94";"2";"1";"8";6;48;2
"25154";"202100025154";8;"10:30";"1";"93";"2";"1";"1";2;48;2
"25155";"202100025155";8;"15:30";"1";"93";"2";"5";"1";3;48;2
"25156";"202100025156";8;"22:11";"3";"92";"2";"3";"1";3;48;2
"25157";"202100025157";8;"21:30";"5";"92";"2";"1";"1";3;48;2
"25158";"202100025158";8;"20:50";"2";"92";"2";"4";"1";3;48;2
"25159";"202100025159";8;"04:00";"3";"12";"1";"1";"1";6;44;2
"25160";"202100025160";8;"15:30";"1";"14";"1";"2";"2";3;48;0
"25161";"202100025161";8;"20:30";"2";"38";"2";"2";"1";3;45;5
"25162";"202100025162";8;"23:45";"3";"60";"1";"1";"8";6;49;2
"25163";"202100025163";8;"17:00";"1";"95";"2";"1";"1";6;49;2
"25164";"202100025164";8;"02:40";"3";"18";"1";"1";"1";7;47;2
"25165";"202100025165";8;"16:05";"1";"69";"2";"2";"1";3;45;5
"25166";"202100025166";8;"16:15";"1";"05";"1";"1";"1";3;44;6
"25167";"202100025167";8;"16:20";"1";"01";"1";"3";"1";3;46;6
"25168";"202100025168";8;"09:55";"1";"35";"1";"1";"8";6;48;-1
"25169";"202100025169";8;"15:25";"1";"35";"1";"1";"1";4;48;-1
"25170";"202100025170";8;"08:30";"1";"83";"1";"1";"1";6;43;6
"25171";"202100025171";8;"19:26";"2";"30";"1";"1";"1";6;43;4
"25172";"202100025172";8;"14:40";"1";"04";"1";"1";"1";3;44;6
"25173";"202100025173";8;"09:20";"1";"19";"1";"1";"1";6;45;1
"25174";"202100025174";8;"18:35";"1";"41";"1";"1";"1";7;47;1
"25175";"202100025175";8;"16:45";"1";"65";"2";"1";"1";3;43;0
"25176";"202100025176";8;"16:12";"1";"81";"1";"1";"1";6;43;1
"25177";"202100025177";8;"17:15";"1";"32";"1";"1";"1";7;43;0
"25178";"202100025178";8;"09:45";"1";"32";"1";"2";"3";3;43;0
"25179";"202100025179";8;"05:35";"2";"71";"1";"1";"1";1;46;5
"25180";"202100025180";8;"13:20";"1";"63";"1";"2";"8";3;45;3
"25181";"202100025181";8;"18:00";"1";"61";"1";"2";"8";7;48;0
"25182";"202100025182";8;"14:30";"1";"12";"1";"1";"7";6;43;2
"25183";"202100025183";8;"15:30";"1";"42";"1";"1";"1";6;45;4
"25184";"202100025184";8;"13:30";"1";"42";"2";"1";"2";6;45;4
"25185";"202100025185";8;"15:30";"1";"46";"2";"2";"1";3;44;1
"25186";"202100025186";8;"10:10";"1";"39";"1";"1";"1";7;46;5
"25187";"202100025187";8;"13:40";"1";"44";"1";"1";"1";2;47;-1
"25188";"202100025188";8;"14:40";"1";"29";"1";"1";"1";5;48;-4
"25189";"202100025189";8;"20:49";"1";"29";"2";"1";"1";1;48;-3
"25190";"202100025190";8;"23:00";"3";"31";"1";"1";"1";6;43;1
"25191";"202100025191";8;"13:20";"1";"03";"1";"1";"3";7;46;2
"25192";"202100025192";8;"02:45";"3";"26";"1";"1";"1";7;44;4
"25193";"202100025193";8;"17:05";"1";"58";"2";"1";"1";3;46;3
"25194";"202100025194";8;"12:20";"1";"54";"1";"3";"1";3;48;6
"25195";"202100025195";8;"15:45";"1";"72";"2";"1";"2";7;48;0
"25196";"202100025196";8;"18:30";"1";"50";"2";"6";"1";3;49;-1
"25197";"202100025197";8;"13:00";"1";"50";"1";"1";"1";2;48;0
"25198";"202100025198";8;"15:15";"1";"50";"1";"1";"2";1;48;-1
"25199";"202100025199";8;"00:30";"3";"18";"1";"1";"1";6;46;3
"25200";"202100025200";8;"22:15";"3";"18";"1";"1";"1";6;46;2
"25201";"202100025201";8;"12:00";"1";"43";"1";"2";"2";3;45;4
"25202";"202100025202";8;"17:00";"1";"10";"1";"2";"1";6;48;4
"25203";"202100025203";8;"08:30";"1";"40";"1";"1";"1";1;43;-1
"25204";"202100025204";8;"23:45";"3";"40";"1";"1";"1";2;44;-1
"25205";"202100025205";8;"07:10";"1";"24";"1";"1";"1";7;45;0
"25206";"202100025206";8;"18:00";"1";"27";"1";"2";"1";5;49;1
"25207";"202100025207";8;"06:40";"2";"27";"1";"2";"1";3;49;0
"25208";"202100025208";8;"15:40";"1";"30";"1";"1";"1";6;43;4
"25209";"202100025209";8;"13:30";"1";"19";"1";"1";"2";6;45;1
"25210";"202100025210";8;"11:15";"1";"72";"1";"1";"1";7;48;0
"25211";"202100025211";8;"16:50";"1";"42";"1";"1";"1";1;45;4
"25212";"202100025212";8;"23:10";"3";"11";"1";"1";"1";6;42;2
"25213";"202100025213";8;"17:35";"1";"17";"1";"1";"1";2;45;0
"25214";"202100025214";8;"07:35";"2";"77";"1";"1";"1";6;48;2
"25215";"202100025215";8;"12:20";"1";"971";"2";"1";"1";7;16;-61
"25216";"202100025216";8;"06:00";"2";"2A";"2";"1";"1";6;41;9
"25217";"202100025217";8;"01:10";"5";"83";"2";"1";"1";7;43;6
"25218";"202100025218";8;"08:30";"1";"13";"2";"1";"1";1;43;5
"25219";"202100025219";8;"01:45";"4";"69";"2";"1";"1";2;45;5
"25220";"202100025220";8;"15:25";"1";"81";"2";"1";"1";2;43;1
"25221";"202100025221";8;"22:20";"3";"87";"1";"1";"1";6;45;1
"25222";"202100025222";8;"11:30";"1";"85";"1";"2";"1";2;46;-1
"25223";"202100025223";8;"12:10";"1";"35";"1";"3";"1";3;47;-1
"25224";"202100025224";8;"20:30";"3";"13";"1";"1";"1";6;43;5
"25225";"202100025225";8;"08:45";"1";"13";"1";"1";"1";1;43;5
"25226";"202100025226";8;"22:50";"3";"13";"1";"1";"1";3;43;5
"25227";"202100025227";8;"18:00";"1";"13";"1";"1";"1";2;43;5
"25228";"202100025228";8;"07:37";"1";"13";"1";"1";"1";1;43;5
"25229";"202100025229";8;"04:40";"5";"13";"1";"1";"1";2;43;5
"25230";"202100025230";8;"19:45";"1";"42";"1";"1";"2";6;45;4
"25231";"202100025231";8;"16:00";"1";"33";"1";"1";"1";4;44;0
"25232";"202100025232";8;"05:10";"3";"33";"1";"1";"1";2;44;0
"25233";"202100025233";8;"20:45";"1";"91";"1";"1";"2";7;48;2
"25234";"202100025234";8;"13:50";"1";"91";"1";"1";"3";3;48;2
"25235";"202100025235";8;"10:10";"1";"91";"1";"1";"1";2;48;2
"25236";"202100025236";8;"18:30";"1";"78";"1";"1";"1";4;48;1
"25237";"202100025237";8;"15:00";"1";"78";"1";"1";"1";2;48;2
"25238";"202100025238";8;"13:15";"1";"78";"1";"1";"1";2;48;2
"25239";"202100025239";8;"13:20";"1";"95";"1";"1";"1";6;49;2
"25240";"202100025240";8;"21:45";"3";"94";"1";"1";"1";2;48;2
"25241";"202100025241";8;"11:30";"1";"94";"1";"1";"1";4;48;2
"25242";"202100025242";8;"00:15";"3";"77";"1";"1";"1";6;48;2
"25243";"202100025243";8;"23:54";"3";"94";"1";"1";"1";4;48;2
"25244";"202100025244";8;"07:25";"1";"69";"2";"1";"1";1;45;4
"25245";"202100025245";8;"19:10";"3";"976";"1";"1";"1";6;-12;45
"25246";"202100025246";8;"13:35";"1";"69";"2";"1";"1";7;45;4
"25247";"202100025247";8;"17:59";"4";"972";"1";"1";"1";2;14;-61
"25248";"202100025248";8;"15:10";"1";"972";"1";"1";"1";7;14;-61
"25249";"202100025249";8;"14:55";"1";"69";"2";"1";"1";6;45;4
"25250";"202100025250";6;"17:45";"1";"971";"2";"6";"1";3;16;-61
"25251";"202100025251";8;"14:25";"1";"91";"2";"1";"1";3;48;2
"25252";"202100025252";8;"09:00";"1";"91";"2";"1";"1";6;48;2
"25253";"202100025253";8;"06:55";"1";"91";"2";"1";"1";6;48;2
"25254";"202100025254";8;"08:28";"1";"88";"1";"1";"2";3;48;6
"25255";"202100025255";8;"08:20";"1";"87";"2";"3";"2";3;45;1
"25256";"202100025256";8;"07:10";"1";"86";"2";"1";"1";3;46;0
"25257";"202100025257";8;"08:30";"1";"83";"2";"1";"1";5;43;5
"25258";"202100025258";8;"18:25";"1";"82";"1";"1";"1";6;44;1
"25259";"202100025259";8;"15:30";"1";"80";"2";"1";"1";2;49;2
"25260";"202100025260";8;"11:49";"1";"78";"2";"1";"1";2;48;2
"25261";"202100025261";7;"13:20";"1";"77";"2";"1";"1";6;48;2
"25262";"202100025262";9;"15:20";"1";"76";"2";"1";"1";2;49;1
"25263";"202100025263";8;"10:55";"1";"76";"2";"1";"1";2;49;0
"25264";"202100025264";8;"14:40";"1";"76";"2";"3";"1";3;49;0
"25265";"202100025265";8;"21:55";"5";"74";"2";"1";"1";2;46;6
"25266";"202100025266";8;"00:30";"5";"72";"2";"1";"1";7;47;0
"25267";"202100025267";8;"15:20";"1";"72";"1";"1";"1";4;47;0
"25268";"202100025268";8;"12:50";"1";"71";"2";"6";"1";3;46;4
"25269";"202100025269";8;"19:25";"1";"69";"2";"1";"1";3;45;4
"25270";"202100025270";8;"17:10";"1";"69";"2";"8";"1";6;45;4
"25271";"202100025271";8;"21:25";"5";"69";"2";"1";"1";3;45;4
"25272";"202100025272";8;"08:40";"1";"65";"2";"1";"1";7;43;0
"25273";"202100025273";8;"01:25";"5";"64";"2";"1";"2";5;43;-1
"25274";"202100025274";8;"19:15";"1";"64";"2";"1";"1";2;43;-1
"25275";"202100025275";8;"13:45";"1";"64";"2";"1";"1";2;43;-1
"25276";"202100025276";8;"19:15";"1";"60";"2";"2";"1";1;49;2
"25277";"202100025277";8;"15:45";"1";"59";"2";"1";"1";7;50;3
"25278";"202100025278";8;"01:05";"5";"54";"2";"1";"1";6;48;6
"25279";"202100025279";8;"13:20";"1";"54";"2";"3";"1";3;48;6
"25280";"202100025280";8;"08:15";"1";"54";"2";"3";"1";6;48;6
"25281";"202100025281";8;"13:25";"1";"49";"1";"1";"1";1;47;0
"25282";"202100025282";8;"11:00";"1";"49";"2";"1";"1";7;47;0
"25283";"202100025283";8;"11:52";"1";"49";"2";"1";"1";7;47;0
"25284";"202100025284";8;"22:05";"3";"49";"2";"1";"2";6;47;0
"25285";"202100025285";8;"19:10";"1";"49";"2";"1";"1";6;47;0
"25286";"202100025286";8;"11:40";"1";"45";"2";"2";"1";6;47;1
"25287";"202100025287";8;"18:35";"1";"44";"2";"1";"1";2;47;-1
"25288";"202100025288";8;"13:40";"1";"44";"2";"1";"1";6;47;-1
"25289";"202100025289";7;"14:55";"1";"42";"2";"4";"1";7;45;4
"25290";"202100025290";8;"14:25";"1";"41";"1";"1";"3";2;47;1
"25291";"202100025291";8;"22:40";"5";"38";"2";"4";"1";3;45;5
"25292";"202100025292";8;"19:50";"2";"38";"2";"1";"1";6;45;5
"25293";"202100025293";8;"19:53";"1";"37";"2";"1";"1";2;47;0
"25294";"202100025294";8;"17:15";"1";"37";"2";"1";"2";7;47;0
"25295";"202100025295";8;"15:55";"1";"35";"1";"1";"1";7;48;-1
"25296";"202100025296";8;"14:00";"1";"35";"2";"1";"1";2;48;-1
"25297";"202100025297";8;"01:00";"5";"34";"2";"4";"1";6;43;3
"25298";"202100025298";8;"19:25";"1";"33";"2";"2";"1";3;44;0
"25299";"202100025299";8;"15:40";"1";"33";"2";"1";"1";6;44;-1
"25300";"202100025300";8;"10:00";"1";"31";"2";"1";"1";3;43;1
"25301";"202100025301";7;"01:00";"4";"30";"2";"2";"1";3;43;4
"25302";"202100025302";7;"15:35";"1";"30";"2";"3";"1";3;43;4
"25303";"202100025303";8;"15:05";"1";"29";"2";"1";"1";6;47;-4
"25304";"202100025304";8;"16:40";"1";"29";"2";"6";"1";3;48;-4
"25305";"202100025305";7;"19:10";"1";"28";"2";"3";"1";3;48;1
"25306";"202100025306";8;"16:00";"1";"27";"1";"1";"1";3;49;1
"25307";"202100025307";8;"10:25";"1";"17";"2";"3";"1";2;45;-1
"25308";"202100025308";8;"20:20";"1";"14";"2";"3";"1";6;49;0
"25309";"202100025309";8;"17:18";"1";"13";"2";"4";"1";2;43;5
"25310";"202100025310";8;"17:25";"1";"13";"2";"1";"1";3;43;5
"25311";"202100025311";8;"13:00";"1";"13";"2";"4";"1";3;43;5
"25312";"202100025312";8;"05:25";"5";"13";"2";"2";"1";3;43;5
"25313";"202100025313";8;"21:45";"5";"13";"2";"3";"1";3;43;5
"25314";"202100025314";8;"16:40";"1";"13";"2";"1";"1";3;43;5
"25315";"202100025315";8;"16:30";"1";"13";"2";"1";"1";3;43;5
"25316";"202100025316";8;"19:15";"1";"13";"2";"1";"1";2;43;5
"25317";"202100025317";8;"15:30";"1";"11";"2";"1";"1";3;43;2
"25318";"202100025318";8;"10:40";"1";"11";"2";"1";"1";6;43;2
"25319";"202100025319";8;"19:35";"1";"06";"2";"2";"1";3;43;7
"25320";"202100025320";8;"13:45";"1";"06";"2";"1";"1";6;43;7
"25321";"202100025321";8;"12:20";"1";"06";"2";"6";"1";3;43;7
"25322";"202100025322";8;"15:25";"1";"05";"2";"3";"1";3;44;6
"25323";"202100025323";8;"07:10";"1";"05";"2";"1";"1";3;44;6
"25324";"202100025324";8;"18:35";"1";"75";"2";"1";"1";2;48;2
"25325";"202100025325";8;"16:00";"1";"75";"2";"1";"1";4;48;2
"25326";"202100025326";8;"14:55";"1";"75";"2";"4";"1";3;48;2
"25327";"202100025327";8;"16:00";"1";"75";"2";"1";"1";3;48;2
"25328";"202100025328";8;"07:10";"1";"75";"2";"2";"1";3;48;2
"25329";"202100025329";8;"14:45";"1";"75";"2";"2";"1";3;48;2
"25330";"202100025330";8;"07:00";"1";"75";"2";"1";"1";1;48;2
"25331";"202100025331";8;"01:04";"5";"75";"2";"2";"1";3;48;2
"25332";"202100025332";8;"03:00";"5";"75";"2";"1";"1";2;48;2
"25333";"202100025333";8;"19:45";"2";"75";"2";"7";"8";5;48;2
"25334";"202100025334";8;"11:40";"1";"75";"2";"2";"1";6;48;2
"25335";"202100025335";8;"10:05";"1";"75";"2";"2";"1";3;48;2
"25336";"202100025336";8;"09:45";"1";"75";"2";"2";"1";3;48;2
"25337";"202100025337";8;"10:30";"1";"75";"2";"5";"1";6;48;2
"25338";"202100025338";8;"19:51";"1";"75";"2";"2";"1";6;48;2
"25339";"202100025339";8;"07:30";"1";"94";"2";"1";"1";6;48;2
"25340";"202100025340";8;"17:00";"1";"94";"2";"1";"1";7;48;2
"25341";"202100025341";8;"15:00";"1";"94";"2";"9";"1";2;48;2
"25342";"202100025342";8;"08:45";"1";"93";"2";"1";"1";1;48;2
"25343";"202100025343";8;"21:20";"5";"93";"2";"2";"1";3;48;2
"25344";"202100025344";8;"11:00";"1";"93";"2";"9";"1";3;48;2
"25345";"202100025345";5;"20:23";"2";"92";"2";"2";"1";3;48;2
"25346";"202100025346";8;"19:30";"1";"92";"2";"2";"1";3;48;2
"25347";"202100025347";7;"18:00";"1";"976";"1";"1";"1";7;-12;45
"25348";"202100025348";8;"18:40";"1";"81";"1";"1";"1";7;43;1
"25349";"202100025349";8;"14:15";"1";"2A";"2";"1";"1";3;42;8
"25350";"202100025350";8;"14:50";"1";"60";"2";"1";"1";1;49;2
"25351";"202100025351";8;"20:20";"1";"41";"1";"1";"1";1;47;1
"25352";"202100025352";8;"16:15";"1";"95";"1";"1";"1";3;49;2
"25353";"202100025353";8;"07:35";"1";"29";"1";"1";"2";6;48;-4
"25354";"202100025354";8;"18:15";"1";"51";"1";"1";"8";7;48;3
"25355";"202100025355";8;"14:40";"1";"19";"1";"1";"1";6;45;1
"25356";"202100025356";8;"14:30";"1";"56";"1";"2";"1";3;48;-2
"25357";"202100025357";8;"01:45";"3";"2B";"1";"1";"1";6;42;9
"25358";"202100025358";8;"08:00";"2";"33";"1";"1";"1";6;45;0
"25359";"202100025359";8;"05:30";"3";"11";"1";"1";"1";7;43;2
"25360";"202100025360";8;"13:50";"1";"12";"1";"1";"2";5;44;2
"25361";"202100025361";8;"08:45";"1";"46";"2";"1";"1";2;44;1
"25362";"202100025362";8;"18:40";"1";"47";"1";"1";"1";6;44;0
"25363";"202100025363";8;"18:30";"1";"44";"2";"9";"1";3;47;-1
"25364";"202100025364";8;"16:10";"1";"31";"1";"1";"1";3;43;0
"25365";"202100025365";8;"18:45";"1";"31";"1";"1";"1";6;43;0
"25366";"202100025366";8;"19:20";"1";"03";"1";"1";"1";7;46;3
"25367";"202100025367";8;"14:15";"1";"85";"1";"1";"1";7;46;-1
"25368";"202100025368";8;"16:20";"1";"26";"1";"2";"1";3;44;4
"25369";"202100025369";8;"19:00";"1";"06";"2";"1";"1";6;43;7
"25370";"202100025370";8;"18:30";"1";"90";"1";"9";"2";3;47;6
"25371";"202100025371";8;"17:50";"1";"45";"1";"2";"1";1;47;2
"25372";"202100025372";8;"11:00";"1";"43";"1";"1";"3";6;45;3
"25373";"202100025373";8;"14:39";"1";"10";"1";"9";"1";6;48;3
"25374";"202100025374";8;"16:25";"1";"16";"1";"2";"1";3;45;0
"25375";"202100025375";8;"18:00";"1";"30";"1";"1";"1";6;43;3
"25376";"202100025376";8;"03:55";"3";"33";"1";"1";"1";4;44;0
"25377";"202100025377";8;"21:00";"3";"33";"1";"1";"1";6;44;0
"25378";"202100025378";8;"11:55";"1";"74";"1";"1";"1";7;46;6
"25379";"202100025379";8;"11:35";"1";"01";"1";"1";"1";4;45;5
"25380";"202100025380";8;"12:00";"1";"58";"1";"9";"1";3;46;3
"25381";"202100025381";8;"00:30";"3";"68";"1";"1";"1";7;47;7
"25382";"202100025382";8;"07:10";"1";"45";"1";"1";"1";6;47;2
"25383";"202100025383";8;"08:30";"1";"77";"1";"1";"1";7;49;3
"25384";"202100025384";8;"07:20";"2";"06";"2";"1";"1";1;43;7
"25385";"202100025385";8;"15:30";"1";"89";"1";"9";"1";2;48;3
"25386";"202100025386";8;"18:15";"1";"68";"2";"1";"8";1;48;7
"25387";"202100025387";7;"17:45";"1";"67";"1";"2";"1";3;48;7
"25388";"202100025388";8;"18:35";"1";"63";"1";"1";"1";7;45;2
"25389";"202100025389";8;"12:45";"1";"74";"1";"9";"6";3;46;6
"25390";"202100025390";8;"00:20";"3";"73";"2";"1";"1";6;45;6
"25391";"202100025391";8;"12:00";"1";"26";"2";"6";"8";3;44;4
"25392";"202100025392";6;"19:43";"1";"33";"2";"2";"1";3;45;-1
"25393";"202100025393";8;"22:30";"5";"33";"2";"3";"1";2;44;0
"25394";"202100025394";8;"17:50";"1";"22";"2";"1";"1";7;48;-2
"25395";"202100025395";8;"17:10";"1";"67";"1";"1";"8";2;48;7
"25396";"202100025396";8;"15:55";"1";"91";"1";"1";"1";3;48;2
"25397";"202100025397";8;"20:00";"1";"93";"1";"1";"1";3;48;2
"25398";"202100025398";8;"18:40";"1";"93";"1";"1";"1";7;48;2
"25399";"202100025399";8;"11:00";"1";"92";"1";"1";"1";6;48;2
"25400";"202100025400";8;"05:30";"3";"60";"1";"1";"1";5;49;2
"25401";"202100025401";8;"01:30";"3";"95";"1";"1";"1";2;49;2
"25402";"202100025402";8;"22:40";"3";"92";"1";"1";"1";6;48;2
"25403";"202100025403";8;"14:10";"1";"94";"1";"1";"1";3;48;2
"25404";"202100025404";8;"11:00";"1";"77";"1";"1";"2";6;48;2
"25405";"202100025405";8;"07:00";"1";"93";"1";"1";"1";6;48;2
"25406";"202100025406";8;"19:28";"1";"92";"2";"1";"1";7;48;2
"25407";"202100025407";8;"16:30";"1";"976";"2";"1";"1";6;-12;45
"25408";"202100025408";6;"18:15";"1";"11";"2";"3";"1";6;43;2
"25409";"202100025409";5;"17:35";"1";"11";"2";"2";"1";3;43;3
"25410";"202100025410";8;"07:05";"1";"988";"2";"3";"1";2;-22;166
"25411";"202100025411";8;"11:00";"1";"974";"2";"1";"1";6;-20;55
"25412";"202100025412";8;"16:30";"1";"974";"2";"2";"1";-1;-20;55
"25413";"202100025413";8;"14:30";"1";"974";"2";"1";"1";1;-20;55
"25414";"202100025414";8;"14:45";"1";"973";"2";"6";"1";2;4;-52
"25415";"202100025415";8;"22:30";"5";"973";"2";"2";"1";3;4;-52
"25416";"202100025416";8;"06:55";"1";"973";"2";"2";"1";3;4;-52
"25417";"202100025417";8;"02:20";"5";"69";"2";"1";"1";6;45;4
"25418";"202100025418";8;"07:50";"1";"69";"2";"1";"1";3;45;4
"25419";"202100025419";8;"16:25";"1";"972";"2";"3";"1";6;14;-61
"25420";"202100025420";8;"20:15";"2";"69";"2";"1";"2";3;45;4
"25421";"202100025421";8;"08:30";"1";"971";"2";"3";"1";3;16;-61
"25422";"202100025422";8;"19:40";"1";"91";"2";"1";"1";6;48;2
"25423";"202100025423";8;"19:22";"1";"87";"2";"1";"2";6;45;1
"25424";"202100025424";8;"00:15";"5";"87";"2";"1";"2";6;45;1
"25425";"202100025425";8;"03:10";"5";"83";"2";"1";"1";7;43;5
"25426";"202100025426";8;"18:45";"1";"80";"2";"2";"1";3;49;2
"25427";"202100025427";8;"18:00";"1";"79";"2";"1";"2";7;46;0
"25428";"202100025428";8;"20:46";"1";"79";"1";"2";"1";3;46;0
"25429";"202100025429";7;"22:50";"3";"77";"1";"1";"1";7;48;3
"25430";"202100025430";8;"07:55";"1";"76";"2";"1";"1";6;49;1
"25431";"202100025431";8;"14:40";"1";"71";"2";"1";"8";7;46;4
"25432";"202100025432";7;"07:30";"1";"67";"2";"1";"1";6;48;7
"25433";"202100025433";8;"14:21";"1";"66";"2";"1";"1";3;42;2
"25434";"202100025434";8;"18:35";"1";"66";"2";"1";"1";2;42;2
"25435";"202100025435";8;"17:25";"1";"66";"2";"1";"1";2;42;2
"25436";"202100025436";8;"12:35";"1";"65";"2";"1";"1";6;43;0
"25437";"202100025437";8;"09:48";"1";"65";"1";"3";"1";3;43;0
"25438";"202100025438";8;"13:00";"1";"64";"2";"1";"1";4;43;-1
"25439";"202100025439";8;"16:40";"1";"63";"2";"1";"1";6;45;3
"25440";"202100025440";6;"19:15";"1";"60";"2";"1";"1";6;49;2
"25441";"202100025441";8;"18:15";"1";"59";"2";"3";"1";3;50;3
"25442";"202100025442";8;"03:42";"5";"59";"2";"1";"1";6;50;3
"25443";"202100025443";7;"06:13";"2";"57";"2";"1";"7";1;49;6
"25444";"202100025444";8;"07:50";"1";"56";"2";"1";"1";1;47;-3
"25445";"202100025445";8;"09:28";"1";"54";"2";"3";"1";6;48;6
"25446";"202100025446";8;"11:45";"1";"47";"2";"1";"2";6;44;0
"25447";"202100025447";8;"08:05";"1";"47";"2";"2";"2";2;44;0
"25448";"202100025448";8;"23:45";"5";"44";"2";"1";"2";6;47;-1
"25449";"202100025449";8;"15:15";"1";"44";"2";"1";"1";3;47;-1
"25450";"202100025450";8;"20:20";"1";"37";"2";"3";"8";7;47;0
"25451";"202100025451";8;"11:00";"1";"34";"2";"1";"2";2;43;3
"25452";"202100025452";8;"17:20";"1";"33";"2";"1";"1";3;44;0
"25453";"202100025453";8;"12:31";"1";"33";"2";"4";"1";2;44;0
"25454";"202100025454";8;"17:30";"1";"31";"1";"1";"1";2;43;0
"25455";"202100025455";8;"20:15";"2";"27";"2";"3";"1";3;49;1
"25456";"202100025456";8;"10:15";"1";"26";"2";"1";"1";6;44;4
"25457";"202100025457";8;"20:50";"2";"26";"1";"9";"2";3;44;4
"25458";"202100025458";8;"15:15";"1";"70";"2";"3";"2";2;47;6
"25459";"202100025459";8;"19:00";"1";"22";"1";"4";"1";3;48;-2
"25460";"202100025460";8;"13:00";"1";"21";"2";"1";"1";6;47;5
"25461";"202100025461";8;"09:15";"1";"17";"2";"9";"2";2;45;-1
"25462";"202100025462";7;"20:00";"1";"17";"2";"6";"1";3;45;0
"25463";"202100025463";8;"09:30";"1";"15";"2";"1";"1";4;44;2
"25464";"202100025464";8;"19:45";"1";"14";"2";"3";"1";3;49;0
"25465";"202100025465";8;"22:20";"3";"13";"1";"1";"1";7;43;4
"25466";"202100025466";8;"01:10";"5";"13";"2";"1";"1";1;43;5
"25467";"202100025467";8;"19:05";"1";"13";"2";"1";"1";6;43;5
"25468";"202100025468";8;"13:00";"1";"13";"2";"1";"1";1;43;5
"25469";"202100025469";8;"09:30";"1";"13";"2";"3";"1";3;43;5
"25470";"202100025470";8;"02:10";"5";"13";"2";"1";"1";7;43;5
"25471";"202100025471";8;"07:20";"1";"13";"2";"1";"1";3;43;5
"25472";"202100025472";8;"08:00";"1";"11";"2";"1";"1";6;43;2
"25473";"202100025473";8;"19:15";"1";"10";"2";"1";"1";6;48;4
"25474";"202100025474";8;"03:00";"5";"07";"2";"2";"8";3;44;4
"25475";"202100025475";8;"14:06";"1";"06";"2";"1";"7";2;43;7
"25476";"202100025476";8;"18:05";"1";"75";"2";"2";"1";6;48;2
"25477";"202100025477";8;"14:04";"1";"75";"2";"3";"1";3;48;2
"25478";"202100025478";8;"17:50";"1";"75";"2";"2";"1";3;48;2
"25479";"202100025479";8;"14:00";"1";"75";"2";"1";"1";3;48;2
"25480";"202100025480";8;"13:05";"1";"75";"2";"1";"1";2;48;2
"25481";"202100025481";8;"19:00";"1";"75";"2";"1";"1";6;48;2
"25482";"202100025482";8;"14:45";"1";"75";"2";"3";"1";3;48;2
"25483";"202100025483";8;"10:54";"1";"75";"2";"2";"1";3;48;2
"25484";"202100025484";8;"20:20";"1";"75";"2";"3";"1";6;48;2
"25485";"202100025485";8;"06:30";"2";"75";"2";"2";"1";7;48;2
"25486";"202100025486";8;"20:00";"1";"94";"2";"9";"1";4;48;2
"25487";"202100025487";8;"15:35";"1";"94";"2";"3";"1";1;48;2
"25488";"202100025488";8;"09:15";"1";"94";"2";"6";"1";3;48;2
"25489";"202100025489";8;"20:50";"5";"94";"2";"1";"2";6;48;2
"25490";"202100025490";8;"13:30";"1";"94";"2";"6";"1";2;48;2
"25491";"202100025491";8;"00:30";"4";"94";"2";"6";"1";3;48;2
"25492";"202100025492";8;"19:45";"1";"94";"2";"1";"1";6;48;2
"25493";"202100025493";8;"16:15";"1";"94";"2";"1";"1";3;48;2