"";"Num_Acc";"mois";"hrmn";"lum";"dep";"agg";"int";"atm";"col";"lat";"long"
"25494";"202100025494";8;"09:20";"1";"94";"2";"1";"1";3;48;2
"25495";"202100025495";8;"12:15";"1";"94";"2";"1";"8";3;48;2
"25496";"202100025496";8;"12:15";"1";"93";"2";"4";"1";3;49;2
"25497";"202100025497";8;"21:50";"5";"93";"2";"1";"1";3;48;2
"25498";"202100025498";8;"23:40";"5";"93";"2";"2";"1";3;48;2
"25499";"202100025499";8;"07:25";"1";"93";"2";"2";"1";3;48;2
"25500";"202100025500";8;"17:50";"1";"93";"2";"9";"1";3;48;2
"25501";"202100025501";8;"12:30";"1";"93";"2";"9";"1";3;48;2
"25502";"202100025502";8;"10:15";"1";"92";"2";"9";"1";6;48;2
"25503";"202100025503";8;"14:50";"1";"92";"2";"2";"1";6;48;2
"25504";"202100025504";8;"21:30";"5";"92";"2";"1";"2";6;48;2
"25505";"202100025505";7;"06:25";"2";"22";"1";"2";"1";3;48;-2
"25506";"202100025506";8;"18:50";"1";"31";"1";"1";"1";7;43;1
"25507";"202100025507";8;"17:45";"1";"84";"2";"2";"1";3;44;4
"25508";"202100025508";8;"15:45";"1";"60";"1";"9";"1";7;49;2
"25509";"202100025509";8;"07:35";"2";"15";"1";"1";"1";2;45;3
"25510";"202100025510";7;"07:15";"1";"30";"1";"1";"1";6;44;4
"25511";"202100025511";7;"16:00";"1";"67";"1";"1";"1";7;48;8
"25512";"202100025512";8;"19:45";"1";"79";"2";"1";"2";6;46;0
"25513";"202100025513";7;"12:00";"1";"2B";"1";"1";"1";2;42;9
"25514";"202100025514";7;"19:40";"1";"61";"1";"1";"1";2;48;0
"25515";"202100025515";8;"08:15";"1";"55";"1";"1";"8";1;49;5
"25516";"202100025516";8;"11:05";"1";"35";"2";"1";"2";6;48;-1
"25517";"202100025517";8;"00:45";"3";"29";"1";"6";"2";3;48;-4
"25518";"202100025518";8;"17:35";"1";"31";"1";"1";"8";6;43;1
"25519";"202100025519";8;"19:10";"1";"31";"1";"2";"1";3;43;1
"25520";"202100025520";8;"19:25";"1";"02";"1";"1";"1";1;49;3
"25521";"202100025521";6;"10:15";"1";"84";"1";"1";"1";3;43;5
"25522";"202100025522";7;"18:20";"1";"26";"1";"3";"1";5;44;4
"25523";"202100025523";8;"04:55";"3";"54";"1";"1";"2";7;48;6
"25524";"202100025524";8;"16:24";"1";"72";"1";"1";"1";1;48;0
"25525";"202100025525";8;"20:30";"1";"14";"2";"3";"2";3;49;0
"25526";"202100025526";8;"12:00";"1";"14";"1";"1";"1";1;49;0
"25527";"202100025527";8;"07:30";"1";"14";"2";"1";"1";3;49;0
"25528";"202100025528";8;"17:00";"1";"50";"2";"2";"1";3;48;-1
"25529";"202100025529";8;"14:05";"1";"50";"1";"3";"1";7;49;-1
"25530";"202100025530";8;"12:45";"1";"83";"1";"1";"1";6;43;5
"25531";"202100025531";8;"19:30";"2";"09";"1";"1";"2";7;42;1
"25532";"202100025532";8;"08:45";"1";"45";"2";"6";"1";7;47;1
"25533";"202100025533";8;"14:35";"1";"16";"1";"1";"1";6;46;0
"25534";"202100025534";8;"18:20";"1";"53";"1";"1";"1";7;48;0
"25535";"202100025535";8;"09:20";"1";"24";"1";"1";"1";6;45;0
"25536";"202100025536";8;"12:15";"1";"85";"1";"1";"3";3;46;-2
"25537";"202100025537";8;"09:30";"1";"85";"1";"2";"2";3;46;-1
"25538";"202100025538";8;"19:20";"1";"85";"2";"4";"2";3;46;0
"25539";"202100025539";8;"18:10";"1";"17";"2";"2";"1";2;46;0
"25540";"202100025540";8;"03:00";"3";"03";"1";"1";"1";2;46;3
"25541";"202100025541";8;"18:40";"1";"67";"1";"4";"1";6;48;7
"25542";"202100025542";8;"09:00";"1";"64";"1";"1";"1";3;43;-1
"25543";"202100025543";8;"13:55";"1";"40";"1";"1";"1";7;43;-1
"25544";"202100025544";8;"17:40";"1";"17";"1";"1";"2";3;45;0
"25545";"202100025545";8;"06:30";"2";"34";"2";"1";"1";1;43;3
"25546";"202100025546";8;"07:15";"1";"971";"1";"4";"7";5;16;-61
"25547";"202100025547";8;"14:05";"1";"91";"1";"1";"1";7;48;2
"25548";"202100025548";8;"09:35";"1";"2A";"1";"1";"1";7;41;9
"25549";"202100025549";8;"11:20";"1";"83";"1";"3";"1";3;43;6
"25550";"202100025550";8;"15:00";"1";"67";"2";"1";"1";6;48;7
"25551";"202100025551";8;"17:00";"1";"67";"2";"1";"1";7;48;7
"25552";"202100025552";8;"23:50";"3";"01";"1";"1";"1";6;46;4
"25553";"202100025553";7;"07:20";"2";"69";"2";"1";"2";6;45;4
"25554";"202100025554";8;"15:40";"1";"17";"1";"2";"1";3;45;-1
"25555";"202100025555";8;"16:45";"1";"40";"1";"4";"1";1;43;0
"25556";"202100025556";7;"12:20";"1";"33";"1";"1";"1";3;44;0
"25557";"202100025557";7;"13:30";"1";"27";"1";"1";"1";7;49;0
"25558";"202100025558";8;"19:40";"1";"59";"2";"3";"2";3;50;2
"25559";"202100025559";8;"19:00";"1";"13";"1";"1";"1";2;43;5
"25560";"202100025560";8;"15:02";"1";"13";"1";"1";"1";7;43;5
"25561";"202100025561";8;"16:50";"1";"13";"1";"1";"1";2;43;5
"25562";"202100025562";8;"04:30";"3";"69";"1";"1";"2";2;45;4
"25563";"202100025563";8;"12:00";"1";"33";"1";"1";"1";5;44;0
"25564";"202100025564";8;"10:30";"1";"92";"1";"1";"1";3;48;2
"25565";"202100025565";8;"18:30";"1";"93";"1";"1";"1";2;48;2
"25566";"202100025566";8;"12:00";"1";"93";"1";"1";"1";5;48;2
"25567";"202100025567";8;"18:45";"1";"93";"1";"1";"1";3;48;2
"25568";"202100025568";8;"06:05";"2";"94";"1";"1";"1";6;48;2
"25569";"202100025569";7;"16:30";"1";"13";"2";"1";"1";3;43;5
"25570";"202100025570";7;"07:30";"1";"51";"2";"1";"3";2;49;4
"25571";"202100025571";8;"14:00";"1";"76";"2";"1";"1";6;49;1
"25572";"202100025572";6;"09:30";"1";"85";"2";"1";"1";6;46;-1
"25573";"202100025573";4;"17:24";"1";"82";"2";"1";"1";1;44;1
"25574";"202100025574";6;"17:35";"1";"11";"2";"1";"1";6;43;3
"25575";"202100025575";7;"07:55";"1";"988";"2";"3";"1";3;-22;166
"25576";"202100025576";8;"10:50";"1";"974";"2";"1";"1";6;-21;55
"25577";"202100025577";8;"05:00";"5";"974";"2";"1";"1";3;-20;55
"25578";"202100025578";8;"14:30";"1";"974";"1";"1";"2";3;-20;55
"25579";"202100025579";8;"13:30";"1";"69";"1";"1";"2";6;45;4
"25580";"202100025580";8;"08:25";"1";"972";"2";"1";"1";6;14;-61
"25581";"202100025581";8;"05:25";"5";"69";"2";"9";"2";6;45;4
"25582";"202100025582";8;"01:40";"5";"69";"2";"1";"2";6;45;4
"25583";"202100025583";8;"14:40";"1";"971";"2";"1";"1";3;16;-61
"25584";"202100025584";8;"11:50";"1";"971";"1";"1";"1";6;16;-61
"25585";"202100025585";8;"13:33";"1";"971";"1";"1";"1";3;16;-61
"25586";"202100025586";8;"21:20";"5";"2A";"2";"1";"1";7;41;8
"25587";"202100025587";8;"18:00";"1";"91";"2";"1";"1";7;48;2
"25588";"202100025588";8;"00:15";"3";"91";"1";"1";"2";7;48;2
"25589";"202100025589";7;"16:38";"1";"89";"2";"2";"1";3;47;3
"25590";"202100025590";8;"12:15";"1";"87";"1";"1";"2";7;45;1
"25591";"202100025591";7;"17:20";"1";"82";"2";"3";"1";5;44;1
"25592";"202100025592";7;"15:18";"1";"80";"2";"2";"1";3;49;2
"25593";"202100025593";7;"18:05";"1";"78";"1";"1";"3";6;48;2
"25594";"202100025594";2;"12:25";"1";"69";"2";"3";"1";6;45;4
"25595";"202100025595";8;"12:49";"1";"67";"2";"1";"2";6;48;7
"25596";"202100025596";8;"01:40";"3";"67";"2";"1";"1";6;48;7
"25597";"202100025597";8;"09:05";"1";"67";"2";"3";"1";3;48;7
"25598";"202100025598";8;"11:28";"1";"66";"2";"1";"3";6;42;2
"25599";"202100025599";8;"09:00";"1";"66";"2";"1";"1";1;42;2
"25600";"202100025600";8;"19:35";"1";"64";"2";"1";"1";6;43;-1
"25601";"202100025601";8;"06:30";"2";"64";"2";"1";"2";7;43;-1
"25602";"202100025602";8;"09:10";"1";"64";"2";"1";"8";3;43;-1
"25603";"202100025603";8;"13:30";"1";"59";"2";"9";"1";3;50;3
"25604";"202100025604";8;"02:10";"5";"45";"2";"1";"1";6;47;1
"25605";"202100025605";8;"19:30";"1";"44";"2";"1";"2";6;47;-2
"25606";"202100025606";8;"19:30";"1";"44";"2";"2";"1";3;47;-2
"25607";"202100025607";8;"01:00";"5";"37";"2";"1";"1";7;47;0
"25608";"202100025608";8;"16:58";"1";"37";"2";"6";"1";7;47;0
"25609";"202100025609";8;"17:20";"1";"37";"2";"1";"1";2;47;0
"25610";"202100025610";8;"22:35";"5";"33";"2";"3";"1";3;44;0
"25611";"202100025611";8;"14:10";"1";"33";"2";"1";"2";3;44;0
"25612";"202100025612";8;"10:15";"1";"33";"2";"1";"2";7;44;-1
"25613";"202100025613";8;"19:10";"1";"26";"2";"1";"1";3;44;4
"25614";"202100025614";8;"12:15";"1";"15";"2";"1";"1";6;44;2
"25615";"202100025615";8;"11:40";"1";"13";"1";"1";"3";7;43;5
"25616";"202100025616";8;"03:00";"5";"13";"2";"1";"1";2;43;4
"25617";"202100025617";8;"14:50";"1";"13";"2";"9";"1";2;43;5
"25618";"202100025618";8;"10:00";"1";"13";"2";"1";"2";2;43;5
"25619";"202100025619";8;"11:15";"1";"13";"2";"2";"1";3;43;5
"25620";"202100025620";8;"10:49";"1";"13";"2";"3";"1";3;43;5
"25621";"202100025621";8;"12:45";"1";"13";"2";"1";"2";3;43;5
"25622";"202100025622";6;"12:49";"1";"11";"2";"1";"1";6;43;3
"25623";"202100025623";8;"16:00";"1";"11";"2";"1";"1";3;43;2
"25624";"202100025624";8;"17:32";"1";"11";"2";"1";"1";6;43;2
"25625";"202100025625";8;"08:12";"1";"11";"2";"6";"1";3;43;2
"25626";"202100025626";8;"18:45";"1";"75";"2";"4";"1";3;48;2
"25627";"202100025627";8;"17:39";"1";"75";"2";"1";"1";7;48;2
"25628";"202100025628";8;"11:03";"1";"75";"2";"2";"1";2;48;2
"25629";"202100025629";8;"17:21";"1";"75";"2";"1";"1";3;48;2
"25630";"202100025630";8;"04:08";"5";"75";"2";"2";"2";6;48;2
"25631";"202100025631";8;"19:15";"1";"75";"2";"1";"1";2;48;2
"25632";"202100025632";8;"17:30";"1";"75";"2";"3";"1";3;48;2
"25633";"202100025633";8;"05:25";"5";"75";"2";"2";"1";6;48;2
"25634";"202100025634";8;"11:30";"1";"94";"2";"3";"8";3;48;2
"25635";"202100025635";8;"18:44";"1";"94";"2";"9";"2";2;48;2
"25636";"202100025636";8;"19:20";"1";"94";"2";"5";"1";3;48;2
"25637";"202100025637";8;"14:25";"1";"94";"2";"3";"2";3;48;2
"25638";"202100025638";8;"17:20";"1";"94";"2";"8";"1";3;48;2
"25639";"202100025639";8;"17:00";"1";"94";"2";"1";"1";3;48;2
"25640";"202100025640";8;"18:50";"1";"93";"2";"2";"1";6;48;2
"25641";"202100025641";8;"06:45";"1";"93";"2";"2";"1";3;48;2
"25642";"202100025642";8;"15:00";"1";"93";"2";"2";"1";3;48;2
"25643";"202100025643";8;"19:00";"1";"93";"2";"2";"1";3;48;2
"25644";"202100025644";8;"17:20";"1";"93";"2";"1";"1";3;48;2
"25645";"202100025645";8;"11:05";"1";"93";"2";"2";"1";3;48;2
"25646";"202100025646";8;"16:15";"1";"92";"2";"3";"8";3;48;2
"25647";"202100025647";8;"18:00";"5";"974";"2";"1";"1";1;-21;55
"25648";"202100025648";6;"10:24";"1";"47";"1";"1";"1";1;44;0
"25649";"202100025649";8;"18:25";"1";"2A";"1";"1";"1";5;41;8
"25650";"202100025650";8;"17:20";"1";"2A";"1";"1";"1";1;42;8
"25651";"202100025651";8;"10:45";"1";"01";"1";"1";"1";1;46;5
"25652";"202100025652";7;"18:30";"1";"38";"2";"1";"1";3;45;4
"25653";"202100025653";8;"16:30";"1";"74";"1";"1";"3";7;46;6
"25654";"202100025654";8;"10:35";"1";"26";"1";"1";"1";5;44;4
"25655";"202100025655";8;"15:56";"1";"91";"1";"1";"1";1;48;2
"25656";"202100025656";8;"14:50";"1";"58";"1";"1";"1";5;47;2
"25657";"202100025657";7;"22:00";"2";"30";"2";"1";"1";1;44;4
"25658";"202100025658";8;"10:55";"1";"19";"1";"1";"8";7;45;1
"25659";"202100025659";8;"19:00";"1";"56";"1";"3";"2";2;47;-3
"25660";"202100025660";7;"19:00";"1";"2A";"2";"1";"1";3;41;8
"25661";"202100025661";6;"23:50";"3";"33";"1";"4";"1";1;44;0
"25662";"202100025662";8;"20:45";"2";"69";"1";"1";"2";6;46;4
"25663";"202100025663";8;"08:05";"1";"76";"1";"2";"1";3;49;1
"25664";"202100025664";8;"14:20";"1";"34";"1";"1";"2";6;43;3
"25665";"202100025665";8;"17:00";"1";"44";"1";"1";"1";7;47;-1
"25666";"202100025666";6;"19:15";"1";"29";"2";"3";"1";1;48;-4
"25667";"202100025667";8;"11:15";"1";"15";"1";"2";"8";3;45;3
"25668";"202100025668";8;"12:31";"1";"26";"2";"1";"2";6;45;4
"25669";"202100025669";8;"08:00";"1";"58";"1";"1";"1";2;47;3
"25670";"202100025670";8;"07:02";"2";"18";"2";"1";"2";1;46;3
"25671";"202100025671";8;"18:30";"1";"43";"1";"3";"1";3;45;4
"25672";"202100025672";8;"06:40";"2";"10";"1";"4";"8";6;48;4
"25673";"202100025673";8;"20:00";"1";"40";"1";"1";"2";2;43;0
"25674";"202100025674";8;"18:15";"1";"24";"1";"1";"8";7;45;0
"25675";"202100025675";8;"17:55";"1";"08";"2";"9";"1";6;49;4
"25676";"202100025676";7;"06:45";"1";"973";"2";"1";"7";6;4;-52
"25677";"202100025677";8;"06:05";"2";"13";"1";"1";"1";1;43;5
"25678";"202100025678";8;"18:26";"1";"33";"2";"1";"1";6;44;0
"25679";"202100025679";8;"11:50";"1";"06";"1";"1";"1";6;43;7
"25680";"202100025680";8;"13:15";"1";"51";"1";"1";"1";7;49;4
"25681";"202100025681";8;"22:30";"3";"11";"1";"1";"9";1;43;3
"25682";"202100025682";8;"21:50";"3";"988";"1";"1";"1";7;-21;164
"25683";"202100025683";8;"11:40";"1";"77";"2";"3";"1";7;48;2
"25684";"202100025684";8;"08:50";"1";"84";"1";"1";"2";1;44;4
"25685";"202100025685";8;"08:12";"1";"70";"2";"2";"8";6;47;6
"25686";"202100025686";8;"15:20";"1";"89";"1";"1";"1";2;47;3
"25687";"202100025687";8;"09:45";"1";"68";"2";"8";"2";3;47;7
"25688";"202100025688";8;"06:50";"2";"67";"1";"1";"1";6;48;7
"25689";"202100025689";8;"11:55";"1";"26";"2";"6";"1";3;44;4
"25690";"202100025690";8;"17:40";"1";"81";"1";"3";"1";3;43;1
"25691";"202100025691";8;"18:45";"1";"33";"1";"9";"1";6;45;0
"25692";"202100025692";8;"17:26";"1";"33";"1";"2";"2";3;45;0
"25693";"202100025693";7;"16:43";"1";"22";"2";"9";"1";6;48;-3
"25694";"202100025694";8;"13:30";"1";"13";"1";"1";"2";7;43;5
"25695";"202100025695";8;"17:20";"1";"83";"1";"1";"1";5;43;5
"25696";"202100025696";8;"15:15";"1";"69";"1";"1";"1";2;45;4
"25697";"202100025697";8;"16:46";"1";"33";"1";"1";"1";4;44;0
"25698";"202100025698";8;"10:15";"1";"93";"1";"1";"1";3;48;2
"25699";"202100025699";8;"04:40";"3";"93";"1";"1";"1";6;48;2
"25700";"202100025700";8;"16:30";"1";"94";"1";"1";"1";6;48;2
"25701";"202100025701";8;"04:00";"3";"77";"1";"1";"1";7;48;2
"25702";"202100025702";8;"04:35";"3";"93";"1";"1";"2";2;48;2
"25703";"202100025703";6;"08:10";"1";"59";"2";"1";"1";1;50;3
"25704";"202100025704";8;"11:20";"1";"974";"2";"2";"1";3;-20;55
"25705";"202100025705";8;"11:20";"1";"974";"2";"1";"1";2;-20;55
"25706";"202100025706";8;"18:00";"1";"973";"2";"1";"1";6;4;-52
"25707";"202100025707";7;"18:20";"1";"69";"2";"3";"1";3;45;4
"25708";"202100025708";8;"17:05";"1";"69";"2";"2";"3";3;45;4
"25709";"202100025709";8;"18:25";"1";"69";"2";"1";"1";2;45;4
"25710";"202100025710";8;"08:30";"1";"95";"2";"1";"2";2;48;2
"25711";"202100025711";8;"05:55";"1";"91";"2";"1";"2";7;48;2
"25712";"202100025712";8;"16:25";"1";"91";"2";"1";"1";2;48;2
"25713";"202100025713";8;"20:55";"1";"91";"2";"3";"1";3;48;2
"25714";"202100025714";8;"01:27";"5";"87";"2";"3";"2";2;45;1
"25715";"202100025715";7;"01:19";"5";"87";"2";"1";"1";6;45;1
"25716";"202100025716";8;"19:06";"1";"84";"2";"9";"1";2;44;4
"25717";"202100025717";8;"04:45";"3";"83";"1";"1";"1";7;43;6
"25718";"202100025718";8;"07:10";"1";"83";"2";"3";"1";3;43;6
"25719";"202100025719";8;"08:00";"1";"83";"1";"1";"1";6;43;6
"25720";"202100025720";7;"19:40";"1";"80";"2";"1";"1";6;49;2
"25721";"202100025721";6;"23:35";"4";"78";"1";"2";"1";3;48;2
"25722";"202100025722";8;"07:02";"2";"77";"1";"9";"1";1;48;2
"25723";"202100025723";8;"11:00";"1";"74";"2";"4";"1";6;45;6
"25724";"202100025724";7;"10:50";"1";"67";"2";"1";"1";6;48;7
"25725";"202100025725";7;"09:45";"1";"67";"2";"1";"1";6;48;7
"25726";"202100025726";7;"14:14";"1";"66";"1";"1";"1";4;42;2
"25727";"202100025727";8;"18:30";"1";"64";"2";"6";"1";3;43;-1
"25728";"202100025728";7;"14:40";"1";"63";"1";"1";"1";5;45;3
"25729";"202100025729";8;"19:50";"1";"62";"2";"1";"1";1;50;2
"25730";"202100025730";8;"18:20";"1";"59";"2";"1";"1";2;50;3
"25731";"202100025731";8;"22:25";"3";"59";"1";"1";"1";7;50;2
"25732";"202100025732";8;"16:15";"1";"56";"2";"6";"1";3;47;-3
"25733";"202100025733";8;"11:37";"1";"54";"2";"1";"1";6;48;6
"25734";"202100025734";8;"21:37";"5";"54";"2";"2";"1";3;48;6
"25735";"202100025735";8;"00:25";"5";"50";"2";"2";"1";3;49;-1
"25736";"202100025736";8;"08:57";"1";"49";"2";"1";"1";2;47;0
"25737";"202100025737";8;"12:50";"1";"45";"2";"1";"1";6;47;2
"25738";"202100025738";8;"16:05";"1";"35";"1";"1";"1";3;48;-1
"25739";"202100025739";7;"12:30";"1";"34";"1";"3";"1";3;43;3
"25740";"202100025740";8;"18:45";"1";"33";"2";"2";"2";6;44;0
"25741";"202100025741";8;"12:30";"1";"32";"2";"4";"1";3;43;0
"25742";"202100025742";8;"00:20";"5";"31";"1";"9";"1";2;43;1
"25743";"202100025743";7;"14:00";"1";"26";"2";"1";"1";3;44;4
"25744";"202100025744";8;"17:43";"1";"26";"2";"3";"8";3;44;4
"25745";"202100025745";7;"13:40";"1";"24";"2";"1";"1";3;44;0
"25746";"202100025746";8;"16:15";"1";"14";"2";"1";"1";3;49;0
"25747";"202100025747";8;"22:40";"5";"13";"2";"2";"1";3;43;5
"25748";"202100025748";8;"20:30";"3";"13";"2";"1";"1";7;43;5
"25749";"202100025749";8;"02:40";"5";"13";"2";"1";"1";3;43;5
"25750";"202100025750";8;"19:20";"1";"13";"2";"3";"1";3;43;4
"25751";"202100025751";8;"20:15";"2";"13";"2";"1";"1";5;43;4
"25752";"202100025752";8;"19:00";"1";"11";"2";"1";"1";6;43;3
"25753";"202100025753";8;"12:20";"1";"11";"2";"1";"1";6;43;3
"25754";"202100025754";8;"19:27";"2";"06";"2";"1";"7";5;43;7
"25755";"202100025755";7;"21:08";"5";"06";"2";"1";"1";6;43;7
"25756";"202100025756";8;"13:45";"1";"06";"2";"9";"1";3;43;6
"25757";"202100025757";8;"19:15";"1";"05";"2";"1";"1";2;44;6
"25758";"202100025758";8;"08:00";"1";"05";"2";"3";"1";3;44;6
"25759";"202100025759";8;"16:24";"1";"05";"1";"1";"1";6;44;6
"25760";"202100025760";8;"15:45";"1";"03";"2";"1";"1";6;46;2
"25761";"202100025761";8;"09:40";"1";"75";"2";"1";"1";2;48;2
"25762";"202100025762";8;"08:40";"1";"75";"2";"2";"1";6;48;2
"25763";"202100025763";8;"08:30";"1";"75";"2";"7";"1";7;48;2
"25764";"202100025764";8;"07:30";"1";"75";"2";"2";"2";3;48;2
"25765";"202100025765";8;"18:30";"1";"75";"2";"4";"1";2;48;2
"25766";"202100025766";8;"20:15";"1";"75";"2";"1";"1";3;48;2
"25767";"202100025767";8;"08:40";"1";"75";"2";"2";"8";3;48;2
"25768";"202100025768";8;"07:30";"1";"75";"2";"3";"8";6;48;2
"25769";"202100025769";8;"23:30";"5";"75";"2";"2";"2";3;48;2
"25770";"202100025770";8;"18:20";"1";"75";"2";"1";"1";3;48;2
"25771";"202100025771";8;"12:50";"1";"75";"2";"3";"1";6;48;2
"25772";"202100025772";8;"16:50";"1";"75";"2";"3";"1";7;48;2
"25773";"202100025773";8;"11:40";"1";"75";"2";"1";"1";3;48;2
"25774";"202100025774";8;"20:55";"1";"75";"2";"3";"2";6;48;2
"25775";"202100025775";8;"20:40";"2";"94";"1";"9";"1";3;48;2
"25776";"202100025776";8;"18:40";"1";"94";"2";"3";"1";7;48;2
"25777";"202100025777";8;"06:45";"2";"94";"2";"1";"2";3;48;2
"25778";"202100025778";8;"03:08";"5";"94";"2";"6";"1";6;48;2
"25779";"202100025779";7;"14:25";"1";"94";"2";"2";"1";3;48;2
"25780";"202100025780";8;"15:40";"1";"93";"2";"2";"1";2;48;2
"25781";"202100025781";8;"16:25";"1";"93";"2";"1";"1";6;48;2
"25782";"202100025782";8;"03:28";"5";"93";"2";"9";"2";1;48;2
"25783";"202100025783";8;"20:50";"2";"93";"2";"1";"1";3;48;2
"25784";"202100025784";8;"18:45";"1";"93";"2";"1";"1";6;48;2
"25785";"202100025785";8;"14:20";"1";"93";"2";"1";"1";6;48;2
"25786";"202100025786";8;"17:00";"1";"93";"2";"1";"1";2;48;2
"25787";"202100025787";8;"22:15";"5";"92";"2";"1";"1";6;48;2
"25788";"202100025788";8;"16:30";"1";"92";"2";"1";"1";6;48;2
"25789";"202100025789";7;"23:05";"5";"92";"2";"3";"1";3;48;2
"25790";"202100025790";8;"14:05";"1";"92";"2";"1";"2";2;48;2
"25791";"202100025791";8;"10:05";"1";"01";"2";"1";"1";6;45;5
"25792";"202100025792";8;"00:40";"3";"67";"1";"1";"2";7;48;7
"25793";"202100025793";7;"10:17";"1";"06";"2";"7";"1";6;43;7
"25794";"202100025794";7;"18:00";"1";"13";"2";"2";"1";3;43;4
"25795";"202100025795";8;"06:35";"2";"71";"1";"1";"2";2;46;4
"25796";"202100025796";8;"16:15";"1";"28";"1";"1";"1";6;48;1
"25797";"202100025797";8;"14:20";"1";"974";"2";"1";"1";3;-21;55
"25798";"202100025798";8;"11:25";"1";"38";"2";"2";"2";1;45;5
"25799";"202100025799";8;"18:15";"1";"62";"1";"1";"1";3;50;1
"25800";"202100025800";8;"20:15";"1";"47";"1";"1";"2";1;44;0
"25801";"202100025801";8;"12:50";"1";"62";"1";"1";"1";6;50;1
"25802";"202100025802";8;"06:05";"2";"44";"1";"1";"1";2;47;-1
"25803";"202100025803";8;"10:40";"1";"80";"2";"2";"1";3;50;1
"25804";"202100025804";8;"16:31";"1";"81";"1";"1";"1";7;43;1
"25805";"202100025805";8;"17:20";"1";"71";"2";"3";"2";3;46;4
"25806";"202100025806";8;"15:05";"1";"46";"1";"1";"1";6;44;1
"25807";"202100025807";8;"17:00";"1";"35";"2";"1";"1";3;48;-2
"25808";"202100025808";8;"18:30";"1";"29";"1";"1";"2";1;47;-4
"25809";"202100025809";8;"10:00";"1";"03";"2";"2";"8";3;46;3
"25810";"202100025810";8;"19:25";"1";"03";"1";"1";"2";1;46;3
"25811";"202100025811";8;"16:45";"1";"50";"1";"3";"1";6;48;0
"25812";"202100025812";8;"20:30";"1";"64";"2";"1";"1";7;43;0
"25813";"202100025813";7;"11:00";"1";"18";"1";"1";"1";6;47;2
"25814";"202100025814";8;"16:50";"1";"10";"1";"1";"1";2;48;4
"25815";"202100025815";8;"15:05";"1";"16";"1";"2";"1";3;45;0
"25816";"202100025816";8;"16:50";"1";"04";"2";"1";"1";2;43;6
"25817";"202100025817";8;"07:15";"2";"30";"2";"1";"3";2;44;4
"25818";"202100025818";8;"04:50";"3";"52";"1";"1";"5";1;48;5
"25819";"202100025819";8;"03:05";"3";"63";"1";"1";"1";4;46;3
"25820";"202100025820";8;"13:58";"1";"82";"1";"1";"3";2;43;1
"25821";"202100025821";8;"23:05";"3";"53";"1";"1";"2";5;48;0
"25822";"202100025822";8;"07:00";"2";"68";"1";"1";"1";6;47;7
"25823";"202100025823";8;"18:25";"1";"74";"2";"6";"2";3;46;6
"25824";"202100025824";8;"08:25";"1";"57";"1";"1";"2";6;48;7
"25825";"202100025825";8;"10:00";"1";"971";"2";"1";"1";3;16;-61
"25826";"202100025826";8;"13:15";"1";"77";"1";"1";"1";1;49;2
"25827";"202100025827";8;"01:00";"3";"66";"1";"1";"1";7;42;2
"25828";"202100025828";8;"13:30";"1";"11";"2";"1";"1";6;43;2
"25829";"202100025829";8;"17:50";"1";"13";"1";"1";"1";1;43;4
"25830";"202100025830";8;"17:29";"1";"08";"1";"1";"8";7;49;4
"25831";"202100025831";8;"15:00";"1";"38";"1";"1";"2";3;45;5
"25832";"202100025832";8;"19:10";"1";"69";"1";"3";"2";1;45;4
"25833";"202100025833";8;"06:50";"2";"09";"2";"9";"2";3;42;1
"25834";"202100025834";8;"18:40";"1";"86";"2";"1";"1";2;46;0
"25835";"202100025835";8;"09:25";"1";"29";"2";"6";"1";3;48;-4
"25836";"202100025836";8;"11:30";"1";"22";"1";"3";"8";5;48;-3
"25837";"202100025837";8;"18:15";"1";"27";"1";"1";"1";6;49;1
"25838";"202100025838";8;"19:40";"1";"76";"2";"1";"1";1;49;0
"25839";"202100025839";8;"19:40";"1";"13";"1";"1";"1";4;43;5
"25840";"202100025840";8;"17:05";"1";"13";"1";"1";"1";4;43;5
"25841";"202100025841";5;"16:45";"1";"13";"1";"1";"1";2;43;5
"25842";"202100025842";8;"02:50";"3";"13";"1";"1";"1";7;43;5
"25843";"202100025843";7;"19:40";"1";"83";"1";"1";"1";3;43;5
"25844";"202100025844";7;"12:50";"1";"83";"1";"1";"1";3;43;5
"25845";"202100025845";7;"23:55";"5";"69";"1";"1";"2";2;45;4
"25846";"202100025846";8;"15:10";"1";"91";"1";"1";"1";2;48;2
"25847";"202100025847";8;"12:50";"1";"91";"1";"1";"2";3;48;2
"25848";"202100025848";8;"18:00";"1";"92";"1";"1";"1";6;48;2
"25849";"202100025849";8;"15:50";"1";"93";"1";"1";"1";3;48;2
"25850";"202100025850";8;"04:00";"3";"93";"1";"1";"2";6;48;2
"25851";"202100025851";8;"21:34";"3";"93";"1";"1";"2";6;48;2
"25852";"202100025852";8;"07:00";"1";"95";"1";"1";"1";6;48;2
"25853";"202100025853";8;"11:00";"1";"77";"1";"1";"1";2;48;2
"25854";"202100025854";8;"11:30";"1";"94";"1";"1";"1";4;48;2
"25855";"202100025855";3;"14:50";"1";"38";"2";"1";"1";6;45;5
"25856";"202100025856";3;"17:00";"1";"38";"1";"1";"1";7;45;5
"25857";"202100025857";3;"12:10";"1";"38";"2";"3";"1";2;44;5
"25858";"202100025858";3;"21:20";"5";"38";"1";"1";"1";7;44;5