"";"Num_Acc";"mois";"hrmn";"lum";"dep";"agg";"int";"atm";"col";"lat";"long"
"25859";"202100025859";3;"09:00";"1";"38";"2";"6";"7";6;45;5
"25860";"202100025860";3;"17:50";"1";"38";"2";"2";"1";5;45;4
"25861";"202100025861";3;"17:45";"1";"38";"1";"1";"7";1;45;5
"25862";"202100025862";3;"17:57";"1";"38";"1";"1";"1";3;45;5
"25863";"202100025863";3;"14:00";"1";"38";"1";"1";"2";7;45;5
"25864";"202100025864";3;"18:15";"2";"38";"1";"1";"2";6;45;5
"25865";"202100025865";3;"15:30";"1";"38";"2";"8";"1";6;45;5
"25866";"202100025866";3;"15:15";"1";"38";"2";"1";"1";3;45;5
"25867";"202100025867";8;"15:00";"1";"92";"2";"3";"8";6;48;2
"25868";"202100025868";8;"22:29";"3";"75";"2";"1";"2";1;48;2
"25869";"202100025869";8;"20:35";"2";"75";"2";"3";"3";6;48;2
"25870";"202100025870";8;"10:05";"1";"75";"2";"2";"1";3;48;2
"25871";"202100025871";8;"00:10";"5";"75";"2";"3";"1";3;48;2
"25872";"202100025872";8;"22:07";"5";"75";"2";"3";"1";2;48;2
"25873";"202100025873";7;"22:45";"5";"75";"2";"3";"1";2;48;2
"25874";"202100025874";8;"09:40";"1";"75";"2";"3";"1";3;48;2
"25875";"202100025875";8;"16:45";"1";"75";"2";"3";"1";3;48;2
"25876";"202100025876";8;"04:35";"5";"94";"2";"2";"1";6;48;2
"25877";"202100025877";8;"04:45";"5";"94";"2";"3";"1";3;48;2
"25878";"202100025878";8;"18:00";"1";"93";"2";"3";"1";1;48;2
"25879";"202100025879";8;"21:15";"1";"93";"2";"9";"1";3;48;2
"25880";"202100025880";8;"15:20";"1";"93";"2";"1";"1";4;48;2
"25881";"202100025881";8;"08:48";"1";"93";"2";"2";"8";3;48;2
"25882";"202100025882";8;"05:30";"2";"93";"2";"1";"1";6;48;2
"25883";"202100025883";8;"18:25";"1";"93";"2";"1";"1";3;48;2
"25884";"202100025884";8;"14:15";"1";"93";"2";"9";"1";3;48;2
"25885";"202100025885";8;"11:00";"1";"92";"2";"1";"1";6;48;2
"25886";"202100025886";7;"19:45";"1";"92";"2";"1";"1";1;48;2
"25887";"202100025887";8;"14:00";"1";"92";"2";"1";"1";6;48;2
"25888";"202100025888";8;"21:04";"5";"92";"2";"1";"2";6;48;2
"25889";"202100025889";8;"12:45";"1";"11";"1";"1";"1";6;43;2
"25890";"202100025890";8;"09:15";"1";"71";"1";"1";"2";7;46;4
"25891";"202100025891";8;"03:15";"3";"41";"1";"1";"1";6;47;1
"25892";"202100025892";7;"18:49";"1";"95";"1";"1";"2";4;49;2
"25893";"202100025893";7;"09:50";"1";"18";"1";"1";"1";7;47;2
"25894";"202100025894";8;"17:07";"1";"974";"2";"1";"1";1;-21;55
"25895";"202100025895";8;"18:25";"2";"972";"2";"1";"1";1;14;-61
"25896";"202100025896";8;"12:30";"1";"12";"2";"7";"1";6;44;2
"25897";"202100025897";8;"17:50";"1";"58";"1";"1";"1";2;47;2
"25898";"202100025898";8;"05:30";"2";"19";"1";"1";"1";6;45;1
"25899";"202100025899";8;"12:50";"1";"78";"1";"3";"1";6;48;1
"25900";"202100025900";7;"09:55";"1";"80";"2";"1";"1";6;49;2
"25901";"202100025901";8;"22:15";"5";"69";"2";"3";"1";3;45;4
"25902";"202100025902";8;"09:00";"1";"71";"1";"2";"2";3;46;4
"25903";"202100025903";8;"18:45";"1";"12";"1";"1";"1";6;44;2
"25904";"202100025904";8;"09:45";"1";"34";"2";"6";"1";1;43;3
"25905";"202100025905";8;"12:50";"1";"22";"1";"1";"1";7;48;-3
"25906";"202100025906";6;"23:00";"3";"44";"1";"1";"1";2;47;-2
"25907";"202100025907";8;"01:10";"3";"44";"1";"1";"1";5;47;-2
"25908";"202100025908";8;"12:00";"1";"29";"1";"1";"1";3;47;-4
"25909";"202100025909";7;"15:30";"1";"31";"2";"1";"1";3;43;0
"25910";"202100025910";8;"16:15";"1";"03";"1";"1";"2";7;46;3
"25911";"202100025911";8;"18:40";"1";"15";"1";"4";"1";1;44;2
"25912";"202100025912";8;"18:10";"1";"01";"2";"1";"1";3;46;5
"25913";"202100025913";8;"07:50";"1";"70";"1";"1";"1";5;47;6
"25914";"202100025914";7;"09:35";"1";"72";"1";"6";"1";3;47;0
"25915";"202100025915";8;"07:50";"1";"05";"1";"1";"1";7;44;6
"25916";"202100025916";8;"18:15";"1";"50";"1";"1";"1";5;49;-1
"25917";"202100025917";8;"17:00";"1";"21";"2";"1";"2";1;47;4
"25918";"202100025918";7;"17:35";"1";"30";"1";"3";"1";7;43;4
"25919";"202100025919";8;"15:45";"1";"48";"1";"1";"1";6;44;3
"25920";"202100025920";8;"15:50";"1";"08";"1";"1";"1";1;49;4
"25921";"202100025921";7;"18:55";"3";"973";"1";"9";"1";6;4;-52
"25922";"202100025922";8;"13:50";"1";"31";"1";"1";"1";2;43;1
"25923";"202100025923";6;"21:51";"2";"95";"1";"1";"1";5;49;2
"25924";"202100025924";8;"03:45";"2";"33";"1";"1";"1";6;44;0
"25925";"202100025925";8;"21:30";"3";"06";"1";"1";"1";5;43;7
"25926";"202100025926";8;"21:00";"1";"34";"1";"9";"1";6;43;3
"25927";"202100025927";8;"10:20";"1";"30";"1";"1";"1";2;43;4
"25928";"202100025928";8;"08:30";"1";"38";"1";"3";"8";1;45;5
"25929";"202100025929";8;"06:30";"2";"77";"1";"1";"3";2;48;2
"25930";"202100025930";7;"20:00";"5";"988";"2";"1";"2";3;-20;167
"25931";"202100025931";8;"13:25";"1";"37";"1";"2";"2";3;47;0
"25932";"202100025932";8;"12:00";"1";"37";"1";"1";"1";6;47;1
"25933";"202100025933";8;"17:35";"1";"77";"2";"1";"1";6;48;2
"25934";"202100025934";8;"21:15";"3";"77";"1";"1";"2";6;48;2
"25935";"202100025935";8;"17:25";"1";"2A";"2";"1";"1";2;41;9
"25936";"202100025936";8;"20:59";"2";"34";"2";"1";"1";2;43;3
"25937";"202100025937";8;"18:45";"1";"83";"1";"1";"1";1;43;6
"25938";"202100025938";8;"16:30";"1";"04";"1";"1";"1";2;43;6
"25939";"202100025939";7;"11:30";"1";"13";"2";"9";"1";1;43;5
"25940";"202100025940";7;"21:00";"5";"67";"2";"1";"3";7;48;7
"25941";"202100025941";8;"18:45";"1";"74";"2";"1";"1";6;45;6
"25942";"202100025942";8;"18:15";"1";"38";"1";"2";"1";3;45;5
"25943";"202100025943";8;"19:50";"1";"01";"1";"3";"1";3;45;5
"25944";"202100025944";8;"12:45";"1";"86";"1";"1";"2";2;47;0
"25945";"202100025945";8;"19:20";"1";"76";"1";"3";"1";2;49;1
"25946";"202100025946";7;"15:29";"1";"13";"1";"1";"1";2;43;5
"25947";"202100025947";8;"08:30";"1";"13";"1";"1";"1";4;43;5
"25948";"202100025948";8;"22:55";"5";"13";"1";"1";"1";2;43;5
"25949";"202100025949";8;"06:00";"4";"91";"2";"1";"1";2;48;2
"25950";"202100025950";8;"13:10";"1";"92";"1";"1";"1";7;48;2
"25951";"202100025951";8;"09:15";"1";"92";"1";"1";"1";3;48;2
"25952";"202100025952";8;"09:00";"1";"78";"1";"1";"1";2;48;2
"25953";"202100025953";8;"22:00";"3";"93";"1";"1";"2";7;48;2
"25954";"202100025954";8;"05:30";"3";"92";"1";"1";"1";6;48;2
"25955";"202100025955";8;"22:10";"3";"93";"1";"1";"1";7;48;2
"25956";"202100025956";8;"18:30";"1";"94";"1";"1";"1";4;48;2
"25957";"202100025957";8;"18:10";"1";"77";"1";"1";"1";6;48;2
"25958";"202100025958";3;"17:30";"1";"38";"1";"1";"1";7;45;5
"25959";"202100025959";8;"16:06";"1";"76";"2";"1";"1";6;49;1
"25960";"202100025960";7;"22:40";"5";"988";"2";"2";"1";2;-22;166
"25961";"202100025961";7;"18:10";"3";"976";"1";"1";"1";2;-12;45
"25962";"202100025962";8;"02:45";"5";"973";"2";"1";"1";6;4;-52
"25963";"202100025963";8;"21:40";"5";"69";"2";"1";"1";4;45;4
"25964";"202100025964";8;"13:55";"1";"69";"2";"2";"1";3;45;4
"25965";"202100025965";8;"11:00";"1";"972";"1";"1";"1";3;14;-60
"25966";"202100025966";7;"19:30";"2";"69";"2";"2";"2";3;45;4
"25967";"202100025967";8;"17:48";"1";"95";"2";"1";"1";7;48;2
"25968";"202100025968";8;"21:10";"1";"95";"2";"1";"1";6;48;2
"25969";"202100025969";8;"22:09";"5";"91";"2";"1";"1";6;48;2
"25970";"202100025970";8;"11:03";"1";"91";"2";"1";"1";1;48;2
"25971";"202100025971";8;"14:25";"1";"91";"2";"1";"1";7;48;2
"25972";"202100025972";8;"18:35";"1";"83";"1";"1";"1";4;43;6
"25973";"202100025973";8;"03:40";"3";"77";"1";"6";"1";6;48;2
"25974";"202100025974";8;"13:15";"1";"74";"1";"1";"1";1;46;6
"25975";"202100025975";8;"20:00";"1";"64";"2";"3";"1";2;43;0
"25976";"202100025976";8;"19:55";"1";"61";"1";"1";"1";6;48;0
"25977";"202100025977";8;"15:00";"1";"59";"2";"1";"1";3;50;3
"25978";"202100025978";7;"13:05";"1";"50";"2";"2";"2";3;49;-1
"25979";"202100025979";8;"20:30";"1";"45";"2";"1";"1";6;47;1
"25980";"202100025980";8;"01:25";"5";"45";"2";"2";"1";1;47;1
"25981";"202100025981";7;"23:00";"3";"44";"1";"1";"1";2;47;-1
"25982";"202100025982";8;"10:15";"1";"35";"2";"1";"1";1;48;-1
"25983";"202100025983";7;"11:45";"1";"35";"2";"1";"1";6;48;-1
"25984";"202100025984";8;"17:00";"1";"33";"2";"1";"1";4;44;0
"25985";"202100025985";8;"06:25";"5";"33";"2";"1";"2";6;44;0
"25986";"202100025986";8;"03:40";"5";"33";"2";"2";"1";3;44;0
"25987";"202100025987";8;"00:33";"5";"31";"2";"4";"1";1;43;1
"25988";"202100025988";8;"05:10";"5";"31";"2";"1";"2";3;43;1
"25989";"202100025989";7;"17:05";"1";"30";"2";"3";"1";3;44;4
"25990";"202100025990";7;"19:45";"1";"29";"2";"1";"1";2;48;-4
"25991";"202100025991";8;"17:42";"1";"29";"1";"1";"1";7;47;-3
"25992";"202100025992";7;"16:45";"1";"26";"2";"1";"1";3;44;4
"25993";"202100025993";8;"05:10";"5";"25";"2";"1";"1";6;47;5
"25994";"202100025994";7;"17:30";"1";"22";"2";"1";"1";6;48;-3
"25995";"202100025995";8;"14:27";"1";"17";"1";"1";"1";2;46;-1
"25996";"202100025996";8;"01:00";"5";"13";"2";"1";"1";1;43;5
"25997";"202100025997";8;"20:15";"1";"13";"2";"2";"1";3;43;5
"25998";"202100025998";8;"20:30";"2";"13";"2";"1";"1";3;43;5
"25999";"202100025999";8;"15:30";"1";"13";"2";"2";"1";3;43;5
"26000";"202100026000";8;"13:05";"1";"13";"2";"1";"1";6;43;5
"26001";"202100026001";8;"06:25";"2";"09";"2";"3";"8";6;43;1
"26002";"202100026002";7;"10:10";"1";"06";"2";"1";"1";1;43;7
"26003";"202100026003";8;"12:15";"1";"06";"1";"1";"1";3;43;7
"26004";"202100026004";6;"15:25";"1";"04";"2";"3";"1";3;43;5
"26005";"202100026005";8;"19:20";"1";"75";"2";"1";"1";5;48;2
"26006";"202100026006";8;"01:45";"5";"75";"2";"1";"1";2;48;2
"26007";"202100026007";8;"21:12";"5";"75";"2";"1";"1";6;48;2
"26008";"202100026008";8;"06:50";"1";"75";"2";"2";"1";3;48;2
"26009";"202100026009";8;"10:31";"1";"75";"2";"1";"1";2;48;2
"26010";"202100026010";8;"17:50";"1";"75";"2";"1";"1";7;48;2
"26011";"202100026011";8;"02:45";"5";"75";"2";"3";"1";3;48;2
"26012";"202100026012";8;"00:45";"5";"75";"2";"7";"1";1;48;2
"26013";"202100026013";8;"17:40";"1";"93";"2";"1";"1";6;48;2
"26014";"202100026014";7;"21:00";"1";"93";"2";"2";"1";3;48;2
"26015";"202100026015";8;"16:00";"1";"93";"2";"1";"1";3;48;2
"26016";"202100026016";8;"18:35";"1";"92";"2";"1";"1";2;48;2
"26017";"202100026017";8;"01:30";"5";"92";"2";"2";"1";3;48;2
"26018";"202100026018";8;"19:05";"1";"34";"1";"1";"1";3;43;4
"26019";"202100026019";8;"18:00";"1";"2A";"1";"1";"1";7;41;8
"26020";"202100026020";6;"19:00";"1";"41";"1";"1";"8";6;47;1
"26021";"202100026021";8;"12:25";"1";"84";"2";"9";"7";2;44;5
"26022";"202100026022";8;"15:40";"1";"31";"1";"2";"1";3;43;1
"26023";"202100026023";8;"22:00";"3";"71";"1";"1";"1";6;46;4
"26024";"202100026024";8;"17:50";"3";"974";"2";"9";"1";6;-21;55
"26025";"202100026025";8;"10:00";"1";"974";"2";"9";"1";7;-21;55
"26026";"202100026026";8;"19:45";"1";"63";"1";"1";"1";7;46;3
"26027";"202100026027";8;"07:50";"1";"01";"1";"2";"1";3;46;6
"26028";"202100026028";8;"04:15";"4";"17";"1";"1";"2";6;46;-1
"26029";"202100026029";7;"15:50";"1";"68";"1";"1";"1";6;47;7
"26030";"202100026030";8;"01:30";"3";"62";"1";"1";"1";6;50;2
"26031";"202100026031";7;"18:55";"1";"41";"1";"1";"1";6;47;0
"26032";"202100026032";8;"15:28";"1";"40";"1";"1";"1";1;44;0
"26033";"202100026033";8;"12:15";"1";"04";"1";"1";"1";1;44;6
"26034";"202100026034";8;"13:45";"1";"19";"1";"1";"1";3;45;2
"26035";"202100026035";8;"00:45";"3";"95";"1";"1";"1";6;49;2
"26036";"202100026036";7;"21:20";"3";"56";"1";"1";"2";2;47;-2
"26037";"202100026037";8;"16:15";"1";"76";"2";"1";"1";7;49;0
"26038";"202100026038";8;"22:45";"3";"76";"1";"1";"1";7;49;0
"26039";"202100026039";8;"12:45";"1";"79";"1";"2";"1";3;46;0
"26040";"202100026040";7;"13:20";"1";"33";"1";"1";"1";2;45;0
"26041";"202100026041";7;"09:45";"1";"33";"1";"3";"1";1;44;0
"26042";"202100026042";8;"17:30";"1";"81";"1";"2";"1";3;43;2
"26043";"202100026043";7;"23:30";"3";"63";"1";"1";"1";7;45;3
"26044";"202100026044";8;"15:30";"1";"61";"1";"1";"1";1;48;0
"26045";"202100026045";7;"12:00";"1";"42";"1";"1";"2";7;45;4
"26046";"202100026046";8;"18:27";"1";"47";"2";"3";"1";3;44;0
"26047";"202100026047";7;"02:15";"3";"47";"1";"1";"1";6;44;0
"26048";"202100026048";8;"19:40";"1";"47";"1";"1";"1";6;44;0
"26049";"202100026049";8;"11:42";"1";"22";"1";"1";"2";1;48;-3
"26050";"202100026050";8;"19:10";"1";"22";"1";"2";"1";3;48;-3
"26051";"202100026051";8;"20:30";"2";"25";"1";"1";"1";1;47;6
"26052";"202100026052";8;"23:05";"5";"44";"2";"1";"1";6;47;-1
"26053";"202100026053";8;"08:15";"1";"44";"1";"3";"1";1;47;-1
"26054";"202100026054";7;"09:40";"1";"44";"2";"1";"1";1;47;-1
"26055";"202100026055";7;"18:45";"1";"29";"2";"1";"1";2;48;-4
"26056";"202100026056";7;"00:45";"5";"29";"1";"1";"1";6;48;-4
"26057";"202100026057";8;"15:40";"1";"29";"2";"3";"1";1;47;-4
"26058";"202100026058";8;"04:30";"3";"31";"1";"1";"8";6;43;1
"26059";"202100026059";8;"04:30";"3";"38";"1";"1";"1";1;45;4
"26060";"202100026060";8;"09:50";"1";"38";"2";"1";"1";6;45;5
"26061";"202100026061";7;"16:10";"1";"64";"2";"1";"2";7;43;0
"26062";"202100026062";7;"09:49";"1";"36";"1";"2";"1";6;46;1
"26063";"202100026063";8;"13:35";"1";"16";"2";"3";"2";6;45;0
"26064";"202100026064";8;"09:30";"1";"17";"2";"3";"1";3;45;0
"26065";"202100026065";8;"01:56";"3";"30";"1";"1";"1";6;44;4
"26066";"202100026066";7;"11:00";"1";"30";"1";"1";"1";3;44;4
"26067";"202100026067";7;"14:15";"1";"88";"2";"4";"1";6;48;5
"26068";"202100026068";8;"14:20";"1";"24";"1";"3";"1";3;44;0
"26069";"202100026069";7;"11:35";"1";"973";"1";"1";"1";3;4;-52
"26070";"202100026070";8;"12:48";"1";"60";"1";"1";"3";6;49;2
"26071";"202100026071";8;"08:20";"1";"06";"1";"3";"1";3;43;7
"26072";"202100026072";8;"12:35";"1";"39";"1";"1";"1";7;47;5
"26073";"202100026073";8;"18:57";"1";"11";"1";"1";"1";5;42;2
"26074";"202100026074";8;"07:50";"1";"95";"1";"1";"1";1;49;1
"26075";"202100026075";8;"05:50";"2";"95";"1";"1";"1";6;49;2
"26076";"202100026076";7;"19:45";"1";"11";"1";"1";"1";3;43;2
"26077";"202100026077";8;"01:15";"5";"34";"2";"1";"1";6;43;3
"26078";"202100026078";8;"11:45";"1";"34";"1";"1";"1";7;43;4
"26079";"202100026079";8;"16:15";"1";"04";"1";"1";"1";7;43;6
"26080";"202100026080";8;"14:30";"1";"13";"1";"2";"1";3;43;4
"26081";"202100026081";7;"18:37";"1";"71";"1";"1";"2";7;46;3
"26082";"202100026082";8;"18:10";"1";"68";"1";"9";"8";7;47;7
"26083";"202100026083";8;"19:15";"1";"57";"1";"1";"1";7;49;7
"26084";"202100026084";8;"07:30";"1";"38";"1";"1";"1";3;45;5
"26085";"202100026085";7;"17:00";"1";"69";"2";"1";"2";7;45;4
"26086";"202100026086";8;"08:00";"1";"69";"1";"1";"1";1;45;4
"26087";"202100026087";7;"19:05";"1";"44";"2";"1";"1";3;47;-1
"26088";"202100026088";8;"10:05";"1";"14";"2";"2";"1";3;49;0
"26089";"202100026089";8;"18:00";"1";"60";"2";"1";"1";3;49;2
"26090";"202100026090";8;"16:30";"1";"59";"2";"1";"1";1;50;3
"26091";"202100026091";8;"19:17";"1";"59";"1";"1";"1";7;50;3
"26092";"202100026092";8;"06:45";"1";"13";"2";"1";"1";7;43;5
"26093";"202100026093";7;"08:45";"1";"13";"2";"1";"1";7;43;5
"26094";"202100026094";7;"05:15";"2";"13";"1";"1";"1";1;43;5
"26095";"202100026095";8;"20:05";"1";"91";"1";"1";"1";6;48;2
"26096";"202100026096";8;"11:40";"1";"91";"1";"1";"1";4;48;2
"26097";"202100026097";7;"13:40";"1";"91";"1";"1";"1";3;48;2
"26098";"202100026098";7;"18:35";"1";"91";"1";"9";"1";2;48;2
"26099";"202100026099";8;"06:50";"1";"78";"1";"1";"1";6;48;1
"26100";"202100026100";8;"05:05";"3";"92";"1";"1";"1";6;48;2
"26101";"202100026101";8;"17:30";"1";"93";"1";"1";"1";7;48;2
"26102";"202100026102";8;"06:20";"2";"95";"1";"1";"1";2;48;2
"26103";"202100026103";7;"10:10";"1";"95";"1";"1";"1";3;49;2
"26104";"202100026104";7;"12:10";"1";"38";"2";"1";"1";6;45;5
"26105";"202100026105";7;"02:50";"5";"29";"2";"1";"1";6;48;-4
"26106";"202100026106";7;"14:10";"1";"988";"2";"3";"1";2;-22;166
"26107";"202100026107";7;"09:15";"1";"973";"2";"9";"1";3;4;-52
"26108";"202100026108";7;"21:20";"5";"69";"2";"1";"2";1;45;4
"26109";"202100026109";7;"15:50";"1";"69";"2";"2";"8";6;45;4
"26110";"202100026110";7;"21:05";"5";"972";"2";"1";"2";6;14;-61
"26111";"202100026111";6;"11:20";"1";"971";"2";"1";"1";6;16;-61
"26112";"202100026112";7;"13:45";"1";"971";"1";"1";"1";4;16;-61
"26113";"202100026113";7;"14:00";"1";"95";"2";"1";"1";3;49;2
"26114";"202100026114";7;"00:55";"5";"95";"2";"1";"1";1;48;2
"26115";"202100026115";7;"00:10";"3";"95";"2";"9";"1";3;48;2
"26116";"202100026116";7;"04:21";"5";"91";"2";"1";"1";7;48;2
"26117";"202100026117";7;"14:10";"1";"91";"2";"4";"1";3;48;2
"26118";"202100026118";7;"08:55";"1";"91";"2";"1";"1";3;48;2
"26119";"202100026119";7;"12:25";"1";"91";"2";"1";"1";2;48;2
"26120";"202100026120";7;"19:40";"1";"83";"1";"1";"1";2;43;6
"26121";"202100026121";7;"21:50";"3";"82";"1";"1";"8";7;44;1
"26122";"202100026122";7;"20:15";"1";"77";"2";"2";"1";3;48;2
"26123";"202100026123";7;"09:10";"1";"69";"2";"9";"1";3;45;4
"26124";"202100026124";7;"18:25";"1";"63";"2";"1";"1";3;45;3
"26125";"202100026125";7;"09:04";"1";"63";"2";"2";"1";3;45;3
"26126";"202100026126";7;"16:20";"1";"63";"2";"6";"1";2;45;3
"26127";"202100026127";7;"17:35";"1";"62";"2";"1";"1";2;50;1
"26128";"202100026128";7;"17:25";"1";"60";"2";"9";"1";3;49;2
"26129";"202100026129";7;"08:25";"1";"54";"2";"2";"1";1;48;6
"26130";"202100026130";7;"21:45";"5";"54";"2";"1";"1";6;48;6
"26131";"202100026131";7;"12:20";"1";"54";"2";"2";"1";3;48;6
"26132";"202100026132";7;"15:10";"1";"50";"2";"1";"1";3;49;-1
"26133";"202100026133";7;"12:45";"1";"49";"2";"1";"1";3;47;0
"26134";"202100026134";7;"19:30";"1";"45";"2";"1";"1";6;47;2
"26135";"202100026135";7;"19:55";"1";"42";"2";"1";"1";6;46;4
"26136";"202100026136";7;"16:45";"1";"37";"2";"1";"1";1;47;0
"26137";"202100026137";7;"19:00";"1";"35";"2";"2";"1";3;48;-1
"26138";"202100026138";7;"08:45";"1";"35";"2";"1";"8";3;48;-1
"26139";"202100026139";7;"20:37";"1";"33";"1";"2";"1";3;44;0
"26140";"202100026140";7;"23:40";"3";"33";"2";"1";"1";7;44;-1
"26141";"202100026141";7;"08:20";"1";"31";"2";"1";"2";6;43;1
"26142";"202100026142";7;"15:14";"1";"29";"2";"1";"1";6;48;-4
"26143";"202100026143";7;"06:15";"2";"13";"2";"2";"1";3;43;5
"26144";"202100026144";7;"15:45";"1";"13";"2";"3";"1";3;43;5
"26145";"202100026145";7;"09:10";"1";"11";"2";"1";"8";7;43;2
"26146";"202100026146";7;"12:40";"1";"11";"2";"1";"1";4;43;2
"26147";"202100026147";7;"06:40";"1";"09";"2";"3";"2";3;43;1
"26148";"202100026148";7;"05:44";"5";"06";"2";"2";"1";3;43;7
"26149";"202100026149";7;"01:40";"5";"75";"2";"1";"1";2;48;2
"26150";"202100026150";7;"11:20";"1";"75";"2";"4";"1";6;48;2
"26151";"202100026151";7;"03:47";"5";"75";"2";"2";"1";3;48;2
"26152";"202100026152";7;"16:45";"1";"75";"2";"2";"1";3;48;2
"26153";"202100026153";7;"19:00";"1";"75";"2";"7";"1";2;48;2
"26154";"202100026154";7;"06:00";"2";"75";"2";"4";"1";3;48;2
"26155";"202100026155";7;"10:45";"1";"75";"2";"2";"1";2;48;2
"26156";"202100026156";7;"04:20";"5";"75";"2";"3";"1";6;48;2
"26157";"202100026157";7;"16:35";"1";"75";"2";"1";"1";3;48;2
"26158";"202100026158";7;"14:03";"1";"75";"2";"7";"1";6;48;2
"26159";"202100026159";7;"22:35";"5";"75";"2";"7";"1";2;48;2
"26160";"202100026160";7;"03:02";"5";"75";"2";"4";"1";6;48;2
"26161";"202100026161";7;"20:14";"2";"75";"2";"2";"1";7;48;2
"26162";"202100026162";7;"05:30";"2";"94";"2";"1";"1";6;48;2
"26163";"202100026163";7;"16:10";"1";"93";"1";"1";"1";3;48;2
"26164";"202100026164";7;"02:00";"5";"93";"2";"9";"1";6;48;2
"26165";"202100026165";7;"18:00";"1";"93";"2";"2";"1";3;48;2
"26166";"202100026166";7;"17:05";"1";"92";"2";"1";"1";6;48;2
"26167";"202100026167";7;"17:28";"1";"92";"2";"3";"1";3;48;2
"26168";"202100026168";7;"10:15";"1";"92";"2";"1";"1";6;48;2
"26169";"202100026169";7;"18:16";"1";"92";"2";"1";"1";3;48;2
"26170";"202100026170";7;"18:00";"1";"38";"2";"1";"1";5;45;4
"26171";"202100026171";8;"18:30";"1";"57";"1";"1";"1";1;49;6
"26172";"202100026172";7;"07:22";"1";"17";"1";"2";"1";1;45;0
"26173";"202100026173";8;"04:00";"3";"71";"1";"1";"1";3;46;4
"26174";"202100026174";8;"03:40";"4";"71";"1";"1";"1";2;46;4
"26175";"202100026175";7;"12:20";"1";"28";"1";"1";"1";6;48;1
"26176";"202100026176";8;"15:50";"1";"11";"1";"1";"1";2;43;2
"26177";"202100026177";7;"17:00";"1";"68";"1";"9";"1";3;47;7
"26178";"202100026178";8;"15:12";"1";"62";"1";"1";"1";6;50;1
"26179";"202100026179";7;"21:00";"2";"50";"1";"1";"1";5;48;-1
"26180";"202100026180";7;"14:00";"1";"30";"1";"1";"1";1;44;4
"26181";"202100026181";7;"14:36";"1";"89";"1";"1";"1";1;48;3
"26182";"202100026182";8;"09:55";"1";"95";"1";"1";"1";6;49;2
"26183";"202100026183";7;"16:50";"1";"95";"2";"1";"1";3;49;2
"26184";"202100026184";7;"14:45";"1";"56";"1";"4";"8";6;48;-2
"26185";"202100026185";8;"18:40";"1";"67";"1";"1";"1";7;48;7
"26186";"202100026186";7;"16:15";"1";"79";"1";"1";"1";6;46;0
"26187";"202100026187";7;"18:10";"1";"79";"2";"3";"1";3;46;0
"26188";"202100026188";7;"10:20";"1";"79";"1";"2";"2";3;46;0
"26189";"202100026189";8;"17:50";"1";"82";"1";"1";"1";1;43;0
"26190";"202100026190";8;"19:05";"1";"81";"1";"1";"1";1;43;2
"26191";"202100026191";8;"17:30";"1";"11";"2";"1";"1";6;43;2
"26192";"202100026192";7;"22:49";"3";"12";"1";"1";"1";7;43;3
"26193";"202100026193";8;"13:50";"1";"68";"2";"1";"1";6;47;7
"26194";"202100026194";7;"07:20";"2";"29";"1";"1";"1";6;48;-4
"26195";"202100026195";7;"16:00";"1";"38";"1";"1";"1";2;45;5
"26196";"202100026196";7;"20:05";"2";"38";"1";"1";"2";1;45;5
"26197";"202100026197";8;"10:00";"1";"84";"1";"1";"1";7;44;5
"26198";"202100026198";8;"05:45";"2";"03";"1";"1";"1";7;46;3
"26199";"202100026199";8;"15:00";"1";"01";"2";"6";"1";3;45;5
"26200";"202100026200";7;"10:00";"1";"70";"1";"1";"1";5;47;6
"26201";"202100026201";8;"16:20";"1";"14";"1";"1";"1";6;49;0
"26202";"202100026202";8;"08:20";"1";"05";"1";"1";"1";7;44;5
"26203";"202100026203";7;"10:15";"1";"83";"1";"1";"1";1;43;6
"26204";"202100026204";7;"16:20";"1";"43";"1";"1";"1";7;45;4
"26205";"202100026205";7;"23:00";"3";"10";"1";"1";"1";2;48;4
"26206";"202100026206";7;"21:20";"4";"21";"2";"2";"1";3;46;4
"26207";"202100026207";7;"17:05";"1";"24";"1";"1";"8";1;45;1
"26208";"202100026208";7;"10:30";"1";"85";"2";"6";"1";2;46;-2
"26209";"202100026209";8;"01:40";"3";"85";"1";"1";"1";6;46;-1
"26210";"202100026210";8;"05:50";"3";"85";"2";"1";"1";7;46;-1
"26211";"202100026211";8;"04:30";"3";"85";"2";"1";"1";6;46;-1
"26212";"202100026212";7;"22:40";"3";"27";"1";"1";"1";6;49;0
"26213";"202100026213";8;"00:15";"3";"23";"1";"1";"1";7;46;2
"26214";"202100026214";7;"05:20";"2";"30";"1";"1";"1";6;44;4
"26215";"202100026215";7;"00:10";"5";"30";"2";"1";"1";6;44;4
"26216";"202100026216";7;"06:45";"1";"72";"1";"1";"1";7;48;0
"26217";"202100026217";7;"17:15";"1";"72";"1";"1";"1";3;48;0
"26218";"202100026218";7;"21:00";"2";"11";"1";"1";"1";7;43;3
"26219";"202100026219";8;"07:50";"1";"17";"1";"1";"1";3;45;0
"26220";"202100026220";7;"20:15";"1";"975";"2";"2";"1";6;46;-56
"26221";"202100026221";7;"21:20";"3";"971";"1";"1";"1";1;16;-61
"26222";"202100026222";8;"00:15";"3";"978";"1";"1";"1";5;18;-63
"26223";"202100026223";7;"20:10";"1";"21";"2";"1";"1";7;47;5