"";"Num_Acc";"mois";"hrmn";"lum";"dep";"agg";"int";"atm";"col";"lat";"long"
"26224";"202100026224";8;"04:45";"2";"45";"2";"1";"1";6;47;2
"26225";"202100026225";7;"22:00";"3";"45";"1";"1";"1";2;47;2
"26226";"202100026226";7;"21:30";"5";"30";"2";"1";"2";1;43;4
"26227";"202100026227";8;"17:45";"1";"04";"1";"1";"1";7;44;6
"26228";"202100026228";7;"19:20";"1";"13";"2";"9";"1";1;43;5
"26229";"202100026229";8;"15:14";"1";"71";"1";"1";"1";3;46;3
"26230";"202100026230";7;"18:18";"1";"57";"2";"1";"8";2;49;6
"26231";"202100026231";8;"00:45";"3";"03";"1";"1";"1";6;46;3
"26232";"202100026232";7;"12:00";"1";"73";"1";"1";"1";3;45;6
"26233";"202100026233";7;"11:20";"1";"73";"1";"1";"1";7;45;6
"26234";"202100026234";7;"17:35";"1";"73";"1";"1";"1";7;45;6
"26235";"202100026235";7;"16:45";"1";"26";"1";"6";"1";3;45;4
"26236";"202100026236";8;"00:20";"3";"09";"2";"4";"1";1;43;1
"26237";"202100026237";7;"01:35";"3";"09";"1";"1";"1";1;43;1
"26238";"202100026238";8;"04:43";"3";"60";"1";"1";"1";6;49;2
"26239";"202100026239";8;"17:15";"1";"59";"1";"1";"1";1;50;3
"26240";"202100026240";7;"12:00";"1";"59";"1";"1";"1";1;50;2
"26241";"202100026241";7;"17:10";"1";"13";"1";"1";"1";4;43;5
"26242";"202100026242";7;"07:45";"1";"13";"1";"1";"1";2;43;5
"26243";"202100026243";7;"03:57";"3";"13";"1";"1";"1";1;43;5
"26244";"202100026244";7;"01:30";"3";"13";"1";"1";"1";2;43;5
"26245";"202100026245";7;"19:30";"1";"13";"1";"1";"1";5;43;5
"26246";"202100026246";7;"22:46";"3";"67";"1";"1";"1";7;48;7
"26247";"202100026247";7;"15:00";"1";"91";"1";"1";"1";4;48;2
"26248";"202100026248";7;"13:45";"1";"95";"1";"1";"1";6;48;2
"26249";"202100026249";7;"22:40";"4";"93";"1";"1";"1";6;48;2
"26250";"202100026250";7;"19:40";"1";"92";"1";"1";"1";3;48;2
"26251";"202100026251";7;"23:27";"5";"94";"1";"9";"1";6;48;2
"26252";"202100026252";7;"11:38";"1";"91";"2";"1";"1";6;48;2
"26253";"202100026253";7;"11:50";"1";"91";"2";"1";"1";6;48;2
"26254";"202100026254";7;"11:05";"1";"43";"2";"1";"1";6;45;3
"26255";"202100026255";7;"08:45";"1";"974";"1";"1";"2";6;-20;55
"26256";"202100026256";7;"14:40";"1";"974";"2";"2";"1";1;-20;55
"26257";"202100026257";7;"13:00";"1";"974";"2";"1";"1";3;-20;55
"26258";"202100026258";7;"14:45";"1";"69";"2";"1";"2";6;45;4
"26259";"202100026259";7;"03:58";"5";"69";"2";"1";"1";2;45;4
"26260";"202100026260";7;"08:20";"1";"972";"1";"9";"1";6;14;-60
"26261";"202100026261";7;"23:30";"5";"69";"2";"4";"1";2;45;4
"26262";"202100026262";7;"17:10";"1";"69";"2";"2";"2";3;45;4
"26263";"202100026263";7;"05:40";"5";"69";"2";"1";"1";1;45;4
"26264";"202100026264";7;"20:15";"5";"971";"2";"4";"1";2;16;-61
"26265";"202100026265";7;"15:30";"1";"95";"2";"6";"1";3;48;2
"26266";"202100026266";7;"20:50";"1";"91";"2";"3";"1";3;48;2
"26267";"202100026267";7;"05:57";"3";"91";"2";"1";"1";7;48;2
"26268";"202100026268";7;"00:05";"5";"83";"2";"1";"1";6;43;5
"26269";"202100026269";7;"06:45";"1";"78";"2";"9";"1";1;49;1
"26270";"202100026270";7;"18:25";"1";"77";"2";"1";"1";3;48;2
"26271";"202100026271";7;"03:30";"5";"77";"1";"3";"1";3;48;2
"26272";"202100026272";7;"15:15";"1";"77";"2";"3";"1";3;48;3
"26273";"202100026273";7;"18:51";"1";"72";"2";"4";"1";6;47;0
"26274";"202100026274";7;"17:15";"1";"72";"2";"1";"1";2;47;0
"26275";"202100026275";7;"07:15";"1";"72";"2";"6";"1";3;48;0
"26276";"202100026276";7;"16:05";"1";"71";"2";"1";"1";3;46;4
"26277";"202100026277";7;"11:20";"1";"71";"2";"3";"1";3;46;4
"26278";"202100026278";7;"11:45";"1";"67";"2";"6";"1";7;48;7
"26279";"202100026279";7;"15:55";"1";"66";"2";"1";"1";6;42;2
"26280";"202100026280";7;"13:50";"1";"65";"2";"1";"1";4;43;0
"26281";"202100026281";7;"11:40";"1";"64";"1";"1";"1";5;43;-1
"26282";"202100026282";7;"16:00";"1";"64";"2";"1";"1";7;43;-1
"26283";"202100026283";7;"18:50";"1";"64";"2";"1";"1";3;43;-1
"26284";"202100026284";7;"02:15";"5";"64";"2";"1";"2";7;43;-1
"26285";"202100026285";7;"19:30";"1";"64";"2";"2";"1";3;43;-1
"26286";"202100026286";7;"19:15";"1";"62";"1";"1";"1";7;50;2
"26287";"202100026287";7;"19:05";"1";"62";"2";"9";"1";3;50;1
"26288";"202100026288";7;"14:15";"1";"60";"2";"3";"1";3;49;2
"26289";"202100026289";7;"20:05";"1";"59";"2";"2";"1";3;50;3
"26290";"202100026290";7;"07:10";"1";"59";"2";"1";"1";6;50;3
"26291";"202100026291";7;"15:15";"1";"56";"2";"6";"1";7;47;-3
"26292";"202100026292";7;"13:20";"1";"54";"2";"2";"1";3;48;6
"26293";"202100026293";7;"17:30";"1";"51";"2";"1";"1";7;49;4
"26294";"202100026294";7;"11:55";"1";"51";"2";"1";"1";2;49;4
"26295";"202100026295";7;"17:35";"1";"51";"2";"1";"1";7;49;3
"26296";"202100026296";7;"11:03";"1";"49";"2";"1";"1";1;47;0
"26297";"202100026297";7;"19:23";"1";"49";"2";"1";"1";7;47;0
"26298";"202100026298";7;"16:28";"1";"49";"2";"2";"1";6;47;0
"26299";"202100026299";7;"14:25";"1";"45";"2";"1";"1";6;48;2
"26300";"202100026300";7;"00:03";"5";"44";"2";"1";"1";6;47;-1
"26301";"202100026301";7;"13:00";"1";"44";"2";"1";"1";3;47;-1
"26302";"202100026302";7;"14:40";"1";"44";"2";"2";"1";1;47;-2
"26303";"202100026303";7;"16:25";"1";"42";"2";"1";"1";4;45;4
"26304";"202100026304";7;"23:25";"5";"41";"2";"1";"1";7;47;1
"26305";"202100026305";7;"15:00";"1";"37";"2";"1";"1";2;47;0
"26306";"202100026306";7;"14:10";"1";"37";"2";"6";"1";3;47;0
"26307";"202100026307";7;"23:30";"5";"37";"2";"2";"1";6;47;0
"26308";"202100026308";7;"22:50";"5";"35";"2";"1";"1";3;48;-1
"26309";"202100026309";7;"06:20";"2";"34";"1";"1";"1";1;43;3
"26310";"202100026310";7;"09:30";"1";"33";"2";"1";"1";3;44;0
"26311";"202100026311";7;"16:33";"1";"33";"2";"2";"1";3;44;0
"26312";"202100026312";7;"14:45";"1";"31";"2";"9";"8";2;43;1
"26313";"202100026313";7;"23:30";"5";"31";"2";"2";"1";3;43;1
"26314";"202100026314";7;"10:25";"1";"30";"2";"9";"1";3;44;4
"26315";"202100026315";7;"23:35";"5";"29";"2";"1";"1";1;47;-3
"26316";"202100026316";7;"11:00";"1";"29";"2";"3";"1";6;47;-3
"26317";"202100026317";7;"15:50";"1";"29";"2";"9";"1";1;48;-4
"26318";"202100026318";7;"17:25";"1";"18";"2";"1";"7";1;47;2
"26319";"202100026319";7;"10:50";"1";"18";"2";"1";"1";3;47;2
"26320";"202100026320";7;"09:30";"1";"17";"2";"2";"1";6;45;-1
"26321";"202100026321";7;"16:35";"1";"17";"1";"1";"1";7;45;-1
"26322";"202100026322";7;"13:20";"1";"13";"2";"9";"1";3;43;5
"26323";"202100026323";7;"16:30";"1";"13";"2";"2";"1";3;43;5
"26324";"202100026324";7;"14:25";"1";"13";"1";"9";"1";3;43;5
"26325";"202100026325";7;"14:00";"1";"13";"2";"2";"1";1;43;5
"26326";"202100026326";7;"12:00";"1";"06";"2";"9";"1";3;43;7
"26327";"202100026327";7;"11:30";"1";"06";"2";"1";"1";6;43;7
"26328";"202100026328";7;"22:20";"5";"05";"2";"1";"1";7;44;6
"26329";"202100026329";7;"18:30";"1";"75";"2";"3";"1";7;48;2
"26330";"202100026330";7;"17:45";"1";"75";"2";"1";"1";3;48;2
"26331";"202100026331";7;"14:00";"1";"75";"2";"1";"1";3;48;2
"26332";"202100026332";7;"20:35";"2";"75";"2";"2";"1";6;48;2
"26333";"202100026333";7;"12:00";"1";"75";"2";"1";"1";3;48;2
"26334";"202100026334";7;"09:35";"1";"75";"2";"4";"1";3;48;2
"26335";"202100026335";7;"01:25";"5";"75";"2";"1";"1";6;48;2
"26336";"202100026336";7;"17:40";"1";"94";"2";"3";"1";3;48;2
"26337";"202100026337";7;"18:30";"1";"94";"2";"3";"1";6;48;2
"26338";"202100026338";7;"17:30";"1";"94";"2";"2";"1";3;48;2
"26339";"202100026339";7;"15:52";"1";"94";"2";"1";"1";3;48;2
"26340";"202100026340";7;"10:40";"1";"94";"2";"1";"1";2;48;2
"26341";"202100026341";7;"00:23";"5";"94";"2";"1";"1";3;48;2
"26342";"202100026342";7;"18:05";"1";"93";"2";"6";"1";1;48;2
"26343";"202100026343";7;"15:00";"1";"93";"2";"1";"1";6;48;2
"26344";"202100026344";7;"15:00";"1";"93";"2";"1";"1";3;48;2
"26345";"202100026345";7;"17:00";"1";"93";"2";"9";"1";3;48;2
"26346";"202100026346";7;"11:00";"1";"93";"2";"1";"1";6;48;2
"26347";"202100026347";7;"11:09";"1";"93";"2";"1";"1";2;48;2
"26348";"202100026348";7;"07:40";"1";"93";"2";"2";"1";3;48;2
"26349";"202100026349";7;"22:45";"5";"93";"2";"1";"1";6;48;2
"26350";"202100026350";7;"14:02";"1";"93";"2";"1";"1";2;48;2
"26351";"202100026351";7;"07:50";"1";"93";"2";"2";"1";3;48;2
"26352";"202100026352";7;"21:00";"2";"93";"2";"1";"1";3;48;2
"26353";"202100026353";7;"10:20";"1";"92";"2";"3";"1";6;48;2
"26354";"202100026354";7;"11:40";"1";"92";"2";"1";"1";6;48;2
"26355";"202100026355";8;"22:20";"5";"92";"2";"1";"1";3;48;2
"26356";"202100026356";6;"12:30";"1";"35";"1";"2";"3";3;47;-1
"26357";"202100026357";7;"01:00";"3";"34";"1";"1";"1";7;43;3
"26358";"202100026358";7;"19:15";"1";"50";"1";"1";"1";1;48;-1
"26359";"202100026359";7;"16:30";"1";"65";"1";"1";"8";7;42;0
"26360";"202100026360";7;"23:00";"5";"40";"2";"3";"1";3;43;-1
"26361";"202100026361";7;"19:30";"1";"06";"2";"1";"1";2;43;7
"26362";"202100026362";7;"08:35";"1";"81";"1";"1";"1";1;43;2
"26363";"202100026363";7;"18:10";"1";"35";"1";"1";"1";7;47;-1
"26364";"202100026364";7;"16:10";"1";"62";"2";"3";"1";1;50;1
"26365";"202100026365";7;"15:25";"1";"21";"1";"1";"1";1;47;4
"26366";"202100026366";7;"11:00";"1";"56";"2";"1";"1";6;47;-3
"26367";"202100026367";7;"21:15";"2";"2B";"1";"1";"1";2;42;9
"26368";"202100026368";7;"00:45";"3";"80";"2";"4";"1";6;50;1
"26369";"202100026369";7;"03:00";"3";"32";"1";"1";"1";6;43;0
"26370";"202100026370";7;"12:10";"1";"71";"2";"3";"1";3;46;4
"26371";"202100026371";7;"00:40";"3";"42";"2";"3";"1";7;45;4
"26372";"202100026372";7;"15:30";"1";"86";"2";"1";"1";6;46;0
"26373";"202100026373";7;"16:45";"1";"86";"1";"1";"1";1;46;0
"26374";"202100026374";7;"21:30";"3";"39";"1";"1";"1";2;46;5
"26375";"202100026375";7;"17:15";"1";"44";"2";"1";"1";2;47;-2
"26376";"202100026376";7;"16:00";"1";"03";"1";"3";"1";5;46;3
"26377";"202100026377";7;"14:00";"1";"03";"1";"2";"1";3;46;3
"26378";"202100026378";7;"00:30";"5";"26";"2";"1";"3";7;44;4
"26379";"202100026379";7;"13:45";"1";"26";"1";"1";"1";6;44;4
"26380";"202100026380";7;"15:35";"1";"66";"1";"1";"1";1;42;2
"26381";"202100026381";7;"00:00";"3";"10";"1";"1";"1";7;48;4
"26382";"202100026382";7;"16:40";"1";"85";"2";"6";"8";3;46;-1
"26383";"202100026383";7;"17:00";"1";"28";"1";"1";"1";2;48;1
"26384";"202100026384";7;"22:51";"3";"37";"1";"1";"1";1;47;0
"26385";"202100026385";7;"17:00";"1";"63";"1";"4";"1";5;45;3
"26386";"202100026386";7;"08:15";"1";"974";"2";"2";"1";3;-21;55
"26387";"202100026387";7;"00:20";"3";"29";"1";"1";"1";6;47;-3
"26388";"202100026388";7;"14:00";"1";"95";"1";"1";"1";6;49;1
"26389";"202100026389";7;"10:45";"1";"2B";"1";"1";"1";3;42;9
"26390";"202100026390";7;"17:00";"1";"66";"1";"1";"1";4;42;2
"26391";"202100026391";7;"21:15";"1";"83";"1";"1";"1";1;43;6
"26392";"202100026392";7;"03:13";"3";"13";"1";"1";"1";6;43;4
"26393";"202100026393";7;"16:00";"1";"68";"1";"1";"1";7;47;6
"26394";"202100026394";7;"12:20";"1";"67";"2";"1";"1";3;48;7
"26395";"202100026395";7;"12:20";"1";"67";"1";"1";"1";3;49;7
"26396";"202100026396";7;"21:15";"1";"88";"1";"1";"1";3;48;6
"26397";"202100026397";7;"12:00";"1";"63";"1";"1";"2";7;45;2
"26398";"202100026398";7;"15:20";"1";"01";"1";"1";"1";1;45;5
"26399";"202100026399";7;"22:10";"3";"01";"1";"2";"8";2;46;5
"26400";"202100026400";7;"21:37";"2";"33";"2";"1";"1";3;44;0
"26401";"202100026401";7;"14:30";"1";"29";"1";"1";"1";1;47;-4
"26402";"202100026402";7;"00:00";"5";"60";"2";"1";"1";6;49;2
"26403";"202100026403";7;"15:12";"1";"13";"1";"1";"1";2;43;5
"26404";"202100026404";7;"03:46";"3";"13";"1";"1";"1";6;43;5
"26405";"202100026405";7;"17:20";"1";"13";"1";"1";"1";2;43;5
"26406";"202100026406";7;"15:25";"1";"42";"1";"1";"1";7;45;4
"26407";"202100026407";7;"14:14";"1";"42";"1";"1";"1";6;45;4
"26408";"202100026408";7;"20:55";"1";"77";"1";"1";"1";6;48;2
"26409";"202100026409";7;"07:40";"1";"94";"1";"1";"1";3;48;2
"26410";"202100026410";7;"05:20";"3";"94";"1";"1";"1";6;48;2
"26411";"202100026411";7;"19:15";"1";"77";"1";"1";"1";3;48;2
"26412";"202100026412";7;"16:45";"1";"94";"1";"1";"1";6;48;2
"26413";"202100026413";7;"15:30";"1";"976";"2";"1";"1";6;-12;45
"26414";"202100026414";7;"15:00";"1";"76";"2";"2";"1";1;49;1
"26415";"202100026415";7;"22:40";"5";"89";"2";"3";"1";6;48;3
"26416";"202100026416";5;"18:25";"1";"76";"1";"1";"3";6;49;0
"26417";"202100026417";7;"22:15";"5";"974";"2";"9";"1";6;-21;55
"26418";"202100026418";7;"11:00";"1";"974";"2";"1";"1";2;-20;55
"26419";"202100026419";7;"06:10";"3";"974";"1";"1";"2";7;-20;55
"26420";"202100026420";7;"19:30";"1";"69";"2";"3";"1";3;45;4
"26421";"202100026421";7;"17:18";"1";"69";"2";"2";"1";3;45;4
"26422";"202100026422";7;"15:43";"1";"69";"2";"1";"1";3;45;4
"26423";"202100026423";7;"22:27";"5";"69";"2";"1";"1";7;45;4
"26424";"202100026424";7;"15:00";"1";"972";"1";"1";"1";4;14;-61
"26425";"202100026425";7;"21:35";"5";"972";"1";"1";"9";2;14;-61
"26426";"202100026426";7;"20:50";"5";"972";"2";"1";"1";6;14;-61
"26427";"202100026427";7;"23:40";"5";"69";"2";"2";"1";3;45;4
"26428";"202100026428";7;"16:50";"1";"69";"2";"1";"1";3;45;4
"26429";"202100026429";7;"12:00";"1";"69";"2";"1";"1";6;45;4
"26430";"202100026430";7;"13:25";"1";"971";"1";"1";"1";3;16;-61
"26431";"202100026431";7;"15:30";"1";"95";"2";"1";"1";3;48;2
"26432";"202100026432";7;"17:50";"1";"91";"2";"6";"1";7;48;2
"26433";"202100026433";7;"19:10";"1";"91";"2";"1";"1";3;48;2
"26434";"202100026434";7;"12:30";"1";"91";"2";"9";"1";3;48;2
"26435";"202100026435";7;"18:11";"1";"87";"2";"1";"1";-1;45;1
"26436";"202100026436";7;"08:35";"1";"83";"2";"6";"1";6;43;6
"26437";"202100026437";7;"14:00";"1";"80";"2";"1";"1";1;49;2
"26438";"202100026438";7;"20:20";"1";"78";"2";"1";"1";3;48;2
"26439";"202100026439";7;"13:40";"1";"78";"2";"1";"1";6;48;2
"26440";"202100026440";7;"18:30";"1";"77";"2";"1";"1";6;48;2
"26441";"202100026441";7;"09:40";"1";"73";"2";"6";"1";3;45;5
"26442";"202100026442";7;"07:40";"1";"67";"2";"1";"1";3;48;7
"26443";"202100026443";7;"22:15";"5";"67";"2";"3";"1";3;48;7
"26444";"202100026444";7;"11:38";"1";"66";"2";"1";"1";3;42;2
"26445";"202100026445";7;"15:08";"1";"66";"2";"1";"1";6;42;2
"26446";"202100026446";7;"18:57";"1";"64";"2";"1";"1";3;43;-1
"26447";"202100026447";7;"15:50";"1";"64";"2";"9";"1";6;43;-1
"26448";"202100026448";7;"15:50";"1";"64";"2";"1";"1";2;43;-1
"26449";"202100026449";7;"18:05";"1";"64";"2";"4";"1";3;43;-1
"26450";"202100026450";7;"08:00";"2";"64";"1";"1";"2";7;43;-1
"26451";"202100026451";7;"06:05";"3";"64";"2";"1";"3";7;43;-1
"26452";"202100026452";7;"16:30";"1";"62";"2";"1";"1";3;50;2
"26453";"202100026453";7;"21:30";"2";"59";"2";"2";"1";3;50;3
"26454";"202100026454";7;"18:05";"1";"56";"2";"1";"1";6;47;-3
"26455";"202100026455";7;"15:25";"1";"56";"2";"1";"1";7;47;-3
"26456";"202100026456";7;"15:50";"1";"54";"2";"1";"1";3;48;6
"26457";"202100026457";7;"16:40";"1";"51";"2";"1";"1";2;49;3
"26458";"202100026458";7;"22:53";"3";"49";"2";"1";"9";6;47;0
"26459";"202100026459";7;"14:04";"1";"49";"2";"1";"1";4;47;0
"26460";"202100026460";7;"22:40";"3";"47";"1";"1";"1";6;44;0
"26461";"202100026461";7;"20:35";"1";"45";"2";"2";"1";1;47;1
"26462";"202100026462";7;"14:03";"1";"37";"1";"1";"1";6;47;0
"26463";"202100026463";7;"09:47";"1";"37";"2";"1";"1";4;47;0
"26464";"202100026464";7;"22:20";"5";"35";"2";"1";"1";6;48;-1
"26465";"202100026465";7;"06:30";"2";"34";"1";"1";"2";1;43;3
"26466";"202100026466";7;"15:15";"1";"34";"2";"1";"1";3;43;3
"26467";"202100026467";7;"19:30";"1";"33";"2";"6";"1";3;44;0
"26468";"202100026468";7;"12:30";"1";"33";"2";"3";"1";3;44;0
"26469";"202100026469";7;"16:00";"1";"33";"2";"1";"1";6;44;0
"26470";"202100026470";7;"13:20";"1";"33";"2";"2";"1";3;44;-1
"26471";"202100026471";7;"16:25";"1";"29";"2";"6";"1";3;47;-4
"26472";"202100026472";7;"12:15";"1";"22";"2";"6";"1";3;48;-3
"26473";"202100026473";7;"15:15";"1";"21";"2";"2";"1";3;47;5
"26474";"202100026474";7;"15:35";"1";"19";"1";"1";"1";6;45;2
"26475";"202100026475";7;"15:35";"1";"17";"2";"6";"1";2;45;-1
"26476";"202100026476";7;"10:27";"1";"17";"2";"2";"1";3;46;-1
"26477";"202100026477";7;"14:35";"1";"17";"2";"6";"1";3;46;-1
"26478";"202100026478";7;"20:28";"1";"15";"2";"6";"1";6;44;2
"26479";"202100026479";7;"10:30";"1";"13";"2";"1";"1";1;43;5
"26480";"202100026480";7;"08:20";"1";"13";"2";"1";"1";6;43;5
"26481";"202100026481";7;"03:30";"5";"13";"2";"1";"1";3;43;5
"26482";"202100026482";7;"16:15";"1";"13";"2";"1";"1";1;43;5
"26483";"202100026483";7;"01:40";"5";"13";"2";"1";"1";1;43;5
"26484";"202100026484";7;"15:20";"1";"12";"2";"3";"1";3;44;2
"26485";"202100026485";7;"00:38";"5";"10";"2";"2";"1";3;48;4
"26486";"202100026486";7;"17:45";"1";"07";"2";"6";"7";7;44;4
"26487";"202100026487";7;"17:20";"1";"06";"2";"1";"1";2;43;7
"26488";"202100026488";6;"18:23";"1";"02";"2";"1";"1";3;49;3
"26489";"202100026489";7;"11:15";"1";"02";"2";"1";"1";6;49;3
"26490";"202100026490";7;"16:35";"1";"75";"2";"4";"1";2;48;2
"26491";"202100026491";7;"08:50";"1";"75";"2";"1";"1";6;48;2
"26492";"202100026492";7;"19:40";"1";"75";"2";"2";"1";6;48;2
"26493";"202100026493";7;"16:50";"1";"75";"2";"1";"1";1;48;2
"26494";"202100026494";7;"14:30";"1";"75";"2";"2";"1";3;48;2
"26495";"202100026495";7;"02:05";"5";"75";"2";"2";"2";2;48;2
"26496";"202100026496";7;"09:25";"1";"75";"2";"3";"1";6;48;2
"26497";"202100026497";7;"16:00";"1";"75";"2";"3";"1";3;48;2
"26498";"202100026498";7;"16:35";"1";"75";"2";"3";"1";6;48;2
"26499";"202100026499";7;"00:05";"5";"75";"2";"1";"1";2;48;2
"26500";"202100026500";7;"09:40";"1";"75";"2";"2";"1";3;48;2
"26501";"202100026501";7;"01:20";"5";"75";"2";"3";"1";3;48;2
"26502";"202100026502";7;"17:05";"1";"75";"2";"1";"1";3;48;2
"26503";"202100026503";7;"18:15";"1";"75";"2";"3";"1";3;48;2
"26504";"202100026504";7;"14:30";"1";"75";"2";"3";"1";3;48;2
"26505";"202100026505";7;"14:30";"1";"94";"2";"1";"1";3;48;2
"26506";"202100026506";7;"19:40";"1";"94";"2";"1";"1";3;48;2
"26507";"202100026507";7;"15:30";"1";"94";"2";"7";"1";6;48;2
"26508";"202100026508";7;"23:45";"5";"94";"2";"1";"2";7;48;2
"26509";"202100026509";7;"02:35";"5";"94";"2";"1";"1";6;48;2
"26510";"202100026510";6;"23:20";"5";"93";"2";"3";"1";3;48;2
"26511";"202100026511";7;"15:00";"1";"93";"2";"3";"1";3;48;2
"26512";"202100026512";7;"16:12";"1";"93";"2";"1";"1";2;48;2
"26513";"202100026513";7;"17:00";"1";"93";"2";"3";"1";3;48;2
"26514";"202100026514";7;"08:30";"1";"93";"2";"6";"1";3;48;2
"26515";"202100026515";7;"17:25";"1";"93";"2";"1";"1";6;48;2
"26516";"202100026516";7;"11:59";"1";"92";"2";"9";"1";3;48;2
"26517";"202100026517";7;"20:15";"2";"92";"2";"6";"1";3;48;2
"26518";"202100026518";7;"00:09";"5";"92";"2";"3";"1";3;48;2
"26519";"202100026519";7;"09:30";"1";"92";"2";"2";"1";3;48;2
"26520";"202100026520";7;"20:56";"1";"60";"1";"1";"1";4;49;2
"26521";"202100026521";7;"16:30";"1";"62";"2";"1";"1";6;50;2
"26522";"202100026522";7;"17:00";"1";"41";"2";"3";"1";1;47;1
"26523";"202100026523";7;"07:15";"2";"71";"1";"1";"1";4;46;4
"26524";"202100026524";7;"12:00";"1";"28";"2";"1";"1";6;48;1
"26525";"202100026525";7;"05:30";"2";"55";"1";"1";"1";6;49;5
"26526";"202100026526";7;"09:30";"1";"21";"1";"1";"1";2;47;4
"26527";"202100026527";6;"18:48";"2";"26";"2";"3";"1";1;45;4
"26528";"202100026528";7;"15:00";"1";"67";"1";"1";"1";4;48;8
"26529";"202100026529";7;"10:29";"1";"62";"1";"2";"1";3;50;2
"26530";"202100026530";7;"09:07";"1";"69";"2";"1";"1";1;45;4
"26531";"202100026531";7;"15:30";"1";"51";"2";"3";"1";3;49;4
"26532";"202100026532";7;"15:55";"1";"56";"1";"1";"7";2;47;-2
"26533";"202100026533";7;"22:27";"3";"56";"2";"1";"1";6;47;-3
"26534";"202100026534";7;"20:40";"1";"74";"1";"1";"1";3;45;6
"26535";"202100026535";7;"19:40";"1";"67";"1";"6";"1";3;48;7
"26536";"202100026536";7;"03:00";"3";"79";"1";"1";"1";6;46;0
"26537";"202100026537";7;"22:30";"3";"79";"1";"1";"1";6;46;0
"26538";"202100026538";7;"23:40";"3";"33";"1";"2";"1";3;45;-1
"26539";"202100026539";7;"14:20";"1";"63";"1";"3";"1";6;45;3
"26540";"202100026540";7;"18:30";"1";"55";"1";"3";"1";3;49;5
"26541";"202100026541";7;"12:15";"1";"49";"1";"6";"1";2;47;0
"26542";"202100026542";7;"17:44";"1";"12";"1";"1";"1";1;44;2
"26543";"202100026543";7;"20:05";"1";"46";"1";"1";"1";6;44;1
"26544";"202100026544";7;"06:10";"2";"46";"1";"1";"1";6;44;1
"26545";"202100026545";7;"20:20";"1";"34";"1";"1";"1";7;43;3
"26546";"202100026546";6;"17:30";"1";"68";"1";"1";"1";6;48;7
"26547";"202100026547";7;"11:30";"1";"44";"2";"2";"1";5;47;-1
"26548";"202100026548";7;"08:15";"2";"35";"1";"2";"7";6;48;-1
"26549";"202100026549";7;"12:50";"1";"84";"1";"1";"1";6;44;5
"26550";"202100026550";7;"16:00";"1";"03";"1";"1";"1";2;46;3
"26551";"202100026551";7;"13:00";"1";"03";"2";"1";"1";6;46;2
"26552";"202100026552";7;"11:47";"1";"85";"1";"2";"1";3;46;-1
"26553";"202100026553";7;"14:40";"1";"85";"1";"1";"1";7;46;0
"26554";"202100026554";7;"17:19";"1";"54";"1";"9";"1";6;48;5
"26555";"202100026555";7;"14:25";"1";"06";"1";"1";"1";3;43;6
"26556";"202100026556";7;"08:15";"1";"50";"1";"2";"1";3;49;-1
"26557";"202100026557";7;"18:00";"1";"50";"1";"1";"1";7;49;-1
"26558";"202100026558";7;"19:00";"1";"09";"2";"6";"1";3;43;1
"26559";"202100026559";7;"16:20";"1";"18";"1";"1";"3";7;47;2
"26560";"202100026560";7;"11:00";"1";"43";"1";"1";"1";3;45;4
"26561";"202100026561";7;"05:00";"3";"24";"2";"1";"1";6;44;1
"26562";"202100026562";7;"17:40";"1";"04";"2";"1";"1";6;43;6
"26563";"202100026563";7;"11:30";"1";"04";"2";"1";"1";7;43;6
"26564";"202100026564";7;"12:22";"1";"60";"1";"1";"1";3;49;2
"26565";"202100026565";7;"17:15";"1";"35";"1";"1";"1";1;48;-1
"26566";"202100026566";7;"08:30";"1";"53";"1";"1";"8";5;48;0
"26567";"202100026567";7;"21:10";"5";"69";"2";"8";"1";6;45;4
"26568";"202100026568";7;"16:30";"1";"45";"1";"1";"1";6;47;1
"26569";"202100026569";7;"18:20";"3";"976";"1";"1";"1";6;-12;45
"26570";"202100026570";7;"18:10";"1";"73";"1";"2";"1";3;45;6
"26571";"202100026571";3;"19:00";"3";"976";"2";"1";"1";6;-12;45
"26572";"202100026572";7;"08:40";"1";"971";"1";"1";"1";7;16;-61
"26573";"202100026573";7;"16:55";"1";"971";"1";"1";"1";3;16;-61
"26574";"202100026574";7;"13:20";"1";"28";"2";"1";"1";1;48;1
"26575";"202100026575";7;"00:45";"3";"18";"1";"1";"1";6;46;2
"26576";"202100026576";7;"12:30";"1";"78";"1";"1";"1";6;48;1
"26577";"202100026577";7;"19:00";"1";"66";"1";"1";"1";7;42;2
"26578";"202100026578";7;"13:40";"1";"30";"2";"4";"1";1;44;4
"26579";"202100026579";7;"10:45";"1";"06";"2";"1";"1";3;43;7
"26580";"202100026580";7;"19:53";"1";"13";"1";"1";"1";7;43;5
"26581";"202100026581";7;"08:10";"1";"13";"1";"1";"2";1;43;4
"26582";"202100026582";7;"07:50";"1";"13";"2";"1";"1";3;43;4
"26583";"202100026583";7;"10:15";"1";"54";"2";"1";"1";7;48;6
"26584";"202100026584";7;"15:20";"1";"38";"2";"4";"1";3;45;5
"26585";"202100026585";7;"16:55";"1";"46";"2";"1";"1";1;44;2
"26586";"202100026586";7;"02:35";"5";"46";"2";"3";"1";3;44;2
"26587";"202100026587";7;"10:45";"1";"85";"1";"1";"1";6;46;-1
"26588";"202100026588";7;"17:55";"1";"22";"2";"3";"1";1;48;-2