"";"Num_Acc";"mois";"hrmn";"lum";"dep";"agg";"int";"atm";"col";"lat";"long"
"26589";"202100026589";7;"16:05";"1";"60";"1";"2";"1";3;49;2
"26590";"202100026590";7;"23:15";"3";"59";"1";"1";"1";1;50;3
"26591";"202100026591";7;"07:30";"1";"59";"1";"1";"1";7;50;2
"26592";"202100026592";7;"02:03";"3";"13";"1";"1";"1";2;43;5
"26593";"202100026593";7;"19:00";"1";"69";"1";"1";"1";4;45;4
"26594";"202100026594";7;"12:30";"1";"33";"1";"1";"1";2;44;0
"26595";"202100026595";7;"15:45";"1";"91";"1";"1";"1";6;48;2
"26596";"202100026596";7;"04:50";"3";"91";"1";"1";"1";2;48;2
"26597";"202100026597";7;"09:20";"1";"78";"1";"1";"1";7;48;2
"26598";"202100026598";7;"09:00";"1";"92";"1";"1";"1";3;48;2
"26599";"202100026599";7;"08:10";"1";"92";"1";"1";"1";2;48;2
"26600";"202100026600";7;"09:25";"1";"93";"1";"1";"1";3;48;2
"26601";"202100026601";7;"06:00";"3";"95";"1";"1";"1";6;49;2
"26602";"202100026602";7;"18:30";"1";"95";"1";"1";"1";2;49;2
"26603";"202100026603";7;"17:30";"1";"60";"1";"1";"1";6;49;2
"26604";"202100026604";7;"19:00";"1";"94";"1";"1";"1";6;48;2
"26605";"202100026605";7;"18:20";"1";"94";"1";"1";"1";2;48;2
"26606";"202100026606";7;"14:30";"1";"94";"1";"1";"1";2;48;2
"26607";"202100026607";3;"07:00";"2";"84";"2";"1";"1";6;43;4
"26608";"202100026608";4;"15:50";"1";"74";"2";"1";"1";3;45;5
"26609";"202100026609";4;"16:00";"1";"74";"1";"1";"1";2;46;6
"26610";"202100026610";7;"08:50";"1";"988";"2";"2";"1";3;-22;166
"26611";"202100026611";7;"09:45";"1";"974";"1";"1";"2";6;-20;55
"26612";"202100026612";7;"06:45";"2";"974";"2";"1";"2";2;-20;55
"26613";"202100026613";7;"19:30";"5";"974";"2";"1";"1";7;-20;55
"26614";"202100026614";7;"18:15";"1";"69";"2";"1";"1";1;45;4
"26615";"202100026615";7;"16:00";"1";"69";"2";"2";"1";4;45;4
"26616";"202100026616";7;"15:15";"1";"972";"2";"1";"1";3;14;-61
"26617";"202100026617";7;"10:15";"1";"69";"2";"1";"1";6;45;4
"26618";"202100026618";7;"13:20";"1";"2B";"2";"1";"1";2;42;9
"26619";"202100026619";7;"10:30";"1";"2A";"1";"1";"1";3;41;8
"26620";"202100026620";7;"15:00";"1";"95";"1";"1";"2";6;48;2
"26621";"202100026621";7;"17:15";"1";"91";"2";"2";"1";3;48;2
"26622";"202100026622";7;"17:14";"1";"87";"2";"3";"1";6;45;1
"26623";"202100026623";7;"09:30";"1";"84";"2";"1";"1";6;43;4
"26624";"202100026624";7;"11:00";"1";"83";"2";"4";"1";6;43;5
"26625";"202100026625";7;"08:57";"1";"83";"2";"1";"1";3;43;6
"26626";"202100026626";7;"12:50";"1";"80";"2";"1";"1";6;49;2
"26627";"202100026627";5;"22:05";"3";"78";"1";"1";"1";6;48;1
"26628";"202100026628";7;"17:50";"1";"76";"1";"3";"8";3;49;0
"26629";"202100026629";7;"15:25";"1";"76";"1";"1";"1";6;49;0
"26630";"202100026630";7;"15:25";"1";"72";"2";"1";"1";6;47;0
"26631";"202100026631";7;"06:20";"2";"72";"2";"6";"1";6;47;0
"26632";"202100026632";7;"17:10";"1";"71";"2";"1";"1";5;46;4
"26633";"202100026633";7;"00:30";"5";"69";"2";"1";"1";7;45;4
"26634";"202100026634";7;"12:00";"1";"69";"2";"2";"1";3;45;4
"26635";"202100026635";7;"14:50";"1";"69";"1";"1";"1";5;45;4
"26636";"202100026636";7;"22:15";"5";"67";"2";"1";"2";3;48;7
"26637";"202100026637";7;"18:03";"1";"66";"2";"1";"1";2;42;2
"26638";"202100026638";7;"18:18";"1";"66";"2";"3";"1";3;42;2
"26639";"202100026639";7;"12:59";"1";"64";"2";"1";"1";5;43;0
"26640";"202100026640";7;"23:00";"5";"63";"2";"6";"1";3;45;3
"26641";"202100026641";7;"23:40";"4";"60";"2";"6";"1";7;49;2
"26642";"202100026642";7;"23:05";"4";"60";"2";"3";"1";3;49;2
"26643";"202100026643";7;"03:00";"3";"57";"2";"1";"9";6;49;6
"26644";"202100026644";7;"23:09";"4";"56";"2";"3";"1";3;47;-3
"26645";"202100026645";7;"19:25";"1";"56";"2";"1";"1";7;47;-3
"26646";"202100026646";7;"11:15";"1";"56";"1";"1";"2";7;47;-3
"26647";"202100026647";7;"11:22";"1";"52";"1";"1";"1";3;48;5
"26648";"202100026648";7;"08:10";"1";"51";"2";"2";"2";3;49;4
"26649";"202100026649";7;"05:50";"2";"50";"2";"2";"2";3;49;-1
"26650";"202100026650";7;"18:15";"1";"49";"2";"1";"8";5;47;0
"26651";"202100026651";7;"08:34";"1";"49";"2";"1";"1";2;47;0
"26652";"202100026652";7;"10:14";"1";"49";"2";"1";"1";7;47;0
"26653";"202100026653";7;"13:50";"1";"45";"2";"1";"1";1;47;1
"26654";"202100026654";7;"10:30";"1";"45";"2";"3";"1";2;47;1
"26655";"202100026655";7;"10:00";"1";"45";"2";"1";"1";2;47;1
"26656";"202100026656";6;"06:00";"5";"42";"2";"1";"1";1;45;4
"26657";"202100026657";7;"18:30";"1";"38";"2";"1";"1";6;45;5
"26658";"202100026658";7;"13:45";"1";"37";"1";"9";"2";7;47;0
"26659";"202100026659";7;"09:00";"1";"37";"2";"1";"8";7;47;0
"26660";"202100026660";7;"17:30";"1";"35";"2";"1";"1";6;48;-1
"26661";"202100026661";7;"07:52";"1";"35";"2";"3";"1";3;48;-1
"26662";"202100026662";7;"03:05";"5";"33";"2";"9";"1";3;44;0
"26663";"202100026663";7;"21:40";"1";"33";"2";"1";"1";3;44;0
"26664";"202100026664";7;"21:50";"5";"33";"2";"1";"1";2;44;0
"26665";"202100026665";7;"13:30";"1";"33";"1";"1";"1";6;44;-1
"26666";"202100026666";7;"11:30";"1";"31";"2";"1";"1";6;43;1
"26667";"202100026667";7;"18:05";"1";"30";"2";"1";"1";2;44;4
"26668";"202100026668";7;"10:35";"1";"29";"1";"1";"1";2;47;-4
"26669";"202100026669";7;"12:06";"1";"17";"2";"2";"2";2;46;-1
"26670";"202100026670";6;"18:20";"1";"17";"2";"9";"1";3;45;0
"26671";"202100026671";7;"18:15";"1";"13";"2";"2";"1";2;43;5
"26672";"202100026672";7;"09:07";"1";"12";"2";"2";"1";3;44;2
"26673";"202100026673";7;"23:25";"5";"06";"2";"1";"1";6;43;7
"26674";"202100026674";7;"12:35";"1";"01";"2";"1";"1";6;46;5
"26675";"202100026675";7;"15:30";"1";"75";"2";"4";"1";4;48;2
"26676";"202100026676";7;"22:30";"3";"75";"2";"7";"1";1;48;2
"26677";"202100026677";7;"19:35";"1";"75";"2";"2";"1";6;48;2
"26678";"202100026678";7;"15:00";"1";"75";"2";"2";"1";3;48;2
"26679";"202100026679";7;"12:00";"1";"75";"2";"4";"1";7;48;2
"26680";"202100026680";7;"14:30";"1";"75";"2";"2";"2";3;48;2
"26681";"202100026681";7;"15:30";"1";"75";"2";"4";"1";6;48;2
"26682";"202100026682";7;"16:20";"1";"75";"2";"1";"1";3;48;2
"26683";"202100026683";7;"20:25";"1";"75";"2";"1";"1";6;48;2
"26684";"202100026684";7;"11:10";"1";"75";"2";"3";"1";3;48;2
"26685";"202100026685";7;"19:15";"1";"75";"2";"2";"1";3;48;2
"26686";"202100026686";7;"18:15";"1";"75";"2";"7";"1";6;48;2
"26687";"202100026687";7;"14:15";"1";"75";"2";"7";"1";6;48;2
"26688";"202100026688";7;"01:50";"5";"75";"2";"7";"2";6;48;2
"26689";"202100026689";7;"18:30";"1";"75";"2";"7";"2";7;48;2
"26690";"202100026690";7;"13:25";"1";"94";"2";"9";"1";3;48;2
"26691";"202100026691";7;"08:00";"1";"94";"2";"9";"2";7;48;2
"26692";"202100026692";7;"13:20";"1";"94";"2";"9";"8";6;48;2
"26693";"202100026693";7;"18:05";"1";"94";"2";"1";"8";3;48;2
"26694";"202100026694";7;"17:44";"1";"93";"2";"4";"1";3;48;2
"26695";"202100026695";7;"19:19";"1";"93";"2";"1";"1";6;48;2
"26696";"202100026696";7;"17:15";"1";"93";"2";"1";"1";1;48;2
"26697";"202100026697";7;"17:40";"1";"93";"2";"9";"8";3;48;2
"26698";"202100026698";7;"09:15";"1";"92";"2";"9";"1";3;48;2
"26699";"202100026699";7;"12:40";"1";"92";"2";"1";"1";6;48;2
"26700";"202100026700";7;"14:30";"1";"92";"2";"2";"1";3;48;2
"26701";"202100026701";7;"14:10";"1";"01";"1";"1";"1";1;46;5
"26702";"202100026702";7;"15:50";"1";"26";"1";"1";"1";3;44;5
"26703";"202100026703";7;"22:50";"3";"52";"1";"1";"1";6;48;4
"26704";"202100026704";7;"16:40";"1";"52";"1";"1";"1";6;47;5
"26705";"202100026705";7;"22:55";"3";"28";"2";"1";"2";6;48;1
"26706";"202100026706";7;"14:50";"1";"972";"1";"1";"1";1;14;-60
"26707";"202100026707";7;"02:30";"3";"21";"1";"1";"1";5;47;4
"26708";"202100026708";7;"03:30";"3";"44";"1";"1";"2";6;47;-1
"26709";"202100026709";7;"18:14";"1";"51";"1";"1";"1";7;49;4
"26710";"202100026710";7;"14:00";"1";"56";"2";"3";"8";3;47;-2
"26711";"202100026711";7;"23:15";"5";"76";"2";"1";"1";3;49;0
"26712";"202100026712";7;"18:40";"1";"76";"1";"5";"1";3;49;0
"26713";"202100026713";7;"17:15";"1";"79";"1";"1";"1";7;47;0
"26714";"202100026714";7;"03:28";"5";"80";"2";"1";"1";6;50;2
"26715";"202100026715";7;"17:20";"1";"11";"1";"1";"1";7;42;2
"26716";"202100026716";7;"06:50";"1";"71";"2";"1";"1";6;46;4
"26717";"202100026717";7;"18:00";"1";"89";"1";"1";"1";7;47;4
"26718";"202100026718";7;"15:50";"1";"61";"1";"3";"1";3;48;0
"26719";"202100026719";7;"19:35";"1";"49";"1";"2";"1";3;47;0
"26720";"202100026720";7;"06:40";"2";"44";"1";"1";"1";6;47;-2
"26721";"202100026721";7;"21:00";"1";"15";"1";"1";"1";1;45;2
"26722";"202100026722";7;"17:50";"1";"01";"2";"6";"1";2;46;4
"26723";"202100026723";7;"16:20";"1";"58";"1";"2";"1";6;47;3
"26724";"202100026724";7;"15:00";"1";"50";"2";"1";"1";7;49;-1
"26725";"202100026725";7;"12:00";"1";"64";"1";"2";"1";3;43;0
"26726";"202100026726";7;"15:15";"1";"64";"2";"1";"1";1;43;0
"26727";"202100026727";7;"20:29";"1";"18";"1";"1";"1";6;46;2
"26728";"202100026728";7;"00:15";"3";"43";"2";"1";"3";6;45;3
"26729";"202100026729";7;"15:30";"1";"53";"1";"1";"1";7;48;0
"26730";"202100026730";7;"01:39";"3";"40";"1";"1";"1";6;44;-1
"26731";"202100026731";7;"10:00";"1";"85";"1";"3";"1";3;46;-1
"26732";"202100026732";7;"19:00";"1";"85";"1";"2";"1";6;46;-1
"26733";"202100026733";7;"17:15";"1";"28";"1";"3";"1";3;48;1
"26734";"202100026734";7;"19:30";"1";"17";"1";"1";"1";3;45;0
"26735";"202100026735";7;"16:10";"1";"37";"1";"2";"1";3;47;0
"26736";"202100026736";7;"16:15";"1";"30";"2";"1";"1";7;44;4
"26737";"202100026737";7;"14:15";"1";"08";"1";"1";"1";3;49;4
"26738";"202100026738";7;"14:24";"1";"38";"1";"1";"1";2;45;5
"26739";"202100026739";7;"23:00";"3";"02";"1";"1";"1";7;49;3
"26740";"202100026740";7;"19:10";"1";"06";"2";"6";"8";3;43;6
"26741";"202100026741";7;"15:05";"1";"13";"1";"1";"1";3;43;5
"26742";"202100026742";7;"17:40";"1";"976";"1";"1";"1";6;-12;45
"26743";"202100026743";7;"01:30";"3";"59";"1";"1";"1";1;50;3
"26744";"202100026744";7;"05:50";"2";"27";"1";"1";"1";6;49;0
"26745";"202100026745";7;"00:50";"5";"988";"2";"1";"1";6;-22;166
"26746";"202100026746";7;"08:55";"1";"29";"1";"3";"1";1;47;-3
"26747";"202100026747";7;"13:45";"1";"28";"1";"1";"2";6;48;1
"26748";"202100026748";7;"08:50";"1";"28";"1";"2";"2";3;48;1
"26749";"202100026749";7;"15:00";"1";"95";"1";"1";"1";6;49;1
"26750";"202100026750";7;"11:30";"1";"78";"1";"2";"1";3;48;1
"26751";"202100026751";7;"09:15";"1";"34";"2";"6";"1";3;43;4
"26752";"202100026752";7;"09:45";"1";"83";"1";"1";"1";3;43;6
"26753";"202100026753";7;"17:10";"1";"38";"2";"2";"1";3;45;5
"26754";"202100026754";7;"11:20";"1";"09";"2";"1";"1";6;42;1
"26755";"202100026755";7;"09:45";"1";"79";"1";"1";"1";5;46;0
"26756";"202100026756";7;"17:40";"1";"47";"1";"3";"1";3;44;0
"26757";"202100026757";7;"10:50";"1";"14";"1";"1";"8";6;49;0
"26758";"202100026758";7;"12:10";"1";"13";"1";"1";"1";3;43;5
"26759";"202100026759";7;"06:30";"2";"83";"1";"1";"1";6;43;5
"26760";"202100026760";7;"08:00";"1";"69";"1";"1";"1";3;45;4
"26761";"202100026761";7;"02:55";"3";"59";"1";"1";"1";2;50;3
"26762";"202100026762";7;"15:30";"1";"91";"1";"1";"1";2;48;2
"26763";"202100026763";7;"15:30";"1";"78";"1";"1";"1";2;48;2
"26764";"202100026764";7;"11:15";"1";"92";"1";"1";"1";4;48;2
"26765";"202100026765";7;"21:10";"2";"78";"1";"1";"1";6;48;2
"26766";"202100026766";7;"01:00";"3";"95";"1";"1";"2";6;49;2
"26767";"202100026767";7;"12:15";"1";"42";"2";"2";"1";2;45;4
"26768";"202100026768";7;"18:15";"1";"33";"2";"1";"1";6;44;0
"26769";"202100026769";7;"16:29";"1";"75";"2";"1";"3";6;48;2
"26770";"202100026770";4;"16:40";"1";"13";"1";"1";"8";1;43;5
"26771";"202100026771";7;"04:15";"5";"988";"2";"6";"1";6;-22;166
"26772";"202100026772";7;"05:40";"5";"976";"2";"9";"1";7;-12;45
"26773";"202100026773";7;"17:30";"1";"974";"2";"2";"1";3;-21;55
"26774";"202100026774";7;"10:00";"1";"69";"1";"1";"1";7;45;4
"26775";"202100026775";7;"13:10";"1";"69";"2";"9";"1";7;45;4
"26776";"202100026776";7;"07:55";"1";"69";"2";"2";"1";3;45;4
"26777";"202100026777";7;"08:40";"1";"69";"2";"4";"1";4;45;4
"26778";"202100026778";7;"06:40";"1";"972";"2";"1";"1";3;14;-61
"26779";"202100026779";7;"10:15";"1";"69";"2";"1";"1";6;45;4
"26780";"202100026780";7;"13:00";"1";"91";"2";"1";"2";2;48;2
"26781";"202100026781";7;"14:40";"1";"91";"2";"1";"2";1;48;2
"26782";"202100026782";7;"11:00";"1";"87";"2";"1";"1";6;45;1
"26783";"202100026783";7;"16:42";"1";"87";"2";"1";"2";6;45;1
"26784";"202100026784";7;"18:40";"1";"84";"2";"1";"1";2;43;4
"26785";"202100026785";7;"09:20";"1";"84";"2";"1";"1";6;43;4
"26786";"202100026786";7;"00:50";"5";"84";"1";"1";"1";6;43;4
"26787";"202100026787";7;"01:00";"5";"80";"2";"2";"1";1;49;2
"26788";"202100026788";7;"13:10";"1";"78";"1";"9";"1";3;48;2
"26789";"202100026789";7;"06:50";"1";"76";"2";"2";"2";3;49;0
"26790";"202100026790";7;"15:05";"1";"76";"1";"1";"1";6;49;0
"26791";"202100026791";7;"15:10";"1";"74";"2";"3";"1";3;45;6
"26792";"202100026792";7;"18:00";"1";"73";"2";"1";"8";6;45;6
"26793";"202100026793";7;"01:30";"5";"72";"2";"1";"1";6;47;0
"26794";"202100026794";7;"19:00";"1";"72";"2";"1";"1";2;48;0
"26795";"202100026795";7;"13:45";"1";"69";"2";"1";"1";3;45;4
"26796";"202100026796";7;"13:10";"1";"68";"2";"6";"1";6;47;7
"26797";"202100026797";7;"14:02";"1";"68";"2";"1";"1";1;47;7
"26798";"202100026798";7;"07:30";"1";"67";"2";"1";"1";6;48;7
"26799";"202100026799";7;"14:50";"1";"67";"2";"1";"1";6;48;7
"26800";"202100026800";7;"23:20";"5";"67";"2";"8";"3";1;48;7
"26801";"202100026801";7;"01:20";"5";"64";"2";"1";"1";7;43;0
"26802";"202100026802";7;"18:45";"1";"64";"2";"1";"1";7;43;-1
"26803";"202100026803";7;"09:45";"1";"64";"2";"1";"1";2;43;-1
"26804";"202100026804";7;"14:30";"1";"64";"2";"6";"1";2;43;-1
"26805";"202100026805";7;"14:37";"1";"63";"2";"6";"1";2;45;3
"26806";"202100026806";7;"17:43";"1";"63";"2";"3";"1";3;45;3
"26807";"202100026807";7;"18:35";"1";"63";"2";"3";"1";3;45;3
"26808";"202100026808";7;"18:25";"1";"60";"1";"1";"2";4;49;2
"26809";"202100026809";7;"18:05";"1";"59";"2";"2";"1";1;50;3
"26810";"202100026810";7;"21:10";"1";"59";"2";"3";"8";2;50;3
"26811";"202100026811";7;"17:15";"1";"59";"2";"6";"2";3;50;3
"26812";"202100026812";7;"13:10";"1";"59";"2";"1";"1";6;50;3
"26813";"202100026813";7;"14:46";"1";"51";"2";"3";"1";3;49;4
"26814";"202100026814";7;"14:30";"1";"51";"2";"2";"2";3;49;4
"26815";"202100026815";7;"07:50";"1";"49";"2";"6";"1";3;47;0
"26816";"202100026816";7;"12:00";"1";"45";"2";"1";"2";1;47;1
"26817";"202100026817";7;"19:45";"1";"37";"2";"6";"1";5;47;0
"26818";"202100026818";7;"18:10";"1";"37";"2";"1";"1";6;47;0
"26819";"202100026819";7;"08:09";"1";"37";"2";"3";"1";7;47;0
"26820";"202100026820";7;"15:45";"1";"35";"2";"1";"2";2;48;-1
"26821";"202100026821";7;"23:50";"5";"35";"2";"4";"1";6;48;-1
"26822";"202100026822";7;"11:20";"1";"34";"2";"1";"1";3;43;3
"26823";"202100026823";7;"14:50";"1";"34";"2";"9";"1";3;43;3
"26824";"202100026824";7;"23:40";"1";"33";"2";"1";"1";2;44;0
"26825";"202100026825";7;"11:50";"1";"33";"2";"2";"1";3;44;0
"26826";"202100026826";7;"18:50";"1";"31";"2";"9";"1";4;43;1
"26827";"202100026827";7;"01:20";"5";"30";"2";"2";"1";6;43;4
"26828";"202100026828";7;"19:40";"1";"30";"2";"9";"1";2;44;4
"26829";"202100026829";7;"16:50";"1";"29";"2";"1";"1";6;47;-4
"26830";"202100026830";7;"20:47";"2";"29";"2";"3";"1";3;48;-4
"26831";"202100026831";7;"14:00";"1";"29";"2";"1";"1";2;48;-4
"26832";"202100026832";7;"21:45";"1";"13";"2";"1";"1";3;43;5
"26833";"202100026833";7;"16:25";"1";"13";"2";"3";"1";6;43;5
"26834";"202100026834";7;"10:30";"1";"13";"2";"1";"1";7;43;5
"26835";"202100026835";7;"09:30";"1";"13";"2";"1";"1";2;43;5
"26836";"202100026836";7;"06:10";"1";"13";"2";"2";"1";3;43;5
"26837";"202100026837";7;"08:25";"1";"12";"1";"1";"1";6;44;2
"26838";"202100026838";7;"18:05";"1";"09";"2";"1";"1";7;43;1
"26839";"202100026839";7;"18:07";"1";"09";"2";"1";"1";6;42;1
"26840";"202100026840";7;"11:42";"1";"06";"2";"1";"1";6;43;6
"26841";"202100026841";7;"18:15";"1";"06";"1";"1";"1";2;43;7
"26842";"202100026842";7;"18:30";"1";"04";"2";"2";"1";3;43;5
"26843";"202100026843";7;"13:45";"1";"02";"2";"2";"2";1;49;3
"26844";"202100026844";7;"08:05";"1";"75";"2";"2";"1";6;48;2
"26845";"202100026845";7;"17:31";"1";"75";"2";"2";"2";3;48;2
"26846";"202100026846";7;"23:34";"5";"75";"2";"3";"1";6;48;2
"26847";"202100026847";7;"12:30";"1";"75";"2";"1";"2";2;48;2
"26848";"202100026848";7;"16:20";"1";"75";"2";"2";"3";3;48;2
"26849";"202100026849";7;"11:35";"1";"75";"2";"1";"2";7;48;2
"26850";"202100026850";7;"11:05";"1";"75";"2";"1";"2";3;48;2
"26851";"202100026851";7;"12:50";"1";"75";"2";"2";"1";3;48;2
"26852";"202100026852";7;"08:30";"1";"75";"2";"4";"1";6;48;2
"26853";"202100026853";7;"06:00";"1";"75";"2";"1";"1";6;48;2
"26854";"202100026854";7;"00:00";"5";"75";"2";"5";"1";3;48;2
"26855";"202100026855";7;"18:00";"1";"75";"2";"7";"2";7;48;2
"26856";"202100026856";7;"15:00";"1";"75";"2";"3";"1";5;48;2
"26857";"202100026857";7;"15:00";"1";"75";"2";"3";"2";2;48;2
"26858";"202100026858";7;"20:10";"1";"75";"2";"3";"1";7;48;2
"26859";"202100026859";7;"14:40";"1";"75";"2";"3";"2";7;48;2
"26860";"202100026860";7;"16:00";"1";"94";"2";"1";"2";2;48;2
"26861";"202100026861";7;"09:15";"1";"94";"2";"2";"1";1;48;2
"26862";"202100026862";7;"03:40";"5";"94";"2";"1";"1";6;48;2
"26863";"202100026863";7;"18:00";"1";"94";"2";"1";"2";4;48;2
"26864";"202100026864";7;"21:50";"2";"93";"2";"2";"2";2;48;2
"26865";"202100026865";7;"10:20";"1";"93";"2";"1";"1";3;48;2
"26866";"202100026866";7;"22:50";"5";"93";"2";"2";"1";1;48;2
"26867";"202100026867";7;"12:45";"1";"93";"2";"1";"2";2;48;2
"26868";"202100026868";7;"09:00";"1";"93";"2";"1";"1";3;48;2
"26869";"202100026869";7;"06:34";"2";"93";"2";"1";"2";6;48;2
"26870";"202100026870";7;"21:55";"2";"93";"2";"3";"1";3;48;2
"26871";"202100026871";7;"20:25";"1";"93";"2";"2";"2";3;48;2
"26872";"202100026872";7;"08:20";"1";"93";"2";"3";"1";3;48;2
"26873";"202100026873";7;"18:03";"1";"92";"2";"1";"2";2;48;2
"26874";"202100026874";7;"16:30";"1";"92";"2";"1";"1";4;48;2
"26875";"202100026875";7;"15:40";"1";"60";"2";"3";"2";3;49;2
"26876";"202100026876";6;"14:30";"1";"22";"1";"1";"1";1;48;-3
"26877";"202100026877";7;"17:30";"1";"57";"1";"1";"3";1;49;6
"26878";"202100026878";7;"18:00";"1";"13";"1";"3";"1";3;43;4
"26879";"202100026879";7;"17:25";"1";"972";"1";"1";"1";3;14;-60
"26880";"202100026880";7;"15:00";"1";"63";"2";"2";"8";3;45;2
"26881";"202100026881";7;"15:40";"1";"64";"1";"2";"1";5;43;0
"26882";"202100026882";7;"08:30";"1";"41";"1";"1";"2";6;47;0
"26883";"202100026883";6;"15:49";"1";"37";"1";"1";"2";7;47;0
"26884";"202100026884";7;"18:30";"1";"66";"1";"1";"8";1;42;2
"26885";"202100026885";7;"08:25";"1";"2B";"2";"1";"1";1;42;9
"26886";"202100026886";7;"11:50";"1";"65";"1";"1";"1";6;42;0
"26887";"202100026887";7;"18:35";"1";"32";"1";"2";"1";3;43;0
"26888";"202100026888";7;"23:12";"3";"39";"1";"1";"5";5;47;5
"26889";"202100026889";7;"20:40";"1";"29";"2";"1";"1";2;48;-4
"26890";"202100026890";7;"12:30";"1";"29";"2";"3";"1";6;47;-4
"26891";"202100026891";7;"16:20";"1";"38";"2";"2";"1";1;45;5
"26892";"202100026892";7;"12:00";"1";"84";"1";"1";"1";6;43;5
"26893";"202100026893";7;"00:30";"5";"70";"2";"6";"2";3;47;6
"26894";"202100026894";7;"15:47";"1";"26";"1";"3";"1";1;44;5
"26895";"202100026895";7;"19:40";"1";"54";"1";"1";"8";6;48;5
"26896";"202100026896";7;"17:55";"1";"60";"1";"1";"1";3;49;2
"26897";"202100026897";7;"17:30";"1";"07";"1";"1";"1";7;44;4
"26898";"202100026898";7;"17:50";"1";"53";"1";"3";"1";7;48;0
"26899";"202100026899";7;"22:20";"3";"21";"1";"1";"2";6;47;4
"26900";"202100026900";7;"07:00";"1";"04";"1";"1";"2";6;44;6
"26901";"202100026901";7;"15:35";"1";"85";"1";"1";"1";1;46;-2
"26902";"202100026902";7;"21:30";"1";"27";"1";"1";"2";6;49;0
"26903";"202100026903";7;"12:30";"1";"27";"2";"1";"1";6;48;1
"26904";"202100026904";7;"17:34";"1";"28";"1";"1";"1";1;48;1
"26905";"202100026905";7;"07:39";"1";"48";"1";"1";"1";7;44;3
"26906";"202100026906";7;"22:10";"3";"48";"1";"1";"1";1;44;3
"26907";"202100026907";7;"03:46";"3";"40";"1";"1";"1";6;43;-1
"26908";"202100026908";7;"16:00";"1";"34";"1";"1";"1";3;43;3
"26909";"202100026909";7;"20:00";"3";"976";"1";"1";"1";1;-12;45
"26910";"202100026910";7;"14:00";"1";"60";"1";"1";"1";7;49;2
"26911";"202100026911";7;"00:05";"5";"974";"2";"1";"1";6;-20;55
"26912";"202100026912";7;"09:45";"1";"29";"2";"1";"1";7;47;-3
"26913";"202100026913";7;"23:40";"3";"77";"1";"1";"2";6;48;2
"26914";"202100026914";7;"10:10";"1";"2A";"2";"1";"1";7;41;9
"26915";"202100026915";7;"09:30";"1";"83";"2";"1";"1";6;43;6
"26916";"202100026916";6;"17:45";"1";"13";"2";"1";"1";1;43;5
"26917";"202100026917";7;"18:45";"1";"67";"2";"1";"1";2;48;7
"26918";"202100026918";7;"16:40";"1";"88";"2";"4";"1";3;48;6
"26919";"202100026919";7;"12:55";"1";"38";"2";"1";"7";2;45;5
"26920";"202100026920";5;"18:45";"1";"69";"1";"1";"1";3;45;4
"26921";"202100026921";6;"19:45";"2";"56";"1";"1";"1";7;47;-3
"26922";"202100026922";7;"09:50";"1";"22";"2";"2";"2";4;48;-3
"26923";"202100026923";7;"10:50";"1";"22";"1";"2";"1";3;48;-3
"26924";"202100026924";7;"08:15";"1";"60";"1";"6";"1";3;49;2
"26925";"202100026925";7;"18:00";"1";"13";"1";"1";"1";2;43;5
"26926";"202100026926";7;"14:20";"1";"13";"1";"1";"1";3;43;5
"26927";"202100026927";7;"16:45";"1";"13";"1";"1";"1";2;43;5
"26928";"202100026928";7;"22:56";"5";"13";"1";"1";"1";2;43;5
"26929";"202100026929";7;"22:40";"5";"33";"1";"1";"1";6;44;0
"26930";"202100026930";7;"17:15";"1";"91";"1";"1";"2";3;48;2
"26931";"202100026931";7;"13:50";"1";"91";"1";"1";"3";2;48;2
"26932";"202100026932";7;"16:50";"1";"92";"1";"1";"2";4;48;2
"26933";"202100026933";7;"08:50";"1";"78";"1";"1";"1";2;48;2
"26934";"202100026934";7;"17:10";"1";"92";"1";"1";"2";6;48;2
"26935";"202100026935";7;"14:55";"1";"78";"1";"1";"1";6;48;2
"26936";"202100026936";7;"18:30";"1";"92";"1";"1";"2";6;48;2
"26937";"202100026937";7;"00:15";"3";"95";"1";"1";"1";6;48;2
"26938";"202100026938";7;"14:45";"1";"77";"1";"1";"2";6;48;2
"26939";"202100026939";3;"15:30";"1";"60";"1";"1";"1";7;49;2
"26940";"202100026940";3;"14:20";"1";"73";"2";"3";"1";1;45;6
"26941";"202100026941";3;"11:10";"1";"73";"1";"1";"1";2;45;5
"26942";"202100026942";4;"10:35";"1";"74";"2";"1";"1";2;46;6
"26943";"202100026943";3;"18:00";"1";"74";"2";"1";"1";1;46;6
"26944";"202100026944";3;"18:30";"2";"74";"1";"1";"1";7;46;6
"26945";"202100026945";7;"11:10";"1";"75";"2";"7";"1";2;48;2
"26946";"202100026946";7;"11:55";"1";"75";"2";"1";"2";2;48;2
"26947";"202100026947";7;"19:50";"1";"75";"2";"2";"8";3;48;2
"26948";"202100026948";7;"15:20";"1";"75";"2";"3";"8";1;48;2
"26949";"202100026949";7;"14:20";"1";"75";"2";"2";"8";3;48;2
"26950";"202100026950";7;"12:40";"2";"75";"2";"1";"2";6;48;2
"26951";"202100026951";7;"17:21";"1";"75";"2";"2";"2";2;48;2
"26952";"202100026952";7;"09:55";"1";"75";"2";"2";"2";2;48;2
"26953";"202100026953";7;"23:40";"5";"75";"2";"7";"1";1;48;2