"";"Num_Acc";"mois";"hrmn";"lum";"dep";"agg";"int";"atm";"col";"lat";"long"
"26954";"202100026954";7;"17:15";"1";"94";"2";"3";"1";3;48;2
"26955";"202100026955";7;"20:08";"1";"94";"2";"1";"2";3;48;2
"26956";"202100026956";7;"17:31";"1";"94";"2";"1";"2";2;48;2
"26957";"202100026957";7;"01:30";"5";"94";"2";"1";"1";6;48;2
"26958";"202100026958";7;"17:26";"1";"94";"2";"2";"3";3;48;2
"26959";"202100026959";7;"23:00";"5";"94";"2";"1";"1";2;48;2
"26960";"202100026960";7;"19:10";"1";"94";"2";"2";"1";3;48;2
"26961";"202100026961";7;"19:30";"1";"93";"2";"3";"2";1;48;2
"26962";"202100026962";7;"07:55";"1";"93";"2";"4";"8";3;48;2
"26963";"202100026963";7;"08:58";"1";"93";"2";"3";"1";1;48;2
"26964";"202100026964";7;"17:30";"1";"93";"2";"1";"2";1;48;2
"26965";"202100026965";7;"16:15";"1";"93";"2";"3";"1";3;48;2
"26966";"202100026966";7;"18:00";"1";"93";"2";"9";"1";3;48;2
"26967";"202100026967";7;"19:52";"1";"93";"2";"1";"1";6;48;2
"26968";"202100026968";7;"09:45";"1";"92";"2";"3";"8";7;48;2
"26969";"202100026969";7;"06:30";"2";"92";"2";"1";"1";6;48;2
"26970";"202100026970";7;"14:15";"1";"92";"2";"1";"1";6;48;2
"26971";"202100026971";7;"18:00";"1";"95";"1";"9";"3";7;49;2
"26972";"202100026972";7;"12:35";"1";"2A";"1";"1";"1";3;42;8
"26973";"202100026973";7;"12:29";"1";"25";"1";"1";"1";5;47;5
"26974";"202100026974";7;"20:30";"1";"41";"1";"1";"7";7;47;1
"26975";"202100026975";7;"17:40";"1";"84";"1";"1";"1";1;44;5
"26976";"202100026976";7;"11:30";"1";"88";"1";"1";"1";7;48;6
"26977";"202100026977";7;"01:15";"5";"74";"2";"1";"1";6;45;6
"26978";"202100026978";7;"23:10";"3";"974";"1";"1";"1";3;-21;55
"26979";"202100026979";7;"20:00";"3";"971";"1";"1";"1";7;15;-61
"26980";"202100026980";7;"16:20";"1";"41";"1";"2";"1";3;47;1
"26981";"202100026981";7;"16:15";"1";"34";"2";"1";"1";7;43;3
"26982";"202100026982";7;"19:35";"1";"51";"2";"1";"1";7;49;4
"26983";"202100026983";7;"16:45";"1";"19";"1";"1";"1";1;45;1
"26984";"202100026984";7;"16:15";"1";"56";"1";"1";"1";2;47;-2
"26985";"202100026985";7;"17:50";"1";"56";"1";"1";"1";3;47;-2
"26986";"202100026986";7;"18:05";"1";"79";"1";"1";"1";6;46;0
"26987";"202100026987";7;"13:50";"1";"2A";"2";"1";"1";6;41;8
"26988";"202100026988";7;"17:25";"1";"80";"1";"1";"2";1;49;2
"26989";"202100026989";7;"04:00";"3";"89";"1";"1";"1";7;47;3
"26990";"202100026990";7;"13:45";"1";"55";"1";"1";"1";1;49;5
"26991";"202100026991";7;"17:38";"1";"12";"1";"1";"1";1;44;2
"26992";"202100026992";7;"18:15";"1";"42";"1";"2";"1";3;45;4
"26993";"202100026993";7;"18:00";"1";"39";"2";"1";"1";1;46;5
"26994";"202100026994";7;"10:43";"1";"25";"1";"3";"1";3;47;5
"26995";"202100026995";7;"12:48";"1";"31";"1";"1";"2";6;43;0
"26996";"202100026996";7;"14:15";"1";"38";"1";"1";"1";7;45;6
"26997";"202100026997";7;"21:15";"3";"15";"1";"1";"1";6;44;2
"26998";"202100026998";7;"03:30";"3";"26";"1";"1";"1";6;44;4
"26999";"202100026999";7;"16:15";"1";"58";"1";"8";"1";3;47;3
"27000";"202100027000";7;"19:15";"1";"06";"1";"1";"1";1;43;6
"27001";"202100027001";7;"10:20";"1";"14";"2";"1";"1";6;49;0
"27002";"202100027002";7;"01:45";"3";"64";"1";"1";"1";6;43;-1
"27003";"202100027003";7;"10:20";"1";"36";"2";"1";"1";6;46;1
"27004";"202100027004";7;"13:30";"1";"07";"1";"1";"1";7;44;4
"27005";"202100027005";7;"14:15";"1";"21";"2";"1";"1";6;47;4
"27006";"202100027006";7;"22:15";"3";"21";"1";"1";"1";1;47;4
"27007";"202100027007";7;"16:05";"1";"40";"1";"1";"1";1;43;0
"27008";"202100027008";7;"19:05";"1";"40";"1";"3";"1";2;43;-1
"27009";"202100027009";7;"20:30";"2";"85";"1";"1";"1";1;46;-1
"27010";"202100027010";7;"14:10";"1";"88";"2";"3";"1";3;47;6
"27011";"202100027011";7;"15:45";"1";"10";"1";"1";"1";2;48;4
"27012";"202100027012";7;"15:00";"1";"973";"1";"1";"3";1;4;-52
"27013";"202100027013";7;"13:20";"1";"42";"2";"2";"1";1;45;4
"27014";"202100027014";7;"21:00";"2";"11";"1";"1";"1";2;43;3
"27015";"202100027015";6;"05:00";"3";"988";"1";"1";"1";6;-21;167
"27016";"202100027016";7;"13:40";"1";"988";"1";"1";"1";6;-21;165
"27017";"202100027017";7;"12:50";"1";"971";"1";"1";"1";1;15;-61
"27018";"202100027018";7;"18:00";"1";"91";"2";"1";"1";4;48;2
"27019";"202100027019";7;"12:50";"1";"2B";"2";"1";"1";2;42;9
"27020";"202100027020";7;"20:45";"1";"83";"2";"2";"1";3;43;6
"27021";"202100027021";7;"06:19";"2";"13";"1";"1";"1";2;43;4
"27022";"202100027022";7;"19:50";"1";"57";"1";"9";"1";6;49;6
"27023";"202100027023";7;"09:40";"1";"74";"1";"1";"1";7;45;6
"27024";"202100027024";7;"19:00";"1";"38";"1";"1";"1";1;45;5
"27025";"202100027025";7;"14:32";"1";"38";"2";"5";"1";3;45;5
"27026";"202100027026";7;"11:00";"1";"01";"1";"1";"1";3;45;5
"27027";"202100027027";7;"20:10";"2";"16";"1";"1";"1";6;45;0
"27028";"202100027028";7;"19:00";"1";"85";"1";"2";"1";3;46;-1
"27029";"202100027029";7;"15:15";"1";"76";"1";"1";"1";6;49;0
"27030";"202100027030";7;"12:35";"1";"60";"1";"2";"1";3;49;2
"27031";"202100027031";7;"14:30";"1";"80";"2";"1";"1";6;50;1
"27032";"202100027032";7;"20:36";"1";"80";"1";"1";"1";1;49;2
"27033";"202100027033";7;"12:59";"1";"59";"1";"2";"8";3;50;3
"27034";"202100027034";7;"07:00";"1";"54";"1";"1";"1";2;48;6
"27035";"202100027035";7;"01:40";"3";"59";"1";"1";"1";6;50;3
"27036";"202100027036";7;"10:20";"1";"92";"1";"1";"2";3;48;2
"27037";"202100027037";7;"10:00";"1";"92";"1";"1";"2";5;48;2
"27038";"202100027038";7;"16:15";"1";"94";"1";"1";"1";7;48;2
"27039";"202100027039";7;"13:45";"1";"94";"1";"1";"2";2;48;2
"27040";"202100027040";7;"01:00";"3";"77";"1";"1";"1";6;48;2
"27041";"202100027041";7;"23:15";"3";"77";"1";"1";"1";6;48;2
"27042";"202100027042";7;"00:10";"1";"94";"1";"1";"1";6;48;2
"27043";"202100027043";7;"00:00";"5";"93";"2";"1";"1";6;48;2
"27044";"202100027044";3;"11:45";"1";"90";"1";"6";"1";3;47;6
"27045";"202100027045";7;"20:45";"5";"987";"2";"1";"1";7;-17;-149
"27046";"202100027046";7;"19:50";"5";"974";"2";"3";"1";3;-20;55
"27047";"202100027047";7;"22:50";"3";"974";"1";"1";"1";3;-20;55
"27048";"202100027048";7;"20:45";"5";"69";"2";"1";"1";6;45;4
"27049";"202100027049";7;"17:45";"1";"69";"1";"1";"1";4;45;4
"27050";"202100027050";7;"16:15";"1";"69";"2";"1";"1";6;45;4
"27051";"202100027051";7;"01:35";"5";"69";"2";"2";"1";3;45;4
"27052";"202100027052";7;"06:50";"1";"972";"2";"1";"2";7;14;-60
"27053";"202100027053";7;"13:20";"1";"95";"2";"2";"1";2;48;2
"27054";"202100027054";7;"17:54";"1";"95";"2";"2";"3";2;48;2
"27055";"202100027055";7;"15:30";"1";"88";"2";"1";"3";5;48;6
"27056";"202100027056";7;"23:21";"5";"83";"2";"1";"1";6;43;5
"27057";"202100027057";7;"12:55";"1";"83";"2";"1";"1";3;43;5
"27058";"202100027058";7;"16:45";"1";"77";"2";"1";"1";6;48;2
"27059";"202100027059";7;"03:25";"3";"77";"1";"1";"2";7;48;2
"27060";"202100027060";7;"00:27";"5";"73";"2";"1";"1";3;45;5
"27061";"202100027061";7;"11:42";"1";"65";"2";"3";"1";1;43;0
"27062";"202100027062";7;"10:11";"1";"65";"2";"6";"1";7;43;0
"27063";"202100027063";7;"03:40";"5";"59";"2";"2";"3";3;50;3
"27064";"202100027064";7;"12:50";"1";"45";"2";"9";"3";2;48;2
"27065";"202100027065";7;"00:10";"3";"35";"1";"6";"1";6;48;-1
"27066";"202100027066";7;"19:30";"1";"33";"2";"1";"1";6;44;-1
"27067";"202100027067";7;"07:10";"1";"33";"1";"1";"1";6;44;-1
"27068";"202100027068";7;"09:00";"1";"33";"2";"6";"1";3;44;-1
"27069";"202100027069";7;"19:10";"1";"29";"2";"1";"1";2;47;-4
"27070";"202100027070";7;"19:50";"1";"29";"1";"1";"1";6;47;-4
"27071";"202100027071";7;"10:50";"1";"27";"2";"9";"1";6;49;1
"27072";"202100027072";7;"07:40";"1";"22";"2";"3";"9";3;48;-2
"27073";"202100027073";7;"16:00";"1";"22";"1";"6";"3";7;48;-2
"27074";"202100027074";7;"18:20";"1";"22";"2";"1";"1";2;48;-2
"27075";"202100027075";7;"15:09";"1";"18";"2";"4";"1";3;47;2
"27076";"202100027076";7;"20:50";"2";"13";"2";"1";"1";6;43;5
"27077";"202100027077";7;"11:00";"1";"13";"2";"9";"1";3;43;5
"27078";"202100027078";7;"15:50";"1";"13";"2";"1";"1";2;43;5
"27079";"202100027079";7;"08:15";"1";"13";"2";"9";"1";3;43;5
"27080";"202100027080";7;"11:45";"1";"13";"1";"1";"1";1;43;5
"27081";"202100027081";7;"15:45";"1";"75";"2";"1";"1";4;48;2
"27082";"202100027082";7;"14:18";"1";"75";"2";"1";"1";2;48;2
"27083";"202100027083";7;"09:30";"1";"75";"2";"1";"1";3;48;2
"27084";"202100027084";7;"18:15";"1";"75";"2";"1";"1";2;48;2
"27085";"202100027085";7;"19:25";"1";"75";"2";"2";"1";3;48;2
"27086";"202100027086";7;"13:00";"1";"75";"2";"7";"2";3;48;2
"27087";"202100027087";7;"11:10";"1";"75";"2";"4";"2";6;48;2
"27088";"202100027088";7;"14:00";"1";"75";"2";"3";"1";3;48;2
"27089";"202100027089";7;"00:40";"5";"75";"2";"1";"1";4;48;2
"27090";"202100027090";7;"14:00";"1";"75";"2";"2";"2";7;48;2
"27091";"202100027091";7;"12:43";"1";"75";"2";"7";"1";3;48;2
"27092";"202100027092";7;"05:16";"5";"75";"2";"4";"3";4;48;2
"27093";"202100027093";7;"11:05";"1";"93";"2";"1";"2";2;48;2
"27094";"202100027094";7;"16:00";"1";"93";"2";"1";"2";3;48;2
"27095";"202100027095";7;"20:00";"1";"93";"2";"1";"1";3;48;2
"27096";"202100027096";7;"18:00";"1";"92";"2";"3";"1";2;48;2
"27097";"202100027097";7;"09:35";"1";"11";"1";"1";"1";2;43;2
"27098";"202100027098";7;"08:30";"2";"45";"1";"1";"1";6;47;2
"27099";"202100027099";7;"15:20";"1";"31";"1";"2";"1";5;43;1
"27100";"202100027100";7;"19:00";"5";"972";"2";"1";"1";6;14;-61
"27101";"202100027101";7;"07:30";"1";"26";"1";"1";"1";2;44;4
"27102";"202100027102";7;"15:45";"1";"42";"1";"1";"1";1;45;4
"27103";"202100027103";7;"20:40";"1";"60";"2";"1";"1";7;49;2
"27104";"202100027104";7;"16:30";"1";"50";"1";"1";"1";2;48;-1
"27105";"202100027105";7;"09:21";"1";"77";"1";"9";"2";3;48;3
"27106";"202100027106";7;"15:20";"1";"66";"1";"1";"1";6;42;2
"27107";"202100027107";7;"16:55";"1";"27";"1";"1";"2";7;49;0
"27108";"202100027108";7;"14:35";"1";"51";"1";"1";"2";6;49;4
"27109";"202100027109";7;"09:25";"1";"51";"1";"3";"1";3;49;4
"27110";"202100027110";7;"19:30";"1";"74";"2";"1";"1";6;45;6
"27111";"202100027111";7;"23:00";"3";"41";"1";"1";"1";2;47;1
"27112";"202100027112";7;"04:30";"3";"63";"2";"1";"8";1;45;3
"27113";"202100027113";7;"11:20";"1";"41";"2";"7";"1";6;47;1
"27114";"202100027114";7;"19:00";"1";"39";"2";"3";"7";3;47;5
"27115";"202100027115";7;"18:39";"1";"25";"2";"2";"1";3;47;5
"27116";"202100027116";7;"17:15";"1";"44";"1";"5";"2";7;47;-1
"27117";"202100027117";7;"17:05";"1";"29";"1";"3";"1";1;48;-3
"27118";"202100027118";7;"17:20";"1";"29";"1";"1";"1";1;48;-3
"27119";"202100027119";7;"11:50";"1";"38";"1";"1";"1";7;45;5
"27120";"202100027120";7;"14:00";"3";"38";"1";"1";"2";7;45;5
"27121";"202100027121";7;"17:30";"1";"02";"1";"1";"1";7;49;3
"27122";"202100027122";7;"09:30";"1";"03";"1";"2";"1";5;46;3
"27123";"202100027123";7;"17:00";"1";"58";"2";"1";"1";3;46;3
"27124";"202100027124";7;"10:15";"1";"54";"1";"3";"1";3;48;6
"27125";"202100027125";5;"14:50";"1";"72";"2";"4";"1";1;47;0
"27126";"202100027126";6;"09:30";"1";"06";"1";"1";"1";4;43;6
"27127";"202100027127";6;"17:10";"1";"14";"1";"1";"1";6;49;0
"27128";"202100027128";7;"21:05";"3";"05";"1";"1";"1";3;44;6
"27129";"202100027129";7;"17:40";"1";"05";"1";"1";"1";1;44;6
"27130";"202100027130";7;"19:30";"1";"05";"1";"4";"1";7;44;6
"27131";"202100027131";7;"13:45";"1";"90";"1";"1";"1";6;47;6
"27132";"202100027132";7;"18:15";"1";"90";"2";"1";"7";1;47;7
"27133";"202100027133";7;"12:10";"1";"60";"1";"1";"2";6;49;3
"27134";"202100027134";7;"16:28";"1";"60";"1";"2";"8";3;49;2
"27135";"202100027135";7;"14:45";"1";"64";"1";"1";"1";7;43;-1
"27136";"202100027136";7;"22:35";"3";"64";"1";"1";"1";7;43;-1
"27137";"202100027137";7;"09:15";"1";"73";"2";"1";"1";3;45;6
"27138";"202100027138";7;"20:15";"1";"36";"2";"4";"1";6;46;1
"27139";"202100027139";7;"10:50";"1";"85";"1";"1";"1";2;46;-2
"27140";"202100027140";7;"19:45";"1";"27";"2";"1";"1";1;49;0
"27141";"202100027141";7;"19:30";"2";"28";"1";"1";"2";7;48;1
"27142";"202100027142";7;"09:30";"1";"88";"2";"1";"1";6;48;6
"27143";"202100027143";7;"11:45";"1";"40";"1";"1";"1";7;43;-1
"27144";"202100027144";7;"23:35";"3";"18";"1";"4";"1";6;47;2
"27145";"202100027145";7;"17:45";"1";"91";"1";"1";"1";2;48;2
"27146";"202100027146";7;"19:55";"3";"987";"1";"1";"1";6;-16;-151
"27147";"202100027147";7;"06:20";"2";"987";"1";"1";"1";1;-17;-149
"27148";"202100027148";7;"19:30";"5";"971";"2";"1";"2";6;16;-61
"27149";"202100027149";7;"11:30";"1";"971";"2";"1";"1";6;16;-61
"27150";"202100027150";7;"17:52";"2";"971";"1";"1";"1";7;16;-61
"27151";"202100027151";7;"12:35";"1";"28";"1";"1";"1";7;48;1
"27152";"202100027152";7;"14:00";"1";"45";"1";"1";"8";1;47;2
"27153";"202100027153";7;"17:00";"1";"2B";"1";"1";"1";7;42;9
"27154";"202100027154";7;"07:55";"1";"66";"1";"1";"1";6;42;2
"27155";"202100027155";7;"04:15";"3";"66";"1";"1";"1";6;42;3
"27156";"202100027156";7;"11:45";"1";"66";"1";"1";"1";2;42;3
"27157";"202100027157";7;"13:30";"1";"69";"1";"3";"1";3;46;4
"27158";"202100027158";7;"21:45";"2";"26";"1";"1";"1";6;45;4
"27159";"202100027159";7;"01:35";"3";"09";"1";"1";"1";6;43;1
"27160";"202100027160";7;"14:15";"1";"33";"2";"6";"1";6;44;0
"27161";"202100027161";7;"15:25";"1";"22";"1";"2";"1";3;48;-2
"27162";"202100027162";7;"18:20";"1";"27";"1";"1";"1";6;49;1
"27163";"202100027163";7;"17:20";"1";"60";"1";"1";"2";4;49;2
"27164";"202100027164";7;"20:00";"1";"59";"1";"1";"1";2;50;3
"27165";"202100027165";7;"07:15";"1";"59";"1";"1";"2";1;50;2
"27166";"202100027166";7;"19:55";"1";"13";"1";"1";"1";1;43;5
"27167";"202100027167";7;"14:00";"1";"13";"1";"1";"1";3;43;5
"27168";"202100027168";7;"12:00";"1";"13";"1";"1";"1";4;43;5
"27169";"202100027169";7;"22:45";"3";"13";"1";"1";"1";2;43;5
"27170";"202100027170";7;"16:45";"1";"94";"1";"1";"8";6;48;2
"27171";"202100027171";7;"15:45";"1";"91";"1";"1";"1";1;48;2
"27172";"202100027172";7;"15:15";"1";"91";"1";"1";"2";2;48;2
"27173";"202100027173";7;"11:00";"1";"91";"1";"1";"3";6;48;2
"27174";"202100027174";7;"09:40";"1";"91";"1";"1";"8";3;48;2
"27175";"202100027175";7;"17:15";"1";"95";"1";"1";"2";4;48;2
"27176";"202100027176";7;"15:00";"1";"95";"1";"1";"2";6;48;2
"27177";"202100027177";7;"12:15";"1";"93";"1";"1";"1";2;48;2
"27178";"202100027178";7;"11:10";"1";"95";"1";"1";"1";7;48;2
"27179";"202100027179";7;"23:00";"3";"95";"1";"1";"1";6;49;2
"27180";"202100027180";7;"19:20";"1";"77";"1";"1";"2";6;48;2
"27181";"202100027181";7;"15:00";"1";"77";"1";"1";"1";3;48;2
"27182";"202100027182";7;"21:00";"1";"77";"1";"1";"1";7;48;2
"27183";"202100027183";7;"19:00";"1";"35";"2";"9";"2";6;48;-1
"27184";"202100027184";7;"14:50";"1";"988";"2";"2";"1";6;-22;166
"27185";"202100027185";7;"19:43";"1";"49";"2";"1";"1";6;47;0
"27186";"202100027186";7;"16:30";"1";"974";"2";"1";"1";7;-21;55
"27187";"202100027187";7;"13:20";"1";"974";"2";"9";"1";3;-20;55
"27188";"202100027188";7;"18:50";"5";"974";"2";"1";"1";2;-20;55
"27189";"202100027189";7;"12:30";"1";"974";"1";"1";"1";2;-20;55
"27190";"202100027190";7;"17:00";"1";"69";"2";"2";"1";3;45;4
"27191";"202100027191";7;"17:30";"1";"69";"2";"2";"1";3;45;4
"27192";"202100027192";7;"16:30";"1";"69";"2";"9";"2";3;45;4
"27193";"202100027193";7;"06:05";"2";"69";"2";"1";"2";3;45;4
"27194";"202100027194";7;"22:05";"5";"69";"2";"2";"1";7;45;4
"27195";"202100027195";7;"19:12";"1";"95";"2";"1";"1";6;49;2
"27196";"202100027196";7;"19:35";"1";"95";"2";"1";"1";6;48;2
"27197";"202100027197";7;"20:35";"1";"78";"2";"9";"1";3;48;1
"27198";"202100027198";7;"13:15";"1";"69";"2";"1";"1";1;45;4
"27199";"202100027199";7;"11:30";"1";"69";"2";"1";"1";7;45;4
"27200";"202100027200";7;"11:15";"1";"62";"2";"9";"1";1;50;2
"27201";"202100027201";7;"02:50";"5";"62";"2";"1";"1";6;50;2
"27202";"202100027202";7;"08:45";"1";"49";"2";"1";"1";3;47;0
"27203";"202100027203";7;"07:43";"1";"48";"2";"9";"1";3;44;3
"27204";"202100027204";7;"18:40";"1";"48";"2";"1";"1";5;44;3
"27205";"202100027205";7;"15:00";"1";"45";"2";"1";"1";1;48;2
"27206";"202100027206";7;"19:20";"1";"35";"2";"2";"2";3;48;-1
"27207";"202100027207";7;"15:55";"1";"35";"2";"1";"2";7;48;-1
"27208";"202100027208";7;"16:10";"1";"35";"2";"6";"2";6;48;-1
"27209";"202100027209";7;"21:10";"5";"33";"2";"9";"1";3;44;0
"27210";"202100027210";7;"02:15";"3";"33";"1";"6";"1";6;44;-1
"27211";"202100027211";7;"23:50";"5";"31";"2";"1";"1";3;43;1
"27212";"202100027212";7;"08:30";"1";"31";"2";"1";"1";3;43;1
"27213";"202100027213";7;"23:36";"3";"29";"2";"1";"1";6;47;-4
"27214";"202100027214";7;"13:18";"1";"27";"2";"1";"1";7;49;1
"27215";"202100027215";7;"08:30";"1";"15";"2";"1";"8";3;44;2
"27216";"202100027216";7;"17:25";"1";"14";"2";"1";"1";6;49;0
"27217";"202100027217";7;"02:15";"5";"14";"2";"3";"1";1;49;0
"27218";"202100027218";7;"08:40";"1";"14";"2";"1";"1";6;49;0
"27219";"202100027219";7;"11:15";"1";"13";"2";"1";"1";1;43;5
"27220";"202100027220";7;"12:20";"1";"11";"1";"1";"1";3;43;2
"27221";"202100027221";7;"06:26";"1";"10";"2";"1";"2";6;48;4
"27222";"202100027222";7;"09:55";"1";"06";"2";"1";"1";1;43;6
"27223";"202100027223";7;"15:08";"1";"75";"2";"1";"1";6;48;2
"27224";"202100027224";7;"07:11";"2";"75";"2";"7";"1";7;48;2
"27225";"202100027225";7;"16:34";"1";"75";"2";"1";"1";3;48;2
"27226";"202100027226";7;"00:30";"5";"75";"2";"2";"1";3;48;2
"27227";"202100027227";7;"20:40";"1";"75";"2";"3";"1";3;48;2
"27228";"202100027228";7;"20:10";"1";"75";"2";"2";"2";3;48;2
"27229";"202100027229";7;"20:15";"1";"75";"2";"3";"1";2;48;2
"27230";"202100027230";7;"16:30";"1";"75";"2";"2";"1";6;48;2
"27231";"202100027231";7;"12:15";"1";"94";"2";"2";"1";3;48;2
"27232";"202100027232";7;"14:20";"1";"94";"2";"1";"1";3;48;2
"27233";"202100027233";7;"14:45";"1";"94";"2";"1";"1";2;48;2
"27234";"202100027234";7;"11:00";"1";"94";"2";"1";"1";2;48;2
"27235";"202100027235";7;"19:15";"1";"94";"2";"1";"8";3;48;2
"27236";"202100027236";7;"17:20";"1";"94";"2";"3";"1";3;48;2
"27237";"202100027237";7;"09:55";"1";"93";"2";"1";"1";3;48;2
"27238";"202100027238";7;"07:25";"1";"93";"2";"2";"1";3;48;2
"27239";"202100027239";7;"23:10";"5";"92";"2";"1";"1";6;48;2
"27240";"202100027240";7;"19:54";"1";"92";"2";"1";"2";3;48;2
"27241";"202100027241";7;"02:49";"5";"92";"2";"1";"1";6;48;2
"27242";"202100027242";7;"20:45";"1";"92";"2";"2";"1";3;48;2
"27243";"202100027243";7;"02:48";"5";"92";"2";"1";"1";6;48;2
"27244";"202100027244";7;"18:45";"1";"44";"2";"3";"1";3;47;-1
"27245";"202100027245";7;"09:00";"1";"95";"1";"1";"8";2;49;2
"27246";"202100027246";7;"11:15";"1";"11";"1";"1";"1";4;43;2
"27247";"202100027247";7;"16:10";"1";"06";"1";"1";"1";3;43;7
"27248";"202100027248";7;"21:45";"2";"76";"2";"1";"8";6;49;1
"27249";"202100027249";7;"09:20";"1";"83";"1";"6";"1";6;43;6
"27250";"202100027250";7;"08:45";"1";"01";"1";"2";"2";3;46;6
"27251";"202100027251";7;"15:30";"1";"76";"1";"1";"1";7;49;1
"27252";"202100027252";7;"20:30";"1";"91";"2";"1";"2";7;48;2
"27253";"202100027253";7;"21:45";"3";"62";"2";"1";"3";7;50;1
"27254";"202100027254";7;"07:30";"1";"60";"1";"1";"2";7;49;2
"27255";"202100027255";7;"18:15";"1";"72";"2";"9";"1";6;47;0
"27256";"202100027256";7;"20:30";"2";"57";"2";"1";"1";6;48;7
"27257";"202100027257";7;"22:15";"3";"62";"1";"1";"2";5;50;1
"27258";"202100027258";7;"15:10";"1";"51";"2";"5";"1";3;48;3
"27259";"202100027259";7;"08:00";"1";"31";"2";"6";"1";6;43;1
"27260";"202100027260";7;"18:00";"1";"71";"1";"1";"1";7;46;5
"27261";"202100027261";7;"14:30";"1";"71";"1";"2";"8";7;46;3
"27262";"202100027262";7;"18:00";"1";"89";"1";"1";"1";7;48;3
"27263";"202100027263";7;"01:45";"3";"89";"1";"1";"1";7;47;3
"27264";"202100027264";7;"18:10";"1";"12";"1";"1";"1";3;44;2
"27265";"202100027265";7;"05:00";"3";"39";"1";"1";"3";6;46;5
"27266";"202100027266";7;"18:30";"1";"39";"1";"1";"1";7;47;5
"27267";"202100027267";7;"18:30";"1";"44";"1";"9";"3";1;47;-1
"27268";"202100027268";7;"07:15";"1";"29";"1";"1";"1";6;47;-3
"27269";"202100027269";7;"18:40";"1";"29";"1";"1";"1";1;47;-4
"27270";"202100027270";7;"18:45";"1";"15";"2";"3";"7";2;45;2
"27271";"202100027271";7;"12:15";"1";"15";"1";"1";"2";3;45;2
"27272";"202100027272";7;"18:30";"1";"15";"1";"1";"1";7;45;2
"27273";"202100027273";7;"09:40";"1";"26";"1";"1";"1";5;44;5
"27274";"202100027274";7;"06:30";"2";"06";"1";"1";"1";3;43;7
"27275";"202100027275";7;"17:40";"1";"45";"1";"1";"1";6;47;2
"27276";"202100027276";7;"18:00";"1";"45";"1";"1";"1";6;48;2
"27277";"202100027277";7;"15:50";"1";"73";"2";"1";"1";6;45;6
"27278";"202100027278";7;"08:30";"1";"18";"1";"1";"8";6;47;2
"27279";"202100027279";7;"02:27";"3";"16";"1";"1";"2";6;45;0
"27280";"202100027280";7;"17:15";"1";"07";"1";"1";"1";1;44;4
"27281";"202100027281";7;"15:55";"1";"07";"1";"1";"1";7;44;4
"27282";"202100027282";7;"15:00";"1";"04";"1";"1";"1";6;43;6
"27283";"202100027283";7;"11:45";"1";"27";"1";"9";"2";6;49;0
"27284";"202100027284";7;"16:19";"1";"48";"1";"1";"1";4;44;3
"27285";"202100027285";7;"16:40";"1";"24";"1";"1";"1";7;44;1
"27286";"202100027286";7;"21:00";"5";"69";"2";"2";"1";3;45;4
"27287";"202100027287";7;"15:00";"1";"31";"1";"1";"1";6;43;1
"27288";"202100027288";7;"11:50";"1";"01";"1";"6";"1";7;45;5
"27289";"202100027289";7;"14:55";"1";"974";"1";"1";"1";7;-21;55
"27290";"202100027290";7;"23:10";"3";"973";"1";"1";"1";1;5;-53
"27291";"202100027291";7;"17:25";"1";"37";"2";"6";"1";2;47;0
"27292";"202100027292";7;"19:30";"1";"37";"1";"1";"8";6;47;1
"27293";"202100027293";7;"21:20";"2";"77";"1";"2";"1";3;48;2
"27294";"202100027294";7;"23:00";"3";"11";"1";"1";"1";1;43;2
"27295";"202100027295";7;"10:30";"1";"13";"1";"1";"1";1;43;5
"27296";"202100027296";7;"18:45";"1";"67";"1";"6";"1";3;48;7
"27297";"202100027297";7;"16:15";"1";"38";"2";"1";"1";6;45;5
"27298";"202100027298";7;"11:30";"1";"38";"2";"1";"1";7;45;5
"27299";"202100027299";7;"18:00";"1";"69";"2";"1";"1";2;45;4
"27300";"202100027300";7;"05:05";"3";"81";"2";"3";"1";6;43;1
"27301";"202100027301";7;"14:49";"1";"09";"1";"1";"2";6;43;1
"27302";"202100027302";7;"17:10";"1";"22";"2";"1";"1";3;48;-2
"27303";"202100027303";7;"13:41";"1";"35";"2";"1";"1";7;47;-1
"27304";"202100027304";7;"14:00";"1";"27";"1";"1";"1";1;49;1
"27305";"202100027305";7;"17:30";"1";"13";"1";"1";"1";2;43;5
"27306";"202100027306";7;"14:43";"1";"13";"1";"1";"1";7;43;5
"27307";"202100027307";7;"00:40";"3";"13";"1";"1";"1";2;43;5
"27308";"202100027308";7;"23:20";"5";"69";"2";"1";"1";3;45;4
"27309";"202100027309";7;"08:15";"1";"67";"1";"1";"1";5;48;7
"27310";"202100027310";7;"17:35";"1";"91";"1";"1";"1";6;48;2
"27311";"202100027311";7;"02:00";"4";"91";"1";"1";"1";4;48;2
"27312";"202100027312";7;"10:00";"1";"95";"1";"1";"1";2;49;2
"27313";"202100027313";7;"01:00";"3";"95";"1";"1";"1";2;48;2
"27314";"202100027314";7;"21:50";"5";"93";"1";"1";"1";2;48;2
"27315";"202100027315";7;"21:10";"1";"93";"1";"1";"1";5;48;2
"27316";"202100027316";7;"14:40";"1";"93";"2";"1";"7";6;48;2
"27317";"202100027317";7;"14:15";"1";"974";"2";"3";"1";3;-20;55
"27318";"202100027318";7;"09:50";"1";"974";"2";"1";"1";6;-20;55