"";"Num_Acc";"mois";"hrmn";"lum";"dep";"agg";"int";"atm";"col";"lat";"long"
"27319";"202100027319";7;"15:40";"1";"974";"2";"3";"1";3;-20;55
"27320";"202100027320";7;"11:00";"1";"974";"2";"1";"1";5;-20;55
"27321";"202100027321";7;"11:10";"1";"973";"2";"1";"1";3;4;-52
"27322";"202100027322";7;"23:45";"5";"69";"2";"2";"1";3;45;4
"27323";"202100027323";7;"11:45";"1";"69";"2";"2";"1";3;45;4
"27324";"202100027324";7;"11:45";"1";"69";"2";"1";"1";6;45;4
"27325";"202100027325";7;"19:55";"1";"69";"2";"1";"1";1;45;4
"27326";"202100027326";7;"08:23";"1";"69";"2";"1";"1";3;45;4
"27327";"202100027327";7;"13:35";"1";"971";"1";"1";"1";5;16;-61
"27328";"202100027328";7;"16:35";"1";"2A";"2";"1";"1";1;41;8
"27329";"202100027329";7;"15:30";"1";"91";"2";"1";"1";6;48;2
"27330";"202100027330";7;"22:20";"5";"91";"2";"1";"1";3;48;2
"27331";"202100027331";7;"09:40";"1";"91";"2";"6";"1";1;48;2
"27332";"202100027332";7;"18:45";"1";"91";"2";"1";"1";1;48;2
"27333";"202100027333";7;"18:35";"1";"91";"2";"1";"1";6;48;2
"27334";"202100027334";7;"22:25";"5";"83";"2";"1";"1";6;43;5
"27335";"202100027335";7;"18:45";"1";"83";"2";"1";"1";6;43;5
"27336";"202100027336";7;"09:40";"1";"83";"1";"1";"1";4;43;6
"27337";"202100027337";7;"08:43";"1";"83";"2";"2";"1";2;43;6
"27338";"202100027338";7;"22:10";"5";"83";"2";"1";"1";3;43;6
"27339";"202100027339";7;"07:25";"1";"83";"1";"1";"1";1;43;6
"27340";"202100027340";7;"11:20";"1";"81";"2";"3";"1";3;43;2
"27341";"202100027341";7;"12:30";"1";"81";"1";"1";"1";1;43;2
"27342";"202100027342";7;"12:10";"1";"78";"2";"3";"1";3;48;1
"27343";"202100027343";7;"11:40";"1";"76";"2";"1";"1";7;49;0
"27344";"202100027344";7;"00:25";"5";"72";"2";"1";"1";6;48;0
"27345";"202100027345";7;"17:20";"1";"72";"2";"1";"1";3;48;0
"27346";"202100027346";7;"21:00";"5";"71";"2";"2";"1";3;46;4
"27347";"202100027347";7;"11:50";"1";"67";"2";"3";"1";3;48;7
"27348";"202100027348";7;"01:10";"5";"67";"2";"3";"1";3;48;7
"27349";"202100027349";7;"10:45";"1";"64";"2";"6";"1";3;43;-1
"27350";"202100027350";7;"20:20";"1";"60";"2";"1";"1";6;49;2
"27351";"202100027351";7;"14:15";"1";"59";"2";"3";"1";3;50;3
"27352";"202100027352";7;"13:35";"1";"56";"2";"1";"1";7;47;-3
"27353";"202100027353";7;"15:30";"1";"54";"2";"6";"1";2;48;6
"27354";"202100027354";7;"18:35";"1";"54";"2";"2";"1";3;48;6
"27355";"202100027355";7;"16:50";"1";"54";"2";"1";"1";2;48;6
"27356";"202100027356";7;"09:05";"1";"50";"2";"1";"1";2;49;-1
"27357";"202100027357";7;"10:46";"1";"49";"2";"6";"1";2;47;0
"27358";"202100027358";7;"22:15";"2";"44";"2";"2";"1";3;47;-2
"27359";"202100027359";7;"22:40";"5";"44";"2";"1";"1";2;47;-1
"27360";"202100027360";7;"16:45";"1";"35";"2";"3";"1";2;48;-1
"27361";"202100027361";7;"08:25";"1";"35";"2";"1";"1";6;48;-1
"27362";"202100027362";7;"04:30";"3";"35";"1";"1";"1";6;48;-1
"27363";"202100027363";7;"18:10";"1";"35";"1";"7";"1";3;48;-1
"27364";"202100027364";7;"17:45";"1";"33";"2";"3";"1";3;44;0
"27365";"202100027365";7;"13:15";"1";"33";"2";"2";"1";3;44;0
"27366";"202100027366";7;"07:50";"1";"31";"2";"9";"1";2;43;1
"27367";"202100027367";7;"22:00";"5";"30";"2";"1";"1";3;44;4
"27368";"202100027368";7;"22:40";"5";"25";"2";"1";"1";3;47;6
"27369";"202100027369";7;"14:00";"1";"19";"1";"1";"1";1;45;1
"27370";"202100027370";7;"16:57";"1";"15";"2";"1";"1";4;44;2
"27371";"202100027371";2;"10:00";"1";"13";"2";"1";"1";6;43;4
"27372";"202100027372";7;"14:00";"1";"13";"2";"2";"1";1;43;5
"27373";"202100027373";7;"22:50";"5";"13";"2";"1";"1";6;43;5
"27374";"202100027374";7;"19:10";"1";"13";"2";"1";"1";5;43;5
"27375";"202100027375";7;"13:04";"1";"10";"2";"1";"7";6;48;4
"27376";"202100027376";7;"16:00";"1";"06";"2";"9";"1";6;43;7
"27377";"202100027377";7;"08:00";"1";"06";"2";"1";"1";1;43;6
"27378";"202100027378";7;"14:00";"1";"05";"2";"1";"1";3;44;6
"27379";"202100027379";7;"12:10";"1";"75";"2";"1";"1";2;48;2
"27380";"202100027380";7;"09:30";"1";"75";"2";"1";"1";3;48;2
"27381";"202100027381";7;"22:00";"5";"75";"2";"1";"1";3;48;2
"27382";"202100027382";7;"22:42";"5";"75";"2";"2";"1";3;48;2
"27383";"202100027383";7;"19:50";"1";"75";"2";"1";"1";6;48;2
"27384";"202100027384";7;"16:05";"1";"75";"2";"1";"1";6;48;2
"27385";"202100027385";7;"19:50";"1";"75";"2";"2";"1";5;48;2
"27386";"202100027386";7;"12:35";"1";"75";"2";"4";"1";3;48;2
"27387";"202100027387";7;"20:00";"1";"75";"2";"3";"1";3;48;2
"27388";"202100027388";7;"17:40";"1";"75";"2";"2";"1";3;48;2
"27389";"202100027389";7;"20:45";"1";"75";"2";"1";"1";2;48;2
"27390";"202100027390";7;"02:45";"5";"75";"2";"3";"1";6;48;2
"27391";"202100027391";7;"12:30";"1";"94";"2";"3";"1";3;48;2
"27392";"202100027392";7;"17:40";"1";"94";"2";"3";"1";3;48;2
"27393";"202100027393";7;"16:15";"1";"94";"2";"2";"1";3;48;2
"27394";"202100027394";7;"02:15";"5";"94";"2";"2";"1";3;48;2
"27395";"202100027395";7;"08:45";"1";"94";"2";"9";"1";3;48;2
"27396";"202100027396";7;"02:20";"5";"94";"2";"2";"1";3;48;2
"27397";"202100027397";7;"17:25";"1";"94";"2";"2";"1";3;48;2
"27398";"202100027398";7;"17:05";"1";"94";"2";"1";"1";3;48;2
"27399";"202100027399";7;"19:25";"1";"94";"2";"9";"1";3;48;2
"27400";"202100027400";7;"00:25";"5";"94";"2";"1";"1";6;48;2
"27401";"202100027401";7;"18:40";"1";"93";"1";"1";"1";1;49;2
"27402";"202100027402";7;"08:30";"1";"93";"1";"9";"1";2;49;2
"27403";"202100027403";7;"09:45";"1";"93";"2";"2";"1";1;48;2
"27404";"202100027404";7;"17:00";"1";"92";"2";"2";"1";6;48;2
"27405";"202100027405";7;"08:15";"1";"92";"2";"1";"1";3;48;2
"27406";"202100027406";7;"13:30";"1";"92";"2";"1";"1";1;48;2
"27407";"202100027407";7;"04:05";"5";"92";"2";"1";"1";6;48;2
"27408";"202100027408";7;"08:20";"1";"92";"2";"1";"1";3;48;2
"27409";"202100027409";7;"13:10";"1";"11";"1";"1";"1";7;43;2
"27410";"202100027410";7;"19:45";"1";"60";"2";"1";"1";6;49;2
"27411";"202100027411";7;"12:20";"1";"973";"1";"1";"1";7;3;-54
"27412";"202100027412";7;"10:00";"1";"06";"1";"1";"1";3;43;7
"27413";"202100027413";7;"11:30";"1";"21";"1";"1";"3";4;47;4
"27414";"202100027414";7;"17:45";"1";"62";"2";"3";"1";3;50;2
"27415";"202100027415";7;"14:10";"1";"51";"1";"9";"1";3;48;4
"27416";"202100027416";7;"12:50";"1";"56";"1";"1";"2";1;47;-2
"27417";"202100027417";7;"11:25";"1";"79";"1";"1";"2";6;46;0
"27418";"202100027418";7;"00:45";"3";"82";"1";"1";"1";6;44;1
"27419";"202100027419";7;"14:05";"1";"81";"1";"1";"1";6;43;2
"27420";"202100027420";7;"02:30";"3";"32";"2";"1";"1";6;43;0
"27421";"202100027421";7;"11:00";"1";"76";"2";"1";"1";6;50;1
"27422";"202100027422";7;"05:40";"2";"61";"1";"1";"1";6;48;0
"27423";"202100027423";7;"23:15";"3";"61";"1";"1";"1";1;48;0
"27424";"202100027424";7;"18:40";"1";"42";"1";"9";"1";1;45;4
"27425";"202100027425";7;"09:30";"1";"42";"2";"4";"1";6;45;4
"27426";"202100027426";7;"02:40";"3";"46";"1";"1";"1";6;44;1
"27427";"202100027427";7;"17:45";"1";"41";"1";"6";"1";6;47;0
"27428";"202100027428";7;"19:30";"1";"34";"1";"1";"1";6;43;3
"27429";"202100027429";7;"17:55";"1";"68";"2";"1";"1";2;47;7
"27430";"202100027430";7;"08:12";"1";"29";"1";"2";"1";3;48;-4
"27431";"202100027431";7;"12:10";"1";"29";"2";"1";"8";1;48;-4
"27432";"202100027432";7;"11:15";"1";"31";"1";"1";"1";6;43;1
"27433";"202100027433";7;"23:15";"3";"03";"2";"1";"1";6;46;3
"27434";"202100027434";7;"02:00";"3";"26";"1";"1";"1";6;44;4
"27435";"202100027435";7;"23:15";"3";"26";"1";"1";"1";7;44;4
"27436";"202100027436";7;"16:20";"1";"72";"2";"9";"7";3;48;0
"27437";"202100027437";7;"16:30";"1";"72";"1";"9";"9";6;47;0
"27438";"202100027438";7;"19:55";"1";"14";"1";"4";"2";6;49;0
"27439";"202100027439";7;"20:40";"1";"64";"2";"1";"1";1;43;-1
"27440";"202100027440";7;"11:35";"1";"64";"1";"3";"1";3;43;-1
"27441";"202100027441";7;"02:00";"3";"43";"1";"1";"1";6;45;4
"27442";"202100027442";7;"03:25";"3";"10";"1";"1";"3";6;48;4
"27443";"202100027443";7;"00:15";"3";"07";"1";"1";"1";7;44;4
"27444";"202100027444";7;"18:57";"1";"40";"1";"2";"1";6;43;0
"27445";"202100027445";7;"08:00";"1";"24";"2";"1";"1";1;45;1
"27446";"202100027446";7;"12:35";"1";"04";"1";"1";"1";7;43;6
"27447";"202100027447";7;"15:55";"1";"04";"2";"3";"1";3;44;6
"27448";"202100027448";7;"00:15";"3";"85";"1";"1";"1";3;46;0
"27449";"202100027449";7;"16:00";"1";"27";"1";"2";"1";3;49;1
"27450";"202100027450";7;"02:00";"3";"27";"2";"2";"1";6;49;1
"27451";"202100027451";7;"14:30";"1";"27";"1";"2";"1";1;49;0
"27452";"202100027452";7;"16:30";"1";"52";"1";"9";"2";1;48;5
"27453";"202100027453";7;"05:50";"1";"13";"1";"1";"1";1;43;5
"27454";"202100027454";7;"09:40";"1";"13";"1";"2";"1";3;43;5
"27455";"202100027455";7;"22:23";"5";"973";"2";"1";"1";3;4;-52
"27456";"202100027456";7;"15:20";"1";"69";"1";"1";"1";2;45;5
"27457";"202100027457";7;"09:55";"1";"74";"2";"1";"1";6;46;6
"27458";"202100027458";7;"07:30";"1";"988";"1";"1";"1";7;-20;164
"27459";"202100027459";7;"16:25";"1";"29";"2";"1";"1";6;47;-3
"27460";"202100027460";7;"14:30";"1";"37";"1";"1";"1";1;47;0
"27461";"202100027461";7;"11:40";"1";"28";"1";"1";"7";7;48;1
"27462";"202100027462";7;"11:30";"1";"48";"1";"1";"1";6;44;3
"27463";"202100027463";7;"09:20";"1";"83";"2";"1";"1";1;43;5
"27464";"202100027464";7;"03:30";"5";"83";"1";"1";"1";6;43;6
"27465";"202100027465";7;"23:15";"5";"83";"1";"1";"1";1;43;6
"27466";"202100027466";7;"18:45";"1";"83";"1";"2";"1";3;43;6
"27467";"202100027467";7;"04:20";"3";"13";"1";"1";"1";5;43;5
"27468";"202100027468";7;"20:00";"1";"68";"1";"1";"1";7;47;7
"27469";"202100027469";7;"09:40";"1";"74";"1";"1";"1";3;45;6
"27470";"202100027470";6;"16:10";"1";"69";"2";"2";"1";3;45;4
"27471";"202100027471";7;"16:15";"1";"64";"1";"1";"1";6;43;0
"27472";"202100027472";7;"16:40";"1";"33";"2";"1";"1";3;44;0
"27473";"202100027473";7;"08:50";"1";"33";"1";"2";"8";3;44;0
"27474";"202100027474";7;"13:20";"1";"33";"1";"1";"1";3;44;0
"27475";"202100027475";7;"18:00";"1";"85";"1";"1";"2";4;46;0
"27476";"202100027476";7;"15:47";"1";"22";"2";"1";"1";1;48;-3
"27477";"202100027477";7;"18:10";"1";"13";"1";"1";"1";2;43;5
"27478";"202100027478";7;"17:54";"1";"13";"1";"1";"1";2;43;5
"27479";"202100027479";7;"03:45";"3";"54";"1";"1";"1";6;48;6
"27480";"202100027480";7;"19:20";"1";"33";"1";"1";"1";7;44;0
"27481";"202100027481";7;"12:15";"1";"33";"1";"1";"1";4;44;0
"27482";"202100027482";7;"18:05";"1";"59";"1";"1";"1";4;50;3
"27483";"202100027483";7;"21:35";"1";"94";"1";"1";"1";6;48;2
"27484";"202100027484";7;"18:30";"1";"91";"1";"1";"1";2;48;2
"27485";"202100027485";7;"17:10";"1";"92";"1";"1";"1";3;48;2
"27486";"202100027486";7;"04:35";"3";"91";"1";"1";"1";6;48;2
"27487";"202100027487";7;"01:25";"3";"94";"1";"9";"1";6;48;2
"27488";"202100027488";7;"12:40";"1";"75";"2";"3";"1";3;48;2
"27489";"202100027489";7;"18:20";"3";"974";"1";"1";"1";2;-21;55
"27490";"202100027490";7;"08:25";"1";"974";"2";"1";"1";3;-20;55
"27491";"202100027491";7;"17:30";"1";"973";"2";"9";"1";3;4;-52
"27492";"202100027492";7;"16:35";"1";"973";"2";"9";"1";3;4;-52
"27493";"202100027493";7;"22:00";"5";"973";"2";"1";"1";7;4;-52
"27494";"202100027494";7;"20:35";"2";"69";"2";"1";"1";1;45;4
"27495";"202100027495";7;"18:00";"1";"69";"2";"1";"1";6;45;4
"27496";"202100027496";7;"17:30";"1";"69";"2";"1";"1";6;45;4
"27497";"202100027497";7;"16:50";"1";"69";"2";"1";"1";4;45;4
"27498";"202100027498";7;"19:40";"1";"69";"2";"2";"1";3;45;4
"27499";"202100027499";7;"11:35";"1";"69";"2";"1";"1";6;45;4
"27500";"202100027500";7;"12:30";"1";"972";"2";"1";"1";2;14;-61
"27501";"202100027501";7;"07:40";"1";"971";"1";"1";"1";1;16;-61
"27502";"202100027502";7;"18:50";"1";"2A";"2";"1";"1";3;41;8
"27503";"202100027503";7;"18:50";"1";"95";"2";"3";"1";1;48;2
"27504";"202100027504";7;"23:30";"5";"91";"2";"1";"1";1;48;2
"27505";"202100027505";7;"17:00";"1";"91";"2";"1";"1";5;48;2
"27506";"202100027506";7;"19:53";"1";"87";"2";"1";"1";7;45;1
"27507";"202100027507";7;"18:23";"1";"87";"2";"1";"1";7;45;1
"27508";"202100027508";7;"10:20";"1";"86";"2";"3";"1";3;46;0
"27509";"202100027509";7;"23:40";"5";"84";"2";"1";"1";2;43;4
"27510";"202100027510";7;"08:50";"1";"83";"1";"3";"1";3;43;5
"27511";"202100027511";7;"14:27";"1";"83";"2";"1";"1";2;43;6
"27512";"202100027512";7;"01:35";"5";"78";"1";"1";"1";2;48;2
"27513";"202100027513";7;"21:00";"1";"77";"1";"3";"1";3;48;2
"27514";"202100027514";7;"09:53";"1";"76";"2";"1";"1";6;49;1
"27515";"202100027515";7;"08:40";"1";"74";"2";"3";"1";3;46;6
"27516";"202100027516";7;"13:45";"1";"71";"2";"3";"1";6;46;4
"27517";"202100027517";7;"17:45";"1";"69";"2";"1";"1";4;45;4
"27518";"202100027518";7;"21:30";"2";"67";"2";"3";"1";3;48;7
"27519";"202100027519";7;"11:02";"1";"67";"2";"8";"1";3;48;7
"27520";"202100027520";7;"17:20";"1";"67";"2";"3";"2";3;48;7
"27521";"202100027521";7;"16:20";"1";"67";"1";"6";"1";3;48;7
"27522";"202100027522";7;"18:04";"1";"66";"2";"1";"1";3;42;2
"27523";"202100027523";7;"14:00";"1";"64";"2";"1";"1";6;43;-1
"27524";"202100027524";7;"05:30";"5";"64";"2";"6";"2";7;43;-1
"27525";"202100027525";7;"16:15";"1";"64";"2";"2";"1";6;43;-1
"27526";"202100027526";7;"14:40";"1";"62";"2";"1";"1";6;50;2
"27527";"202100027527";7;"08:20";"1";"62";"2";"2";"1";6;50;1
"27528";"202100027528";7;"20:30";"1";"59";"2";"1";"1";6;50;2
"27529";"202100027529";7;"17:30";"1";"59";"2";"9";"1";1;50;3
"27530";"202100027530";7;"16:45";"1";"52";"2";"1";"1";1;48;5
"27531";"202100027531";7;"13:20";"1";"50";"2";"6";"1";3;49;-1
"27532";"202100027532";7;"17:22";"1";"49";"2";"3";"1";6;47;0
"27533";"202100027533";7;"15:04";"1";"49";"2";"3";"1";6;47;0
"27534";"202100027534";7;"20:25";"1";"47";"2";"1";"1";3;44;0
"27535";"202100027535";7;"17:17";"1";"44";"2";"3";"1";3;47;-1
"27536";"202100027536";7;"19:25";"1";"37";"2";"2";"1";3;47;0
"27537";"202100027537";7;"18:35";"1";"37";"2";"2";"1";6;47;0
"27538";"202100027538";7;"18:09";"1";"37";"2";"2";"1";3;47;0
"27539";"202100027539";7;"10:00";"1";"37";"2";"1";"1";6;47;0
"27540";"202100027540";7;"11:00";"1";"35";"2";"1";"1";3;48;-1
"27541";"202100027541";7;"09:35";"1";"35";"2";"2";"1";3;48;-1
"27542";"202100027542";7;"09:00";"1";"35";"2";"1";"1";6;48;-1
"27543";"202100027543";7;"00:35";"5";"34";"2";"6";"1";7;43;3
"27544";"202100027544";7;"17:00";"1";"33";"2";"2";"1";1;44;0
"27545";"202100027545";7;"14:45";"1";"33";"1";"1";"1";7;44;-1
"27546";"202100027546";7;"13:55";"1";"33";"2";"1";"1";3;44;-1
"27547";"202100027547";7;"07:35";"1";"31";"1";"1";"1";5;43;1
"27548";"202100027548";7;"08:10";"1";"29";"2";"4";"1";2;48;-4
"27549";"202100027549";7;"05:00";"2";"27";"2";"9";"1";3;49;1
"27550";"202100027550";7;"12:25";"1";"19";"2";"1";"1";6;45;1
"27551";"202100027551";7;"20:56";"1";"17";"1";"1";"1";3;46;-1
"27552";"202100027552";7;"13:15";"1";"15";"2";"1";"1";6;44;2
"27553";"202100027553";7;"22:00";"5";"13";"2";"1";"1";3;43;5
"27554";"202100027554";7;"09:15";"1";"13";"2";"1";"1";3;43;5
"27555";"202100027555";7;"08:50";"1";"11";"2";"1";"1";6;43;2
"27556";"202100027556";7;"16:20";"1";"11";"2";"1";"1";2;43;2
"27557";"202100027557";7;"19:35";"1";"10";"2";"2";"7";3;48;4
"27558";"202100027558";7;"10:50";"1";"02";"2";"1";"1";6;49;3
"27559";"202100027559";7;"06:45";"1";"75";"2";"1";"1";2;48;2
"27560";"202100027560";7;"18:00";"1";"75";"2";"1";"1";5;48;2
"27561";"202100027561";7;"01:59";"5";"75";"2";"3";"1";6;48;2
"27562";"202100027562";7;"09:30";"1";"75";"2";"7";"1";3;48;2
"27563";"202100027563";7;"02:20";"5";"75";"2";"1";"1";6;48;2
"27564";"202100027564";7;"16:45";"1";"75";"2";"2";"1";3;48;2
"27565";"202100027565";7;"15:43";"1";"75";"2";"1";"1";3;48;2
"27566";"202100027566";7;"21:35";"2";"75";"2";"1";"1";3;48;2
"27567";"202100027567";7;"01:30";"5";"75";"2";"2";"1";3;48;2
"27568";"202100027568";7;"16:45";"1";"75";"2";"2";"1";2;48;2
"27569";"202100027569";7;"16:00";"1";"75";"2";"2";"1";6;48;2
"27570";"202100027570";7;"06:45";"1";"75";"2";"1";"1";2;48;2
"27571";"202100027571";7;"23:15";"5";"75";"2";"2";"1";3;48;2
"27572";"202100027572";7;"06:00";"1";"75";"2";"2";"1";3;48;2
"27573";"202100027573";7;"14:05";"1";"75";"2";"1";"1";3;48;2
"27574";"202100027574";7;"13:55";"1";"75";"2";"4";"1";3;48;2
"27575";"202100027575";7;"12:00";"1";"75";"2";"2";"1";7;48;2
"27576";"202100027576";7;"09:05";"1";"75";"2";"4";"1";6;48;2
"27577";"202100027577";7;"14:00";"1";"94";"2";"1";"1";3;48;2
"27578";"202100027578";7;"07:30";"1";"94";"2";"1";"1";3;48;2
"27579";"202100027579";7;"14:05";"1";"94";"2";"1";"1";7;48;2
"27580";"202100027580";7;"20:00";"1";"94";"2";"1";"1";7;48;2
"27581";"202100027581";7;"05:30";"2";"94";"2";"1";"1";2;48;2
"27582";"202100027582";7;"19:50";"1";"94";"2";"1";"1";3;48;2
"27583";"202100027583";7;"17:20";"1";"93";"2";"1";"1";6;48;2
"27584";"202100027584";7;"09:50";"1";"93";"2";"1";"1";3;48;2
"27585";"202100027585";7;"21:25";"2";"93";"2";"1";"1";1;48;2
"27586";"202100027586";7;"13:50";"1";"93";"2";"1";"1";6;48;2
"27587";"202100027587";7;"16:45";"1";"93";"2";"9";"1";3;48;2
"27588";"202100027588";7;"21:22";"2";"92";"2";"3";"1";3;48;2
"27589";"202100027589";7;"08:30";"1";"92";"2";"1";"1";1;48;2
"27590";"202100027590";7;"21:30";"2";"92";"2";"1";"1";2;48;2
"27591";"202100027591";7;"22:10";"5";"92";"2";"5";"1";3;48;2
"27592";"202100027592";7;"21:30";"2";"92";"2";"3";"1";3;48;2
"27593";"202100027593";7;"07:50";"1";"92";"2";"2";"1";3;48;2
"27594";"202100027594";7;"12:50";"1";"92";"2";"1";"1";6;48;2
"27595";"202100027595";7;"13:09";"1";"92";"2";"3";"1";3;48;2
"27596";"202100027596";7;"19:30";"1";"92";"2";"1";"1";1;48;2
"27597";"202100027597";7;"12:04";"1";"08";"1";"1";"1";5;49;4
"27598";"202100027598";7;"11:30";"1";"52";"1";"2";"1";2;48;4
"27599";"202100027599";7;"17:47";"1";"60";"1";"3";"1";2;49;2
"27600";"202100027600";7;"11:15";"1";"22";"1";"1";"1";4;48;-2
"27601";"202100027601";7;"06:00";"2";"28";"1";"1";"1";2;48;1
"27602";"202100027602";7;"15:30";"1";"67";"1";"3";"1";3;48;7
"27603";"202100027603";7;"17:35";"1";"85";"2";"1";"1";7;46;-1
"27604";"202100027604";7;"10:25";"1";"36";"1";"1";"1";6;46;1
"27605";"202100027605";7;"23:00";"5";"62";"2";"3";"1";3;50;2
"27606";"202100027606";7;"09:20";"1";"77";"1";"1";"1";2;48;3
"27607";"202100027607";7;"22:15";"3";"57";"1";"1";"1";7;49;6
"27608";"202100027608";7;"10:38";"1";"56";"1";"1";"8";6;47;-2
"27609";"202100027609";7;"14:20";"1";"2B";"1";"1";"1";6;42;9
"27610";"202100027610";7;"22:17";"3";"80";"2";"9";"1";7;49;2
"27611";"202100027611";7;"10:30";"1";"33";"1";"1";"1";6;45;0
"27612";"202100027612";7;"20:10";"1";"81";"1";"1";"1";7;43;1
"27613";"202100027613";7;"18:56";"1";"81";"1";"1";"1";1;43;1
"27614";"202100027614";7;"16:20";"1";"32";"1";"4";"1";1;43;0
"27615";"202100027615";7;"16:55";"1";"71";"2";"1";"1";4;46;5
"27616";"202100027616";7;"07:50";"1";"55";"1";"1";"1";4;49;5
"27617";"202100027617";7;"18:30";"2";"55";"1";"1";"1";1;48;5
"27618";"202100027618";7;"16:00";"1";"55";"1";"1";"1";6;48;5
"27619";"202100027619";7;"13:35";"1";"49";"1";"1";"1";1;47;0
"27620";"202100027620";7;"19:45";"2";"42";"2";"1";"7";1;45;3
"27621";"202100027621";7;"13:42";"1";"86";"1";"1";"1";2;46;0
"27622";"202100027622";7;"16:25";"1";"39";"1";"1";"1";5;46;5
"27623";"202100027623";7;"19:50";"1";"39";"2";"1";"1";7;47;5
"27624";"202100027624";7;"21:30";"3";"25";"1";"1";"1";7;47;6
"27625";"202100027625";7;"17:00";"1";"44";"1";"2";"1";3;47;-1
"27626";"202100027626";7;"02:00";"3";"38";"2";"3";"1";1;45;5
"27627";"202100027627";7;"10:00";"1";"02";"2";"1";"1";7;49;3
"27628";"202100027628";7;"17:20";"1";"15";"1";"3";"1";3;44;2
"27629";"202100027629";7;"18:55";"1";"26";"2";"1";"1";2;45;4
"27630";"202100027630";7;"10:45";"1";"58";"2";"1";"7";6;46;3
"27631";"202100027631";7;"16:15";"1";"14";"1";"1";"1";6;49;0
"27632";"202100027632";7;"08:00";"1";"50";"1";"1";"1";5;48;-1
"27633";"202100027633";7;"18:30";"1";"45";"2";"1";"1";3;47;1
"27634";"202100027634";7;"18:20";"1";"36";"1";"1";"1";6;46;1
"27635";"202100027635";7;"19:00";"1";"16";"1";"1";"1";7;45;0
"27636";"202100027636";7;"18:00";"1";"53";"1";"1";"1";3;47;-1
"27637";"202100027637";7;"14:35";"1";"85";"1";"2";"1";3;46;-1
"27638";"202100027638";7;"08:30";"1";"30";"1";"1";"1";3;43;4
"27639";"202100027639";7;"08:00";"1";"88";"1";"2";"1";3;48;6
"27640";"202100027640";6;"11:40";"1";"30";"1";"1";"1";5;43;4
"27641";"202100027641";7;"08:58";"1";"69";"2";"1";"1";3;45;4
"27642";"202100027642";7;"11:20";"1";"69";"2";"2";"1";3;45;4
"27643";"202100027643";7;"18:30";"1";"33";"1";"1";"1";1;44;0
"27644";"202100027644";7;"07:45";"1";"988";"2";"9";"1";3;-22;166
"27645";"202100027645";7;"17:40";"1";"971";"2";"1";"1";7;16;-61
"27646";"202100027646";7;"13:00";"1";"971";"1";"1";"1";6;16;-61
"27647";"202100027647";7;"17:05";"1";"978";"2";"1";"1";3;18;-63
"27648";"202100027648";7;"10:00";"1";"28";"1";"1";"1";1;48;1
"27649";"202100027649";7;"17:20";"1";"2B";"1";"1";"1";1;42;9
"27650";"202100027650";7;"01:30";"3";"83";"1";"1";"1";6;43;5
"27651";"202100027651";7;"17:50";"1";"05";"1";"1";"1";2;45;6
"27652";"202100027652";7;"00:30";"5";"13";"2";"1";"1";2;43;5
"27653";"202100027653";7;"23:20";"3";"21";"1";"1";"1";7;47;5
"27654";"202100027654";7;"08:12";"1";"57";"2";"1";"3";6;49;6
"27655";"202100027655";7;"07:20";"2";"26";"2";"6";"1";2;44;4
"27656";"202100027656";7;"17:00";"1";"76";"2";"1";"1";7;49;0
"27657";"202100027657";7;"16:30";"1";"60";"2";"1";"1";6;49;1
"27658";"202100027658";6;"18:50";"1";"59";"1";"1";"1";3;50;3
"27659";"202100027659";7;"19:01";"1";"13";"1";"1";"1";4;43;5
"27660";"202100027660";7;"12:15";"1";"13";"1";"1";"1";2;43;5
"27661";"202100027661";7;"19:40";"1";"13";"1";"1";"1";2;43;5
"27662";"202100027662";7;"08:30";"1";"33";"1";"1";"1";3;44;0
"27663";"202100027663";7;"07:25";"1";"33";"1";"1";"1";6;44;0
"27664";"202100027664";7;"18:25";"1";"77";"1";"1";"1";2;48;2
"27665";"202100027665";7;"15:10";"1";"91";"1";"1";"1";2;48;2
"27666";"202100027666";7;"01:40";"3";"91";"1";"1";"1";2;48;2
"27667";"202100027667";7;"18:30";"1";"78";"1";"1";"1";2;48;2
"27668";"202100027668";7;"17:00";"1";"78";"1";"1";"1";2;48;1
"27669";"202100027669";7;"18:40";"1";"93";"1";"1";"1";3;48;2
"27670";"202100027670";7;"13:05";"1";"93";"1";"1";"1";2;48;2
"27671";"202100027671";7;"11:15";"1";"93";"1";"1";"1";2;48;2
"27672";"202100027672";7;"18:40";"1";"95";"1";"1";"1";2;48;2
"27673";"202100027673";7;"17:15";"1";"94";"1";"1";"1";2;48;2
"27674";"202100027674";7;"09:25";"1";"94";"1";"1";"1";5;48;2
"27675";"202100027675";7;"09:15";"1";"77";"1";"1";"1";2;48;2
"27676";"202100027676";7;"09:20";"1";"77";"1";"1";"1";2;48;2
"27677";"202100027677";7;"05:30";"2";"94";"1";"1";"1";2;48;2
"27678";"202100027678";7;"16:40";"1";"38";"2";"3";"1";6;45;5
"27679";"202100027679";6;"08:40";"1";"77";"2";"1";"1";6;48;2
"27680";"202100027680";3;"13:30";"1";"84";"1";"4";"1";3;43;4
"27681";"202100027681";5;"11:50";"1";"44";"2";"1";"1";6;47;-1
"27682";"202100027682";7;"11:22";"1";"976";"2";"9";"1";1;-12;45
"27683";"202100027683";7;"07:50";"1";"974";"1";"1";"1";2;-21;55