"";"Num_Acc";"mois";"hrmn";"lum";"dep";"agg";"int";"atm";"col";"lat";"long"
"27684";"202100027684";7;"12:15";"1";"974";"2";"1";"1";3;-21;55
"27685";"202100027685";7;"14:00";"1";"974";"2";"3";"2";3;-20;55
"27686";"202100027686";7;"13:25";"1";"974";"2";"1";"1";6;-20;55
"27687";"202100027687";7;"23:30";"5";"69";"2";"2";"1";3;45;4
"27688";"202100027688";7;"22:40";"5";"69";"2";"1";"1";6;45;4
"27689";"202100027689";7;"20:20";"1";"69";"2";"2";"1";3;45;4
"27690";"202100027690";7;"12:22";"1";"69";"2";"2";"1";3;45;4
"27691";"202100027691";7;"10:30";"1";"69";"2";"1";"1";6;45;4
"27692";"202100027692";7;"22:25";"5";"69";"2";"1";"1";6;45;4
"27693";"202100027693";7;"17:45";"1";"69";"2";"1";"1";1;45;4
"27694";"202100027694";7;"18:30";"1";"69";"2";"7";"1";3;45;4
"27695";"202100027695";7;"16:30";"1";"69";"2";"1";"1";1;45;4
"27696";"202100027696";7;"16:50";"1";"971";"2";"9";"1";3;16;-61
"27697";"202100027697";7;"22:00";"5";"95";"2";"6";"1";3;48;2
"27698";"202100027698";7;"10:05";"1";"95";"2";"6";"1";6;48;2
"27699";"202100027699";7;"19:00";"1";"91";"2";"1";"1";6;48;2
"27700";"202100027700";7;"08:00";"1";"91";"2";"1";"1";6;48;2
"27701";"202100027701";7;"20:20";"1";"91";"1";"6";"1";2;48;2
"27702";"202100027702";7;"13:50";"1";"91";"2";"3";"1";1;48;2
"27703";"202100027703";7;"03:40";"5";"91";"2";"1";"1";3;48;2
"27704";"202100027704";7;"16:21";"1";"87";"1";"1";"1";3;45;1
"27705";"202100027705";7;"16:28";"1";"87";"1";"1";"1";6;45;1
"27706";"202100027706";7;"10:25";"1";"84";"2";"1";"1";3;44;4
"27707";"202100027707";7;"16:10";"1";"83";"2";"2";"1";1;43;5
"27708";"202100027708";7;"11:10";"1";"83";"2";"1";"1";4;43;5
"27709";"202100027709";7;"11:55";"1";"78";"2";"2";"1";3;48;2
"27710";"202100027710";7;"19:45";"1";"78";"1";"9";"7";1;49;1
"27711";"202100027711";7;"20:15";"1";"77";"2";"1";"1";6;48;2
"27712";"202100027712";7;"22:45";"3";"76";"1";"1";"1";6;49;1
"27713";"202100027713";7;"10:15";"1";"72";"2";"1";"1";6;48;0
"27714";"202100027714";7;"20:10";"1";"71";"1";"1";"1";6;46;4
"27715";"202100027715";7;"23:40";"5";"69";"2";"1";"1";6;45;4
"27716";"202100027716";7;"21:10";"2";"67";"2";"3";"1";3;48;7
"27717";"202100027717";7;"13:00";"1";"67";"2";"3";"1";3;48;7
"27718";"202100027718";7;"12:40";"1";"67";"2";"3";"1";3;48;7
"27719";"202100027719";7;"16:20";"1";"67";"2";"1";"8";6;48;7
"27720";"202100027720";7;"15:10";"1";"64";"2";"6";"1";6;43;-1
"27721";"202100027721";7;"07:45";"1";"64";"2";"1";"1";4;43;0
"27722";"202100027722";7;"00:45";"5";"62";"2";"9";"1";7;50;2
"27723";"202100027723";7;"06:40";"1";"59";"2";"1";"1";2;50;3
"27724";"202100027724";7;"17:30";"1";"59";"2";"1";"1";6;50;2
"27725";"202100027725";7;"17:08";"1";"57";"2";"1";"1";6;49;6
"27726";"202100027726";7;"10:40";"1";"56";"2";"1";"1";3;47;-2
"27727";"202100027727";7;"14:10";"1";"56";"2";"6";"1";3;47;-3
"27728";"202100027728";7;"12:40";"1";"50";"2";"3";"1";3;49;-1
"27729";"202100027729";7;"11:50";"1";"49";"2";"2";"1";6;47;0
"27730";"202100027730";7;"15:20";"1";"49";"2";"1";"1";6;47;0
"27731";"202100027731";7;"07:30";"1";"49";"2";"6";"1";6;47;0
"27732";"202100027732";7;"22:50";"5";"49";"2";"2";"1";3;47;0
"27733";"202100027733";7;"10:23";"1";"49";"2";"1";"1";3;47;0
"27734";"202100027734";7;"22:35";"5";"47";"2";"1";"1";6;44;0
"27735";"202100027735";7;"12:53";"1";"45";"2";"3";"1";3;47;1
"27736";"202100027736";7;"23:30";"5";"44";"2";"2";"1";3;47;-1
"27737";"202100027737";7;"19:45";"1";"37";"2";"6";"1";6;47;0
"27738";"202100027738";7;"12:24";"1";"35";"2";"2";"1";3;48;-1
"27739";"202100027739";7;"11:45";"1";"35";"2";"2";"1";2;48;-1
"27740";"202100027740";7;"10:00";"1";"35";"1";"3";"1";2;48;-1
"27741";"202100027741";7;"16:40";"1";"33";"2";"1";"1";6;44;-1
"27742";"202100027742";7;"18:55";"1";"33";"2";"2";"1";3;44;-1
"27743";"202100027743";7;"11:34";"1";"31";"2";"1";"1";3;43;1
"27744";"202100027744";7;"12:44";"1";"30";"2";"3";"1";6;44;4
"27745";"202100027745";7;"21:08";"1";"28";"2";"1";"1";2;48;1
"27746";"202100027746";7;"16:20";"1";"27";"1";"1";"1";7;49;1
"27747";"202100027747";7;"17:20";"1";"27";"2";"1";"7";4;49;1
"27748";"202100027748";7;"20:00";"1";"13";"2";"1";"1";6;43;5
"27749";"202100027749";7;"11:15";"1";"13";"2";"2";"1";2;43;5
"27750";"202100027750";7;"23:14";"5";"13";"2";"1";"1";1;43;5
"27751";"202100027751";7;"15:15";"1";"11";"2";"1";"1";2;43;2
"27752";"202100027752";7;"17:06";"1";"10";"2";"2";"1";3;48;4
"27753";"202100027753";7;"21:16";"2";"06";"2";"1";"1";1;43;7
"27754";"202100027754";7;"13:15";"1";"05";"2";"4";"1";6;44;6
"27755";"202100027755";7;"18:05";"1";"75";"2";"1";"1";2;48;2
"27756";"202100027756";7;"18:20";"1";"75";"2";"4";"1";3;48;2
"27757";"202100027757";7;"05:55";"1";"75";"2";"1";"1";3;48;2
"27758";"202100027758";7;"15:45";"1";"75";"2";"5";"1";6;48;2
"27759";"202100027759";7;"20:20";"1";"75";"2";"3";"1";1;48;2
"27760";"202100027760";7;"00:50";"5";"75";"2";"2";"1";3;48;2
"27761";"202100027761";7;"09:00";"1";"75";"2";"7";"1";3;48;2
"27762";"202100027762";7;"14:10";"1";"75";"2";"3";"2";7;48;2
"27763";"202100027763";7;"19:20";"1";"75";"2";"1";"1";3;48;2
"27764";"202100027764";7;"22:15";"5";"75";"2";"3";"1";6;48;2
"27765";"202100027765";7;"14:45";"1";"75";"2";"4";"1";3;48;2
"27766";"202100027766";7;"22:34";"5";"75";"2";"5";"1";3;48;2
"27767";"202100027767";7;"02:00";"5";"75";"2";"2";"1";3;48;2
"27768";"202100027768";7;"13:40";"1";"75";"2";"3";"1";6;48;2
"27769";"202100027769";7;"07:55";"1";"75";"2";"4";"1";7;48;2
"27770";"202100027770";7;"23:45";"5";"75";"2";"2";"1";6;48;2
"27771";"202100027771";7;"20:40";"2";"75";"2";"2";"1";7;48;2
"27772";"202100027772";7;"11:15";"1";"94";"2";"1";"1";6;48;2
"27773";"202100027773";7;"20:15";"1";"94";"2";"1";"1";3;48;2
"27774";"202100027774";7;"11:05";"1";"94";"2";"1";"7";6;48;2
"27775";"202100027775";7;"10:30";"1";"94";"2";"1";"1";3;48;2
"27776";"202100027776";7;"03:12";"5";"93";"2";"2";"1";2;48;2
"27777";"202100027777";7;"17:10";"1";"93";"2";"1";"1";3;48;2
"27778";"202100027778";7;"04:40";"5";"93";"2";"2";"1";6;48;2
"27779";"202100027779";7;"23:15";"5";"93";"2";"1";"1";3;48;2
"27780";"202100027780";7;"00:00";"5";"93";"2";"1";"1";6;48;2
"27781";"202100027781";7;"23:55";"5";"93";"2";"1";"1";2;48;2
"27782";"202100027782";7;"09:30";"1";"93";"2";"2";"7";3;48;2
"27783";"202100027783";7;"15:05";"1";"93";"2";"1";"1";6;48;2
"27784";"202100027784";7;"01:34";"5";"93";"1";"9";"1";3;48;2
"27785";"202100027785";7;"11:20";"1";"92";"2";"9";"1";1;48;2
"27786";"202100027786";7;"21:15";"2";"92";"2";"7";"1";3;48;2
"27787";"202100027787";7;"07:10";"2";"92";"2";"1";"1";3;48;2
"27788";"202100027788";7;"20:30";"2";"92";"2";"1";"1";2;48;2
"27789";"202100027789";7;"09:20";"1";"92";"2";"3";"1";3;48;2
"27790";"202100027790";7;"19:50";"1";"92";"2";"3";"1";3;48;2
"27791";"202100027791";7;"12:00";"1";"41";"1";"2";"1";3;47;1
"27792";"202100027792";7;"17:20";"1";"76";"2";"1";"1";3;49;1
"27793";"202100027793";7;"06:50";"1";"988";"1";"1";"1";6;-20;164
"27794";"202100027794";7;"12:20";"1";"972";"1";"1";"1";3;14;-60
"27795";"202100027795";7;"20:00";"1";"27";"1";"1";"1";6;48;1
"27796";"202100027796";7;"23:45";"4";"35";"2";"1";"1";6;48;-1
"27797";"202100027797";7;"17:00";"1";"63";"1";"1";"7";1;45;2
"27798";"202100027798";7;"07:58";"1";"74";"1";"1";"1";3;45;6
"27799";"202100027799";6;"14:30";"1";"38";"1";"1";"1";7;45;5
"27800";"202100027800";7;"10:15";"1";"47";"1";"1";"1";3;44;0
"27801";"202100027801";7;"22:35";"5";"83";"1";"1";"1";2;43;6
"27802";"202100027802";7;"22:35";"3";"51";"1";"1";"1";7;49;3
"27803";"202100027803";7;"14:40";"1";"51";"1";"1";"1";7;49;4
"27804";"202100027804";7;"14:40";"1";"51";"1";"2";"1";3;48;3
"27805";"202100027805";7;"19:55";"1";"59";"1";"1";"1";7;50;3
"27806";"202100027806";7;"16:30";"1";"56";"1";"1";"1";6;47;-2
"27807";"202100027807";7;"17:00";"1";"74";"1";"2";"1";3;46;6
"27808";"202100027808";7;"18:40";"1";"78";"1";"2";"1";3;48;1
"27809";"202100027809";7;"22:45";"3";"76";"1";"2";"1";1;49;0
"27810";"202100027810";7;"00:05";"5";"2A";"2";"1";"1";3;41;8
"27811";"202100027811";7;"09:00";"1";"80";"1";"2";"1";3;49;2
"27812";"202100027812";7;"18:00";"1";"89";"1";"2";"1";1;48;3
"27813";"202100027813";7;"19:10";"1";"63";"1";"1";"1";7;45;3
"27814";"202100027814";7;"08:00";"1";"61";"1";"1";"8";6;48;0
"27815";"202100027815";7;"13:00";"1";"61";"1";"1";"1";7;48;0
"27816";"202100027816";7;"17:57";"1";"61";"1";"2";"1";5;48;0
"27817";"202100027817";7;"18:35";"1";"12";"1";"1";"1";3;44;2
"27818";"202100027818";7;"18:30";"1";"46";"1";"1";"1";7;44;1
"27819";"202100027819";7;"14:55";"1";"46";"1";"1";"1";7;44;1
"27820";"202100027820";7;"17:00";"1";"29";"1";"1";"1";2;48;-4
"27821";"202100027821";7;"19:15";"1";"29";"1";"1";"1";7;48;-4
"27822";"202100027822";7;"11:25";"1";"68";"1";"1";"1";6;47;7
"27823";"202100027823";7;"23:50";"3";"29";"1";"2";"1";1;47;-3
"27824";"202100027824";7;"07:50";"1";"38";"2";"1";"1";1;45;5
"27825";"202100027825";7;"18:05";"1";"02";"2";"1";"1";5;49;3
"27826";"202100027826";7;"17:30";"1";"02";"1";"1";"1";6;49;3
"27827";"202100027827";7;"16:10";"1";"03";"2";"1";"1";7;46;2
"27828";"202100027828";7;"10:05";"1";"58";"2";"1";"1";7;47;2
"27829";"202100027829";7;"02:20";"3";"58";"1";"7";"1";6;47;4
"27830";"202100027830";7;"20:10";"2";"45";"1";"5";"1";1;47;2
"27831";"202100027831";7;"18:30";"1";"16";"2";"7";"1";1;45;0
"27832";"202100027832";7;"05:00";"3";"16";"1";"1";"1";6;45;0
"27833";"202100027833";7;"19:50";"1";"21";"1";"1";"1";1;47;4
"27834";"202100027834";7;"18:15";"1";"28";"1";"1";"1";2;48;1
"27835";"202100027835";7;"18:25";"1";"30";"1";"1";"1";7;44;3
"27836";"202100027836";7;"10:35";"1";"48";"2";"1";"1";2;44;3
"27837";"202100027837";7;"17:15";"1";"35";"1";"5";"2";1;48;-1
"27838";"202100027838";7;"11:30";"1";"987";"1";"1";"1";2;-16;-151
"27839";"202100027839";7;"15:30";"1";"89";"1";"1";"1";7;47;3
"27840";"202100027840";7;"14:00";"1";"86";"1";"1";"1";6;46;0
"27841";"202100027841";7;"22:20";"3";"11";"1";"1";"1";6;43;3
"27842";"202100027842";7;"20:30";"5";"974";"2";"1";"1";7;-20;55
"27843";"202100027843";3;"20:00";"2";"971";"2";"3";"1";1;16;-61
"27844";"202100027844";7;"17:20";"1";"978";"2";"1";"1";2;18;-63
"27845";"202100027845";7;"15:40";"1";"977";"2";"1";"1";1;17;-62
"27846";"202100027846";7;"09:10";"2";"84";"2";"1";"7";1;44;5
"27847";"202100027847";7;"12:15";"1";"84";"1";"1";"1";2;43;5
"27848";"202100027848";7;"22:30";"5";"71";"2";"3";"1";2;46;4
"27849";"202100027849";7;"19:45";"1";"21";"1";"3";"1";3;47;5
"27850";"202100027850";7;"05:20";"1";"67";"1";"1";"1";6;48;7
"27851";"202100027851";7;"20:10";"2";"55";"2";"1";"1";1;48;5
"27852";"202100027852";7;"09:50";"1";"42";"2";"1";"1";6;45;4
"27853";"202100027853";7;"08:45";"1";"38";"2";"3";"1";6;45;4
"27854";"202100027854";7;"00:20";"5";"69";"2";"1";"1";6;45;4
"27855";"202100027855";7;"13:15";"1";"65";"1";"1";"1";7;42;0
"27856";"202100027856";7;"15:40";"1";"22";"1";"1";"1";7;48;-3
"27857";"202100027857";7;"10:50";"1";"59";"2";"9";"7";1;50;4
"27858";"202100027858";7;"08:20";"1";"13";"1";"1";"1";2;43;5
"27859";"202100027859";7;"12:05";"1";"13";"1";"1";"1";2;43;5
"27860";"202100027860";7;"07:45";"1";"13";"1";"1";"1";2;43;5
"27861";"202100027861";7;"07:30";"1";"13";"1";"1";"1";4;43;5
"27862";"202100027862";7;"00:25";"3";"13";"1";"1";"1";2;43;5
"27863";"202100027863";7;"15:35";"1";"33";"1";"1";"1";2;44;0
"27864";"202100027864";7;"03:10";"3";"33";"1";"1";"1";4;44;0
"27865";"202100027865";7;"21:15";"2";"33";"1";"1";"1";3;44;0
"27866";"202100027866";7;"17:25";"1";"92";"1";"1";"1";6;48;2
"27867";"202100027867";7;"07:55";"1";"78";"1";"1";"1";3;48;1
"27868";"202100027868";7;"21:57";"2";"95";"1";"1";"1";2;49;2
"27869";"202100027869";7;"09:50";"1";"38";"2";"1";"1";6;45;5
"27870";"202100027870";7;"20:15";"3";"974";"1";"1";"2";6;-21;55
"27871";"202100027871";7;"18:41";"5";"974";"1";"3";"1";3;-21;55
"27872";"202100027872";7;"18:45";"5";"974";"2";"1";"1";3;-20;55
"27873";"202100027873";7;"18:00";"1";"69";"2";"2";"1";2;45;4
"27874";"202100027874";7;"13:30";"1";"69";"2";"2";"1";6;45;4
"27875";"202100027875";7;"14:00";"1";"69";"2";"2";"1";3;45;4
"27876";"202100027876";7;"14:15";"1";"69";"2";"2";"1";3;45;4
"27877";"202100027877";7;"09:45";"1";"69";"2";"1";"1";6;45;4
"27878";"202100027878";7;"01:20";"5";"69";"2";"2";"1";3;45;4
"27879";"202100027879";7;"20:25";"5";"972";"1";"1";"1";5;14;-61
"27880";"202100027880";7;"11:47";"1";"69";"2";"3";"1";3;45;4
"27881";"202100027881";7;"19:35";"1";"69";"2";"1";"1";6;45;4
"27882";"202100027882";7;"10:15";"1";"971";"2";"3";"1";3;16;-61
"27883";"202100027883";7;"07:35";"1";"95";"2";"1";"1";3;48;2
"27884";"202100027884";7;"23:30";"3";"91";"1";"1";"1";2;48;2
"27885";"202100027885";7;"18:00";"1";"91";"2";"1";"1";2;48;2
"27886";"202100027886";7;"19:45";"1";"91";"2";"1";"1";4;48;2
"27887";"202100027887";7;"21:20";"1";"89";"1";"1";"1";5;48;3
"27888";"202100027888";7;"14:16";"1";"87";"2";"1";"1";6;45;1
"27889";"202100027889";7;"19:15";"1";"87";"2";"1";"1";7;45;1
"27890";"202100027890";7;"06:04";"5";"87";"2";"2";"1";3;45;1
"27891";"202100027891";7;"14:53";"1";"80";"2";"1";"1";3;49;2
"27892";"202100027892";7;"23:45";"5";"80";"2";"1";"1";1;49;2
"27893";"202100027893";7;"00:20";"5";"80";"2";"1";"1";7;49;2
"27894";"202100027894";7;"01:17";"5";"80";"2";"1";"1";6;49;2
"27895";"202100027895";7;"08:30";"1";"78";"1";"1";"1";5;48;1
"27896";"202100027896";7;"07:10";"1";"76";"2";"1";"1";6;49;0
"27897";"202100027897";7;"18:40";"1";"76";"2";"1";"1";7;49;0
"27898";"202100027898";7;"15:35";"1";"76";"2";"1";"1";6;49;0
"27899";"202100027899";7;"20:15";"1";"72";"2";"1";"1";2;48;0
"27900";"202100027900";7;"18:20";"1";"72";"2";"1";"1";2;47;0
"27901";"202100027901";7;"09:00";"1";"71";"2";"6";"1";3;46;4
"27902";"202100027902";7;"18:15";"1";"69";"2";"1";"1";5;45;4
"27903";"202100027903";7;"16:20";"1";"69";"2";"3";"1";7;45;4
"27904";"202100027904";7;"16:59";"1";"65";"2";"4";"8";3;43;0
"27905";"202100027905";7;"17:55";"1";"64";"2";"6";"1";3;43;-1
"27906";"202100027906";7;"13:35";"1";"64";"2";"1";"1";7;43;-1
"27907";"202100027907";7;"13:15";"1";"64";"2";"1";"1";7;43;-1
"27908";"202100027908";7;"18:40";"1";"64";"2";"1";"1";3;43;-1
"27909";"202100027909";7;"17:40";"1";"63";"2";"2";"1";3;45;3
"27910";"202100027910";7;"10:17";"1";"63";"2";"1";"1";6;45;3
"27911";"202100027911";7;"21:47";"2";"63";"2";"1";"1";6;45;3
"27912";"202100027912";7;"12:35";"1";"59";"2";"1";"1";3;50;2
"27913";"202100027913";7;"20:30";"1";"54";"2";"9";"1";6;48;6
"27914";"202100027914";7;"13:40";"1";"54";"2";"9";"1";2;48;6
"27915";"202100027915";7;"17:50";"1";"50";"1";"1";"7";3;49;-1
"27916";"202100027916";7;"18:11";"1";"49";"2";"1";"1";3;47;0
"27917";"202100027917";7;"16:33";"1";"49";"2";"1";"1";7;47;0
"27918";"202100027918";7;"20:10";"1";"45";"1";"2";"1";4;47;1
"27919";"202100027919";7;"12:00";"1";"44";"2";"6";"1";3;47;-1
"27920";"202100027920";7;"13:48";"1";"43";"2";"2";"1";3;45;3
"27921";"202100027921";7;"23:30";"5";"42";"2";"1";"2";6;45;4
"27922";"202100027922";7;"11:30";"1";"37";"2";"1";"1";7;47;0
"27923";"202100027923";7;"08:40";"1";"37";"2";"3";"1";6;47;0
"27924";"202100027924";7;"00:15";"5";"33";"2";"1";"1";3;44;0
"27925";"202100027925";7;"12:30";"1";"33";"1";"1";"1";2;44;0
"27926";"202100027926";7;"09:00";"1";"33";"2";"2";"1";3;44;0
"27927";"202100027927";7;"15:10";"1";"33";"1";"1";"1";7;44;-1
"27928";"202100027928";7;"10:35";"1";"33";"1";"2";"1";3;44;-1
"27929";"202100027929";7;"10:25";"1";"33";"1";"1";"7";7;44;-1
"27930";"202100027930";7;"09:45";"1";"33";"1";"1";"1";7;44;-1
"27931";"202100027931";7;"15:05";"1";"30";"2";"3";"1";3;43;4
"27932";"202100027932";7;"07:35";"1";"29";"2";"6";"1";1;48;-4
"27933";"202100027933";7;"10:18";"1";"26";"2";"6";"1";3;44;4
"27934";"202100027934";7;"19:10";"1";"26";"2";"1";"1";3;44;4
"27935";"202100027935";7;"08:30";"1";"21";"2";"3";"1";3;47;5
"27936";"202100027936";7;"19:10";"1";"14";"2";"3";"1";1;49;0
"27937";"202100027937";7;"23:30";"5";"13";"2";"1";"1";1;43;5
"27938";"202100027938";7;"19:10";"1";"13";"2";"9";"1";1;43;5
"27939";"202100027939";7;"15:00";"1";"13";"2";"1";"1";3;43;5
"27940";"202100027940";7;"13:52";"1";"13";"2";"1";"1";2;43;5
"27941";"202100027941";7;"09:30";"1";"13";"2";"2";"1";3;43;5
"27942";"202100027942";7;"08:20";"1";"13";"2";"2";"1";3;43;5
"27943";"202100027943";7;"07:02";"1";"13";"2";"1";"1";3;43;5
"27944";"202100027944";7;"22:53";"5";"13";"2";"1";"1";3;43;5
"27945";"202100027945";7;"06:50";"1";"13";"2";"9";"1";3;43;4
"27946";"202100027946";7;"20:09";"1";"11";"1";"9";"1";3;43;2
"27947";"202100027947";7;"17:43";"1";"10";"2";"2";"7";6;48;4
"27948";"202100027948";7;"21:03";"2";"06";"2";"1";"1";2;43;7
"27949";"202100027949";7;"11:30";"1";"06";"1";"6";"1";3;43;7
"27950";"202100027950";7;"17:00";"1";"01";"1";"6";"1";4;46;5
"27951";"202100027951";7;"19:00";"2";"75";"2";"1";"1";2;48;2
"27952";"202100027952";7;"11:45";"1";"75";"2";"3";"1";2;48;2
"27953";"202100027953";7;"03:40";"5";"75";"2";"5";"1";6;48;2
"27954";"202100027954";7;"00:00";"5";"75";"2";"2";"1";3;48;2
"27955";"202100027955";7;"04:20";"5";"75";"2";"4";"1";6;48;2
"27956";"202100027956";7;"21:00";"1";"75";"2";"2";"1";3;48;2
"27957";"202100027957";7;"17:30";"1";"75";"2";"1";"1";3;48;2
"27958";"202100027958";7;"16:18";"1";"75";"2";"3";"1";2;48;2
"27959";"202100027959";7;"04:45";"5";"75";"2";"5";"1";6;48;2
"27960";"202100027960";7;"08:25";"1";"75";"2";"2";"1";6;48;2
"27961";"202100027961";7;"17:20";"1";"75";"2";"3";"1";3;48;2
"27962";"202100027962";7;"23:20";"5";"75";"2";"1";"1";6;48;2
"27963";"202100027963";7;"16:00";"1";"75";"2";"3";"1";2;48;2
"27964";"202100027964";7;"16:05";"1";"75";"2";"1";"1";2;48;2
"27965";"202100027965";7;"15:45";"1";"75";"2";"3";"1";6;48;2
"27966";"202100027966";7;"19:10";"1";"75";"2";"7";"1";4;48;2
"27967";"202100027967";7;"18:08";"1";"75";"2";"2";"1";6;48;2
"27968";"202100027968";7;"07:30";"1";"75";"2";"2";"1";3;48;2
"27969";"202100027969";7;"13:00";"1";"75";"2";"1";"1";7;48;2
"27970";"202100027970";7;"18:20";"1";"75";"2";"7";"1";6;48;2
"27971";"202100027971";7;"20:10";"1";"75";"2";"3";"1";2;48;2
"27972";"202100027972";7;"17:30";"1";"75";"2";"2";"1";6;48;2
"27973";"202100027973";7;"14:20";"1";"94";"2";"2";"1";3;48;2
"27974";"202100027974";7;"11:20";"1";"94";"2";"1";"1";2;48;2
"27975";"202100027975";7;"19:45";"1";"94";"2";"9";"1";6;48;2
"27976";"202100027976";7;"21:45";"5";"94";"2";"2";"1";3;48;2
"27977";"202100027977";7;"18:30";"1";"94";"2";"2";"1";3;48;2
"27978";"202100027978";7;"15:25";"1";"94";"2";"1";"1";6;48;2
"27979";"202100027979";7;"09:34";"1";"94";"2";"9";"1";3;48;2
"27980";"202100027980";7;"22:30";"5";"94";"2";"1";"1";1;48;2
"27981";"202100027981";7;"09:45";"1";"93";"2";"1";"1";3;48;2
"27982";"202100027982";7;"08:39";"1";"93";"2";"1";"7";1;48;2
"27983";"202100027983";7;"22:30";"5";"93";"2";"2";"1";1;48;2
"27984";"202100027984";7;"19:15";"1";"92";"2";"1";"1";2;48;2
"27985";"202100027985";7;"16:05";"1";"92";"2";"1";"1";1;48;2
"27986";"202100027986";7;"15:15";"1";"92";"2";"1";"1";2;48;2
"27987";"202100027987";7;"18:25";"1";"92";"2";"7";"1";6;48;2
"27988";"202100027988";7;"06:39";"2";"01";"1";"1";"1";6;45;5
"27989";"202100027989";7;"10:55";"1";"11";"1";"1";"1";5;43;2
"27990";"202100027990";7;"12:05";"1";"2A";"1";"1";"1";3;41;9
"27991";"202100027991";7;"02:10";"3";"40";"2";"1";"1";6;43;-1
"27992";"202100027992";6;"21:00";"2";"36";"1";"1";"1";7;47;1
"27993";"202100027993";7;"00:00";"5";"31";"2";"6";"1";6;43;1
"27994";"202100027994";7;"12:10";"1";"972";"2";"1";"1";1;14;-61
"27995";"202100027995";7;"18:20";"1";"62";"2";"1";"1";1;50;1
"27996";"202100027996";7;"10:50";"1";"26";"2";"1";"1";2;45;4
"27997";"202100027997";7;"22:55";"3";"12";"1";"1";"1";6;43;3
"27998";"202100027998";5;"01:25";"5";"33";"2";"3";"2";3;44;0
"27999";"202100027999";7;"17:40";"1";"04";"1";"1";"1";7;44;6
"28000";"202100028000";7;"15:00";"1";"62";"1";"2";"1";3;50;1
"28001";"202100028001";7;"10:15";"1";"56";"1";"1";"1";5;47;-2
"28002";"202100028002";7;"09:10";"1";"74";"2";"3";"1";1;45;6
"28003";"202100028003";7;"21:30";"2";"76";"2";"1";"1";1;49;0
"28004";"202100028004";7;"18:50";"1";"76";"2";"1";"7";7;49;1
"28005";"202100028005";7;"02:45";"5";"2A";"2";"1";"1";6;41;9
"28006";"202100028006";7;"17:59";"1";"82";"1";"2";"7";3;44;1
"28007";"202100028007";7;"16:57";"1";"65";"1";"1";"1";7;43;0
"28008";"202100028008";7;"06:45";"2";"33";"1";"1";"1";6;45;0
"28009";"202100028009";7;"11:50";"1";"89";"1";"1";"1";3;48;3
"28010";"202100028010";7;"23:00";"5";"76";"2";"1";"1";6;50;1
"28011";"202100028011";7;"07:00";"3";"61";"1";"1";"1";7;48;0
"28012";"202100028012";7;"07:35";"1";"49";"2";"4";"7";3;47;0
"28013";"202100028013";7;"11:30";"1";"42";"2";"1";"1";6;45;4
"28014";"202100028014";7;"04:45";"3";"42";"1";"1";"1";7;45;4
"28015";"202100028015";7;"07:30";"2";"34";"2";"1";"1";1;43;3
"28016";"202100028016";7;"05:50";"2";"68";"1";"3";"1";3;47;7
"28017";"202100028017";6;"13:10";"1";"29";"1";"1";"1";6;48;-4
"28018";"202100028018";7;"07:40";"1";"31";"2";"1";"1";6;43;1
"28019";"202100028019";7;"03:50";"5";"01";"2";"6";"1";3;45;5
"28020";"202100028020";7;"13:55";"1";"01";"1";"9";"1";7;46;4
"28021";"202100028021";7;"10:00";"1";"54";"1";"1";"1";6;49;5
"28022";"202100028022";7;"17:40";"1";"14";"1";"2";"1";3;49;0
"28023";"202100028023";7;"21:00";"2";"14";"1";"2";"1";3;49;0
"28024";"202100028024";7;"10:15";"1";"83";"1";"1";"1";6;43;6
"28025";"202100028025";7;"06:10";"2";"60";"1";"1";"1";7;49;2
"28026";"202100028026";7;"21:25";"2";"60";"1";"1";"1";3;49;2
"28027";"202100028027";7;"12:27";"1";"64";"1";"3";"1";7;43;-1
"28028";"202100028028";7;"18:30";"1";"36";"2";"2";"1";3;46;1
"28029";"202100028029";7;"22:15";"3";"16";"1";"1";"1";6;45;0
"28030";"202100028030";7;"04:00";"4";"16";"2";"1";"1";3;45;0
"28031";"202100028031";7;"17:40";"1";"07";"1";"1";"1";7;44;4
"28032";"202100028032";7;"19:44";"1";"07";"1";"1";"1";1;44;4
"28033";"202100028033";7;"03:00";"3";"53";"1";"1";"1";7;48;0
"28034";"202100028034";7;"19:44";"1";"24";"1";"2";"1";2;45;1
"28035";"202100028035";7;"20:30";"1";"27";"2";"1";"1";5;49;0
"28036";"202100028036";7;"04:45";"3";"37";"1";"1";"1";6;47;0
"28037";"202100028037";7;"08:30";"1";"37";"1";"3";"7";3;47;0
"28038";"202100028038";7;"19:45";"1";"35";"1";"1";"1";6;48;-1
"28039";"202100028039";7;"09:45";"1";"74";"1";"1";"1";3;45;6
"28040";"202100028040";7;"18:45";"1";"86";"1";"1";"1";3;46;0
"28041";"202100028041";7;"03:45";"3";"988";"2";"3";"1";3;-21;165
"28042";"202100028042";7;"17:15";"1";"971";"1";"3";"1";1;16;-61
"28043";"202100028043";7;"06:15";"1";"977";"1";"1";"2";1;17;-62
"28044";"202100028044";7;"02:00";"5";"971";"1";"1";"3";6;16;-61
"28045";"202100028045";7;"09:55";"1";"28";"1";"1";"1";7;48;1
"28046";"202100028046";7;"14:30";"1";"28";"1";"1";"7";1;48;1
"28047";"202100028047";7;"19:20";"1";"78";"1";"1";"7";2;48;1