"";"Num_Acc";"mois";"hrmn";"lum";"dep";"agg";"int";"atm";"col";"lat";"long"
"28414";"202100028414";7;"15:20";"1";"67";"1";"1";"1";6;48;7
"28415";"202100028415";7;"12:30";"1";"67";"1";"1";"1";1;48;7
"28416";"202100028416";7;"19:45";"1";"73";"1";"1";"1";1;45;6
"28417";"202100028417";7;"17:10";"1";"73";"1";"1";"1";2;45;6
"28418";"202100028418";7;"07:25";"1";"42";"1";"1";"1";6;45;4
"28419";"202100028419";7;"12:15";"1";"65";"1";"1";"1";5;42;0
"28420";"202100028420";7;"18:20";"1";"53";"1";"1";"7";7;47;0
"28421";"202100028421";7;"18:37";"1";"49";"2";"3";"1";3;47;-1
"28422";"202100028422";7;"15:15";"1";"61";"1";"1";"1";7;48;0
"28423";"202100028423";7;"08:45";"1";"22";"1";"2";"1";3;48;-1
"28424";"202100028424";7;"17:20";"1";"27";"2";"1";"1";7;49;1
"28425";"202100028425";7;"01:10";"3";"27";"2";"1";"1";6;49;1
"28426";"202100028426";7;"06:57";"1";"60";"1";"1";"7";6;49;2
"28427";"202100028427";7;"21:45";"3";"59";"2";"1";"1";3;50;2
"28428";"202100028428";7;"12:05";"1";"13";"1";"1";"1";2;43;5
"28429";"202100028429";7;"09:20";"1";"13";"1";"1";"1";2;43;5
"28430";"202100028430";7;"14:30";"1";"69";"1";"1";"1";3;45;4
"28431";"202100028431";7;"07:35";"1";"69";"1";"1";"1";2;45;4
"28432";"202100028432";7;"02:50";"3";"01";"1";"1";"1";2;45;4
"28433";"202100028433";7;"20:45";"1";"94";"1";"1";"1";2;48;2
"28434";"202100028434";7;"15:00";"1";"94";"1";"1";"1";7;48;2
"28435";"202100028435";7;"16:00";"1";"92";"1";"1";"1";2;48;2
"28436";"202100028436";7;"16:00";"1";"94";"1";"1";"1";4;48;2
"28437";"202100028437";7;"11:15";"1";"94";"1";"1";"1";2;48;2
"28438";"202100028438";7;"02:50";"3";"92";"1";"1";"1";4;48;2
"28439";"202100028439";7;"15:00";"1";"78";"1";"1";"1";2;48;2
"28440";"202100028440";7;"08:50";"1";"93";"1";"1";"1";2;48;2
"28441";"202100028441";7;"00:10";"3";"95";"1";"1";"1";2;48;2
"28442";"202100028442";7;"12:30";"1";"93";"1";"1";"1";6;48;2
"28443";"202100028443";7;"14:45";"1";"94";"1";"1";"1";2;48;2
"28444";"202100028444";7;"00:20";"3";"94";"1";"1";"1";3;48;2
"28445";"202100028445";7;"18:57";"1";"75";"2";"1";"1";6;48;2
"28446";"202100028446";7;"23:55";"3";"75";"2";"2";"1";6;48;2
"28447";"202100028447";3;"12:40";"1";"69";"2";"2";"1";3;45;4
"28448";"202100028448";7;"11:30";"1";"973";"1";"6";"1";3;4;-52
"28449";"202100028449";7;"06:20";"1";"69";"2";"2";"1";3;45;4
"28450";"202100028450";7;"14:45";"1";"972";"2";"1";"1";3;14;-61
"28451";"202100028451";7;"20:45";"2";"69";"2";"2";"1";3;45;4
"28452";"202100028452";7;"17:00";"1";"69";"2";"1";"1";6;45;4
"28453";"202100028453";7;"02:30";"5";"69";"2";"2";"1";3;45;4
"28454";"202100028454";7;"11:35";"1";"2B";"2";"1";"1";2;42;9
"28455";"202100028455";7;"07:55";"2";"971";"1";"1";"1";7;16;-61
"28456";"202100028456";7;"09:35";"1";"971";"2";"2";"1";3;16;-61
"28457";"202100028457";7;"13:40";"1";"83";"2";"1";"1";6;43;5
"28458";"202100028458";7;"17:15";"1";"80";"2";"1";"1";6;50;1
"28459";"202100028459";7;"16:30";"1";"77";"2";"2";"1";3;48;2
"28460";"202100028460";7;"00:15";"5";"76";"2";"1";"1";3;49;1
"28461";"202100028461";7;"17:00";"1";"72";"1";"1";"1";6;48;0
"28462";"202100028462";7;"22:20";"5";"69";"1";"9";"1";2;45;4
"28463";"202100028463";7;"18:55";"1";"69";"2";"8";"1";6;45;5
"28464";"202100028464";7;"21:54";"5";"69";"2";"4";"1";6;45;4
"28465";"202100028465";7;"18:30";"1";"64";"2";"1";"1";3;43;-1
"28466";"202100028466";7;"01:25";"3";"59";"2";"2";"1";3;50;3
"28467";"202100028467";7;"12:09";"1";"49";"2";"2";"1";1;47;0
"28468";"202100028468";7;"05:30";"4";"38";"2";"1";"1";1;45;5
"28469";"202100028469";7;"08:40";"1";"37";"2";"4";"1";6;47;0
"28470";"202100028470";7;"16:15";"1";"35";"1";"1";"7";4;48;-1
"28471";"202100028471";7;"02:15";"5";"34";"2";"1";"1";6;43;3
"28472";"202100028472";7;"01:00";"5";"34";"2";"6";"1";2;43;3
"28473";"202100028473";7;"01:53";"5";"33";"2";"1";"1";6;44;0
"28474";"202100028474";7;"11:06";"1";"32";"2";"1";"1";6;43;0
"28475";"202100028475";7;"08:20";"1";"31";"2";"1";"1";2;43;1
"28476";"202100028476";7;"00:50";"5";"18";"2";"2";"1";3;47;2
"28477";"202100028477";7;"10:50";"1";"14";"2";"9";"1";4;49;0
"28478";"202100028478";7;"14:40";"1";"13";"2";"2";"1";3;43;5
"28479";"202100028479";7;"21:00";"1";"13";"2";"1";"1";3;43;5
"28480";"202100028480";7;"19:30";"1";"13";"2";"1";"1";1;43;5
"28481";"202100028481";7;"09:05";"1";"13";"2";"1";"1";3;43;5
"28482";"202100028482";7;"04:30";"3";"13";"1";"1";"9";7;43;4
"28483";"202100028483";7;"06:30";"2";"11";"2";"1";"1";7;43;2
"28484";"202100028484";7;"08:15";"1";"09";"1";"1";"1";1;42;1
"28485";"202100028485";7;"17:45";"1";"09";"2";"1";"1";6;42;1
"28486";"202100028486";7;"09:45";"1";"06";"2";"1";"1";6;43;6
"28487";"202100028487";7;"13:25";"1";"06";"2";"1";"1";3;43;7
"28488";"202100028488";7;"01:15";"5";"06";"2";"1";"8";6;43;7
"28489";"202100028489";7;"10:20";"1";"06";"2";"3";"1";1;43;7
"28490";"202100028490";7;"07:30";"1";"06";"2";"3";"1";3;43;7
"28491";"202100028491";7;"17:45";"1";"04";"2";"3";"1";1;43;5
"28492";"202100028492";7;"20:15";"1";"75";"2";"4";"1";3;48;2
"28493";"202100028493";7;"15:10";"1";"75";"2";"4";"1";5;48;2
"28494";"202100028494";7;"13:35";"1";"75";"2";"1";"1";7;48;2
"28495";"202100028495";7;"12:55";"1";"75";"2";"3";"1";3;48;2
"28496";"202100028496";7;"02:55";"5";"75";"2";"5";"1";2;48;2
"28497";"202100028497";7;"23:30";"5";"75";"2";"2";"1";3;48;2
"28498";"202100028498";7;"02:20";"5";"75";"2";"1";"1";5;48;2
"28499";"202100028499";7;"21:10";"1";"75";"2";"4";"1";3;48;2
"28500";"202100028500";7;"10:53";"1";"75";"2";"1";"1";3;48;2
"28501";"202100028501";7;"15:55";"1";"75";"2";"7";"1";3;48;2
"28502";"202100028502";7;"16:45";"1";"75";"2";"3";"1";6;48;2
"28503";"202100028503";7;"00:55";"5";"94";"2";"1";"1";6;48;2
"28504";"202100028504";7;"15:15";"1";"94";"2";"1";"1";2;48;2
"28505";"202100028505";7;"23:00";"5";"94";"2";"1";"1";3;48;2
"28506";"202100028506";7;"18:40";"1";"93";"2";"1";"1";6;48;2
"28507";"202100028507";7;"07:30";"1";"93";"2";"1";"1";1;48;2
"28508";"202100028508";7;"22:00";"5";"93";"2";"2";"1";3;48;2
"28509";"202100028509";7;"00:35";"5";"93";"2";"2";"1";3;48;2
"28510";"202100028510";7;"12:45";"1";"92";"2";"2";"1";3;48;2
"28511";"202100028511";7;"19:00";"1";"92";"2";"1";"1";7;48;2
"28512";"202100028512";7;"08:22";"1";"92";"2";"1";"1";7;48;2
"28513";"202100028513";7;"20:05";"1";"92";"2";"2";"1";3;48;2
"28514";"202100028514";7;"14:30";"1";"87";"1";"1";"1";1;45;1
"28515";"202100028515";7;"16:00";"1";"01";"1";"1";"1";3;45;5
"28516";"202100028516";7;"15:18";"1";"28";"1";"1";"1";6;48;1
"28517";"202100028517";7;"06:00";"1";"27";"2";"3";"1";7;48;1
"28518";"202100028518";7;"15:55";"1";"71";"1";"1";"1";7;46;4
"28519";"202100028519";7;"12:20";"1";"83";"1";"1";"1";7;43;6
"28520";"202100028520";7;"23:10";"3";"34";"1";"1";"1";6;43;3
"28521";"202100028521";7;"20:15";"1";"22";"1";"1";"1";7;48;-2
"28522";"202100028522";7;"11:20";"1";"62";"1";"1";"1";3;50;1
"28523";"202100028523";7;"16:10";"1";"56";"1";"1";"1";6;47;-3
"28524";"202100028524";7;"12:00";"1";"74";"1";"1";"1";3;46;6
"28525";"202100028525";7;"17:55";"1";"67";"1";"1";"1";7;48;7
"28526";"202100028526";7;"17:26";"1";"2A";"1";"1";"1";3;41;9
"28527";"202100028527";7;"16:30";"1";"65";"1";"1";"1";1;42;0
"28528";"202100028528";7;"15:35";"1";"69";"1";"1";"1";3;46;4
"28529";"202100028529";7;"12:00";"1";"71";"2";"2";"1";7;46;4
"28530";"202100028530";7;"18:50";"1";"63";"1";"1";"1";7;45;3
"28531";"202100028531";7;"17:30";"1";"61";"1";"1";"1";7;48;0
"28532";"202100028532";7;"08:25";"1";"61";"2";"1";"7";3;48;0
"28533";"202100028533";7;"17:00";"1";"34";"2";"3";"1";3;43;3
"28534";"202100028534";7;"16:10";"1";"34";"2";"1";"1";1;43;2
"28535";"202100028535";7;"23:10";"3";"39";"1";"1";"1";7;47;5
"28536";"202100028536";7;"14:20";"1";"35";"2";"1";"1";1;48;-1
"28537";"202100028537";7;"09:40";"1";"35";"1";"6";"1";2;48;-1
"28538";"202100028538";7;"16:20";"1";"31";"1";"1";"1";6;43;0
"28539";"202100028539";7;"12:10";"1";"84";"1";"1";"1";1;44;5
"28540";"202100028540";7;"14:15";"1";"03";"1";"1";"1";3;46;3
"28541";"202100028541";7;"06:00";"3";"15";"1";"1";"1";6;45;2
"28542";"202100028542";7;"06:30";"2";"01";"1";"1";"1";6;46;5
"28543";"202100028543";7;"13:20";"1";"26";"1";"1";"1";1;44;5
"28544";"202100028544";7;"19:00";"1";"26";"2";"1";"1";3;44;4
"28545";"202100028545";7;"17:30";"1";"26";"1";"1";"1";1;44;4
"28546";"202100028546";7;"16:15";"1";"72";"2";"1";"1";1;47;0
"28547";"202100028547";7;"11:20";"1";"14";"1";"1";"1";6;48;0
"28548";"202100028548";7;"17:30";"1";"64";"1";"1";"1";1;43;-1
"28549";"202100028549";7;"01:10";"5";"64";"2";"1";"1";7;43;0
"28550";"202100028550";7;"17:15";"1";"21";"1";"3";"1";3;46;4
"28551";"202100028551";7;"15:40";"1";"24";"2";"1";"1";6;45;0
"28552";"202100028552";7;"14:00";"1";"85";"1";"2";"1";1;46;-1
"28553";"202100028553";7;"06:15";"2";"27";"2";"1";"1";6;49;0
"28554";"202100028554";7;"20:06";"1";"27";"2";"2";"1";3;49;0
"28555";"202100028555";7;"17:00";"1";"28";"1";"1";"7";6;48;0
"28556";"202100028556";7;"17:30";"1";"38";"1";"1";"1";2;45;5
"28557";"202100028557";7;"18:20";"1";"67";"2";"2";"1";3;48;7
"28558";"202100028558";7;"03:50";"3";"67";"1";"6";"1";6;48;7
"28559";"202100028559";7;"15:30";"1";"06";"2";"3";"1";7;43;6
"28560";"202100028560";7;"19:30";"1";"31";"1";"1";"1";3;43;1
"28561";"202100028561";7;"01:05";"3";"02";"1";"1";"1";2;49;3
"28562";"202100028562";7;"10:30";"1";"988";"1";"1";"1";7;-22;166
"28563";"202100028563";7;"17:10";"1";"77";"1";"1";"1";3;49;3
"28564";"202100028564";7;"00:16";"3";"30";"2";"6";"1";6;44;4
"28565";"202100028565";7;"16:40";"1";"05";"1";"1";"1";3;44;5
"28566";"202100028566";7;"20:10";"1";"13";"2";"1";"1";7;43;5
"28567";"202100028567";7;"02:45";"3";"26";"1";"1";"1";2;45;4
"28568";"202100028568";7;"17:00";"1";"88";"1";"1";"1";7;48;6
"28569";"202100028569";7;"19:01";"1";"74";"1";"1";"1";1;46;6
"28570";"202100028570";7;"16:15";"1";"73";"1";"1";"1";1;45;6
"28571";"202100028571";7;"15:45";"1";"38";"1";"1";"1";1;45;5
"28572";"202100028572";7;"18:10";"1";"38";"2";"1";"1";1;45;5
"28573";"202100028573";7;"20:00";"1";"09";"1";"1";"1";6;42;1
"28574";"202100028574";7;"02:15";"3";"31";"1";"1";"1";1;43;1
"28575";"202100028575";7;"20:00";"2";"40";"2";"3";"1";3;43;0
"28576";"202100028576";7;"19:10";"1";"33";"2";"9";"1";3;45;0
"28577";"202100028577";7;"00:00";"5";"33";"1";"1";"1";6;45;0
"28578";"202100028578";7;"21:05";"2";"50";"1";"2";"7";1;49;-1
"28579";"202100028579";7;"17:00";"1";"14";"1";"2";"1";2;49;0
"28580";"202100028580";7;"14:45";"1";"35";"2";"4";"7";2;48;-1
"28581";"202100028581";7;"18:30";"1";"27";"2";"3";"1";1;49;1
"28582";"202100028582";7;"12:45";"1";"27";"2";"1";"1";2;48;0
"28583";"202100028583";7;"06:22";"1";"60";"2";"1";"1";6;49;2
"28584";"202100028584";7;"19:15";"1";"60";"1";"1";"7";7;49;2
"28585";"202100028585";7;"09:00";"1";"59";"1";"9";"1";3;50;2
"28586";"202100028586";7;"02:07";"3";"13";"1";"1";"1";3;43;5
"28587";"202100028587";7;"17:35";"1";"33";"1";"1";"1";4;44;0
"28588";"202100028588";7;"00:30";"3";"91";"1";"1";"1";2;48;2
"28589";"202100028589";7;"00:00";"4";"92";"1";"1";"1";6;48;2
"28590";"202100028590";7;"13:10";"1";"93";"1";"1";"1";2;48;2
"28591";"202100028591";7;"09:10";"1";"93";"1";"1";"1";2;48;2
"28592";"202100028592";7;"06:35";"2";"93";"1";"1";"1";6;48;2
"28593";"202100028593";7;"18:30";"1";"95";"1";"1";"1";3;49;2
"28594";"202100028594";7;"22:40";"3";"93";"2";"1";"1";3;48;2
"28595";"202100028595";7;"20:50";"1";"93";"1";"1";"1";2;48;2
"28596";"202100028596";7;"17:00";"1";"77";"1";"1";"1";2;48;2
"28597";"202100028597";7;"10:30";"1";"94";"1";"1";"1";6;48;2
"28598";"202100028598";7;"04:20";"3";"75";"1";"1";"2";3;48;2
"28599";"202100028599";7;"12:50";"1";"64";"1";"1";"1";6;43;0
"28600";"202100028600";7;"05:55";"2";"976";"2";"1";"1";3;-12;45
"28601";"202100028601";7;"10:15";"1";"974";"2";"2";"2";3;-20;55
"28602";"202100028602";7;"07:45";"1";"974";"2";"1";"1";3;-20;55
"28603";"202100028603";7;"16:50";"1";"973";"2";"9";"1";3;4;-52
"28604";"202100028604";7;"16:40";"1";"69";"2";"2";"1";3;45;4
"28605";"202100028605";7;"17:05";"1";"972";"1";"1";"1";2;14;-61
"28606";"202100028606";7;"13:55";"1";"972";"1";"1";"1";2;14;-61
"28607";"202100028607";7;"06:35";"1";"972";"1";"1";"1";4;14;-61
"28608";"202100028608";7;"16:45";"1";"69";"2";"2";"1";6;45;4
"28609";"202100028609";7;"05:10";"5";"69";"2";"3";"2";3;45;4
"28610";"202100028610";7;"16:00";"1";"69";"2";"1";"2";6;45;4
"28611";"202100028611";7;"20:50";"1";"95";"2";"6";"2";3;49;2
"28612";"202100028612";7;"13:30";"1";"91";"2";"1";"1";3;48;2
"28613";"202100028613";7;"15:30";"1";"89";"2";"1";"1";6;47;3
"28614";"202100028614";7;"03:40";"5";"87";"2";"1";"1";6;45;1
"28615";"202100028615";7;"17:45";"1";"80";"2";"6";"7";2;49;2
"28616";"202100028616";7;"19:45";"1";"80";"2";"1";"1";3;49;2
"28617";"202100028617";7;"15:08";"1";"80";"2";"3";"2";3;49;2
"28618";"202100028618";7;"17:00";"1";"77";"1";"3";"1";3;48;2
"28619";"202100028619";7;"00:40";"5";"74";"2";"3";"8";6;46;6
"28620";"202100028620";7;"11:35";"1";"72";"2";"9";"1";2;47;0
"28621";"202100028621";7;"12:49";"1";"66";"2";"1";"1";2;42;2
"28622";"202100028622";7;"21:40";"1";"64";"2";"3";"1";7;43;0
"28623";"202100028623";7;"16:25";"1";"64";"1";"1";"1";3;43;0
"28624";"202100028624";7;"01:15";"3";"64";"2";"1";"1";6;43;-1
"28625";"202100028625";7;"13:30";"1";"64";"2";"6";"1";3;43;-1
"28626";"202100028626";7;"11:25";"1";"64";"2";"6";"1";3;43;-1
"28627";"202100028627";7;"23:30";"5";"64";"2";"1";"1";2;43;-1
"28628";"202100028628";7;"15:08";"1";"63";"2";"2";"1";4;45;3
"28629";"202100028629";7;"14:15";"1";"59";"2";"1";"1";3;50;3
"28630";"202100028630";7;"15:10";"1";"59";"2";"1";"1";1;50;3
"28631";"202100028631";7;"10:07";"1";"57";"2";"1";"2";6;49;6
"28632";"202100028632";7;"10:55";"1";"56";"2";"3";"1";3;47;-3
"28633";"202100028633";7;"07:45";"1";"56";"2";"1";"1";6;47;-3
"28634";"202100028634";7;"07:55";"1";"54";"2";"3";"1";2;48;6
"28635";"202100028635";7;"14:15";"1";"51";"2";"1";"8";6;49;3
"28636";"202100028636";7;"07:30";"2";"50";"2";"6";"1";3;49;-1
"28637";"202100028637";7;"09:50";"1";"50";"2";"1";"1";2;49;-1
"28638";"202100028638";7;"20:05";"1";"49";"2";"1";"1";7;47;0
"28639";"202100028639";7;"20:54";"1";"49";"2";"1";"1";6;47;0
"28640";"202100028640";7;"07:44";"1";"49";"2";"6";"1";3;47;0
"28641";"202100028641";7;"15:45";"1";"49";"2";"1";"1";6;47;0
"28642";"202100028642";7;"17:53";"1";"47";"2";"2";"1";3;44;0
"28643";"202100028643";7;"10:35";"1";"44";"2";"2";"1";3;47;-2
"28644";"202100028644";7;"17:10";"1";"37";"2";"1";"1";6;47;0
"28645";"202100028645";7;"16:55";"1";"37";"2";"1";"1";6;47;0
"28646";"202100028646";7;"12:25";"1";"35";"2";"2";"1";3;48;-1
"28647";"202100028647";7;"06:57";"1";"34";"1";"1";"1";5;43;3
"28648";"202100028648";7;"01:40";"5";"33";"2";"3";"1";1;44;0
"28649";"202100028649";7;"16:40";"1";"33";"2";"1";"1";2;44;0
"28650";"202100028650";7;"00:00";"5";"31";"2";"9";"1";1;43;1
"28651";"202100028651";7;"15:15";"1";"31";"2";"1";"1";3;43;1
"28652";"202100028652";7;"04:30";"5";"31";"2";"1";"1";6;43;1
"28653";"202100028653";7;"22:55";"5";"30";"2";"1";"1";3;43;4
"28654";"202100028654";7;"07:30";"1";"30";"2";"3";"1";6;43;4
"28655";"202100028655";7;"19:05";"1";"30";"2";"1";"1";6;43;4
"28656";"202100028656";7;"23:15";"5";"30";"2";"1";"1";6;44;4
"28657";"202100028657";7;"17:45";"1";"30";"2";"1";"1";1;44;4
"28658";"202100028658";7;"19:05";"1";"27";"2";"1";"1";6;49;1
"28659";"202100028659";7;"10:30";"1";"26";"2";"6";"1";2;44;4
"28660";"202100028660";7;"01:10";"3";"25";"1";"1";"1";6;47;6
"28661";"202100028661";7;"23:40";"5";"25";"2";"1";"8";7;47;5
"28662";"202100028662";7;"20:50";"1";"22";"2";"1";"2";2;48;-2
"28663";"202100028663";7;"11:15";"1";"14";"1";"1";"1";6;49;0
"28664";"202100028664";7;"23:15";"5";"13";"2";"1";"1";7;43;5
"28665";"202100028665";7;"18:00";"1";"13";"2";"9";"1";3;43;5
"28666";"202100028666";7;"18:35";"1";"13";"2";"1";"1";3;43;5
"28667";"202100028667";7;"11:25";"1";"13";"2";"1";"1";2;43;5
"28668";"202100028668";7;"23:48";"3";"11";"1";"1";"1";6;43;2
"28669";"202100028669";7;"14:56";"1";"11";"1";"1";"1";3;43;2
"28670";"202100028670";7;"22:45";"5";"10";"2";"6";"1";7;48;4
"28671";"202100028671";7;"12:50";"1";"06";"2";"1";"1";7;43;6
"28672";"202100028672";7;"00:50";"5";"06";"2";"9";"1";7;43;7
"28673";"202100028673";7;"14:40";"1";"04";"1";"1";"1";7;44;6
"28674";"202100028674";7;"14:15";"1";"75";"2";"4";"1";5;48;2
"28675";"202100028675";7;"07:45";"1";"75";"2";"1";"1";7;48;2
"28676";"202100028676";7;"23:30";"5";"75";"2";"1";"8";6;48;2
"28677";"202100028677";7;"14:50";"1";"75";"2";"1";"1";3;48;2
"28678";"202100028678";7;"10:25";"1";"75";"2";"7";"1";6;48;2
"28679";"202100028679";7;"12:00";"1";"75";"2";"2";"1";7;48;2
"28680";"202100028680";7;"15:00";"1";"75";"2";"2";"1";6;48;2
"28681";"202100028681";7;"13:50";"1";"75";"2";"2";"1";3;48;2
"28682";"202100028682";7;"10:00";"1";"75";"2";"2";"8";6;48;2
"28683";"202100028683";7;"19:55";"1";"75";"2";"2";"1";5;48;2
"28684";"202100028684";7;"05:15";"5";"75";"2";"7";"1";3;48;2
"28685";"202100028685";7;"15:20";"1";"75";"2";"3";"1";6;48;2
"28686";"202100028686";7;"17:20";"1";"75";"2";"3";"1";6;48;2
"28687";"202100028687";7;"14:15";"1";"75";"2";"1";"1";1;48;2
"28688";"202100028688";7;"13:15";"1";"75";"2";"1";"1";2;48;2
"28689";"202100028689";7;"12:10";"1";"75";"2";"2";"1";2;48;2
"28690";"202100028690";7;"17:30";"1";"75";"2";"1";"1";3;48;2
"28691";"202100028691";7;"18:00";"1";"75";"2";"4";"1";2;48;2
"28692";"202100028692";7;"10:05";"1";"75";"2";"1";"8";3;48;2
"28693";"202100028693";7;"18:20";"1";"94";"2";"2";"1";3;48;2
"28694";"202100028694";7;"12:45";"1";"94";"2";"2";"8";3;48;2
"28695";"202100028695";7;"06:35";"2";"94";"2";"1";"8";2;48;2
"28696";"202100028696";7;"16:05";"1";"94";"2";"2";"1";1;48;2
"28697";"202100028697";7;"10:31";"1";"94";"1";"1";"1";3;48;2
"28698";"202100028698";7;"23:00";"5";"94";"2";"1";"1";7;48;2
"28699";"202100028699";7;"10:50";"1";"93";"1";"1";"1";3;48;2
"28700";"202100028700";7;"15:30";"1";"93";"2";"1";"1";3;48;2
"28701";"202100028701";7;"22:55";"5";"93";"2";"2";"1";1;48;2
"28702";"202100028702";7;"20:00";"1";"93";"2";"1";"1";1;48;2
"28703";"202100028703";7;"16:56";"1";"93";"2";"1";"1";3;48;2
"28704";"202100028704";7;"14:20";"1";"93";"2";"2";"1";3;48;2
"28705";"202100028705";7;"20:00";"1";"93";"2";"1";"1";3;48;2
"28706";"202100028706";7;"17:35";"1";"93";"2";"2";"1";3;48;2
"28707";"202100028707";7;"18:19";"1";"92";"2";"1";"1";3;48;2
"28708";"202100028708";7;"17:25";"1";"92";"2";"9";"1";6;48;2
"28709";"202100028709";7;"07:55";"1";"92";"2";"1";"1";2;48;2
"28710";"202100028710";7;"21:00";"2";"92";"2";"3";"1";3;48;2
"28711";"202100028711";7;"12:45";"1";"92";"2";"1";"1";2;48;2
"28712";"202100028712";7;"10:42";"1";"92";"2";"1";"1";6;48;2
"28713";"202100028713";7;"20:10";"1";"92";"2";"1";"1";6;48;2
"28714";"202100028714";7;"16:55";"1";"35";"1";"1";"1";3;48;-1
"28715";"202100028715";7;"14:55";"1";"2A";"1";"1";"1";7;42;8
"28716";"202100028716";7;"17:00";"1";"17";"2";"1";"1";6;46;-1
"28717";"202100028717";7;"10:30";"1";"972";"2";"1";"6";6;14;-60
"28718";"202100028718";7;"19:10";"1";"38";"1";"9";"1";6;45;5
"28719";"202100028719";7;"06:30";"1";"84";"2";"1";"1";6;43;5
"28720";"202100028720";7;"19:30";"1";"85";"1";"1";"7";6;46;0
"28721";"202100028721";7;"05:30";"2";"34";"1";"1";"1";6;43;3
"28722";"202100028722";7;"14:25";"1";"2B";"1";"1";"1";3;42;9
"28723";"202100028723";7;"18:15";"2";"74";"2";"1";"2";6;45;6
"28724";"202100028724";7;"03:00";"3";"78";"1";"1";"1";6;48;1
"28725";"202100028725";7;"18:30";"1";"80";"1";"1";"1";7;49;2
"28726";"202100028726";7;"15:09";"1";"65";"1";"1";"1";1;43;0
"28727";"202100028727";7;"19:00";"1";"33";"2";"6";"1";3;45;0
"28728";"202100028728";7;"10:20";"1";"89";"1";"1";"1";6;47;3
"28729";"202100028729";7;"18:30";"1";"61";"2";"3";"1";7;48;0
"28730";"202100028730";7;"22:30";"4";"49";"2";"1";"1";3;47;0
"28731";"202100028731";7;"16:50";"1";"49";"1";"1";"1";3;47;0
"28732";"202100028732";7;"10:57";"1";"12";"1";"1";"1";1;44;3
"28733";"202100028733";7;"18:30";"1";"47";"1";"2";"1";3;44;0
"28734";"202100028734";7;"20:00";"1";"68";"1";"1";"1";3;47;7
"28735";"202100028735";7;"15:15";"1";"44";"1";"1";"1";2;47;-1
"28736";"202100028736";7;"22:40";"5";"31";"2";"1";"1";6;43;1
"28737";"202100028737";7;"13:05";"1";"14";"1";"6";"1";3;49;0
"28738";"202100028738";7;"21:10";"2";"14";"1";"1";"1";1;49;0
"28739";"202100028739";7;"19:35";"1";"18";"1";"1";"8";6;47;2
"28740";"202100028740";7;"09:15";"1";"18";"1";"9";"1";3;47;3
"28741";"202100028741";7;"18:50";"1";"16";"1";"1";"1";6;45;0
"28742";"202100028742";7;"23:45";"3";"24";"1";"1";"1";1;44;0
"28743";"202100028743";7;"16:10";"1";"04";"1";"1";"1";6;43;6
"28744";"202100028744";7;"15:30";"1";"04";"1";"1";"1";3;43;6
"28745";"202100028745";7;"11:45";"1";"85";"2";"1";"1";5;46;-1
"28746";"202100028746";7;"09:00";"1";"27";"1";"1";"1";2;49;1
"28747";"202100028747";7;"09:00";"1";"27";"1";"1";"1";1;49;0
"28748";"202100028748";7;"00:30";"5";"88";"2";"3";"1";6;48;6
"28749";"202100028749";7;"23:50";"3";"13";"1";"1";"1";3;43;5
"28750";"202100028750";7;"23:35";"4";"01";"1";"1";"1";2;45;5
"28751";"202100028751";7;"18:35";"1";"53";"1";"1";"1";2;48;0
"28752";"202100028752";7;"02:15";"3";"33";"1";"9";"1";2;44;-1
"28753";"202100028753";7;"11:25";"1";"06";"1";"1";"1";5;43;6
"28754";"202100028754";7;"09:45";"1";"06";"1";"1";"1";6;43;7
"28755";"202100028755";7;"20:30";"1";"22";"1";"1";"1";7;48;-2
"28756";"202100028756";7;"06:15";"1";"59";"1";"1";"1";2;50;3
"28757";"202100028757";7;"16:30";"1";"62";"1";"1";"1";3;50;2
"28758";"202100028758";7;"10:55";"1";"988";"1";"1";"5";6;-21;165
"28759";"202100028759";7;"18:00";"1";"33";"2";"1";"1";6;45;-1
"28760";"202100028760";7;"16:50";"1";"41";"2";"2";"1";1;47;1
"28761";"202100028761";7;"11:15";"1";"95";"1";"1";"1";6;49;1
"28762";"202100028762";7;"12:20";"1";"91";"2";"6";"1";1;48;2
"28763";"202100028763";7;"10:55";"1";"83";"1";"6";"1";6;43;6
"28764";"202100028764";7;"23:00";"3";"83";"1";"1";"1";6;43;6
"28765";"202100028765";7;"17:00";"1";"04";"1";"1";"1";7;44;6
"28766";"202100028766";7;"05:30";"2";"13";"2";"1";"1";6;43;5
"28767";"202100028767";7;"15:30";"1";"73";"2";"7";"7";6;45;6
"28768";"202100028768";7;"20:00";"1";"38";"1";"1";"1";3;45;5
"28769";"202100028769";7;"04:00";"3";"69";"1";"1";"2";7;45;4
"28770";"202100028770";7;"13:15";"1";"17";"2";"2";"1";3;45;0
"28771";"202100028771";7;"02:05";"3";"33";"1";"6";"1";6;44;0
"28772";"202100028772";7;"22:15";"2";"44";"1";"6";"1";7;47;-2
"28773";"202100028773";7;"17:32";"1";"50";"1";"1";"1";2;48;-1
"28774";"202100028774";7;"04:00";"3";"27";"2";"1";"1";7;49;1
"28775";"202100028775";7;"19:05";"1";"60";"1";"1";"1";7;49;2
"28776";"202100028776";7;"17:50";"1";"80";"1";"1";"1";2;49;2
"28777";"202100028777";7;"12:15";"1";"13";"1";"1";"1";4;43;5
"28778";"202100028778";7;"15:50";"1";"13";"1";"1";"1";2;43;5