"";"Num_Acc";"mois";"hrmn";"lum";"dep";"agg";"int";"atm";"col";"lat";"long"
"28779";"202100028779";7;"17:50";"1";"69";"1";"1";"2";4;45;4
"28780";"202100028780";7;"23:55";"3";"69";"1";"1";"1";6;45;4
"28781";"202100028781";7;"15:25";"1";"33";"1";"1";"1";4;44;0
"28782";"202100028782";7;"14:25";"1";"94";"1";"1";"1";5;48;2
"28783";"202100028783";7;"15:20";"1";"91";"1";"1";"1";3;48;2
"28784";"202100028784";7;"17:15";"1";"92";"1";"1";"1";5;48;2
"28785";"202100028785";7;"03:38";"5";"92";"2";"1";"1";1;48;2
"28786";"202100028786";7;"03:15";"5";"92";"1";"1";"1";2;48;2
"28787";"202100028787";7;"12:30";"1";"95";"1";"1";"1";2;48;2
"28788";"202100028788";7;"18:00";"1";"93";"1";"1";"1";3;48;2
"28789";"202100028789";7;"05:00";"3";"93";"1";"1";"1";2;48;2
"28790";"202100028790";7;"09:15";"1";"94";"2";"6";"1";6;48;2
"28791";"202100028791";7;"04:15";"3";"988";"1";"4";"1";1;-22;166
"28792";"202100028792";7;"05:15";"3";"974";"1";"1";"1";6;-21;55
"28793";"202100028793";7;"21:00";"2";"69";"2";"2";"2";3;45;4
"28794";"202100028794";7;"07:30";"1";"69";"1";"9";"1";1;45;4
"28795";"202100028795";7;"21:20";"5";"972";"2";"1";"2";7;14;-61
"28796";"202100028796";7;"07:20";"1";"2A";"2";"6";"1";2;41;8
"28797";"202100028797";7;"21:10";"5";"95";"2";"1";"8";6;48;2
"28798";"202100028798";7;"19:39";"1";"95";"2";"1";"1";6;48;2
"28799";"202100028799";7;"20:45";"1";"91";"2";"2";"1";3;48;2
"28800";"202100028800";7;"05:45";"4";"91";"2";"1";"1";7;48;2
"28801";"202100028801";7;"10:39";"1";"87";"2";"2";"1";3;45;1
"28802";"202100028802";7;"18:02";"1";"87";"2";"1";"2";7;45;1
"28803";"202100028803";7;"13:23";"1";"80";"2";"1";"2";6;49;2
"28804";"202100028804";7;"19:00";"2";"80";"1";"1";"2";2;49;2
"28805";"202100028805";7;"20:50";"1";"77";"2";"6";"1";3;48;2
"28806";"202100028806";7;"12:20";"1";"77";"1";"1";"1";6;48;2
"28807";"202100028807";7;"19:25";"1";"76";"2";"2";"1";1;49;1
"28808";"202100028808";7;"23:59";"5";"76";"2";"1";"1";6;49;0
"28809";"202100028809";7;"02:12";"5";"76";"2";"3";"1";6;49;0
"28810";"202100028810";7;"10:48";"1";"74";"2";"1";"2";7;46;6
"28811";"202100028811";7;"17:25";"1";"71";"1";"1";"2";6;46;4
"28812";"202100028812";7;"18:20";"1";"69";"1";"4";"2";2;45;4
"28813";"202100028813";7;"12:30";"1";"69";"2";"3";"1";3;45;4
"28814";"202100028814";7;"18:21";"1";"66";"2";"1";"1";2;42;2
"28815";"202100028815";7;"18:03";"1";"64";"2";"3";"2";5;43;-1
"28816";"202100028816";7;"08:30";"1";"64";"2";"1";"1";3;43;0
"28817";"202100028817";7;"18:50";"1";"64";"2";"1";"1";3;43;-1
"28818";"202100028818";7;"03:25";"5";"59";"2";"1";"1";6;50;3
"28819";"202100028819";7;"11:15";"1";"57";"1";"1";"2";2;49;6
"28820";"202100028820";7;"04:05";"5";"56";"2";"6";"1";6;47;-3
"28821";"202100028821";7;"15:15";"1";"51";"2";"1";"2";7;49;4
"28822";"202100028822";7;"17:30";"1";"50";"2";"3";"1";3;49;-1
"28823";"202100028823";7;"14:00";"1";"45";"2";"3";"1";2;47;1
"28824";"202100028824";7;"17:10";"1";"45";"2";"6";"1";3;47;1
"28825";"202100028825";7;"07:35";"1";"42";"2";"6";"2";3;46;4
"28826";"202100028826";7;"00:25";"5";"42";"2";"1";"2";6;45;4
"28827";"202100028827";7;"23:30";"5";"41";"2";"1";"2";6;47;1
"28828";"202100028828";7;"02:10";"5";"38";"2";"2";"2";3;45;5
"28829";"202100028829";7;"01:15";"5";"35";"2";"1";"1";6;48;-1
"28830";"202100028830";7;"15:50";"1";"35";"2";"9";"1";6;48;-1
"28831";"202100028831";7;"12:30";"1";"35";"2";"3";"1";2;48;-1
"28832";"202100028832";7;"00:30";"5";"35";"2";"1";"1";6;48;-1
"28833";"202100028833";7;"16:00";"1";"33";"2";"1";"1";6;44;-1
"28834";"202100028834";7;"14:05";"1";"31";"1";"1";"1";2;43;1
"28835";"202100028835";7;"08:30";"1";"31";"2";"1";"1";3;43;1
"28836";"202100028836";7;"01:45";"5";"29";"2";"1";"1";6;47;-3
"28837";"202100028837";7;"19:55";"1";"25";"2";"1";"2";6;47;6
"28838";"202100028838";7;"16:45";"1";"24";"1";"1";"1";1;44;0
"28839";"202100028839";7;"18:00";"1";"15";"2";"1";"1";4;44;2
"28840";"202100028840";7;"10:20";"1";"13";"2";"1";"1";3;43;4
"28841";"202100028841";7;"00:05";"5";"13";"2";"1";"1";3;43;5
"28842";"202100028842";7;"00:30";"5";"13";"2";"1";"1";1;43;5
"28843";"202100028843";7;"14:20";"1";"07";"1";"1";"1";1;44;4
"28844";"202100028844";7;"13:35";"1";"06";"2";"1";"1";2;43;7
"28845";"202100028845";7;"18:00";"1";"06";"2";"1";"8";5;43;6
"28846";"202100028846";7;"14:00";"1";"06";"1";"1";"1";6;43;7
"28847";"202100028847";7;"08:50";"1";"06";"2";"1";"1";6;43;7
"28848";"202100028848";7;"13:40";"1";"01";"1";"1";"3";1;46;5
"28849";"202100028849";7;"15:20";"1";"75";"2";"1";"1";2;48;2
"28850";"202100028850";7;"13:35";"1";"75";"2";"1";"1";7;48;2
"28851";"202100028851";7;"22:04";"5";"75";"2";"2";"1";3;48;2
"28852";"202100028852";7;"10:50";"1";"75";"2";"5";"1";3;48;2
"28853";"202100028853";7;"19:41";"2";"75";"2";"2";"1";3;48;2
"28854";"202100028854";7;"15:50";"1";"75";"2";"3";"1";3;48;2
"28855";"202100028855";7;"02:29";"4";"75";"2";"1";"1";6;48;2
"28856";"202100028856";7;"16:00";"1";"75";"2";"3";"1";3;48;2
"28857";"202100028857";7;"09:40";"1";"75";"2";"2";"1";3;48;2
"28858";"202100028858";7;"19:10";"1";"75";"2";"2";"1";3;48;2
"28859";"202100028859";7;"19:00";"1";"75";"2";"1";"1";6;48;2
"28860";"202100028860";7;"16:00";"1";"75";"2";"2";"1";3;48;2
"28861";"202100028861";7;"01:30";"5";"75";"2";"2";"1";1;48;2
"28862";"202100028862";7;"10:45";"1";"75";"2";"1";"1";6;48;2
"28863";"202100028863";7;"02:10";"5";"75";"2";"2";"1";3;48;2
"28864";"202100028864";7;"01:15";"5";"75";"2";"2";"1";7;48;2
"28865";"202100028865";7;"21:10";"2";"75";"2";"3";"2";6;48;2
"28866";"202100028866";7;"21:40";"5";"94";"2";"3";"1";3;48;2
"28867";"202100028867";7;"20:10";"1";"94";"2";"1";"1";3;48;2
"28868";"202100028868";7;"08:00";"1";"94";"1";"9";"1";6;48;2
"28869";"202100028869";7;"14:30";"1";"94";"2";"1";"1";2;48;2
"28870";"202100028870";7;"05:50";"1";"94";"2";"1";"1";6;48;2
"28871";"202100028871";7;"18:25";"1";"94";"2";"1";"1";6;48;2
"28872";"202100028872";7;"21:15";"1";"93";"2";"3";"1";3;48;2
"28873";"202100028873";7;"20:30";"1";"93";"2";"1";"1";1;48;2
"28874";"202100028874";7;"15:10";"1";"93";"2";"1";"1";6;48;2
"28875";"202100028875";7;"11:09";"1";"93";"2";"1";"1";6;48;2
"28876";"202100028876";7;"21:00";"1";"93";"2";"1";"1";3;48;2
"28877";"202100028877";7;"09:10";"1";"92";"2";"1";"1";7;48;2
"28878";"202100028878";7;"20:15";"1";"92";"2";"1";"1";3;48;2
"28879";"202100028879";7;"15:50";"1";"92";"2";"1";"1";3;48;2
"28880";"202100028880";7;"20:15";"2";"92";"2";"1";"1";6;48;2
"28881";"202100028881";7;"17:50";"1";"92";"2";"2";"1";3;48;2
"28882";"202100028882";7;"13:34";"1";"92";"2";"1";"1";3;48;2
"28883";"202100028883";7;"08:40";"1";"92";"2";"1";"1";4;48;2
"28884";"202100028884";7;"04:30";"5";"92";"2";"1";"3";7;48;2
"28885";"202100028885";7;"15:45";"1";"92";"2";"3";"1";3;48;2
"28886";"202100028886";7;"14:40";"1";"11";"1";"1";"1";1;43;2
"28887";"202100028887";5;"03:20";"3";"60";"1";"1";"8";6;49;1
"28888";"202100028888";7;"05:40";"2";"62";"2";"9";"1";6;50;2
"28889";"202100028889";7;"20:45";"2";"91";"2";"3";"1";2;48;2
"28890";"202100028890";7;"08:45";"1";"974";"2";"3";"1";3;-21;55
"28891";"202100028891";7;"05:45";"2";"35";"1";"1";"1";2;48;-1
"28892";"202100028892";7;"01:31";"3";"01";"2";"1";"1";6;45;4
"28893";"202100028893";7;"17:43";"1";"22";"1";"1";"1";7;48;-2
"28894";"202100028894";7;"14:50";"1";"22";"1";"2";"1";2;48;-2
"28895";"202100028895";7;"17:30";"1";"34";"1";"1";"1";1;43;3
"28896";"202100028896";6;"22:15";"2";"51";"2";"1";"1";2;48;4
"28897";"202100028897";7;"09:25";"1";"56";"2";"3";"1";3;47;-3
"28898";"202100028898";7;"05:35";"3";"56";"1";"1";"1";6;47;-2
"28899";"202100028899";7;"08:45";"1";"79";"1";"1";"1";6;46;0
"28900";"202100028900";7;"15:50";"1";"31";"2";"1";"1";6;43;1
"28901";"202100028901";7;"06:50";"2";"81";"2";"2";"1";6;43;1
"28902";"202100028902";7;"11:50";"1";"63";"1";"1";"2";6;45;3
"28903";"202100028903";7;"07:50";"1";"61";"1";"2";"1";1;48;0
"28904";"202100028904";7;"17:55";"1";"49";"1";"1";"1";6;47;0
"28905";"202100028905";7;"15:03";"1";"12";"1";"2";"1";3;44;2
"28906";"202100028906";6;"12:30";"1";"46";"1";"1";"1";6;44;1
"28907";"202100028907";7;"23:50";"3";"34";"1";"1";"1";7;43;3
"28908";"202100028908";7;"08:58";"2";"25";"1";"1";"2";7;47;6
"28909";"202100028909";7;"18:30";"1";"44";"1";"1";"1";6;47;-1
"28910";"202100028910";7;"13:35";"1";"44";"1";"1";"7";1;47;-1
"28911";"202100028911";7;"10:25";"1";"44";"1";"9";"1";3;47;-2
"28912";"202100028912";7;"02:05";"3";"34";"1";"1";"1";2;43;3
"28913";"202100028913";7;"20:45";"1";"31";"1";"1";"1";1;43;1
"28914";"202100028914";7;"17:45";"1";"38";"1";"1";"3";1;45;5
"28915";"202100028915";7;"10:52";"1";"38";"1";"1";"2";1;45;5
"28916";"202100028916";7;"06:10";"2";"13";"1";"1";"1";1;43;4
"28917";"202100028917";7;"19:35";"1";"06";"1";"1";"8";6;44;6
"28918";"202100028918";7;"17:37";"1";"06";"2";"1";"1";6;43;7
"28919";"202100028919";7;"04:45";"3";"14";"1";"1";"1";3;48;0
"28920";"202100028920";7;"19:45";"1";"83";"1";"1";"1";6;43;6
"28921";"202100028921";7;"20:40";"1";"64";"1";"1";"2";7;43;0
"28922";"202100028922";7;"18:45";"1";"43";"1";"2";"2";7;44;4
"28923";"202100028923";7;"15:55";"1";"24";"2";"1";"1";2;45;1
"28924";"202100028924";7;"16:15";"1";"17";"1";"1";"1";6;46;0
"28925";"202100028925";7;"13:50";"1";"42";"2";"2";"8";3;45;4
"28926";"202100028926";7;"13:49";"1";"06";"1";"1";"2";3;43;7
"28927";"202100028927";7;"11:30";"1";"976";"2";"1";"1";1;-12;45
"28928";"202100028928";7;"19:45";"3";"973";"1";"1";"1";1;5;-53
"28929";"202100028929";7;"13:20";"1";"78";"2";"1";"1";1;48;1
"28930";"202100028930";7;"17:00";"1";"30";"1";"1";"1";7;44;3
"28931";"202100028931";7;"19:30";"1";"84";"1";"1";"1";3;44;4
"28932";"202100028932";7;"11:25";"1";"83";"1";"9";"1";3;43;6
"28933";"202100028933";7;"17:15";"1";"13";"1";"4";"1";3;43;5
"28934";"202100028934";7;"10:15";"1";"42";"1";"3";"8";1;45;4
"28935";"202100028935";7;"17:27";"1";"69";"2";"1";"3";4;46;4
"28936";"202100028936";7;"17:00";"1";"69";"2";"9";"2";3;45;4
"28937";"202100028937";7;"20:20";"1";"33";"1";"2";"1";3;45;0
"28938";"202100028938";7;"15:55";"1";"50";"1";"2";"1";3;49;-1
"28939";"202100028939";7;"18:30";"1";"60";"2";"1";"1";7;49;2
"28940";"202100028940";7;"21:10";"1";"13";"2";"1";"1";1;43;5
"28941";"202100028941";7;"22:00";"3";"13";"1";"1";"1";3;43;5
"28942";"202100028942";7;"06:10";"1";"13";"1";"1";"1";7;43;5
"28943";"202100028943";7;"14:40";"1";"33";"1";"9";"1";5;44;0
"28944";"202100028944";7;"14:00";"1";"91";"1";"1";"1";2;48;2
"28945";"202100028945";7;"13:00";"1";"91";"1";"1";"1";2;48;2
"28946";"202100028946";7;"20:50";"1";"78";"1";"1";"1";6;48;2
"28947";"202100028947";7;"23:30";"5";"78";"1";"1";"1";2;48;1
"28948";"202100028948";7;"22:25";"5";"78";"1";"1";"1";2;48;1
"28949";"202100028949";7;"20:20";"1";"78";"1";"1";"1";2;48;2
"28950";"202100028950";7;"16:00";"1";"93";"1";"1";"1";4;48;2
"28951";"202100028951";7;"16:45";"1";"92";"1";"1";"1";2;48;2
"28952";"202100028952";7;"13:30";"1";"93";"1";"1";"1";2;48;2
"28953";"202100028953";7;"19:00";"1";"95";"1";"1";"1";6;49;2
"28954";"202100028954";7;"11:00";"1";"93";"1";"1";"8";7;48;2
"28955";"202100028955";7;"10:50";"1";"93";"1";"1";"2";6;48;2
"28956";"202100028956";7;"18:40";"1";"94";"1";"1";"1";3;48;2
"28957";"202100028957";7;"17:45";"1";"94";"1";"1";"1";5;48;2
"28958";"202100028958";7;"08:20";"1";"94";"1";"1";"2";2;48;2
"28959";"202100028959";7;"09:50";"1";"69";"2";"2";"2";3;45;4
"28960";"202100028960";7;"06:00";"2";"69";"2";"1";"1";7;45;4
"28961";"202100028961";7;"11:20";"1";"972";"2";"1";"1";7;14;-61
"28962";"202100028962";7;"22:20";"5";"69";"2";"1";"1";7;45;4
"28963";"202100028963";7;"12:05";"1";"69";"2";"1";"1";3;45;4
"28964";"202100028964";7;"01:25";"5";"83";"2";"1";"1";2;43;5
"28965";"202100028965";7;"06:00";"1";"76";"2";"1";"1";6;49;1
"28966";"202100028966";7;"09:50";"1";"67";"2";"6";"2";6;48;7
"28967";"202100028967";7;"09:50";"1";"64";"2";"1";"1";3;43;-1
"28968";"202100028968";6;"01:45";"5";"54";"2";"1";"1";6;48;6
"28969";"202100028969";7;"22:10";"5";"54";"2";"2";"3";3;48;6
"28970";"202100028970";7;"19:50";"1";"42";"2";"2";"1";6;45;4
"28971";"202100028971";7;"10:40";"1";"42";"2";"4";"1";3;46;4
"28972";"202100028972";7;"17:50";"1";"33";"2";"1";"1";7;44;-1
"28973";"202100028973";7;"10:32";"1";"17";"1";"1";"2";2;46;-1
"28974";"202100028974";7;"19:42";"1";"14";"2";"2";"1";3;49;0
"28975";"202100028975";7;"13:50";"1";"14";"2";"9";"1";3;49;0
"28976";"202100028976";7;"20:40";"2";"13";"2";"2";"1";3;43;5
"28977";"202100028977";7;"15:00";"1";"13";"2";"1";"1";3;43;5
"28978";"202100028978";7;"22:50";"3";"13";"1";"1";"1";1;43;5
"28979";"202100028979";7;"06:20";"2";"13";"2";"9";"1";1;43;5
"28980";"202100028980";7;"13:23";"1";"06";"2";"1";"1";6;43;7
"28981";"202100028981";7;"20:50";"2";"06";"2";"1";"1";6;43;6
"28982";"202100028982";7;"18:20";"1";"06";"2";"1";"1";2;43;7
"28983";"202100028983";7;"17:15";"1";"75";"2";"2";"1";3;48;2
"28984";"202100028984";7;"21:53";"2";"75";"2";"3";"8";6;48;2
"28985";"202100028985";7;"17:25";"1";"75";"2";"4";"1";3;48;2
"28986";"202100028986";7;"17:00";"1";"75";"2";"2";"1";6;48;2
"28987";"202100028987";7;"16:45";"1";"75";"2";"7";"1";3;48;2
"28988";"202100028988";7;"17:05";"1";"75";"2";"1";"3";7;48;2
"28989";"202100028989";7;"17:20";"1";"75";"2";"3";"1";6;48;2
"28990";"202100028990";7;"18:10";"1";"75";"2";"2";"1";1;48;2
"28991";"202100028991";7;"03:20";"5";"75";"2";"1";"3";6;48;2
"28992";"202100028992";7;"00:30";"5";"94";"2";"3";"2";3;48;2
"28993";"202100028993";7;"18:17";"1";"94";"2";"1";"1";6;48;2
"28994";"202100028994";7;"09:15";"1";"94";"2";"2";"8";3;48;2
"28995";"202100028995";7;"19:05";"1";"94";"1";"1";"1";2;48;2
"28996";"202100028996";7;"13:30";"1";"93";"2";"1";"1";6;48;2
"28997";"202100028997";7;"22:40";"5";"93";"2";"1";"3";6;48;2
"28998";"202100028998";7;"00:00";"3";"93";"2";"1";"3";6;48;2
"28999";"202100028999";7;"20:20";"1";"93";"2";"9";"1";3;48;2
"29000";"202100029000";7;"16:50";"1";"92";"2";"1";"1";7;48;2
"29001";"202100029001";7;"19:40";"1";"92";"2";"2";"3";6;48;2
"29002";"202100029002";7;"16:55";"1";"92";"2";"1";"1";6;48;2
"29003";"202100029003";7;"09:55";"1";"974";"2";"3";"1";6;-21;55
"29004";"202100029004";7;"01:25";"3";"37";"2";"1";"1";6;47;0
"29005";"202100029005";7;"15:10";"1";"47";"2";"1";"1";6;44;0
"29006";"202100029006";7;"03:00";"3";"01";"1";"6";"2";6;45;4
"29007";"202100029007";7;"09:15";"1";"71";"1";"1";"2";1;46;3
"29008";"202100029008";7;"19:00";"1";"11";"2";"2";"1";5;43;2
"29009";"202100029009";7;"23:00";"3";"58";"2";"1";"1";2;47;2
"29010";"202100029010";7;"18:30";"1";"85";"2";"1";"1";1;46;-1
"29011";"202100029011";7;"00:56";"3";"37";"1";"1";"1";2;47;0
"29012";"202100029012";7;"07:35";"1";"66";"1";"1";"1";1;42;2
"29013";"202100029013";7;"14:10";"1";"56";"1";"2";"1";2;47;-3
"29014";"202100029014";7;"11:30";"1";"56";"1";"3";"1";3;47;-2
"29015";"202100029015";7;"16:45";"1";"76";"1";"1";"1";7;49;1
"29016";"202100029016";7;"05:09";"3";"76";"1";"2";"1";2;49;1
"29017";"202100029017";7;"21:25";"2";"79";"1";"1";"1";6;46;0
"29018";"202100029018";7;"16:50";"1";"2B";"1";"1";"1";1;42;8
"29019";"202100029019";7;"13:35";"1";"33";"2";"1";"1";7;44;-1
"29020";"202100029020";7;"02:30";"3";"11";"1";"1";"1";6;43;2
"29021";"202100029021";7;"11:10";"1";"71";"1";"1";"2";2;46;4
"29022";"202100029022";7;"14:45";"1";"89";"2";"1";"8";4;48;3
"29023";"202100029023";7;"10:45";"1";"61";"1";"1";"1";2;48;0
"29024";"202100029024";7;"21:20";"5";"68";"2";"1";"3";7;47;7
"29025";"202100029025";7;"16:29";"1";"44";"2";"1";"1";1;47;-2
"29026";"202100029026";7;"21:30";"1";"29";"1";"2";"1";3;48;-4
"29027";"202100029027";7;"18:50";"1";"29";"1";"1";"1";6;48;-4
"29028";"202100029028";7;"01:45";"4";"29";"2";"1";"1";2;48;-4
"29029";"202100029029";7;"20:30";"1";"31";"2";"1";"1";6;43;0
"29030";"202100029030";7;"20:25";"2";"01";"1";"1";"2";5;46;5
"29031";"202100029031";7;"02:45";"3";"01";"1";"1";"2";7;45;5
"29032";"202100029032";7;"09:00";"1";"06";"2";"9";"1";6;43;6
"29033";"202100029033";7;"04:30";"3";"60";"1";"1";"1";6;49;2
"29034";"202100029034";7;"10:50";"1";"60";"1";"2";"1";3;49;2
"29035";"202100029035";7;"02:00";"5";"64";"2";"1";"2";7;43;0
"29036";"202100029036";7;"08:30";"1";"10";"1";"1";"2";7;47;4
"29037";"202100029037";6;"09:30";"1";"40";"2";"1";"1";1;43;0
"29038";"202100029038";7;"19:30";"1";"17";"2";"2";"1";3;46;-1
"29039";"202100029039";7;"01:30";"3";"87";"1";"1";"8";6;45;1
"29040";"202100029040";7;"20:20";"2";"30";"2";"6";"1";6;43;4
"29041";"202100029041";7;"11:15";"1";"31";"2";"1";"1";6;43;0
"29042";"202100029042";7;"17:05";"1";"973";"1";"1";"1";7;4;-52
"29043";"202100029043";7;"11:10";"1";"82";"1";"1";"1";2;44;1
"29044";"202100029044";7;"07:15";"1";"47";"1";"1";"2";6;44;0
"29045";"202100029045";7;"08:00";"1";"976";"2";"1";"1";2;-12;45
"29046";"202100029046";7;"06:20";"2";"30";"1";"1";"3";2;43;4
"29047";"202100029047";7;"20:50";"1";"78";"1";"3";"1";2;48;1
"29048";"202100029048";7;"00:40";"3";"11";"1";"1";"1";6;43;2
"29049";"202100029049";7;"22:30";"5";"83";"2";"1";"1";7;43;5
"29050";"202100029050";7;"19:28";"1";"05";"1";"1";"1";6;44;5
"29051";"202100029051";7;"20:25";"1";"13";"1";"1";"1";3;43;5
"29052";"202100029052";7;"15:15";"1";"13";"1";"1";"1";1;43;5
"29053";"202100029053";7;"13:43";"1";"38";"1";"1";"2";6;45;4
"29054";"202100029054";7;"10:25";"1";"03";"2";"6";"3";3;46;2
"29055";"202100029055";7;"01:15";"2";"17";"1";"1";"1";3;46;-1
"29056";"202100029056";7;"02:28";"5";"33";"2";"6";"2";6;44;0
"29057";"202100029057";7;"16:30";"1";"94";"1";"1";"8";7;48;2
"29058";"202100029058";7;"07:35";"1";"91";"1";"1";"2";2;48;2
"29059";"202100029059";7;"06:30";"2";"91";"1";"1";"1";7;48;2
"29060";"202100029060";7;"05:40";"2";"91";"1";"1";"2";6;48;2
"29061";"202100029061";7;"21:45";"2";"91";"1";"1";"2";6;48;2
"29062";"202100029062";7;"16:10";"1";"93";"1";"1";"1";3;48;2
"29063";"202100029063";7;"14:20";"1";"93";"1";"1";"1";3;48;2
"29064";"202100029064";7;"22:10";"3";"93";"1";"1";"2";2;48;2
"29065";"202100029065";7;"22:10";"3";"93";"1";"1";"2";6;48;2
"29066";"202100029066";7;"21:45";"5";"93";"1";"1";"2";3;48;2
"29067";"202100029067";7;"00:03";"3";"95";"1";"1";"2";2;48;2
"29068";"202100029068";7;"22:45";"3";"94";"1";"1";"2";6;48;2
"29069";"202100029069";1;"10:28";"1";"06";"2";"1";"1";7;43;6
"29070";"202100029070";7;"12:45";"1";"12";"2";"3";"8";6;44;2
"29071";"202100029071";5;"08:40";"1";"91";"2";"1";"8";6;48;2
"29072";"202100029072";3;"17:30";"1";"01";"2";"1";"1";2;46;5
"29073";"202100029073";7;"17:10";"1";"974";"2";"1";"1";3;-21;55
"29074";"202100029074";7;"08:30";"1";"974";"1";"1";"1";3;-21;55
"29075";"202100029075";7;"14:45";"1";"973";"1";"6";"1";2;4;-52
"29076";"202100029076";7;"09:55";"1";"973";"2";"1";"1";7;4;-52
"29077";"202100029077";7;"18:36";"1";"69";"2";"9";"2";2;45;4
"29078";"202100029078";7;"12:00";"1";"69";"2";"1";"2";6;45;4
"29079";"202100029079";7;"09:50";"1";"69";"2";"1";"1";6;45;4
"29080";"202100029080";7;"21:50";"2";"91";"2";"9";"3";3;48;2
"29081";"202100029081";7;"10:10";"1";"88";"1";"1";"1";3;48;6
"29082";"202100029082";7;"17:43";"1";"87";"1";"1";"1";3;45;1
"29083";"202100029083";7;"10:42";"1";"87";"2";"1";"1";6;45;1
"29084";"202100029084";7;"02:43";"5";"87";"1";"1";"1";6;45;1
"29085";"202100029085";7;"19:14";"1";"87";"2";"1";"1";6;45;1
"29086";"202100029086";7;"19:30";"1";"83";"2";"3";"1";5;43;5
"29087";"202100029087";7;"18:10";"1";"83";"2";"2";"1";3;43;6
"29088";"202100029088";7;"14:50";"1";"83";"2";"3";"1";3;43;6
"29089";"202100029089";7;"18:10";"1";"83";"1";"3";"1";5;43;6
"29090";"202100029090";7;"22:36";"5";"80";"2";"1";"1";1;49;2
"29091";"202100029091";7;"19:04";"1";"80";"2";"1";"1";6;49;2
"29092";"202100029092";7;"21:00";"1";"80";"2";"2";"1";1;49;2
"29093";"202100029093";7;"02:44";"5";"80";"2";"1";"1";6;49;2
"29094";"202100029094";7;"15:45";"1";"80";"2";"1";"1";6;49;2
"29095";"202100029095";7;"14:15";"1";"80";"2";"2";"1";3;49;2
"29096";"202100029096";7;"15:00";"1";"76";"2";"1";"8";7;49;1
"29097";"202100029097";7;"10:23";"1";"76";"1";"2";"2";6;49;0
"29098";"202100029098";7;"18:48";"1";"74";"2";"1";"8";2;46;6
"29099";"202100029099";7;"18:25";"1";"72";"2";"1";"1";7;48;0
"29100";"202100029100";7;"15:38";"1";"72";"2";"1";"2";6;48;0
"29101";"202100029101";7;"11:50";"1";"69";"2";"1";"1";3;45;4
"29102";"202100029102";7;"13:40";"1";"69";"2";"3";"1";3;45;4
"29103";"202100029103";7;"15:15";"1";"67";"2";"1";"1";3;48;7
"29104";"202100029104";7;"11:40";"1";"67";"2";"1";"1";6;48;7
"29105";"202100029105";7;"18:30";"1";"67";"2";"1";"1";3;48;7
"29106";"202100029106";7;"10:40";"1";"65";"2";"1";"1";2;43;0
"29107";"202100029107";7;"13:15";"1";"64";"1";"6";"2";2;43;0
"29108";"202100029108";7;"20:35";"1";"64";"2";"3";"1";1;43;-1
"29109";"202100029109";7;"23:10";"5";"64";"2";"1";"1";3;43;-1
"29110";"202100029110";7;"18:15";"1";"64";"2";"1";"8";4;43;-1
"29111";"202100029111";7;"08:30";"1";"63";"1";"1";"1";6;45;3
"29112";"202100029112";7;"19:15";"1";"63";"2";"1";"1";5;45;3
"29113";"202100029113";7;"21:05";"1";"63";"2";"2";"1";6;45;3
"29114";"202100029114";6;"22:45";"3";"62";"1";"1";"1";7;50;2
"29115";"202100029115";7;"10:35";"1";"60";"1";"1";"3";6;49;2
"29116";"202100029116";7;"11:40";"1";"60";"2";"1";"8";6;49;2
"29117";"202100029117";7;"18:45";"1";"59";"2";"1";"1";2;50;3
"29118";"202100029118";7;"20:32";"5";"51";"2";"3";"3";3;49;4
"29119";"202100029119";7;"16:30";"1";"51";"2";"3";"2";3;49;4
"29120";"202100029120";7;"14:20";"1";"51";"2";"2";"2";7;49;4
"29121";"202100029121";7;"22:15";"2";"49";"2";"1";"1";3;47;0
"29122";"202100029122";7;"09:20";"1";"49";"2";"3";"2";2;47;0
"29123";"202100029123";7;"03:41";"3";"49";"1";"1";"1";7;47;0
"29124";"202100029124";7;"19:15";"1";"45";"2";"1";"2";6;47;1
"29125";"202100029125";7;"01:10";"5";"44";"2";"6";"1";3;47;-1
"29126";"202100029126";7;"03:30";"5";"43";"2";"1";"1";7;45;3
"29127";"202100029127";7;"21:00";"2";"37";"2";"3";"1";3;47;0
"29128";"202100029128";7;"15:55";"1";"37";"2";"1";"1";3;47;0
"29129";"202100029129";7;"12:35";"1";"37";"2";"1";"2";7;47;0
"29130";"202100029130";7;"14:40";"1";"37";"2";"3";"1";6;47;0
"29131";"202100029131";7;"08:45";"1";"37";"2";"1";"2";7;47;0
"29132";"202100029132";7;"16:30";"1";"35";"2";"6";"1";1;48;-1
"29133";"202100029133";7;"19:50";"1";"34";"2";"2";"1";3;43;3
"29134";"202100029134";7;"22:05";"5";"33";"2";"1";"1";3;44;0
"29135";"202100029135";7;"16:30";"1";"33";"2";"1";"2";2;44;0
"29136";"202100029136";7;"13:15";"1";"33";"2";"1";"3";3;44;0
"29137";"202100029137";7;"13:30";"1";"33";"2";"3";"3";3;44;0
"29138";"202100029138";7;"09:00";"1";"33";"2";"2";"1";3;44;0
"29139";"202100029139";7;"19:20";"1";"31";"2";"3";"2";2;43;1
"29140";"202100029140";7;"03:25";"5";"31";"2";"9";"1";2;43;1
"29141";"202100029141";7;"08:15";"1";"26";"2";"1";"1";5;44;4
"29142";"202100029142";7;"10:50";"1";"25";"2";"1";"1";6;47;5
"29143";"202100029143";7;"22:10";"5";"21";"2";"3";"2";3;47;5