"";"Num_Acc";"mois";"hrmn";"lum";"dep";"agg";"int";"atm";"col";"lat";"long"
"29144";"202100029144";7;"02:40";"5";"13";"2";"1";"1";3;43;5
"29145";"202100029145";7;"22:40";"5";"13";"2";"3";"1";3;43;5
"29146";"202100029146";7;"19:05";"1";"12";"1";"1";"2";7;44;2
"29147";"202100029147";7;"13:50";"1";"06";"2";"9";"1";3;43;6
"29148";"202100029148";7;"11:55";"1";"06";"2";"1";"1";2;43;6
"29149";"202100029149";7;"10:31";"1";"05";"2";"1";"1";6;44;6
"29150";"202100029150";7;"16:15";"1";"75";"2";"1";"1";3;48;2
"29151";"202100029151";7;"01:10";"5";"75";"2";"4";"1";3;48;2
"29152";"202100029152";7;"17:07";"1";"75";"2";"1";"8";3;48;2
"29153";"202100029153";7;"11:39";"1";"75";"2";"3";"2";3;48;2
"29154";"202100029154";7;"07:50";"1";"75";"2";"2";"8";3;48;2
"29155";"202100029155";7;"16:40";"1";"75";"2";"3";"3";3;48;2
"29156";"202100029156";7;"08:40";"1";"75";"2";"3";"1";6;48;2
"29157";"202100029157";7;"12:20";"1";"75";"2";"4";"3";3;48;2
"29158";"202100029158";7;"21:30";"5";"75";"2";"3";"8";3;48;2
"29159";"202100029159";7;"20:25";"1";"75";"2";"2";"2";2;48;2
"29160";"202100029160";7;"01:26";"5";"75";"2";"2";"1";6;48;2
"29161";"202100029161";7;"17:35";"1";"75";"2";"7";"3";6;48;2
"29162";"202100029162";7;"18:20";"1";"75";"2";"5";"3";7;48;2
"29163";"202100029163";7;"14:52";"1";"75";"2";"7";"2";3;48;2
"29164";"202100029164";7;"08:35";"1";"94";"2";"2";"2";3;48;2
"29165";"202100029165";7;"07:00";"2";"94";"2";"1";"2";2;48;2
"29166";"202100029166";7;"18:00";"1";"94";"2";"1";"3";6;48;2
"29167";"202100029167";7;"20:15";"2";"94";"1";"9";"2";3;48;2
"29168";"202100029168";7;"13:16";"1";"94";"2";"1";"2";7;48;2
"29169";"202100029169";7;"09:00";"1";"94";"2";"3";"2";3;48;2
"29170";"202100029170";7;"17:10";"1";"93";"2";"1";"3";3;48;2
"29171";"202100029171";7;"12:53";"1";"93";"2";"9";"3";6;48;2
"29172";"202100029172";7;"17:40";"1";"93";"2";"2";"3";3;48;2
"29173";"202100029173";7;"15:38";"1";"93";"2";"1";"3";2;48;2
"29174";"202100029174";7;"18:59";"1";"92";"2";"1";"1";3;48;2
"29175";"202100029175";7;"11:00";"1";"92";"2";"1";"1";1;48;2
"29176";"202100029176";7;"19:37";"1";"92";"2";"7";"3";7;48;2
"29177";"202100029177";7;"07:20";"1";"92";"2";"1";"1";2;48;2
"29178";"202100029178";7;"13:30";"1";"92";"2";"3";"3";6;48;2
"29179";"202100029179";7;"13:40";"1";"92";"2";"1";"3";3;48;2
"29180";"202100029180";7;"17:48";"1";"92";"2";"1";"3";6;48;2
"29181";"202100029181";7;"13:00";"1";"92";"2";"1";"3";7;48;2
"29182";"202100029182";7;"12:45";"1";"92";"2";"2";"2";3;48;2
"29183";"202100029183";7;"09:00";"1";"92";"2";"1";"8";5;48;2
"29184";"202100029184";7;"20:05";"1";"92";"2";"3";"3";7;48;2
"29185";"202100029185";7;"22:00";"2";"92";"2";"2";"1";3;48;2
"29186";"202100029186";6;"08:10";"1";"35";"2";"1";"1";3;47;-1
"29187";"202100029187";7;"16:50";"1";"26";"2";"1";"1";7;45;5
"29188";"202100029188";7;"08:15";"1";"42";"1";"1";"3";2;46;4
"29189";"202100029189";7;"18:40";"5";"974";"2";"1";"1";7;-21;55
"29190";"202100029190";7;"12:45";"1";"74";"2";"1";"2";6;45;6
"29191";"202100029191";6;"17:00";"1";"72";"1";"1";"1";6;47;0
"29192";"202100029192";7;"17:15";"1";"30";"1";"1";"1";6;43;4
"29193";"202100029193";7;"20:00";"1";"56";"1";"1";"1";2;47;-2
"29194";"202100029194";7;"16:30";"1";"56";"1";"2";"1";3;47;-2
"29195";"202100029195";7;"19:15";"1";"80";"2";"1";"1";6;49;2
"29196";"202100029196";7;"02:14";"4";"80";"2";"1";"1";7;50;1
"29197";"202100029197";7;"15:40";"1";"63";"1";"1";"1";1;45;3
"29198";"202100029198";7;"19:30";"1";"63";"2";"1";"1";1;45;3
"29199";"202100029199";7;"19:00";"1";"12";"1";"1";"3";1;44;2
"29200";"202100029200";7;"07:15";"2";"12";"1";"1";"1";6;44;2
"29201";"202100029201";7;"08:20";"1";"12";"1";"1";"3";6;43;2
"29202";"202100029202";7;"09:22";"1";"12";"1";"1";"2";3;44;2
"29203";"202100029203";7;"16:30";"1";"12";"1";"1";"3";1;44;2
"29204";"202100029204";7;"22:00";"3";"42";"1";"1";"8";7;45;3
"29205";"202100029205";7;"16:00";"1";"47";"1";"1";"1";6;44;0
"29206";"202100029206";7;"10:50";"1";"41";"1";"6";"1";7;47;1
"29207";"202100029207";7;"11:50";"1";"86";"1";"1";"1";7;46;0
"29208";"202100029208";7;"19:30";"1";"29";"1";"1";"1";3;48;-3
"29209";"202100029209";7;"19:20";"1";"02";"2";"1";"1";2;49;3
"29210";"202100029210";7;"20:15";"1";"01";"1";"1";"1";3;46;4
"29211";"202100029211";7;"05:50";"2";"01";"1";"1";"8";6;46;5
"29212";"202100029212";7;"19:45";"1";"70";"2";"2";"1";3;47;6
"29213";"202100029213";7;"00:10";"3";"58";"2";"1";"2";6;47;3
"29214";"202100029214";7;"12:30";"1";"50";"1";"1";"1";2;49;-1
"29215";"202100029215";7;"19:00";"1";"09";"1";"1";"2";7;42;1
"29216";"202100029216";7;"17:36";"1";"21";"1";"9";"1";6;47;4
"29217";"202100029217";7;"01:00";"3";"40";"1";"1";"1";7;43;0
"29218";"202100029218";7;"18:00";"1";"04";"1";"1";"1";1;43;6
"29219";"202100029219";7;"10:15";"1";"48";"1";"1";"2";6;44;3
"29220";"202100029220";7;"20:00";"1";"48";"1";"1";"2";6;44;3
"29221";"202100029221";7;"07:45";"1";"48";"2";"1";"1";1;44;3
"29222";"202100029222";7;"12:09";"1";"10";"1";"1";"2";6;48;4
"29223";"202100029223";7;"06:20";"1";"68";"2";"2";"1";3;47;7
"29224";"202100029224";7;"09:30";"1";"971";"2";"1";"1";6;16;-61
"29225";"202100029225";7;"21:15";"1";"33";"2";"1";"1";6;45;-1
"29226";"202100029226";7;"20:45";"3";"77";"1";"1";"3";6;48;2
"29227";"202100029227";7;"18:10";"1";"91";"1";"1";"1";7;48;2
"29228";"202100029228";7;"18:20";"1";"30";"1";"1";"8";3;44;4
"29229";"202100029229";7;"14:05";"1";"13";"2";"3";"1";3;43;5
"29230";"202100029230";7;"15:07";"1";"26";"1";"1";"2";6;45;4
"29231";"202100029231";7;"15:00";"1";"67";"2";"3";"1";3;48;7
"29232";"202100029232";7;"02:00";"3";"88";"2";"1";"1";6;48;6
"29233";"202100029233";7;"15:30";"1";"57";"2";"1";"1";6;49;7
"29234";"202100029234";7;"16:50";"1";"74";"1";"1";"2";1;46;6
"29235";"202100029235";7;"09:45";"1";"07";"1";"1";"1";6;44;4
"29236";"202100029236";7;"03:13";"5";"69";"1";"2";"8";3;45;4
"29237";"202100029237";7;"11:45";"1";"33";"1";"1";"3";1;45;0
"29238";"202100029238";7;"18:30";"1";"22";"2";"3";"1";3;48;-3
"29239";"202100029239";7;"12:47";"1";"22";"2";"1";"1";6;48;-1
"29240";"202100029240";7;"10:27";"1";"22";"2";"1";"1";1;48;-2
"29241";"202100029241";7;"16:40";"1";"13";"1";"1";"1";4;43;5
"29242";"202100029242";7;"05:25";"2";"13";"1";"1";"1";2;43;5
"29243";"202100029243";7;"16:30";"1";"13";"1";"1";"1";2;43;5
"29244";"202100029244";7;"17:45";"1";"33";"1";"1";"1";2;44;0
"29245";"202100029245";7;"15:55";"1";"33";"1";"1";"2";7;44;0
"29246";"202100029246";7;"17:58";"1";"91";"1";"1";"3";3;48;2
"29247";"202100029247";7;"15:55";"1";"92";"1";"1";"3";2;48;2
"29248";"202100029248";7;"09:05";"1";"91";"1";"1";"8";3;48;2
"29249";"202100029249";7;"08:05";"1";"94";"1";"1";"1";4;48;2
"29250";"202100029250";7;"23:35";"3";"91";"1";"1";"3";2;48;2
"29251";"202100029251";7;"18:10";"1";"92";"1";"1";"1";2;48;2
"29252";"202100029252";7;"15:50";"1";"92";"1";"1";"2";2;48;2
"29253";"202100029253";7;"15:45";"1";"95";"1";"1";"3";7;48;2
"29254";"202100029254";7;"13:00";"1";"95";"1";"1";"3";5;48;2
"29255";"202100029255";7;"10:30";"1";"95";"1";"1";"2";6;48;2
"29256";"202100029256";7;"09:20";"1";"93";"1";"1";"2";2;48;2
"29257";"202100029257";7;"06:45";"2";"95";"1";"1";"2";7;49;2
"29258";"202100029258";7;"07:30";"1";"976";"2";"1";"1";6;-12;45
"29259";"202100029259";7;"17:00";"1";"55";"2";"1";"1";6;48;5
"29260";"202100029260";2;"18:10";"2";"74";"1";"1";"1";7;46;6
"29261";"202100029261";7;"23:25";"5";"988";"2";"3";"1";6;-22;166
"29262";"202100029262";7;"12:18";"1";"976";"2";"1";"1";6;-12;45
"29263";"202100029263";7;"17:25";"2";"974";"2";"1";"1";1;-20;55
"29264";"202100029264";7;"17:20";"1";"973";"2";"1";"1";1;4;-52
"29265";"202100029265";7;"07:08";"1";"973";"2";"1";"2";3;4;-52
"29266";"202100029266";6;"16:10";"1";"973";"2";"1";"1";7;4;-52
"29267";"202100029267";7;"21:10";"5";"972";"1";"1";"8";6;14;-61
"29268";"202100029268";7;"17:25";"1";"69";"2";"1";"3";6;45;4
"29269";"202100029269";7;"17:50";"1";"971";"1";"1";"1";1;16;-61
"29270";"202100029270";7;"13:20";"1";"971";"1";"1";"1";5;16;-61
"29271";"202100029271";7;"06:30";"1";"971";"1";"1";"8";1;16;-61
"29272";"202100029272";7;"14:45";"1";"971";"2";"1";"1";7;16;-61
"29273";"202100029273";7;"08:00";"1";"95";"2";"1";"2";3;48;2
"29274";"202100029274";7;"14:30";"1";"91";"2";"2";"3";3;48;2
"29275";"202100029275";7;"09:35";"1";"91";"2";"1";"3";2;48;2
"29276";"202100029276";7;"12:45";"1";"85";"2";"9";"1";6;46;-1
"29277";"202100029277";7;"09:45";"1";"84";"1";"1";"7";6;44;5
"29278";"202100029278";7;"22:30";"4";"84";"2";"1";"1";6;43;4
"29279";"202100029279";7;"17:30";"1";"83";"2";"9";"1";2;43;5
"29280";"202100029280";7;"04:15";"5";"83";"2";"1";"1";1;43;5
"29281";"202100029281";7;"08:20";"1";"77";"2";"1";"2";2;48;3
"29282";"202100029282";7;"12:42";"1";"76";"2";"3";"1";3;49;0
"29283";"202100029283";7;"19:40";"1";"69";"2";"2";"1";1;45;4
"29284";"202100029284";7;"18:50";"1";"65";"1";"1";"2";5;43;0
"29285";"202100029285";7;"17:15";"1";"65";"2";"1";"1";2;43;0
"29286";"202100029286";7;"11:30";"1";"65";"2";"1";"1";6;43;0
"29287";"202100029287";7;"20:00";"1";"64";"2";"1";"8";3;43;-1
"29288";"202100029288";7;"02:00";"3";"64";"2";"1";"1";6;43;-1
"29289";"202100029289";6;"15:15";"1";"61";"2";"1";"1";6;48;0
"29290";"202100029290";7;"08:25";"1";"58";"2";"4";"1";2;46;3
"29291";"202100029291";7;"17:55";"1";"56";"1";"2";"1";3;47;-3
"29292";"202100029292";7;"02:08";"5";"56";"2";"6";"1";3;47;-3
"29293";"202100029293";7;"18:58";"2";"54";"1";"1";"3";4;49;5
"29294";"202100029294";7;"23:10";"3";"54";"2";"1";"1";6;49;5
"29295";"202100029295";7;"04:06";"3";"53";"1";"1";"1";1;48;0
"29296";"202100029296";7;"16:20";"1";"50";"2";"1";"8";6;49;-1
"29297";"202100029297";7;"19:16";"1";"49";"2";"1";"1";3;47;0
"29298";"202100029298";7;"10:10";"1";"49";"2";"1";"8";3;47;0
"29299";"202100029299";7;"23:45";"5";"45";"2";"3";"1";1;47;2
"29300";"202100029300";7;"01:50";"5";"40";"2";"1";"1";1;43;-1
"29301";"202100029301";7;"15:00";"1";"35";"2";"2";"1";3;48;-1
"29302";"202100029302";7;"14:50";"1";"35";"2";"2";"1";3;48;-1
"29303";"202100029303";7;"09:00";"1";"35";"2";"1";"2";6;48;-1
"29304";"202100029304";7;"20:45";"2";"33";"1";"6";"2";6;44;0
"29305";"202100029305";7;"17:05";"1";"33";"2";"3";"1";3;44;0
"29306";"202100029306";7;"16:51";"1";"29";"2";"1";"1";4;47;-3
"29307";"202100029307";7;"14:25";"1";"26";"2";"1";"1";2;44;4
"29308";"202100029308";6;"12:15";"1";"24";"2";"1";"1";6;44;0
"29309";"202100029309";7;"19:20";"1";"17";"2";"1";"1";3;45;0
"29310";"202100029310";7;"06:30";"1";"14";"2";"6";"8";6;49;0
"29311";"202100029311";7;"18:45";"1";"13";"2";"1";"1";3;43;5
"29312";"202100029312";7;"19:00";"1";"13";"2";"1";"1";3;43;5
"29313";"202100029313";7;"12:00";"1";"13";"2";"6";"1";3;43;5
"29314";"202100029314";7;"13:45";"1";"06";"2";"1";"1";2;43;7
"29315";"202100029315";7;"15:35";"1";"06";"2";"2";"1";7;43;7
"29316";"202100029316";7;"09:00";"1";"06";"2";"1";"1";6;43;7
"29317";"202100029317";7;"09:10";"1";"75";"2";"4";"2";3;48;2
"29318";"202100029318";7;"15:40";"1";"75";"2";"4";"1";4;48;2
"29319";"202100029319";7;"15:45";"1";"75";"2";"3";"2";3;48;2
"29320";"202100029320";7;"10:20";"1";"75";"2";"4";"2";6;48;2
"29321";"202100029321";7;"16:00";"1";"75";"2";"1";"1";3;48;2
"29322";"202100029322";7;"09:00";"1";"75";"2";"3";"2";3;48;2
"29323";"202100029323";7;"15:45";"1";"75";"2";"1";"1";2;48;2
"29324";"202100029324";7;"20:35";"1";"75";"2";"7";"1";2;48;2
"29325";"202100029325";7;"09:20";"1";"75";"2";"3";"2";3;48;2
"29326";"202100029326";7;"12:10";"1";"75";"2";"2";"1";2;48;2
"29327";"202100029327";7;"10:30";"1";"75";"2";"1";"2";7;48;2
"29328";"202100029328";7;"19:50";"1";"75";"2";"3";"2";3;48;2
"29329";"202100029329";7;"13:19";"1";"75";"2";"7";"1";3;48;2
"29330";"202100029330";7;"09:00";"1";"75";"2";"2";"2";2;48;2
"29331";"202100029331";7;"20:30";"1";"75";"2";"7";"1";2;48;2
"29332";"202100029332";7;"11:40";"1";"75";"2";"3";"2";6;48;2
"29333";"202100029333";7;"15:20";"1";"75";"2";"7";"1";7;48;2
"29334";"202100029334";7;"13:40";"1";"75";"2";"3";"1";6;48;2
"29335";"202100029335";7;"14:00";"1";"75";"2";"2";"1";3;48;2
"29336";"202100029336";7;"21:00";"1";"94";"2";"4";"2";7;48;2
"29337";"202100029337";7;"00:40";"5";"94";"2";"1";"1";3;48;2
"29338";"202100029338";7;"20:10";"1";"94";"2";"9";"1";3;48;2
"29339";"202100029339";7;"17:40";"1";"94";"2";"9";"2";7;48;2
"29340";"202100029340";7;"18:35";"1";"93";"2";"1";"2";2;48;2
"29341";"202100029341";7;"13:40";"1";"93";"2";"7";"2";1;48;2
"29342";"202100029342";7;"17:45";"1";"93";"2";"1";"2";3;48;2
"29343";"202100029343";7;"17:40";"1";"92";"2";"1";"8";6;48;2
"29344";"202100029344";7;"19:45";"1";"92";"2";"4";"2";6;48;2
"29345";"202100029345";7;"01:30";"5";"92";"2";"2";"1";1;48;2
"29346";"202100029346";7;"17:45";"1";"92";"2";"1";"1";7;48;2
"29347";"202100029347";7;"18:20";"1";"92";"2";"1";"2";2;48;2
"29348";"202100029348";7;"21:05";"5";"92";"2";"6";"1";7;48;2
"29349";"202100029349";7;"04:36";"5";"92";"2";"1";"1";3;48;2
"29350";"202100029350";7;"22:10";"5";"92";"2";"1";"1";3;48;2
"29351";"202100029351";7;"17:45";"1";"45";"1";"1";"1";1;47;2
"29352";"202100029352";7;"20:10";"2";"06";"2";"1";"1";6;43;7
"29353";"202100029353";7;"11:45";"1";"41";"1";"1";"3";1;47;1
"29354";"202100029354";7;"15:15";"1";"31";"1";"1";"1";6;43;1
"29355";"202100029355";7;"08:30";"1";"83";"1";"1";"1";6;43;6
"29356";"202100029356";7;"11:45";"1";"41";"1";"1";"3";6;47;1
"29357";"202100029357";7;"22:00";"3";"974";"2";"1";"1";7;-21;55
"29358";"202100029358";7;"14:30";"1";"71";"1";"2";"1";3;46;5
"29359";"202100029359";7;"02:28";"3";"12";"1";"1";"2";6;44;3
"29360";"202100029360";7;"23:15";"4";"44";"2";"1";"1";7;47;-1
"29361";"202100029361";7;"01:10";"3";"56";"1";"1";"1";6;47;-3
"29362";"202100029362";7;"01:40";"3";"56";"1";"1";"1";6;48;-2
"29363";"202100029363";7;"11:30";"1";"56";"2";"9";"1";1;47;-2
"29364";"202100029364";7;"08:20";"1";"65";"2";"1";"2";6;42;0
"29365";"202100029365";7;"21:27";"2";"11";"1";"1";"1";5;43;2
"29366";"202100029366";7;"10:45";"1";"89";"1";"1";"1";2;47;3
"29367";"202100029367";7;"23:30";"3";"63";"2";"9";"2";6;45;3
"29368";"202100029368";7;"18:50";"1";"12";"1";"1";"3";3;43;2
"29369";"202100029369";7;"14:00";"1";"34";"1";"1";"1";7;43;3
"29370";"202100029370";7;"18:34";"1";"39";"1";"1";"3";1;46;5
"29371";"202100029371";7;"13:45";"1";"29";"1";"1";"1";7;48;-3
"29372";"202100029372";6;"18:45";"1";"02";"1";"1";"1";1;49;3
"29373";"202100029373";7;"21:21";"2";"01";"1";"1";"3";6;46;5
"29374";"202100029374";7;"08:15";"1";"06";"1";"1";"1";1;43;7
"29375";"202100029375";6;"09:00";"1";"14";"2";"1";"1";7;49;0
"29376";"202100029376";7;"14:55";"1";"07";"2";"3";"1";1;44;4
"29377";"202100029377";7;"16:35";"1";"53";"2";"1";"1";1;48;0
"29378";"202100029378";3;"20:00";"5";"40";"2";"1";"1";7;44;-1
"29379";"202100029379";7;"19:45";"1";"40";"2";"1";"1";7;43;-1
"29380";"202100029380";7;"17:00";"1";"85";"1";"3";"1";2;46;-2
"29381";"202100029381";7;"09:30";"1";"27";"1";"6";"2";7;49;0
"29382";"202100029382";7;"00:45";"3";"17";"2";"1";"1";7;46;-1
"29383";"202100029383";7;"11:45";"1";"38";"1";"1";"8";1;44;5
"29384";"202100029384";7;"16:04";"1";"01";"1";"1";"1";6;45;5
"29385";"202100029385";7;"18:30";"3";"987";"1";"1";"1";5;-16;-151
"29386";"202100029386";7;"13:15";"1";"45";"1";"1";"8";6;47;1
"29387";"202100029387";7;"03:39";"3";"28";"1";"1";"8";3;48;1
"29388";"202100029388";7;"10:50";"1";"59";"1";"1";"8";2;50;3
"29389";"202100029389";6;"06:10";"1";"988";"2";"1";"1";6;-22;166
"29390";"202100029390";7;"18:57";"1";"77";"1";"2";"2";3;49;2
"29391";"202100029391";7;"19:00";"1";"77";"1";"1";"1";7;48;2
"29392";"202100029392";7;"05:00";"3";"66";"2";"1";"1";6;42;3
"29393";"202100029393";7;"15:35";"1";"30";"2";"3";"1";3;43;4
"29394";"202100029394";7;"13:30";"1";"57";"2";"1";"3";6;49;6
"29395";"202100029395";6;"17:00";"1";"74";"1";"1";"1";1;46;6
"29396";"202100029396";7;"09:35";"1";"42";"1";"1";"2";6;45;4
"29397";"202100029397";7;"20:15";"1";"01";"2";"1";"1";7;45;5
"29398";"202100029398";7;"10:10";"1";"69";"2";"1";"1";6;45;5
"29399";"202100029399";7;"18:40";"1";"69";"1";"2";"3";3;45;4
"29400";"202100029400";7;"18:05";"1";"85";"1";"1";"1";7;46;-1
"29401";"202100029401";7;"15:30";"1";"62";"2";"3";"3";2;50;1
"29402";"202100029402";7;"17:15";"1";"13";"1";"1";"1";7;43;5
"29403";"202100029403";7;"15:00";"1";"91";"1";"1";"2";2;48;2
"29404";"202100029404";7;"14:26";"1";"91";"1";"1";"3";7;48;2
"29405";"202100029405";7;"03:01";"3";"77";"1";"9";"1";6;48;2
"29406";"202100029406";7;"15:44";"1";"78";"1";"1";"1";2;48;2
"29407";"202100029407";7;"22:15";"3";"93";"1";"1";"2";6;48;2
"29408";"202100029408";7;"16:37";"1";"93";"1";"1";"1";4;48;2
"29409";"202100029409";7;"14:30";"1";"95";"1";"1";"3";6;49;2
"29410";"202100029410";7;"07:45";"2";"95";"1";"1";"1";3;48;2
"29411";"202100029411";7;"03:50";"3";"95";"1";"1";"1";5;48;2
"29412";"202100029412";7;"11:35";"1";"93";"2";"1";"1";6;48;2
"29413";"202100029413";7;"14:55";"1";"976";"2";"1";"1";7;-12;45
"29414";"202100029414";7;"15:00";"1";"974";"2";"1";"1";7;-20;55
"29415";"202100029415";7;"20:00";"3";"974";"1";"1";"1";6;-20;55
"29416";"202100029416";7;"23:05";"2";"69";"2";"2";"1";6;45;4
"29417";"202100029417";7;"17:10";"1";"971";"1";"1";"1";6;16;-61
"29418";"202100029418";7;"11:05";"1";"91";"2";"2";"2";3;48;2
"29419";"202100029419";7;"08:30";"1";"90";"2";"1";"1";2;47;6
"29420";"202100029420";7;"20:10";"1";"83";"2";"1";"1";6;43;6
"29421";"202100029421";6;"16:30";"1";"83";"2";"9";"1";6;43;6
"29422";"202100029422";7;"21:18";"1";"65";"2";"1";"1";3;43;0
"29423";"202100029423";7;"23:10";"5";"64";"1";"6";"2";1;43;-1
"29424";"202100029424";7;"13:10";"1";"64";"2";"1";"1";7;43;-1
"29425";"202100029425";7;"09:00";"1";"59";"2";"3";"1";3;50;3
"29426";"202100029426";7;"11:05";"1";"51";"2";"3";"1";3;49;4
"29427";"202100029427";7;"16:21";"1";"49";"2";"3";"1";6;47;0
"29428";"202100029428";7;"20:50";"1";"47";"2";"2";"1";3;44;0
"29429";"202100029429";7;"19:02";"1";"37";"2";"9";"1";2;47;0
"29430";"202100029430";7;"10:35";"1";"35";"2";"9";"1";2;48;-1
"29431";"202100029431";7;"02:22";"3";"29";"1";"1";"1";6;47;-3
"29432";"202100029432";7;"16:50";"1";"29";"2";"1";"1";6;48;-4
"29433";"202100029433";7;"23:00";"5";"17";"2";"1";"1";7;46;-1
"29434";"202100029434";7;"19:45";"1";"13";"2";"3";"1";3;43;5
"29435";"202100029435";7;"18:00";"1";"13";"2";"9";"1";3;43;5
"29436";"202100029436";7;"04:00";"5";"13";"2";"1";"1";1;43;5
"29437";"202100029437";7;"03:35";"5";"13";"2";"2";"1";1;43;5
"29438";"202100029438";7;"06:30";"1";"06";"2";"1";"1";7;43;6
"29439";"202100029439";7;"09:10";"1";"75";"2";"4";"1";3;48;2
"29440";"202100029440";7;"16:20";"1";"75";"2";"4";"1";6;48;2
"29441";"202100029441";7;"04:45";"5";"75";"2";"2";"1";3;48;2
"29442";"202100029442";7;"15:15";"1";"75";"2";"1";"1";2;48;2
"29443";"202100029443";7;"14:20";"1";"75";"2";"2";"1";2;48;2
"29444";"202100029444";7;"19:28";"1";"75";"2";"7";"1";3;48;2
"29445";"202100029445";7;"12:25";"1";"75";"2";"7";"1";3;48;2
"29446";"202100029446";7;"02:40";"5";"75";"2";"7";"1";3;48;2
"29447";"202100029447";7;"20:50";"1";"75";"2";"3";"1";3;48;2
"29448";"202100029448";7;"17:45";"1";"75";"2";"1";"8";3;48;2
"29449";"202100029449";7;"09:30";"1";"94";"2";"1";"1";6;48;2
"29450";"202100029450";7;"21:30";"2";"93";"2";"9";"1";2;48;2
"29451";"202100029451";7;"04:25";"5";"93";"2";"9";"1";1;48;2
"29452";"202100029452";7;"07:50";"1";"93";"2";"2";"1";6;48;2
"29453";"202100029453";7;"18:30";"1";"93";"2";"1";"1";6;48;2
"29454";"202100029454";7;"18:15";"1";"92";"2";"1";"1";3;48;2
"29455";"202100029455";7;"13:30";"1";"92";"2";"2";"1";3;48;2
"29456";"202100029456";7;"04:30";"5";"92";"2";"1";"1";6;48;2
"29457";"202100029457";7;"10:15";"1";"50";"1";"1";"1";6;48;-1
"29458";"202100029458";7;"08:00";"1";"08";"1";"1";"8";7;49;4
"29459";"202100029459";7;"10:10";"1";"01";"2";"3";"1";6;46;5
"29460";"202100029460";7;"20:00";"1";"91";"1";"1";"2";4;48;2
"29461";"202100029461";7;"19:50";"1";"31";"1";"1";"1";6;43;1
"29462";"202100029462";7;"20:30";"1";"28";"1";"1";"1";3;48;1
"29463";"202100029463";7;"00:30";"3";"22";"1";"1";"1";7;48;-2
"29464";"202100029464";7;"16:25";"1";"58";"1";"1";"1";7;47;3
"29465";"202100029465";7;"16:15";"1";"62";"2";"1";"2";1;50;1
"29466";"202100029466";7;"09:55";"1";"62";"2";"1";"1";6;50;2
"29467";"202100029467";6;"14:10";"1";"57";"1";"1";"1";6;49;6
"29468";"202100029468";7;"16:15";"1";"19";"1";"1";"1";5;45;1
"29469";"202100029469";7;"15:15";"1";"19";"1";"1";"1";1;45;1
"29470";"202100029470";7;"07:30";"1";"56";"1";"2";"1";3;47;-3
"29471";"202100029471";7;"20:15";"1";"56";"2";"6";"1";6;47;-2
"29472";"202100029472";6;"21:40";"3";"59";"1";"1";"3";1;50;2
"29473";"202100029473";7;"00:15";"5";"79";"2";"6";"2";3;46;0
"29474";"202100029474";7;"09:50";"1";"2A";"1";"1";"1";1;42;9
"29475";"202100029475";7;"00:30";"3";"11";"1";"1";"1";6;42;2
"29476";"202100029476";7;"02:00";"3";"11";"1";"1";"1";6;43;2
"29477";"202100029477";7;"21:40";"3";"71";"1";"1";"1";6;46;4
"29478";"202100029478";7;"16:20";"1";"71";"1";"1";"1";7;46;4
"29479";"202100029479";7;"10:18";"1";"55";"1";"1";"2";7;48;5
"29480";"202100029480";7;"04:50";"2";"49";"2";"1";"1";1;47;0
"29481";"202100029481";7;"14:25";"1";"49";"1";"2";"8";3;47;0
"29482";"202100029482";7;"13:40";"1";"12";"1";"1";"1";6;44;2
"29483";"202100029483";7;"21:07";"1";"46";"1";"1";"1";6;44;1
"29484";"202100029484";7;"18:00";"1";"47";"1";"1";"1";6;44;0
"29485";"202100029485";7;"14:30";"1";"86";"1";"2";"1";3;46;0
"29486";"202100029486";7;"17:40";"1";"68";"1";"3";"7";1;47;7
"29487";"202100029487";7;"18:00";"1";"68";"2";"1";"1";7;47;7
"29488";"202100029488";7;"15:00";"1";"22";"1";"1";"1";7;48;-3
"29489";"202100029489";7;"16:19";"1";"22";"1";"3";"1";3;48;-3
"29490";"202100029490";7;"10:56";"1";"39";"1";"1";"1";1;46;6
"29491";"202100029491";7;"02:00";"3";"25";"1";"1";"1";1;47;5
"29492";"202100029492";7;"10:45";"1";"25";"1";"1";"1";7;47;5
"29493";"202100029493";7;"20:45";"1";"44";"2";"2";"1";3;47;-1
"29494";"202100029494";7;"14:05";"1";"35";"1";"1";"8";6;47;-2
"29495";"202100029495";7;"18:30";"1";"35";"1";"9";"1";6;48;-2
"29496";"202100029496";7;"03:00";"3";"31";"1";"1";"1";1;43;0
"29497";"202100029497";7;"12:15";"1";"38";"2";"1";"1";6;45;5
"29498";"202100029498";7;"19:50";"1";"03";"2";"2";"1";3;46;3
"29499";"202100029499";7;"11:45";"1";"03";"1";"1";"3";1;46;3
"29500";"202100029500";7;"20:50";"1";"03";"1";"1";"1";1;46;3
"29501";"202100029501";7;"12:15";"1";"15";"1";"3";"2";7;44;2
"29502";"202100029502";7;"17:15";"1";"70";"1";"1";"1";3;47;6
"29503";"202100029503";7;"16:40";"1";"54";"2";"1";"1";7;48;5
"29504";"202100029504";7;"01:12";"3";"06";"1";"1";"1";6;43;7
"29505";"202100029505";7;"12:15";"1";"14";"1";"2";"2";3;49;0
"29506";"202100029506";6;"10:30";"1";"64";"1";"1";"1";7;43;-1
"29507";"202100029507";7;"11:50";"1";"73";"1";"2";"1";1;45;6
"29508";"202100029508";7;"22:37";"5";"18";"2";"1";"1";6;47;2