"";"Num_Acc";"mois";"hrmn";"lum";"dep";"agg";"int";"atm";"col";"lat";"long"
"29509";"202100029509";7;"17:55";"1";"16";"1";"1";"1";5;45;0
"29510";"202100029510";7;"23:55";"3";"40";"1";"1";"1";7;44;-1
"29511";"202100029511";7;"15:20";"1";"04";"1";"1";"1";7;43;6
"29512";"202100029512";7;"16:30";"1";"85";"1";"1";"1";6;46;-2
"29513";"202100029513";7;"23:25";"3";"27";"2";"1";"8";7;49;0
"29514";"202100029514";7;"13:35";"1";"08";"1";"1";"2";1;49;4
"29515";"202100029515";7;"07:50";"1";"74";"1";"1";"1";6;45;6
"29516";"202100029516";7;"14:10";"1";"63";"1";"1";"7";5;45;3
"29517";"202100029517";7;"11:45";"1";"25";"1";"1";"1";5;47;6
"29518";"202100029518";7;"00:30";"3";"17";"1";"1";"3";2;45;0
"29519";"202100029519";7;"16:20";"1";"27";"1";"1";"1";6;49;0
"29520";"202100029520";7;"21:40";"5";"988";"1";"1";"1";6;-22;166
"29521";"202100029521";7;"13:00";"1";"973";"1";"1";"1";2;4;-52
"29522";"202100029522";7;"19:31";"3";"971";"2";"1";"1";1;16;-61
"29523";"202100029523";7;"22:50";"5";"978";"2";"1";"1";1;18;-63
"29524";"202100029524";6;"13:20";"1";"977";"2";"1";"1";1;17;-62
"29525";"202100029525";7;"20:55";"2";"45";"2";"1";"1";6;47;2
"29526";"202100029526";7;"08:30";"1";"45";"1";"1";"2";1;47;1
"29527";"202100029527";7;"16:20";"1";"77";"2";"1";"1";7;48;2
"29528";"202100029528";2;"19:20";"3";"77";"1";"1";"4";4;48;2
"29529";"202100029529";7;"11:30";"1";"91";"2";"6";"1";2;48;2
"29530";"202100029530";7;"15:30";"1";"2B";"1";"1";"1";7;42;9
"29531";"202100029531";7;"06:45";"1";"66";"1";"1";"1";6;42;2
"29532";"202100029532";7;"10:20";"1";"13";"2";"9";"1";2;43;5
"29533";"202100029533";7;"09:10";"1";"26";"1";"1";"1";6;45;4
"29534";"202100029534";7;"08:55";"1";"44";"2";"1";"1";6;47;-1
"29535";"202100029535";6;"18:40";"1";"38";"1";"1";"1";3;45;5
"29536";"202100029536";7;"18:20";"1";"69";"1";"3";"7";3;45;4
"29537";"202100029537";6;"21:15";"2";"69";"2";"1";"1";6;45;4
"29538";"202100029538";7;"20:00";"1";"72";"2";"9";"1";2;47;0
"29539";"202100029539";7;"07:30";"2";"72";"1";"1";"1";7;47;0
"29540";"202100029540";6;"14:30";"1";"72";"2";"1";"1";6;47;0
"29541";"202100029541";7;"11:50";"1";"27";"1";"6";"1";3;49;1
"29542";"202100029542";7;"16:35";"1";"13";"1";"1";"1";7;43;5
"29543";"202100029543";7;"20:30";"2";"13";"1";"1";"1";3;43;5
"29544";"202100029544";7;"16:00";"1";"13";"1";"1";"1";2;43;5
"29545";"202100029545";7;"00:30";"5";"38";"2";"7";"1";3;45;4
"29546";"202100029546";7;"13:15";"1";"69";"1";"1";"1";4;45;4
"29547";"202100029547";7;"06:50";"1";"38";"1";"9";"1";6;45;4
"29548";"202100029548";7;"00:45";"3";"69";"1";"1";"1";2;45;4
"29549";"202100029549";7;"18:12";"1";"33";"1";"1";"1";2;44;0
"29550";"202100029550";7;"04:19";"3";"91";"1";"1";"2";7;48;2
"29551";"202100029551";7;"02:06";"3";"91";"1";"9";"2";6;48;2
"29552";"202100029552";7;"21:15";"1";"94";"1";"1";"1";2;48;2
"29553";"202100029553";7;"17:00";"1";"95";"1";"1";"1";6;49;2
"29554";"202100029554";7;"09:50";"1";"95";"1";"1";"1";2;49;2
"29555";"202100029555";7;"09:00";"1";"93";"1";"1";"1";4;48;2
"29556";"202100029556";7;"12:20";"1";"93";"1";"1";"1";2;48;2
"29557";"202100029557";7;"17:15";"1";"75";"1";"1";"1";2;48;2
"29558";"202100029558";7;"15:45";"1";"77";"1";"1";"1";2;48;2
"29559";"202100029559";7;"18:30";"1";"77";"1";"1";"1";2;48;2
"29560";"202100029560";7;"23:40";"4";"93";"1";"1";"1";6;48;2
"29561";"202100029561";3;"13:35";"1";"48";"2";"1";"2";6;44;3
"29562";"202100029562";7;"18:30";"5";"974";"1";"1";"1";3;-21;55
"29563";"202100029563";7;"17:40";"2";"974";"1";"9";"1";6;-20;55
"29564";"202100029564";7;"06:45";"1";"974";"2";"2";"1";3;-20;55
"29565";"202100029565";7;"08:10";"1";"973";"2";"1";"1";2;4;-52
"29566";"202100029566";7;"07:00";"1";"973";"2";"3";"1";3;4;-52
"29567";"202100029567";7;"21:25";"5";"69";"2";"3";"8";3;45;4
"29568";"202100029568";7;"20:00";"2";"69";"2";"1";"1";6;45;4
"29569";"202100029569";7;"04:00";"5";"972";"1";"1";"1";6;14;-61
"29570";"202100029570";7;"14:00";"1";"69";"2";"3";"1";3;45;4
"29571";"202100029571";7;"20:10";"1";"69";"2";"1";"1";2;45;4
"29572";"202100029572";7;"02:20";"5";"69";"2";"1";"1";6;45;4
"29573";"202100029573";7;"16:29";"1";"2B";"1";"1";"1";2;42;9
"29574";"202100029574";7;"14:12";"1";"2B";"1";"1";"1";1;42;9
"29575";"202100029575";6;"13:20";"1";"971";"1";"1";"1";7;16;-61
"29576";"202100029576";7;"19:35";"1";"91";"2";"3";"1";2;48;2
"29577";"202100029577";7;"15:10";"1";"83";"2";"1";"1";6;43;6
"29578";"202100029578";7;"09:05";"1";"83";"1";"1";"1";6;43;6
"29579";"202100029579";7;"22:50";"5";"78";"2";"1";"1";5;48;2
"29580";"202100029580";7;"22:40";"3";"78";"1";"1";"1";6;48;2
"29581";"202100029581";7;"16:00";"1";"76";"2";"7";"1";3;49;1
"29582";"202100029582";7;"19:08";"1";"74";"2";"8";"8";7;46;6
"29583";"202100029583";7;"23:00";"5";"72";"2";"1";"1";4;47;0
"29584";"202100029584";7;"14:50";"1";"72";"1";"1";"1";3;47;0
"29585";"202100029585";7;"17:55";"1";"69";"1";"3";"1";3;45;4
"29586";"202100029586";7;"14:40";"1";"69";"2";"2";"1";3;45;4
"29587";"202100029587";7;"20:55";"1";"64";"1";"2";"1";2;43;0
"29588";"202100029588";7;"10:05";"1";"64";"2";"1";"1";2;43;0
"29589";"202100029589";7;"20:20";"1";"64";"2";"1";"1";3;43;-1
"29590";"202100029590";7;"23:45";"4";"62";"2";"2";"1";3;50;1
"29591";"202100029591";6;"22:22";"5";"54";"2";"1";"1";3;48;6
"29592";"202100029592";7;"09:20";"1";"54";"2";"2";"1";1;48;6
"29593";"202100029593";7;"14:52";"1";"49";"2";"1";"2";7;47;0
"29594";"202100029594";7;"11:40";"1";"45";"2";"1";"1";3;47;1
"29595";"202100029595";7;"17:20";"1";"45";"2";"1";"1";2;47;1
"29596";"202100029596";7;"22:00";"2";"44";"2";"3";"1";2;47;-1
"29597";"202100029597";6;"14:00";"1";"42";"2";"1";"1";6;45;4
"29598";"202100029598";7;"22:10";"2";"42";"2";"2";"1";2;46;4
"29599";"202100029599";7;"17:25";"1";"37";"2";"1";"2";6;47;0
"29600";"202100029600";7;"03:25";"5";"35";"2";"2";"1";3;48;-1
"29601";"202100029601";7;"10:56";"1";"33";"2";"4";"1";3;44;0
"29602";"202100029602";7;"15:20";"1";"31";"2";"9";"1";6;43;1
"29603";"202100029603";7;"19:30";"1";"27";"2";"1";"2";1;49;1
"29604";"202100029604";7;"12:25";"1";"27";"2";"6";"2";7;49;1
"29605";"202100029605";7;"21:40";"3";"13";"2";"1";"1";3;43;5
"29606";"202100029606";7;"21:00";"5";"13";"2";"9";"1";3;43;5
"29607";"202100029607";7;"15:25";"1";"13";"2";"9";"1";6;43;5
"29608";"202100029608";7;"07:00";"1";"13";"2";"1";"1";1;43;5
"29609";"202100029609";7;"02:30";"5";"13";"2";"2";"1";1;43;5
"29610";"202100029610";7;"02:45";"5";"13";"2";"1";"1";1;43;5
"29611";"202100029611";7;"01:09";"5";"10";"2";"2";"8";3;48;4
"29612";"202100029612";7;"19:30";"1";"07";"1";"1";"1";3;44;4
"29613";"202100029613";7;"16:20";"1";"07";"2";"1";"1";3;44;4
"29614";"202100029614";7;"15:00";"1";"06";"2";"3";"1";6;43;7
"29615";"202100029615";7;"11:55";"1";"75";"2";"3";"1";3;48;2
"29616";"202100029616";7;"17:00";"1";"75";"2";"1";"2";3;48;2
"29617";"202100029617";7;"16:20";"1";"75";"2";"4";"1";3;48;2
"29618";"202100029618";7;"23:15";"5";"75";"2";"1";"1";1;48;2
"29619";"202100029619";7;"03:00";"5";"75";"2";"3";"1";7;48;2
"29620";"202100029620";7;"21:30";"2";"75";"2";"1";"1";6;48;2
"29621";"202100029621";7;"12:40";"1";"75";"2";"2";"1";2;48;2
"29622";"202100029622";7;"04:00";"5";"75";"2";"3";"1";3;48;2
"29623";"202100029623";7;"12:40";"1";"75";"2";"1";"1";3;48;2
"29624";"202100029624";7;"12:30";"1";"75";"2";"7";"2";3;48;2
"29625";"202100029625";7;"17:20";"1";"75";"2";"3";"1";7;48;2
"29626";"202100029626";7;"15:50";"1";"75";"2";"2";"1";3;48;2
"29627";"202100029627";7;"19:45";"1";"94";"2";"2";"1";3;48;2
"29628";"202100029628";7;"15:10";"1";"94";"2";"1";"2";6;48;2
"29629";"202100029629";7;"13:50";"1";"94";"2";"1";"2";3;48;2
"29630";"202100029630";7;"20:45";"2";"94";"2";"9";"1";3;48;2
"29631";"202100029631";7;"17:17";"1";"94";"2";"3";"1";7;48;2
"29632";"202100029632";7;"16:30";"1";"94";"2";"1";"1";5;48;2
"29633";"202100029633";7;"14:00";"1";"94";"2";"4";"1";6;48;2
"29634";"202100029634";7;"12:15";"1";"94";"2";"1";"1";3;48;2
"29635";"202100029635";7;"15:55";"1";"93";"2";"1";"1";3;48;2
"29636";"202100029636";7;"17:35";"1";"93";"2";"9";"1";1;48;2
"29637";"202100029637";7;"15:30";"1";"93";"2";"4";"1";2;48;2
"29638";"202100029638";7;"11:00";"1";"92";"2";"1";"8";6;48;2
"29639";"202100029639";7;"11:20";"1";"92";"2";"3";"2";2;48;2
"29640";"202100029640";7;"12:15";"1";"92";"2";"3";"1";6;48;2
"29641";"202100029641";7;"18:50";"1";"14";"1";"1";"1";7;48;0
"29642";"202100029642";7;"19:40";"1";"51";"1";"2";"1";3;48;4
"29643";"202100029643";7;"04:00";"3";"51";"1";"1";"1";7;48;4
"29644";"202100029644";7;"10:45";"1";"01";"1";"1";"1";5;45;4
"29645";"202100029645";7;"07:50";"1";"38";"2";"1";"1";2;45;4
"29646";"202100029646";7;"11:00";"1";"68";"1";"1";"1";5;47;7
"29647";"202100029647";7;"09:55";"1";"45";"1";"1";"1";6;48;2
"29648";"202100029648";7;"13:00";"1";"28";"1";"1";"1";2;48;0
"29649";"202100029649";7;"19:30";"1";"83";"1";"1";"1";7;43;6
"29650";"202100029650";7;"12:10";"1";"71";"1";"1";"1";2;46;4
"29651";"202100029651";7;"20:35";"3";"972";"1";"1";"1";6;14;-61
"29652";"202100029652";7;"06:10";"2";"54";"1";"1";"1";6;49;5
"29653";"202100029653";7;"21:55";"5";"46";"2";"1";"1";7;44;1
"29654";"202100029654";7;"22:45";"4";"86";"1";"6";"1";7;46;0
"29655";"202100029655";7;"20:30";"1";"67";"2";"1";"2";1;48;7
"29656";"202100029656";7;"13:00";"1";"974";"2";"1";"1";3;-21;55
"29657";"202100029657";7;"14:45";"1";"83";"2";"1";"1";5;43;6
"29658";"202100029658";7;"16:25";"1";"83";"1";"1";"1";6;43;6
"29659";"202100029659";7;"20:30";"2";"80";"1";"1";"1";6;49;1
"29660";"202100029660";7;"17:00";"1";"33";"1";"1";"1";7;45;-1
"29661";"202100029661";7;"19:10";"1";"11";"1";"1";"1";1;43;2
"29662";"202100029662";7;"00:40";"3";"71";"2";"4";"1";1;46;4
"29663";"202100029663";7;"16:45";"1";"89";"1";"1";"1";7;48;3
"29664";"202100029664";7;"19:00";"1";"63";"1";"1";"1";7;45;2
"29665";"202100029665";7;"15:15";"1";"63";"1";"1";"1";7;45;3
"29666";"202100029666";7;"12:00";"1";"42";"2";"2";"7";3;45;4
"29667";"202100029667";6;"16:50";"1";"42";"1";"3";"1";1;45;4
"29668";"202100029668";7;"11:40";"1";"47";"1";"1";"1";7;44;0
"29669";"202100029669";7;"19:15";"1";"34";"1";"1";"7";6;43;3
"29670";"202100029670";7;"10:50";"1";"39";"1";"1";"1";6;46;5
"29671";"202100029671";7;"17:45";"1";"35";"1";"1";"1";3;48;-1
"29672";"202100029672";7;"18:11";"1";"29";"2";"1";"1";6;48;-3
"29673";"202100029673";7;"14:40";"1";"31";"1";"1";"1";1;43;0
"29674";"202100029674";7;"16:30";"1";"31";"1";"1";"1";1;43;1
"29675";"202100029675";7;"11:15";"1";"03";"1";"2";"1";1;46;3
"29676";"202100029676";7;"02:10";"3";"85";"1";"1";"1";7;46;-1
"29677";"202100029677";7;"01:00";"4";"58";"2";"1";"1";3;47;3
"29678";"202100029678";7;"17:10";"1";"06";"1";"9";"1";7;44;7
"29679";"202100029679";7;"06:00";"2";"06";"1";"1";"1";1;43;6
"29680";"202100029680";7;"00:37";"3";"06";"1";"1";"1";6;43;6
"29681";"202100029681";7;"11:35";"1";"14";"1";"1";"1";7;49;0
"29682";"202100029682";7;"16:45";"1";"60";"1";"1";"1";6;49;3
"29683";"202100029683";7;"18:25";"1";"64";"1";"1";"1";7;42;0
"29684";"202100029684";7;"11:00";"1";"73";"1";"1";"3";1;45;6
"29685";"202100029685";7;"20:15";"1";"07";"1";"1";"1";7;44;4
"29686";"202100029686";7;"03:45";"3";"21";"1";"1";"1";1;47;4
"29687";"202100029687";7;"21:00";"1";"21";"1";"1";"3";3;47;4
"29688";"202100029688";7;"07:20";"1";"17";"1";"1";"1";3;46;0
"29689";"202100029689";7;"20:04";"1";"30";"1";"1";"1";6;44;4
"29690";"202100029690";7;"23:45";"3";"10";"1";"1";"1";2;48;4
"29691";"202100029691";7;"08:30";"1";"76";"1";"1";"1";3;49;0
"29692";"202100029692";7;"16:30";"1";"74";"1";"3";"1";3;45;6
"29693";"202100029693";7;"03:00";"3";"33";"1";"1";"1";2;44;0
"29694";"202100029694";7;"11:15";"1";"38";"1";"1";"1";2;44;6
"29695";"202100029695";7;"15:25";"1";"987";"1";"4";"1";1;-17;-149
"29696";"202100029696";7;"17:45";"1";"72";"1";"1";"1";6;48;0
"29697";"202100029697";7;"09:20";"1";"83";"1";"1";"1";1;43;5
"29698";"202100029698";7;"17:30";"2";"988";"1";"9";"2";7;-22;166
"29699";"202100029699";7;"04:00";"3";"77";"1";"1";"1";6;48;2
"29700";"202100029700";7;"16:15";"1";"77";"1";"2";"7";3;48;2
"29701";"202100029701";7;"01:50";"3";"34";"2";"3";"1";6;43;3
"29702";"202100029702";7;"11:15";"1";"84";"1";"1";"1";5;43;5
"29703";"202100029703";7;"11:15";"1";"83";"1";"1";"1";4;43;6
"29704";"202100029704";7;"20:45";"3";"83";"2";"1";"1";3;43;6
"29705";"202100029705";7;"18:15";"1";"13";"1";"1";"1";1;43;5
"29706";"202100029706";7;"17:15";"1";"13";"2";"1";"1";3;43;4
"29707";"202100029707";7;"14:57";"1";"71";"1";"2";"1";2;46;4
"29708";"202100029708";7;"18:20";"1";"73";"1";"1";"1";6;45;6
"29709";"202100029709";7;"07:10";"2";"26";"1";"3";"1";3;44;4
"29710";"202100029710";7;"13:00";"1";"69";"1";"1";"1";3;45;4
"29711";"202100029711";7;"16:45";"1";"46";"1";"1";"1";1;44;2
"29712";"202100029712";7;"17:20";"1";"79";"2";"3";"1";7;46;0
"29713";"202100029713";7;"02:43";"3";"64";"1";"1";"1";7;43;-1
"29714";"202100029714";7;"19:40";"1";"33";"1";"1";"1";2;44;0
"29715";"202100029715";7;"22:00";"3";"22";"1";"2";"1";3;48;-2
"29716";"202100029716";7;"19:00";"1";"80";"1";"1";"1";3;49;2
"29717";"202100029717";7;"09:09";"1";"13";"1";"1";"1";7;43;5
"29718";"202100029718";7;"11:30";"1";"13";"1";"1";"1";3;43;5
"29719";"202100029719";7;"20:00";"1";"13";"1";"1";"1";2;43;5
"29720";"202100029720";7;"17:00";"1";"13";"1";"1";"1";2;43;5
"29721";"202100029721";7;"06:45";"1";"13";"1";"1";"1";3;43;5
"29722";"202100029722";7;"12:20";"1";"67";"1";"1";"1";6;48;7
"29723";"202100029723";7;"15:10";"1";"33";"1";"1";"1";2;44;0
"29724";"202100029724";7;"02:55";"3";"33";"1";"1";"1";2;44;0
"29725";"202100029725";7;"06:25";"1";"94";"1";"1";"1";2;48;2
"29726";"202100029726";7;"19:35";"1";"91";"1";"1";"1";3;48;2
"29727";"202100029727";7;"19:55";"1";"91";"1";"1";"1";3;48;2
"29728";"202100029728";7;"15:41";"1";"92";"1";"1";"1";2;48;2
"29729";"202100029729";7;"15:05";"1";"92";"1";"1";"1";4;48;2
"29730";"202100029730";7;"22:40";"5";"93";"1";"1";"1";2;48;2
"29731";"202100029731";7;"11:30";"1";"93";"1";"1";"1";3;48;2
"29732";"202100029732";7;"13:20";"1";"77";"1";"1";"1";6;48;2
"29733";"202100029733";7;"22:15";"5";"64";"2";"1";"1";1;43;-1
"29734";"202100029734";7;"18:15";"1";"38";"2";"1";"1";1;45;5
"29735";"202100029735";5;"16:40";"1";"94";"2";"1";"1";6;48;2
"29736";"202100029736";7;"16:00";"1";"974";"2";"6";"1";3;-20;55
"29737";"202100029737";7;"13:10";"1";"973";"2";"1";"1";3;4;-52
"29738";"202100029738";7;"19:35";"1";"69";"2";"2";"1";3;45;4
"29739";"202100029739";7;"21:49";"5";"972";"1";"1";"1";2;14;-61
"29740";"202100029740";7;"13:15";"1";"972";"2";"9";"1";6;14;-61
"29741";"202100029741";7;"07:10";"1";"972";"2";"1";"1";3;14;-61
"29742";"202100029742";7;"22:00";"3";"972";"1";"1";"1";3;14;-61
"29743";"202100029743";7;"17:49";"1";"972";"2";"1";"1";3;14;-61
"29744";"202100029744";7;"17:10";"1";"69";"2";"1";"1";2;45;4
"29745";"202100029745";7;"12:35";"1";"2B";"2";"1";"1";1;42;9
"29746";"202100029746";7;"01:30";"5";"2A";"2";"1";"1";7;41;8
"29747";"202100029747";7;"07:43";"1";"95";"2";"2";"1";3;48;2
"29748";"202100029748";7;"16:00";"1";"91";"2";"1";"1";6;48;2
"29749";"202100029749";7;"12:35";"1";"91";"2";"1";"1";3;48;2
"29750";"202100029750";6;"16:35";"1";"86";"2";"1";"1";6;46;0
"29751";"202100029751";5;"04:45";"5";"85";"2";"6";"1";3;46;-1
"29752";"202100029752";7;"17:30";"1";"83";"2";"1";"1";2;43;6
"29753";"202100029753";7;"20:57";"1";"78";"1";"3";"1";6;48;2
"29754";"202100029754";7;"02:38";"5";"77";"2";"1";"1";6;48;2
"29755";"202100029755";7;"09:15";"1";"76";"2";"1";"1";3;49;1
"29756";"202100029756";7;"03:25";"5";"76";"2";"1";"1";2;49;1
"29757";"202100029757";7;"17:45";"1";"76";"1";"3";"1";3;49;0
"29758";"202100029758";7;"13:20";"1";"74";"2";"1";"2";3;46;6
"29759";"202100029759";7;"01:49";"5";"72";"2";"1";"1";6;47;0
"29760";"202100029760";7;"19:00";"1";"72";"2";"2";"1";1;47;0
"29761";"202100029761";7;"09:50";"1";"70";"2";"1";"1";6;47;6
"29762";"202100029762";7;"18:35";"1";"69";"2";"1";"1";2;45;4
"29763";"202100029763";7;"18:00";"1";"69";"2";"2";"1";3;45;4
"29764";"202100029764";7;"13:18";"1";"69";"2";"8";"1";6;45;4
"29765";"202100029765";7;"18:26";"1";"66";"1";"1";"1";2;42;2
"29766";"202100029766";7;"17:47";"1";"66";"1";"1";"1";5;42;2
"29767";"202100029767";7;"21:15";"1";"65";"2";"2";"8";3;43;0
"29768";"202100029768";7;"21:10";"4";"64";"2";"1";"1";7;43;0
"29769";"202100029769";7;"15:10";"1";"64";"2";"1";"1";2;43;-1
"29770";"202100029770";7;"10:20";"1";"64";"2";"3";"1";3;43;-1
"29771";"202100029771";7;"21:30";"1";"62";"2";"6";"1";3;50;2
"29772";"202100029772";7;"18:20";"1";"62";"2";"1";"1";3;50;2
"29773";"202100029773";6;"10:50";"1";"58";"2";"1";"1";7;46;3
"29774";"202100029774";7;"17:36";"1";"57";"2";"1";"1";6;49;6
"29775";"202100029775";7;"13:35";"1";"56";"2";"2";"1";3;47;-3
"29776";"202100029776";7;"06:20";"2";"56";"2";"2";"1";3;47;-3
"29777";"202100029777";7;"10:35";"1";"56";"2";"1";"1";6;47;-3
"29778";"202100029778";7;"02:38";"5";"56";"2";"6";"1";3;47;-3
"29779";"202100029779";7;"10:15";"1";"54";"2";"1";"1";6;48;6
"29780";"202100029780";7;"16:50";"1";"54";"2";"1";"1";3;49;5
"29781";"202100029781";7;"11:00";"1";"51";"2";"9";"1";7;49;4
"29782";"202100029782";7;"22:30";"1";"50";"2";"2";"1";3;49;-1
"29783";"202100029783";7;"07:39";"1";"49";"2";"1";"1";6;47;0
"29784";"202100029784";7;"02:31";"5";"44";"2";"1";"1";3;47;-1
"29785";"202100029785";7;"18:00";"1";"42";"2";"4";"1";6;45;4
"29786";"202100029786";7;"12:15";"1";"40";"2";"3";"1";6;43;-1
"29787";"202100029787";6;"14:00";"1";"40";"2";"3";"1";3;43;-1
"29788";"202100029788";7;"17:00";"1";"38";"2";"1";"1";6;45;5
"29789";"202100029789";7;"18:30";"1";"37";"2";"1";"1";2;47;0
"29790";"202100029790";7;"15:18";"1";"37";"2";"1";"1";6;47;0
"29791";"202100029791";6;"09:40";"1";"36";"1";"1";"1";2;46;1
"29792";"202100029792";6;"18:25";"1";"36";"2";"1";"1";6;46;1
"29793";"202100029793";7;"19:40";"1";"35";"2";"1";"1";3;48;-1
"29794";"202100029794";7;"23:55";"5";"33";"2";"1";"9";6;44;0
"29795";"202100029795";7;"12:35";"1";"33";"2";"3";"1";3;44;0
"29796";"202100029796";7;"18:20";"1";"31";"1";"1";"1";3;43;1
"29797";"202100029797";7;"23:50";"5";"30";"2";"1";"1";2;44;4
"29798";"202100029798";7;"17:05";"1";"30";"2";"1";"1";7;44;4
"29799";"202100029799";7;"15:30";"1";"29";"1";"1";"1";2;47;-4
"29800";"202100029800";7;"11:35";"1";"29";"1";"1";"1";3;48;-4
"29801";"202100029801";7;"22:55";"5";"17";"2";"9";"1";3;46;-1
"29802";"202100029802";7;"15:50";"1";"14";"2";"1";"2";3;49;0
"29803";"202100029803";7;"15:40";"1";"13";"2";"1";"1";3;43;5
"29804";"202100029804";7;"13:30";"1";"13";"1";"1";"1";1;43;5
"29805";"202100029805";7;"14:40";"1";"13";"2";"3";"1";3;43;5
"29806";"202100029806";7;"04:10";"5";"13";"2";"1";"1";6;43;5
"29807";"202100029807";7;"18:46";"1";"13";"2";"4";"1";3;43;5
"29808";"202100029808";7;"10:22";"1";"10";"2";"1";"1";3;48;4
"29809";"202100029809";7;"14:20";"1";"10";"2";"1";"2";2;48;4
"29810";"202100029810";7;"09:45";"1";"09";"2";"1";"1";6;42;1
"29811";"202100029811";7;"21:50";"5";"07";"2";"2";"1";3;44;4
"29812";"202100029812";7;"10:40";"1";"07";"2";"1";"1";3;44;4
"29813";"202100029813";7;"17:50";"1";"06";"2";"1";"1";6;43;7
"29814";"202100029814";7;"16:35";"1";"04";"1";"1";"1";7;43;5
"29815";"202100029815";7;"07:20";"1";"01";"2";"2";"1";2;46;5
"29816";"202100029816";7;"18:00";"1";"75";"2";"1";"1";2;48;2
"29817";"202100029817";7;"09:50";"1";"75";"2";"1";"1";4;48;2
"29818";"202100029818";7;"23:23";"5";"75";"2";"3";"1";2;48;2
"29819";"202100029819";7;"16:15";"1";"75";"2";"3";"1";6;48;2
"29820";"202100029820";7;"14:50";"1";"75";"2";"7";"8";3;48;2
"29821";"202100029821";7;"11:30";"1";"75";"2";"2";"1";2;48;2
"29822";"202100029822";7;"16:20";"1";"75";"2";"1";"1";2;48;2
"29823";"202100029823";7;"08:50";"1";"75";"2";"2";"1";3;48;2
"29824";"202100029824";7;"19:20";"1";"75";"2";"7";"1";6;48;2
"29825";"202100029825";7;"02:15";"5";"75";"2";"5";"1";3;48;2
"29826";"202100029826";7;"00:15";"5";"75";"2";"4";"1";3;48;2
"29827";"202100029827";7;"15:10";"1";"75";"2";"2";"1";3;48;2
"29828";"202100029828";7;"08:45";"1";"75";"2";"3";"1";6;48;2
"29829";"202100029829";7;"17:15";"1";"75";"2";"4";"1";7;48;2
"29830";"202100029830";7;"14:55";"1";"75";"2";"3";"1";3;48;2
"29831";"202100029831";7;"10:45";"1";"75";"2";"2";"1";6;48;2
"29832";"202100029832";7;"00:45";"5";"75";"2";"1";"1";1;48;2
"29833";"202100029833";7;"17:55";"1";"75";"2";"2";"1";6;48;2
"29834";"202100029834";7;"14:05";"1";"75";"2";"1";"1";3;48;2
"29835";"202100029835";7;"16:30";"1";"75";"2";"7";"1";6;48;2
"29836";"202100029836";7;"16:50";"1";"94";"2";"1";"1";7;48;2
"29837";"202100029837";7;"12:55";"1";"94";"2";"2";"1";1;48;2
"29838";"202100029838";7;"09:00";"1";"94";"2";"2";"1";3;48;2
"29839";"202100029839";7;"12:30";"1";"94";"2";"1";"1";2;48;2
"29840";"202100029840";7;"00:10";"5";"94";"2";"2";"1";7;48;2
"29841";"202100029841";7;"19:00";"1";"94";"2";"1";"1";1;48;2
"29842";"202100029842";7;"13:55";"1";"94";"2";"1";"1";3;48;2
"29843";"202100029843";7;"12:30";"1";"94";"2";"2";"1";3;48;2
"29844";"202100029844";7;"22:15";"5";"93";"2";"1";"1";2;48;2
"29845";"202100029845";7;"18:15";"1";"93";"2";"3";"1";1;48;2
"29846";"202100029846";7;"15:40";"1";"93";"2";"1";"1";6;48;2
"29847";"202100029847";7;"18:20";"1";"93";"2";"1";"1";3;48;2
"29848";"202100029848";7;"12:20";"1";"93";"2";"9";"1";6;48;2
"29849";"202100029849";7;"16:00";"1";"93";"2";"1";"1";1;48;2
"29850";"202100029850";7;"13:00";"1";"93";"2";"1";"1";3;48;2
"29851";"202100029851";7;"15:19";"1";"93";"2";"1";"1";6;48;2
"29852";"202100029852";7;"09:50";"1";"93";"2";"1";"1";2;48;2
"29853";"202100029853";7;"09:20";"1";"92";"2";"1";"1";6;48;2
"29854";"202100029854";7;"07:45";"1";"92";"2";"1";"1";3;48;2
"29855";"202100029855";7;"16:00";"1";"92";"2";"1";"1";3;48;2
"29856";"202100029856";7;"18:30";"1";"92";"2";"3";"1";3;48;2
"29857";"202100029857";7;"21:30";"2";"92";"2";"1";"1";3;48;2
"29858";"202100029858";7;"20:45";"1";"92";"2";"1";"1";3;48;2
"29859";"202100029859";7;"19:08";"1";"92";"2";"1";"1";3;48;2
"29860";"202100029860";7;"22:47";"5";"92";"2";"1";"1";2;48;2
"29861";"202100029861";7;"15:00";"1";"92";"2";"3";"8";2;48;2
"29862";"202100029862";7;"20:30";"1";"92";"2";"3";"1";3;48;2
"29863";"202100029863";7;"18:45";"1";"92";"2";"1";"1";3;48;2
"29864";"202100029864";7;"10:05";"1";"86";"2";"1";"1";2;46;0
"29865";"202100029865";7;"19:35";"1";"68";"1";"6";"1";3;48;7
"29866";"202100029866";7;"03:05";"3";"62";"1";"1";"1";6;50;1
"29867";"202100029867";7;"19:05";"1";"51";"1";"1";"1";7;49;4
"29868";"202100029868";7;"12:00";"1";"51";"2";"6";"1";3;49;4
"29869";"202100029869";7;"18:50";"1";"51";"2";"1";"1";7;49;4
"29870";"202100029870";7;"08:55";"1";"74";"2";"1";"1";6;45;6
"29871";"202100029871";7;"11:52";"1";"2A";"2";"1";"1";3;41;8
"29872";"202100029872";7;"09:00";"1";"2B";"2";"1";"1";2;42;9
"29873";"202100029873";7;"12:18";"1";"12";"1";"1";"1";6;43;2