"";"Num_Acc";"mois";"hrmn";"lum";"dep";"agg";"int";"atm";"col";"lat";"long"
"29874";"202100029874";7;"14:20";"1";"22";"1";"3";"1";3;48;-3
"29875";"202100029875";7;"21:00";"1";"25";"1";"1";"1";7;47;6
"29876";"202100029876";7;"01:30";"3";"25";"1";"1";"1";1;47;5
"29877";"202100029877";7;"15:25";"1";"44";"2";"1";"1";3;47;-1
"29878";"202100029878";7;"15:50";"1";"35";"2";"3";"8";6;48;-1
"29879";"202100029879";7;"19:15";"1";"31";"2";"1";"1";6;43;1
"29880";"202100029880";7;"21:50";"3";"02";"1";"3";"1";3;49;3
"29881";"202100029881";7;"01:10";"3";"03";"1";"1";"1";6;46;3
"29882";"202100029882";7;"03:00";"3";"15";"1";"1";"1";6;45;3
"29883";"202100029883";7;"16:43";"1";"01";"1";"2";"1";3;46;4
"29884";"202100029884";7;"03:00";"3";"58";"1";"1";"5";6;47;3
"29885";"202100029885";7;"18:10";"1";"06";"2";"3";"1";3;43;6
"29886";"202100029886";7;"02:45";"5";"06";"2";"1";"1";7;43;6
"29887";"202100029887";7;"23:30";"5";"06";"2";"3";"1";1;43;6
"29888";"202100029888";7;"17:25";"1";"64";"2";"6";"1";2;43;0
"29889";"202100029889";7;"04:00";"3";"10";"1";"1";"1";6;48;4
"29890";"202100029890";7;"21:20";"1";"85";"2";"1";"1";7;46;-1
"29891";"202100029891";7;"13:00";"1";"37";"1";"1";"1";1;47;0
"29892";"202100029892";7;"13:45";"1";"30";"1";"1";"1";7;43;4
"29893";"202100029893";7;"20:30";"1";"52";"1";"2";"1";3;48;4
"29894";"202100029894";7;"05:45";"2";"13";"1";"1";"1";1;43;5
"29895";"202100029895";7;"16:35";"1";"01";"1";"1";"1";6;46;5
"29896";"202100029896";7;"11:55";"1";"18";"1";"1";"1";6;47;2
"29897";"202100029897";7;"11:30";"1";"973";"2";"1";"1";3;4;-52
"29898";"202100029898";7;"00:00";"5";"987";"2";"1";"1";6;-17;-149
"29899";"202100029899";7;"07:35";"1";"17";"2";"1";"1";1;45;-1
"29900";"202100029900";6;"14:30";"1";"28";"1";"1";"1";2;48;1
"29901";"202100029901";7;"02:00";"3";"74";"1";"1";"1";6;46;6
"29902";"202100029902";7;"18:57";"5";"971";"1";"3";"2";3;16;-61
"29903";"202100029903";7;"17:50";"1";"21";"2";"6";"1";6;47;5
"29904";"202100029904";7;"21:05";"1";"2A";"2";"3";"1";1;41;9
"29905";"202100029905";7;"17:35";"1";"84";"1";"1";"1";1;43;5
"29906";"202100029906";7;"12:00";"1";"83";"2";"1";"1";6;43;6
"29907";"202100029907";7;"03:15";"3";"83";"1";"6";"1";6;43;6
"29908";"202100029908";7;"17:30";"1";"05";"1";"3";"1";3;44;6
"29909";"202100029909";7;"03:40";"3";"21";"1";"1";"1";6;47;5
"29910";"202100029910";7;"17:20";"1";"67";"1";"1";"1";6;49;7
"29911";"202100029911";7;"13:50";"1";"73";"1";"1";"1";6;45;6
"29912";"202100029912";7;"14:10";"1";"38";"1";"6";"1";3;45;5
"29913";"202100029913";7;"09:50";"1";"26";"2";"1";"1";1;44;4
"29914";"202100029914";7;"07:00";"1";"69";"1";"6";"7";2;45;4
"29915";"202100029915";7;"00:00";"3";"69";"1";"1";"1";6;45;4
"29916";"202100029916";7;"17:45";"1";"69";"1";"1";"1";3;45;5
"29917";"202100029917";7;"07:15";"1";"85";"1";"1";"2";6;46;-1
"29918";"202100029918";7;"23:20";"3";"14";"1";"1";"1";2;49;0
"29919";"202100029919";7;"18:00";"1";"56";"2";"6";"1";6;47;-3
"29920";"202100029920";7;"12:45";"1";"60";"2";"2";"1";3;49;2
"29921";"202100029921";7;"06:30";"2";"80";"1";"1";"1";7;49;2
"29922";"202100029922";7;"12:09";"1";"59";"1";"9";"3";3;50;3
"29923";"202100029923";7;"16:15";"1";"13";"1";"1";"1";2;43;5
"29924";"202100029924";7;"18:35";"1";"13";"1";"1";"1";4;43;5
"29925";"202100029925";7;"08:45";"1";"13";"1";"1";"1";3;43;5
"29926";"202100029926";7;"13:45";"1";"13";"1";"1";"1";5;43;5
"29927";"202100029927";7;"20:30";"1";"33";"1";"1";"1";2;44;0
"29928";"202100029928";7;"11:35";"1";"33";"1";"9";"1";3;44;0
"29929";"202100029929";7;"01:15";"3";"59";"1";"1";"1";6;50;3
"29930";"202100029930";7;"00:30";"3";"59";"1";"1";"1";2;50;2
"29931";"202100029931";7;"19:00";"1";"91";"1";"1";"1";4;48;2
"29932";"202100029932";7;"14:25";"1";"94";"1";"1";"1";3;48;2
"29933";"202100029933";7;"01:00";"3";"91";"1";"1";"1";5;48;2
"29934";"202100029934";7;"06:50";"2";"95";"1";"1";"1";2;48;2
"29935";"202100029935";7;"15:00";"1";"94";"1";"1";"1";7;48;2
"29936";"202100029936";6;"16:45";"1";"04";"2";"6";"1";6;44;6
"29937";"202100029937";6;"16:30";"2";"976";"2";"1";"1";6;-12;45
"29938";"202100029938";7;"15:45";"1";"13";"2";"1";"1";3;43;5
"29939";"202100029939";7;"07:35";"1";"75";"2";"2";"1";3;48;2
"29940";"202100029940";7;"16:40";"1";"988";"2";"1";"1";6;-22;166
"29941";"202100029941";7;"10:50";"1";"973";"2";"9";"1";2;4;-52
"29942";"202100029942";7;"12:00";"1";"973";"2";"9";"1";3;4;-52
"29943";"202100029943";7;"19:28";"1";"69";"2";"1";"1";6;45;4
"29944";"202100029944";7;"11:00";"1";"972";"2";"1";"1";1;14;-61
"29945";"202100029945";7;"14:20";"1";"69";"2";"1";"1";6;45;4
"29946";"202100029946";7;"11:50";"1";"69";"2";"1";"1";6;45;4
"29947";"202100029947";7;"15:45";"1";"971";"2";"9";"1";2;16;-61
"29948";"202100029948";7;"18:15";"1";"95";"2";"1";"1";7;49;2
"29949";"202100029949";7;"08:35";"1";"95";"2";"1";"1";5;48;2
"29950";"202100029950";7;"08:05";"1";"91";"2";"9";"1";3;48;2
"29951";"202100029951";7;"19:10";"1";"91";"1";"1";"1";7;48;2
"29952";"202100029952";7;"14:05";"1";"89";"2";"3";"1";3;48;3
"29953";"202100029953";7;"19:05";"1";"89";"2";"2";"1";1;48;3
"29954";"202100029954";7;"21:25";"1";"88";"2";"1";"1";1;48;6
"29955";"202100029955";7;"13:36";"1";"87";"2";"2";"1";3;45;1
"29956";"202100029956";7;"22:08";"5";"87";"2";"2";"1";3;45;1
"29957";"202100029957";7;"15:15";"1";"86";"2";"1";"1";3;46;0
"29958";"202100029958";7;"13:30";"1";"77";"2";"6";"1";3;48;2
"29959";"202100029959";7;"17:45";"1";"74";"2";"1";"2";4;46;6
"29960";"202100029960";7;"12:02";"1";"72";"2";"1";"1";6;47;0
"29961";"202100029961";7;"18:30";"1";"72";"1";"1";"1";2;48;0
"29962";"202100029962";7;"19:00";"1";"69";"2";"1";"3";2;45;4
"29963";"202100029963";7;"16:25";"1";"69";"2";"1";"1";6;45;4
"29964";"202100029964";7;"09:00";"1";"69";"2";"6";"1";3;45;4
"29965";"202100029965";7;"17:50";"1";"68";"1";"1";"7";4;47;7
"29966";"202100029966";7;"10:00";"1";"67";"2";"1";"2";6;48;7
"29967";"202100029967";7;"08:40";"1";"67";"2";"1";"3";6;48;7
"29968";"202100029968";7;"19:05";"1";"67";"2";"3";"7";3;48;7
"29969";"202100029969";7;"15:10";"1";"64";"2";"1";"2";6;43;-1
"29970";"202100029970";7;"23:08";"5";"63";"2";"1";"1";2;45;3
"29971";"202100029971";7;"13:27";"1";"63";"2";"2";"1";2;45;3
"29972";"202100029972";7;"19:23";"1";"62";"1";"3";"1";3;50;1
"29973";"202100029973";7;"00:00";"5";"59";"2";"9";"1";3;50;3
"29974";"202100029974";7;"12:30";"1";"59";"2";"3";"1";3;50;3
"29975";"202100029975";7;"08:39";"1";"59";"2";"1";"7";3;50;3
"29976";"202100029976";7;"00:40";"5";"57";"2";"1";"1";1;49;6
"29977";"202100029977";7;"19:30";"1";"56";"1";"1";"1";1;47;-3
"29978";"202100029978";7;"19:56";"1";"54";"2";"2";"1";3;48;6
"29979";"202100029979";7;"13:30";"1";"51";"2";"1";"1";7;49;4
"29980";"202100029980";7;"10:00";"1";"45";"2";"3";"1";6;47;1
"29981";"202100029981";7;"02:10";"3";"41";"1";"1";"1";6;47;1
"29982";"202100029982";7;"14:50";"1";"38";"2";"1";"1";1;45;5
"29983";"202100029983";7;"11:01";"1";"37";"2";"1";"1";6;47;0
"29984";"202100029984";7;"11:25";"1";"37";"2";"1";"1";7;47;0
"29985";"202100029985";6;"13:10";"1";"35";"1";"1";"1";2;48;-2
"29986";"202100029986";7;"20:20";"2";"35";"2";"1";"2";2;48;-1
"29987";"202100029987";7;"01:10";"5";"33";"2";"2";"1";3;44;0
"29988";"202100029988";7;"11:00";"1";"33";"2";"1";"1";3;44;0
"29989";"202100029989";7;"14:35";"1";"33";"2";"3";"1";5;44;0
"29990";"202100029990";7;"17:05";"1";"31";"2";"1";"1";7;43;1
"29991";"202100029991";7;"10:30";"1";"31";"2";"1";"1";2;43;1
"29992";"202100029992";7;"15:05";"1";"29";"2";"4";"1";1;47;-3
"29993";"202100029993";7;"20:40";"1";"13";"2";"1";"1";2;43;5
"29994";"202100029994";7;"16:30";"1";"13";"2";"1";"1";1;43;5
"29995";"202100029995";7;"02:10";"5";"13";"2";"1";"1";3;43;5
"29996";"202100029996";7;"18:05";"1";"13";"1";"3";"1";3;43;5
"29997";"202100029997";7;"01:40";"5";"13";"1";"9";"1";6;43;5
"29998";"202100029998";7;"17:46";"1";"13";"2";"1";"1";1;43;5
"29999";"202100029999";7;"11:30";"1";"12";"1";"3";"1";3;44;3
"30000";"202100030000";7;"14:58";"1";"10";"2";"7";"8";2;48;4
"30001";"202100030001";7;"19:00";"1";"07";"2";"9";"1";3;44;4
"30002";"202100030002";7;"13:00";"1";"07";"1";"1";"1";7;44;4
"30003";"202100030003";7;"17:30";"1";"06";"2";"1";"1";1;43;6
"30004";"202100030004";7;"15:15";"1";"04";"2";"1";"1";6;43;5
"30005";"202100030005";7;"13:20";"1";"75";"2";"4";"1";4;48;2
"30006";"202100030006";7;"18:55";"1";"75";"2";"1";"1";2;48;2
"30007";"202100030007";7;"00:20";"5";"75";"2";"2";"1";3;48;2
"30008";"202100030008";7;"11:40";"1";"75";"2";"2";"1";1;48;2
"30009";"202100030009";7;"13:40";"1";"75";"2";"3";"1";3;48;2
"30010";"202100030010";7;"21:15";"2";"75";"2";"3";"1";3;48;2
"30011";"202100030011";7;"18:15";"1";"75";"2";"2";"1";3;48;2
"30012";"202100030012";7;"10:00";"1";"75";"2";"7";"1";3;48;2
"30013";"202100030013";7;"06:15";"1";"75";"2";"2";"1";3;48;2
"30014";"202100030014";7;"22:30";"5";"75";"2";"3";"1";3;48;2
"30015";"202100030015";7;"12:05";"1";"75";"2";"3";"1";3;48;2
"30016";"202100030016";7;"18:55";"1";"75";"2";"1";"1";3;48;2
"30017";"202100030017";7;"15:40";"1";"75";"2";"3";"1";3;48;2
"30018";"202100030018";7;"10:45";"1";"75";"2";"2";"1";3;48;2
"30019";"202100030019";7;"07:35";"1";"75";"2";"3";"1";3;48;2
"30020";"202100030020";7;"22:15";"5";"75";"2";"2";"1";3;48;2
"30021";"202100030021";7;"16:20";"1";"75";"2";"5";"1";3;48;2
"30022";"202100030022";7;"15:00";"1";"75";"2";"3";"1";2;48;2
"30023";"202100030023";7;"15:10";"1";"75";"2";"7";"1";4;48;2
"30024";"202100030024";7;"15:15";"1";"75";"2";"2";"1";3;48;2
"30025";"202100030025";7;"09:00";"1";"75";"2";"1";"1";6;48;2
"30026";"202100030026";7;"19:34";"1";"75";"2";"7";"7";7;48;2
"30027";"202100030027";7;"11:14";"1";"75";"2";"7";"1";3;48;2
"30028";"202100030028";7;"13:25";"1";"75";"2";"7";"1";3;48;2
"30029";"202100030029";7;"20:20";"1";"75";"2";"3";"1";3;48;2
"30030";"202100030030";7;"18:15";"1";"75";"2";"2";"1";3;48;2
"30031";"202100030031";7;"10:53";"1";"94";"2";"9";"1";6;48;2
"30032";"202100030032";7;"08:40";"1";"94";"2";"1";"2";3;48;2
"30033";"202100030033";7;"13:00";"1";"94";"2";"1";"1";6;48;2
"30034";"202100030034";7;"11:45";"1";"94";"2";"1";"1";6;48;2
"30035";"202100030035";7;"15:00";"1";"94";"2";"1";"1";5;48;2
"30036";"202100030036";7;"01:57";"5";"94";"2";"2";"1";3;48;2
"30037";"202100030037";7;"09:20";"1";"94";"2";"1";"1";2;48;2
"30038";"202100030038";7;"20:20";"1";"93";"2";"1";"1";1;48;2
"30039";"202100030039";7;"19:00";"1";"93";"2";"1";"1";2;49;2
"30040";"202100030040";7;"14:10";"1";"93";"2";"1";"1";2;48;2
"30041";"202100030041";7;"15:45";"1";"93";"2";"2";"1";3;48;2
"30042";"202100030042";7;"09:30";"1";"93";"2";"1";"1";3;48;2
"30043";"202100030043";7;"18:45";"1";"93";"2";"1";"1";3;48;2
"30044";"202100030044";7;"17:00";"1";"93";"2";"3";"1";4;48;2
"30045";"202100030045";7;"19:30";"1";"93";"2";"1";"1";3;48;2
"30046";"202100030046";7;"18:10";"1";"93";"2";"1";"1";6;48;2
"30047";"202100030047";7;"17:30";"1";"92";"2";"3";"1";3;48;2
"30048";"202100030048";7;"19:39";"1";"92";"2";"3";"1";3;48;2
"30049";"202100030049";7;"18:10";"1";"92";"2";"2";"1";3;48;2
"30050";"202100030050";7;"11:25";"1";"92";"2";"1";"1";2;48;2
"30051";"202100030051";7;"09:30";"1";"92";"2";"2";"1";3;48;2
"30052";"202100030052";7;"18:30";"1";"92";"2";"4";"1";3;48;2
"30053";"202100030053";7;"00:25";"5";"92";"2";"1";"1";6;48;2
"30054";"202100030054";7;"18:50";"1";"44";"1";"1";"1";6;47;-1
"30055";"202100030055";6;"10:10";"1";"2A";"1";"1";"1";1;41;8
"30056";"202100030056";7;"10:20";"1";"83";"1";"1";"1";5;43;6
"30057";"202100030057";7;"12:14";"1";"81";"1";"1";"1";1;43;2
"30058";"202100030058";7;"14:42";"1";"28";"1";"1";"1";6;48;1
"30059";"202100030059";7;"17:40";"1";"83";"1";"1";"1";6;43;6
"30060";"202100030060";7;"16:00";"1";"28";"1";"1";"1";1;48;1
"30061";"202100030061";7;"22:45";"3";"52";"1";"9";"3";6;47;5
"30062";"202100030062";7;"12:00";"1";"28";"2";"1";"1";6;48;1
"30063";"202100030063";6;"19:00";"1";"35";"1";"1";"1";2;48;-1
"30064";"202100030064";7;"18:00";"1";"67";"1";"3";"1";2;48;7
"30065";"202100030065";7;"15:30";"1";"35";"1";"1";"1";3;48;-1
"30066";"202100030066";6;"17:24";"1";"57";"1";"9";"1";7;49;6
"30067";"202100030067";7;"07:45";"1";"51";"1";"2";"1";1;48;4
"30068";"202100030068";7;"12:20";"1";"2A";"2";"1";"1";3;41;8
"30069";"202100030069";7;"14:00";"1";"80";"1";"1";"1";7;49;2
"30070";"202100030070";7;"15:00";"1";"80";"1";"2";"1";1;49;2
"30071";"202100030071";7;"17:30";"1";"55";"1";"1";"1";2;48;5
"30072";"202100030072";7;"03:45";"3";"49";"2";"1";"1";6;47;0
"30073";"202100030073";7;"19:30";"2";"68";"1";"1";"1";1;47;7
"30074";"202100030074";7;"20:45";"1";"44";"2";"1";"1";6;47;-1
"30075";"202100030075";7;"08:55";"1";"35";"1";"2";"1";3;48;-1
"30076";"202100030076";7;"15:40";"1";"29";"2";"3";"1";3;48;-3
"30077";"202100030077";7;"08:55";"1";"29";"1";"6";"1";3;47;-4
"30078";"202100030078";7;"19:45";"1";"31";"1";"1";"1";2;43;1
"30079";"202100030079";7;"09:25";"1";"84";"1";"1";"1";6;44;5
"30080";"202100030080";7;"22:21";"3";"01";"1";"4";"1";1;46;5
"30081";"202100030081";7;"12:30";"1";"26";"1";"1";"6";1;44;4
"30082";"202100030082";7;"12:55";"1";"06";"1";"1";"1";3;43;6
"30083";"202100030083";7;"06:20";"2";"14";"1";"1";"1";6;49;0
"30084";"202100030084";7;"14:20";"1";"05";"1";"1";"1";5;44;5
"30085";"202100030085";7;"01:10";"3";"45";"2";"1";"1";6;48;2
"30086";"202100030086";7;"16:15";"1";"36";"2";"2";"1";3;46;1
"30087";"202100030087";7;"12:00";"1";"07";"2";"3";"8";1;45;4
"30088";"202100030088";7;"00:35";"3";"40";"2";"1";"2";7;43;-1
"30089";"202100030089";7;"16:46";"1";"24";"1";"1";"1";2;45;0
"30090";"202100030090";7;"09:10";"1";"04";"2";"1";"1";3;44;6
"30091";"202100030091";7;"14:15";"1";"04";"1";"1";"1";1;43;6
"30092";"202100030092";7;"22:15";"2";"37";"1";"1";"1";6;47;0
"30093";"202100030093";7;"12:35";"1";"72";"1";"1";"1";5;48;0
"30094";"202100030094";7;"19:34";"1";"38";"1";"1";"1";3;45;5
"30095";"202100030095";7;"03:45";"5";"67";"2";"1";"1";6;48;7
"30096";"202100030096";7;"22:15";"5";"42";"2";"2";"1";3;45;4
"30097";"202100030097";7;"19:25";"1";"51";"1";"1";"1";4;49;3
"30098";"202100030098";7;"12:47";"1";"34";"1";"1";"1";6;43;3
"30099";"202100030099";7;"05:45";"2";"34";"1";"1";"1";3;43;3
"30100";"202100030100";7;"19:00";"1";"69";"1";"1";"1";7;45;4
"30101";"202100030101";7;"15:30";"1";"974";"1";"1";"1";1;-21;55
"30102";"202100030102";7;"16:00";"1";"971";"2";"1";"1";6;16;-61
"30103";"202100030103";6;"11:15";"1";"28";"1";"6";"3";3;48;1
"30104";"202100030104";7;"11:20";"1";"78";"1";"1";"1";6;48;1
"30105";"202100030105";7;"12:10";"1";"04";"1";"1";"1";7;43;5
"30106";"202100030106";7;"21:55";"3";"04";"1";"1";"1";6;43;6
"30107";"202100030107";7;"15:50";"1";"13";"1";"9";"1";3;43;4
"30108";"202100030108";7;"17:40";"1";"89";"2";"4";"8";2;47;3
"30109";"202100030109";7;"18:05";"1";"71";"1";"1";"1";5;46;4
"30110";"202100030110";7;"09:45";"1";"52";"2";"1";"2";3;47;5
"30111";"202100030111";7;"05:10";"2";"03";"1";"1";"1";1;46;3
"30112";"202100030112";7;"10:54";"1";"01";"2";"1";"1";6;45;5
"30113";"202100030113";7;"11:00";"1";"01";"2";"3";"1";3;45;4
"30114";"202100030114";7;"22:15";"3";"33";"1";"6";"1";6;44;0
"30115";"202100030115";7;"20:15";"1";"60";"2";"1";"1";1;49;2
"30116";"202100030116";7;"17:00";"1";"60";"1";"1";"1";2;49;2
"30117";"202100030117";7;"14:15";"1";"59";"2";"6";"1";3;50;3
"30118";"202100030118";7;"19:00";"1";"13";"1";"1";"1";3;43;5
"30119";"202100030119";6;"16:30";"1";"13";"1";"1";"1";2;43;5
"30120";"202100030120";7;"17:45";"1";"13";"1";"1";"1";2;43;5
"30121";"202100030121";7;"00:45";"3";"13";"1";"1";"1";7;43;5
"30122";"202100030122";7;"19:15";"1";"13";"1";"1";"1";2;43;5
"30123";"202100030123";7;"14:00";"1";"69";"1";"1";"1";3;45;4
"30124";"202100030124";7;"15:20";"1";"33";"1";"1";"3";2;44;0
"30125";"202100030125";7;"17:20";"1";"59";"1";"1";"1";2;50;3
"30126";"202100030126";7;"09:05";"1";"59";"1";"1";"1";3;50;3
"30127";"202100030127";7;"16:50";"1";"91";"1";"1";"1";7;48;2
"30128";"202100030128";7;"08:20";"1";"94";"1";"1";"1";3;48;2
"30129";"202100030129";7;"20:45";"1";"91";"1";"1";"1";3;48;2
"30130";"202100030130";7;"18:20";"1";"78";"1";"1";"1";3;48;2
"30131";"202100030131";7;"12:35";"5";"92";"1";"1";"1";6;48;2
"30132";"202100030132";7;"21:25";"1";"92";"1";"1";"1";2;48;2
"30133";"202100030133";7;"09:25";"1";"92";"1";"1";"1";3;48;2
"30134";"202100030134";7;"20:20";"1";"93";"1";"1";"1";3;48;2
"30135";"202100030135";7;"19:00";"1";"95";"1";"1";"1";5;48;2
"30136";"202100030136";7;"15:45";"1";"95";"1";"1";"1";3;48;2
"30137";"202100030137";7;"06:40";"2";"95";"1";"1";"1";2;48;2
"30138";"202100030138";7;"06:50";"1";"95";"1";"1";"1";2;48;2
"30139";"202100030139";7;"07:50";"1";"93";"1";"1";"1";2;48;2
"30140";"202100030140";7;"18:45";"1";"59";"2";"1";"1";6;50;3
"30141";"202100030141";4;"15:50";"1";"61";"2";"1";"1";6;48;0
"30142";"202100030142";7;"10:30";"1";"38";"2";"9";"1";3;45;5
"30143";"202100030143";7;"12:30";"1";"33";"2";"9";"3";6;44;0
"30144";"202100030144";4;"17:06";"1";"16";"2";"3";"1";3;45;0
"30145";"202100030145";7;"10:10";"1";"974";"2";"1";"1";2;-21;55
"30146";"202100030146";7;"10:45";"1";"974";"2";"9";"1";3;-20;55
"30147";"202100030147";7;"14:38";"1";"973";"1";"6";"1";3;4;-52
"30148";"202100030148";7;"13:10";"1";"69";"1";"1";"1";6;45;4
"30149";"202100030149";7;"10:45";"1";"69";"2";"1";"1";3;45;4
"30150";"202100030150";7;"22:15";"4";"972";"2";"1";"1";6;14;-61
"30151";"202100030151";7;"10:15";"1";"69";"2";"1";"3";3;45;4
"30152";"202100030152";7;"16:15";"1";"971";"2";"3";"1";3;16;-61
"30153";"202100030153";7;"06:45";"2";"87";"2";"1";"1";3;45;1
"30154";"202100030154";7;"18:05";"1";"83";"2";"1";"1";6;43;6
"30155";"202100030155";7;"19:30";"1";"83";"2";"2";"1";3;43;6
"30156";"202100030156";7;"12:15";"1";"83";"2";"3";"1";3;43;6
"30157";"202100030157";7;"16:50";"1";"80";"2";"1";"1";3;49;2
"30158";"202100030158";7;"12:15";"1";"80";"2";"1";"1";3;49;2
"30159";"202100030159";7;"01:20";"4";"78";"1";"1";"1";6;48;1
"30160";"202100030160";7;"15:25";"1";"76";"2";"1";"1";6;49;1
"30161";"202100030161";7;"15:00";"1";"73";"1";"1";"1";3;45;5
"30162";"202100030162";7;"09:40";"1";"73";"2";"6";"1";6;45;5
"30163";"202100030163";7;"12:10";"1";"72";"1";"1";"1";4;47;0
"30164";"202100030164";7;"16:40";"1";"69";"2";"2";"1";3;45;4
"30165";"202100030165";7;"12:50";"1";"69";"2";"1";"1";6;45;4
"30166";"202100030166";7;"12:52";"1";"68";"2";"2";"2";1;47;7
"30167";"202100030167";7;"19:45";"1";"67";"2";"1";"2";3;48;7
"30168";"202100030168";7;"18:30";"1";"67";"2";"1";"2";2;48;7
"30169";"202100030169";7;"11:05";"1";"65";"2";"1";"1";6;43;0
"30170";"202100030170";7;"17:40";"1";"64";"2";"1";"2";7;43;-1
"30171";"202100030171";7;"16:00";"1";"64";"2";"1";"8";1;43;-1
"30172";"202100030172";7;"13:35";"1";"64";"2";"1";"1";3;43;-1
"30173";"202100030173";7;"11:05";"1";"64";"2";"1";"1";3;43;-1
"30174";"202100030174";7;"21:10";"2";"63";"2";"1";"1";2;45;3
"30175";"202100030175";7;"15:20";"1";"63";"2";"1";"1";1;45;3
"30176";"202100030176";7;"06:45";"1";"59";"1";"2";"1";3;50;3
"30177";"202100030177";7;"14:15";"1";"59";"2";"2";"1";3;50;3
"30178";"202100030178";7;"22:50";"5";"51";"2";"1";"1";7;49;4
"30179";"202100030179";7;"16:34";"1";"49";"1";"1";"1";6;47;0
"30180";"202100030180";7;"17:48";"1";"49";"2";"1";"1";2;47;0
"30181";"202100030181";7;"16:12";"1";"49";"2";"1";"1";6;47;0
"30182";"202100030182";7;"21:15";"2";"41";"1";"6";"1";3;47;1
"30183";"202100030183";7;"17:55";"1";"41";"2";"1";"1";7;47;1
"30184";"202100030184";7;"19:30";"1";"37";"2";"3";"1";2;47;0
"30185";"202100030185";7;"16:00";"1";"37";"2";"3";"1";6;47;0
"30186";"202100030186";7;"22:40";"5";"35";"2";"3";"1";2;48;-1
"30187";"202100030187";7;"11:40";"1";"35";"2";"9";"1";3;48;-1
"30188";"202100030188";7;"20:57";"1";"34";"2";"3";"1";3;43;3
"30189";"202100030189";7;"16:35";"1";"34";"2";"1";"1";3;43;3
"30190";"202100030190";6;"00:00";"3";"33";"2";"1";"1";1;44;0
"30191";"202100030191";6;"19:15";"1";"33";"2";"1";"1";6;44;0
"30192";"202100030192";7;"01:20";"4";"33";"2";"1";"1";7;44;0
"30193";"202100030193";7;"04:55";"5";"31";"2";"9";"2";3;43;1
"30194";"202100030194";7;"10:20";"1";"30";"2";"1";"1";6;44;4
"30195";"202100030195";7;"16:15";"1";"29";"2";"2";"1";3;48;-4
"30196";"202100030196";7;"01:37";"5";"25";"2";"3";"2";3;47;6
"30197";"202100030197";7;"22:55";"3";"17";"1";"1";"1";5;45;-1
"30198";"202100030198";7;"13:45";"1";"15";"2";"1";"1";6;44;2
"30199";"202100030199";7;"18:50";"1";"14";"2";"1";"1";3;49;0
"30200";"202100030200";7;"17:54";"1";"14";"1";"1";"1";4;49;0
"30201";"202100030201";7;"09:00";"1";"14";"2";"3";"1";3;49;0
"30202";"202100030202";7;"11:25";"1";"13";"2";"1";"1";3;43;4
"30203";"202100030203";7;"19:20";"1";"13";"2";"1";"1";2;43;5
"30204";"202100030204";7;"13:15";"1";"13";"2";"2";"1";3;43;5
"30205";"202100030205";7;"10:00";"1";"13";"2";"6";"1";6;43;5
"30206";"202100030206";7;"01:15";"5";"13";"2";"1";"1";1;43;5
"30207";"202100030207";7;"00:15";"5";"13";"2";"3";"1";3;43;5
"30208";"202100030208";7;"10:08";"1";"13";"2";"3";"1";3;43;5
"30209";"202100030209";7;"05:10";"3";"13";"1";"1";"8";1;43;4
"30210";"202100030210";7;"23:45";"4";"13";"2";"9";"1";3;43;5
"30211";"202100030211";7;"15:20";"1";"10";"2";"1";"1";3;48;4
"30212";"202100030212";7;"16:50";"1";"06";"1";"1";"1";3;43;7
"30213";"202100030213";7;"19:20";"1";"03";"1";"1";"1";1;46;3
"30214";"202100030214";7;"14:26";"1";"02";"2";"2";"1";3;49;3
"30215";"202100030215";7;"15:30";"1";"75";"2";"1";"1";3;48;2
"30216";"202100030216";7;"16:15";"1";"75";"2";"1";"1";3;48;2
"30217";"202100030217";7;"10:30";"1";"75";"2";"1";"1";2;48;2
"30218";"202100030218";7;"06:45";"1";"75";"2";"1";"1";4;48;2
"30219";"202100030219";7;"21:06";"2";"75";"2";"2";"1";5;48;2
"30220";"202100030220";7;"20:10";"1";"75";"2";"4";"1";3;48;2
"30221";"202100030221";7;"18:14";"1";"75";"2";"3";"1";3;48;2
"30222";"202100030222";7;"12:45";"1";"75";"2";"3";"1";6;48;2
"30223";"202100030223";7;"18:55";"1";"75";"2";"5";"1";7;48;2
"30224";"202100030224";7;"11:15";"1";"75";"2";"5";"1";3;48;2
"30225";"202100030225";7;"08:20";"1";"75";"2";"3";"1";3;48;2
"30226";"202100030226";7;"06:50";"1";"75";"2";"1";"1";2;48;2
"30227";"202100030227";7;"22:00";"5";"75";"2";"2";"1";3;48;2
"30228";"202100030228";7;"16:02";"1";"75";"2";"3";"1";3;48;2
"30229";"202100030229";7;"07:00";"2";"75";"2";"2";"1";1;48;2
"30230";"202100030230";7;"16:44";"1";"75";"2";"3";"1";6;48;2
"30231";"202100030231";7;"18:00";"1";"75";"2";"1";"1";6;48;2
"30232";"202100030232";7;"09:30";"1";"75";"2";"1";"1";5;48;2
"30233";"202100030233";7;"20:35";"2";"75";"2";"1";"1";3;48;2
"30234";"202100030234";7;"10:00";"1";"75";"2";"1";"1";3;48;2
"30235";"202100030235";7;"19:15";"1";"75";"2";"2";"1";2;48;2
"30236";"202100030236";7;"21:10";"1";"75";"2";"2";"1";3;48;2
"30237";"202100030237";7;"18:00";"1";"75";"2";"4";"1";3;48;2
"30238";"202100030238";7;"09:00";"1";"75";"2";"3";"1";2;48;2