"";"Num_Acc";"mois";"hrmn";"lum";"dep";"agg";"int";"atm";"col";"lat";"long"
"30239";"202100030239";7;"19:45";"1";"75";"2";"2";"1";7;48;2
"30240";"202100030240";7;"15:00";"1";"75";"2";"3";"1";3;48;2
"30241";"202100030241";7;"17:40";"1";"94";"2";"2";"1";6;48;2
"30242";"202100030242";7;"08:30";"1";"94";"2";"1";"1";3;48;2
"30243";"202100030243";7;"12:40";"1";"94";"2";"1";"1";6;48;2
"30244";"202100030244";7;"14:15";"1";"94";"2";"1";"1";3;48;2
"30245";"202100030245";7;"19:00";"1";"94";"2";"2";"1";3;48;2
"30246";"202100030246";7;"16:00";"1";"93";"2";"9";"2";6;48;2
"30247";"202100030247";7;"18:40";"1";"92";"2";"3";"1";3;48;2
"30248";"202100030248";7;"15:30";"1";"92";"2";"2";"1";3;48;2
"30249";"202100030249";7;"16:41";"1";"92";"2";"1";"1";6;48;2
"30250";"202100030250";7;"18:10";"1";"92";"2";"2";"1";3;48;2
"30251";"202100030251";7;"18:58";"1";"92";"2";"1";"1";2;48;2
"30252";"202100030252";7;"12:30";"1";"92";"2";"1";"1";3;48;2
"30253";"202100030253";7;"20:30";"2";"92";"2";"2";"1";3;48;2
"30254";"202100030254";7;"10:00";"1";"92";"2";"1";"1";3;48;2
"30255";"202100030255";7;"06:00";"1";"92";"2";"2";"3";3;48;2
"30256";"202100030256";7;"19:00";"1";"92";"2";"1";"1";6;48;2
"30257";"202100030257";7;"17:45";"1";"92";"2";"1";"1";2;48;2
"30258";"202100030258";7;"13:50";"1";"83";"1";"1";"1";6;43;6
"30259";"202100030259";7;"19:50";"5";"974";"2";"1";"1";1;-21;55
"30260";"202100030260";7;"18:40";"1";"51";"1";"1";"1";1;49;3
"30261";"202100030261";7;"17:00";"1";"26";"1";"1";"1";1;45;4
"30262";"202100030262";7;"00:10";"3";"83";"1";"1";"1";6;43;6
"30263";"202100030263";7;"13:15";"1";"974";"1";"1";"1";4;-21;55
"30264";"202100030264";7;"13:10";"1";"87";"1";"1";"1";6;46;1
"30265";"202100030265";7;"03:05";"3";"41";"2";"1";"3";6;47;0
"30266";"202100030266";7;"17:55";"1";"30";"1";"4";"1";6;44;4
"30267";"202100030267";7;"01:15";"3";"51";"1";"1";"1";1;49;4
"30268";"202100030268";7;"12:30";"1";"56";"1";"1";"1";6;47;-2
"30269";"202100030269";7;"07:50";"1";"74";"1";"1";"8";5;46;6
"30270";"202100030270";7;"08:30";"1";"77";"1";"2";"1";3;48;3
"30271";"202100030271";7;"16:55";"1";"2B";"1";"1";"1";3;42;8
"30272";"202100030272";7;"16:00";"1";"46";"1";"1";"1";1;44;1
"30273";"202100030273";6;"16:20";"1";"41";"1";"1";"1";7;47;1
"30274";"202100030274";7;"07:45";"1";"68";"1";"1";"8";6;47;7
"30275";"202100030275";7;"08:30";"1";"31";"2";"1";"1";6;43;1
"30276";"202100030276";7;"07:35";"1";"38";"1";"1";"1";1;45;5
"30277";"202100030277";7;"00:20";"4";"02";"1";"1";"1";7;49;3
"30278";"202100030278";7;"20:20";"2";"84";"2";"1";"1";7;43;5
"30279";"202100030279";7;"12:10";"1";"01";"1";"1";"8";1;45;5
"30280";"202100030280";7;"17:50";"1";"70";"1";"1";"3";2;47;5
"30281";"202100030281";7;"15:10";"1";"66";"1";"4";"1";3;42;2
"30282";"202100030282";7;"06:20";"2";"54";"1";"1";"2";6;48;5
"30283";"202100030283";7;"19:20";"1";"06";"2";"1";"1";6;43;7
"30284";"202100030284";7;"16:55";"1";"50";"1";"1";"1";7;49;-1
"30285";"202100030285";7;"21:20";"2";"60";"2";"1";"1";7;49;2
"30286";"202100030286";7;"12:10";"1";"45";"2";"1";"1";1;47;2
"30287";"202100030287";7;"21:10";"2";"21";"1";"1";"1";1;47;4
"30288";"202100030288";7;"07:05";"1";"24";"1";"1";"1";3;44;0
"30289";"202100030289";7;"10:20";"1";"37";"1";"1";"3";1;47;0
"30290";"202100030290";7;"03:50";"3";"37";"1";"1";"1";7;47;0
"30291";"202100030291";6;"13:35";"1";"37";"2";"6";"1";2;47;0
"30292";"202100030292";7;"17:45";"1";"08";"2";"1";"1";1;49;4
"30293";"202100030293";7;"13:00";"1";"82";"1";"1";"1";2;43;1
"30294";"202100030294";7;"23:15";"1";"976";"1";"1";"1";7;-12;45
"30295";"202100030295";7;"08:50";"1";"44";"2";"1";"1";1;47;-1
"30296";"202100030296";7;"20:44";"1";"62";"1";"1";"1";7;50;2
"30297";"202100030297";7;"06:45";"1";"973";"1";"1";"2";1;5;-52
"30298";"202100030298";7;"20:00";"5";"971";"1";"1";"1";1;16;-61
"30299";"202100030299";7;"09:00";"1";"77";"1";"1";"1";1;48;2
"30300";"202100030300";7;"17:15";"1";"55";"2";"1";"7";3;48;5
"30301";"202100030301";7;"12:30";"1";"54";"1";"3";"1";3;48;5
"30302";"202100030302";6;"08:00";"1";"69";"2";"6";"2";2;45;4
"30303";"202100030303";6;"00:00";"3";"81";"1";"1";"1";3;43;1
"30304";"202100030304";6;"20:10";"1";"31";"2";"1";"1";2;43;1
"30305";"202100030305";6;"10:25";"1";"33";"2";"6";"8";6;44;0
"30306";"202100030306";7;"18:35";"1";"27";"2";"1";"1";3;49;1
"30307";"202100030307";7;"18:45";"1";"60";"1";"9";"2";2;49;2
"30308";"202100030308";7;"23:10";"3";"13";"1";"1";"1";2;43;5
"30309";"202100030309";7;"17:25";"1";"33";"1";"1";"2";4;44;0
"30310";"202100030310";7;"09:30";"1";"94";"1";"1";"1";3;48;2
"30311";"202100030311";7;"11:45";"1";"92";"1";"1";"1";7;48;2
"30312";"202100030312";7;"05:35";"2";"92";"1";"1";"1";6;48;2
"30313";"202100030313";7;"14:00";"1";"95";"1";"1";"1";2;49;2
"30314";"202100030314";7;"22:00";"3";"93";"1";"1";"1";2;48;2
"30315";"202100030315";7;"17:25";"1";"94";"1";"1";"1";6;48;2
"30316";"202100030316";7;"16:30";"1";"94";"1";"1";"1";3;48;2
"30317";"202100030317";7;"11:00";"1";"75";"2";"3";"1";6;48;2
"30318";"202100030318";7;"16:05";"1";"76";"2";"2";"3";6;49;0
"30319";"202100030319";7;"19:15";"1";"75";"2";"2";"1";3;48;2
"30320";"202100030320";3;"12:21";"1";"01";"2";"1";"1";6;46;6
"30321";"202100030321";7;"09:30";"1";"974";"2";"2";"1";3;-20;55
"30322";"202100030322";7;"10:30";"1";"974";"1";"1";"1";2;-20;55
"30323";"202100030323";7;"10:10";"1";"974";"1";"1";"1";3;-20;55
"30324";"202100030324";7;"20:30";"2";"69";"2";"1";"2";4;45;4
"30325";"202100030325";7;"16:55";"1";"69";"2";"2";"3";3;45;4
"30326";"202100030326";7;"16:55";"1";"69";"2";"2";"3";3;45;4
"30327";"202100030327";7;"08:45";"1";"69";"2";"2";"2";3;45;4
"30328";"202100030328";7;"18:40";"1";"69";"2";"2";"1";3;45;4
"30329";"202100030329";7;"08:00";"1";"69";"2";"9";"2";6;45;4
"30330";"202100030330";7;"08:05";"1";"972";"2";"1";"1";2;14;-61
"30331";"202100030331";7;"22:15";"5";"69";"2";"1";"1";2;45;4
"30332";"202100030332";7;"10:10";"1";"69";"2";"1";"3";5;45;4
"30333";"202100030333";7;"14:38";"1";"971";"1";"1";"2";7;16;-61
"30334";"202100030334";7;"22:45";"5";"971";"2";"1";"1";6;16;-61
"30335";"202100030335";7;"19:20";"1";"95";"1";"1";"1";6;48;2
"30336";"202100030336";7;"19:10";"1";"91";"2";"9";"1";3;48;2
"30337";"202100030337";7;"08:30";"1";"91";"2";"3";"1";3;48;2
"30338";"202100030338";7;"11:00";"1";"89";"2";"3";"1";6;48;3
"30339";"202100030339";6;"18:00";"1";"88";"2";"1";"8";3;48;6
"30340";"202100030340";7;"13:01";"1";"87";"1";"1";"2";6;45;1
"30341";"202100030341";7;"20:05";"2";"87";"2";"2";"1";3;45;1
"30342";"202100030342";7;"17:30";"1";"86";"2";"2";"1";5;46;0
"30343";"202100030343";7;"12:35";"1";"83";"1";"1";"1";6;43;6
"30344";"202100030344";7;"17:35";"1";"83";"1";"1";"1";2;43;6
"30345";"202100030345";7;"16:55";"1";"78";"2";"9";"1";1;48;2
"30346";"202100030346";7;"18:10";"1";"78";"1";"1";"1";4;48;2
"30347";"202100030347";7;"16:28";"1";"78";"1";"1";"1";1;48;1
"30348";"202100030348";7;"15:20";"1";"76";"1";"1";"1";6;49;0
"30349";"202100030349";7;"15:50";"1";"72";"2";"1";"8";6;48;0
"30350";"202100030350";7;"21:14";"2";"69";"2";"2";"2";3;45;4
"30351";"202100030351";7;"03:08";"3";"66";"1";"1";"1";6;42;2
"30352";"202100030352";7;"00:15";"5";"66";"1";"6";"1";6;42;2
"30353";"202100030353";7;"17:32";"1";"65";"2";"6";"8";6;43;0
"30354";"202100030354";7;"07:35";"1";"64";"2";"6";"1";7;43;-1
"30355";"202100030355";7;"19:00";"1";"64";"2";"3";"1";3;43;-1
"30356";"202100030356";6;"19:00";"1";"62";"2";"1";"1";3;50;2
"30357";"202100030357";7;"21:00";"1";"59";"2";"1";"1";6;50;3
"30358";"202100030358";7;"18:10";"1";"59";"2";"3";"1";3;50;3
"30359";"202100030359";7;"12:10";"1";"59";"2";"2";"1";3;50;3
"30360";"202100030360";7;"11:25";"1";"59";"2";"1";"1";6;50;3
"30361";"202100030361";7;"20:50";"1";"58";"2";"6";"8";1;46;3
"30362";"202100030362";7;"22:05";"1";"56";"2";"1";"8";6;47;-2
"30363";"202100030363";7;"17:30";"1";"54";"2";"1";"1";3;48;6
"30364";"202100030364";7;"17:10";"1";"54";"2";"1";"1";6;49;5
"30365";"202100030365";7;"14:40";"1";"51";"2";"2";"1";3;49;4
"30366";"202100030366";7;"22:00";"5";"51";"2";"3";"1";3;49;4
"30367";"202100030367";7;"18:53";"1";"51";"2";"2";"1";3;49;4
"30368";"202100030368";7;"15:05";"1";"44";"2";"1";"1";3;47;-1
"30369";"202100030369";7;"09:30";"1";"37";"2";"2";"1";3;47;0
"30370";"202100030370";7;"10:55";"1";"37";"2";"1";"1";6;47;0
"30371";"202100030371";7;"18:20";"1";"37";"2";"3";"1";7;47;0
"30372";"202100030372";7;"06:40";"1";"37";"2";"1";"2";7;47;0
"30373";"202100030373";7;"09:15";"1";"35";"2";"3";"2";6;48;-2
"30374";"202100030374";7;"12:30";"1";"35";"1";"3";"1";3;48;-1
"30375";"202100030375";7;"08:25";"1";"35";"2";"9";"1";3;48;-1
"30376";"202100030376";7;"11:59";"1";"35";"2";"7";"2";3;48;-1
"30377";"202100030377";7;"22:30";"5";"33";"2";"3";"1";3;44;0
"30378";"202100030378";7;"08:35";"1";"33";"2";"4";"2";1;44;0
"30379";"202100030379";7;"22:50";"5";"33";"2";"6";"1";6;44;-1
"30380";"202100030380";7;"06:50";"1";"31";"2";"9";"2";5;43;1
"30381";"202100030381";7;"14:10";"1";"31";"1";"1";"1";3;43;1
"30382";"202100030382";7;"01:45";"3";"30";"1";"1";"1";6;43;4
"30383";"202100030383";7;"10:30";"1";"28";"2";"9";"1";2;48;1
"30384";"202100030384";6;"15:45";"1";"26";"2";"1";"1";6;44;4
"30385";"202100030385";6;"01:31";"5";"25";"2";"2";"1";6;47;6
"30386";"202100030386";6;"09:37";"1";"22";"2";"6";"1";3;48;-2
"30387";"202100030387";7;"20:40";"1";"22";"1";"1";"2";7;48;-3
"30388";"202100030388";7;"16:45";"1";"17";"2";"1";"1";2;46;-1
"30389";"202100030389";7;"08:50";"1";"17";"2";"1";"1";2;46;-1
"30390";"202100030390";7;"17:10";"1";"14";"1";"1";"8";2;49;0
"30391";"202100030391";7;"10:00";"1";"13";"2";"1";"1";1;43;5
"30392";"202100030392";7;"20:10";"1";"13";"2";"1";"1";6;43;5
"30393";"202100030393";7;"12:20";"1";"13";"2";"3";"1";3;43;5
"30394";"202100030394";7;"20:20";"1";"13";"2";"1";"7";3;43;5
"30395";"202100030395";7;"14:15";"1";"12";"1";"1";"1";7;44;2
"30396";"202100030396";7;"11:50";"1";"11";"2";"1";"1";1;43;2
"30397";"202100030397";7;"19:10";"1";"10";"2";"2";"1";3;48;4
"30398";"202100030398";7;"16:52";"1";"08";"2";"1";"1";6;49;4
"30399";"202100030399";7;"15:30";"1";"06";"2";"1";"7";4;43;7
"30400";"202100030400";7;"10:05";"1";"06";"2";"1";"1";4;43;7
"30401";"202100030401";6;"07:20";"1";"06";"2";"2";"1";6;43;7
"30402";"202100030402";7;"15:00";"1";"06";"2";"1";"1";6;43;6
"30403";"202100030403";7;"13:50";"1";"06";"2";"1";"1";3;43;7
"30404";"202100030404";7;"05:25";"2";"04";"2";"1";"1";6;43;5
"30405";"202100030405";7;"20:28";"1";"75";"2";"7";"1";3;48;2
"30406";"202100030406";7;"20:00";"1";"75";"2";"3";"1";2;48;2
"30407";"202100030407";7;"17:30";"1";"75";"2";"1";"1";6;48;2
"30408";"202100030408";7;"15:30";"1";"75";"2";"3";"1";3;48;2
"30409";"202100030409";7;"11:38";"1";"75";"2";"3";"1";3;48;2
"30410";"202100030410";7;"15:15";"1";"75";"2";"5";"1";6;48;2
"30411";"202100030411";7;"19:30";"1";"75";"2";"3";"1";6;48;2
"30412";"202100030412";7;"17:50";"1";"75";"2";"2";"1";3;48;2
"30413";"202100030413";7;"17:50";"1";"75";"2";"2";"1";3;48;2
"30414";"202100030414";7;"12:50";"1";"75";"2";"7";"1";3;48;2
"30415";"202100030415";7;"08:50";"1";"75";"2";"4";"1";7;48;2
"30416";"202100030416";7;"21:08";"2";"75";"2";"1";"1";7;48;2
"30417";"202100030417";7;"08:20";"1";"75";"2";"2";"1";2;48;2
"30418";"202100030418";7;"16:00";"1";"75";"2";"7";"1";6;48;2
"30419";"202100030419";7;"15:30";"1";"75";"2";"3";"1";6;48;2
"30420";"202100030420";7;"10:00";"1";"75";"2";"1";"1";7;48;2
"30421";"202100030421";7;"11:30";"1";"75";"2";"3";"1";3;48;2
"30422";"202100030422";7;"10:25";"1";"75";"2";"7";"8";3;48;2
"30423";"202100030423";7;"00:01";"5";"75";"2";"7";"1";3;48;2
"30424";"202100030424";7;"19:55";"1";"75";"2";"3";"1";6;48;2
"30425";"202100030425";7;"21:45";"2";"94";"2";"2";"8";1;48;2
"30426";"202100030426";7;"17:45";"1";"94";"2";"1";"2";6;48;2
"30427";"202100030427";7;"23:20";"5";"94";"2";"2";"8";3;48;2
"30428";"202100030428";7;"19:05";"1";"94";"2";"2";"1";7;48;2
"30429";"202100030429";7;"15:50";"1";"94";"2";"1";"1";7;48;2
"30430";"202100030430";7;"11:10";"1";"94";"2";"3";"1";3;48;2
"30431";"202100030431";7;"19:25";"1";"94";"2";"9";"1";3;48;2
"30432";"202100030432";7;"12:55";"1";"94";"2";"1";"1";3;48;2
"30433";"202100030433";7;"21:40";"1";"93";"2";"1";"1";3;48;2
"30434";"202100030434";7;"09:47";"1";"93";"2";"7";"1";6;48;2
"30435";"202100030435";7;"12:30";"1";"93";"2";"1";"1";3;48;2
"30436";"202100030436";7;"04:30";"5";"93";"2";"1";"1";2;48;2
"30437";"202100030437";7;"18:40";"1";"93";"2";"1";"1";2;48;2
"30438";"202100030438";7;"13:20";"1";"93";"2";"3";"1";1;48;2
"30439";"202100030439";7;"13:20";"1";"93";"2";"1";"8";6;48;2
"30440";"202100030440";7;"07:45";"1";"93";"2";"1";"1";6;48;2
"30441";"202100030441";7;"07:38";"1";"93";"2";"1";"1";1;48;2
"30442";"202100030442";7;"18:10";"1";"92";"2";"1";"1";6;48;2
"30443";"202100030443";7;"21:10";"2";"92";"2";"3";"1";3;48;2
"30444";"202100030444";7;"12:00";"1";"92";"2";"1";"1";2;48;2
"30445";"202100030445";7;"10:15";"1";"92";"2";"1";"1";3;48;2
"30446";"202100030446";7;"16:05";"1";"92";"2";"1";"1";6;48;2
"30447";"202100030447";7;"15:25";"1";"92";"2";"3";"1";3;48;2
"30448";"202100030448";7;"09:15";"1";"92";"2";"3";"1";3;48;2
"30449";"202100030449";6;"17:50";"1";"14";"1";"1";"2";6;48;0
"30450";"202100030450";6;"18:50";"1";"14";"1";"1";"3";6;48;0
"30451";"202100030451";7;"07:00";"1";"49";"2";"1";"1";6;47;0
"30452";"202100030452";7;"11:15";"1";"974";"1";"1";"2";1;-21;55
"30453";"202100030453";7;"23:00";"3";"85";"1";"1";"2";1;46;-1
"30454";"202100030454";7;"21:15";"5";"71";"2";"1";"1";6;46;5
"30455";"202100030455";7;"16:00";"1";"71";"1";"1";"2";5;46;4
"30456";"202100030456";7;"10:30";"1";"79";"1";"2";"1";3;46;0
"30457";"202100030457";7;"18:45";"1";"79";"1";"2";"1";5;46;0
"30458";"202100030458";7;"21:20";"1";"80";"1";"6";"1";1;49;2
"30459";"202100030459";7;"16:30";"1";"80";"1";"1";"1";1;50;2
"30460";"202100030460";7;"18:50";"1";"32";"1";"1";"1";3;43;0
"30461";"202100030461";7;"11:25";"1";"11";"1";"3";"1";3;43;2
"30462";"202100030462";7;"18:20";"1";"63";"2";"1";"1";1;46;2
"30463";"202100030463";7;"17:45";"1";"47";"1";"6";"1";3;44;0
"30464";"202100030464";7;"14:40";"1";"44";"2";"3";"1";3;47;-2
"30465";"202100030465";7;"14:00";"1";"44";"1";"1";"1";1;47;-1
"30466";"202100030466";7;"18:00";"1";"35";"1";"9";"8";1;48;-1
"30467";"202100030467";7;"09:00";"1";"31";"2";"2";"1";4;43;1
"30468";"202100030468";6;"23:25";"3";"72";"1";"1";"1";2;47;0
"30469";"202100030469";7;"11:30";"1";"72";"1";"1";"1";7;48;0
"30470";"202100030470";7;"03:21";"3";"50";"1";"4";"1";6;49;-1
"30471";"202100030471";7;"17:18";"1";"60";"1";"2";"1";5;49;2
"30472";"202100030472";7;"19:30";"1";"60";"1";"2";"1";2;49;2
"30473";"202100030473";7;"17:50";"1";"45";"2";"1";"1";6;47;2
"30474";"202100030474";6;"19:38";"1";"43";"1";"1";"1";6;45;4
"30475";"202100030475";7;"18:20";"1";"53";"2";"1";"1";6;47;-1
"30476";"202100030476";7;"16:15";"1";"27";"1";"2";"1";3;48;0
"30477";"202100030477";6;"16:20";"1";"17";"1";"3";"1";5;45;0
"30478";"202100030478";7;"11:30";"1";"30";"1";"1";"2";1;43;4
"30479";"202100030479";7;"19:15";"1";"48";"1";"1";"1";6;44;3
"30480";"202100030480";7;"16:10";"1";"68";"2";"3";"2";3;47;7
"30481";"202100030481";7;"12:00";"1";"31";"1";"1";"1";6;43;1
"30482";"202100030482";7;"21:00";"2";"95";"1";"1";"1";6;49;2
"30483";"202100030483";6;"14:04";"1";"06";"1";"6";"1";7;43;7
"30484";"202100030484";7;"13:45";"1";"06";"1";"1";"1";5;43;6
"30485";"202100030485";7;"17:35";"1";"17";"1";"2";"1";3;45;0
"30486";"202100030486";7;"22:00";"5";"974";"2";"1";"1";6;-20;55
"30487";"202100030487";7;"19:45";"1";"34";"2";"7";"1";2;43;3
"30488";"202100030488";7;"15:50";"1";"06";"2";"1";"1";1;43;7
"30489";"202100030489";7;"17:00";"1";"67";"1";"1";"2";7;48;7
"30490";"202100030490";7;"15:00";"1";"73";"1";"1";"1";7;45;6
"30491";"202100030491";7;"16:50";"1";"44";"2";"6";"8";6;47;-1
"30492";"202100030492";6;"20:00";"2";"38";"1";"1";"8";6;45;5
"30493";"202100030493";7;"12:00";"1";"69";"1";"2";"1";3;45;4
"30494";"202100030494";7;"14:15";"1";"65";"1";"1";"1";6;43;0
"30495";"202100030495";7;"17:00";"1";"49";"2";"6";"1";3;47;0
"30496";"202100030496";6;"14:00";"1";"22";"1";"3";"1";3;48;-2
"30497";"202100030497";7;"14:40";"1";"76";"1";"1";"1";3;49;0
"30498";"202100030498";7;"17:42";"1";"13";"1";"1";"1";2;43;5
"30499";"202100030499";7;"18:17";"1";"13";"1";"1";"1";4;43;5
"30500";"202100030500";7;"14:35";"1";"13";"1";"1";"1";1;43;5
"30501";"202100030501";7;"09:00";"1";"13";"1";"1";"1";2;43;5
"30502";"202100030502";7;"08:30";"1";"13";"1";"1";"1";2;43;5
"30503";"202100030503";7;"08:10";"1";"13";"1";"1";"1";3;43;5
"30504";"202100030504";7;"19:25";"1";"13";"1";"1";"1";2;43;5
"30505";"202100030505";7;"09:15";"1";"13";"1";"1";"1";4;43;5
"30506";"202100030506";7;"07:50";"1";"13";"1";"1";"1";3;43;5
"30507";"202100030507";7;"11:10";"1";"69";"1";"1";"1";5;45;4
"30508";"202100030508";7;"00:30";"3";"69";"1";"1";"1";2;45;4
"30509";"202100030509";7;"08:50";"1";"94";"1";"1";"1";3;48;2
"30510";"202100030510";7;"18:15";"1";"92";"1";"1";"1";2;48;2
"30511";"202100030511";7;"19:30";"1";"93";"1";"1";"1";2;48;2
"30512";"202100030512";7;"13:00";"1";"93";"1";"1";"1";2;48;2
"30513";"202100030513";7;"07:50";"1";"95";"1";"1";"1";3;49;2
"30514";"202100030514";7;"19:30";"2";"95";"1";"1";"1";3;49;2
"30515";"202100030515";7;"17:55";"1";"93";"1";"1";"1";3;48;2
"30516";"202100030516";7;"14:15";"1";"94";"1";"1";"1";4;48;2
"30517";"202100030517";7;"08:30";"1";"77";"1";"1";"1";7;48;2
"30518";"202100030518";6;"15:35";"1";"86";"2";"1";"1";6;46;0
"30519";"202100030519";7;"16:05";"1";"69";"2";"1";"1";6;45;4
"30520";"202100030520";7;"12:20";"1";"59";"2";"1";"1";6;50;3
"30521";"202100030521";6;"15:00";"1";"62";"1";"1";"1";6;50;2
"30522";"202100030522";5;"18:25";"1";"30";"2";"1";"1";6;43;4
"30523";"202100030523";7;"15:59";"1";"988";"2";"1";"1";6;-22;166
"30524";"202100030524";7;"17:45";"5";"974";"1";"1";"1";2;-21;55
"30525";"202100030525";3;"23:10";"5";"973";"2";"2";"1";3;4;-52
"30526";"202100030526";7;"17:25";"1";"69";"2";"1";"1";3;45;4
"30527";"202100030527";7;"00:15";"3";"972";"1";"1";"8";2;14;-61
"30528";"202100030528";7;"17:20";"1";"69";"2";"1";"1";6;45;4
"30529";"202100030529";7;"08:35";"1";"69";"2";"9";"8";3;45;4
"30530";"202100030530";7;"00:15";"5";"69";"2";"1";"1";2;45;4
"30531";"202100030531";7;"17:30";"1";"91";"1";"3";"1";3;48;2
"30532";"202100030532";7;"12:35";"1";"87";"1";"1";"1";4;45;1
"30533";"202100030533";6;"17:40";"2";"85";"2";"7";"1";3;46;-1
"30534";"202100030534";7;"13:40";"1";"82";"1";"1";"1";6;44;1
"30535";"202100030535";7;"21:28";"2";"80";"2";"1";"1";7;49;2
"30536";"202100030536";7;"12:40";"1";"78";"1";"1";"1";2;48;2
"30537";"202100030537";7;"08:20";"1";"76";"2";"1";"2";1;49;1
"30538";"202100030538";7;"19:30";"1";"76";"2";"1";"2";1;49;0
"30539";"202100030539";7;"16:30";"1";"76";"1";"1";"1";4;49;0
"30540";"202100030540";6;"13:20";"1";"73";"2";"3";"1";3;45;5
"30541";"202100030541";7;"06:40";"1";"71";"1";"1";"2";7;46;4
"30542";"202100030542";7;"11:55";"1";"71";"2";"1";"1";3;46;4
"30543";"202100030543";7;"11:10";"1";"67";"2";"1";"1";2;48;7
"30544";"202100030544";7;"15:45";"1";"67";"2";"3";"1";3;48;7
"30545";"202100030545";7;"13:50";"1";"67";"2";"1";"1";6;48;7
"30546";"202100030546";7;"20:30";"1";"64";"2";"1";"7";3;43;0
"30547";"202100030547";7;"07:43";"1";"64";"2";"3";"7";2;43;0
"30548";"202100030548";7;"13:40";"1";"64";"2";"1";"1";2;43;-1
"30549";"202100030549";7;"03:40";"5";"64";"2";"1";"1";1;43;-1
"30550";"202100030550";7;"14:17";"1";"63";"2";"1";"1";6;45;3
"30551";"202100030551";7;"03:00";"5";"63";"2";"2";"1";3;45;3
"30552";"202100030552";7;"21:10";"2";"60";"2";"1";"8";6;49;2
"30553";"202100030553";7;"15:40";"1";"59";"2";"6";"1";3;50;3
"30554";"202100030554";7;"19:50";"1";"59";"2";"1";"2";6;50;3
"30555";"202100030555";6;"17:20";"1";"59";"2";"1";"1";6;50;3
"30556";"202100030556";7;"15:50";"1";"59";"2";"3";"1";3;50;3
"30557";"202100030557";7;"11:32";"1";"54";"2";"1";"1";6;48;6
"30558";"202100030558";7;"17:40";"1";"54";"1";"2";"1";6;48;6
"30559";"202100030559";6;"17:00";"1";"54";"2";"3";"1";6;49;5
"30560";"202100030560";7;"04:20";"5";"50";"2";"3";"2";6;49;-1
"30561";"202100030561";7;"16:30";"1";"50";"2";"1";"1";4;49;-1
"30562";"202100030562";7;"08:20";"1";"49";"2";"6";"1";3;47;0
"30563";"202100030563";7;"12:30";"1";"42";"2";"1";"1";6;45;4
"30564";"202100030564";7;"08:00";"1";"37";"2";"1";"2";7;47;0
"30565";"202100030565";7;"21:45";"2";"37";"2";"9";"1";6;47;0
"30566";"202100030566";7;"14:50";"1";"35";"2";"6";"2";6;48;-1
"30567";"202100030567";7;"14:50";"1";"33";"2";"1";"1";3;44;0
"30568";"202100030568";7;"22:00";"2";"33";"2";"1";"1";3;44;-1
"30569";"202100030569";7;"08:00";"1";"31";"2";"6";"1";3;43;1
"30570";"202100030570";7;"18:45";"1";"31";"2";"1";"1";3;43;0
"30571";"202100030571";6;"15:45";"1";"30";"2";"1";"1";5;43;4
"30572";"202100030572";6;"14:30";"1";"30";"2";"2";"1";6;43;4
"30573";"202100030573";7;"01:05";"5";"27";"2";"4";"1";6;49;1
"30574";"202100030574";6;"10:08";"1";"27";"2";"9";"2";6;49;1
"30575";"202100030575";7;"11:47";"1";"24";"2";"1";"2";6;44;0
"30576";"202100030576";7;"09:05";"1";"19";"2";"1";"2";6;45;1
"30577";"202100030577";6;"22:20";"3";"19";"2";"2";"1";3;45;1
"30578";"202100030578";7;"23:09";"5";"17";"2";"1";"1";6;45;-1
"30579";"202100030579";7;"16:47";"1";"17";"2";"2";"1";6;45;-1
"30580";"202100030580";7;"18:05";"1";"14";"2";"1";"2";6;49;0
"30581";"202100030581";7;"15:20";"1";"13";"2";"1";"1";1;43;5
"30582";"202100030582";7;"22:40";"5";"13";"2";"1";"1";3;43;5
"30583";"202100030583";7;"15:30";"1";"13";"2";"1";"1";3;43;5
"30584";"202100030584";7;"14:25";"1";"13";"2";"1";"1";3;43;5
"30585";"202100030585";7;"23:30";"3";"13";"2";"9";"1";6;43;5
"30586";"202100030586";7;"20:15";"1";"10";"2";"1";"1";6;48;4
"30587";"202100030587";7;"09:15";"1";"09";"1";"1";"1";6;43;1
"30588";"202100030588";7;"00:55";"3";"09";"1";"1";"1";2;43;1
"30589";"202100030589";7;"16:45";"1";"09";"1";"1";"1";4;42;1
"30590";"202100030590";7;"11:50";"1";"06";"2";"1";"1";3;43;7
"30591";"202100030591";7;"21:45";"2";"05";"2";"6";"1";6;44;6
"30592";"202100030592";7;"10:40";"1";"05";"2";"1";"1";3;44;6
"30593";"202100030593";7;"19:05";"1";"01";"2";"2";"1";3;46;5
"30594";"202100030594";7;"21:35";"5";"75";"2";"2";"1";2;48;2
"30595";"202100030595";7;"12:40";"1";"75";"2";"2";"1";2;48;2
"30596";"202100030596";7;"01:46";"5";"75";"2";"2";"2";6;48;2
"30597";"202100030597";7;"13:15";"1";"75";"2";"2";"2";3;48;2
"30598";"202100030598";7;"15:10";"1";"75";"2";"3";"1";3;48;2
"30599";"202100030599";7;"14:45";"1";"75";"2";"1";"1";3;48;2
"30600";"202100030600";7;"14:05";"1";"75";"2";"3";"1";3;48;2
"30601";"202100030601";7;"10:10";"1";"75";"2";"2";"1";2;48;2
"30602";"202100030602";7;"14:45";"1";"94";"2";"1";"1";6;48;2
"30603";"202100030603";7;"20:39";"1";"94";"2";"9";"1";6;48;2