"";"Num_Acc";"mois";"hrmn";"lum";"dep";"agg";"int";"atm";"col";"lat";"long"
"30604";"202100030604";7;"13:00";"1";"94";"2";"2";"1";3;48;2
"30605";"202100030605";7;"00:40";"5";"94";"2";"1";"9";2;48;2
"30606";"202100030606";7;"07:45";"1";"93";"1";"1";"2";2;48;2
"30607";"202100030607";7;"17:50";"1";"93";"2";"1";"1";6;48;2
"30608";"202100030608";7;"00:50";"5";"93";"2";"6";"1";6;48;2
"30609";"202100030609";7;"02:50";"5";"93";"2";"6";"2";3;48;2
"30610";"202100030610";7;"18:15";"1";"92";"2";"1";"1";2;48;2
"30611";"202100030611";7;"20:10";"1";"92";"2";"1";"8";6;48;2
"30612";"202100030612";3;"18:15";"1";"14";"1";"1";"1";1;49;0
"30613";"202100030613";3;"19:08";"5";"14";"2";"1";"1";2;49;0
"30614";"202100030614";7;"18:00";"1";"13";"2";"1";"1";3;43;5
"30615";"202100030615";7;"17:30";"1";"92";"2";"1";"1";6;48;2
"30616";"202100030616";7;"11:20";"1";"07";"1";"1";"1";2;44;4
"30617";"202100030617";7;"23:05";"3";"972";"1";"1";"1";1;14;-61
"30618";"202100030618";7;"09:10";"1";"46";"1";"1";"1";6;44;1
"30619";"202100030619";7;"09:50";"1";"01";"1";"2";"1";5;46;4
"30620";"202100030620";7;"10:29";"1";"68";"2";"1";"3";6;47;7
"30621";"202100030621";7;"10:50";"1";"62";"2";"2";"1";6;50;2
"30622";"202100030622";6;"22:15";"5";"62";"2";"1";"1";3;50;2
"30623";"202100030623";7;"11:15";"1";"62";"1";"1";"6";7;50;1
"30624";"202100030624";7;"14:45";"1";"51";"1";"1";"1";7;49;4
"30625";"202100030625";7;"20:45";"1";"19";"1";"1";"1";3;45;1
"30626";"202100030626";7;"23:24";"5";"79";"2";"6";"8";6;46;0
"30627";"202100030627";7;"16:00";"1";"81";"1";"1";"1";6;43;2
"30628";"202100030628";7;"08:20";"1";"89";"1";"1";"2";1;47;3
"30629";"202100030629";7;"21:10";"1";"63";"1";"8";"1";7;45;3
"30630";"202100030630";6;"07:10";"1";"63";"1";"1";"1";1;45;3
"30631";"202100030631";7;"12:15";"1";"61";"1";"3";"1";3;48;0
"30632";"202100030632";7;"23:30";"3";"61";"1";"1";"1";7;48;0
"30633";"202100030633";7;"08:10";"1";"49";"1";"4";"1";3;47;0
"30634";"202100030634";7;"18:00";"1";"12";"1";"1";"1";6;43;2
"30635";"202100030635";7;"18:20";"1";"47";"1";"1";"1";6;44;0
"30636";"202100030636";7;"19:30";"1";"35";"1";"1";"3";1;48;-2
"30637";"202100030637";7;"00:20";"3";"34";"1";"1";"1";2;43;4
"30638";"202100030638";7;"18:30";"1";"31";"2";"1";"1";2;43;0
"30639";"202100030639";7;"13:30";"1";"38";"1";"1";"1";1;45;5
"30640";"202100030640";7;"18:00";"1";"02";"1";"1";"1";1;49;3
"30641";"202100030641";6;"17:35";"1";"01";"1";"3";"2";6;46;4
"30642";"202100030642";7;"12:15";"1";"70";"2";"1";"1";7;47;6
"30643";"202100030643";7;"09:30";"1";"14";"2";"1";"1";4;49;0
"30644";"202100030644";7;"07:30";"2";"64";"1";"1";"2";1;43;-1
"30645";"202100030645";7;"16:35";"1";"10";"1";"1";"1";1;48;4
"30646";"202100030646";7;"16:30";"1";"36";"2";"7";"1";6;46;1
"30647";"202100030647";7;"18:15";"1";"21";"1";"1";"1";6;47;4
"30648";"202100030648";6;"19:50";"3";"978";"2";"1";"1";1;18;-63
"30649";"202100030649";7;"16:05";"1";"13";"1";"1";"1";1;43;5
"30650";"202100030650";7;"10:17";"1";"973";"2";"1";"1";6;4;-52
"30651";"202100030651";6;"00:00";"3";"42";"1";"1";"8";4;45;4
"30652";"202100030652";7;"17:30";"1";"06";"1";"1";"1";4;43;7
"30653";"202100030653";7;"16:30";"1";"976";"1";"1";"1";2;-12;45
"30654";"202100030654";7;"14:30";"1";"57";"1";"1";"1";3;49;6
"30655";"202100030655";7;"22:25";"3";"34";"1";"1";"1";2;43;3
"30656";"202100030656";7;"00:30";"3";"69";"1";"1";"1";5;46;4
"30657";"202100030657";7;"18:05";"1";"13";"1";"1";"1";3;43;5
"30658";"202100030658";7;"13:40";"1";"974";"2";"1";"1";3;-21;55
"30659";"202100030659";7;"15:05";"1";"974";"2";"1";"1";6;-21;55
"30660";"202100030660";7;"16:30";"1";"2B";"2";"1";"1";1;42;9
"30661";"202100030661";7;"06:05";"2";"2A";"1";"1";"1";7;41;9
"30662";"202100030662";7;"12:40";"1";"83";"1";"1";"1";2;43;6
"30663";"202100030663";7;"11:00";"1";"71";"1";"1";"2";3;46;4
"30664";"202100030664";7;"21:15";"2";"55";"1";"1";"1";3;48;5
"30665";"202100030665";7;"15:30";"1";"03";"1";"3";"8";3;46;3
"30666";"202100030666";7;"09:00";"1";"73";"1";"1";"8";7;45;7
"30667";"202100030667";7;"18:55";"1";"81";"2";"1";"7";6;43;1
"30668";"202100030668";7;"14:58";"1";"33";"1";"1";"1";3;45;0
"30669";"202100030669";7;"16:30";"1";"49";"1";"1";"1";2;47;0
"30670";"202100030670";7;"18:00";"1";"49";"1";"1";"1";6;47;0
"30671";"202100030671";7;"10:15";"1";"22";"2";"1";"1";7;48;-3
"30672";"202100030672";7;"17:00";"1";"13";"1";"1";"1";7;43;5
"30673";"202100030673";6;"06:40";"1";"69";"1";"1";"1";2;45;4
"30674";"202100030674";6;"15:30";"1";"42";"1";"1";"1";2;45;4
"30675";"202100030675";7;"16:55";"1";"33";"1";"1";"1";4;44;0
"30676";"202100030676";7;"12:10";"1";"33";"1";"1";"3";2;44;0
"30677";"202100030677";7;"21:59";"3";"91";"1";"1";"1";6;48;2
"30678";"202100030678";7;"08:40";"1";"91";"1";"1";"2";2;48;2
"30679";"202100030679";7;"06:20";"1";"94";"1";"1";"3";6;48;2
"30680";"202100030680";7;"01:05";"3";"78";"1";"1";"1";2;48;1
"30681";"202100030681";7;"18:45";"1";"93";"1";"1";"1";3;48;2
"30682";"202100030682";7;"08:40";"1";"95";"1";"1";"2";2;49;2
"30683";"202100030683";7;"04:40";"3";"95";"1";"1";"2";4;49;2
"30684";"202100030684";7;"03:30";"3";"95";"1";"1";"2";6;49;2
"30685";"202100030685";7;"23:30";"3";"93";"1";"1";"2";6;48;2
"30686";"202100030686";4;"16:00";"1";"62";"2";"1";"1";2;50;2
"30687";"202100030687";1;"06:50";"3";"91";"1";"1";"9";7;48;1
"30688";"202100030688";1;"13:00";"1";"91";"1";"1";"4";7;48;2
"30689";"202100030689";7;"15:50";"1";"976";"2";"1";"1";6;-12;45
"30690";"202100030690";6;"05:05";"5";"971";"2";"9";"2";6;16;-61
"30691";"202100030691";6;"13:10";"1";"91";"2";"1";"1";6;48;2
"30692";"202100030692";6;"18:30";"1";"83";"2";"1";"1";6;43;5
"30693";"202100030693";3;"15:30";"1";"83";"2";"1";"1";6;43;5
"30694";"202100030694";1;"07:50";"1";"972";"1";"1";"1";3;14;-60
"30695";"202100030695";3;"18:37";"2";"83";"1";"1";"1";3;43;6
"30696";"202100030696";3;"16:20";"1";"83";"2";"1";"1";3;43;5
"30697";"202100030697";3;"08:55";"1";"74";"2";"1";"1";3;46;6
"30698";"202100030698";3;"15:15";"1";"61";"1";"1";"1";2;48;0
"30699";"202100030699";3;"17:45";"1";"26";"2";"1";"1";6;44;4
"30700";"202100030700";3;"14:10";"1";"81";"1";"1";"1";1;44;2
"30701";"202100030701";3;"15:30";"1";"01";"2";"1";"1";3;46;4
"30702";"202100030702";3;"16:45";"1";"70";"1";"2";"2";3;47;5
"30703";"202100030703";3;"19:45";"4";"01";"2";"8";"1";1;45;4
"30704";"202100030704";7;"01:35";"5";"988";"2";"3";"1";2;-22;166
"30705";"202100030705";7;"19:50";"5";"988";"2";"1";"2";1;-22;166
"30706";"202100030706";7;"09:40";"1";"988";"2";"2";"1";3;-22;166
"30707";"202100030707";6;"13:20";"1";"988";"2";"1";"8";5;-22;166
"30708";"202100030708";7;"22:25";"5";"987";"2";"1";"1";6;-17;-149
"30709";"202100030709";7;"19:20";"3";"976";"2";"1";"1";7;-12;45
"30710";"202100030710";7;"17:10";"1";"976";"1";"1";"1";3;-12;45
"30711";"202100030711";7;"14:00";"1";"976";"2";"1";"1";3;-12;45
"30712";"202100030712";6;"18:40";"5";"976";"2";"1";"1";1;-12;45
"30713";"202100030713";7;"16:55";"1";"974";"1";"1";"1";7;-21;55
"30714";"202100030714";7;"16:55";"1";"974";"1";"1";"1";1;-21;55
"30715";"202100030715";7;"15:00";"1";"974";"1";"1";"1";2;-21;55
"30716";"202100030716";6;"17:20";"1";"974";"1";"1";"9";3;-21;55
"30717";"202100030717";7;"23:30";"5";"974";"2";"1";"1";1;-20;55
"30718";"202100030718";7;"17:10";"1";"974";"2";"2";"1";3;-20;55
"30719";"202100030719";7;"16:10";"1";"974";"2";"1";"1";3;-20;55
"30720";"202100030720";6;"01:10";"5";"974";"2";"9";"1";6;-20;55
"30721";"202100030721";6;"14:40";"1";"974";"2";"2";"1";3;-20;55
"30722";"202100030722";6;"13:00";"1";"974";"2";"2";"1";3;-20;55
"30723";"202100030723";6;"10:30";"1";"974";"2";"2";"1";3;-20;55
"30724";"202100030724";7;"15:45";"1";"974";"2";"2";"1";3;-20;55
"30725";"202100030725";6;"05:35";"3";"974";"2";"1";"1";6;-20;55
"30726";"202100030726";6;"15:20";"1";"974";"2";"9";"1";3;-20;55
"30727";"202100030727";6;"07:55";"1";"974";"2";"9";"1";3;-20;55
"30728";"202100030728";7;"20:45";"5";"973";"2";"9";"1";2;4;-52
"30729";"202100030729";7;"13:35";"1";"973";"2";"9";"1";3;4;-52
"30730";"202100030730";7;"14:40";"1";"973";"2";"1";"1";1;4;-52
"30731";"202100030731";7;"09:20";"1";"973";"2";"3";"1";3;4;-52
"30732";"202100030732";6;"10:40";"1";"973";"2";"1";"1";7;4;-52
"30733";"202100030733";6;"07:55";"1";"973";"2";"1";"1";6;4;-52
"30734";"202100030734";6;"07:13";"1";"973";"2";"1";"1";3;4;-52
"30735";"202100030735";7;"11:55";"1";"69";"2";"3";"3";3;45;4
"30736";"202100030736";7;"23:45";"5";"69";"2";"2";"1";3;45;4
"30737";"202100030737";7;"23:40";"5";"69";"2";"9";"1";2;45;4
"30738";"202100030738";7;"18:10";"1";"69";"2";"1";"1";2;45;4
"30739";"202100030739";7;"12:48";"1";"69";"2";"1";"2";3;45;4
"30740";"202100030740";6;"19:30";"1";"69";"2";"2";"1";3;45;4
"30741";"202100030741";7;"23:00";"5";"69";"2";"3";"1";1;45;4
"30742";"202100030742";7;"16:00";"1";"69";"2";"1";"1";1;45;4
"30743";"202100030743";7;"18:15";"1";"69";"2";"1";"1";2;45;4
"30744";"202100030744";6;"18:00";"1";"69";"2";"1";"1";6;45;4
"30745";"202100030745";6;"18:15";"1";"69";"2";"1";"8";6;45;4
"30746";"202100030746";6;"15:35";"1";"69";"2";"9";"1";4;45;4
"30747";"202100030747";6;"00:40";"5";"69";"2";"6";"1";6;45;4
"30748";"202100030748";6;"22:05";"5";"69";"2";"1";"1";4;45;4
"30749";"202100030749";6;"18:20";"1";"69";"2";"3";"2";5;45;4
"30750";"202100030750";6;"17:30";"1";"69";"2";"9";"2";3;45;4
"30751";"202100030751";6;"08:50";"1";"69";"2";"1";"1";2;45;4
"30752";"202100030752";6;"07:35";"1";"69";"2";"2";"1";3;45;4
"30753";"202100030753";7;"16:50";"1";"972";"2";"1";"1";2;14;-60
"30754";"202100030754";7;"13:15";"1";"972";"2";"1";"1";2;14;-61
"30755";"202100030755";7;"22:45";"5";"972";"1";"1";"1";6;14;-60
"30756";"202100030756";7;"23:40";"5";"972";"2";"1";"2";6;14;-61
"30757";"202100030757";7;"16:45";"1";"972";"2";"1";"1";6;14;-61
"30758";"202100030758";6;"15:25";"1";"972";"1";"1";"2";6;14;-61
"30759";"202100030759";7;"16:30";"1";"69";"2";"1";"1";2;45;4
"30760";"202100030760";7;"16:00";"1";"69";"2";"3";"1";6;45;4
"30761";"202100030761";7;"15:15";"1";"69";"2";"1";"8";7;45;4
"30762";"202100030762";7;"01:50";"5";"69";"2";"4";"1";2;45;4
"30763";"202100030763";7;"21:20";"1";"69";"2";"3";"1";3;45;4
"30764";"202100030764";7;"14:40";"1";"69";"2";"1";"1";6;45;4
"30765";"202100030765";7;"08:00";"1";"69";"2";"7";"1";6;45;4
"30766";"202100030766";6;"18:00";"1";"69";"2";"1";"1";3;45;4
"30767";"202100030767";6;"19:25";"1";"69";"2";"3";"1";5;45;4
"30768";"202100030768";6;"14:30";"1";"69";"2";"1";"1";6;45;4
"30769";"202100030769";6;"03:15";"5";"69";"2";"1";"1";6;45;4
"30770";"202100030770";7;"22:04";"5";"2B";"2";"1";"1";6;42;9
"30771";"202100030771";7;"15:55";"1";"2B";"2";"3";"1";2;42;9
"30772";"202100030772";6;"17:40";"1";"2B";"1";"3";"1";3;42;9
"30773";"202100030773";7;"14:30";"1";"971";"2";"2";"1";3;16;-61
"30774";"202100030774";6;"13:10";"1";"971";"2";"1";"1";3;16;-61
"30775";"202100030775";6;"11:55";"1";"971";"2";"1";"1";6;16;-61
"30776";"202100030776";6;"07:15";"1";"971";"1";"1";"1";6;16;-61
"30777";"202100030777";6;"01:07";"5";"971";"2";"1";"1";6;16;-61
"30778";"202100030778";7;"16:30";"1";"971";"2";"4";"1";3;16;-61
"30779";"202100030779";7;"20:40";"1";"95";"2";"2";"1";3;48;2
"30780";"202100030780";6;"20:10";"2";"95";"2";"1";"8";6;48;2
"30781";"202100030781";6;"11:15";"1";"95";"2";"1";"1";3;48;2
"30782";"202100030782";6;"09:45";"1";"95";"2";"1";"1";6;48;2
"30783";"202100030783";6;"08:25";"1";"95";"2";"1";"1";1;48;2
"30784";"202100030784";7;"15:45";"1";"91";"2";"2";"1";4;48;2
"30785";"202100030785";7;"02:10";"5";"91";"2";"1";"1";6;48;2
"30786";"202100030786";6;"11:04";"1";"91";"2";"1";"2";6;48;2
"30787";"202100030787";6;"17:50";"1";"91";"2";"1";"7";6;48;2
"30788";"202100030788";6;"16:00";"1";"91";"1";"9";"1";3;48;2
"30789";"202100030789";6;"16:30";"1";"91";"2";"3";"1";3;48;2
"30790";"202100030790";7;"18:05";"1";"64";"2";"1";"1";6;43;0
"30791";"202100030791";7;"21:52";"2";"44";"2";"1";"3";6;47;-1
"30792";"202100030792";6;"18:40";"1";"91";"2";"9";"1";3;48;2
"30793";"202100030793";6;"21:45";"2";"91";"2";"2";"2";3;48;2
"30794";"202100030794";6;"11:15";"1";"91";"2";"3";"1";3;48;2
"30795";"202100030795";6;"17:40";"1";"91";"2";"1";"1";3;48;2
"30796";"202100030796";6;"17:15";"1";"91";"2";"2";"1";2;48;2
"30797";"202100030797";6;"11:30";"1";"91";"1";"9";"8";6;48;2
"30798";"202100030798";6;"06:20";"1";"91";"2";"2";"1";3;48;2
"30799";"202100030799";7;"16:10";"1";"91";"2";"1";"1";1;48;2
"30800";"202100030800";7;"12:10";"1";"87";"2";"1";"1";6;45;1
"30801";"202100030801";6;"18:02";"1";"87";"2";"2";"1";6;45;1
"30802";"202100030802";6;"12:35";"1";"87";"2";"1";"1";7;45;1
"30803";"202100030803";6;"14:11";"1";"87";"1";"1";"2";6;45;1
"30804";"202100030804";6;"22:04";"3";"87";"1";"1";"2";4;45;1
"30805";"202100030805";6;"17:50";"1";"87";"2";"2";"3";3;45;1
"30806";"202100030806";6;"13:41";"1";"87";"2";"1";"1";3;45;1
"30807";"202100030807";6;"15:24";"1";"87";"1";"1";"1";2;45;1
"30808";"202100030808";6;"16:11";"1";"87";"2";"1";"1";6;45;1
"30809";"202100030809";7;"22:30";"5";"86";"2";"1";"1";6;46;0
"30810";"202100030810";6;"18:25";"1";"85";"1";"2";"1";3;46;-1
"30811";"202100030811";7;"19:52";"2";"84";"2";"3";"1";1;44;4
"30812";"202100030812";6;"17:55";"1";"84";"2";"3";"1";3;44;4
"30813";"202100030813";7;"13:30";"1";"83";"1";"6";"1";2;43;6
"30814";"202100030814";6;"17:40";"1";"83";"2";"1";"1";3;43;5
"30815";"202100030815";7;"08:30";"1";"83";"2";"1";"1";6;43;5
"30816";"202100030816";6;"19:10";"1";"83";"2";"1";"7";6;43;5
"30817";"202100030817";6;"11:15";"1";"83";"2";"3";"1";4;43;5
"30818";"202100030818";7;"15:34";"1";"72";"2";"1";"1";6;48;0
"30819";"202100030819";7;"14:00";"1";"83";"2";"1";"1";6;43;6
"30820";"202100030820";6;"07:00";"1";"83";"1";"1";"1";3;43;6
"30821";"202100030821";6;"07:40";"1";"83";"2";"1";"7";4;43;6
"30822";"202100030822";6;"18:00";"1";"83";"2";"1";"1";6;43;6
"30823";"202100030823";7;"11:10";"1";"82";"2";"2";"1";3;44;1
"30824";"202100030824";7;"00:40";"5";"78";"2";"2";"1";6;48;2
"30825";"202100030825";7;"19:45";"1";"76";"2";"1";"1";6;49;1
"30826";"202100030826";7;"20:10";"1";"76";"2";"1";"1";7;49;1
"30827";"202100030827";7;"13:50";"1";"76";"2";"7";"1";1;49;0
"30828";"202100030828";7;"10:35";"1";"74";"2";"3";"1";1;45;6
"30829";"202100030829";7;"12:50";"1";"69";"2";"2";"2";3;45;4
"30830";"202100030830";7;"12:30";"1";"69";"2";"1";"1";4;45;4
"30831";"202100030831";7;"21:15";"2";"64";"2";"1";"1";4;43;0
"30832";"202100030832";7;"12:27";"1";"76";"2";"3";"1";6;49;0
"30833";"202100030833";7;"02:30";"5";"62";"2";"1";"1";6;50;1
"30834";"202100030834";7;"00:40";"5";"61";"2";"1";"1";6;48;0
"30835";"202100030835";7;"03:45";"3";"61";"2";"6";"1";6;48;0
"30836";"202100030836";7;"16:20";"1";"60";"1";"3";"1";2;49;2
"30837";"202100030837";7;"22:32";"5";"59";"2";"1";"1";3;50;3
"30838";"202100030838";7;"13:00";"1";"51";"2";"4";"2";1;49;4
"30839";"202100030839";7;"23:15";"5";"51";"2";"7";"8";4;48;4
"30840";"202100030840";7;"04:30";"5";"49";"2";"2";"1";6;47;0
"30841";"202100030841";7;"19:30";"1";"45";"2";"2";"1";3;47;1
"30842";"202100030842";7;"21:49";"5";"42";"2";"3";"1";6;46;4
"30843";"202100030843";7;"19:34";"1";"37";"2";"2";"1";6;47;0
"30844";"202100030844";7;"12:00";"1";"35";"2";"2";"1";3;48;-1
"30845";"202100030845";7;"02:03";"3";"31";"2";"1";"3";3;43;1
"30846";"202100030846";6;"15:00";"1";"30";"2";"1";"1";6;44;4
"30847";"202100030847";7;"23:15";"3";"27";"1";"1";"2";6;49;1
"30848";"202100030848";7;"23:32";"5";"25";"2";"2";"1";3;47;6
"30849";"202100030849";7;"18:36";"1";"13";"2";"1";"1";3;43;5
"30850";"202100030850";7;"12:05";"1";"09";"2";"2";"2";3;43;1
"30851";"202100030851";7;"00:10";"5";"09";"2";"1";"1";3;43;1
"30852";"202100030852";7;"13:45";"1";"06";"2";"3";"1";3;43;6
"30853";"202100030853";7;"18:25";"1";"75";"2";"1";"1";4;48;2
"30854";"202100030854";7;"15:55";"1";"75";"2";"1";"1";3;48;2
"30855";"202100030855";7;"18:35";"1";"75";"2";"2";"1";3;48;2
"30856";"202100030856";7;"14:30";"1";"75";"2";"1";"2";3;48;2
"30857";"202100030857";7;"09:30";"1";"75";"2";"1";"2";6;48;2
"30858";"202100030858";7;"16:55";"1";"75";"2";"3";"1";6;48;2
"30859";"202100030859";7;"01:40";"5";"75";"2";"1";"1";2;48;2
"30860";"202100030860";7;"17:00";"1";"75";"2";"2";"2";6;48;2
"30861";"202100030861";7;"16:14";"1";"75";"2";"7";"2";3;48;2
"30862";"202100030862";7;"19:10";"1";"75";"2";"7";"7";4;48;2
"30863";"202100030863";7;"10:48";"1";"75";"2";"2";"2";3;48;2
"30864";"202100030864";7;"15:05";"1";"75";"2";"4";"2";6;48;2
"30865";"202100030865";7;"02:43";"5";"94";"2";"2";"1";3;48;2
"30866";"202100030866";7;"18:48";"1";"93";"2";"3";"8";3;48;2
"30867";"202100030867";7;"13:10";"1";"93";"2";"1";"1";6;48;2
"30868";"202100030868";7;"11:43";"1";"93";"2";"3";"1";1;48;2
"30869";"202100030869";7;"15:05";"1";"93";"2";"9";"1";2;48;2
"30870";"202100030870";7;"22:20";"5";"92";"2";"1";"1";6;48;2
"30871";"202100030871";7;"17:00";"1";"92";"2";"1";"1";3;48;2
"30872";"202100030872";7;"20:15";"2";"92";"2";"3";"1";3;48;2
"30873";"202100030873";7;"16:00";"1";"92";"2";"1";"1";3;48;2
"30874";"202100030874";6;"19:20";"1";"40";"2";"2";"1";3;43;-1
"30875";"202100030875";7;"10:50";"1";"49";"2";"1";"2";1;47;0
"30876";"202100030876";7;"18:20";"1";"83";"1";"1";"1";1;43;6
"30877";"202100030877";7;"17:00";"1";"01";"1";"1";"8";6;46;6
"30878";"202100030878";7;"20:15";"1";"67";"1";"3";"1";3;48;7
"30879";"202100030879";7;"12:00";"1";"22";"1";"1";"1";7;48;-3
"30880";"202100030880";7;"08:50";"1";"974";"2";"1";"1";7;-21;55
"30881";"202100030881";7;"10:10";"1";"60";"2";"1";"3";7;49;2
"30882";"202100030882";6;"16:00";"1";"21";"1";"1";"7";1;47;4
"30883";"202100030883";7;"17:45";"1";"83";"1";"1";"1";2;43;5
"30884";"202100030884";7;"18:30";"1";"19";"1";"3";"2";3;45;1
"30885";"202100030885";7;"16:30";"1";"74";"2";"3";"1";7;45;6
"30886";"202100030886";7;"00:35";"3";"80";"1";"1";"1";7;50;1
"30887";"202100030887";7;"16:35";"1";"80";"1";"1";"1";5;49;1
"30888";"202100030888";7;"14:00";"1";"65";"2";"1";"1";6;42;0
"30889";"202100030889";7;"09:00";"1";"71";"2";"1";"1";3;46;5
"30890";"202100030890";7;"13:40";"1";"71";"2";"1";"7";1;46;4
"30891";"202100030891";7;"19:05";"1";"12";"1";"1";"1";1;44;2
"30892";"202100030892";7;"02:20";"5";"46";"1";"1";"1";6;44;1
"30893";"202100030893";6;"17:30";"1";"34";"1";"1";"1";1;43;3
"30894";"202100030894";7;"22:00";"5";"68";"2";"9";"8";3;47;7
"30895";"202100030895";7;"11:25";"1";"22";"2";"2";"1";3;48;-2
"30896";"202100030896";7;"01:15";"3";"39";"1";"1";"1";6;46;5
"30897";"202100030897";6;"19:40";"1";"25";"1";"1";"1";7;47;6
"30898";"202100030898";7;"12:00";"1";"44";"1";"1";"1";6;47;-2
"30899";"202100030899";6;"05:20";"3";"35";"1";"1";"5";2;48;-2
"30900";"202100030900";7;"04:45";"3";"29";"1";"1";"1";6;48;-4
"30901";"202100030901";6;"19:10";"1";"29";"1";"1";"1";1;48;-4
"30902";"202100030902";7;"15:30";"1";"29";"1";"1";"1";6;48;-4
"30903";"202100030903";7;"17:40";"1";"31";"1";"1";"1";5;43;1
"30904";"202100030904";6;"18:30";"1";"31";"1";"3";"1";3;43;1
"30905";"202100030905";7;"18:44";"1";"38";"1";"1";"1";1;45;4
"30906";"202100030906";7;"22:50";"3";"38";"1";"1";"1";7;45;5
"30907";"202100030907";7;"15:53";"1";"38";"1";"1";"2";7;44;5
"30908";"202100030908";6;"12:30";"1";"02";"1";"1";"1";2;49;3
"30909";"202100030909";7;"12:30";"1";"01";"1";"1";"3";1;46;5
"30910";"202100030910";7;"09:40";"1";"85";"1";"1";"1";4;46;-1
"30911";"202100030911";7;"11:05";"1";"70";"1";"1";"2";6;47;6
"30912";"202100030912";7;"17:20";"1";"06";"2";"3";"1";6;43;6
"30913";"202100030913";7;"23:45";"5";"14";"2";"1";"3";7;49;0
"30914";"202100030914";6;"21:00";"1";"64";"1";"1";"1";7;43;0
"30915";"202100030915";7;"14:20";"1";"73";"1";"4";"2";6;45;5
"30916";"202100030916";7;"22:00";"3";"43";"1";"9";"1";5;45;4
"30917";"202100030917";7;"19:50";"1";"43";"1";"3";"1";2;45;4
"30918";"202100030918";7;"18:40";"1";"21";"1";"3";"1";1;47;5
"30919";"202100030919";6;"15:00";"1";"40";"2";"3";"2";7;43;-1
"30920";"202100030920";7;"17:30";"1";"04";"1";"1";"1";3;43;6
"30921";"202100030921";7;"03:15";"3";"85";"1";"1";"2";3;46;-1
"30922";"202100030922";7;"14:30";"1";"17";"1";"1";"1";1;45;0
"30923";"202100030923";7;"08:00";"1";"30";"1";"1";"7";6;43;4
"30924";"202100030924";7;"17:15";"1";"19";"1";"1";"2";7;45;2
"30925";"202100030925";6;"12:05";"1";"973";"2";"9";"1";3;4;-52
"30926";"202100030926";7;"17:55";"1";"45";"1";"1";"2";3;47;2
"30927";"202100030927";6;"12:10";"1";"31";"1";"1";"1";6;43;1
"30928";"202100030928";7;"21:30";"3";"978";"1";"1";"1";1;18;-63
"30929";"202100030929";4;"19:05";"5";"973";"2";"1";"2";1;4;-52
"30930";"202100030930";7;"16:00";"1";"28";"1";"2";"1";1;48;1
"30931";"202100030931";7;"12:00";"1";"2A";"2";"1";"1";5;41;9
"30932";"202100030932";7;"12:53";"1";"11";"2";"3";"1";6;43;2
"30933";"202100030933";7;"17:30";"1";"34";"1";"1";"1";1;43;3
"30934";"202100030934";7;"07:08";"1";"26";"1";"1";"1";4;44;4
"30935";"202100030935";7;"16:35";"1";"68";"2";"1";"3";6;48;7
"30936";"202100030936";7;"18:40";"1";"88";"2";"1";"1";1;48;6
"30937";"202100030937";6;"19:30";"1";"38";"1";"1";"1";5;45;5
"30938";"202100030938";7;"16:30";"1";"38";"1";"1";"1";6;45;5
"30939";"202100030939";7;"13:15";"1";"38";"1";"1";"1";3;45;5
"30940";"202100030940";7;"11:25";"1";"26";"2";"6";"1";3;44;4
"30941";"202100030941";7;"05:20";"5";"26";"2";"7";"1";6;44;4
"30942";"202100030942";7;"18:45";"1";"01";"2";"1";"1";6;45;5
"30943";"202100030943";7;"16:40";"1";"86";"1";"1";"1";6;46;0
"30944";"202100030944";7;"13:50";"1";"85";"2";"6";"1";3;46;-1
"30945";"202100030945";6;"22:30";"5";"44";"1";"5";"1";3;47;-1
"30946";"202100030946";7;"20:00";"1";"14";"1";"4";"1";3;49;0
"30947";"202100030947";7;"05:30";"2";"76";"1";"1";"1";6;49;1
"30948";"202100030948";7;"04:35";"3";"76";"1";"1";"5";7;49;1
"30949";"202100030949";7;"18:00";"1";"60";"2";"6";"1";1;49;2
"30950";"202100030950";7;"23:45";"3";"02";"1";"1";"1";1;49;4
"30951";"202100030951";7;"19:56";"2";"62";"2";"1";"1";1;50;2
"30952";"202100030952";7;"06:00";"3";"13";"1";"1";"1";6;43;5
"30953";"202100030953";6;"15:00";"1";"69";"1";"1";"1";3;45;4
"30954";"202100030954";7;"01:55";"3";"33";"1";"1";"1";2;44;0
"30955";"202100030955";7;"18:40";"1";"91";"1";"1";"3";5;48;2
"30956";"202100030956";7;"13:00";"1";"91";"1";"1";"1";6;48;2
"30957";"202100030957";7;"09:26";"1";"94";"1";"1";"2";2;48;2
"30958";"202100030958";7;"09:45";"1";"91";"1";"1";"2";6;48;2
"30959";"202100030959";7;"15:15";"1";"91";"1";"1";"1";2;48;2
"30960";"202100030960";7;"14:50";"1";"78";"1";"1";"2";6;48;2
"30961";"202100030961";7;"07:15";"2";"92";"1";"1";"1";6;48;2
"30962";"202100030962";7;"06:27";"2";"78";"1";"1";"2";6;48;2
"30963";"202100030963";7;"18:10";"1";"92";"1";"1";"1";4;48;2
"30964";"202100030964";7;"18:30";"1";"95";"1";"1";"3";3;49;2
"30965";"202100030965";7;"15:50";"1";"95";"1";"1";"1";5;49;2
"30966";"202100030966";7;"16:40";"1";"92";"1";"1";"1";4;48;2
"30967";"202100030967";7;"16:00";"1";"93";"1";"1";"1";4;48;2