"";"Num_Acc";"mois";"hrmn";"lum";"dep";"agg";"int";"atm";"col";"lat";"long"
"30968";"202100030968";7;"16:00";"1";"93";"1";"1";"1";2;48;2
"30969";"202100030969";7;"12:00";"1";"95";"1";"1";"2";6;49;2
"30970";"202100030970";7;"11:50";"1";"93";"1";"1";"2";2;48;2
"30971";"202100030971";7;"09:00";"1";"95";"1";"1";"2";2;49;2
"30972";"202100030972";7;"06:10";"3";"93";"1";"1";"2";5;48;2
"30973";"202100030973";7;"01:40";"3";"95";"1";"1";"1";6;48;2
"30974";"202100030974";7;"23:30";"3";"95";"1";"1";"1";2;48;2
"30975";"202100030975";7;"19:55";"1";"93";"1";"1";"1";4;48;2
"30976";"202100030976";7;"15:00";"1";"92";"1";"1";"1";2;48;2
"30977";"202100030977";7;"15:30";"1";"94";"1";"1";"1";3;48;2
"30978";"202100030978";7;"20:15";"1";"82";"1";"1";"1";7;44;1
"30979";"202100030979";6;"18:20";"1";"80";"2";"1";"1";4;49;2
"30980";"202100030980";6;"12:14";"1";"80";"2";"2";"1";3;49;2
"30981";"202100030981";6;"20:15";"1";"80";"2";"1";"1";3;49;2
"30982";"202100030982";6;"14:00";"1";"80";"2";"1";"1";2;49;2
"30983";"202100030983";7;"00:25";"5";"78";"2";"7";"2";6;49;1
"30984";"202100030984";7;"20:25";"1";"78";"2";"6";"1";6;48;2
"30985";"202100030985";6;"16:50";"1";"78";"2";"1";"8";6;48;2
"30986";"202100030986";6;"14:50";"1";"77";"1";"3";"1";1;48;2
"30987";"202100030987";7;"20:40";"1";"77";"2";"9";"1";3;48;2
"30988";"202100030988";6;"10:00";"1";"77";"2";"1";"1";1;48;2
"30989";"202100030989";6;"14:30";"1";"77";"2";"1";"1";7;48;3
"30990";"202100030990";6;"12:30";"1";"76";"2";"1";"1";3;49;1
"30991";"202100030991";6;"20:53";"1";"74";"2";"1";"1";6;46;6
"30992";"202100030992";6;"13:50";"1";"74";"2";"1";"1";3;45;6
"30993";"202100030993";6;"08:25";"1";"73";"2";"6";"2";3;45;5
"30994";"202100030994";6;"17:35";"1";"73";"1";"1";"1";2;45;5
"30995";"202100030995";7;"15:20";"1";"72";"2";"1";"1";6;48;0
"30996";"202100030996";7;"22:15";"5";"72";"2";"1";"1";1;47;0
"30997";"202100030997";6;"23:20";"3";"72";"2";"2";"1";3;47;0
"30998";"202100030998";6;"18:00";"1";"72";"1";"1";"1";2;47;0
"30999";"202100030999";6;"16:15";"1";"72";"2";"1";"1";3;48;0
"31000";"202100031000";6;"14:20";"1";"72";"2";"1";"1";6;47;0
"31001";"202100031001";7;"19:20";"1";"71";"2";"3";"1";6;46;4
"31002";"202100031002";6;"02:00";"3";"71";"2";"2";"2";6;46;4
"31003";"202100031003";6;"12:27";"1";"71";"2";"1";"1";6;46;4
"31004";"202100031004";7;"17:30";"1";"71";"2";"2";"1";3;46;4
"31005";"202100031005";7;"15:55";"1";"71";"1";"1";"1";2;46;4
"31006";"202100031006";6;"14:05";"1";"71";"1";"1";"1";3;46;4
"31007";"202100031007";6;"10:25";"1";"70";"1";"6";"1";3;47;6
"31008";"202100031008";7;"17:00";"1";"69";"2";"2";"8";3;45;4
"31009";"202100031009";7;"13:30";"1";"69";"2";"1";"2";4;45;4
"31010";"202100031010";7;"08:20";"1";"69";"2";"1";"1";6;45;4
"31011";"202100031011";6;"12:30";"1";"69";"2";"4";"1";2;45;4
"31012";"202100031012";6;"21:45";"5";"69";"2";"1";"1";6;45;4
"31013";"202100031013";6;"22:35";"4";"69";"2";"1";"1";3;46;4
"31014";"202100031014";6;"14:45";"1";"68";"2";"1";"2";1;47;7
"31015";"202100031015";6;"16:45";"1";"68";"1";"1";"2";6;47;7
"31016";"202100031016";6;"20:30";"1";"67";"2";"1";"1";6;48;7
"31017";"202100031017";6;"15:45";"1";"67";"2";"3";"1";3;48;7
"31018";"202100031018";7;"10:58";"1";"66";"2";"6";"1";3;42;2
"31019";"202100031019";7;"16:11";"1";"66";"2";"1";"1";6;42;2
"31020";"202100031020";6;"17:04";"1";"66";"2";"1";"1";6;42;2
"31021";"202100031021";6;"00:10";"5";"66";"2";"1";"1";6;42;2
"31022";"202100031022";6;"15:45";"1";"66";"2";"1";"1";1;42;2
"31023";"202100031023";7;"12:50";"1";"65";"1";"1";"1";6;43;0
"31024";"202100031024";7;"10:15";"1";"65";"2";"1";"1";7;43;0
"31025";"202100031025";6;"20:50";"1";"65";"2";"3";"1";3;43;0
"31026";"202100031026";6;"18:30";"1";"64";"2";"1";"8";2;43;-1
"31027";"202100031027";7;"10:25";"1";"64";"2";"2";"8";3;43;0
"31028";"202100031028";6;"12:25";"1";"64";"2";"1";"1";6;43;0
"31029";"202100031029";7;"14:15";"1";"64";"2";"9";"7";6;43;-1
"31030";"202100031030";6;"10:55";"1";"64";"2";"1";"1";2;43;-1
"31031";"202100031031";7;"18:57";"1";"64";"2";"1";"1";2;43;-1
"31032";"202100031032";7;"16:45";"1";"64";"2";"6";"1";2;43;-1
"31033";"202100031033";7;"11:00";"1";"64";"2";"1";"1";7;43;-1
"31034";"202100031034";6;"21:20";"1";"64";"2";"3";"1";3;43;-1
"31035";"202100031035";6;"17:50";"1";"64";"2";"1";"1";3;43;-1
"31036";"202100031036";6;"12:40";"1";"64";"2";"1";"1";6;43;-1
"31037";"202100031037";7;"03:54";"5";"63";"2";"2";"2";3;45;3
"31038";"202100031038";7;"10:06";"1";"63";"2";"1";"1";6;45;3
"31039";"202100031039";7;"14:27";"1";"63";"2";"1";"1";6;45;3
"31040";"202100031040";7;"01:30";"5";"63";"2";"2";"1";3;45;3
"31041";"202100031041";6;"12:38";"1";"63";"2";"2";"1";2;45;3
"31042";"202100031042";6;"20:53";"1";"63";"2";"2";"1";3;45;3
"31043";"202100031043";6;"07:47";"1";"63";"2";"1";"1";2;45;3
"31044";"202100031044";6;"11:57";"1";"63";"2";"2";"1";3;45;3
"31045";"202100031045";6;"11:25";"1";"62";"1";"9";"9";6;50;2
"31046";"202100031046";7;"16:15";"1";"62";"2";"1";"1";3;50;2
"31047";"202100031047";7;"10:05";"1";"61";"2";"6";"8";6;48;0
"31048";"202100031048";7;"21:16";"1";"60";"2";"4";"1";3;49;2
"31049";"202100031049";7;"04:35";"5";"60";"1";"1";"1";1;49;2
"31050";"202100031050";6;"17:19";"1";"60";"2";"2";"1";3;49;2
"31051";"202100031051";7;"13:00";"1";"59";"1";"3";"2";6;50;3
"31052";"202100031052";6;"19:15";"1";"59";"1";"1";"1";3;50;3
"31053";"202100031053";6;"10:10";"1";"59";"2";"1";"1";6;50;3
"31054";"202100031054";7;"00:15";"4";"59";"2";"9";"1";6;50;3
"31055";"202100031055";7;"08:45";"1";"59";"2";"1";"1";2;50;3
"31056";"202100031056";6;"20:15";"1";"59";"2";"9";"2";3;50;3
"31057";"202100031057";7;"22:50";"5";"59";"2";"2";"1";1;51;2
"31058";"202100031058";6;"16:35";"1";"59";"2";"3";"1";3;50;3
"31059";"202100031059";6;"15:15";"1";"56";"2";"1";"1";6;47;-2
"31060";"202100031060";7;"14:55";"1";"56";"2";"1";"1";2;47;-3
"31061";"202100031061";7;"15:40";"1";"56";"2";"2";"1";3;47;-3
"31062";"202100031062";6;"15:30";"1";"56";"2";"4";"2";6;47;-3
"31063";"202100031063";7;"18:13";"1";"55";"1";"1";"1";1;48;5
"31064";"202100031064";6;"08:15";"1";"54";"2";"9";"1";6;48;5
"31065";"202100031065";7;"17:50";"1";"54";"2";"9";"1";6;48;6
"31066";"202100031066";6;"18:45";"1";"54";"2";"9";"1";2;48;6
"31067";"202100031067";6;"17:40";"1";"54";"2";"1";"1";6;49;6
"31068";"202100031068";7;"18:55";"1";"51";"2";"2";"1";3;49;4
"31069";"202100031069";7;"20:10";"1";"51";"2";"9";"1";7;49;4
"31070";"202100031070";7;"17:05";"1";"51";"2";"3";"1";3;49;3
"31071";"202100031071";7;"08:40";"1";"51";"2";"1";"1";2;49;3
"31072";"202100031072";7;"10:25";"1";"50";"2";"1";"1";2;49;-1
"31073";"202100031073";6;"16:45";"1";"50";"2";"1";"1";2;48;-1
"31074";"202100031074";6;"15:45";"1";"50";"2";"1";"3";2;48;-1
"31075";"202100031075";7;"13:10";"1";"50";"1";"1";"1";1;49;-1
"31076";"202100031076";6;"12:10";"1";"50";"2";"3";"3";3;49;-1
"31077";"202100031077";6;"18:30";"1";"49";"2";"1";"2";7;47;0
"31078";"202100031078";7;"21:20";"1";"49";"2";"1";"1";1;47;0
"31079";"202100031079";7;"11:11";"1";"49";"2";"1";"1";7;47;0
"31080";"202100031080";7;"08:28";"1";"49";"2";"1";"1";6;47;0
"31081";"202100031081";6;"12:28";"1";"49";"2";"1";"1";3;47;0
"31082";"202100031082";6;"18:06";"1";"49";"2";"1";"1";2;47;0
"31083";"202100031083";6;"18:30";"1";"49";"2";"1";"1";6;47;0
"31084";"202100031084";6;"22:40";"5";"49";"2";"1";"1";6;47;0
"31085";"202100031085";6;"17:34";"1";"49";"2";"1";"1";1;47;0
"31086";"202100031086";6;"09:14";"1";"49";"2";"1";"1";4;47;0
"31087";"202100031087";6;"21:35";"2";"49";"2";"1";"1";7;47;0
"31088";"202100031088";7;"10:50";"1";"47";"1";"1";"1";3;44;0
"31089";"202100031089";7;"12:50";"1";"45";"2";"2";"1";3;47;1
"31090";"202100031090";7;"07:50";"1";"45";"2";"1";"1";1;47;1
"31091";"202100031091";6;"09:45";"1";"45";"1";"1";"2";2;47;1
"31092";"202100031092";7;"16:25";"1";"44";"1";"1";"1";3;47;-1
"31093";"202100031093";7;"15:05";"1";"43";"2";"1";"1";6;45;3
"31094";"202100031094";6;"08:45";"1";"43";"2";"1";"1";1;45;3
"31095";"202100031095";7;"16:15";"1";"42";"1";"1";"1";7;45;4
"31096";"202100031096";7;"14:20";"1";"41";"1";"1";"1";2;47;1
"31097";"202100031097";7;"23:30";"5";"38";"2";"1";"1";6;45;4
"31098";"202100031098";7;"17:15";"1";"38";"2";"4";"1";1;45;5
"31099";"202100031099";7;"13:35";"1";"38";"2";"2";"1";6;45;5
"31100";"202100031100";6;"16:09";"1";"36";"2";"1";"1";6;46;1
"31101";"202100031101";7;"14:45";"1";"37";"2";"1";"1";7;47;0
"31102";"202100031102";7;"13:37";"1";"37";"2";"6";"1";3;47;0
"31103";"202100031103";7;"10:20";"1";"37";"2";"1";"1";7;47;0
"31104";"202100031104";7;"07:45";"1";"37";"2";"1";"1";6;47;0
"31105";"202100031105";6;"18:55";"1";"37";"2";"1";"1";5;47;0
"31106";"202100031106";6;"17:20";"1";"37";"2";"3";"1";2;47;0
"31107";"202100031107";7;"11:25";"1";"33";"2";"9";"1";6;44;0
"31108";"202100031108";7;"19:00";"2";"35";"2";"6";"1";3;48;-1
"31109";"202100031109";7;"05:32";"5";"35";"2";"2";"2";6;48;-1
"31110";"202100031110";7;"10:00";"1";"35";"2";"3";"1";6;48;-1
"31111";"202100031111";6;"19:00";"1";"35";"2";"1";"1";2;48;-1
"31112";"202100031112";6;"15:50";"1";"34";"2";"1";"1";3;43;3
"31113";"202100031113";7;"16:40";"1";"33";"2";"4";"1";3;44;0
"31114";"202100031114";7;"01:50";"5";"33";"2";"2";"2";3;44;0
"31115";"202100031115";7;"12:30";"1";"33";"2";"3";"1";1;44;0
"31116";"202100031116";7;"16:10";"1";"33";"2";"1";"1";6;44;0
"31117";"202100031117";7;"03:00";"5";"33";"2";"1";"1";6;44;0
"31118";"202100031118";7;"16:30";"1";"33";"2";"9";"1";3;44;0
"31119";"202100031119";7;"13:10";"1";"33";"2";"9";"1";6;44;0
"31120";"202100031120";7;"10:30";"1";"33";"2";"1";"1";3;44;0
"31121";"202100031121";7;"11:40";"1";"33";"2";"3";"1";3;44;0
"31122";"202100031122";7;"09:10";"1";"33";"2";"9";"1";3;44;0
"31123";"202100031123";7;"06:00";"2";"33";"2";"3";"1";3;44;0
"31124";"202100031124";6;"05:50";"2";"33";"2";"6";"1";3;44;0
"31125";"202100031125";7;"16:05";"1";"33";"2";"1";"8";2;44;-1
"31126";"202100031126";7;"10:15";"1";"33";"2";"1";"1";6;44;-1
"31127";"202100031127";7;"22:10";"5";"31";"1";"1";"1";3;43;1
"31128";"202100031128";7;"11:00";"1";"31";"2";"3";"1";3;43;1
"31129";"202100031129";7;"19:30";"1";"31";"2";"9";"1";3;43;1
"31130";"202100031130";7;"18:31";"1";"31";"1";"3";"1";3;43;1
"31131";"202100031131";5;"11:50";"1";"31";"1";"1";"2";1;43;0
"31132";"202100031132";6;"19:25";"1";"30";"2";"1";"1";6;43;4
"31133";"202100031133";6;"19:45";"1";"30";"2";"1";"1";3;43;4
"31134";"202100031134";6;"15:48";"1";"30";"1";"1";"1";5;43;4
"31135";"202100031135";6;"08:45";"1";"30";"2";"1";"1";6;44;4
"31136";"202100031136";6;"16:15";"1";"29";"2";"1";"1";4;48;-4
"31137";"202100031137";7;"13:30";"1";"29";"2";"1";"1";6;47;-3
"31138";"202100031138";7;"08:39";"1";"29";"2";"6";"1";3;48;-4
"31139";"202100031139";6;"14:10";"1";"29";"2";"1";"1";1;48;-4
"31140";"202100031140";6;"17:20";"1";"29";"2";"1";"1";1;48;-4
"31141";"202100031141";6;"14:10";"1";"29";"2";"1";"1";3;48;-4
"31142";"202100031142";7;"08:30";"1";"27";"2";"2";"1";3;49;1
"31143";"202100031143";7;"11:30";"1";"25";"2";"3";"1";3;47;6
"31144";"202100031144";7;"09:12";"1";"25";"2";"1";"1";3;47;6
"31145";"202100031145";6;"18:10";"1";"22";"1";"1";"1";2;48;-3
"31146";"202100031146";6;"19:25";"1";"21";"2";"2";"2";3;47;5
"31147";"202100031147";6;"03:55";"5";"21";"2";"2";"1";3;47;5
"31148";"202100031148";8;"21:15";"5";"21";"2";"9";"1";6;47;4
"31149";"202100031149";7;"16:50";"1";"21";"2";"6";"1";3;47;4
"31150";"202100031150";7;"14:01";"1";"17";"2";"1";"1";4;46;-1
"31151";"202100031151";7;"08:20";"1";"17";"2";"6";"1";3;46;-1
"31152";"202100031152";7;"11:15";"1";"17";"2";"1";"1";3;46;-1
"31153";"202100031153";7;"15:45";"1";"14";"2";"1";"1";4;49;0
"31154";"202100031154";7;"11:50";"1";"14";"2";"9";"1";6;49;0
"31155";"202100031155";6;"18:00";"1";"14";"2";"2";"1";3;49;0
"31156";"202100031156";6;"10:05";"1";"14";"1";"9";"1";2;49;0
"31157";"202100031157";7;"14:15";"1";"13";"2";"1";"1";2;43;5
"31158";"202100031158";7;"03:00";"5";"13";"2";"1";"1";1;43;5
"31159";"202100031159";7;"18:00";"1";"13";"2";"1";"1";6;43;5
"31160";"202100031160";7;"05:20";"2";"13";"2";"1";"1";2;43;5
"31161";"202100031161";7;"02:15";"5";"13";"2";"1";"1";3;43;5
"31162";"202100031162";7;"19:34";"5";"13";"2";"1";"1";6;43;5
"31163";"202100031163";7;"08:40";"1";"75";"2";"1";"1";3;48;2
"31164";"202100031164";7;"14:50";"1";"13";"2";"1";"1";3;43;5
"31165";"202100031165";7;"12:55";"1";"13";"2";"1";"1";3;43;5
"31166";"202100031166";7;"18:40";"1";"13";"2";"1";"1";3;43;5
"31167";"202100031167";7;"17:00";"1";"13";"2";"1";"1";1;43;5
"31168";"202100031168";7;"15:25";"1";"13";"2";"1";"1";3;43;4
"31169";"202100031169";7;"14:45";"1";"13";"2";"9";"1";3;43;5
"31170";"202100031170";7;"20:50";"2";"13";"2";"1";"1";3;43;5
"31171";"202100031171";7;"17:05";"1";"12";"1";"2";"1";6;44;2
"31172";"202100031172";7;"18:00";"1";"12";"2";"2";"1";3;44;2
"31173";"202100031173";7;"15:00";"1";"11";"2";"1";"1";2;43;2
"31174";"202100031174";7;"19:10";"1";"10";"2";"3";"1";3;48;4
"31175";"202100031175";7;"00:53";"5";"10";"2";"1";"1";6;48;4
"31176";"202100031176";6;"12:31";"1";"10";"2";"3";"1";3;48;4
"31177";"202100031177";7;"14:10";"1";"07";"1";"1";"1";7;44;4
"31178";"202100031178";7;"11:50";"1";"06";"2";"3";"1";3;43;7
"31179";"202100031179";7;"14:40";"1";"06";"2";"1";"1";6;43;7
"31180";"202100031180";7;"09:15";"1";"06";"2";"1";"1";6;43;7
"31181";"202100031181";7;"19:15";"1";"06";"2";"1";"7";6;43;6
"31182";"202100031182";7;"21:15";"2";"06";"2";"1";"1";3;43;6
"31183";"202100031183";7;"01:30";"5";"06";"2";"2";"1";3;43;7
"31184";"202100031184";7;"19:10";"1";"06";"1";"3";"1";3;43;7
"31185";"202100031185";7;"20:40";"1";"06";"2";"6";"1";3;43;7
"31186";"202100031186";7;"15:56";"1";"05";"2";"1";"1";3;44;6
"31187";"202100031187";7;"21:50";"5";"01";"1";"2";"1";3;46;5
"31188";"202100031188";7;"12:00";"1";"75";"2";"1";"1";3;48;2
"31189";"202100031189";7;"12:30";"1";"75";"2";"1";"1";7;48;2
"31190";"202100031190";7;"16:41";"1";"75";"2";"5";"1";3;48;2
"31191";"202100031191";7;"03:25";"5";"75";"2";"1";"1";6;48;2
"31192";"202100031192";7;"12:00";"1";"75";"2";"1";"8";6;48;2
"31193";"202100031193";7;"14:40";"1";"75";"2";"1";"1";6;48;2
"31194";"202100031194";7;"02:20";"5";"75";"2";"2";"1";3;48;2
"31195";"202100031195";7;"22:00";"5";"75";"2";"1";"1";3;48;2
"31196";"202100031196";7;"22:30";"5";"75";"2";"1";"1";2;48;2
"31197";"202100031197";7;"11:00";"1";"75";"2";"2";"1";6;48;2
"31198";"202100031198";7;"17:50";"1";"75";"2";"2";"1";3;48;2
"31199";"202100031199";7;"18:57";"1";"75";"2";"7";"1";6;48;2
"31200";"202100031200";7;"12:35";"1";"75";"2";"2";"1";6;48;2
"31201";"202100031201";7;"07:20";"1";"75";"2";"4";"1";6;48;2
"31202";"202100031202";7;"18:15";"1";"94";"2";"3";"1";1;48;2
"31203";"202100031203";7;"04:03";"4";"94";"2";"1";"1";6;48;2
"31204";"202100031204";7;"18:30";"1";"94";"2";"1";"7";3;48;2
"31205";"202100031205";7;"19:00";"1";"94";"2";"1";"1";1;48;2
"31206";"202100031206";7;"01:36";"4";"94";"2";"1";"1";3;48;2
"31207";"202100031207";7;"15:20";"1";"93";"2";"2";"1";1;48;2
"31208";"202100031208";7;"20:58";"1";"93";"2";"1";"1";6;48;2
"31209";"202100031209";7;"03:20";"5";"93";"2";"3";"1";3;48;2
"31210";"202100031210";7;"17:30";"1";"93";"2";"1";"1";3;48;2
"31211";"202100031211";7;"19:10";"1";"93";"2";"1";"1";2;48;2
"31212";"202100031212";7;"05:50";"2";"93";"2";"2";"1";1;48;2
"31213";"202100031213";7;"20:00";"1";"93";"2";"2";"1";6;48;2
"31214";"202100031214";7;"08:20";"1";"93";"2";"1";"1";3;48;2
"31215";"202100031215";7;"13:20";"1";"92";"2";"1";"1";6;48;2
"31216";"202100031216";7;"13:56";"1";"92";"2";"1";"1";1;48;2
"31217";"202100031217";7;"13:30";"1";"92";"2";"1";"1";1;48;2
"31218";"202100031218";7;"06:20";"2";"92";"2";"1";"1";7;48;2
"31219";"202100031219";7;"22:55";"5";"92";"2";"3";"1";3;48;2
"31220";"202100031220";7;"07:30";"1";"92";"2";"1";"1";6;48;2
"31221";"202100031221";7;"13:20";"1";"92";"2";"1";"1";3;48;2
"31222";"202100031222";7;"11:10";"1";"976";"1";"1";"1";2;-12;45
"31223";"202100031223";7;"18:25";"1";"54";"1";"1";"1";7;48;6
"31224";"202100031224";7;"06:15";"2";"83";"1";"1";"1";1;43;6
"31225";"202100031225";7;"04:05";"3";"95";"1";"1";"2";7;49;2
"31226";"202100031226";7;"09:20";"1";"84";"1";"1";"2";1;44;5
"31227";"202100031227";6;"19:29";"1";"81";"1";"1";"1";3;43;2
"31228";"202100031228";7;"15:40";"1";"68";"1";"1";"2";1;48;7
"31229";"202100031229";7;"22:50";"3";"974";"2";"1";"1";1;-21;55
"31230";"202100031230";7;"16:00";"1";"83";"1";"1";"8";7;43;6
"31231";"202100031231";7;"17:30";"1";"74";"2";"6";"1";3;45;6
"31232";"202100031232";7;"14:10";"1";"76";"1";"1";"2";3;49;1
"31233";"202100031233";7;"03:08";"3";"2A";"1";"1";"1";6;41;9
"31234";"202100031234";6;"12:30";"1";"82";"1";"1";"1";6;44;1
"31235";"202100031235";7;"18:15";"1";"49";"2";"1";"1";6;47;0
"31236";"202100031236";7;"12:40";"1";"12";"1";"1";"3";3;44;2
"31237";"202100031237";7;"20:50";"2";"34";"1";"1";"8";6;43;3
"31238";"202100031238";7;"20:00";"1";"34";"1";"9";"1";5;43;3
"31239";"202100031239";7;"08:30";"1";"29";"1";"1";"8";6;48;-3
"31240";"202100031240";6;"19:30";"2";"38";"1";"1";"9";1;45;5
"31241";"202100031241";7;"15:00";"1";"38";"1";"1";"2";3;45;5
"31242";"202100031242";7;"20:15";"2";"01";"2";"1";"1";7;46;5
"31243";"202100031243";7;"00:25";"4";"01";"2";"1";"1";6;46;5
"31244";"202100031244";7;"18:50";"1";"01";"1";"1";"8";1;45;5
"31245";"202100031245";7;"21:30";"1";"72";"1";"1";"1";6;48;0
"31246";"202100031246";7;"02:45";"3";"06";"1";"1";"1";6;43;7
"31247";"202100031247";6;"12:40";"1";"14";"2";"4";"1";3;49;0
"31248";"202100031248";7;"16:20";"1";"64";"2";"4";"8";2;43;-1
"31249";"202100031249";7;"16:10";"1";"04";"2";"1";"1";6;43;6
"31250";"202100031250";7;"14:01";"1";"04";"1";"3";"2";7;43;6
"31251";"202100031251";7;"20:25";"1";"04";"1";"1";"1";1;43;5
"31252";"202100031252";7;"13:00";"1";"85";"1";"6";"9";7;46;0
"31253";"202100031253";7;"00:55";"3";"30";"1";"1";"1";6;44;4
"31254";"202100031254";7;"00:30";"3";"30";"1";"1";"1";3;44;4
"31255";"202100031255";7;"20:30";"1";"08";"1";"1";"1";1;49;4
"31256";"202100031256";7;"11:52";"1";"40";"1";"1";"1";2;43;-1
"31257";"202100031257";7;"23:45";"3";"13";"1";"1";"1";5;43;5
"31258";"202100031258";7;"00:06";"3";"06";"1";"1";"1";1;43;6
"31259";"202100031259";7;"07:32";"2";"13";"1";"1";"1";2;43;5
"31260";"202100031260";7;"07:20";"1";"78";"1";"1";"1";6;48;1
"31261";"202100031261";7;"15:15";"1";"974";"2";"1";"1";1;-21;55
"31262";"202100031262";7;"13:25";"1";"971";"1";"1";"6";2;16;-61
"31263";"202100031263";7;"18:00";"1";"28";"1";"2";"1";1;48;1
"31264";"202100031264";7;"15:30";"1";"77";"1";"2";"1";5;48;3
"31265";"202100031265";7;"23:00";"3";"95";"1";"1";"1";5;49;1
"31266";"202100031266";7;"02:00";"3";"2B";"1";"1";"1";3;42;9
"31267";"202100031267";7;"16:30";"1";"66";"2";"1";"1";6;42;2
"31268";"202100031268";7;"14:25";"1";"34";"2";"1";"1";1;43;4
"31269";"202100031269";7;"19:30";"1";"83";"2";"1";"1";3;43;6
"31270";"202100031270";7;"18:25";"1";"83";"1";"1";"1";3;43;6
"31271";"202100031271";7;"00:32";"3";"04";"1";"1";"1";6;43;5
"31272";"202100031272";7;"11:30";"1";"73";"1";"1";"2";7;45;6
"31273";"202100031273";7;"10:30";"1";"42";"1";"1";"3";3;45;4
"31274";"202100031274";7;"09:58";"1";"38";"1";"1";"1";3;45;5
"31275";"202100031275";7;"21:45";"2";"81";"1";"3";"1";2;43;1
"31276";"202100031276";7;"08:50";"1";"79";"1";"3";"2";7;46;0
"31277";"202100031277";7;"12:15";"1";"72";"2";"1";"1";6;47;0
"31278";"202100031278";7;"19:15";"1";"60";"1";"6";"1";3;49;2
"31279";"202100031279";7;"17:10";"1";"13";"1";"1";"1";6;43;5
"31280";"202100031280";7;"20:12";"1";"94";"1";"1";"1";7;48;2
"31281";"202100031281";7;"17:00";"1";"94";"1";"1";"1";4;48;2
"31282";"202100031282";7;"13:40";"1";"94";"1";"1";"1";4;48;2
"31283";"202100031283";7;"14:00";"1";"92";"1";"1";"1";2;48;2
"31284";"202100031284";7;"01:10";"3";"78";"1";"1";"1";2;48;1
"31285";"202100031285";7;"13:15";"1";"93";"1";"1";"1";3;48;2
"31286";"202100031286";7;"19:20";"1";"95";"1";"1";"1";6;49;2
"31287";"202100031287";7;"12:50";"1";"92";"1";"1";"1";6;48;2
"31288";"202100031288";7;"19:20";"1";"95";"1";"1";"1";2;48;2
"31289";"202100031289";7;"15:45";"1";"93";"1";"1";"1";4;48;2
"31290";"202100031290";7;"11:55";"1";"75";"2";"1";"1";3;48;2
"31291";"202100031291";7;"19:50";"1";"75";"2";"2";"1";2;48;2
"31292";"202100031292";7;"17:15";"1";"75";"2";"3";"1";3;48;2
"31293";"202100031293";7;"17:05";"1";"75";"2";"3";"1";3;48;2
"31294";"202100031294";7;"12:30";"1";"75";"2";"1";"1";6;48;2
"31295";"202100031295";7;"10:47";"1";"75";"2";"7";"1";6;48;2
"31296";"202100031296";7;"08:40";"1";"75";"2";"2";"1";3;48;2
"31297";"202100031297";7;"01:25";"5";"75";"2";"3";"1";6;48;2
"31298";"202100031298";7;"18:05";"1";"75";"2";"4";"1";3;48;2
"31299";"202100031299";6;"23:00";"5";"75";"2";"4";"1";3;48;2
"31300";"202100031300";7;"05:20";"2";"75";"2";"7";"1";6;48;2
"31301";"202100031301";7;"02:55";"5";"75";"2";"7";"1";6;48;2
"31302";"202100031302";7;"21:00";"1";"75";"2";"7";"1";3;48;2
"31303";"202100031303";7;"16:00";"1";"75";"2";"5";"1";6;48;2
"31304";"202100031304";7;"18:45";"1";"75";"2";"3";"1";3;48;2
"31305";"202100031305";7;"14:05";"1";"75";"2";"2";"1";2;48;2
"31306";"202100031306";7;"14:20";"1";"75";"2";"3";"1";3;48;2
"31307";"202100031307";7;"02:50";"5";"75";"2";"1";"1";1;48;2
"31308";"202100031308";7;"20:30";"2";"75";"2";"7";"1";3;48;2
"31309";"202100031309";7;"16:20";"1";"94";"2";"1";"1";2;48;2
"31310";"202100031310";7;"12:30";"1";"94";"2";"2";"1";3;48;2
"31311";"202100031311";7;"13:30";"1";"94";"2";"3";"1";3;48;2
"31312";"202100031312";7;"11:57";"1";"94";"2";"1";"1";3;48;2
"31313";"202100031313";7;"19:35";"1";"94";"2";"2";"1";3;48;2
"31314";"202100031314";7;"17:12";"1";"94";"2";"3";"1";6;48;2
"31315";"202100031315";7;"08:30";"1";"94";"2";"3";"1";5;48;2
"31316";"202100031316";7;"06:09";"5";"94";"2";"1";"1";3;48;2
"31317";"202100031317";6;"13:30";"1";"94";"2";"1";"1";3;48;2
"31318";"202100031318";7;"17:15";"1";"94";"2";"1";"1";6;48;2
"31319";"202100031319";7;"20:40";"1";"94";"2";"1";"1";6;48;2
"31320";"202100031320";7;"11:40";"1";"94";"2";"1";"1";6;48;2
"31321";"202100031321";7;"17:15";"1";"94";"2";"1";"7";3;48;2
"31322";"202100031322";7;"13:20";"1";"94";"2";"1";"1";6;48;2
"31323";"202100031323";7;"17:30";"1";"93";"2";"2";"1";2;48;2
"31324";"202100031324";7;"15:15";"1";"93";"2";"6";"1";3;48;2
"31325";"202100031325";7;"06:40";"1";"93";"2";"1";"1";2;48;2
"31326";"202100031326";7;"20:26";"1";"93";"2";"1";"1";3;48;2
"31327";"202100031327";7;"17:40";"1";"92";"2";"9";"1";6;48;2
"31328";"202100031328";7;"20:43";"1";"92";"2";"1";"1";2;48;2
"31329";"202100031329";7;"18:20";"1";"92";"2";"1";"1";2;48;2
"31330";"202100031330";7;"09:45";"1";"92";"2";"3";"1";3;48;2
"31331";"202100031331";7;"17:25";"1";"92";"2";"1";"1";3;48;2
"31332";"202100031332";7;"17:50";"1";"92";"2";"1";"1";3;48;2