"";"Num_Acc";"mois";"hrmn";"lum";"dep";"agg";"int";"atm";"col";"lat";"long"
"31333";"202100031333";7;"18:40";"1";"92";"2";"1";"1";3;48;2
"31334";"202100031334";7;"19:05";"1";"92";"2";"6";"1";7;48;2
"31335";"202100031335";7;"08:39";"1";"92";"2";"5";"1";3;48;2
"31336";"202100031336";7;"21:45";"2";"87";"1";"1";"8";6;45;1
"31337";"202100031337";7;"09:50";"1";"06";"2";"1";"1";1;43;7
"31338";"202100031338";7;"08:00";"1";"33";"2";"4";"1";1;44;0
"31339";"202100031339";7;"02:00";"5";"31";"2";"1";"1";6;43;1
"31340";"202100031340";5;"16:30";"1";"68";"1";"1";"1";7;48;7
"31341";"202100031341";7;"10:00";"1";"52";"1";"1";"1";6;47;5
"31342";"202100031342";6;"07:30";"1";"12";"1";"1";"2";1;44;2
"31343";"202100031343";7;"03:30";"3";"41";"1";"9";"1";3;47;1
"31344";"202100031344";6;"16:00";"1";"85";"1";"1";"1";1;46;-1
"31345";"202100031345";7;"14:45";"1";"40";"1";"9";"1";6;44;0
"31346";"202100031346";7;"05:15";"3";"56";"1";"1";"2";6;47;-2
"31347";"202100031347";7;"17:15";"1";"77";"1";"9";"1";4;48;3
"31348";"202100031348";7;"09:50";"1";"76";"2";"4";"2";7;49;1
"31349";"202100031349";7;"19:10";"1";"80";"1";"1";"1";2;50;1
"31350";"202100031350";7;"15:40";"1";"82";"1";"1";"9";1;44;1
"31351";"202100031351";7;"22:25";"3";"33";"1";"1";"1";6;45;0
"31352";"202100031352";7;"08:00";"1";"32";"1";"1";"2";1;43;0
"31353";"202100031353";7;"15:00";"1";"11";"2";"4";"1";5;42;2
"31354";"202100031354";7;"01:30";"3";"71";"1";"1";"1";6;46;4
"31355";"202100031355";7;"11:30";"1";"55";"1";"1";"1";6;48;5
"31356";"202100031356";7;"12:55";"1";"42";"1";"1";"2";6;46;4
"31357";"202100031357";7;"03:00";"3";"42";"2";"1";"1";7;45;4
"31358";"202100031358";7;"11:45";"1";"86";"1";"2";"1";3;46;0
"31359";"202100031359";7;"02:30";"3";"34";"1";"1";"1";6;43;3
"31360";"202100031360";6;"18:10";"1";"68";"1";"4";"1";3;47;7
"31361";"202100031361";7;"02:30";"3";"68";"1";"6";"1";7;48;7
"31362";"202100031362";6;"02:30";"3";"44";"2";"1";"1";7;47;-1
"31363";"202100031363";7;"08:50";"1";"31";"1";"1";"1";6;43;0
"31364";"202100031364";7;"17:00";"1";"38";"1";"3";"1";1;45;5
"31365";"202100031365";7;"18:55";"1";"02";"1";"1";"1";6;49;3
"31366";"202100031366";7;"17:05";"1";"02";"2";"1";"1";3;49;3
"31367";"202100031367";7;"15:45";"1";"03";"2";"3";"1";3;46;3
"31368";"202100031368";7;"18:00";"1";"26";"1";"1";"1";1;44;4
"31369";"202100031369";6;"16:00";"1";"14";"1";"1";"1";6;49;0
"31370";"202100031370";6;"17:30";"1";"05";"1";"1";"1";3;44;6
"31371";"202100031371";7;"16:00";"1";"50";"2";"1";"1";6;48;-1
"31372";"202100031372";7;"15:45";"1";"50";"1";"2";"1";3;48;-1
"31373";"202100031373";7;"17:45";"1";"83";"1";"1";"1";2;43;6
"31374";"202100031374";7;"17:25";"1";"43";"1";"1";"2";6;45;3
"31375";"202100031375";7;"21:12";"1";"07";"1";"1";"1";6;45;4
"31376";"202100031376";6;"19:30";"1";"07";"1";"1";"1";7;44;4
"31377";"202100031377";7;"05:00";"3";"07";"1";"1";"1";6;44;4
"31378";"202100031378";7;"19:00";"1";"21";"1";"2";"1";3;47;4
"31379";"202100031379";7;"14:05";"1";"21";"1";"3";"1";3;46;4
"31380";"202100031380";7;"22:00";"2";"37";"1";"1";"1";6;47;0
"31381";"202100031381";7;"15:40";"1";"88";"1";"1";"1";3;48;7
"31382";"202100031382";7;"08:15";"1";"971";"2";"1";"1";6;16;-61
"31383";"202100031383";6;"11:30";"1";"95";"2";"1";"8";6;49;2
"31384";"202100031384";7;"11:15";"1";"91";"2";"1";"1";6;48;2
"31385";"202100031385";6;"18:55";"1";"84";"2";"1";"1";1;44;4
"31386";"202100031386";6;"22:45";"3";"83";"1";"2";"1";3;43;6
"31387";"202100031387";7;"16:05";"1";"04";"1";"1";"1";7;43;6
"31388";"202100031388";6;"07:50";"1";"13";"2";"1";"1";2;43;5
"31389";"202100031389";6;"19:20";"2";"71";"2";"2";"7";3;46;4
"31390";"202100031390";7;"05:20";"2";"63";"1";"1";"8";6;45;3
"31391";"202100031391";7;"18:25";"1";"38";"2";"1";"1";3;45;5
"31392";"202100031392";7;"06:50";"2";"01";"1";"1";"1";7;45;5
"31393";"202100031393";7;"17:00";"1";"69";"2";"3";"1";3;45;4
"31394";"202100031394";7;"20:00";"2";"69";"2";"6";"1";6;45;4
"31395";"202100031395";7;"09:50";"1";"17";"2";"1";"1";6;45;-1
"31396";"202100031396";7;"15:45";"1";"49";"2";"2";"1";3;47;0
"31397";"202100031397";7;"23:40";"3";"27";"1";"1";"1";7;49;1
"31398";"202100031398";7;"16:40";"1";"76";"2";"1";"1";6;49;0
"31399";"202100031399";7;"21:55";"3";"13";"1";"1";"1";3;43;5
"31400";"202100031400";7;"14:30";"1";"69";"1";"1";"1";7;45;4
"31401";"202100031401";7;"16:00";"1";"33";"1";"1";"1";2;44;0
"31402";"202100031402";7;"15:25";"1";"91";"1";"1";"1";5;48;2
"31403";"202100031403";7;"14:00";"1";"91";"1";"1";"1";1;48;2
"31404";"202100031404";7;"17:00";"1";"78";"1";"1";"1";4;48;2
"31405";"202100031405";7;"16:45";"1";"92";"1";"1";"1";3;48;2
"31406";"202100031406";7;"13:20";"1";"92";"1";"1";"1";4;48;2
"31407";"202100031407";7;"00:45";"5";"78";"1";"1";"1";3;48;1
"31408";"202100031408";7;"17:20";"1";"95";"1";"1";"1";3;49;2
"31409";"202100031409";7;"15:15";"1";"93";"1";"1";"1";2;48;2
"31410";"202100031410";7;"06:10";"1";"93";"1";"1";"1";4;48;2
"31411";"202100031411";7;"13:25";"1";"94";"1";"1";"1";2;48;2
"31412";"202100031412";7;"21:40";"2";"06";"2";"1";"1";1;43;7
"31413";"202100031413";7;"19:05";"1";"04";"2";"1";"1";2;43;5
"31414";"202100031414";7;"13:00";"1";"75";"2";"1";"1";3;48;2
"31415";"202100031415";7;"14:55";"1";"75";"2";"4";"1";4;48;2
"31416";"202100031416";6;"16:35";"1";"75";"2";"1";"1";3;48;2
"31417";"202100031417";7;"13:05";"1";"75";"2";"1";"1";4;48;2
"31418";"202100031418";7;"03:51";"5";"75";"2";"1";"1";5;48;2
"31419";"202100031419";6;"23:28";"5";"75";"2";"1";"1";2;48;2
"31420";"202100031420";7;"20:40";"1";"75";"2";"1";"1";3;48;2
"31421";"202100031421";7;"18:45";"1";"75";"2";"1";"1";2;48;2
"31422";"202100031422";7;"22:05";"5";"75";"2";"2";"1";3;48;2
"31423";"202100031423";6;"12:20";"1";"75";"2";"2";"1";3;48;2
"31424";"202100031424";7;"16:40";"1";"75";"2";"2";"1";2;48;2
"31425";"202100031425";7;"08:45";"1";"75";"2";"4";"1";3;48;2
"31426";"202100031426";7;"11:10";"1";"75";"2";"1";"1";3;48;2
"31427";"202100031427";7;"15:58";"1";"75";"2";"7";"1";5;48;2
"31428";"202100031428";7;"13:34";"1";"94";"2";"3";"1";3;48;2
"31429";"202100031429";7;"18:10";"1";"94";"2";"1";"1";6;48;2
"31430";"202100031430";7;"09:55";"1";"94";"2";"1";"1";7;48;2
"31431";"202100031431";7;"07:33";"1";"94";"1";"1";"1";7;48;2
"31432";"202100031432";7;"02:15";"5";"94";"2";"9";"1";2;48;2
"31433";"202100031433";7;"20:30";"1";"93";"2";"1";"1";3;48;2
"31434";"202100031434";7;"21:20";"1";"93";"2";"1";"1";3;48;2
"31435";"202100031435";7;"17:10";"1";"93";"2";"1";"1";7;48;2
"31436";"202100031436";7;"09:50";"1";"92";"2";"3";"1";6;48;2
"31437";"202100031437";7;"10:35";"1";"92";"2";"3";"1";3;48;2
"31438";"202100031438";7;"10:45";"1";"92";"2";"1";"1";1;48;2
"31439";"202100031439";7;"16:30";"1";"92";"2";"1";"1";7;48;2
"31440";"202100031440";7;"19:10";"1";"92";"2";"3";"1";6;48;2
"31441";"202100031441";6;"23:10";"5";"92";"2";"1";"1";7;48;2
"31442";"202100031442";6;"10:00";"1";"92";"2";"1";"1";7;48;2
"31443";"202100031443";6;"13:36";"1";"92";"2";"5";"1";3;48;2
"31444";"202100031444";6;"19:40";"1";"92";"2";"3";"1";3;48;2
"31445";"202100031445";7;"06:40";"1";"39";"1";"3";"7";3;46;5
"31446";"202100031446";7;"15:30";"1";"47";"1";"2";"7";3;44;0
"31447";"202100031447";6;"14:55";"1";"47";"1";"1";"1";1;44;0
"31448";"202100031448";7;"18:15";"1";"38";"2";"1";"1";6;45;4
"31449";"202100031449";7;"12:05";"1";"95";"2";"1";"1";3;49;2
"31450";"202100031450";7;"14:45";"1";"73";"1";"1";"7";6;45;5
"31451";"202100031451";6;"18:50";"1";"28";"1";"1";"2";7;48;0
"31452";"202100031452";7;"18:40";"1";"67";"1";"1";"1";1;48;7
"31453";"202100031453";7;"16:55";"1";"974";"1";"1";"1";7;-21;55
"31454";"202100031454";6;"12:30";"1";"972";"1";"1";"1";1;14;-61
"31455";"202100031455";7;"18:00";"1";"06";"2";"3";"1";3;43;7
"31456";"202100031456";7;"18:00";"1";"59";"2";"1";"1";1;50;2
"31457";"202100031457";6;"15:05";"1";"37";"1";"4";"1";3;47;0
"31458";"202100031458";7;"10:30";"1";"62";"2";"3";"1";3;50;2
"31459";"202100031459";7;"18:00";"1";"51";"1";"3";"1";3;48;3
"31460";"202100031460";7;"13:45";"1";"19";"1";"1";"1";7;45;1
"31461";"202100031461";7;"13:50";"1";"19";"1";"1";"1";7;44;1
"31462";"202100031462";7;"19:20";"1";"56";"1";"1";"1";6;47;-2
"31463";"202100031463";7;"07:15";"1";"74";"2";"1";"7";6;46;5
"31464";"202100031464";7;"17:05";"1";"71";"2";"1";"1";3;46;4
"31465";"202100031465";7;"13:30";"1";"89";"1";"3";"1";1;47;3
"31466";"202100031466";7;"15:00";"1";"61";"1";"1";"1";7;48;0
"31467";"202100031467";7;"16:55";"1";"12";"2";"3";"1";3;44;2
"31468";"202100031468";7;"07:22";"1";"42";"2";"1";"1";6;45;4
"31469";"202100031469";7;"20:55";"2";"46";"1";"1";"1";6;44;1
"31470";"202100031470";7;"18:15";"1";"34";"2";"1";"1";3;43;3
"31471";"202100031471";7;"17:49";"1";"31";"2";"1";"1";3;43;1
"31472";"202100031472";7;"19:36";"1";"38";"1";"1";"1";6;45;5
"31473";"202100031473";7;"13:30";"1";"02";"2";"1";"1";6;49;3
"31474";"202100031474";7;"18:45";"1";"03";"1";"1";"1";1;46;2
"31475";"202100031475";7;"09:50";"1";"15";"2";"7";"1";6;44;2
"31476";"202100031476";6;"17:15";"1";"01";"2";"1";"2";7;46;5
"31477";"202100031477";6;"17:00";"1";"85";"1";"1";"1";6;47;-1
"31478";"202100031478";7;"16:10";"1";"26";"1";"1";"1";1;44;5
"31479";"202100031479";7;"18:15";"1";"72";"1";"1";"1";1;48;0
"31480";"202100031480";7;"17:50";"1";"60";"2";"1";"1";6;49;1
"31481";"202100031481";6;"17:17";"1";"64";"1";"1";"1";7;43;-1
"31482";"202100031482";7;"18:55";"1";"18";"2";"3";"1";3;46;2
"31483";"202100031483";7;"13:30";"1";"24";"1";"3";"1";3;44;1
"31484";"202100031484";7;"19:30";"2";"04";"2";"4";"7";3;44;5
"31485";"202100031485";7;"08:25";"1";"27";"1";"1";"1";3;49;1
"31486";"202100031486";7;"16:45";"1";"28";"1";"1";"1";3;48;1
"31487";"202100031487";7;"19:30";"1";"48";"1";"1";"1";6;44;3
"31488";"202100031488";7;"15:50";"1";"52";"1";"1";"1";6;48;5
"31489";"202100031489";7;"14:38";"1";"08";"1";"1";"1";7;49;4
"31490";"202100031490";6;"12:10";"1";"68";"2";"6";"1";6;47;7
"31491";"202100031491";6;"17:50";"1";"973";"2";"1";"1";3;4;-52
"31492";"202100031492";7;"05:00";"2";"71";"1";"1";"1";6;46;5
"31493";"202100031493";7;"11:00";"1";"82";"1";"1";"1";2;44;0
"31494";"202100031494";6;"13:30";"1";"69";"1";"1";"2";3;45;4
"31495";"202100031495";6;"19:30";"1";"69";"1";"1";"1";1;45;4
"31496";"202100031496";7;"12:50";"1";"971";"1";"4";"1";3;16;-61
"31497";"202100031497";7;"19:40";"3";"977";"2";"1";"1";7;17;-62
"31498";"202100031498";7;"14:45";"1";"21";"2";"6";"1";3;47;5
"31499";"202100031499";7;"17:20";"1";"41";"1";"1";"1";6;47;1
"31500";"202100031500";6;"11:09";"1";"45";"2";"2";"1";6;47;2
"31501";"202100031501";6;"18:15";"1";"45";"2";"1";"1";6;47;1
"31502";"202100031502";7;"17:35";"1";"77";"1";"2";"1";1;48;2
"31503";"202100031503";7;"01:30";"5";"95";"2";"6";"1";6;49;2
"31504";"202100031504";7;"20:15";"1";"2B";"2";"1";"1";6;42;9
"31505";"202100031505";7;"02:00";"3";"2A";"1";"1";"1";2;41;9
"31506";"202100031506";6;"15:00";"1";"34";"1";"1";"1";3;43;4
"31507";"202100031507";7;"16:25";"1";"83";"1";"1";"1";1;43;6
"31508";"202100031508";6;"18:30";"1";"06";"1";"1";"1";1;43;6
"31509";"202100031509";7;"18:19";"1";"04";"1";"1";"1";6;43;6
"31510";"202100031510";6;"14:47";"1";"67";"2";"1";"1";6;48;7
"31511";"202100031511";7;"12:00";"1";"03";"1";"3";"1";3;46;2
"31512";"202100031512";6;"15:00";"1";"73";"2";"4";"1";3;45;5
"31513";"202100031513";6;"14:45";"1";"73";"2";"3";"1";7;45;5
"31514";"202100031514";7;"06:55";"1";"07";"1";"1";"1";6;44;4
"31515";"202100031515";6;"15:30";"1";"07";"2";"4";"1";6;44;4
"31516";"202100031516";7;"17:15";"1";"01";"2";"9";"1";3;45;5
"31517";"202100031517";7;"00:30";"3";"69";"1";"1";"1";6;45;4
"31518";"202100031518";6;"07:55";"2";"69";"1";"1";"1";6;45;4
"31519";"202100031519";7;"14:45";"1";"09";"1";"1";"1";1;42;1
"31520";"202100031520";7;"16:16";"1";"79";"2";"2";"1";7;46;0
"31521";"202100031521";7;"23:30";"5";"64";"2";"6";"1";7;43;0
"31522";"202100031522";7;"18:50";"1";"33";"2";"3";"1";5;45;0
"31523";"202100031523";6;"18:00";"1";"33";"2";"1";"1";1;44;0
"31524";"202100031524";5;"03:30";"5";"59";"2";"4";"1";6;50;3
"31525";"202100031525";7;"19:40";"1";"13";"1";"9";"1";7;43;5
"31526";"202100031526";7;"16:55";"1";"13";"1";"1";"1";2;43;5
"31527";"202100031527";7;"08:03";"1";"13";"1";"1";"1";7;43;5
"31528";"202100031528";6;"18:00";"1";"13";"1";"1";"1";2;43;5
"31529";"202100031529";6;"15:50";"1";"13";"1";"1";"1";2;43;5
"31530";"202100031530";6;"19:20";"1";"13";"1";"1";"1";2;43;5
"31531";"202100031531";6;"09:51";"1";"13";"1";"1";"1";2;43;5
"31532";"202100031532";6;"07:50";"1";"13";"1";"1";"1";3;43;5
"31533";"202100031533";6;"07:30";"1";"13";"1";"1";"1";2;43;5
"31534";"202100031534";6;"04:10";"3";"42";"1";"1";"1";4;45;4
"31535";"202100031535";6;"09:45";"1";"33";"1";"1";"1";2;44;0
"31536";"202100031536";7;"19:50";"1";"91";"1";"1";"1";3;48;2
"31537";"202100031537";7;"09:45";"1";"91";"1";"1";"1";4;48;2
"31538";"202100031538";7;"04:00";"3";"91";"1";"1";"1";2;48;2
"31539";"202100031539";6;"23:10";"3";"94";"1";"1";"1";3;48;2
"31540";"202100031540";7;"09:30";"1";"92";"1";"9";"1";3;48;2
"31541";"202100031541";7;"17:30";"1";"95";"1";"1";"1";3;49;2
"31542";"202100031542";7;"17:30";"1";"95";"1";"1";"1";2;49;2
"31543";"202100031543";6;"21:15";"1";"95";"1";"1";"1";7;49;2
"31544";"202100031544";7;"07:30";"1";"95";"1";"1";"1";3;48;2
"31545";"202100031545";6;"21:40";"1";"92";"1";"1";"1";2;48;2
"31546";"202100031546";6;"09:35";"1";"95";"1";"1";"2";6;48;2
"31547";"202100031547";6;"10:40";"1";"95";"1";"1";"2";6;48;2
"31548";"202100031548";6;"10:15";"1";"95";"1";"1";"1";7;48;2
"31549";"202100031549";6;"09:35";"1";"93";"1";"1";"1";6;48;2
"31550";"202100031550";6;"06:00";"1";"95";"1";"1";"2";6;48;2
"31551";"202100031551";6;"23:07";"3";"95";"1";"1";"2";2;48;2
"31552";"202100031552";6;"22:15";"2";"95";"1";"1";"2";6;49;2
"31553";"202100031553";7;"20:30";"1";"94";"1";"1";"1";4;48;2
"31554";"202100031554";7;"20:00";"1";"94";"1";"1";"1";2;48;2
"31555";"202100031555";7;"13:00";"1";"94";"1";"1";"1";6;48;2
"31556";"202100031556";7;"08:50";"1";"77";"1";"1";"1";5;48;2
"31557";"202100031557";6;"14:00";"1";"44";"1";"1";"1";4;47;-2
"31558";"202100031558";6;"15:00";"1";"38";"2";"1";"1";3;45;5
"31559";"202100031559";6;"11:15";"1";"38";"2";"1";"1";1;45;5
"31560";"202100031560";6;"08:45";"1";"37";"2";"1";"1";6;47;0
"31561";"202100031561";6;"20:26";"1";"37";"2";"2";"1";3;47;0
"31562";"202100031562";6;"15:21";"1";"37";"2";"1";"2";3;47;0
"31563";"202100031563";6;"13:20";"1";"37";"2";"1";"1";6;47;0
"31564";"202100031564";6;"20:10";"1";"36";"1";"3";"1";3;46;1
"31565";"202100031565";6;"17:00";"1";"35";"2";"1";"3";6;48;-2
"31566";"202100031566";6;"18:50";"1";"35";"2";"1";"1";2;48;-1
"31567";"202100031567";6;"20:55";"1";"35";"2";"3";"1";3;48;-1
"31568";"202100031568";6;"18:20";"1";"34";"2";"2";"1";2;43;3
"31569";"202100031569";6;"17:10";"1";"33";"2";"6";"1";4;44;0
"31570";"202100031570";6;"08:50";"1";"33";"2";"9";"1";6;44;0
"31571";"202100031571";6;"20:50";"2";"33";"2";"1";"1";6;44;0
"31572";"202100031572";6;"13:58";"1";"33";"2";"1";"1";6;44;0
"31573";"202100031573";6;"16:10";"1";"33";"2";"6";"1";3;44;-1
"31574";"202100031574";6;"18:15";"1";"31";"1";"1";"1";4;43;1
"31575";"202100031575";6;"17:50";"1";"29";"2";"1";"1";6;48;-4
"31576";"202100031576";6;"10:30";"1";"27";"2";"1";"2";7;49;1
"31577";"202100031577";6;"13:35";"1";"24";"1";"2";"1";3;44;0
"31578";"202100031578";6;"08:00";"1";"22";"2";"6";"1";3;48;-2
"31579";"202100031579";6;"19:08";"1";"19";"2";"1";"1";6;45;1
"31580";"202100031580";6;"18:30";"1";"18";"2";"1";"1";1;47;2
"31581";"202100031581";6;"18:10";"1";"17";"1";"1";"1";4;46;-1
"31582";"202100031582";6;"18:45";"1";"14";"2";"6";"8";3;49;0
"31583";"202100031583";6;"18:20";"1";"10";"2";"1";"8";6;48;4
"31584";"202100031584";6;"08:00";"1";"06";"2";"2";"1";3;43;7
"31585";"202100031585";6;"10:20";"1";"06";"2";"1";"1";6;43;7
"31586";"202100031586";6;"14:35";"1";"75";"2";"1";"8";3;48;2
"31587";"202100031587";6;"09:05";"1";"75";"2";"7";"2";4;48;2
"31588";"202100031588";6;"09:45";"1";"75";"2";"1";"2";6;48;2
"31589";"202100031589";6;"15:10";"1";"75";"2";"1";"1";2;48;2
"31590";"202100031590";6;"11:15";"1";"75";"2";"1";"2";6;48;2
"31591";"202100031591";6;"14:20";"1";"75";"2";"2";"1";3;48;2
"31592";"202100031592";6;"23:20";"5";"75";"2";"2";"1";3;48;2
"31593";"202100031593";6;"13:50";"1";"75";"2";"1";"1";6;48;2
"31594";"202100031594";6;"13:20";"1";"75";"2";"2";"8";3;48;2
"31595";"202100031595";6;"16:15";"1";"75";"2";"1";"1";6;48;2
"31596";"202100031596";6;"09:40";"1";"75";"2";"1";"2";7;48;2
"31597";"202100031597";6;"17:00";"1";"75";"2";"2";"2";2;48;2
"31598";"202100031598";6;"22:35";"5";"75";"2";"1";"1";6;48;2
"31599";"202100031599";6;"14:51";"1";"75";"2";"2";"1";6;48;2
"31600";"202100031600";6;"14:16";"1";"75";"2";"3";"1";3;48;2
"31601";"202100031601";6;"08:15";"1";"75";"2";"2";"2";3;48;2
"31602";"202100031602";6;"22:35";"5";"75";"2";"1";"1";2;48;2
"31603";"202100031603";6;"09:15";"1";"94";"2";"3";"2";3;48;2
"31604";"202100031604";6;"13:15";"1";"94";"2";"9";"1";3;48;2
"31605";"202100031605";6;"02:05";"5";"94";"2";"2";"2";3;48;2
"31606";"202100031606";6;"19:15";"1";"94";"2";"1";"1";6;48;2
"31607";"202100031607";6;"18:30";"1";"93";"2";"1";"1";7;48;2
"31608";"202100031608";6;"10:00";"1";"93";"2";"1";"2";2;48;2
"31609";"202100031609";6;"00:05";"5";"93";"2";"2";"3";2;48;2
"31610";"202100031610";6;"18:50";"1";"93";"2";"1";"1";3;48;2
"31611";"202100031611";6;"09:10";"1";"93";"2";"2";"2";3;48;2
"31612";"202100031612";6;"08:20";"1";"93";"2";"2";"1";5;48;2
"31613";"202100031613";6;"05:00";"5";"93";"2";"1";"2";5;48;2
"31614";"202100031614";6;"08:40";"1";"93";"2";"1";"2";2;48;2
"31615";"202100031615";6;"21:15";"5";"93";"2";"1";"2";3;48;2
"31616";"202100031616";6;"21:40";"3";"93";"1";"1";"1";6;48;2
"31617";"202100031617";6;"14:00";"1";"93";"2";"9";"8";6;48;2
"31618";"202100031618";6;"18:25";"1";"93";"2";"1";"8";6;48;2
"31619";"202100031619";6;"18:00";"1";"92";"2";"2";"1";6;48;2
"31620";"202100031620";6;"20:30";"1";"92";"2";"1";"1";2;48;2
"31621";"202100031621";6;"10:40";"1";"92";"2";"1";"1";6;48;2
"31622";"202100031622";6;"13:50";"1";"92";"2";"2";"1";3;48;2
"31623";"202100031623";6;"17:45";"1";"92";"2";"6";"1";3;48;2
"31624";"202100031624";6;"10:15";"1";"92";"2";"1";"1";3;48;2
"31625";"202100031625";6;"14:30";"1";"92";"2";"1";"1";2;48;2
"31626";"202100031626";6;"12:35";"1";"92";"2";"3";"1";2;48;2
"31627";"202100031627";6;"18:00";"1";"92";"2";"2";"1";3;48;2
"31628";"202100031628";6;"16:35";"1";"92";"2";"3";"1";2;48;2
"31629";"202100031629";6;"07:30";"1";"974";"1";"1";"1";3;-20;55
"31630";"202100031630";6;"16:35";"1";"35";"1";"2";"1";3;47;-1
"31631";"202100031631";7;"00:30";"3";"49";"1";"1";"1";6;47;-1
"31632";"202100031632";6;"23:18";"5";"08";"2";"3";"8";6;49;4
"31633";"202100031633";6;"16:40";"1";"95";"2";"1";"1";6;49;2
"31634";"202100031634";6;"22:00";"5";"95";"2";"1";"1";3;49;2
"31635";"202100031635";7;"05:20";"2";"95";"1";"1";"1";1;49;2
"31636";"202100031636";6;"19:30";"1";"86";"1";"2";"1";3;46;0
"31637";"202100031637";6;"18:00";"1";"42";"1";"1";"2";1;46;3
"31638";"202100031638";6;"14:00";"1";"974";"2";"1";"1";2;-21;55
"31639";"202100031639";6;"20:50";"1";"84";"1";"1";"1";3;43;5
"31640";"202100031640";6;"07:50";"1";"66";"1";"4";"1";3;42;2
"31641";"202100031641";7;"09:35";"1";"95";"1";"1";"1";6;49;2
"31642";"202100031642";6;"17:40";"1";"51";"2";"3";"1";7;49;4
"31643";"202100031643";6;"05:40";"2";"79";"1";"2";"1";3;46;0
"31644";"202100031644";6;"17:29";"1";"11";"2";"4";"1";6;42;2
"31645";"202100031645";7;"14:30";"1";"89";"1";"1";"1";7;48;3
"31646";"202100031646";6;"17:20";"1";"61";"1";"1";"1";3;48;0
"31647";"202100031647";6;"15:59";"1";"61";"1";"1";"1";5;48;0
"31648";"202100031648";7;"14:15";"1";"12";"1";"2";"1";3;44;2
"31649";"202100031649";7;"06:15";"1";"42";"1";"1";"1";7;45;4
"31650";"202100031650";6;"09:10";"1";"34";"2";"3";"1";6;43;2
"31651";"202100031651";6;"10:20";"1";"01";"1";"1";"1";7;45;5
"31652";"202100031652";6;"11:15";"1";"01";"1";"1";"1";1;45;5
"31653";"202100031653";6;"14:00";"1";"58";"1";"1";"2";1;47;3
"31654";"202100031654";6;"14:15";"1";"58";"1";"1";"1";1;46;3
"31655";"202100031655";6;"20:00";"1";"06";"1";"1";"1";3;43;6
"31656";"202100031656";6;"12:40";"1";"14";"1";"1";"2";1;49;0
"31657";"202100031657";7;"18:15";"1";"14";"1";"2";"1";1;49;0
"31658";"202100031658";7;"12:00";"1";"09";"1";"9";"1";7;42;1
"31659";"202100031659";7;"06:00";"2";"53";"1";"1";"1";7;47;0
"31660";"202100031660";7;"08:50";"1";"21";"1";"3";"1";1;47;5
"31661";"202100031661";6;"17:50";"1";"27";"1";"1";"1";1;48;1
"31662";"202100031662";7;"15:50";"1";"28";"1";"2";"1";3;48;1
"31663";"202100031663";7;"17:40";"1";"17";"1";"1";"1";7;45;-1
"31664";"202100031664";6;"07:40";"1";"17";"2";"2";"1";3;45;-1
"31665";"202100031665";6;"09:09";"1";"52";"2";"2";"2";3;47;5
"31666";"202100031666";7;"16:30";"1";"88";"1";"1";"1";7;48;6
"31667";"202100031667";6;"22:19";"3";"88";"1";"1";"1";7;48;5
"31668";"202100031668";7;"04:15";"5";"06";"2";"3";"1";3;43;7
"31669";"202100031669";7;"15:35";"1";"85";"1";"3";"1";1;46;-2
"31670";"202100031670";6;"20:00";"2";"02";"1";"1";"1";7;49;3
"31671";"202100031671";6;"15:00";"1";"38";"1";"1";"1";1;45;6
"31672";"202100031672";6;"20:00";"1";"13";"2";"1";"1";1;43;5
"31673";"202100031673";6;"15:31";"1";"84";"1";"1";"1";6;44;4
"31674";"202100031674";7;"10:30";"1";"988";"1";"1";"1";6;-21;165
"31675";"202100031675";7;"06:00";"2";"974";"2";"1";"2";6;-21;55
"31676";"202100031676";6;"14:38";"1";"33";"2";"3";"1";3;44;-1
"31677";"202100031677";6;"16:30";"1";"91";"2";"6";"1";6;48;2
"31678";"202100031678";6;"13:54";"1";"91";"1";"1";"1";1;48;2
"31679";"202100031679";7;"00:25";"3";"66";"1";"1";"1";6;42;2
"31680";"202100031680";6;"10:25";"1";"83";"2";"1";"7";6;43;6
"31681";"202100031681";6;"04:50";"3";"04";"2";"1";"1";7;43;5
"31682";"202100031682";6;"09:15";"1";"67";"2";"4";"1";3;48;7
"31683";"202100031683";6;"20:45";"5";"74";"1";"1";"1";1;46;6
"31684";"202100031684";6;"18:00";"1";"42";"2";"2";"1";1;45;4
"31685";"202100031685";6;"23:25";"5";"38";"2";"6";"1";7;45;5
"31686";"202100031686";7;"01:00";"3";"17";"1";"1";"1";6;45;0
"31687";"202100031687";7;"07:15";"1";"16";"1";"1";"1";2;45;0
"31688";"202100031688";6;"18:00";"1";"33";"1";"3";"2";3;44;0
"31689";"202100031689";7;"18:30";"1";"85";"1";"3";"1";6;46;-1
"31690";"202100031690";7;"00:30";"5";"29";"2";"1";"1";6;47;-3
"31691";"202100031691";6;"13:20";"1";"27";"1";"1";"1";6;49;1
"31692";"202100031692";6;"11:55";"1";"27";"1";"1";"2";2;48;0
"31693";"202100031693";7;"14:02";"1";"60";"2";"1";"1";7;49;2
"31694";"202100031694";7;"12:40";"1";"59";"1";"1";"1";3;50;2
"31695";"202100031695";6;"11:20";"1";"59";"1";"1";"1";3;50;3
"31696";"202100031696";6;"05:35";"2";"59";"1";"1";"1";6;50;3
"31697";"202100031697";6;"15:20";"1";"94";"1";"1";"1";4;48;2
"31698";"202100031698";6;"15:30";"1";"78";"1";"1";"1";2;48;2