"";"Num_Acc";"mois";"hrmn";"lum";"dep";"agg";"int";"atm";"col";"lat";"long"
"31699";"202100031699";6;"08:10";"1";"78";"1";"1";"1";6;48;1
"31700";"202100031700";6;"22:58";"3";"94";"1";"1";"2";4;48;2
"31701";"202100031701";6;"17:00";"1";"31";"2";"1";"1";3;43;1
"31702";"202100031702";6;"13:15";"1";"31";"2";"1";"1";3;43;1
"31703";"202100031703";6;"18:30";"1";"31";"1";"1";"1";5;43;1
"31704";"202100031704";6;"14:35";"1";"31";"2";"1";"8";2;43;0
"31705";"202100031705";6;"19:00";"1";"28";"2";"2";"1";1;48;1
"31706";"202100031706";6;"14:58";"1";"22";"2";"6";"1";3;48;-3
"31707";"202100031707";6;"15:50";"1";"17";"2";"1";"1";3;46;-1
"31708";"202100031708";6;"09:20";"1";"17";"1";"1";"1";6;46;-1
"31709";"202100031709";6;"23:30";"5";"14";"2";"6";"1";7;49;0
"31710";"202100031710";6;"15:30";"1";"14";"1";"1";"1";2;49;0
"31711";"202100031711";6;"16:00";"1";"13";"2";"2";"1";3;43;5
"31712";"202100031712";6;"06:30";"1";"13";"2";"3";"1";2;43;5
"31713";"202100031713";6;"08:30";"1";"13";"2";"1";"1";3;43;5
"31714";"202100031714";6;"00:05";"5";"13";"2";"1";"1";2;43;5
"31715";"202100031715";6;"10:20";"1";"13";"2";"1";"1";6;43;5
"31716";"202100031716";6;"09:50";"1";"11";"1";"1";"1";2;43;2
"31717";"202100031717";6;"22:14";"5";"10";"2";"1";"2";7;48;4
"31718";"202100031718";6;"13:42";"1";"10";"2";"1";"1";6;48;4
"31719";"202100031719";6;"20:03";"1";"06";"2";"1";"1";6;43;7
"31720";"202100031720";6;"07:25";"1";"06";"2";"1";"1";3;43;6
"31721";"202100031721";6;"08:15";"1";"06";"2";"3";"1";3;43;7
"31722";"202100031722";6;"19:17";"1";"05";"2";"3";"1";1;44;6
"31723";"202100031723";6;"13:00";"1";"04";"2";"4";"1";3;43;5
"31724";"202100031724";6;"19:40";"1";"01";"2";"2";"3";3;46;5
"31725";"202100031725";6;"17:05";"1";"75";"2";"1";"1";2;48;2
"31726";"202100031726";6;"15:30";"1";"75";"2";"3";"1";6;48;2
"31727";"202100031727";6;"09:00";"1";"75";"2";"1";"2";2;48;2
"31728";"202100031728";6;"00:30";"5";"75";"2";"1";"1";1;48;2
"31729";"202100031729";6;"14:20";"1";"75";"2";"2";"1";3;48;2
"31730";"202100031730";6;"16:50";"1";"75";"2";"3";"1";6;48;2
"31731";"202100031731";6;"16:53";"1";"75";"2";"2";"2";4;48;2
"31732";"202100031732";6;"10:45";"1";"75";"2";"2";"8";3;48;2
"31733";"202100031733";6;"18:35";"1";"75";"2";"1";"1";3;48;2
"31734";"202100031734";6;"23:30";"5";"75";"2";"3";"1";3;48;2
"31735";"202100031735";6;"17:50";"1";"75";"2";"1";"2";2;48;2
"31736";"202100031736";6;"00:15";"5";"75";"2";"7";"1";3;48;2
"31737";"202100031737";6;"08:40";"1";"75";"2";"3";"2";3;48;2
"31738";"202100031738";6;"07:45";"1";"75";"2";"2";"2";3;48;2
"31739";"202100031739";6;"00:35";"5";"75";"2";"2";"1";6;48;2
"31740";"202100031740";6;"08:10";"1";"75";"2";"2";"2";2;48;2
"31741";"202100031741";6;"21:33";"5";"75";"2";"2";"1";3;48;2
"31742";"202100031742";6;"12:00";"1";"75";"2";"1";"1";6;48;2
"31743";"202100031743";6;"14:08";"1";"94";"2";"2";"1";3;48;2
"31744";"202100031744";6;"18:35";"2";"94";"2";"5";"2";6;48;2
"31745";"202100031745";6;"13:41";"1";"94";"2";"1";"1";3;48;2
"31746";"202100031746";6;"13:25";"1";"94";"2";"1";"1";3;48;2
"31747";"202100031747";6;"09:00";"1";"94";"2";"1";"3";3;48;2
"31748";"202100031748";6;"16:00";"1";"94";"2";"1";"1";6;48;2
"31749";"202100031749";6;"18:15";"1";"94";"2";"1";"2";6;48;2
"31750";"202100031750";6;"23:15";"5";"93";"2";"1";"1";1;49;2
"31751";"202100031751";6;"13:25";"1";"93";"2";"1";"1";1;48;2
"31752";"202100031752";6;"02:15";"5";"93";"2";"1";"2";5;48;2
"31753";"202100031753";6;"09:36";"1";"93";"2";"2";"2";6;48;2
"31754";"202100031754";6;"15:20";"1";"93";"2";"1";"8";6;48;2
"31755";"202100031755";6;"19:25";"2";"93";"2";"1";"2";3;48;2
"31756";"202100031756";6;"14:40";"1";"93";"2";"3";"1";3;48;2
"31757";"202100031757";6;"06:50";"1";"93";"2";"1";"1";3;48;2
"31758";"202100031758";6;"07:50";"1";"93";"2";"2";"2";3;48;2
"31759";"202100031759";6;"14:00";"1";"92";"2";"1";"1";6;48;2
"31760";"202100031760";6;"13:15";"1";"92";"2";"1";"1";6;48;2
"31761";"202100031761";6;"09:15";"1";"92";"2";"6";"2";7;48;2
"31762";"202100031762";6;"19:53";"1";"92";"2";"1";"2";2;48;2
"31763";"202100031763";6;"14:45";"1";"92";"2";"2";"1";2;48;2
"31764";"202100031764";6;"18:30";"1";"92";"2";"2";"1";6;48;2
"31765";"202100031765";6;"19:15";"1";"92";"2";"6";"2";7;48;2
"31766";"202100031766";6;"12:53";"1";"92";"2";"2";"1";6;48;2
"31767";"202100031767";6;"09:10";"1";"92";"2";"2";"8";3;48;2
"31768";"202100031768";6;"16:10";"1";"95";"2";"1";"2";6;49;2
"31769";"202100031769";6;"08:15";"2";"42";"1";"4";"3";1;45;4
"31770";"202100031770";6;"19:10";"1";"13";"2";"2";"1";3;43;4
"31771";"202100031771";6;"13:30";"1";"87";"1";"1";"1";3;45;1
"31772";"202100031772";6;"12:15";"1";"51";"2";"6";"2";3;48;3
"31773";"202100031773";6;"14:40";"1";"74";"1";"1";"8";6;45;6
"31774";"202100031774";6;"18:50";"1";"77";"2";"3";"1";3;48;3
"31775";"202100031775";6;"10:50";"1";"41";"1";"1";"2";7;47;1
"31776";"202100031776";6;"08:40";"1";"34";"1";"1";"1";3;43;3
"31777";"202100031777";6;"09:15";"1";"22";"1";"4";"1";3;48;-3
"31778";"202100031778";6;"13:50";"1";"35";"2";"3";"1";1;48;-2
"31779";"202100031779";6;"15:50";"1";"26";"1";"1";"1";3;44;4
"31780";"202100031780";6;"17:05";"1";"50";"2";"1";"1";6;48;0
"31781";"202100031781";6;"07:30";"1";"07";"1";"3";"1";1;45;4
"31782";"202100031782";6;"18:00";"1";"17";"2";"4";"1";1;46;0
"31783";"202100031783";6;"16:00";"1";"987";"2";"1";"1";6;-17;-149
"31784";"202100031784";6;"12:25";"1";"10";"1";"1";"1";2;48;4
"31785";"202100031785";6;"08:45";"1";"34";"1";"1";"1";3;43;3
"31786";"202100031786";6;"11:48";"1";"67";"1";"1";"1";4;48;7
"31787";"202100031787";6;"00:55";"5";"06";"2";"2";"1";3;43;7
"31788";"202100031788";6;"06:45";"1";"45";"1";"1";"1";6;47;2
"31789";"202100031789";6;"20:06";"1";"45";"2";"6";"1";1;47;2
"31790";"202100031790";6;"20:30";"1";"77";"1";"9";"1";6;48;2
"31791";"202100031791";6;"10:15";"1";"2B";"1";"1";"1";3;42;9
"31792";"202100031792";6;"18:00";"1";"34";"1";"6";"1";3;43;4
"31793";"202100031793";6;"17:15";"1";"13";"1";"1";"1";7;43;5
"31794";"202100031794";6;"10:30";"1";"68";"1";"1";"5";6;47;7
"31795";"202100031795";6;"21:00";"1";"63";"1";"1";"1";7;45;3
"31796";"202100031796";6;"20:50";"5";"38";"2";"2";"3";3;45;5
"31797";"202100031797";6;"15:20";"1";"26";"2";"2";"1";6;45;4
"31798";"202100031798";6;"18:00";"1";"26";"1";"1";"1";2;45;4
"31799";"202100031799";6;"14:40";"2";"13";"1";"1";"1";2;43;5
"31800";"202100031800";6;"02:00";"3";"13";"1";"1";"1";2;43;5
"31801";"202100031801";6;"04:15";"5";"69";"1";"1";"2";2;45;4
"31802";"202100031802";4;"10:00";"1";"69";"1";"1";"1";6;45;4
"31803";"202100031803";6;"18:10";"1";"42";"1";"1";"1";6;45;4
"31804";"202100031804";6;"16:45";"1";"33";"1";"1";"1";2;44;0
"31805";"202100031805";6;"08:43";"1";"94";"1";"1";"2";7;48;2
"31806";"202100031806";6;"09:00";"1";"78";"1";"1";"2";2;48;1
"31807";"202100031807";6;"19:50";"1";"95";"1";"1";"2";6;48;2
"31808";"202100031808";6;"18:00";"1";"93";"1";"1";"2";7;48;2
"31809";"202100031809";6;"19:25";"1";"93";"1";"1";"2";2;48;2
"31810";"202100031810";6;"10:30";"1";"93";"1";"1";"1";5;48;2
"31811";"202100031811";6;"09:25";"1";"95";"1";"1";"2";4;49;2
"31812";"202100031812";6;"20:00";"1";"93";"1";"1";"1";3;48;2
"31813";"202100031813";6;"00:30";"3";"93";"1";"1";"1";4;48;2
"31814";"202100031814";6;"21:30";"2";"95";"1";"1";"8";1;48;2
"31815";"202100031815";6;"03:00";"3";"77";"1";"9";"1";2;48;2
"31816";"202100031816";6;"21:40";"5";"75";"2";"7";"2";3;48;2
"31817";"202100031817";6;"16:15";"1";"976";"2";"1";"1";3;-12;45
"31818";"202100031818";6;"07:50";"1";"974";"1";"1";"1";7;-21;55
"31819";"202100031819";6;"17:00";"1";"974";"1";"1";"1";1;-20;55
"31820";"202100031820";6;"16:10";"1";"69";"2";"2";"8";3;45;4
"31821";"202100031821";6;"08:09";"1";"972";"1";"1";"1";2;14;-61
"31822";"202100031822";6;"17:40";"1";"972";"2";"3";"1";3;14;-61
"31823";"202100031823";6;"16:50";"1";"69";"2";"1";"1";2;45;4
"31824";"202100031824";6;"19:15";"1";"69";"2";"1";"1";3;45;4
"31825";"202100031825";6;"12:02";"1";"2B";"2";"2";"1";3;42;9
"31826";"202100031826";6;"11:13";"1";"95";"2";"1";"1";6;48;2
"31827";"202100031827";6;"12:35";"1";"91";"2";"6";"8";3;48;2
"31828";"202100031828";6;"18:05";"1";"91";"2";"9";"1";3;48;2
"31829";"202100031829";6;"12:10";"1";"91";"2";"9";"1";3;48;2
"31830";"202100031830";6;"18:55";"1";"91";"2";"3";"1";3;48;2
"31831";"202100031831";6;"16:20";"1";"91";"2";"2";"1";3;48;2
"31832";"202100031832";6;"02:00";"5";"87";"2";"1";"1";7;45;1
"31833";"202100031833";6;"18:50";"1";"87";"2";"2";"1";3;45;1
"31834";"202100031834";6;"21:40";"2";"84";"2";"1";"1";3;43;4
"31835";"202100031835";6;"00:20";"3";"83";"1";"1";"1";6;43;6
"31836";"202100031836";6;"09:44";"1";"80";"2";"1";"2";2;49;2
"31837";"202100031837";6;"20:23";"1";"80";"2";"1";"2";3;49;2
"31838";"202100031838";6;"18:30";"3";"80";"1";"1";"3";7;49;2
"31839";"202100031839";6;"16:20";"1";"78";"2";"3";"1";1;48;2
"31840";"202100031840";6;"13:30";"1";"78";"2";"1";"1";1;48;1
"31841";"202100031841";6;"18:30";"1";"76";"1";"1";"2";6;49;0
"31842";"202100031842";6;"21:30";"5";"76";"2";"1";"2";6;49;0
"31843";"202100031843";6;"02:00";"5";"76";"2";"1";"1";6;49;0
"31844";"202100031844";6;"15:55";"1";"71";"2";"1";"1";3;46;4
"31845";"202100031845";6;"12:55";"1";"71";"2";"1";"1";1;46;4
"31846";"202100031846";6;"17:00";"1";"69";"2";"3";"1";6;45;4
"31847";"202100031847";6;"16:45";"1";"69";"2";"1";"2";6;45;4
"31848";"202100031848";6;"11:35";"1";"69";"2";"1";"1";3;45;4
"31849";"202100031849";6;"08:30";"1";"69";"2";"3";"2";3;45;4
"31850";"202100031850";6;"11:00";"1";"67";"2";"1";"1";3;48;7
"31851";"202100031851";6;"07:30";"1";"67";"2";"1";"1";1;48;7
"31852";"202100031852";6;"19:35";"1";"66";"1";"1";"1";6;42;2
"31853";"202100031853";6;"21:29";"2";"66";"2";"3";"1";3;42;2
"31854";"202100031854";6;"01:00";"5";"64";"2";"1";"1";7;43;0
"31855";"202100031855";6;"02:40";"5";"64";"2";"1";"2";7;43;-1
"31856";"202100031856";6;"04:35";"5";"63";"2";"1";"1";6;45;3
"31857";"202100031857";6;"07:53";"1";"63";"2";"1";"1";6;45;3
"31858";"202100031858";6;"06:21";"1";"63";"2";"1";"3";7;45;3
"31859";"202100031859";6;"02:14";"5";"63";"2";"2";"1";3;45;3
"31860";"202100031860";6;"18:50";"1";"63";"2";"1";"1";6;45;3
"31861";"202100031861";6;"08:20";"1";"62";"2";"6";"1";3;50;2
"31862";"202100031862";6;"22:55";"5";"59";"2";"9";"1";3;50;3
"31863";"202100031863";6;"17:15";"1";"59";"2";"2";"1";3;50;3
"31864";"202100031864";6;"09:40";"1";"50";"2";"6";"3";1;49;-1
"31865";"202100031865";6;"09:40";"1";"50";"2";"7";"2";6;49;-1
"31866";"202100031866";6;"11:30";"1";"45";"1";"1";"8";4;47;1
"31867";"202100031867";6;"11:26";"1";"45";"2";"3";"1";6;47;1
"31868";"202100031868";6;"23:45";"5";"44";"2";"9";"2";3;47;-1
"31869";"202100031869";6;"12:30";"1";"42";"2";"1";"1";3;45;4
"31870";"202100031870";6;"20:50";"1";"42";"2";"2";"1";6;46;4
"31871";"202100031871";6;"08:45";"1";"38";"2";"1";"1";1;45;4
"31872";"202100031872";6;"17:13";"1";"37";"2";"3";"2";6;47;0
"31873";"202100031873";6;"09:55";"1";"35";"2";"1";"1";6;48;-2
"31874";"202100031874";6;"12:50";"1";"35";"2";"2";"2";3;48;-1
"31875";"202100031875";6;"19:40";"1";"34";"2";"2";"1";1;43;3
"31876";"202100031876";6;"11:44";"1";"33";"2";"1";"8";7;44;-1
"31877";"202100031877";6;"23:50";"5";"33";"2";"3";"1";3;44;-1
"31878";"202100031878";5;"08:40";"1";"22";"2";"4";"1";2;48;-2
"31879";"202100031879";6;"07:50";"1";"17";"2";"1";"2";6;46;-1
"31880";"202100031880";6;"19:10";"1";"17";"2";"6";"1";3;45;0
"31881";"202100031881";6;"18:20";"1";"13";"2";"1";"1";6;43;5
"31882";"202100031882";6;"13:20";"1";"13";"1";"1";"2";3;43;4
"31883";"202100031883";6;"14:30";"1";"13";"1";"1";"1";2;43;4
"31884";"202100031884";6;"22:20";"5";"13";"2";"1";"1";7;43;5
"31885";"202100031885";6;"12:00";"1";"13";"1";"1";"1";1;43;5
"31886";"202100031886";6;"13:15";"1";"13";"2";"1";"1";3;43;5
"31887";"202100031887";6;"08:15";"1";"13";"2";"3";"1";3;43;5
"31888";"202100031888";6;"08:40";"1";"13";"2";"1";"1";3;43;5
"31889";"202100031889";6;"19:52";"1";"12";"2";"2";"1";3;44;3
"31890";"202100031890";6;"10:39";"1";"06";"2";"1";"1";6;43;7
"31891";"202100031891";6;"20:20";"1";"06";"2";"9";"1";3;43;7
"31892";"202100031892";6;"11:10";"1";"06";"2";"1";"1";2;43;7
"31893";"202100031893";6;"16:38";"1";"05";"2";"1";"1";7;44;6
"31894";"202100031894";6;"16:27";"1";"05";"1";"1";"1";1;44;6
"31895";"202100031895";6;"15:09";"1";"05";"1";"1";"1";7;44;6
"31896";"202100031896";6;"09:35";"1";"75";"2";"1";"1";6;48;2
"31897";"202100031897";6;"09:30";"1";"75";"2";"1";"1";4;48;2
"31898";"202100031898";6;"03:42";"5";"75";"2";"3";"2";3;48;2
"31899";"202100031899";6;"02:15";"5";"75";"2";"2";"8";3;48;2
"31900";"202100031900";6;"08:30";"1";"75";"2";"1";"1";6;48;2
"31901";"202100031901";6;"08:40";"1";"75";"2";"1";"1";6;48;2
"31902";"202100031902";6;"12:30";"1";"75";"2";"2";"2";3;48;2
"31903";"202100031903";6;"03:00";"5";"75";"2";"3";"2";4;48;2
"31904";"202100031904";6;"20:30";"2";"75";"2";"2";"2";3;48;2
"31905";"202100031905";6;"08:05";"1";"75";"2";"2";"1";1;48;2
"31906";"202100031906";6;"08:30";"1";"75";"2";"2";"1";3;48;2
"31907";"202100031907";6;"14:47";"1";"75";"2";"7";"1";3;48;2
"31908";"202100031908";6;"02:50";"5";"75";"2";"3";"2";2;48;2
"31909";"202100031909";6;"12:10";"1";"94";"2";"1";"1";6;48;2
"31910";"202100031910";6;"11:00";"1";"94";"2";"3";"1";3;48;2
"31911";"202100031911";6;"18:30";"1";"94";"2";"1";"2";2;48;2
"31912";"202100031912";6;"22:20";"5";"94";"2";"1";"2";1;48;2
"31913";"202100031913";6;"18:45";"1";"93";"2";"2";"1";1;48;2
"31914";"202100031914";6;"23:26";"5";"93";"2";"1";"1";3;48;2
"31915";"202100031915";6;"12:40";"1";"93";"2";"1";"1";2;48;2
"31916";"202100031916";6;"11:15";"1";"93";"2";"9";"1";4;48;2
"31917";"202100031917";6;"16:53";"1";"93";"2";"1";"1";4;48;2
"31918";"202100031918";6;"17:00";"1";"93";"2";"2";"1";3;48;2
"31919";"202100031919";6;"13:15";"1";"93";"2";"3";"2";3;48;2
"31920";"202100031920";6;"18:50";"1";"92";"2";"1";"1";2;48;2
"31921";"202100031921";6;"15:29";"1";"92";"2";"2";"1";3;48;2
"31922";"202100031922";6;"20:30";"2";"92";"2";"1";"2";1;48;2
"31923";"202100031923";6;"16:30";"1";"92";"2";"1";"1";2;48;2
"31924";"202100031924";6;"00:08";"5";"92";"2";"2";"2";3;48;2
"31925";"202100031925";6;"10:15";"1";"92";"2";"2";"1";3;48;2
"31926";"202100031926";6;"16:30";"1";"37";"2";"1";"8";6;47;0
"31927";"202100031927";6;"08:25";"1";"01";"1";"1";"1";1;45;4
"31928";"202100031928";6;"09:45";"1";"26";"1";"1";"1";3;45;4
"31929";"202100031929";6;"18:30";"1";"33";"2";"1";"1";3;44;0
"31930";"202100031930";6;"10:30";"1";"66";"2";"6";"1";3;42;2
"31931";"202100031931";6;"11:30";"1";"56";"1";"6";"3";3;47;-2
"31932";"202100031932";6;"17:35";"1";"33";"1";"1";"1";2;44;0
"31933";"202100031933";6;"19:15";"1";"04";"1";"1";"1";3;43;6
"31934";"202100031934";6;"14:50";"1";"04";"1";"1";"1";3;43;6
"31935";"202100031935";6;"19:00";"1";"27";"1";"1";"8";7;48;0
"31936";"202100031936";6;"13:25";"1";"08";"1";"1";"1";7;49;5
"31937";"202100031937";6;"19:00";"1";"74";"1";"1";"1";6;45;6
"31938";"202100031938";6;"20:15";"1";"34";"2";"3";"1";3;43;3
"31939";"202100031939";6;"15:40";"1";"13";"1";"1";"1";3;43;5
"31940";"202100031940";6;"18:25";"1";"83";"1";"1";"1";2;43;5
"31941";"202100031941";6;"08:30";"1";"69";"1";"1";"8";3;45;4
"31942";"202100031942";6;"20:30";"1";"59";"1";"1";"1";4;50;3
"31943";"202100031943";6;"15:40";"1";"92";"1";"1";"1";4;48;2
"31944";"202100031944";6;"08:50";"1";"93";"1";"1";"1";3;48;2
"31945";"202100031945";6;"01:13";"3";"93";"1";"1";"2";2;48;2
"31946";"202100031946";6;"19:00";"1";"93";"1";"1";"1";6;48;2
"31947";"202100031947";6;"18:15";"1";"94";"1";"1";"1";2;48;2
"31948";"202100031948";6;"17:00";"1";"77";"1";"1";"1";2;48;2
"31949";"202100031949";6;"21:45";"2";"75";"1";"1";"1";2;48;2
"31950";"202100031950";6;"17:40";"1";"04";"2";"1";"1";6;43;5
"31951";"202100031951";6;"17:10";"1";"38";"2";"3";"1";6;45;5
"31952";"202100031952";6;"21:10";"1";"75";"2";"3";"1";2;48;2
"31953";"202100031953";2;"08:25";"1";"09";"1";"1";"1";6;42;1
"31954";"202100031954";6;"10:35";"1";"988";"2";"1";"1";5;-22;166
"31955";"202100031955";6;"16:05";"1";"988";"2";"1";"1";6;-22;166
"31956";"202100031956";6;"22:45";"5";"974";"2";"1";"2";6;-21;55
"31957";"202100031957";6;"06:55";"1";"973";"2";"1";"1";6;4;-52
"31958";"202100031958";6;"14:00";"1";"69";"2";"2";"1";3;45;4
"31959";"202100031959";6;"01:20";"5";"972";"1";"1";"1";6;14;-61
"31960";"202100031960";6;"06:55";"1";"971";"2";"6";"1";3;16;-61
"31961";"202100031961";6;"10:45";"1";"95";"2";"3";"1";6;48;2
"31962";"202100031962";6;"23:00";"3";"95";"1";"1";"2";2;49;2
"31963";"202100031963";6;"18:25";"1";"95";"2";"1";"8";6;48;2
"31964";"202100031964";6;"08:05";"1";"91";"2";"1";"1";5;48;2
"31965";"202100031965";6;"18:30";"1";"83";"2";"1";"7";3;43;6
"31966";"202100031966";6;"21:00";"1";"79";"2";"1";"8";6;46;0
"31967";"202100031967";6;"17:21";"1";"76";"1";"1";"1";7;49;0
"31968";"202100031968";6;"23:53";"5";"72";"2";"1";"1";3;47;0
"31969";"202100031969";6;"20:25";"1";"69";"2";"1";"1";3;45;4
"31970";"202100031970";6;"22:52";"5";"59";"2";"1";"1";6;51;2
"31971";"202100031971";6;"11:23";"1";"57";"2";"2";"1";6;49;6
"31972";"202100031972";6;"15:35";"1";"45";"2";"1";"1";6;47;1
"31973";"202100031973";6;"02:45";"5";"45";"2";"1";"1";1;47;1
"31974";"202100031974";6;"18:09";"1";"37";"2";"2";"3";3;47;0
"31975";"202100031975";6;"02:42";"5";"35";"2";"2";"1";1;48;-1
"31976";"202100031976";6;"12:20";"1";"34";"2";"3";"1";1;43;3
"31977";"202100031977";6;"19:45";"1";"33";"2";"3";"8";3;44;0
"31978";"202100031978";6;"22:15";"5";"31";"2";"1";"3";2;43;1
"31979";"202100031979";6;"16:30";"1";"25";"2";"1";"1";2;47;5
"31980";"202100031980";6;"11:40";"1";"15";"2";"1";"1";3;44;2
"31981";"202100031981";6;"03:55";"3";"14";"1";"1";"2";7;49;0
"31982";"202100031982";6;"15:25";"1";"14";"2";"1";"1";6;49;0
"31983";"202100031983";6;"20:25";"1";"14";"2";"1";"1";6;49;0
"31984";"202100031984";6;"20:50";"2";"13";"2";"1";"1";1;43;5
"31985";"202100031985";6;"14:15";"1";"13";"2";"1";"1";3;43;5
"31986";"202100031986";6;"07:55";"1";"13";"2";"1";"1";1;43;5
"31987";"202100031987";6;"09:15";"1";"13";"2";"1";"1";4;43;5
"31988";"202100031988";6;"17:05";"1";"01";"1";"1";"1";6;46;5
"31989";"202100031989";6;"02:30";"4";"75";"2";"7";"2";5;48;2
"31990";"202100031990";6;"15:15";"1";"75";"2";"1";"1";4;48;2
"31991";"202100031991";6;"12:40";"1";"75";"2";"3";"2";6;48;2
"31992";"202100031992";6;"11:25";"1";"75";"2";"3";"2";6;48;2
"31993";"202100031993";6;"02:50";"5";"75";"2";"2";"2";3;48;2
"31994";"202100031994";6;"12:00";"1";"75";"2";"1";"2";7;48;2
"31995";"202100031995";6;"02:45";"5";"75";"2";"2";"2";5;48;2
"31996";"202100031996";6;"07:50";"1";"93";"2";"3";"8";3;48;2
"31997";"202100031997";6;"22:50";"5";"93";"2";"9";"2";3;48;2
"31998";"202100031998";6;"15:15";"1";"93";"2";"1";"1";2;48;2
"31999";"202100031999";6;"23:45";"5";"93";"2";"9";"1";5;48;2
"32000";"202100032000";6;"20:40";"2";"93";"2";"9";"1";2;48;2
"32001";"202100032001";6;"02:30";"5";"93";"2";"3";"3";3;48;2
"32002";"202100032002";6;"03:15";"5";"93";"2";"1";"2";6;48;2
"32003";"202100032003";6;"19:50";"1";"93";"2";"6";"8";3;48;2
"32004";"202100032004";6;"22:40";"5";"93";"2";"1";"1";7;48;2
"32005";"202100032005";6;"20:40";"1";"92";"2";"1";"1";2;48;2
"32006";"202100032006";6;"11:15";"1";"92";"2";"2";"2";3;48;2
"32007";"202100032007";6;"13:00";"1";"92";"2";"1";"2";3;48;2
"32008";"202100032008";6;"07:00";"1";"2A";"2";"1";"1";7;41;8
"32009";"202100032009";6;"14:15";"1";"68";"1";"1";"1";6;48;7
"32010";"202100032010";6;"11:45";"1";"27";"1";"6";"1";7;48;1
"32011";"202100032011";6;"18:35";"1";"21";"1";"1";"1";2;47;4
"32012";"202100032012";6;"19:00";"1";"42";"1";"1";"2";1;46;3
"32013";"202100032013";6;"17:15";"1";"83";"1";"1";"1";7;43;6
"32014";"202100032014";6;"17:00";"1";"83";"1";"1";"7";3;43;6
"32015";"202100032015";6;"02:00";"4";"2A";"2";"1";"1";1;41;8
"32016";"202100032016";6;"18:30";"1";"80";"2";"3";"2";7;50;1
"32017";"202100032017";6;"18:05";"1";"39";"1";"1";"1";6;46;5
"32018";"202100032018";6;"17:00";"1";"39";"1";"2";"1";3;46;5
"32019";"202100032019";6;"17:45";"1";"29";"2";"1";"1";4;47;-3
"32020";"202100032020";6;"20:00";"1";"29";"1";"1";"1";6;48;-4
"32021";"202100032021";6;"17:50";"1";"38";"2";"1";"1";1;45;5
"32022";"202100032022";6;"15:10";"1";"03";"2";"6";"1";3;46;3
"32023";"202100032023";6;"11:55";"1";"01";"1";"9";"1";7;46;5
"32024";"202100032024";6;"04:25";"3";"01";"1";"1";"1";7;46;5
"32025";"202100032025";6;"18:00";"1";"01";"2";"3";"1";3;46;5
"32026";"202100032026";6;"11:10";"1";"26";"1";"3";"1";3;44;5
"32027";"202100032027";6;"08:05";"1";"54";"1";"2";"8";3;49;5
"32028";"202100032028";6;"10:30";"1";"06";"1";"9";"1";3;43;7
"32029";"202100032029";6;"17:45";"1";"14";"1";"1";"1";7;49;0
"32030";"202100032030";6;"00:30";"3";"60";"2";"2";"1";3;49;3
"32031";"202100032031";6;"07:55";"1";"64";"2";"1";"1";3;43;0
"32032";"202100032032";6;"14:10";"1";"36";"2";"1";"1";6;46;1
"32033";"202100032033";6;"08:10";"1";"24";"1";"1";"7";1;44;1
"32034";"202100032034";6;"14:10";"1";"28";"1";"2";"8";3;48;1
"32035";"202100032035";6;"23:13";"3";"23";"1";"1";"1";7;46;1
"32036";"202100032036";6;"23:44";"5";"30";"2";"1";"1";6;44;4
"32037";"202100032037";6;"14:40";"1";"08";"1";"1";"2";1;49;4
"32038";"202100032038";6;"12:00";"1";"88";"2";"3";"1";6;48;6
"32039";"202100032039";6;"16:20";"1";"24";"1";"1";"1";6;44;0
"32040";"202100032040";6;"08:30";"1";"67";"1";"1";"1";2;48;7
"32041";"202100032041";6;"13:10";"1";"38";"1";"1";"1";7;45;6
"32042";"202100032042";6;"15:15";"1";"69";"1";"1";"1";6;46;4
"32043";"202100032043";6;"15:00";"1";"971";"1";"1";"1";7;16;-61
"32044";"202100032044";6;"01:30";"3";"45";"1";"1";"2";6;48;2
"32045";"202100032045";6;"01:55";"5";"78";"2";"2";"1";3;49;1
"32046";"202100032046";6;"04:00";"3";"84";"1";"1";"1";7;43;5
"32047";"202100032047";6;"18:00";"1";"04";"2";"2";"1";3;44;6
"32048";"202100032048";6;"04:30";"2";"68";"2";"1";"1";7;48;7
"32049";"202100032049";6;"16:30";"1";"88";"1";"1";"1";3;48;6
"32050";"202100032050";6;"02:00";"3";"73";"1";"1";"1";6;45;6
"32051";"202100032051";6;"02:30";"3";"19";"1";"6";"8";7;45;1
"32052";"202100032052";6;"00:19";"3";"13";"1";"1";"1";3;43;5
"32053";"202100032053";6;"00:00";"3";"69";"1";"1";"1";2;45;4
"32054";"202100032054";6;"21:40";"2";"33";"1";"1";"3";2;44;0
"32055";"202100032055";6;"16:26";"1";"33";"1";"1";"1";2;44;0
"32056";"202100032056";6;"17:10";"1";"94";"1";"1";"1";5;48;2
"32057";"202100032057";6;"07:30";"1";"91";"1";"1";"1";6;48;2
"32058";"202100032058";6;"15:00";"1";"78";"1";"1";"1";6;48;2
"32059";"202100032059";6;"11:32";"1";"78";"1";"1";"3";4;48;2
"32060";"202100032060";6;"16:10";"1";"93";"1";"1";"1";3;48;2
"32061";"202100032061";6;"13:40";"1";"95";"1";"1";"2";6;48;2
"32062";"202100032062";6;"13:00";"1";"95";"1";"1";"2";6;49;2
"32063";"202100032063";6;"10:27";"1";"93";"1";"1";"1";2;48;2
"32064";"202100032064";6;"07:40";"1";"95";"1";"1";"2";6;48;2