"";"Num_Acc";"mois";"hrmn";"lum";"dep";"agg";"int";"atm";"col";"lat";"long"
"32065";"202100032065";6;"05:30";"5";"95";"1";"1";"2";6;48;2
"32066";"202100032066";6;"05:25";"2";"95";"1";"1";"1";1;49;2
"32067";"202100032067";6;"20:00";"1";"77";"1";"1";"1";2;48;2
"32068";"202100032068";6;"17:45";"1";"77";"1";"1";"1";3;48;2
"32069";"202100032069";6;"01:00";"5";"94";"1";"1";"2";2;48;2
"32070";"202100032070";6;"17:30";"1";"94";"1";"1";"3";6;48;2
"32071";"202100032071";6;"09:55";"1";"82";"2";"3";"1";6;44;1
"32072";"202100032072";6;"16:45";"1";"27";"2";"1";"1";6;49;1
"32073";"202100032073";6;"18:35";"5";"974";"2";"1";"1";6;-21;55
"32074";"202100032074";6;"21:15";"5";"974";"2";"1";"1";3;-20;55
"32075";"202100032075";6;"16:00";"1";"974";"2";"1";"1";6;-20;55
"32076";"202100032076";6;"08:20";"1";"973";"2";"9";"1";3;4;-52
"32077";"202100032077";6;"12:55";"1";"973";"2";"9";"1";3;4;-52
"32078";"202100032078";6;"17:05";"1";"69";"2";"1";"1";7;45;4
"32079";"202100032079";6;"17:45";"1";"69";"2";"2";"1";3;45;4
"32080";"202100032080";6;"14:20";"1";"69";"2";"1";"1";2;45;4
"32081";"202100032081";6;"18:20";"1";"69";"2";"2";"1";3;45;4
"32082";"202100032082";6;"15:40";"1";"69";"2";"2";"1";3;45;4
"32083";"202100032083";6;"13:50";"1";"91";"2";"6";"2";3;48;2
"32084";"202100032084";6;"08:15";"1";"91";"2";"3";"2";2;48;2
"32085";"202100032085";6;"01:10";"5";"83";"2";"1";"1";2;43;6
"32086";"202100032086";6;"21:20";"1";"83";"2";"1";"1";3;43;6
"32087";"202100032087";6;"13:10";"1";"83";"2";"3";"1";5;43;6
"32088";"202100032088";6;"18:10";"1";"83";"2";"1";"1";6;43;6
"32089";"202100032089";6;"18:10";"1";"83";"2";"1";"1";6;43;6
"32090";"202100032090";6;"17:15";"1";"83";"2";"9";"1";6;43;6
"32091";"202100032091";6;"10:50";"1";"81";"1";"1";"1";3;43;2
"32092";"202100032092";6;"21:20";"1";"78";"2";"1";"1";2;48;2
"32093";"202100032093";6;"16:10";"1";"77";"1";"1";"8";1;48;2
"32094";"202100032094";6;"21:20";"1";"71";"2";"3";"1";3;46;4
"32095";"202100032095";6;"20:00";"2";"69";"2";"3";"1";3;45;4
"32096";"202100032096";6;"17:25";"1";"69";"2";"3";"1";6;45;4
"32097";"202100032097";6;"16:26";"1";"65";"2";"1";"1";1;43;0
"32098";"202100032098";6;"20:25";"1";"64";"2";"3";"2";1;43;0
"32099";"202100032099";6;"10:15";"1";"64";"2";"2";"1";1;43;0
"32100";"202100032100";6;"20:35";"1";"64";"2";"9";"1";3;43;-1
"32101";"202100032101";6;"18:55";"1";"64";"2";"1";"1";7;43;-1
"32102";"202100032102";6;"11:19";"1";"60";"2";"1";"1";6;49;2
"32103";"202100032103";6;"03:45";"5";"59";"1";"1";"3";6;51;2
"32104";"202100032104";6;"19:04";"1";"54";"1";"1";"1";3;48;6
"32105";"202100032105";6;"13:20";"1";"54";"2";"2";"1";2;48;6
"32106";"202100032106";6;"07:45";"1";"51";"2";"1";"1";2;49;4
"32107";"202100032107";6;"01:48";"5";"49";"2";"1";"1";2;47;0
"32108";"202100032108";6;"01:48";"5";"45";"2";"1";"1";6;47;1
"32109";"202100032109";6;"19:00";"1";"45";"2";"2";"1";3;47;1
"32110";"202100032110";6;"02:00";"5";"44";"2";"1";"1";6;47;-1
"32111";"202100032111";6;"01:30";"5";"37";"2";"1";"1";7;47;0
"32112";"202100032112";6;"19:10";"1";"37";"2";"2";"1";3;47;0
"32113";"202100032113";6;"13:30";"1";"35";"2";"3";"2";6;48;-1
"32114";"202100032114";6;"11:00";"1";"35";"1";"1";"3";3;48;-1
"32115";"202100032115";6;"20:55";"2";"33";"2";"1";"1";3;44;-1
"32116";"202100032116";6;"19:35";"1";"18";"2";"3";"1";3;47;2
"32117";"202100032117";6;"01:15";"3";"17";"1";"1";"1";2;45;0
"32118";"202100032118";6;"19:25";"1";"13";"2";"6";"1";5;43;5
"32119";"202100032119";6;"13:50";"1";"13";"2";"1";"1";1;43;5
"32120";"202100032120";6;"14:30";"1";"13";"2";"1";"1";3;43;5
"32121";"202100032121";6;"11:40";"1";"13";"2";"1";"1";3;43;5
"32122";"202100032122";6;"02:15";"5";"13";"2";"1";"1";1;43;5
"32123";"202100032123";6;"21:40";"2";"13";"2";"1";"1";5;43;5
"32124";"202100032124";6;"15:30";"1";"75";"2";"4";"1";4;48;2
"32125";"202100032125";6;"09:05";"1";"75";"2";"1";"2";3;48;2
"32126";"202100032126";6;"15:57";"1";"75";"2";"2";"1";3;48;2
"32127";"202100032127";6;"11:20";"1";"75";"2";"3";"2";3;48;2
"32128";"202100032128";6;"17:12";"1";"75";"2";"2";"1";3;48;2
"32129";"202100032129";6;"01:25";"5";"75";"2";"1";"2";6;48;2
"32130";"202100032130";6;"23:52";"5";"75";"2";"7";"2";5;48;2
"32131";"202100032131";6;"16:09";"1";"75";"2";"3";"1";6;48;2
"32132";"202100032132";6;"14:15";"1";"75";"2";"7";"1";1;48;2
"32133";"202100032133";6;"12:00";"1";"75";"2";"5";"1";3;48;2
"32134";"202100032134";6;"20:30";"2";"75";"2";"2";"1";6;48;2
"32135";"202100032135";6;"04:10";"5";"75";"2";"2";"2";3;48;2
"32136";"202100032136";6;"16:20";"1";"75";"2";"7";"1";6;48;2
"32137";"202100032137";6;"06:25";"2";"75";"2";"4";"2";6;48;2
"32138";"202100032138";6;"14:40";"1";"75";"2";"1";"2";2;48;2
"32139";"202100032139";6;"11:30";"1";"75";"2";"4";"1";3;48;2
"32140";"202100032140";6;"18:35";"1";"75";"2";"3";"1";5;48;2
"32141";"202100032141";6;"10:25";"1";"75";"2";"1";"2";6;48;2
"32142";"202100032142";6;"19:40";"1";"75";"2";"4";"1";3;48;2
"32143";"202100032143";6;"18:30";"1";"75";"2";"2";"1";3;48;2
"32144";"202100032144";6;"00:00";"5";"75";"2";"7";"2";2;48;2
"32145";"202100032145";6;"01:45";"5";"75";"2";"1";"2";7;48;2
"32146";"202100032146";6;"15:10";"1";"94";"2";"9";"2";6;48;2
"32147";"202100032147";6;"23:50";"4";"94";"2";"1";"2";3;48;2
"32148";"202100032148";6;"16:20";"1";"94";"2";"3";"1";3;48;2
"32149";"202100032149";6;"21:15";"2";"94";"2";"1";"2";2;48;2
"32150";"202100032150";6;"10:55";"1";"93";"2";"9";"2";3;48;2
"32151";"202100032151";6;"20:20";"1";"93";"2";"1";"1";3;48;2
"32152";"202100032152";6;"18:49";"1";"93";"2";"1";"1";1;48;2
"32153";"202100032153";6;"18:50";"1";"93";"2";"9";"1";3;48;2
"32154";"202100032154";6;"14:35";"1";"92";"2";"1";"2";2;48;2
"32155";"202100032155";6;"14:10";"1";"92";"2";"3";"1";3;48;2
"32156";"202100032156";6;"11:30";"1";"92";"2";"9";"8";7;48;2
"32157";"202100032157";6;"13:18";"1";"92";"2";"1";"1";6;48;2
"32158";"202100032158";6;"12:50";"1";"62";"1";"2";"1";3;50;2
"32159";"202100032159";6;"11:20";"1";"38";"2";"1";"1";6;45;4
"32160";"202100032160";6;"17:12";"1";"05";"1";"1";"1";6;44;6
"32161";"202100032161";6;"15:30";"1";"28";"2";"1";"1";7;48;1
"32162";"202100032162";6;"15:30";"1";"68";"2";"1";"1";7;47;7
"32163";"202100032163";6;"18:00";"1";"12";"1";"2";"1";3;44;2
"32164";"202100032164";6;"16:25";"1";"42";"1";"1";"1";1;46;3
"32165";"202100032165";6;"13:15";"1";"42";"1";"1";"1";7;45;4
"32166";"202100032166";6;"16:50";"1";"95";"2";"1";"1";3;49;2
"32167";"202100032167";6;"15:55";"1";"74";"2";"3";"7";3;46;5
"32168";"202100032168";6;"08:00";"1";"74";"1";"1";"1";7;46;6
"32169";"202100032169";6;"18:00";"1";"79";"1";"2";"1";3;46;0
"32170";"202100032170";6;"15:30";"1";"80";"2";"3";"3";6;50;1
"32171";"202100032171";6;"18:45";"1";"80";"1";"2";"1";3;49;2
"32172";"202100032172";6;"16:55";"1";"71";"2";"2";"1";1;46;5
"32173";"202100032173";6;"17:30";"1";"71";"1";"6";"1";2;46;4
"32174";"202100032174";6;"06:22";"2";"12";"1";"1";"1";6;44;2
"32175";"202100032175";6;"11:10";"1";"46";"1";"1";"1";1;44;1
"32176";"202100032176";6;"21:06";"2";"25";"1";"1";"1";1;47;6
"32177";"202100032177";6;"06:45";"2";"44";"1";"1";"2";7;47;-2
"32178";"202100032178";6;"17:30";"1";"38";"2";"1";"1";6;44;5
"32179";"202100032179";6;"12:00";"1";"02";"2";"1";"1";6;49;3
"32180";"202100032180";6;"01:40";"3";"02";"1";"6";"1";6;50;3
"32181";"202100032181";6;"06:12";"2";"02";"2";"1";"1";7;49;3
"32182";"202100032182";6;"15:50";"1";"02";"1";"1";"1";7;49;3
"32183";"202100032183";6;"16:20";"1";"03";"1";"1";"1";6;46;3
"32184";"202100032184";6;"15:30";"1";"26";"1";"1";"1";7;44;5
"32185";"202100032185";6;"22:20";"3";"26";"1";"3";"1";3;44;5
"32186";"202100032186";6;"17:15";"1";"05";"1";"1";"1";7;44;6
"32187";"202100032187";6;"17:15";"1";"64";"1";"1";"3";7;43;0
"32188";"202100032188";6;"13:40";"1";"18";"2";"1";"8";1;47;2
"32189";"202100032189";6;"10:45";"1";"43";"2";"3";"1";6;44;3
"32190";"202100032190";6;"15:35";"1";"07";"2";"1";"1";6;44;4
"32191";"202100032191";6;"11:30";"1";"07";"2";"1";"1";6;44;4
"32192";"202100032192";6;"05:20";"3";"24";"1";"1";"2";6;45;0
"32193";"202100032193";6;"10:45";"1";"85";"1";"2";"1";3;46;-1
"32194";"202100032194";6;"21:15";"1";"28";"1";"2";"1";1;48;1
"32195";"202100032195";6;"05:00";"3";"30";"1";"6";"1";7;43;4
"32196";"202100032196";6;"14:15";"1";"88";"1";"1";"1";7;47;6
"32197";"202100032197";6;"14:25";"1";"38";"1";"1";"1";7;45;5
"32198";"202100032198";6;"04:20";"5";"988";"2";"1";"2";2;-22;166
"32199";"202100032199";6;"19:45";"1";"67";"2";"1";"1";3;48;7
"32200";"202100032200";6;"17:00";"1";"67";"1";"1";"1";2;48;7
"32201";"202100032201";6;"17:10";"1";"976";"1";"1";"1";6;-12;45
"32202";"202100032202";6;"18:50";"5";"971";"1";"4";"1";1;16;-61
"32203";"202100032203";6;"13:20";"1";"971";"1";"1";"1";6;16;-61
"32204";"202100032204";6;"20:30";"3";"971";"1";"1";"1";7;15;-61
"32205";"202100032205";6;"07:00";"1";"971";"1";"1";"1";3;16;-61
"32206";"202100032206";6;"00:40";"5";"33";"2";"1";"1";6;44;0
"32207";"202100032207";6;"19:40";"1";"91";"1";"1";"1";1;48;2
"32208";"202100032208";6;"06:10";"2";"83";"1";"1";"1";1;43;6
"32209";"202100032209";6;"18:30";"1";"05";"2";"1";"1";3;44;5
"32210";"202100032210";6;"15:40";"1";"13";"1";"1";"1";3;43;5
"32211";"202100032211";6;"17:50";"1";"13";"1";"1";"1";7;43;5
"32212";"202100032212";6;"12:40";"1";"68";"1";"1";"1";2;47;7
"32213";"202100032213";6;"17:10";"1";"57";"1";"1";"2";6;49;7
"32214";"202100032214";6;"19:20";"1";"73";"1";"1";"1";6;45;6
"32215";"202100032215";6;"16:30";"1";"26";"1";"1";"1";2;44;5
"32216";"202100032216";6;"12:15";"1";"69";"1";"2";"1";5;46;4
"32217";"202100032217";6;"19:15";"1";"81";"1";"1";"1";5;43;1
"32218";"202100032218";6;"15:58";"1";"13";"1";"1";"1";7;43;5
"32219";"202100032219";6;"17:25";"1";"13";"2";"1";"1";2;43;5
"32220";"202100032220";6;"15:30";"1";"13";"1";"1";"1";2;43;5
"32221";"202100032221";6;"14:48";"1";"13";"1";"1";"1";2;43;5
"32222";"202100032222";6;"14:50";"1";"01";"1";"1";"1";2;45;4
"32223";"202100032223";6;"00:00";"3";"33";"1";"1";"1";2;44;0
"32224";"202100032224";6;"17:20";"1";"91";"1";"1";"1";6;48;2
"32225";"202100032225";6;"06:35";"1";"91";"1";"1";"2";6;48;2
"32226";"202100032226";6;"08:55";"1";"92";"1";"1";"1";2;48;2
"32227";"202100032227";6;"16:50";"1";"92";"1";"9";"1";3;48;2
"32228";"202100032228";6;"01:30";"3";"78";"1";"1";"2";5;48;1
"32229";"202100032229";6;"05:25";"3";"95";"1";"1";"3";7;49;2
"32230";"202100032230";6;"00:05";"3";"93";"1";"9";"2";6;48;2
"32231";"202100032231";6;"22:25";"3";"93";"1";"1";"3";6;48;2
"32232";"202100032232";6;"04:05";"5";"94";"1";"1";"2";6;48;2
"32233";"202100032233";6;"04:30";"3";"11";"2";"1";"1";6;43;2
"32234";"202100032234";6;"12:00";"1";"11";"2";"1";"1";6;43;3
"32235";"202100032235";6;"18:10";"1";"82";"2";"5";"1";6;44;1
"32236";"202100032236";6;"09:22";"1";"19";"2";"1";"1";6;45;1
"32237";"202100032237";6;"18:40";"5";"987";"1";"2";"1";3;-17;-149
"32238";"202100032238";6;"16:55";"1";"976";"2";"1";"1";3;-12;45
"32239";"202100032239";6;"07:10";"1";"974";"1";"1";"1";3;-21;55
"32240";"202100032240";6;"11:30";"1";"974";"2";"1";"1";2;-20;55
"32241";"202100032241";6;"18:20";"1";"69";"2";"2";"1";1;45;4
"32242";"202100032242";6;"21:25";"5";"972";"1";"9";"2";7;14;-60
"32243";"202100032243";6;"18:10";"1";"69";"2";"1";"1";2;45;4
"32244";"202100032244";6;"19:45";"1";"69";"2";"1";"1";2;45;4
"32245";"202100032245";6;"22:58";"5";"2B";"2";"4";"1";1;42;9
"32246";"202100032246";6;"07:55";"1";"971";"1";"1";"1";4;16;-61
"32247";"202100032247";6;"22:50";"4";"971";"2";"1";"1";3;16;-61
"32248";"202100032248";6;"03:30";"5";"80";"2";"1";"2";6;49;2
"32249";"202100032249";6;"00:45";"5";"78";"2";"1";"2";3;48;1
"32250";"202100032250";6;"19:15";"1";"78";"2";"1";"1";2;48;1
"32251";"202100032251";6;"13:24";"1";"77";"2";"1";"1";1;48;3
"32252";"202100032252";6;"13:25";"1";"76";"2";"1";"1";6;49;1
"32253";"202100032253";6;"04:40";"5";"76";"2";"2";"1";3;49;1
"32254";"202100032254";6;"22:20";"5";"69";"2";"9";"1";7;45;4
"32255";"202100032255";6;"08:30";"1";"69";"2";"2";"1";6;45;4
"32256";"202100032256";6;"00:30";"5";"69";"2";"3";"1";6;45;4
"32257";"202100032257";6;"10:25";"1";"69";"1";"6";"1";1;45;4
"32258";"202100032258";6;"11:45";"1";"69";"2";"3";"1";1;45;4
"32259";"202100032259";6;"07:15";"1";"66";"2";"1";"1";6;42;2
"32260";"202100032260";6;"09:45";"1";"64";"2";"2";"1";3;43;0
"32261";"202100032261";6;"08:40";"1";"64";"2";"6";"1";3;43;0
"32262";"202100032262";6;"19:42";"1";"63";"2";"3";"1";1;45;3
"32263";"202100032263";6;"00:05";"5";"59";"2";"2";"1";3;50;3
"32264";"202100032264";6;"02:10";"5";"59";"2";"1";"1";2;50;3
"32265";"202100032265";6;"17:00";"1";"59";"2";"1";"1";5;50;3
"32266";"202100032266";6;"18:40";"1";"59";"2";"1";"1";5;50;3
"32267";"202100032267";6;"12:10";"1";"57";"2";"2";"2";3;49;6
"32268";"202100032268";6;"23:28";"4";"56";"2";"1";"1";6;47;-3
"32269";"202100032269";6;"14:10";"1";"56";"2";"3";"1";2;47;-3
"32270";"202100032270";6;"11:10";"1";"56";"2";"1";"1";2;47;-3
"32271";"202100032271";6;"15:50";"1";"54";"2";"1";"1";2;48;6
"32272";"202100032272";6;"11:00";"1";"54";"2";"1";"8";3;48;6
"32273";"202100032273";6;"21:23";"1";"49";"2";"1";"1";3;47;0
"32274";"202100032274";6;"16:47";"1";"49";"2";"2";"1";3;47;0
"32275";"202100032275";6;"05:31";"2";"49";"2";"2";"1";3;47;0
"32276";"202100032276";6;"17:00";"1";"45";"2";"1";"1";6;47;1
"32277";"202100032277";6;"12:00";"1";"45";"2";"1";"1";6;47;2
"32278";"202100032278";6;"12:45";"1";"42";"2";"1";"2";6;45;4
"32279";"202100032279";6;"23:35";"3";"39";"1";"6";"1";3;47;5
"32280";"202100032280";6;"18:00";"1";"38";"2";"2";"1";3;45;5
"32281";"202100032281";6;"11:33";"1";"37";"2";"3";"1";6;47;0
"32282";"202100032282";6;"08:57";"1";"37";"2";"6";"1";6;47;0
"32283";"202100032283";6;"21:50";"1";"33";"2";"1";"1";3;44;0
"32284";"202100032284";6;"19:00";"1";"33";"2";"4";"1";3;44;0
"32285";"202100032285";6;"18:55";"1";"33";"2";"1";"1";2;44;0
"32286";"202100032286";6;"11:20";"1";"33";"1";"1";"1";6;44;-1
"32287";"202100032287";6;"21:15";"1";"31";"2";"1";"1";2;43;1
"32288";"202100032288";6;"14:30";"1";"31";"2";"3";"1";3;43;1
"32289";"202100032289";6;"17:55";"1";"29";"2";"3";"1";3;48;-4
"32290";"202100032290";6;"18:36";"1";"29";"2";"3";"1";6;48;-4
"32291";"202100032291";6;"13:14";"1";"27";"1";"1";"1";3;49;1
"32292";"202100032292";6;"02:30";"5";"22";"1";"1";"1";1;48;-2
"32293";"202100032293";6;"21:15";"1";"17";"2";"1";"1";6;46;-1
"32294";"202100032294";6;"23:55";"5";"13";"2";"9";"1";1;43;5
"32295";"202100032295";6;"04:30";"5";"13";"2";"9";"1";3;43;5
"32296";"202100032296";6;"17:30";"1";"13";"2";"1";"1";1;43;5
"32297";"202100032297";6;"12:30";"1";"13";"2";"1";"1";3;43;5
"32298";"202100032298";6;"18:07";"1";"10";"2";"1";"1";2;48;4
"32299";"202100032299";6;"15:22";"1";"10";"2";"3";"1";2;48;4
"32300";"202100032300";6;"21:15";"1";"08";"2";"9";"1";3;49;4
"32301";"202100032301";6;"13:15";"1";"06";"2";"3";"1";3;43;7
"32302";"202100032302";6;"13:41";"1";"06";"1";"1";"1";2;43;7
"32303";"202100032303";6;"07:40";"1";"05";"2";"1";"1";6;44;6
"32304";"202100032304";6;"01:15";"3";"05";"1";"1";"1";1;44;6
"32305";"202100032305";6;"15:00";"1";"03";"2";"1";"1";6;46;3
"32306";"202100032306";6;"20:33";"1";"03";"1";"1";"1";6;46;2
"32307";"202100032307";6;"11:50";"1";"75";"2";"1";"1";4;48;2
"32308";"202100032308";6;"09:00";"1";"75";"2";"1";"1";3;48;2
"32309";"202100032309";6;"12:30";"1";"75";"2";"1";"1";2;48;2
"32310";"202100032310";6;"02:25";"5";"75";"2";"4";"2";2;48;2
"32311";"202100032311";6;"19:20";"1";"75";"2";"3";"8";6;48;2
"32312";"202100032312";6;"15:13";"1";"75";"2";"1";"2";6;48;2
"32313";"202100032313";6;"11:47";"1";"75";"2";"3";"1";7;48;2
"32314";"202100032314";6;"20:40";"1";"75";"2";"1";"1";3;48;2
"32315";"202100032315";6;"19:40";"1";"75";"2";"1";"1";3;48;2
"32316";"202100032316";6;"12:26";"1";"75";"2";"1";"1";6;48;2
"32317";"202100032317";6;"20:37";"1";"75";"2";"2";"1";3;48;2
"32318";"202100032318";6;"17:15";"1";"75";"2";"3";"1";3;48;2
"32319";"202100032319";6;"12:10";"1";"75";"2";"1";"8";3;48;2
"32320";"202100032320";6;"10:05";"1";"75";"2";"3";"8";3;48;2
"32321";"202100032321";6;"01:40";"5";"75";"2";"2";"1";3;48;2
"32322";"202100032322";6;"17:40";"1";"75";"2";"2";"1";6;48;2
"32323";"202100032323";6;"02:25";"5";"75";"2";"1";"1";7;48;2
"32324";"202100032324";6;"08:40";"1";"75";"2";"1";"1";2;48;2
"32325";"202100032325";6;"20:04";"2";"75";"2";"2";"1";3;48;2
"32326";"202100032326";6;"15:45";"1";"75";"2";"1";"2";3;48;2
"32327";"202100032327";6;"15:40";"1";"75";"2";"7";"2";5;48;2
"32328";"202100032328";6;"09:45";"1";"75";"2";"2";"1";4;48;2
"32329";"202100032329";6;"22:45";"3";"75";"2";"4";"2";6;48;2
"32330";"202100032330";6;"22:10";"5";"75";"2";"7";"3";7;48;2
"32331";"202100032331";6;"11:30";"1";"94";"2";"9";"1";6;48;2
"32332";"202100032332";6;"09:00";"1";"94";"2";"1";"1";3;48;2
"32333";"202100032333";6;"17:45";"1";"94";"2";"3";"8";3;48;2
"32334";"202100032334";6;"05:17";"2";"94";"2";"9";"1";2;48;2
"32335";"202100032335";6;"20:50";"1";"94";"2";"2";"1";3;48;2
"32336";"202100032336";6;"15:50";"1";"94";"2";"1";"1";3;48;2
"32337";"202100032337";6;"04:20";"5";"94";"2";"1";"1";6;48;2
"32338";"202100032338";6;"12:00";"1";"94";"2";"1";"8";2;48;2
"32339";"202100032339";6;"18:15";"1";"94";"2";"1";"2";3;48;2
"32340";"202100032340";6;"17:10";"1";"94";"2";"1";"1";6;48;2
"32341";"202100032341";6;"15:30";"1";"93";"2";"1";"1";6;49;2
"32342";"202100032342";6;"07:30";"1";"93";"2";"2";"1";6;48;2
"32343";"202100032343";6;"18:45";"1";"93";"2";"1";"1";6;48;2
"32344";"202100032344";6;"08:40";"1";"93";"2";"1";"1";3;48;2
"32345";"202100032345";6;"16:20";"1";"93";"2";"1";"1";6;48;2
"32346";"202100032346";6;"15:40";"1";"93";"2";"3";"1";3;48;2
"32347";"202100032347";6;"01:04";"5";"93";"2";"1";"1";6;48;2
"32348";"202100032348";6;"12:00";"1";"93";"2";"2";"8";3;48;2
"32349";"202100032349";6;"16:40";"1";"93";"2";"1";"1";6;48;2
"32350";"202100032350";6;"19:19";"1";"93";"2";"6";"1";3;48;2
"32351";"202100032351";6;"21:15";"1";"93";"2";"1";"1";3;48;2
"32352";"202100032352";6;"19:00";"1";"93";"2";"1";"1";3;48;2
"32353";"202100032353";6;"17:00";"1";"93";"1";"9";"1";3;48;2
"32354";"202100032354";6;"11:15";"1";"92";"2";"9";"1";3;48;2
"32355";"202100032355";6;"06:40";"1";"92";"2";"3";"1";6;48;2
"32356";"202100032356";6;"13:15";"1";"92";"2";"3";"1";3;48;2
"32357";"202100032357";6;"22:10";"5";"92";"2";"5";"3";3;48;2
"32358";"202100032358";6;"20:45";"1";"92";"2";"1";"1";3;48;2
"32359";"202100032359";6;"16:15";"1";"92";"2";"1";"1";6;48;2
"32360";"202100032360";6;"20:10";"1";"92";"2";"3";"8";3;48;2
"32361";"202100032361";6;"01:15";"3";"24";"1";"9";"1";6;45;0
"32362";"202100032362";6;"11:58";"1";"06";"1";"1";"1";3;43;7
"32363";"202100032363";6;"17:30";"1";"76";"1";"1";"1";7;49;1
"32364";"202100032364";6;"20:30";"1";"68";"2";"1";"1";7;48;7
"32365";"202100032365";6;"08:20";"1";"64";"2";"6";"1";3;43;0
"32366";"202100032366";6;"16:49";"1";"67";"1";"1";"2";7;48;7
"32367";"202100032367";6;"13:30";"1";"67";"2";"3";"1";3;48;7
"32368";"202100032368";6;"19:45";"1";"01";"1";"1";"1";6;46;5
"32369";"202100032369";6;"17:00";"1";"43";"1";"1";"1";7;45;3
"32370";"202100032370";6;"10:45";"1";"83";"1";"1";"1";5;43;6
"32371";"202100032371";5;"18:30";"1";"83";"1";"1";"1";3;43;6
"32372";"202100032372";6;"14:45";"1";"57";"2";"9";"7";6;49;6
"32373";"202100032373";6;"23:00";"5";"51";"1";"6";"1";7;49;4
"32374";"202100032374";6;"17:30";"1";"59";"2";"1";"1";6;50;3
"32375";"202100032375";6;"18:00";"1";"19";"1";"1";"1";6;45;1
"32376";"202100032376";6;"17:30";"1";"56";"1";"1";"1";7;47;-2
"32377";"202100032377";6;"08:00";"1";"76";"1";"2";"8";3;49;1
"32378";"202100032378";6;"23:00";"3";"79";"1";"1";"1";6;46;0
"32379";"202100032379";6;"16:10";"1";"79";"1";"1";"1";6;46;0
"32380";"202100032380";6;"13:40";"1";"2A";"1";"1";"1";1;41;8
"32381";"202100032381";6;"15:15";"1";"82";"1";"2";"1";6;43;1
"32382";"202100032382";6;"15:40";"1";"65";"1";"1";"1";6;42;0
"32383";"202100032383";6;"01:30";"3";"89";"1";"1";"1";6;47;3
"32384";"202100032384";6;"20:30";"2";"61";"2";"1";"3";1;48;0
"32385";"202100032385";6;"09:50";"1";"42";"1";"1";"1";2;45;4
"32386";"202100032386";6;"15:40";"1";"42";"1";"1";"1";6;45;3
"32387";"202100032387";6;"16:30";"1";"22";"2";"9";"1";7;48;-3
"32388";"202100032388";6;"12:15";"1";"44";"1";"1";"3";1;47;-2
"32389";"202100032389";6;"22:30";"5";"02";"2";"1";"2";7;49;3
"32390";"202100032390";6;"18:20";"1";"84";"1";"1";"1";1;43;5
"32391";"202100032391";6;"14:00";"1";"03";"1";"1";"1";7;46;3
"32392";"202100032392";6;"11:49";"1";"03";"1";"1";"1";7;46;2
"32393";"202100032393";6;"11:25";"1";"15";"1";"1";"1";7;44;2
"32394";"202100032394";6;"19:20";"1";"01";"1";"9";"1";6;46;5
"32395";"202100032395";6;"19:42";"1";"70";"1";"1";"1";1;47;5
"32396";"202100032396";6;"18:20";"1";"40";"1";"2";"1";5;43;-1
"32397";"202100032397";6;"15:13";"1";"04";"1";"1";"1";7;43;6
"32398";"202100032398";6;"10:50";"1";"04";"1";"1";"1";3;44;6
"32399";"202100032399";6;"11:00";"1";"37";"1";"2";"1";3;47;0
"32400";"202100032400";6;"20:00";"1";"30";"1";"1";"1";3;43;4
"32401";"202100032401";6;"14:00";"1";"48";"1";"1";"1";7;44;3
"32402";"202100032402";6;"10:00";"1";"52";"2";"2";"1";3;47;5
"32403";"202100032403";6;"20:15";"1";"74";"2";"3";"1";1;45;6
"32404";"202100032404";6;"08:10";"1";"987";"1";"1";"7";3;-17;-149
"32405";"202100032405";6;"15:45";"1";"63";"1";"1";"1";2;45;3
"32406";"202100032406";6;"08:50";"1";"49";"1";"1";"1";6;47;0
"32407";"202100032407";6;"18:30";"1";"973";"2";"1";"1";3;5;-54
"32408";"202100032408";6;"15:20";"1";"2B";"1";"1";"1";1;42;8
"32409";"202100032409";6;"16:36";"1";"84";"1";"1";"1";2;43;4
"32410";"202100032410";6;"09:30";"1";"05";"2";"9";"1";1;44;6
"32411";"202100032411";6;"17:00";"1";"89";"1";"3";"1";3;47;3
"32412";"202100032412";6;"05:00";"3";"67";"1";"1";"1";7;48;7
"32413";"202100032413";6;"08:50";"1";"03";"2";"1";"7";6;46;3
"32414";"202100032414";6;"10:20";"1";"73";"1";"1";"1";6;45;6
"32415";"202100032415";6;"13:45";"1";"42";"1";"3";"1";3;45;4
"32416";"202100032416";6;"17:15";"1";"38";"2";"1";"1";2;45;5
"32417";"202100032417";6;"13:00";"1";"19";"1";"1";"1";3;45;1
"32418";"202100032418";6;"12:06";"1";"64";"1";"6";"1";6;43;0
"32419";"202100032419";5;"20:20";"2";"33";"1";"2";"1";3;45;0
"32420";"202100032420";6;"21:16";"2";"02";"1";"1";"1";7;49;4
"32421";"202100032421";6;"15:10";"1";"13";"2";"1";"1";6;43;5
"32422";"202100032422";6;"07:10";"1";"13";"1";"1";"1";2;43;5
"32423";"202100032423";6;"11:30";"1";"13";"1";"1";"1";2;43;5
"32424";"202100032424";6;"19:40";"1";"13";"1";"1";"1";2;43;5
"32425";"202100032425";6;"06:00";"2";"83";"1";"1";"1";6;43;6
"32426";"202100032426";6;"00:45";"5";"33";"1";"1";"1";3;44;0
"32427";"202100032427";6;"02:45";"3";"59";"1";"1";"1";6;50;3
"32428";"202100032428";6;"14:15";"1";"59";"1";"1";"1";5;50;3
"32429";"202100032429";6;"15:50";"1";"91";"1";"1";"1";2;48;2