"";"Num_Acc";"mois";"hrmn";"lum";"dep";"agg";"int";"atm";"col";"lat";"long"
"32430";"202100032430";6;"12:00";"1";"91";"1";"1";"1";2;48;2
"32431";"202100032431";6;"18:30";"1";"93";"1";"1";"1";2;48;2
"32432";"202100032432";6;"02:40";"4";"93";"1";"1";"1";2;48;2
"32433";"202100032433";6;"07:45";"1";"94";"1";"1";"1";7;48;2
"32434";"202100032434";6;"23:05";"5";"2B";"2";"1";"1";5;42;9
"32435";"202100032435";6;"16:30";"1";"83";"1";"9";"1";3;43;5
"32436";"202100032436";6;"16:05";"1";"69";"2";"2";"1";6;45;4
"32437";"202100032437";6;"16:08";"1";"65";"2";"2";"1";3;43;0
"32438";"202100032438";6;"10:20";"1";"46";"2";"9";"1";-1;44;1
"32439";"202100032439";6;"00:10";"5";"17";"2";"1";"1";6;46;-1
"32440";"202100032440";6;"02:04";"5";"75";"2";"5";"1";3;48;2
"32441";"202100032441";6;"08:00";"1";"974";"2";"9";"1";3;-20;55
"32442";"202100032442";6;"15:50";"1";"973";"2";"1";"1";3;4;-52
"32443";"202100032443";6;"17:00";"1";"69";"2";"1";"1";6;45;4
"32444";"202100032444";6;"00:35";"5";"972";"1";"1";"1";6;14;-61
"32445";"202100032445";6;"18:30";"3";"972";"1";"9";"1";6;14;-61
"32446";"202100032446";6;"17:30";"1";"69";"2";"3";"1";3;45;4
"32447";"202100032447";6;"19:40";"1";"2B";"2";"9";"1";6;42;9
"32448";"202100032448";6;"12:45";"1";"2A";"1";"1";"1";2;41;8
"32449";"202100032449";6;"19:40";"1";"95";"2";"1";"1";6;49;2
"32450";"202100032450";6;"15:45";"1";"95";"2";"1";"1";6;49;2
"32451";"202100032451";6;"10:50";"1";"95";"2";"1";"1";6;49;2
"32452";"202100032452";6;"16:20";"1";"91";"2";"1";"1";2;48;2
"32453";"202100032453";6;"14:20";"1";"91";"2";"1";"1";5;48;2
"32454";"202100032454";6;"13:20";"1";"91";"1";"9";"1";2;48;2
"32455";"202100032455";6;"09:10";"1";"91";"2";"1";"8";2;48;2
"32456";"202100032456";6;"19:30";"1";"91";"2";"1";"1";3;48;2
"32457";"202100032457";6;"07:50";"1";"91";"2";"1";"1";6;48;2
"32458";"202100032458";6;"15:50";"1";"91";"2";"1";"1";6;48;2
"32459";"202100032459";6;"18:05";"1";"91";"1";"1";"1";6;48;2
"32460";"202100032460";6;"18:15";"1";"90";"2";"1";"1";1;47;6
"32461";"202100032461";6;"13:50";"1";"87";"2";"3";"1";2;45;1
"32462";"202100032462";6;"03:00";"5";"84";"2";"1";"1";7;44;4
"32463";"202100032463";6;"07:40";"1";"83";"2";"2";"1";3;43;5
"32464";"202100032464";6;"07:40";"1";"83";"2";"1";"1";3;43;5
"32465";"202100032465";6;"17:10";"1";"82";"2";"9";"1";6;44;1
"32466";"202100032466";6;"15:40";"1";"78";"2";"1";"1";3;48;2
"32467";"202100032467";6;"23:00";"3";"77";"1";"1";"8";2;48;2
"32468";"202100032468";6;"08:00";"1";"72";"2";"1";"1";3;48;0
"32469";"202100032469";6;"09:20";"1";"69";"2";"3";"1";1;45;4
"32470";"202100032470";6;"17:30";"1";"67";"2";"3";"8";3;48;7
"32471";"202100032471";6;"17:15";"1";"67";"2";"8";"8";3;48;7
"32472";"202100032472";6;"18:05";"1";"65";"2";"1";"1";6;43;0
"32473";"202100032473";6;"09:10";"1";"65";"2";"3";"1";3;43;0
"32474";"202100032474";6;"10:38";"1";"63";"2";"1";"2";4;45;3
"32475";"202100032475";6;"04:40";"5";"59";"2";"1";"1";6;50;3
"32476";"202100032476";6;"18:05";"1";"59";"2";"1";"1";2;50;3
"32477";"202100032477";6;"20:00";"1";"59";"2";"6";"1";3;51;2
"32478";"202100032478";6;"12:47";"1";"57";"2";"1";"1";6;49;6
"32479";"202100032479";6;"19:40";"1";"56";"2";"1";"1";2;47;-3
"32480";"202100032480";6;"16:19";"1";"54";"2";"1";"1";6;48;6
"32481";"202100032481";6;"09:57";"1";"47";"2";"2";"1";3;44;0
"32482";"202100032482";6;"15:55";"1";"44";"2";"1";"1";3;47;-1
"32483";"202100032483";6;"03:45";"5";"37";"2";"2";"8";6;47;0
"32484";"202100032484";6;"18:20";"1";"37";"2";"2";"1";6;47;0
"32485";"202100032485";6;"14:30";"1";"37";"2";"2";"1";1;47;0
"32486";"202100032486";6;"12:10";"1";"37";"2";"2";"1";6;47;0
"32487";"202100032487";6;"23:30";"5";"35";"2";"1";"1";6;48;-1
"32488";"202100032488";6;"09:25";"1";"34";"1";"1";"1";3;43;3
"32489";"202100032489";6;"17:15";"1";"34";"2";"3";"1";3;43;3
"32490";"202100032490";6;"17:05";"1";"33";"2";"1";"8";6;44;0
"32491";"202100032491";6;"15:25";"1";"33";"2";"6";"1";3;44;-1
"32492";"202100032492";6;"11:25";"1";"31";"2";"1";"1";3;43;1
"32493";"202100032493";6;"18:06";"1";"27";"2";"1";"1";6;49;1
"32494";"202100032494";6;"18:50";"1";"24";"2";"1";"1";1;44;0
"32495";"202100032495";6;"16:45";"1";"22";"2";"1";"1";3;48;-2
"32496";"202100032496";6;"17:00";"1";"22";"2";"2";"1";3;48;-2
"32497";"202100032497";6;"16:55";"1";"22";"2";"1";"1";2;48;-2
"32498";"202100032498";6;"14:50";"1";"18";"2";"3";"1";3;47;2
"32499";"202100032499";6;"08:45";"1";"17";"2";"6";"1";3;45;0
"32500";"202100032500";6;"12:40";"1";"13";"2";"4";"7";3;43;5
"32501";"202100032501";6;"18:00";"1";"13";"2";"1";"1";6;43;5
"32502";"202100032502";6;"20:50";"2";"13";"2";"1";"1";2;43;5
"32503";"202100032503";6;"23:45";"5";"10";"2";"1";"1";6;48;4
"32504";"202100032504";6;"04:09";"5";"06";"2";"3";"1";3;43;7
"32505";"202100032505";6;"13:50";"1";"75";"2";"2";"1";6;48;2
"32506";"202100032506";6;"12:10";"1";"75";"2";"2";"1";6;48;2
"32507";"202100032507";6;"20:45";"1";"75";"2";"2";"1";3;48;2
"32508";"202100032508";6;"16:50";"1";"75";"2";"1";"1";7;48;2
"32509";"202100032509";6;"18:20";"1";"75";"2";"2";"1";3;48;2
"32510";"202100032510";6;"12:25";"1";"75";"2";"2";"1";6;48;2
"32511";"202100032511";6;"20:10";"1";"75";"2";"2";"1";3;48;2
"32512";"202100032512";6;"11:10";"1";"75";"2";"4";"1";3;48;2
"32513";"202100032513";6;"20:30";"1";"75";"2";"2";"1";2;48;2
"32514";"202100032514";6;"14:25";"1";"75";"2";"1";"1";4;48;2
"32515";"202100032515";6;"15:55";"1";"75";"2";"4";"1";2;48;2
"32516";"202100032516";6;"17:05";"1";"75";"2";"1";"1";3;48;2
"32517";"202100032517";6;"08:15";"1";"75";"2";"2";"2";3;48;2
"32518";"202100032518";6;"00:20";"5";"75";"2";"1";"1";6;48;2
"32519";"202100032519";6;"23:30";"5";"75";"2";"2";"1";3;48;2
"32520";"202100032520";6;"19:13";"1";"75";"2";"1";"8";2;48;2
"32521";"202100032521";6;"17:50";"1";"75";"2";"7";"1";2;48;2
"32522";"202100032522";6;"14:56";"1";"75";"2";"7";"1";6;48;2
"32523";"202100032523";6;"09:50";"1";"75";"2";"1";"1";3;48;2
"32524";"202100032524";6;"21:37";"1";"75";"2";"3";"1";6;48;2
"32525";"202100032525";6;"12:00";"1";"75";"2";"1";"1";6;48;2
"32526";"202100032526";6;"10:40";"1";"94";"2";"9";"1";3;48;2
"32527";"202100032527";6;"02:30";"5";"94";"2";"1";"1";3;48;2
"32528";"202100032528";6;"19:17";"1";"94";"2";"1";"1";7;48;2
"32529";"202100032529";6;"17:20";"1";"94";"2";"1";"1";6;48;2
"32530";"202100032530";6;"23:51";"5";"93";"2";"1";"1";2;48;2
"32531";"202100032531";6;"17:30";"1";"93";"2";"1";"1";6;48;2
"32532";"202100032532";6;"21:56";"5";"93";"2";"1";"1";6;48;2
"32533";"202100032533";6;"09:00";"1";"93";"2";"9";"1";3;48;2
"32534";"202100032534";6;"09:20";"1";"93";"2";"1";"2";1;48;2
"32535";"202100032535";6;"18:45";"1";"92";"2";"1";"1";3;48;2
"32536";"202100032536";6;"17:55";"1";"92";"2";"2";"1";6;48;2
"32537";"202100032537";6;"12:30";"1";"92";"2";"1";"1";6;48;2
"32538";"202100032538";6;"22:00";"2";"92";"2";"1";"1";3;48;2
"32539";"202100032539";6;"13:50";"1";"92";"2";"3";"1";4;48;2
"32540";"202100032540";6;"16:50";"1";"92";"2";"1";"1";3;48;2
"32541";"202100032541";6;"09:45";"1";"92";"2";"4";"1";3;48;2
"32542";"202100032542";6;"11:20";"1";"92";"2";"3";"1";3;48;2
"32543";"202100032543";6;"19:30";"1";"80";"2";"1";"1";1;50;2
"32544";"202100032544";6;"16:30";"1";"14";"1";"2";"1";3;48;0
"32545";"202100032545";6;"19:30";"1";"24";"2";"1";"1";7;45;0
"32546";"202100032546";6;"13:50";"1";"26";"1";"3";"2";3;45;4
"32547";"202100032547";6;"20:36";"2";"10";"1";"1";"1";2;48;4
"32548";"202100032548";6;"04:00";"3";"26";"1";"1";"1";2;44;4
"32549";"202100032549";6;"21:45";"3";"63";"1";"1";"1";7;45;3
"32550";"202100032550";6;"12:30";"1";"83";"1";"9";"1";6;43;6
"32551";"202100032551";6;"16:45";"1";"35";"1";"1";"1";6;47;-1
"32552";"202100032552";6;"16:35";"1";"42";"1";"1";"1";2;45;4
"32553";"202100032553";6;"13:50";"1";"63";"1";"1";"1";6;45;2
"32554";"202100032554";6;"06:05";"3";"30";"1";"6";"1";6;44;4
"32555";"202100032555";6;"19:30";"1";"30";"1";"1";"8";6;44;4
"32556";"202100032556";6;"00:20";"5";"51";"2";"1";"1";7;49;4
"32557";"202100032557";4;"19:30";"1";"19";"1";"9";"1";3;45;1
"32558";"202100032558";6;"16:00";"1";"79";"1";"2";"1";3;46;0
"32559";"202100032559";6;"16:16";"1";"2B";"1";"1";"1";7;42;8
"32560";"202100032560";6;"01:30";"5";"80";"2";"1";"1";6;49;2
"32561";"202100032561";6;"08:23";"1";"69";"1";"1";"2";1;46;4
"32562";"202100032562";6;"10:30";"1";"63";"2";"1";"1";3;46;3
"32563";"202100032563";6;"11:00";"1";"49";"1";"1";"1";6;47;0
"32564";"202100032564";6;"06:55";"1";"39";"1";"1";"1";1;46;5
"32565";"202100032565";6;"14:22";"1";"29";"1";"2";"2";3;48;-4
"32566";"202100032566";6;"20:01";"1";"01";"1";"1";"1";1;46;5
"32567";"202100032567";6;"10:15";"1";"01";"2";"2";"1";3;46;4
"32568";"202100032568";6;"12:20";"1";"58";"2";"1";"1";6;46;3
"32569";"202100032569";6;"10:30";"1";"54";"1";"1";"1";1;48;5
"32570";"202100032570";6;"07:35";"1";"06";"2";"6";"1";3;43;6
"32571";"202100032571";6;"16:30";"1";"50";"1";"1";"1";2;49;-1
"32572";"202100032572";6;"18:45";"1";"60";"1";"1";"1";1;49;2
"32573";"202100032573";6;"06:15";"2";"60";"2";"1";"1";2;49;1
"32574";"202100032574";6;"19:15";"1";"60";"1";"1";"1";7;49;1
"32575";"202100032575";6;"01:10";"5";"64";"2";"4";"1";7;43;-1
"32576";"202100032576";6;"23:15";"3";"18";"1";"1";"1";6;47;2
"32577";"202100032577";6;"01:00";"3";"07";"1";"1";"1";6;44;4
"32578";"202100032578";6;"18:15";"1";"07";"1";"1";"1";7;44;4
"32579";"202100032579";6;"18:00";"1";"24";"1";"1";"1";7;45;1
"32580";"202100032580";6;"16:40";"1";"24";"1";"1";"7";6;45;1
"32581";"202100032581";6;"07:44";"1";"17";"1";"2";"8";3;46;0
"32582";"202100032582";6;"22:45";"3";"17";"2";"1";"1";3;45;-1
"32583";"202100032583";6;"06:40";"1";"30";"1";"3";"1";6;43;4
"32584";"202100032584";6;"17:45";"1";"30";"2";"1";"1";3;43;4
"32585";"202100032585";6;"17:40";"1";"30";"2";"9";"1";3;43;3
"32586";"202100032586";6;"17:20";"1";"52";"1";"1";"1";2;48;4
"32587";"202100032587";6;"15:45";"1";"08";"2";"1";"1";6;49;5
"32588";"202100032588";6;"09:40";"1";"08";"2";"9";"2";6;49;5
"32589";"202100032589";6;"18:35";"1";"08";"2";"1";"1";2;49;5
"32590";"202100032590";6;"12:09";"1";"88";"1";"2";"1";3;48;5
"32591";"202100032591";6;"10:30";"1";"67";"2";"1";"1";6;48;7
"32592";"202100032592";6;"18:40";"1";"06";"2";"1";"1";3;43;6
"32593";"202100032593";6;"16:35";"1";"39";"1";"1";"1";7;46;5
"32594";"202100032594";6;"17:00";"1";"85";"2";"1";"1";6;46;-1
"32595";"202100032595";6;"22:55";"3";"67";"1";"9";"1";6;48;7
"32596";"202100032596";6;"15:27";"1";"06";"1";"1";"1";5;43;7
"32597";"202100032597";6;"10:05";"1";"30";"1";"1";"1";2;43;4
"32598";"202100032598";6;"09:50";"1";"30";"1";"1";"1";4;43;4
"32599";"202100032599";6;"18:40";"3";"987";"1";"1";"2";3;-17;-149
"32600";"202100032600";6;"19:00";"1";"971";"2";"1";"1";1;16;-61
"32601";"202100032601";6;"16:08";"1";"77";"1";"2";"1";3;49;2
"32602";"202100032602";6;"12:50";"1";"77";"2";"1";"1";7;48;2
"32603";"202100032603";6;"21:30";"2";"30";"1";"1";"1";7;44;3
"32604";"202100032604";6;"22:30";"3";"67";"1";"6";"1";6;48;7
"32605";"202100032605";6;"16:30";"1";"73";"1";"1";"1";6;45;6
"32606";"202100032606";6;"23:45";"5";"07";"2";"1";"1";6;44;4
"32607";"202100032607";6;"19:00";"1";"69";"2";"3";"1";1;45;4
"32608";"202100032608";6;"12:45";"1";"19";"1";"1";"1";6;45;1
"32609";"202100032609";6;"18:00";"1";"33";"2";"1";"1";7;44;0
"32610";"202100032610";6;"20:00";"1";"72";"1";"1";"1";3;47;0
"32611";"202100032611";6;"13:45";"1";"14";"2";"1";"1";2;48;0
"32612";"202100032612";6;"05:10";"2";"27";"1";"1";"1";1;49;1
"32613";"202100032613";6;"09:00";"1";"13";"1";"1";"1";2;43;5
"32614";"202100032614";6;"08:20";"1";"13";"1";"1";"1";2;43;5
"32615";"202100032615";6;"21:20";"2";"13";"1";"1";"1";1;43;5
"32616";"202100032616";6;"17:00";"1";"91";"1";"1";"1";2;48;2
"32617";"202100032617";6;"14:15";"1";"91";"1";"9";"1";6;48;2
"32618";"202100032618";6;"19:00";"1";"92";"1";"1";"1";5;48;2
"32619";"202100032619";6;"10:00";"1";"95";"1";"1";"1";3;48;2
"32620";"202100032620";6;"17:00";"1";"93";"1";"1";"1";4;48;2
"32621";"202100032621";6;"00:50";"3";"93";"1";"1";"1";6;48;2
"32622";"202100032622";6;"01:10";"3";"93";"1";"1";"1";2;48;2
"32623";"202100032623";6;"00:30";"3";"93";"1";"1";"1";4;48;2
"32624";"202100032624";6;"19:30";"1";"93";"1";"1";"1";3;48;2
"32625";"202100032625";6;"15:00";"1";"95";"1";"1";"1";6;49;2
"32626";"202100032626";6;"11:30";"1";"93";"1";"1";"1";2;48;2
"32627";"202100032627";6;"08:20";"1";"94";"1";"1";"1";4;48;2
"32628";"202100032628";6;"23:35";"5";"94";"1";"1";"1";7;48;2
"32629";"202100032629";4;"17:05";"1";"29";"1";"1";"1";1;48;-4
"32630";"202100032630";6;"07:30";"1";"976";"2";"9";"1";6;-12;45
"32631";"202100032631";6;"14:05";"1";"89";"2";"1";"1";6;47;3
"32632";"202100032632";6;"18:30";"1";"33";"2";"3";"8";6;44;-1
"32633";"202100032633";6;"19:10";"1";"29";"2";"3";"1";6;48;-4
"32634";"202100032634";6;"10:30";"1";"974";"2";"1";"2";6;-20;55
"32635";"202100032635";6;"10:50";"1";"974";"1";"1";"1";2;-20;55
"32636";"202100032636";6;"07:00";"1";"974";"1";"9";"2";1;-20;55
"32637";"202100032637";6;"10:50";"1";"69";"2";"2";"1";2;45;4
"32638";"202100032638";6;"11:50";"1";"69";"2";"2";"1";6;45;4
"32639";"202100032639";6;"19:28";"3";"972";"1";"1";"1";6;14;-61
"32640";"202100032640";6;"23:30";"5";"69";"2";"4";"8";7;45;4
"32641";"202100032641";6;"10:25";"1";"69";"2";"7";"1";6;45;4
"32642";"202100032642";6;"01:25";"5";"95";"2";"1";"1";3;48;2
"32643";"202100032643";6;"13:30";"1";"91";"2";"1";"1";6;48;2
"32644";"202100032644";6;"16:15";"1";"91";"1";"1";"1";7;48;2
"32645";"202100032645";6;"16:50";"1";"84";"1";"1";"1";3;44;5
"32646";"202100032646";6;"00:20";"5";"83";"1";"1";"1";3;43;5
"32647";"202100032647";6;"16:59";"1";"83";"1";"1";"1";7;43;6
"32648";"202100032648";6;"08:15";"1";"80";"2";"1";"1";2;49;2
"32649";"202100032649";6;"12:07";"1";"80";"2";"1";"1";3;49;2
"32650";"202100032650";6;"08:30";"1";"80";"2";"1";"1";6;49;2
"32651";"202100032651";6;"18:04";"1";"80";"1";"6";"1";2;49;2
"32652";"202100032652";6;"21:05";"1";"80";"2";"1";"1";6;49;2
"32653";"202100032653";6;"21:38";"2";"76";"2";"1";"1";2;49;1
"32654";"202100032654";6;"17:40";"1";"72";"2";"1";"1";2;47;0
"32655";"202100032655";6;"15:15";"1";"72";"2";"1";"1";6;48;0
"32656";"202100032656";6;"19:30";"1";"71";"1";"2";"1";3;46;4
"32657";"202100032657";6;"11:10";"1";"69";"2";"3";"1";3;45;4
"32658";"202100032658";6;"09:07";"1";"69";"2";"9";"1";6;45;4
"32659";"202100032659";6;"22:34";"5";"67";"2";"8";"1";3;48;7
"32660";"202100032660";6;"19:30";"1";"64";"2";"6";"3";7;43;-1
"32661";"202100032661";6;"13:00";"1";"64";"2";"2";"3";3;43;-1
"32662";"202100032662";6;"17:44";"1";"63";"2";"1";"1";6;45;3
"32663";"202100032663";6;"08:04";"1";"63";"2";"3";"2";3;45;3
"32664";"202100032664";6;"16:40";"1";"56";"2";"4";"1";3;47;-3
"32665";"202100032665";6;"07:50";"1";"55";"2";"3";"1";3;49;5
"32666";"202100032666";6;"13:00";"1";"55";"2";"3";"1";7;49;5
"32667";"202100032667";6;"08:20";"1";"50";"2";"4";"2";6;49;-1
"32668";"202100032668";6;"08:47";"1";"49";"2";"1";"1";7;47;0
"32669";"202100032669";6;"17:00";"1";"35";"2";"3";"1";6;48;-1
"32670";"202100032670";6;"14:45";"1";"35";"2";"3";"1";3;48;-1
"32671";"202100032671";6;"10:45";"1";"34";"2";"1";"1";3;43;3
"32672";"202100032672";6;"10:00";"1";"33";"2";"1";"1";6;44;0
"32673";"202100032673";6;"19:20";"1";"29";"1";"1";"2";6;47;-4
"32674";"202100032674";6;"18:02";"1";"29";"2";"1";"1";3;47;-4
"32675";"202100032675";6;"17:15";"1";"28";"2";"1";"1";1;48;1
"32676";"202100032676";6;"08:50";"1";"26";"2";"1";"1";3;44;4
"32677";"202100032677";6;"12:30";"1";"26";"2";"1";"1";3;44;4
"32678";"202100032678";6;"16:12";"1";"25";"2";"2";"3";6;47;6
"32679";"202100032679";6;"15:45";"1";"18";"2";"1";"1";1;47;2
"32680";"202100032680";6;"18:00";"1";"13";"2";"9";"1";3;43;5
"32681";"202100032681";6;"14:35";"1";"13";"2";"1";"1";3;43;5
"32682";"202100032682";6;"13:04";"1";"13";"2";"1";"1";3;43;5
"32683";"202100032683";6;"21:05";"2";"13";"2";"7";"1";6;43;5
"32684";"202100032684";6;"07:05";"1";"13";"2";"1";"1";3;43;5
"32685";"202100032685";6;"21:48";"5";"13";"2";"1";"1";3;43;5
"32686";"202100032686";6;"01:00";"5";"13";"2";"1";"1";1;43;5
"32687";"202100032687";6;"08:30";"1";"13";"2";"1";"1";3;43;5
"32688";"202100032688";6;"11:25";"1";"06";"2";"1";"1";2;43;6
"32689";"202100032689";6;"10:15";"1";"05";"2";"1";"1";7;44;6
"32690";"202100032690";6;"12:50";"1";"01";"2";"2";"1";6;46;5
"32691";"202100032691";6;"16:50";"1";"75";"2";"1";"1";3;48;2
"32692";"202100032692";6;"11:00";"1";"75";"2";"1";"8";3;48;2
"32693";"202100032693";6;"07:20";"1";"75";"2";"1";"8";3;48;2
"32694";"202100032694";6;"18:00";"1";"75";"2";"4";"1";4;48;2
"32695";"202100032695";6;"22:25";"5";"75";"2";"1";"8";2;48;2
"32696";"202100032696";6;"20:30";"2";"75";"2";"1";"1";6;48;2
"32697";"202100032697";6;"14:58";"1";"75";"2";"3";"1";3;48;2
"32698";"202100032698";6;"12:56";"1";"75";"2";"3";"8";2;48;2
"32699";"202100032699";6;"18:40";"1";"75";"2";"3";"1";2;48;2
"32700";"202100032700";6;"20:45";"1";"75";"2";"2";"1";3;48;2
"32701";"202100032701";6;"09:35";"1";"75";"2";"2";"1";3;48;2
"32702";"202100032702";6;"23:09";"5";"75";"2";"2";"1";3;48;2
"32703";"202100032703";6;"10:50";"1";"75";"2";"1";"1";2;48;2
"32704";"202100032704";6;"06:25";"2";"75";"2";"2";"1";3;48;2
"32705";"202100032705";6;"10:05";"1";"75";"2";"1";"1";7;48;2
"32706";"202100032706";6;"08:25";"1";"75";"2";"3";"2";3;48;2
"32707";"202100032707";6;"17:45";"1";"75";"2";"3";"8";6;48;2
"32708";"202100032708";6;"17:25";"1";"94";"2";"1";"1";3;48;2
"32709";"202100032709";6;"14:10";"1";"94";"2";"1";"1";1;48;2
"32710";"202100032710";6;"18:30";"1";"94";"2";"9";"8";3;48;2
"32711";"202100032711";6;"20:40";"1";"94";"2";"1";"1";6;48;2
"32712";"202100032712";6;"20:30";"1";"94";"2";"1";"1";6;48;2
"32713";"202100032713";6;"20:30";"1";"94";"2";"1";"3";2;48;2
"32714";"202100032714";6;"18:50";"1";"94";"2";"1";"1";2;48;2
"32715";"202100032715";6;"18:05";"1";"94";"2";"1";"1";3;48;2
"32716";"202100032716";6;"16:50";"1";"93";"2";"1";"8";6;48;2
"32717";"202100032717";6;"19:00";"1";"93";"2";"3";"1";3;48;2
"32718";"202100032718";6;"10:55";"1";"93";"2";"2";"1";3;48;2
"32719";"202100032719";6;"09:30";"1";"93";"2";"2";"8";3;48;2
"32720";"202100032720";6;"23:00";"5";"93";"2";"9";"1";1;48;2
"32721";"202100032721";6;"02:30";"5";"92";"2";"1";"1";6;48;2
"32722";"202100032722";6;"17:50";"1";"92";"2";"2";"1";3;48;2
"32723";"202100032723";6;"06:45";"2";"92";"2";"2";"8";2;48;2
"32724";"202100032724";6;"19:30";"1";"92";"2";"9";"1";6;48;2
"32725";"202100032725";6;"10:45";"1";"92";"2";"1";"1";6;48;2
"32726";"202100032726";6;"18:21";"1";"92";"2";"3";"1";3;48;2
"32727";"202100032727";6;"21:20";"1";"92";"2";"2";"1";3;48;2
"32728";"202100032728";6;"15:40";"1";"92";"2";"1";"1";1;48;2
"32729";"202100032729";6;"06:30";"3";"974";"1";"1";"1";7;-21;55
"32730";"202100032730";6;"01:25";"3";"38";"1";"1";"8";6;45;5
"32731";"202100032731";6;"17:20";"1";"63";"1";"1";"2";7;46;3
"32732";"202100032732";6;"02:30";"3";"63";"1";"1";"1";6;46;3
"32733";"202100032733";6;"06:45";"2";"28";"1";"1";"8";1;48;1
"32734";"202100032734";6;"17:25";"1";"01";"1";"1";"1";6;45;4
"32735";"202100032735";6;"15:15";"1";"21";"1";"1";"1";1;47;4
"32736";"202100032736";6;"13:25";"1";"22";"1";"1";"1";2;48;-2
"32737";"202100032737";6;"18:40";"2";"974";"2";"1";"1";3;-21;55
"32738";"202100032738";6;"01:15";"3";"57";"1";"1";"1";7;49;5
"32739";"202100032739";6;"18:45";"1";"19";"1";"1";"1";1;45;1
"32740";"202100032740";6;"13:40";"1";"56";"1";"2";"1";4;47;-2
"32741";"202100032741";6;"10:20";"1";"56";"1";"1";"1";6;47;-3
"32742";"202100032742";6;"17:15";"1";"79";"1";"1";"1";5;46;0
"32743";"202100032743";6;"20:00";"2";"2B";"1";"1";"1";1;42;9
"32744";"202100032744";6;"00:00";"5";"69";"2";"3";"1";7;45;4
"32745";"202100032745";6;"21:05";"2";"32";"2";"3";"1";6;43;0
"32746";"202100032746";6;"11:20";"1";"32";"2";"2";"2";3;43;0
"32747";"202100032747";6;"10:30";"1";"63";"1";"1";"1";1;45;3
"32748";"202100032748";6;"15:50";"1";"63";"2";"1";"3";5;45;3
"32749";"202100032749";6;"11:00";"1";"63";"1";"2";"1";3;45;3
"32750";"202100032750";6;"14:05";"1";"61";"1";"1";"1";7;48;0
"32751";"202100032751";6;"13:30";"1";"42";"1";"1";"1";7;45;4
"32752";"202100032752";6;"09:50";"1";"46";"1";"1";"2";3;44;1
"32753";"202100032753";6;"14:55";"1";"41";"2";"1";"1";6;47;2
"32754";"202100032754";6;"09:34";"1";"29";"1";"1";"1";6;48;-4
"32755";"202100032755";6;"17:00";"1";"22";"1";"2";"2";3;48;-3
"32756";"202100032756";6;"10:00";"1";"25";"1";"1";"1";2;47;6
"32757";"202100032757";6;"16:50";"1";"38";"2";"1";"2";6;44;5
"32758";"202100032758";6;"08:50";"1";"58";"2";"1";"1";6;47;3
"32759";"202100032759";6;"12:45";"1";"72";"1";"1";"1";6;47;0
"32760";"202100032760";6;"10:15";"1";"06";"1";"1";"1";3;43;7
"32761";"202100032761";6;"06:00";"1";"14";"1";"2";"1";3;49;0
"32762";"202100032762";6;"13:00";"1";"14";"1";"1";"1";3;49;0
"32763";"202100032763";6;"14:00";"1";"14";"1";"1";"1";6;49;0
"32764";"202100032764";6;"18:45";"1";"83";"1";"1";"1";6;43;6
"32765";"202100032765";6;"12:10";"1";"16";"1";"1";"1";1;45;0
"32766";"202100032766";6;"18:45";"1";"04";"2";"1";"1";3;43;6
"32767";"202100032767";6;"07:30";"1";"85";"1";"2";"1";3;46;0
"32768";"202100032768";6;"19:30";"1";"28";"2";"1";"1";7;48;1
"32769";"202100032769";6;"16:50";"1";"72";"1";"1";"1";7;48;0
"32770";"202100032770";6;"15:30";"1";"02";"1";"1";"1";2;49;3
"32771";"202100032771";6;"17:40";"1";"13";"1";"1";"1";2;43;5
"32772";"202100032772";6;"10:00";"1";"01";"1";"1";"1";6;46;5
"32773";"202100032773";6;"10:00";"1";"973";"2";"1";"2";1;4;-52
"32774";"202100032774";6;"08:00";"1";"13";"1";"1";"1";2;43;5
"32775";"202100032775";6;"16:53";"1";"13";"1";"9";"1";6;43;5
"32776";"202100032776";6;"08:50";"1";"36";"1";"1";"1";4;46;1
"32777";"202100032777";6;"12:43";"1";"977";"1";"1";"1";3;17;-62
"32778";"202100032778";6;"14:00";"1";"78";"2";"1";"1";6;48;1
"32779";"202100032779";6;"16:40";"1";"78";"2";"1";"1";7;48;1
"32780";"202100032780";6;"18:30";"1";"34";"1";"1";"1";1;43;3
"32781";"202100032781";6;"10:30";"1";"05";"2";"7";"1";6;44;5
"32782";"202100032782";6;"18:50";"1";"05";"1";"1";"1";6;44;5
"32783";"202100032783";6;"19:10";"1";"13";"1";"1";"1";1;43;5
"32784";"202100032784";6;"17:05";"1";"13";"1";"9";"1";3;43;5
"32785";"202100032785";6;"12:00";"1";"89";"2";"6";"1";3;47;3
"32786";"202100032786";6;"10:25";"1";"88";"2";"2";"3";3;48;5
"32787";"202100032787";6;"13:00";"1";"73";"1";"1";"1";6;45;6
"32788";"202100032788";6;"17:20";"1";"38";"2";"4";"1";3;45;5
"32789";"202100032789";6;"04:50";"3";"09";"1";"1";"1";1;42;1
"32790";"202100032790";6;"09:30";"1";"31";"2";"1";"2";7;43;1
"32791";"202100032791";6;"16:35";"1";"64";"2";"6";"1";3;43;0
"32792";"202100032792";6;"00:15";"5";"60";"2";"4";"1";6;49;2
"32793";"202100032793";6;"03:30";"3";"62";"1";"1";"2";3;50;2
"32794";"202100032794";6;"23:45";"3";"59";"2";"1";"1";6;50;2