"";"Num_Acc";"mois";"hrmn";"lum";"dep";"agg";"int";"atm";"col";"lat";"long"
"32795";"202100032795";6;"18:35";"1";"59";"1";"1";"1";7;50;2
"32796";"202100032796";6;"20:45";"1";"33";"1";"1";"2";2;44;0
"32797";"202100032797";6;"07:35";"1";"33";"1";"1";"1";6;44;0
"32798";"202100032798";6;"20:05";"1";"91";"1";"1";"3";5;48;2
"32799";"202100032799";6;"13:30";"1";"91";"1";"1";"1";3;48;2
"32800";"202100032800";6;"05:50";"2";"91";"1";"1";"1";2;48;2
"32801";"202100032801";6;"19:00";"1";"78";"1";"1";"8";6;48;2
"32802";"202100032802";6;"09:15";"1";"94";"1";"1";"1";2;48;2
"32803";"202100032803";6;"02:00";"4";"94";"1";"1";"1";3;48;2
"32804";"202100032804";6;"03:39";"5";"17";"2";"6";"1";2;46;-1
"32805";"202100032805";6;"01:41";"5";"44";"2";"1";"1";6;47;-1
"32806";"202100032806";6;"18:15";"1";"05";"2";"1";"1";7;44;6
"32807";"202100032807";6;"23:40";"5";"93";"2";"2";"1";3;48;2
"32808";"202100032808";6;"17:40";"5";"988";"2";"1";"1";6;-22;166
"32809";"202100032809";6;"14:15";"1";"988";"2";"3";"1";3;-22;166
"32810";"202100032810";6;"07:00";"1";"974";"1";"3";"1";3;-21;55
"32811";"202100032811";6;"16:50";"1";"974";"2";"1";"1";3;-21;55
"32812";"202100032812";6;"16:07";"1";"974";"2";"1";"1";5;-20;55
"32813";"202100032813";6;"18:00";"1";"974";"2";"9";"1";7;-20;55
"32814";"202100032814";6;"06:55";"1";"973";"2";"1";"1";3;4;-52
"32815";"202100032815";6;"00:35";"3";"973";"2";"1";"1";2;4;-52
"32816";"202100032816";6;"03:40";"3";"972";"1";"5";"2";6;14;-61
"32817";"202100032817";6;"22:00";"3";"972";"1";"1";"1";3;14;-61
"32818";"202100032818";6;"21:20";"2";"69";"2";"3";"2";1;45;4
"32819";"202100032819";6;"10:35";"1";"69";"2";"1";"1";6;45;4
"32820";"202100032820";6;"18:00";"1";"95";"2";"1";"8";2;48;2
"32821";"202100032821";6;"14:15";"1";"95";"2";"1";"3";6;49;2
"32822";"202100032822";6;"14:52";"1";"95";"2";"1";"3";6;48;2
"32823";"202100032823";6;"10:55";"1";"91";"2";"2";"1";3;48;2
"32824";"202100032824";6;"20:25";"1";"89";"2";"4";"1";3;47;3
"32825";"202100032825";6;"10:54";"1";"87";"2";"1";"1";3;45;1
"32826";"202100032826";6;"09:38";"1";"87";"1";"1";"1";2;45;1
"32827";"202100032827";6;"17:29";"1";"87";"2";"1";"1";6;45;1
"32828";"202100032828";6;"19:04";"1";"87";"1";"1";"2";6;45;1
"32829";"202100032829";6;"18:07";"1";"87";"2";"3";"2";4;45;1
"32830";"202100032830";6;"01:20";"4";"85";"2";"1";"1";1;46;-1
"32831";"202100032831";6;"17:50";"1";"83";"2";"1";"1";2;43;5
"32832";"202100032832";6;"12:15";"1";"83";"1";"1";"2";5;43;6
"32833";"202100032833";6;"08:20";"1";"80";"1";"1";"1";2;49;2
"32834";"202100032834";6;"18:06";"1";"80";"2";"1";"1";3;49;2
"32835";"202100032835";6;"15:17";"1";"80";"2";"2";"1";3;49;2
"32836";"202100032836";6;"13:20";"1";"80";"2";"1";"1";2;49;2
"32837";"202100032837";6;"16:10";"1";"79";"2";"1";"3";7;46;0
"32838";"202100032838";6;"16:35";"1";"79";"2";"2";"3";3;46;0
"32839";"202100032839";6;"14:35";"1";"78";"2";"6";"1";3;48;2
"32840";"202100032840";6;"17:55";"1";"78";"2";"1";"1";6;48;2
"32841";"202100032841";6;"12:50";"1";"78";"1";"1";"3";5;48;2
"32842";"202100032842";6;"20:29";"1";"69";"1";"2";"1";5;45;4
"32843";"202100032843";6;"17:46";"1";"68";"1";"1";"8";4;47;7
"32844";"202100032844";6;"17:59";"1";"68";"2";"3";"1";3;48;7
"32845";"202100032845";6;"10:15";"1";"68";"2";"1";"1";3;48;7
"32846";"202100032846";6;"17:30";"1";"67";"2";"3";"8";3;48;7
"32847";"202100032847";6;"15:15";"1";"67";"2";"3";"1";2;48;7
"32848";"202100032848";6;"09:05";"1";"66";"1";"1";"1";4;42;2
"32849";"202100032849";6;"08:00";"1";"66";"1";"1";"1";2;42;2
"32850";"202100032850";6;"11:20";"1";"66";"2";"1";"8";6;42;2
"32851";"202100032851";6;"22:33";"5";"66";"2";"1";"1";6;42;2
"32852";"202100032852";6;"17:14";"1";"66";"2";"1";"1";3;42;2
"32853";"202100032853";6;"14:53";"1";"66";"2";"1";"1";3;42;2
"32854";"202100032854";6;"11:25";"1";"64";"2";"1";"1";2;43;-1
"32855";"202100032855";6;"08:20";"1";"64";"2";"1";"1";3;43;0
"32856";"202100032856";6;"13:25";"1";"64";"2";"1";"2";3;43;-1
"32857";"202100032857";6;"15:21";"1";"64";"2";"1";"2";7;43;-1
"32858";"202100032858";6;"13:55";"1";"64";"2";"1";"2";1;43;-1
"32859";"202100032859";6;"11:14";"1";"64";"2";"1";"2";4;43;-1
"32860";"202100032860";6;"10:05";"1";"64";"2";"1";"1";3;43;-1
"32861";"202100032861";6;"21:46";"1";"63";"2";"2";"1";3;45;3
"32862";"202100032862";6;"18:40";"1";"62";"2";"1";"1";3;50;2
"32863";"202100032863";6;"19:00";"1";"59";"2";"3";"2";3;50;3
"32864";"202100032864";6;"11:45";"1";"56";"2";"1";"1";6;47;-3
"32865";"202100032865";6;"21:30";"2";"56";"2";"1";"1";6;47;-3
"32866";"202100032866";6;"17:05";"1";"56";"2";"1";"1";6;47;-3
"32867";"202100032867";6;"07:15";"1";"54";"1";"1";"1";5;48;6
"32868";"202100032868";6;"14:22";"1";"54";"2";"2";"1";3;48;6
"32869";"202100032869";6;"22:25";"5";"54";"2";"1";"1";2;48;6
"32870";"202100032870";6;"08:45";"1";"54";"2";"1";"1";3;48;6
"32871";"202100032871";6;"13:15";"1";"54";"2";"1";"1";6;48;6
"32872";"202100032872";6;"11:45";"1";"51";"2";"3";"2";7;49;4
"32873";"202100032873";6;"05:00";"2";"51";"2";"1";"1";7;49;4
"32874";"202100032874";6;"16:00";"1";"51";"2";"1";"1";3;49;4
"32875";"202100032875";6;"11:51";"1";"49";"2";"5";"1";3;47;0
"32876";"202100032876";6;"22:58";"4";"45";"2";"2";"1";3;47;1
"32877";"202100032877";6;"13:30";"1";"45";"2";"1";"1";2;47;1
"32878";"202100032878";6;"02:45";"3";"44";"1";"1";"1";4;47;-1
"32879";"202100032879";6;"22:00";"5";"37";"2";"1";"3";2;47;0
"32880";"202100032880";6;"05:30";"2";"37";"2";"9";"1";6;47;0
"32881";"202100032881";6;"22:40";"5";"35";"2";"6";"2";6;48;-1
"32882";"202100032882";6;"18:55";"1";"33";"2";"1";"1";2;44;0
"32883";"202100032883";6;"10:50";"1";"33";"2";"9";"2";5;44;0
"32884";"202100032884";6;"14:00";"1";"31";"1";"1";"1";3;43;1
"32885";"202100032885";6;"09:05";"1";"31";"2";"1";"1";6;43;1
"32886";"202100032886";6;"09:33";"1";"29";"2";"6";"1";3;48;-4
"32887";"202100032887";6;"07:35";"2";"27";"2";"3";"2";3;49;1
"32888";"202100032888";6;"15:30";"1";"26";"2";"2";"1";3;44;4
"32889";"202100032889";6;"06:50";"1";"25";"2";"6";"2";3;47;5
"32890";"202100032890";6;"19:00";"1";"18";"2";"1";"1";1;47;2
"32891";"202100032891";6;"02:00";"5";"13";"2";"1";"1";2;43;5
"32892";"202100032892";6;"02:00";"5";"13";"2";"1";"1";2;43;5
"32893";"202100032893";6;"15:10";"1";"11";"1";"1";"1";2;43;2
"32894";"202100032894";6;"01:56";"5";"06";"2";"3";"1";2;43;7
"32895";"202100032895";6;"12:15";"1";"06";"2";"9";"1";6;43;7
"32896";"202100032896";6;"23:11";"5";"02";"2";"1";"1";6;49;3
"32897";"202100032897";6;"17:15";"1";"75";"2";"1";"1";3;48;2
"32898";"202100032898";6;"04:12";"5";"75";"2";"1";"1";6;48;2
"32899";"202100032899";6;"18:25";"1";"75";"2";"4";"1";6;48;2
"32900";"202100032900";6;"00:30";"4";"75";"2";"2";"1";6;48;2
"32901";"202100032901";6;"23:20";"5";"75";"2";"1";"1";2;48;2
"32902";"202100032902";6;"19:50";"2";"75";"2";"1";"8";3;48;2
"32903";"202100032903";6;"16:45";"1";"75";"2";"7";"1";3;48;2
"32904";"202100032904";6;"15:30";"1";"75";"2";"4";"8";3;48;2
"32905";"202100032905";6;"11:27";"1";"75";"2";"2";"8";1;48;2
"32906";"202100032906";6;"12:40";"1";"75";"2";"4";"1";3;48;2
"32907";"202100032907";6;"18:40";"1";"75";"2";"2";"1";3;48;2
"32908";"202100032908";6;"15:50";"1";"75";"2";"1";"8";3;48;2
"32909";"202100032909";6;"11:50";"1";"75";"2";"2";"1";3;48;2
"32910";"202100032910";6;"23:20";"5";"75";"2";"1";"1";3;48;2
"32911";"202100032911";6;"17:55";"1";"75";"2";"1";"1";6;48;2
"32912";"202100032912";6;"12:10";"1";"75";"2";"3";"1";3;48;2
"32913";"202100032913";6;"20:20";"1";"94";"2";"1";"1";3;48;2
"32914";"202100032914";6;"16:55";"1";"94";"2";"1";"2";3;48;2
"32915";"202100032915";6;"14:00";"1";"94";"2";"2";"2";3;48;2
"32916";"202100032916";6;"17:45";"1";"94";"2";"1";"8";1;48;2
"32917";"202100032917";6;"13:15";"1";"94";"2";"9";"1";2;48;2
"32918";"202100032918";6;"18:35";"1";"94";"2";"1";"1";2;48;2
"32919";"202100032919";6;"06:10";"2";"94";"2";"1";"1";3;48;2
"32920";"202100032920";6;"17:50";"1";"94";"2";"1";"1";3;48;2
"32921";"202100032921";6;"17:10";"1";"93";"1";"4";"2";1;48;2
"32922";"202100032922";6;"09:20";"1";"93";"2";"3";"1";4;48;2
"32923";"202100032923";6;"08:00";"1";"93";"2";"5";"1";3;48;2
"32924";"202100032924";6;"02:40";"5";"93";"2";"2";"1";6;48;2
"32925";"202100032925";6;"20:00";"1";"93";"2";"1";"1";6;48;2
"32926";"202100032926";6;"13:42";"1";"93";"2";"1";"3";1;48;2
"32927";"202100032927";6;"14:30";"1";"93";"2";"3";"2";3;48;2
"32928";"202100032928";6;"08:00";"1";"93";"2";"1";"1";2;48;2
"32929";"202100032929";6;"14:40";"1";"93";"2";"2";"3";6;48;2
"32930";"202100032930";6;"10:55";"1";"93";"2";"3";"2";6;48;2
"32931";"202100032931";6;"14:45";"1";"93";"2";"1";"2";6;48;2
"32932";"202100032932";6;"01:40";"5";"93";"2";"1";"1";6;48;2
"32933";"202100032933";6;"11:30";"1";"93";"2";"1";"1";2;48;2
"32934";"202100032934";6;"13:20";"1";"93";"2";"1";"2";4;48;2
"32935";"202100032935";6;"20:15";"1";"93";"2";"1";"1";2;48;2
"32936";"202100032936";6;"11:30";"1";"92";"2";"1";"3";5;48;2
"32937";"202100032937";6;"11:48";"1";"92";"2";"1";"1";6;48;2
"32938";"202100032938";6;"17:15";"1";"92";"2";"7";"1";5;48;2
"32939";"202100032939";6;"23:15";"5";"92";"2";"1";"1";1;48;2
"32940";"202100032940";6;"01:37";"5";"92";"2";"1";"1";6;48;2
"32941";"202100032941";6;"08:00";"1";"92";"2";"3";"1";3;48;2
"32942";"202100032942";6;"05:50";"2";"92";"2";"2";"1";3;48;2
"32943";"202100032943";6;"21:15";"2";"92";"2";"3";"8";3;48;2
"32944";"202100032944";6;"19:55";"1";"92";"2";"3";"8";3;48;2
"32945";"202100032945";6;"18:45";"2";"92";"2";"1";"8";3;48;2
"32946";"202100032946";6;"18:50";"1";"92";"2";"2";"1";6;48;2
"32947";"202100032947";6;"20:10";"1";"52";"1";"3";"1";3;48;4
"32948";"202100032948";6;"16:45";"1";"972";"2";"1";"1";6;14;-60
"32949";"202100032949";6;"22:58";"4";"17";"1";"1";"1";2;46;-1
"32950";"202100032950";6;"22:45";"5";"83";"1";"1";"1";7;43;6
"32951";"202100032951";6;"20:00";"1";"30";"1";"1";"1";6;44;4
"32952";"202100032952";6;"10:30";"1";"44";"2";"6";"8";3;47;-1
"32953";"202100032953";6;"12:00";"1";"57";"2";"2";"1";3;49;7
"32954";"202100032954";6;"17:30";"1";"76";"2";"1";"1";3;49;0
"32955";"202100032955";6;"22:15";"3";"81";"2";"1";"2";6;43;1
"32956";"202100032956";6;"07:00";"1";"71";"2";"1";"1";6;46;5
"32957";"202100032957";6;"16:50";"1";"46";"2";"4";"1";6;44;1
"32958";"202100032958";6;"12:15";"1";"41";"2";"1";"1";1;47;2
"32959";"202100032959";6;"18:00";"1";"34";"1";"2";"1";3;43;3
"32960";"202100032960";6;"13:50";"1";"02";"1";"9";"1";5;49;3
"32961";"202100032961";6;"03:50";"3";"72";"1";"1";"1";6;47;0
"32962";"202100032962";6;"07:15";"1";"60";"1";"2";"1";3;49;2
"32963";"202100032963";4;"00:00";"3";"45";"1";"1";"1";6;47;2
"32964";"202100032964";6;"19:45";"1";"43";"1";"9";"1";5;45;4
"32965";"202100032965";6;"01:00";"3";"07";"1";"1";"1";7;44;4
"32966";"202100032966";6;"10:20";"1";"53";"1";"1";"2";1;48;0
"32967";"202100032967";6;"19:15";"1";"53";"1";"1";"1";1;48;0
"32968";"202100032968";6;"09:30";"1";"04";"1";"1";"1";6;43;5
"32969";"202100032969";6;"15:58";"1";"04";"1";"1";"1";1;43;5
"32970";"202100032970";6;"08:25";"1";"08";"1";"1";"1";7;49;4
"32971";"202100032971";6;"21:20";"3";"971";"1";"1";"1";3;16;-61
"32972";"202100032972";6;"11:00";"1";"971";"2";"1";"1";3;16;-61
"32973";"202100032973";6;"19:45";"1";"69";"2";"3";"2";3;45;4
"32974";"202100032974";6;"13:10";"1";"04";"1";"1";"1";7;44;6
"32975";"202100032975";6;"10:30";"1";"01";"1";"1";"1";7;45;5
"32976";"202100032976";6;"22:20";"5";"29";"2";"1";"1";3;48;-4
"32977";"202100032977";6;"18:30";"1";"13";"1";"1";"1";4;43;5
"32978";"202100032978";6;"15:50";"1";"13";"1";"1";"1";4;43;5
"32979";"202100032979";6;"15:58";"1";"13";"1";"1";"1";2;43;5
"32980";"202100032980";6;"12:30";"1";"13";"1";"1";"1";7;43;5
"32981";"202100032981";6;"16:30";"1";"13";"1";"1";"1";5;43;5
"32982";"202100032982";6;"16:15";"1";"13";"1";"1";"1";2;43;5
"32983";"202100032983";6;"09:30";"1";"13";"1";"1";"1";2;43;5
"32984";"202100032984";6;"10:40";"1";"69";"1";"1";"1";3;45;4
"32985";"202100032985";6;"02:13";"3";"69";"1";"1";"2";4;45;4
"32986";"202100032986";7;"07:45";"1";"57";"1";"1";"1";6;49;6
"32987";"202100032987";6;"14:00";"1";"67";"1";"1";"1";2;48;7
"32988";"202100032988";6;"07:45";"1";"67";"1";"1";"1";3;48;7
"32989";"202100032989";6;"00:37";"3";"59";"1";"1";"1";6;50;3
"32990";"202100032990";6;"03:18";"3";"91";"1";"1";"1";6;48;2
"32991";"202100032991";6;"15:30";"1";"91";"1";"1";"2";2;48;2
"32992";"202100032992";6;"22:00";"1";"91";"1";"1";"2";5;48;2
"32993";"202100032993";6;"11:10";"1";"78";"1";"1";"3";6;48;1
"32994";"202100032994";6;"09:40";"1";"78";"1";"1";"1";5;48;2
"32995";"202100032995";6;"17:30";"1";"78";"1";"1";"1";2;48;2
"32996";"202100032996";6;"09:30";"1";"78";"1";"1";"1";3;48;2
"32997";"202100032997";6;"18:00";"1";"95";"1";"1";"1";4;49;2
"32998";"202100032998";6;"17:45";"1";"93";"1";"1";"2";4;48;2
"32999";"202100032999";6;"16:50";"1";"95";"1";"1";"2";6;48;2
"33000";"202100033000";6;"12:00";"1";"95";"1";"1";"3";6;48;2
"33001";"202100033001";6;"15:50";"1";"92";"1";"1";"1";6;48;2
"33002";"202100033002";6;"07:40";"1";"93";"1";"1";"1";2;48;2
"33003";"202100033003";6;"22:44";"3";"94";"1";"1";"1";4;48;2
"33004";"202100033004";6;"21:30";"2";"78";"2";"1";"1";6;48;2
"33005";"202100033005";6;"15:00";"1";"974";"2";"1";"1";7;-20;55
"33006";"202100033006";6;"10:47";"1";"69";"2";"3";"7";6;45;4
"33007";"202100033007";6;"11:50";"1";"974";"1";"3";"1";3;-20;55
"33008";"202100033008";6;"18:05";"5";"974";"2";"1";"1";3;-20;55
"33009";"202100033009";6;"08:50";"1";"973";"2";"1";"1";3;4;-52
"33010";"202100033010";6;"09:00";"1";"69";"2";"1";"1";5;45;4
"33011";"202100033011";6;"16:51";"1";"69";"2";"1";"1";3;45;4
"33012";"202100033012";6;"07:45";"1";"972";"1";"1";"1";4;14;-61
"33013";"202100033013";6;"16:10";"1";"69";"2";"1";"1";2;45;4
"33014";"202100033014";6;"16:00";"1";"69";"2";"1";"3";4;45;4
"33015";"202100033015";6;"22:40";"5";"91";"2";"1";"1";6;48;2
"33016";"202100033016";6;"09:15";"1";"91";"2";"1";"1";4;48;2
"33017";"202100033017";6;"17:35";"1";"91";"2";"6";"1";2;48;2
"33018";"202100033018";6;"16:01";"1";"87";"1";"1";"3";6;45;1
"33019";"202100033019";6;"20:11";"1";"87";"2";"1";"1";6;45;1
"33020";"202100033020";6;"13:02";"1";"87";"2";"1";"1";4;45;1
"33021";"202100033021";6;"20:30";"1";"84";"2";"1";"1";6;43;4
"33022";"202100033022";6;"07:50";"1";"30";"1";"1";"1";2;43;4
"33023";"202100033023";6;"17:30";"1";"83";"2";"1";"1";4;43;5
"33024";"202100033024";6;"11:50";"1";"83";"2";"1";"1";3;43;5
"33025";"202100033025";6;"19:10";"1";"80";"1";"1";"1";1;49;2
"33026";"202100033026";6;"15:45";"1";"80";"2";"1";"1";6;49;2
"33027";"202100033027";6;"01:25";"5";"78";"2";"3";"8";2;48;2
"33028";"202100033028";6;"00:15";"5";"77";"2";"3";"2";3;48;2
"33029";"202100033029";6;"12:40";"1";"77";"2";"1";"1";6;48;2
"33030";"202100033030";6;"17:15";"1";"76";"1";"1";"1";7;49;0
"33031";"202100033031";6;"16:15";"1";"71";"2";"1";"3";6;46;4
"33032";"202100033032";6;"16:30";"1";"69";"2";"1";"1";6;45;4
"33033";"202100033033";6;"15:20";"1";"67";"2";"3";"1";3;48;7
"33034";"202100033034";6;"09:05";"1";"59";"2";"2";"1";3;50;3
"33035";"202100033035";6;"12:25";"1";"59";"2";"3";"1";6;50;3
"33036";"202100033036";6;"08:35";"1";"59";"2";"1";"1";5;50;3
"33037";"202100033037";6;"19:15";"1";"54";"2";"1";"2";6;48;6
"33038";"202100033038";6;"22:35";"5";"51";"2";"3";"2";3;49;4
"33039";"202100033039";6;"15:25";"1";"50";"1";"1";"1";2;48;-1
"33040";"202100033040";6;"18:23";"1";"50";"2";"3";"1";4;48;-1
"33041";"202100033041";6;"16:30";"1";"49";"1";"1";"8";1;47;0
"33042";"202100033042";6;"20:48";"1";"49";"2";"1";"1";6;47;0
"33043";"202100033043";6;"15:47";"1";"49";"2";"1";"1";4;47;0
"33044";"202100033044";6;"14:53";"1";"49";"2";"1";"1";6;47;0
"33045";"202100033045";6;"12:43";"1";"45";"2";"2";"1";3;47;1
"33046";"202100033046";6;"10:30";"1";"45";"1";"3";"1";2;47;1
"33047";"202100033047";6;"16:43";"1";"37";"2";"4";"1";6;47;0
"33048";"202100033048";6;"16:30";"1";"37";"2";"1";"1";2;47;0
"33049";"202100033049";6;"18:00";"1";"35";"2";"9";"1";3;48;-2
"33050";"202100033050";6;"10:00";"1";"35";"1";"1";"1";6;48;-1
"33051";"202100033051";6;"10:30";"1";"35";"1";"1";"1";7;48;-1
"33052";"202100033052";6;"20:45";"2";"35";"2";"2";"2";3;48;-1
"33053";"202100033053";6;"20:20";"1";"34";"2";"2";"1";3;43;3
"33054";"202100033054";6;"01:00";"5";"33";"2";"1";"2";1;44;0
"33055";"202100033055";6;"00:25";"5";"33";"2";"1";"1";6;44;0
"33056";"202100033056";6;"17:15";"1";"33";"2";"3";"1";3;44;0
"33057";"202100033057";6;"05:15";"5";"33";"2";"1";"1";1;44;0
"33058";"202100033058";6;"13:50";"1";"31";"2";"1";"1";6;43;1
"33059";"202100033059";6;"09:25";"1";"29";"2";"1";"1";2;48;-4
"33060";"202100033060";6;"16:40";"1";"28";"2";"1";"1";3;48;1
"33061";"202100033061";6;"12:30";"1";"13";"1";"1";"1";3;43;5
"33062";"202100033062";6;"17:30";"1";"13";"2";"1";"1";3;43;5
"33063";"202100033063";6;"17:10";"1";"13";"2";"1";"1";5;43;5
"33064";"202100033064";6;"08:05";"1";"13";"2";"2";"1";3;43;5
"33065";"202100033065";6;"02:31";"5";"13";"2";"1";"1";1;43;5
"33066";"202100033066";6;"18:40";"1";"13";"1";"1";"1";1;43;5
"33067";"202100033067";6;"11:00";"1";"10";"2";"1";"1";6;48;4
"33068";"202100033068";6;"16:25";"1";"05";"1";"1";"1";1;44;6
"33069";"202100033069";6;"22:45";"5";"75";"2";"4";"8";7;48;2
"33070";"202100033070";6;"11:55";"1";"75";"2";"1";"1";3;48;2
"33071";"202100033071";6;"17:25";"1";"75";"2";"4";"1";3;48;2
"33072";"202100033072";6;"23:05";"5";"75";"2";"2";"1";6;48;2
"33073";"202100033073";6;"15:54";"1";"75";"2";"1";"1";3;48;2
"33074";"202100033074";6;"20:15";"1";"75";"2";"1";"1";6;48;2
"33075";"202100033075";6;"17:31";"1";"75";"2";"5";"1";3;48;2
"33076";"202100033076";6;"20:29";"1";"75";"2";"1";"2";3;48;2
"33077";"202100033077";6;"11:05";"1";"75";"2";"1";"1";6;48;2
"33078";"202100033078";6;"11:30";"1";"75";"2";"2";"1";3;48;2
"33079";"202100033079";6;"21:15";"1";"75";"2";"3";"1";1;48;2
"33080";"202100033080";6;"02:30";"5";"75";"2";"3";"2";6;48;2
"33081";"202100033081";6;"12:30";"1";"75";"2";"1";"1";2;48;2
"33082";"202100033082";6;"19:25";"1";"75";"2";"1";"1";3;48;2
"33083";"202100033083";6;"14:30";"1";"75";"2";"4";"1";3;48;2
"33084";"202100033084";6;"10:41";"1";"75";"2";"3";"1";6;48;2
"33085";"202100033085";6;"18:40";"1";"75";"2";"2";"1";6;48;2
"33086";"202100033086";6;"17:35";"1";"75";"2";"2";"1";7;48;2
"33087";"202100033087";6;"09:30";"1";"94";"2";"3";"1";5;48;2
"33088";"202100033088";6;"08:40";"1";"94";"2";"1";"1";6;48;2
"33089";"202100033089";6;"18:15";"1";"94";"2";"7";"1";3;48;2
"33090";"202100033090";6;"20:15";"1";"94";"2";"1";"1";3;48;2
"33091";"202100033091";6;"15:00";"1";"94";"2";"1";"1";6;48;2
"33092";"202100033092";6;"05:09";"1";"94";"2";"1";"1";1;48;2
"33093";"202100033093";6;"17:20";"1";"94";"2";"6";"1";1;48;2
"33094";"202100033094";6;"05:45";"1";"94";"1";"1";"1";6;48;2
"33095";"202100033095";6;"19:30";"1";"94";"2";"1";"3";4;48;2
"33096";"202100033096";6;"14:50";"1";"93";"2";"9";"1";6;48;2
"33097";"202100033097";6;"12:50";"1";"93";"2";"1";"1";7;48;2
"33098";"202100033098";6;"14:45";"1";"93";"2";"1";"1";1;48;2
"33099";"202100033099";6;"11:20";"1";"93";"2";"1";"1";6;48;2
"33100";"202100033100";6;"06:00";"1";"92";"2";"4";"1";2;48;2
"33101";"202100033101";6;"12:15";"1";"92";"2";"3";"1";7;48;2
"33102";"202100033102";6;"12:13";"1";"92";"2";"2";"1";6;48;2
"33103";"202100033103";6;"20:30";"2";"92";"2";"2";"1";3;48;2
"33104";"202100033104";6;"10:00";"1";"92";"2";"6";"1";3;48;2
"33105";"202100033105";6;"08:50";"1";"49";"1";"1";"1";7;47;0
"33106";"202100033106";6;"15:30";"1";"91";"1";"9";"1";1;48;2
"33107";"202100033107";6;"21:45";"3";"34";"1";"9";"8";6;43;3
"33108";"202100033108";6;"14:21";"1";"15";"1";"1";"3";7;44;3
"33109";"202100033109";6;"13:40";"1";"62";"1";"1";"1";1;50;2
"33110";"202100033110";6;"00:15";"3";"51";"1";"1";"1";7;49;4
"33111";"202100033111";6;"20:00";"1";"56";"1";"1";"1";6;47;-2
"33112";"202100033112";6;"18:55";"1";"56";"1";"1";"1";2;47;-2
"33113";"202100033113";6;"15:10";"1";"76";"1";"1";"1";7;49;0
"33114";"202100033114";6;"07:32";"1";"80";"1";"1";"8";6;50;2
"33115";"202100033115";5;"18:00";"1";"82";"1";"1";"3";6;44;0
"33116";"202100033116";6;"06:50";"2";"32";"1";"1";"1";7;43;0
"33117";"202100033117";6;"01:45";"3";"55";"1";"1";"2";7;48;5
"33118";"202100033118";6;"12:20";"1";"49";"1";"9";"8";1;47;-1
"33119";"202100033119";6;"11:45";"1";"49";"1";"1";"1";2;47;0
"33120";"202100033120";6;"22:45";"2";"47";"1";"1";"1";6;44;0
"33121";"202100033121";6;"06:30";"2";"29";"2";"1";"2";6;47;-4
"33122";"202100033122";6;"09:45";"1";"31";"2";"1";"1";6;43;0
"33123";"202100033123";6;"19:50";"1";"84";"1";"2";"1";1;43;5
"33124";"202100033124";6;"18:20";"1";"70";"2";"1";"3";1;47;6
"33125";"202100033125";6;"08:30";"1";"14";"1";"1";"3";1;49;0
"33126";"202100033126";6;"09:10";"1";"60";"1";"1";"3";2;49;2
"33127";"202100033127";6;"20:20";"1";"64";"2";"1";"1";1;43;-1
"33128";"202100033128";6;"20:00";"1";"43";"1";"1";"1";7;45;4
"33129";"202100033129";6;"22:45";"3";"43";"1";"1";"1";6;44;4
"33130";"202100033130";6;"17:06";"1";"07";"1";"9";"1";7;44;4
"33131";"202100033131";6;"11:08";"1";"40";"2";"1";"1";7;43;-1
"33132";"202100033132";6;"19:14";"1";"85";"1";"1";"1";1;46;-1
"33133";"202100033133";6;"10:55";"1";"27";"1";"1";"1";4;49;0
"33134";"202100033134";6;"12:08";"1";"30";"1";"2";"1";3;43;4
"33135";"202100033135";6;"03:40";"3";"48";"1";"1";"1";6;44;3
"33136";"202100033136";6;"08:12";"1";"88";"2";"1";"1";2;48;6
"33137";"202100033137";6;"16:30";"1";"03";"1";"1";"1";2;46;2
"33138";"202100033138";6;"07:00";"1";"01";"1";"1";"1";2;45;5
"33139";"202100033139";6;"11:17";"1";"67";"1";"9";"1";3;48;7
"33140";"202100033140";6;"18:20";"1";"06";"1";"1";"1";7;43;7
"33141";"202100033141";6;"13:45";"1";"49";"1";"1";"1";7;47;0
"33142";"202100033142";6;"03:30";"3";"45";"1";"1";"1";3;48;1
"33143";"202100033143";6;"00:30";"3";"95";"1";"1";"2";6;49;1
"33144";"202100033144";6;"13:20";"1";"78";"1";"1";"3";2;48;1
"33145";"202100033145";6;"16:55";"1";"66";"1";"1";"9";7;42;3
"33146";"202100033146";6;"21:15";"5";"83";"2";"7";"1";6;43;6
"33147";"202100033147";6;"21:09";"1";"83";"1";"1";"1";6;43;6
"33148";"202100033148";6;"18:50";"1";"25";"1";"1";"3";7;47;6
"33149";"202100033149";6;"17:30";"1";"73";"1";"1";"1";6;45;6
"33150";"202100033150";6;"13:30";"1";"69";"1";"3";"1";6;45;4
"33151";"202100033151";6;"13:40";"1";"44";"1";"3";"1";3;47;-1
"33152";"202100033152";6;"14:30";"1";"76";"2";"4";"1";6;49;0
"33153";"202100033153";6;"19:17";"2";"76";"1";"1";"3";1;49;0
"33154";"202100033154";6;"02:10";"3";"60";"1";"1";"1";6;49;2
"33155";"202100033155";6;"17:15";"1";"62";"1";"2";"1";2;50;1
"33156";"202100033156";6;"20:30";"1";"59";"1";"6";"2";7;50;3
"33157";"202100033157";6;"07:55";"1";"13";"1";"1";"1";2;43;5
"33158";"202100033158";6;"15:30";"1";"33";"1";"1";"1";3;44;0
"33159";"202100033159";6;"16:40";"1";"59";"1";"1";"1";6;50;3