"";"Num_Acc";"mois";"hrmn";"lum";"dep";"agg";"int";"atm";"col";"lat";"long"
"33160";"202100033160";6;"02:10";"3";"94";"1";"1";"9";6;48;2
"33161";"202100033161";6;"22:20";"5";"94";"1";"1";"3";3;48;2
"33162";"202100033162";6;"09:10";"1";"94";"1";"1";"1";3;48;2
"33163";"202100033163";6;"06:00";"1";"78";"1";"1";"1";6;48;2
"33164";"202100033164";6;"10:57";"1";"78";"1";"1";"1";2;48;2
"33165";"202100033165";6;"09:00";"1";"93";"1";"1";"1";3;48;2
"33166";"202100033166";6;"23:45";"3";"92";"1";"1";"9";6;48;2
"33167";"202100033167";6;"17:05";"1";"976";"2";"1";"1";6;-12;45
"33168";"202100033168";6;"12:50";"1";"33";"2";"3";"1";6;44;0
"33169";"202100033169";6;"09:30";"1";"976";"2";"6";"1";3;-12;45
"33170";"202100033170";6;"19:40";"3";"974";"1";"1";"1";5;-21;55
"33171";"202100033171";6;"14:30";"1";"69";"2";"1";"1";7;45;4
"33172";"202100033172";6;"19:30";"1";"69";"2";"3";"1";3;45;4
"33173";"202100033173";6;"23:55";"5";"69";"2";"1";"1";7;45;4
"33174";"202100033174";6;"10:40";"1";"69";"2";"2";"1";2;45;4
"33175";"202100033175";6;"19:50";"1";"69";"2";"1";"1";7;45;4
"33176";"202100033176";6;"13:10";"1";"69";"2";"2";"1";3;45;4
"33177";"202100033177";6;"16:20";"1";"69";"2";"3";"3";6;45;4
"33178";"202100033178";6;"20:30";"2";"69";"2";"3";"1";3;45;4
"33179";"202100033179";6;"21:25";"2";"2A";"2";"1";"1";7;41;8
"33180";"202100033180";6;"01:34";"5";"95";"2";"1";"1";2;48;2
"33181";"202100033181";6;"23:32";"5";"91";"2";"1";"1";3;48;2
"33182";"202100033182";6;"20:35";"1";"91";"2";"1";"1";1;48;2
"33183";"202100033183";6;"18:30";"1";"83";"1";"1";"1";3;43;6
"33184";"202100033184";6;"18:00";"1";"83";"1";"1";"1";2;43;6
"33185";"202100033185";6;"08:45";"1";"82";"2";"3";"1";3;44;1
"33186";"202100033186";6;"19:10";"1";"68";"2";"1";"1";3;47;7
"33187";"202100033187";6;"18:30";"1";"56";"2";"1";"2";3;47;-2
"33188";"202100033188";6;"15:48";"1";"49";"2";"1";"1";1;47;0
"33189";"202100033189";6;"19:41";"1";"46";"2";"2";"1";1;44;1
"33190";"202100033190";6;"17:50";"1";"45";"2";"3";"3";3;47;1
"33191";"202100033191";6;"20:35";"1";"37";"2";"6";"2";6;47;0
"33192";"202100033192";6;"12:55";"1";"37";"2";"1";"1";7;47;0
"33193";"202100033193";6;"17:05";"1";"35";"2";"1";"1";3;48;-1
"33194";"202100033194";6;"23:00";"5";"34";"2";"1";"1";6;43;3
"33195";"202100033195";6;"21:00";"1";"34";"2";"1";"1";6;43;3
"33196";"202100033196";6;"07:15";"1";"33";"2";"4";"2";6;44;0
"33197";"202100033197";6;"09:50";"1";"31";"2";"1";"1";4;43;1
"33198";"202100033198";6;"13:25";"1";"27";"2";"3";"1";3;49;1
"33199";"202100033199";6;"02:00";"5";"25";"2";"2";"9";6;47;6
"33200";"202100033200";6;"00:15";"3";"15";"1";"1";"8";7;44;2
"33201";"202100033201";6;"06:00";"2";"13";"2";"1";"1";2;43;5
"33202";"202100033202";6;"19:20";"1";"13";"2";"1";"1";3;43;5
"33203";"202100033203";6;"03:40";"3";"06";"1";"1";"1";7;43;6
"33204";"202100033204";6;"22:35";"5";"75";"2";"4";"1";3;48;2
"33205";"202100033205";6;"23:20";"5";"75";"2";"1";"1";2;48;2
"33206";"202100033206";6;"18:46";"1";"75";"2";"2";"2";3;48;2
"33207";"202100033207";6;"16:25";"1";"75";"2";"7";"1";6;48;2
"33208";"202100033208";6;"13:35";"1";"75";"2";"2";"1";3;48;2
"33209";"202100033209";6;"14:30";"1";"75";"2";"1";"1";1;48;2
"33210";"202100033210";6;"18:55";"1";"75";"2";"1";"1";3;48;2
"33211";"202100033211";6;"09:50";"1";"75";"2";"1";"1";1;48;2
"33212";"202100033212";6;"12:35";"1";"75";"2";"5";"1";6;48;2
"33213";"202100033213";6;"21:00";"1";"75";"2";"7";"8";3;48;2
"33214";"202100033214";6;"13:45";"1";"75";"2";"1";"1";6;48;2
"33215";"202100033215";6;"20:10";"2";"75";"2";"3";"3";2;48;2
"33216";"202100033216";6;"12:00";"1";"75";"2";"1";"1";3;48;2
"33217";"202100033217";6;"12:11";"1";"75";"2";"7";"1";6;48;2
"33218";"202100033218";6;"13:30";"1";"75";"2";"3";"1";3;48;2
"33219";"202100033219";6;"08:30";"1";"75";"2";"1";"1";6;48;2
"33220";"202100033220";6;"10:50";"1";"94";"1";"2";"7";3;48;2
"33221";"202100033221";6;"18:00";"1";"94";"2";"1";"1";3;48;2
"33222";"202100033222";6;"15:30";"1";"94";"2";"1";"1";6;48;2
"33223";"202100033223";6;"00:50";"5";"94";"2";"9";"8";2;48;2
"33224";"202100033224";6;"00:10";"5";"93";"2";"1";"1";6;48;2
"33225";"202100033225";6;"17:15";"1";"93";"2";"6";"1";4;48;2
"33226";"202100033226";6;"16:30";"1";"93";"2";"9";"1";3;48;2
"33227";"202100033227";6;"12:50";"1";"92";"2";"1";"1";6;48;2
"33228";"202100033228";6;"16:00";"1";"92";"2";"1";"1";6;48;2
"33229";"202100033229";6;"17:50";"1";"39";"2";"1";"1";3;46;5
"33230";"202100033230";6;"18:46";"1";"47";"2";"3";"1";6;44;0
"33231";"202100033231";6;"10:40";"1";"86";"1";"1";"1";6;46;0
"33232";"202100033232";6;"16:00";"1";"67";"1";"1";"1";7;48;7
"33233";"202100033233";6;"14:29";"1";"83";"1";"1";"1";6;43;6
"33234";"202100033234";6;"17:05";"1";"10";"1";"2";"1";3;48;4
"33235";"202100033235";6;"01:25";"5";"59";"1";"1";"2";6;50;3
"33236";"202100033236";6;"10:50";"1";"38";"2";"1";"1";7;45;5
"33237";"202100033237";6;"18:00";"1";"30";"1";"1";"1";1;43;4
"33238";"202100033238";6;"08:05";"2";"23";"1";"1";"3";6;46;1
"33239";"202100033239";6;"12:30";"1";"44";"2";"6";"1";3;47;-1
"33240";"202100033240";6;"18:00";"1";"51";"1";"1";"1";7;49;4
"33241";"202100033241";6;"07:30";"2";"51";"1";"1";"1";7;49;4
"33242";"202100033242";6;"08:50";"1";"78";"1";"2";"1";3;48;1
"33243";"202100033243";6;"09:30";"1";"81";"1";"2";"1";3;43;2
"33244";"202100033244";6;"11:05";"1";"71";"2";"1";"1";6;46;4
"33245";"202100033245";6;"02:30";"3";"89";"1";"1";"1";7;47;3
"33246";"202100033246";6;"07:55";"1";"63";"1";"1";"1";6;45;3
"33247";"202100033247";5;"15:25";"1";"49";"1";"1";"1";7;47;0
"33248";"202100033248";6;"22:15";"3";"12";"1";"1";"1";7;43;2
"33249";"202100033249";6;"18:18";"1";"47";"1";"1";"1";2;44;0
"33250";"202100033250";6;"16:05";"1";"22";"1";"1";"2";1;48;-3
"33251";"202100033251";6;"15:20";"1";"25";"1";"1";"1";7;47;6
"33252";"202100033252";6;"17:37";"1";"01";"1";"1";"2";6;46;5
"33253";"202100033253";6;"13:35";"1";"70";"2";"4";"1";3;47;5
"33254";"202100033254";6;"20:50";"1";"70";"1";"1";"2";3;47;6
"33255";"202100033255";6;"11:40";"1";"58";"1";"1";"1";6;47;3
"33256";"202100033256";6;"05:45";"2";"66";"2";"1";"1";6;42;3
"33257";"202100033257";6;"17:00";"1";"06";"1";"9";"1";3;43;7
"33258";"202100033258";6;"18:25";"1";"14";"1";"1";"1";1;49;-1
"33259";"202100033259";6;"19:10";"1";"50";"1";"2";"7";1;49;-1
"33260";"202100033260";6;"15:00";"1";"43";"1";"1";"6";7;44;4
"33261";"202100033261";6;"12:30";"1";"07";"1";"3";"1";3;45;4
"33262";"202100033262";6;"11:55";"1";"53";"2";"1";"8";6;47;0
"33263";"202100033263";6;"20:30";"1";"21";"2";"1";"1";6;47;4
"33264";"202100033264";6;"16:45";"1";"04";"1";"1";"1";7;43;6
"33265";"202100033265";6;"01:50";"3";"17";"1";"1";"2";7;45;0
"33266";"202100033266";6;"22:30";"3";"17";"1";"2";"1";3;45;0
"33267";"202100033267";5;"15:25";"1";"68";"1";"1";"1";2;48;7
"33268";"202100033268";6;"04:15";"3";"88";"1";"1";"1";3;48;5
"33269";"202100033269";6;"23:30";"5";"69";"2";"1";"1";7;45;4
"33270";"202100033270";6;"18:00";"1";"06";"2";"1";"2";1;43;7
"33271";"202100033271";6;"14:30";"1";"70";"2";"4";"1";5;47;6
"33272";"202100033272";6;"12:20";"1";"89";"1";"1";"1";1;48;3
"33273";"202100033273";3;"20:47";"3";"88";"1";"1";"1";7;48;6
"33274";"202100033274";6;"14:00";"1";"57";"2";"3";"7";6;49;6
"33275";"202100033275";6;"23:05";"3";"38";"1";"1";"1";1;45;4
"33276";"202100033276";6;"10:30";"1";"38";"1";"1";"1";6;45;5
"33277";"202100033277";6;"10:23";"1";"38";"2";"1";"1";3;45;5
"33278";"202100033278";6;"07:15";"2";"26";"1";"1";"1";6;44;5
"33279";"202100033279";6;"07:15";"1";"26";"2";"6";"1";6;44;4
"33280";"202100033280";6;"17:00";"1";"80";"1";"1";"1";6;49;2
"33281";"202100033281";6;"17:00";"1";"13";"1";"1";"1";3;43;5
"33282";"202100033282";6;"19:15";"1";"13";"1";"1";"1";3;43;5
"33283";"202100033283";6;"02:18";"5";"13";"1";"9";"1";1;43;5
"33284";"202100033284";6;"16:01";"1";"13";"1";"1";"1";4;43;5
"33285";"202100033285";6;"16:45";"1";"67";"1";"1";"1";5;48;7
"33286";"202100033286";6;"11:55";"1";"92";"1";"1";"1";4;48;2
"33287";"202100033287";6;"19:10";"1";"60";"1";"1";"2";2;49;2
"33288";"202100033288";6;"11:30";"1";"95";"1";"1";"1";4;48;2
"33289";"202100033289";6;"22:20";"3";"95";"1";"1";"2";6;48;2
"33290";"202100033290";6;"23:00";"3";"95";"1";"1";"2";6;48;2
"33291";"202100033291";6;"22:20";"3";"95";"1";"1";"3";2;49;2
"33292";"202100033292";6;"21:50";"2";"93";"1";"1";"3";7;48;2
"33293";"202100033293";6;"19:10";"2";"77";"1";"1";"2";6;48;2
"33294";"202100033294";6;"11:50";"1";"77";"1";"1";"1";2;48;2
"33295";"202100033295";6;"00:30";"3";"77";"1";"1";"1";6;48;2
"33296";"202100033296";6;"11:20";"1";"38";"2";"2";"1";1;45;5
"33297";"202100033297";6;"20:30";"1";"75";"2";"1";"2";6;48;2
"33298";"202100033298";6;"18:50";"1";"29";"2";"1";"1";6;47;-3
"33299";"202100033299";6;"17:00";"1";"13";"2";"1";"1";1;43;5
"33300";"202100033300";6;"18:55";"5";"973";"2";"1";"1";2;4;-52
"33301";"202100033301";6;"22:45";"2";"69";"2";"3";"1";1;45;4
"33302";"202100033302";6;"16:00";"1";"69";"2";"1";"1";6;45;4
"33303";"202100033303";6;"16:40";"1";"69";"2";"2";"1";3;45;4
"33304";"202100033304";6;"14:05";"1";"69";"2";"2";"1";3;45;4
"33305";"202100033305";6;"14:10";"1";"69";"2";"1";"1";7;45;4
"33306";"202100033306";6;"09:15";"1";"69";"2";"2";"1";3;45;4
"33307";"202100033307";6;"13:55";"1";"972";"1";"1";"1";5;14;-60
"33308";"202100033308";6;"16:40";"1";"69";"2";"1";"1";6;45;4
"33309";"202100033309";6;"18:15";"1";"2B";"2";"1";"1";3;42;9
"33310";"202100033310";6;"13:25";"1";"2A";"2";"1";"1";2;41;8
"33311";"202100033311";6;"19:10";"1";"95";"1";"1";"1";3;49;2
"33312";"202100033312";6;"20:00";"1";"95";"2";"1";"7";6;48;2
"33313";"202100033313";6;"21:27";"2";"95";"2";"1";"1";1;49;2
"33314";"202100033314";6;"08:30";"1";"91";"2";"1";"7";1;48;2
"33315";"202100033315";6;"12:15";"1";"87";"2";"1";"1";7;45;1
"33316";"202100033316";6;"01:45";"4";"86";"2";"1";"1";6;46;0
"33317";"202100033317";6;"23:05";"3";"85";"2";"1";"1";4;46;-1
"33318";"202100033318";6;"19:00";"1";"83";"2";"1";"1";3;43;5
"33319";"202100033319";6;"12:10";"1";"78";"1";"1";"1";2;48;2
"33320";"202100033320";6;"14:15";"1";"78";"2";"1";"1";3;48;1
"33321";"202100033321";6;"00:30";"3";"77";"1";"3";"1";6;48;2
"33322";"202100033322";6;"06:15";"1";"76";"2";"1";"1";6;49;0
"33323";"202100033323";6;"06:45";"1";"70";"1";"1";"1";1;47;6
"33324";"202100033324";6;"07:50";"2";"69";"2";"2";"1";3;45;4
"33325";"202100033325";6;"12:50";"1";"67";"2";"1";"1";1;48;7
"33326";"202100033326";6;"08:00";"1";"67";"2";"1";"1";6;48;7
"33327";"202100033327";6;"01:16";"5";"66";"2";"3";"1";3;42;2
"33328";"202100033328";6;"23:30";"3";"66";"2";"1";"1";2;42;2
"33329";"202100033329";6;"03:00";"5";"66";"2";"1";"1";6;42;2
"33330";"202100033330";6;"19:18";"1";"66";"2";"1";"1";2;42;2
"33331";"202100033331";6;"23:00";"3";"65";"1";"1";"1";6;43;0
"33332";"202100033332";6;"09:45";"1";"64";"2";"1";"1";7;43;-1
"33333";"202100033333";6;"23:30";"4";"59";"1";"1";"1";7;50;3
"33334";"202100033334";6;"19:15";"1";"59";"2";"1";"1";6;50;3
"33335";"202100033335";6;"18:15";"1";"59";"2";"2";"1";3;50;3
"33336";"202100033336";6;"17:25";"1";"59";"1";"1";"1";6;50;3
"33337";"202100033337";6;"09:01";"1";"57";"2";"2";"1";6;49;6
"33338";"202100033338";6;"21:40";"1";"56";"2";"1";"1";6;47;-3
"33339";"202100033339";6;"12:35";"1";"56";"2";"1";"1";6;47;-3
"33340";"202100033340";6;"12:50";"1";"54";"2";"1";"1";6;48;5
"33341";"202100033341";6;"10:06";"1";"51";"2";"1";"1";2;49;4
"33342";"202100033342";6;"12:35";"1";"44";"2";"1";"1";3;47;-1
"33343";"202100033343";6;"09:45";"1";"42";"2";"4";"1";6;46;4
"33344";"202100033344";6;"12:40";"1";"38";"2";"3";"1";6;45;5
"33345";"202100033345";6;"17:46";"1";"35";"2";"9";"1";6;48;-1
"33346";"202100033346";6;"11:51";"1";"35";"1";"1";"1";3;48;-1
"33347";"202100033347";6;"08:40";"1";"35";"1";"1";"1";4;48;-1
"33348";"202100033348";6;"17:40";"1";"34";"1";"1";"1";3;43;3
"33349";"202100033349";6;"20:20";"1";"33";"2";"2";"1";2;44;0
"33350";"202100033350";6;"17:50";"1";"33";"2";"6";"1";3;44;0
"33351";"202100033351";6;"00:10";"4";"33";"1";"6";"1";6;44;-1
"33352";"202100033352";6;"20:00";"1";"33";"2";"2";"1";3;44;-1
"33353";"202100033353";6;"09:50";"1";"33";"2";"1";"1";6;44;-1
"33354";"202100033354";6;"09:05";"1";"31";"2";"1";"1";3;43;1
"33355";"202100033355";6;"19:25";"1";"30";"1";"1";"1";6;43;4
"33356";"202100033356";6;"19:05";"1";"30";"2";"3";"1";6;43;4
"33357";"202100033357";6;"13:20";"1";"30";"2";"1";"1";6;44;4
"33358";"202100033358";6;"17:26";"1";"29";"2";"1";"7";2;48;-4
"33359";"202100033359";6;"20:25";"1";"17";"2";"6";"1";1;46;-1
"33360";"202100033360";6;"19:35";"1";"16";"2";"3";"1";3;45;0
"33361";"202100033361";6;"17:39";"1";"14";"2";"1";"1";1;49;0
"33362";"202100033362";6;"20:40";"1";"13";"2";"1";"1";6;43;5
"33363";"202100033363";6;"07:58";"1";"13";"2";"1";"1";1;43;5
"33364";"202100033364";6;"08:45";"1";"13";"2";"1";"1";3;43;5
"33365";"202100033365";6;"14:20";"1";"10";"2";"1";"1";2;48;4
"33366";"202100033366";6;"12:05";"1";"09";"2";"9";"1";4;43;1
"33367";"202100033367";6;"01:47";"5";"06";"2";"1";"1";2;43;7
"33368";"202100033368";6;"01:15";"5";"06";"1";"1";"1";6;43;6
"33369";"202100033369";6;"16:45";"1";"05";"1";"1";"1";7;44;6
"33370";"202100033370";6;"14:45";"1";"05";"1";"1";"1";1;44;6
"33371";"202100033371";6;"08:35";"1";"78";"2";"6";"7";6;48;1
"33372";"202100033372";6;"14:52";"1";"66";"2";"1";"1";6;42;2
"33373";"202100033373";6;"16:29";"1";"57";"1";"1";"1";2;49;6
"33374";"202100033374";6;"17:10";"1";"974";"2";"9";"1";7;-20;55
"33375";"202100033375";6;"15:55";"1";"974";"1";"9";"1";2;-20;55
"33376";"202100033376";6;"12:40";"1";"69";"2";"2";"1";3;45;4
"33377";"202100033377";6;"15:05";"1";"69";"2";"2";"1";3;45;4
"33378";"202100033378";6;"12:45";"1";"69";"2";"2";"1";3;45;4
"33379";"202100033379";6;"08:40";"1";"69";"2";"6";"1";1;45;4
"33380";"202100033380";6;"23:05";"4";"972";"2";"3";"2";1;14;-61
"33381";"202100033381";6;"19:45";"5";"972";"2";"1";"2";6;14;-61
"33382";"202100033382";6;"21:00";"5";"972";"2";"1";"1";2;14;-61
"33383";"202100033383";6;"19:00";"1";"69";"2";"2";"1";1;45;4
"33384";"202100033384";6;"07:30";"1";"69";"2";"2";"1";3;45;4
"33385";"202100033385";6;"22:15";"5";"2B";"1";"1";"1";2;42;9
"33386";"202100033386";6;"17:11";"1";"76";"2";"1";"1";1;49;1
"33387";"202100033387";6;"11:00";"1";"74";"2";"1";"1";2;46;6
"33388";"202100033388";6;"17:00";"1";"73";"2";"1";"7";6;45;5
"33389";"202100033389";6;"23:05";"5";"72";"2";"6";"3";2;47;0
"33390";"202100033390";6;"23:00";"5";"71";"2";"1";"1";6;46;4
"33391";"202100033391";6;"15:30";"1";"69";"2";"1";"1";3;45;4
"33392";"202100033392";6;"13:40";"1";"69";"2";"3";"1";3;45;4
"33393";"202100033393";6;"10:50";"1";"69";"2";"2";"1";6;45;4
"33394";"202100033394";6;"01:30";"5";"65";"2";"1";"1";6;43;0
"33395";"202100033395";6;"11:40";"1";"65";"2";"1";"1";4;43;0
"33396";"202100033396";6;"18:00";"1";"64";"2";"1";"8";3;43;-1
"33397";"202100033397";6;"08:30";"1";"60";"2";"3";"1";6;49;2
"33398";"202100033398";6;"14:20";"1";"59";"2";"1";"1";6;50;3
"33399";"202100033399";6;"20:00";"1";"59";"2";"3";"1";3;50;3
"33400";"202100033400";6;"15:15";"1";"54";"2";"2";"1";2;48;6
"33401";"202100033401";6;"11:00";"1";"51";"2";"6";"1";4;49;4
"33402";"202100033402";6;"22:44";"5";"49";"2";"1";"1";6;47;0
"33403";"202100033403";6;"19:35";"1";"46";"1";"1";"3";1;44;1
"33404";"202100033404";6;"21:35";"1";"44";"2";"1";"1";6;47;-1
"33405";"202100033405";6;"21:30";"3";"38";"2";"2";"1";3;45;5
"33406";"202100033406";6;"16:00";"1";"34";"2";"6";"1";3;43;3
"33407";"202100033407";6;"23:10";"3";"31";"2";"1";"1";6;43;1
"33408";"202100033408";6;"00:05";"5";"30";"2";"3";"1";6;43;4
"33409";"202100033409";6;"18:50";"1";"30";"2";"1";"1";6;43;4
"33410";"202100033410";6;"19:45";"1";"29";"2";"3";"1";6;48;-4
"33411";"202100033411";6;"17:45";"1";"18";"2";"1";"1";3;47;2
"33412";"202100033412";6;"23:40";"5";"14";"2";"2";"2";3;49;0
"33413";"202100033413";6;"23:29";"5";"13";"2";"2";"1";3;43;5
"33414";"202100033414";6;"22:07";"2";"13";"2";"1";"1";7;43;5
"33415";"202100033415";6;"19:07";"1";"13";"2";"3";"1";3;43;5
"33416";"202100033416";6;"14:20";"1";"13";"2";"1";"8";2;43;5
"33417";"202100033417";6;"19:30";"1";"10";"2";"1";"1";3;48;4
"33418";"202100033418";6;"19:40";"2";"75";"2";"1";"7";3;48;2
"33419";"202100033419";6;"07:50";"1";"75";"2";"1";"1";2;48;2
"33420";"202100033420";6;"03:25";"5";"75";"2";"4";"1";6;48;2
"33421";"202100033421";6;"20:40";"1";"75";"2";"1";"1";3;48;2
"33422";"202100033422";6;"19:40";"1";"75";"2";"1";"8";2;48;2
"33423";"202100033423";6;"12:40";"1";"75";"2";"4";"1";3;48;2
"33424";"202100033424";6;"12:20";"1";"75";"2";"7";"1";6;48;2
"33425";"202100033425";6;"12:00";"1";"75";"2";"3";"1";3;48;2
"33426";"202100033426";6;"09:45";"1";"75";"2";"3";"1";3;48;2
"33427";"202100033427";6;"19:50";"1";"75";"2";"2";"1";6;48;2
"33428";"202100033428";6;"23:30";"5";"75";"2";"5";"2";6;48;2
"33429";"202100033429";6;"17:30";"1";"75";"2";"3";"3";2;48;2
"33430";"202100033430";6;"07:45";"1";"75";"2";"1";"1";6;48;2
"33431";"202100033431";6;"05:08";"2";"75";"2";"2";"1";6;48;2
"33432";"202100033432";6;"22:30";"5";"75";"2";"3";"1";3;48;2
"33433";"202100033433";6;"01:30";"5";"75";"2";"1";"1";6;48;2
"33434";"202100033434";6;"21:00";"5";"94";"2";"9";"2";3;48;2
"33435";"202100033435";6;"21:07";"5";"94";"2";"1";"2";6;48;2
"33436";"202100033436";6;"17:00";"1";"94";"2";"4";"1";3;48;2
"33437";"202100033437";6;"19:50";"1";"93";"2";"1";"1";1;48;2
"33438";"202100033438";6;"21:35";"1";"93";"2";"1";"2";2;48;2
"33439";"202100033439";6;"15:10";"1";"93";"2";"1";"1";3;48;2
"33440";"202100033440";6;"13:50";"1";"93";"2";"1";"1";3;48;2
"33441";"202100033441";6;"18:30";"1";"92";"2";"2";"1";3;48;2
"33442";"202100033442";6;"13:35";"1";"92";"2";"1";"1";4;48;2
"33443";"202100033443";6;"21:00";"1";"92";"2";"1";"1";3;48;2
"33444";"202100033444";6;"23:40";"5";"92";"2";"1";"1";6;48;2
"33445";"202100033445";6;"19:25";"1";"92";"2";"1";"8";6;48;2
"33446";"202100033446";6;"14:23";"1";"92";"2";"2";"1";3;48;2
"33447";"202100033447";5;"20:45";"1";"01";"1";"2";"1";3;45;5
"33448";"202100033448";6;"00:50";"3";"38";"2";"1";"1";5;45;5
"33449";"202100033449";6;"21:00";"2";"83";"1";"1";"2";2;43;6
"33450";"202100033450";6;"18:05";"1";"28";"2";"5";"1";1;48;1
"33451";"202100033451";6;"17:15";"1";"28";"1";"1";"3";1;48;1
"33452";"202100033452";6;"19:15";"1";"74";"1";"1";"1";1;45;6
"33453";"202100033453";6;"17:20";"1";"06";"2";"3";"1";3;43;6
"33454";"202100033454";6;"04:30";"3";"19";"1";"1";"2";7;45;1
"33455";"202100033455";6;"15:35";"1";"77";"2";"3";"1";3;48;3
"33456";"202100033456";6;"13:45";"1";"2B";"1";"1";"1";3;42;9
"33457";"202100033457";6;"15:15";"1";"33";"2";"1";"1";6;45;0
"33458";"202100033458";6;"18:30";"1";"71";"2";"1";"1";5;46;5
"33459";"202100033459";6;"16:50";"1";"71";"1";"4";"7";6;46;4
"33460";"202100033460";6;"17:20";"1";"61";"2";"1";"9";5;48;0
"33461";"202100033461";6;"12:00";"1";"61";"1";"1";"1";7;48;0
"33462";"202100033462";6;"17:50";"1";"61";"2";"1";"1";6;48;0
"33463";"202100033463";6;"11:50";"1";"41";"1";"1";"1";1;47;1
"33464";"202100033464";6;"21:45";"2";"34";"2";"1";"1";7;43;3
"33465";"202100033465";6;"19:15";"1";"68";"2";"1";"1";1;47;6
"33466";"202100033466";6;"20:15";"2";"68";"1";"1";"6";6;47;7
"33467";"202100033467";6;"12:10";"1";"25";"2";"3";"1";3;47;6
"33468";"202100033468";6;"14:48";"1";"35";"1";"1";"2";1;48;-2
"33469";"202100033469";6;"09:30";"1";"29";"1";"3";"2";3;47;-3
"33470";"202100033470";6;"21:30";"2";"31";"2";"1";"1";6;43;1
"33471";"202100033471";6;"13:00";"1";"31";"2";"1";"1";6;43;1
"33472";"202100033472";6;"21:20";"2";"38";"1";"1";"1";7;45;5
"33473";"202100033473";6;"17:30";"1";"38";"1";"1";"1";1;45;5
"33474";"202100033474";6;"18:45";"1";"38";"1";"1";"1";1;45;5
"33475";"202100033475";6;"08:55";"1";"03";"1";"1";"7";6;46;2
"33476";"202100033476";6;"10:00";"1";"85";"1";"1";"3";7;46;-1
"33477";"202100033477";6;"11:00";"1";"26";"1";"1";"1";4;45;5
"33478";"202100033478";6;"20:00";"1";"72";"2";"1";"1";6;47;0
"33479";"202100033479";6;"18:55";"1";"06";"1";"1";"1";6;43;7
"33480";"202100033480";6;"11:20";"1";"18";"1";"1";"1";6;46;2
"33481";"202100033481";6;"14:45";"1";"04";"1";"1";"1";6;43;5
"33482";"202100033482";6;"21:20";"2";"27";"1";"3";"1";3;49;0
"33483";"202100033483";6;"04:30";"3";"48";"1";"1";"1";6;44;3
"33484";"202100033484";6;"12:15";"1";"52";"2";"1";"1";2;47;5
"33485";"202100033485";6;"21:50";"2";"08";"2";"2";"1";3;49;4
"33486";"202100033486";6;"02:56";"3";"67";"2";"1";"1";6;48;7
"33487";"202100033487";6;"01:05";"5";"69";"2";"9";"1";3;45;4
"33488";"202100033488";6;"07:20";"1";"01";"1";"1";"1";6;45;5
"33489";"202100033489";5;"15:10";"1";"47";"1";"1";"1";2;44;0
"33490";"202100033490";6;"18:40";"1";"27";"1";"1";"3";6;49;1
"33491";"202100033491";6;"17:25";"1";"77";"1";"1";"3";6;48;2
"33492";"202100033492";6;"19:53";"1";"11";"1";"1";"1";7;42;2
"33493";"202100033493";6;"06:20";"2";"987";"1";"3";"1";3;-17;-149
"33494";"202100033494";6;"20:00";"3";"973";"1";"1";"1";7;5;-53
"33495";"202100033495";6;"20:10";"3";"973";"1";"1";"1";1;5;-53
"33496";"202100033496";6;"13:45";"1";"971";"2";"3";"1";1;16;-61
"33497";"202100033497";6;"20:30";"1";"11";"1";"1";"1";6;43;2
"33498";"202100033498";6;"20:44";"1";"34";"1";"1";"1";3;43;4
"33499";"202100033499";6;"20:10";"1";"13";"1";"3";"1";3;43;5
"33500";"202100033500";5;"17:50";"1";"67";"1";"9";"3";6;48;7
"33501";"202100033501";6;"22:00";"3";"42";"1";"1";"1";6;45;4
"33502";"202100033502";6;"12:05";"1";"69";"2";"1";"1";6;45;4
"33503";"202100033503";6;"17:25";"1";"31";"2";"1";"1";6;43;1
"33504";"202100033504";6;"11:34";"1";"86";"1";"1";"1";3;46;0
"33505";"202100033505";6;"11:25";"1";"35";"1";"3";"1";3;47;-1
"33506";"202100033506";6;"15:45";"1";"35";"1";"1";"1";3;47;-1
"33507";"202100033507";6;"20:15";"1";"62";"2";"6";"1";2;50;2
"33508";"202100033508";6;"17:54";"1";"13";"1";"1";"1";2;43;5
"33509";"202100033509";6;"23:40";"3";"13";"2";"1";"1";1;43;5
"33510";"202100033510";6;"15:30";"1";"33";"1";"1";"2";4;44;0
"33511";"202100033511";6;"23:25";"4";"33";"1";"1";"1";4;44;0
"33512";"202100033512";6;"20:00";"1";"92";"1";"1";"1";4;48;2
"33513";"202100033513";6;"23:45";"3";"91";"1";"1";"1";6;48;2
"33514";"202100033514";6;"20:38";"1";"91";"1";"1";"1";3;48;2
"33515";"202100033515";6;"10:40";"1";"91";"1";"1";"1";5;48;2
"33516";"202100033516";6;"17:00";"1";"92";"1";"1";"1";5;48;2
"33517";"202100033517";6;"21:00";"1";"93";"1";"1";"1";3;48;2
"33518";"202100033518";6;"06:30";"1";"93";"1";"1";"1";6;48;2
"33519";"202100033519";6;"01:49";"5";"93";"1";"1";"1";5;48;2
"33520";"202100033520";6;"16:50";"1";"93";"1";"1";"1";3;48;2
"33521";"202100033521";6;"18:00";"1";"93";"1";"1";"1";3;48;2
"33522";"202100033522";6;"20:00";"1";"94";"1";"1";"6";6;48;2
"33523";"202100033523";6;"14:00";"1";"77";"1";"1";"1";6;48;2
"33524";"202100033524";6;"20:45";"1";"94";"1";"1";"1";6;48;2
"33525";"202100033525";6;"18:05";"1";"93";"1";"1";"1";3;48;2