"";"Num_Acc";"mois";"hrmn";"lum";"dep";"agg";"int";"atm";"col";"lat";"long"
"33526";"202100033526";6;"10:30";"1";"62";"2";"9";"1";6;50;2
"33527";"202100033527";6;"17:30";"1";"92";"2";"2";"1";6;48;2
"33528";"202100033528";6;"21:30";"5";"974";"1";"1";"1";1;-20;55
"33529";"202100033529";6;"18:30";"2";"973";"2";"1";"1";3;4;-52
"33530";"202100033530";6;"16:15";"1";"973";"2";"3";"1";3;4;-52
"33531";"202100033531";6;"15:40";"1";"69";"2";"1";"1";6;45;4
"33532";"202100033532";6;"10:15";"1";"69";"2";"1";"1";6;45;4
"33533";"202100033533";6;"07:12";"1";"69";"2";"1";"1";6;45;4
"33534";"202100033534";6;"13:40";"1";"972";"2";"9";"1";5;14;-61
"33535";"202100033535";6;"09:50";"1";"972";"1";"1";"1";7;14;-61
"33536";"202100033536";6;"22:00";"5";"69";"2";"1";"1";2;45;4
"33537";"202100033537";6;"22:50";"5";"69";"2";"2";"1";3;45;4
"33538";"202100033538";6;"17:10";"1";"69";"2";"1";"1";1;45;4
"33539";"202100033539";6;"15:30";"1";"69";"2";"3";"1";6;45;4
"33540";"202100033540";6;"11:00";"1";"69";"2";"1";"1";1;45;4
"33541";"202100033541";6;"11:45";"1";"2A";"2";"1";"1";1;41;8
"33542";"202100033542";6;"11:00";"1";"91";"2";"7";"1";7;48;2
"33543";"202100033543";6;"17:30";"1";"89";"2";"6";"1";6;47;3
"33544";"202100033544";6;"10:40";"1";"87";"2";"1";"1";7;45;1
"33545";"202100033545";6;"08:57";"1";"87";"2";"2";"1";3;45;1
"33546";"202100033546";6;"07:35";"1";"87";"1";"1";"1";1;45;1
"33547";"202100033547";6;"12:20";"1";"86";"2";"1";"2";2;46;0
"33548";"202100033548";6;"19:35";"1";"78";"2";"3";"1";3;48;1
"33549";"202100033549";6;"14:45";"1";"77";"1";"1";"1";5;48;2
"33550";"202100033550";6;"20:10";"1";"76";"1";"1";"1";5;49;1
"33551";"202100033551";6;"03:44";"5";"76";"2";"1";"1";6;49;0
"33552";"202100033552";6;"08:35";"1";"76";"2";"2";"1";3;49;0
"33553";"202100033553";6;"17:15";"1";"72";"2";"1";"1";6;48;0
"33554";"202100033554";6;"17:00";"1";"71";"2";"2";"1";2;46;4
"33555";"202100033555";6;"22:25";"5";"69";"2";"2";"1";3;45;4
"33556";"202100033556";6;"19:00";"1";"69";"2";"2";"1";3;45;4
"33557";"202100033557";6;"19:00";"1";"69";"2";"3";"1";3;45;4
"33558";"202100033558";6;"17:00";"1";"69";"2";"2";"1";6;45;4
"33559";"202100033559";6;"13:15";"1";"69";"2";"1";"1";6;45;4
"33560";"202100033560";6;"18:36";"1";"66";"2";"1";"1";3;42;2
"33561";"202100033561";6;"15:35";"1";"64";"2";"3";"1";1;43;-1
"33562";"202100033562";6;"13:00";"1";"64";"2";"1";"1";6;43;0
"33563";"202100033563";6;"20:52";"1";"64";"2";"1";"1";7;43;-1
"33564";"202100033564";6;"18:05";"1";"64";"2";"2";"1";3;43;-1
"33565";"202100033565";6;"17:00";"1";"64";"2";"3";"1";3;43;-1
"33566";"202100033566";6;"16:39";"1";"63";"2";"1";"1";6;45;3
"33567";"202100033567";3;"16:40";"1";"62";"2";"6";"1";2;50;2
"33568";"202100033568";6;"21:37";"1";"59";"2";"2";"1";3;50;3
"33569";"202100033569";6;"20:00";"1";"59";"2";"1";"1";1;50;3
"33570";"202100033570";6;"19:45";"2";"59";"2";"1";"1";1;50;3
"33571";"202100033571";6;"09:15";"1";"59";"2";"1";"1";2;50;3
"33572";"202100033572";6;"15:25";"1";"59";"2";"1";"1";1;50;3
"33573";"202100033573";6;"10:00";"1";"58";"2";"6";"1";3;46;3
"33574";"202100033574";6;"19:10";"1";"57";"2";"1";"1";6;49;6
"33575";"202100033575";6;"09:18";"1";"56";"2";"1";"1";3;47;-2
"33576";"202100033576";6;"11:45";"1";"56";"1";"1";"2";7;47;-3
"33577";"202100033577";6;"17:08";"1";"54";"2";"3";"1";6;48;6
"33578";"202100033578";6;"16:20";"1";"54";"2";"1";"1";3;48;6
"33579";"202100033579";6;"14:00";"1";"51";"2";"1";"1";7;49;4
"33580";"202100033580";6;"19:00";"1";"51";"2";"1";"2";1;49;4
"33581";"202100033581";6;"20:12";"1";"51";"2";"2";"1";3;49;4
"33582";"202100033582";6;"08:55";"1";"51";"2";"1";"1";2;49;4
"33583";"202100033583";6;"16:30";"1";"50";"2";"1";"2";1;49;-1
"33584";"202100033584";6;"09:45";"1";"49";"1";"1";"1";6;47;0
"33585";"202100033585";6;"08:22";"1";"49";"2";"1";"1";3;47;0
"33586";"202100033586";6;"21:25";"1";"47";"2";"3";"8";3;44;0
"33587";"202100033587";6;"17:10";"1";"45";"2";"1";"1";3;47;2
"33588";"202100033588";6;"20:15";"1";"45";"2";"1";"1";6;48;2
"33589";"202100033589";6;"00:40";"3";"44";"2";"6";"1";3;47;-2
"33590";"202100033590";6;"18:15";"1";"42";"2";"1";"1";6;45;4
"33591";"202100033591";6;"18:08";"1";"42";"2";"6";"1";3;46;4
"33592";"202100033592";6;"19:10";"1";"38";"2";"1";"1";3;45;5
"33593";"202100033593";6;"10:40";"1";"38";"2";"1";"1";2;45;5
"33594";"202100033594";6;"17:20";"1";"37";"2";"2";"1";6;47;0
"33595";"202100033595";6;"22:33";"5";"37";"2";"1";"2";1;47;0
"33596";"202100033596";6;"18:30";"1";"37";"2";"9";"2";7;47;0
"33597";"202100033597";6;"15:30";"1";"37";"2";"9";"2";7;47;0
"33598";"202100033598";6;"15:45";"1";"35";"1";"1";"1";4;48;-1
"33599";"202100033599";6;"14:45";"1";"34";"2";"6";"1";3;43;3
"33600";"202100033600";6;"21:02";"1";"33";"2";"1";"1";6;44;0
"33601";"202100033601";6;"07:10";"1";"33";"2";"2";"1";3;44;0
"33602";"202100033602";6;"23:35";"3";"33";"2";"1";"2";2;44;0
"33603";"202100033603";6;"14:00";"1";"33";"1";"1";"1";6;44;-1
"33604";"202100033604";6;"18:55";"1";"33";"2";"6";"1";7;44;-1
"33605";"202100033605";6;"13:15";"1";"31";"2";"1";"1";6;43;1
"33606";"202100033606";6;"16:05";"1";"29";"1";"1";"1";1;47;-3
"33607";"202100033607";6;"13:58";"1";"29";"2";"1";"1";6;48;-4
"33608";"202100033608";6;"19:50";"1";"28";"2";"6";"1";3;48;1
"33609";"202100033609";6;"03:55";"5";"27";"2";"9";"3";6;49;1
"33610";"202100033610";6;"20:10";"1";"26";"2";"1";"1";4;44;4
"33611";"202100033611";6;"09:40";"1";"26";"2";"2";"1";3;44;4
"33612";"202100033612";6;"12:00";"1";"25";"2";"2";"1";3;47;5
"33613";"202100033613";6;"16:30";"1";"21";"2";"4";"1";3;47;5
"33614";"202100033614";6;"19:40";"1";"14";"2";"2";"1";3;49;0
"33615";"202100033615";6;"00:05";"4";"13";"2";"1";"1";1;43;5
"33616";"202100033616";6;"23:00";"5";"13";"2";"1";"1";7;43;5
"33617";"202100033617";6;"18:50";"1";"13";"2";"1";"1";5;43;5
"33618";"202100033618";6;"10:15";"1";"13";"2";"1";"1";1;43;5
"33619";"202100033619";6;"19:45";"1";"13";"2";"1";"1";2;43;5
"33620";"202100033620";6;"10:45";"1";"13";"2";"1";"1";3;43;5
"33621";"202100033621";6;"20:15";"1";"10";"1";"1";"1";2;48;4
"33622";"202100033622";6;"11:30";"1";"06";"2";"1";"1";3;43;7
"33623";"202100033623";6;"13:06";"1";"06";"2";"1";"1";6;43;6
"33624";"202100033624";6;"07:40";"1";"06";"2";"1";"1";6;43;6
"33625";"202100033625";6;"18:50";"1";"75";"2";"1";"1";4;48;2
"33626";"202100033626";6;"14:45";"1";"75";"2";"2";"1";3;48;2
"33627";"202100033627";6;"11:45";"1";"75";"2";"1";"1";6;48;2
"33628";"202100033628";6;"09:25";"1";"75";"2";"2";"7";6;48;2
"33629";"202100033629";6;"10:20";"1";"75";"2";"1";"1";1;48;2
"33630";"202100033630";6;"23:30";"5";"75";"2";"4";"2";3;48;2
"33631";"202100033631";6;"14:15";"1";"75";"2";"2";"1";6;48;2
"33632";"202100033632";6;"23:30";"5";"75";"2";"7";"1";3;48;2
"33633";"202100033633";6;"17:40";"1";"75";"2";"7";"8";7;48;2
"33634";"202100033634";6;"16:30";"1";"75";"2";"1";"2";3;48;2
"33635";"202100033635";6;"10:15";"1";"75";"2";"7";"1";7;48;2
"33636";"202100033636";6;"10:00";"1";"75";"2";"2";"1";7;48;2
"33637";"202100033637";6;"17:10";"1";"75";"2";"7";"2";2;48;2
"33638";"202100033638";6;"12:50";"1";"75";"2";"1";"1";3;48;2
"33639";"202100033639";6;"23:40";"5";"75";"2";"2";"2";3;48;2
"33640";"202100033640";6;"11:20";"1";"75";"2";"1";"1";6;48;2
"33641";"202100033641";6;"14:55";"1";"75";"2";"2";"1";5;48;2
"33642";"202100033642";6;"08:45";"1";"75";"2";"2";"1";6;48;2
"33643";"202100033643";6;"21:00";"2";"75";"2";"1";"1";6;48;2
"33644";"202100033644";6;"14:15";"1";"75";"2";"3";"1";3;48;2
"33645";"202100033645";6;"11:45";"1";"75";"2";"1";"1";3;48;2
"33646";"202100033646";6;"11:20";"1";"75";"2";"7";"1";2;48;2
"33647";"202100033647";6;"20:17";"1";"75";"2";"2";"1";3;48;2
"33648";"202100033648";6;"15:50";"1";"75";"2";"3";"1";7;48;2
"33649";"202100033649";6;"18:15";"1";"75";"2";"2";"1";6;48;2
"33650";"202100033650";6;"13:10";"1";"75";"2";"2";"1";3;48;2
"33651";"202100033651";6;"20:10";"2";"75";"2";"1";"1";1;48;2
"33652";"202100033652";6;"06:35";"5";"94";"2";"1";"7";3;48;2
"33653";"202100033653";6;"16:05";"1";"94";"2";"1";"1";3;48;2
"33654";"202100033654";6;"13:35";"1";"94";"2";"1";"1";2;48;2
"33655";"202100033655";6;"11:45";"1";"94";"2";"9";"1";1;48;2
"33656";"202100033656";6;"09:15";"1";"94";"2";"3";"1";3;48;2
"33657";"202100033657";6;"12:15";"1";"94";"2";"1";"1";2;48;2
"33658";"202100033658";6;"15:09";"1";"93";"2";"4";"1";3;48;2
"33659";"202100033659";6;"13:20";"1";"93";"2";"3";"1";3;48;2
"33660";"202100033660";6;"20:50";"5";"93";"2";"2";"3";3;48;2
"33661";"202100033661";6;"10:00";"1";"93";"2";"9";"7";6;48;2
"33662";"202100033662";6;"20:58";"2";"93";"2";"1";"2";6;48;2
"33663";"202100033663";6;"20:40";"1";"93";"2";"3";"3";3;48;2
"33664";"202100033664";6;"23:50";"5";"93";"2";"9";"2";4;48;2
"33665";"202100033665";6;"17:20";"1";"93";"2";"2";"1";2;48;2
"33666";"202100033666";6;"14:40";"1";"93";"2";"1";"1";4;48;2
"33667";"202100033667";6;"06:50";"1";"93";"2";"1";"1";2;48;2
"33668";"202100033668";6;"18:30";"1";"93";"2";"7";"1";3;48;2
"33669";"202100033669";6;"05:00";"5";"93";"2";"1";"2";7;48;2
"33670";"202100033670";6;"18:05";"1";"93";"2";"1";"1";1;48;2
"33671";"202100033671";6;"23:40";"5";"93";"2";"1";"2";1;48;2
"33672";"202100033672";6;"10:20";"1";"93";"2";"1";"1";3;48;2
"33673";"202100033673";6;"13:50";"1";"92";"2";"3";"1";3;48;2
"33674";"202100033674";6;"23:40";"5";"92";"2";"3";"1";7;48;2
"33675";"202100033675";6;"14:35";"1";"92";"2";"1";"1";3;48;2
"33676";"202100033676";6;"09:10";"1";"92";"2";"1";"1";2;48;2
"33677";"202100033677";6;"17:25";"1";"92";"2";"1";"1";3;48;2
"33678";"202100033678";6;"20:30";"2";"92";"2";"1";"1";3;48;2
"33679";"202100033679";6;"20:30";"1";"92";"2";"1";"1";2;48;2
"33680";"202100033680";6;"14:09";"1";"92";"2";"9";"1";3;48;2
"33681";"202100033681";6;"18:00";"1";"92";"2";"1";"1";7;48;2
"33682";"202100033682";6;"12:15";"1";"92";"2";"1";"1";6;48;2
"33683";"202100033683";6;"18:20";"1";"92";"2";"9";"1";6;48;2
"33684";"202100033684";6;"17:40";"1";"92";"2";"1";"1";2;48;2
"33685";"202100033685";6;"18:45";"1";"92";"2";"1";"1";4;48;2
"33686";"202100033686";6;"15:50";"1";"92";"2";"1";"1";3;48;2
"33687";"202100033687";6;"13:00";"1";"92";"2";"9";"1";6;48;2
"33688";"202100033688";6;"20:45";"1";"92";"2";"1";"1";3;48;2
"33689";"202100033689";6;"23:30";"3";"92";"2";"2";"2";3;48;2
"33690";"202100033690";6;"15:15";"1";"92";"2";"1";"1";6;48;2
"33691";"202100033691";6;"19:00";"1";"35";"1";"1";"1";3;47;-1
"33692";"202100033692";6;"15:50";"1";"976";"2";"6";"1";3;-12;45
"33693";"202100033693";6;"18:10";"1";"47";"1";"1";"1";7;44;0
"33694";"202100033694";6;"12:15";"1";"43";"1";"1";"1";2;45;3
"33695";"202100033695";6;"10:15";"1";"63";"2";"9";"1";6;45;3
"33696";"202100033696";6;"18:25";"1";"88";"1";"3";"1";3;48;7
"33697";"202100033697";6;"20:00";"1";"01";"2";"3";"1";3;46;5
"33698";"202100033698";6;"04:00";"4";"971";"2";"1";"8";6;15;-61
"33699";"202100033699";6;"22:25";"3";"62";"1";"1";"1";7;50;2
"33700";"202100033700";6;"00:35";"3";"95";"1";"1";"1";2;49;2
"33701";"202100033701";6;"18:20";"1";"56";"1";"1";"1";5;47;-2
"33702";"202100033702";6;"05:10";"2";"77";"1";"1";"1";7;48;3
"33703";"202100033703";6;"16:00";"1";"76";"1";"1";"3";1;49;0
"33704";"202100033704";6;"16:00";"1";"2B";"1";"1";"1";1;42;9
"33705";"202100033705";6;"11:30";"1";"69";"1";"1";"1";7;46;4
"33706";"202100033706";6;"16:30";"1";"81";"2";"2";"7";3;43;2
"33707";"202100033707";6;"21:15";"1";"81";"1";"1";"1";3;43;2
"33708";"202100033708";6;"11:20";"1";"71";"1";"1";"1";3;46;4
"33709";"202100033709";6;"18:00";"1";"31";"1";"1";"1";2;43;1
"33710";"202100033710";6;"11:40";"1";"38";"1";"1";"1";1;45;5
"33711";"202100033711";6;"15:40";"1";"38";"2";"2";"1";3;45;5
"33712";"202100033712";6;"20:40";"1";"38";"1";"1";"1";6;45;5
"33713";"202100033713";6;"03:00";"5";"02";"2";"6";"1";6;49;3
"33714";"202100033714";6;"11:15";"1";"15";"1";"1";"1";6;44;3
"33715";"202100033715";6;"01:50";"3";"70";"2";"1";"1";6;47;6
"33716";"202100033716";6;"11:50";"1";"70";"1";"1";"1";6;47;6
"33717";"202100033717";6;"17:40";"1";"26";"1";"1";"1";6;44;5
"33718";"202100033718";6;"14:40";"1";"72";"1";"9";"1";3;48;0
"33719";"202100033719";6;"21:46";"3";"72";"1";"1";"2";7;47;0
"33720";"202100033720";6;"17:17";"1";"45";"1";"1";"7";4;47;2
"33721";"202100033721";6;"11:45";"1";"73";"2";"1";"7";6;45;6
"33722";"202100033722";6;"13:53";"1";"43";"1";"2";"1";6;45;4
"33723";"202100033723";6;"18:00";"1";"43";"1";"1";"1";7;44;3
"33724";"202100033724";6;"08:00";"1";"07";"1";"1";"1";1;44;4
"33725";"202100033725";6;"07:15";"2";"21";"2";"3";"1";3;47;4
"33726";"202100033726";6;"22:25";"3";"40";"1";"1";"1";1;43;-1
"33727";"202100033727";6;"03:20";"3";"27";"1";"1";"1";6;49;0
"33728";"202100033728";6;"11:00";"1";"17";"2";"6";"1";6;45;0
"33729";"202100033729";6;"15:00";"1";"37";"2";"1";"1";1;47;0
"33730";"202100033730";6;"10:00";"1";"30";"1";"1";"1";1;43;4
"33731";"202100033731";6;"18:00";"1";"48";"1";"1";"1";7;44;3
"33732";"202100033732";6;"18:20";"5";"987";"1";"1";"1";7;-17;-149
"33733";"202100033733";6;"19:05";"1";"06";"1";"3";"1";7;43;7
"33734";"202100033734";6;"08:15";"1";"30";"1";"9";"1";6;43;4
"33735";"202100033735";6;"01:55";"3";"91";"1";"1";"1";6;48;2
"33736";"202100033736";6;"12:42";"1";"45";"2";"1";"1";3;47;2
"33737";"202100033737";6;"12:10";"1";"77";"2";"1";"1";6;48;2
"33738";"202100033738";6;"18:15";"1";"91";"2";"1";"3";7;48;2
"33739";"202100033739";6;"23:30";"5";"2A";"2";"1";"1";6;41;9
"33740";"202100033740";6;"09:15";"1";"84";"2";"3";"1";3;43;5
"33741";"202100033741";6;"10:25";"1";"83";"2";"9";"1";6;43;5
"33742";"202100033742";6;"14:20";"1";"89";"1";"1";"1";1;48;3
"33743";"202100033743";6;"18:10";"1";"54";"2";"1";"1";7;48;6
"33744";"202100033744";6;"19:53";"1";"57";"2";"3";"1";3;49;6
"33745";"202100033745";6;"15:50";"1";"42";"2";"6";"7";3;45;4
"33746";"202100033746";6;"15:30";"1";"38";"1";"1";"1";3;45;5
"33747";"202100033747";6;"17:05";"1";"26";"1";"1";"1";1;44;5
"33748";"202100033748";6;"17:40";"1";"26";"1";"1";"1";6;44;5
"33749";"202100033749";6;"23:00";"3";"07";"1";"1";"1";3;45;4
"33750";"202100033750";6;"01:58";"5";"69";"2";"1";"1";7;45;4
"33751";"202100033751";6;"04:45";"3";"81";"1";"6";"1";7;43;1
"33752";"202100033752";6;"14:05";"1";"17";"1";"1";"1";1;46;-1
"33753";"202100033753";6;"10:50";"1";"13";"1";"1";"1";4;43;5
"33754";"202100033754";6;"20:40";"1";"13";"1";"1";"1";7;43;5
"33755";"202100033755";6;"05:00";"3";"38";"1";"9";"1";3;45;4
"33756";"202100033756";6;"17:10";"1";"33";"1";"1";"1";6;44;0
"33757";"202100033757";6;"21:20";"2";"91";"1";"1";"1";6;48;2
"33758";"202100033758";6;"07:17";"1";"91";"1";"1";"1";3;48;2
"33759";"202100033759";6;"06:45";"1";"91";"1";"1";"2";6;48;2
"33760";"202100033760";6;"00:20";"4";"94";"1";"9";"1";6;48;2
"33761";"202100033761";6;"15:55";"1";"78";"1";"1";"1";2;48;1
"33762";"202100033762";6;"07:05";"1";"78";"1";"1";"1";4;48;1
"33763";"202100033763";6;"08:30";"1";"93";"1";"1";"1";4;48;2
"33764";"202100033764";6;"03:20";"3";"95";"1";"1";"2";6;48;2
"33765";"202100033765";6;"23:50";"3";"92";"1";"1";"2";2;48;2
"33766";"202100033766";6;"13:45";"1";"77";"1";"1";"1";6;48;2
"33767";"202100033767";6;"15:20";"1";"976";"2";"1";"1";6;-12;45
"33768";"202100033768";6;"18:15";"1";"51";"2";"1";"1";7;49;4
"33769";"202100033769";6;"19:40";"2";"38";"2";"3";"1";3;45;4
"33770";"202100033770";6;"21:30";"5";"976";"2";"3";"1";1;-12;45
"33771";"202100033771";6;"11:20";"1";"974";"2";"3";"2";5;-20;55
"33772";"202100033772";6;"16:15";"1";"973";"2";"3";"8";3;4;-52
"33773";"202100033773";6;"14:25";"1";"973";"2";"6";"8";3;4;-52
"33774";"202100033774";6;"08:10";"1";"973";"2";"1";"1";3;4;-52
"33775";"202100033775";6;"00:06";"5";"69";"2";"8";"1";3;45;4
"33776";"202100033776";6;"18:40";"1";"69";"2";"2";"1";4;45;4
"33777";"202100033777";6;"11:30";"1";"69";"2";"1";"1";2;45;4
"33778";"202100033778";6;"09:50";"1";"69";"2";"1";"1";3;45;4
"33779";"202100033779";6;"11:20";"1";"972";"2";"1";"3";3;14;-61
"33780";"202100033780";6;"13:40";"1";"69";"2";"2";"1";3;45;4
"33781";"202100033781";6;"18:50";"1";"69";"2";"1";"1";3;45;4
"33782";"202100033782";6;"09:36";"1";"69";"2";"3";"1";3;45;4
"33783";"202100033783";6;"07:25";"1";"69";"2";"1";"1";6;45;4
"33784";"202100033784";6;"13:00";"1";"2B";"2";"1";"1";1;42;9
"33785";"202100033785";6;"07:35";"1";"971";"1";"1";"2";6;16;-61
"33786";"202100033786";6;"06:00";"2";"971";"2";"1";"1";6;16;-61
"33787";"202100033787";6;"12:30";"1";"2A";"2";"1";"1";3;41;8
"33788";"202100033788";6;"05:50";"2";"95";"1";"1";"2";6;48;2
"33789";"202100033789";6;"17:45";"1";"95";"2";"1";"1";3;49;2
"33790";"202100033790";6;"21:38";"1";"91";"2";"6";"2";3;48;2
"33791";"202100033791";6;"19:40";"1";"91";"2";"1";"1";3;48;2
"33792";"202100033792";6;"16:45";"1";"91";"2";"9";"1";5;48;2
"33793";"202100033793";6;"09:00";"1";"91";"2";"1";"1";2;48;2
"33794";"202100033794";6;"19:10";"1";"83";"2";"1";"1";3;43;5
"33795";"202100033795";6;"17:45";"1";"83";"2";"1";"1";3;43;5
"33796";"202100033796";6;"10:00";"1";"83";"2";"6";"1";3;43;6
"33797";"202100033797";6;"14:00";"1";"80";"2";"1";"1";4;49;2
"33798";"202100033798";6;"18:00";"1";"78";"1";"1";"1";4;48;2
"33799";"202100033799";6;"19:50";"1";"78";"2";"1";"1";3;48;2
"33800";"202100033800";6;"19:55";"1";"74";"2";"1";"8";6;45;6
"33801";"202100033801";6;"17:00";"1";"71";"2";"2";"1";3;46;4
"33802";"202100033802";6;"11:45";"1";"71";"2";"1";"1";7;46;4
"33803";"202100033803";6;"07:30";"1";"71";"2";"9";"1";1;46;4
"33804";"202100033804";6;"20:30";"1";"69";"2";"2";"1";3;45;4
"33805";"202100033805";6;"09:45";"1";"69";"2";"2";"7";3;45;4
"33806";"202100033806";6;"18:40";"1";"67";"2";"3";"1";3;48;7
"33807";"202100033807";6;"18:40";"1";"67";"2";"3";"1";3;48;7
"33808";"202100033808";6;"18:39";"1";"66";"1";"1";"1";3;42;2
"33809";"202100033809";6;"11:10";"1";"66";"2";"1";"1";6;42;2
"33810";"202100033810";6;"08:56";"1";"65";"2";"2";"1";3;43;0
"33811";"202100033811";6;"14:50";"1";"64";"2";"1";"1";3;43;0
"33812";"202100033812";6;"14:45";"1";"64";"2";"4";"7";7;43;-1
"33813";"202100033813";6;"11:12";"1";"64";"2";"2";"1";5;43;-1
"33814";"202100033814";6;"20:35";"1";"63";"2";"1";"1";1;45;3
"33815";"202100033815";4;"18:45";"1";"62";"2";"3";"1";3;50;2
"33816";"202100033816";6;"20:10";"1";"61";"2";"3";"2";7;48;0
"33817";"202100033817";6;"00:25";"5";"59";"2";"1";"1";2;50;3
"33818";"202100033818";6;"21:10";"1";"59";"2";"1";"1";3;50;3
"33819";"202100033819";6;"18:45";"1";"59";"2";"1";"1";6;50;3
"33820";"202100033820";5;"13:15";"1";"59";"2";"2";"1";2;50;3
"33821";"202100033821";6;"18:40";"1";"57";"2";"3";"1";3;49;6
"33822";"202100033822";6;"18:35";"1";"57";"2";"1";"1";3;49;6
"33823";"202100033823";6;"18:25";"1";"54";"2";"3";"1";3;48;6
"33824";"202100033824";6;"12:35";"1";"54";"2";"2";"1";6;48;6
"33825";"202100033825";6;"22:35";"5";"51";"2";"3";"1";3;49;4
"33826";"202100033826";6;"14:50";"1";"49";"2";"1";"1";6;47;0
"33827";"202100033827";6;"10:30";"1";"45";"2";"6";"7";3;47;1
"33828";"202100033828";6;"16:05";"1";"45";"2";"6";"1";1;47;1
"33829";"202100033829";6;"16:15";"1";"44";"2";"3";"1";3;47;-2
"33830";"202100033830";6;"21:15";"1";"44";"2";"2";"1";3;47;-1
"33831";"202100033831";6;"15:02";"1";"44";"2";"1";"1";2;47;-1
"33832";"202100033832";6;"10:25";"1";"44";"2";"1";"1";6;47;-1
"33833";"202100033833";6;"15:46";"1";"43";"2";"1";"1";6;45;3
"33834";"202100033834";6;"21:10";"1";"42";"2";"1";"1";3;45;4
"33835";"202100033835";6;"00:45";"5";"42";"2";"2";"1";1;45;4
"33836";"202100033836";6;"17:40";"1";"38";"2";"1";"1";3;45;5
"33837";"202100033837";6;"21:10";"1";"37";"2";"1";"1";3;47;0
"33838";"202100033838";6;"09:45";"1";"35";"1";"1";"1";6;48;-1
"33839";"202100033839";6;"08:15";"1";"35";"2";"6";"1";3;48;-1
"33840";"202100033840";6;"23:50";"3";"34";"1";"1";"1";1;43;3
"33841";"202100033841";6;"12:30";"1";"34";"1";"1";"1";3;43;3
"33842";"202100033842";6;"21:00";"4";"33";"2";"2";"3";3;44;0
"33843";"202100033843";6;"13:50";"1";"32";"1";"1";"1";7;43;0
"33844";"202100033844";6;"08:30";"1";"31";"2";"1";"8";6;43;1
"33845";"202100033845";6;"21:25";"2";"30";"2";"6";"1";3;43;4
"33846";"202100033846";6;"12:10";"1";"30";"2";"3";"1";3;43;4
"33847";"202100033847";6;"08:43";"1";"29";"2";"1";"1";7;47;-4
"33848";"202100033848";6;"07:40";"1";"29";"2";"1";"1";6;47;-4
"33849";"202100033849";6;"06:20";"1";"27";"2";"1";"1";6;49;1
"33850";"202100033850";6;"14:50";"1";"25";"2";"2";"1";6;47;6
"33851";"202100033851";6;"17:50";"1";"25";"2";"3";"1";3;47;6
"33852";"202100033852";6;"07:25";"1";"24";"1";"1";"1";6;44;0
"33853";"202100033853";5;"04:25";"3";"22";"2";"1";"1";7;48;-2
"33854";"202100033854";6;"08:00";"1";"17";"2";"1";"1";6;46;-1
"33855";"202100033855";6;"18:00";"1";"17";"2";"1";"1";2;46;-1
"33856";"202100033856";6;"13:35";"1";"13";"1";"1";"1";3;43;4
"33857";"202100033857";6;"17:25";"1";"13";"1";"1";"1";1;43;5
"33858";"202100033858";6;"14:45";"1";"13";"2";"1";"1";1;43;5
"33859";"202100033859";6;"21:07";"1";"13";"2";"9";"1";2;43;5
"33860";"202100033860";6;"07:30";"1";"13";"2";"2";"1";1;43;5
"33861";"202100033861";6;"18:10";"1";"13";"2";"3";"1";3;43;5
"33862";"202100033862";6;"08:50";"1";"13";"2";"1";"1";2;43;5
"33863";"202100033863";6;"17:50";"1";"13";"2";"1";"1";1;43;4
"33864";"202100033864";6;"15:20";"1";"12";"2";"4";"1";3;44;2
"33865";"202100033865";6;"10:30";"1";"12";"2";"2";"1";3;44;2
"33866";"202100033866";6;"11:50";"1";"12";"2";"5";"1";2;44;3
"33867";"202100033867";6;"09:03";"1";"06";"2";"1";"1";3;43;7
"33868";"202100033868";6;"14:45";"1";"06";"2";"1";"1";3;43;7
"33869";"202100033869";6;"09:00";"1";"03";"2";"1";"1";3;46;2
"33870";"202100033870";6;"13:30";"1";"75";"2";"1";"1";2;48;2
"33871";"202100033871";6;"17:10";"1";"75";"2";"1";"7";4;48;2
"33872";"202100033872";6;"10:50";"1";"75";"2";"1";"1";2;48;2
"33873";"202100033873";6;"13:50";"1";"75";"2";"4";"1";3;48;2
"33874";"202100033874";6;"00:40";"5";"75";"2";"1";"1";6;48;2
"33875";"202100033875";6;"18:15";"1";"75";"2";"1";"1";3;48;2
"33876";"202100033876";6;"23:30";"5";"75";"2";"3";"1";3;48;2
"33877";"202100033877";6;"08:05";"1";"75";"2";"4";"1";6;48;2
"33878";"202100033878";6;"11:00";"1";"75";"2";"1";"1";6;48;2
"33879";"202100033879";6;"10:43";"1";"75";"2";"1";"1";6;48;2
"33880";"202100033880";6;"10:06";"1";"75";"2";"2";"1";6;48;2
"33881";"202100033881";6;"08:25";"1";"75";"2";"3";"1";3;48;2
"33882";"202100033882";6;"23:20";"5";"75";"2";"2";"1";2;48;2
"33883";"202100033883";6;"20:40";"2";"75";"2";"2";"2";3;48;2
"33884";"202100033884";6;"09:40";"1";"75";"2";"3";"1";3;48;2
"33885";"202100033885";6;"18:25";"1";"94";"2";"1";"1";2;48;2
"33886";"202100033886";6;"15:00";"1";"94";"2";"1";"1";3;48;2
"33887";"202100033887";6;"18:20";"1";"94";"2";"3";"1";3;48;2
"33888";"202100033888";6;"10:15";"1";"94";"2";"3";"1";3;48;2
"33889";"202100033889";6;"00:33";"5";"94";"2";"1";"1";1;48;2
"33890";"202100033890";6;"13:30";"1";"93";"2";"1";"1";1;48;2