"";"Num_Acc";"mois";"hrmn";"lum";"dep";"agg";"int";"atm";"col";"lat";"long"
"34621";"202100034621";6;"19:10";"1";"94";"2";"1";"1";6;48;2
"34622";"202100034622";6;"19:30";"1";"94";"2";"2";"1";3;48;2
"34623";"202100034623";6;"11:05";"1";"94";"2";"1";"1";1;48;2
"34624";"202100034624";6;"21:40";"5";"93";"2";"9";"1";1;48;2
"34625";"202100034625";6;"20:10";"1";"93";"2";"6";"1";3;48;2
"34626";"202100034626";6;"21:00";"2";"93";"2";"2";"1";3;48;2
"34627";"202100034627";6;"09:30";"1";"93";"2";"2";"1";3;48;2
"34628";"202100034628";6;"12:50";"1";"93";"1";"1";"1";5;48;2
"34629";"202100034629";6;"13:55";"1";"93";"2";"1";"1";6;48;2
"34630";"202100034630";6;"17:25";"1";"93";"2";"1";"1";3;48;2
"34631";"202100034631";6;"23:30";"5";"92";"2";"2";"1";6;48;2
"34632";"202100034632";6;"18:00";"1";"92";"2";"1";"1";6;48;2
"34633";"202100034633";6;"11:00";"1";"11";"1";"1";"1";6;43;2
"34634";"202100034634";6;"12:20";"1";"11";"1";"1";"1";6;43;2
"34635";"202100034635";6;"12:10";"1";"54";"2";"1";"1";6;48;6
"34636";"202100034636";6;"06:40";"2";"26";"1";"1";"1";2;45;5
"34637";"202100034637";6;"07:45";"1";"24";"1";"1";"1";1;45;0
"34638";"202100034638";6;"10:35";"1";"73";"2";"9";"1";3;45;5
"34639";"202100034639";6;"16:30";"1";"71";"1";"1";"1";2;46;3
"34640";"202100034640";6;"18:00";"1";"45";"1";"1";"1";6;47;2
"34641";"202100034641";6;"19:42";"1";"68";"1";"1";"1";7;48;7
"34642";"202100034642";6;"20:30";"2";"67";"1";"1";"7";7;48;7
"34643";"202100034643";6;"22:45";"5";"01";"1";"1";"1";2;46;6
"34644";"202100034644";6;"05:52";"2";"01";"1";"1";"1";1;46;6
"34645";"202100034645";6;"08:10";"1";"29";"1";"1";"1";2;48;-4
"34646";"202100034646";6;"22:00";"3";"974";"1";"1";"1";6;-21;55
"34647";"202100034647";6;"07:55";"1";"58";"2";"1";"1";6;47;2
"34648";"202100034648";6;"08:50";"1";"60";"2";"3";"1";3;49;2
"34649";"202100034649";6;"22:30";"3";"71";"1";"1";"1";1;46;4
"34650";"202100034650";6;"22:45";"5";"62";"2";"1";"1";6;50;2
"34651";"202100034651";6;"18:35";"1";"41";"1";"1";"1";7;47;1
"34652";"202100034652";6;"23:15";"3";"56";"2";"1";"1";7;47;-3
"34653";"202100034653";6;"13:12";"1";"74";"1";"1";"1";7;46;6
"34654";"202100034654";6;"09:05";"1";"79";"1";"1";"1";7;46;0
"34655";"202100034655";6;"06:30";"1";"2A";"1";"1";"1";6;41;8
"34656";"202100034656";6;"18:15";"1";"80";"1";"3";"1";3;50;2
"34657";"202100034657";6;"00:30";"5";"65";"2";"1";"1";7;43;0
"34658";"202100034658";6;"12:00";"1";"32";"1";"2";"1";1;43;0
"34659";"202100034659";6;"10:05";"1";"11";"1";"3";"1";3;42;2
"34660";"202100034660";6;"09:30";"1";"71";"1";"1";"1";1;46;5
"34661";"202100034661";6;"18:04";"1";"61";"2";"1";"1";7;48;0
"34662";"202100034662";6;"13:15";"1";"39";"1";"1";"1";6;47;5
"34663";"202100034663";6;"16:36";"1";"44";"2";"1";"1";1;47;-1
"34664";"202100034664";6;"17:30";"1";"29";"1";"1";"1";7;47;-3
"34665";"202100034665";6;"18:40";"1";"29";"1";"1";"1";7;48;-3
"34666";"202100034666";6;"17:30";"1";"29";"1";"1";"1";1;48;-3
"34667";"202100034667";6;"10:30";"1";"31";"1";"1";"1";1;42;0
"34668";"202100034668";6;"11:00";"1";"02";"1";"1";"1";6;49;3
"34669";"202100034669";6;"09:45";"1";"84";"1";"1";"1";6;43;5
"34670";"202100034670";6;"18:24";"1";"01";"1";"1";"1";1;46;5
"34671";"202100034671";6;"11:40";"1";"70";"2";"1";"1";6;47;5
"34672";"202100034672";6;"04:54";"2";"26";"1";"1";"1";6;44;4
"34673";"202100034673";6;"06:45";"1";"72";"1";"1";"1";6;48;0
"34674";"202100034674";6;"18:30";"1";"06";"2";"1";"1";4;43;6
"34675";"202100034675";6;"02:20";"3";"14";"2";"1";"1";6;49;0
"34676";"202100034676";6;"17:50";"1";"05";"1";"1";"1";7;44;5
"34677";"202100034677";6;"14:40";"1";"50";"1";"1";"1";3;48;0
"34678";"202100034678";6;"10:15";"1";"07";"1";"1";"1";3;45;4
"34679";"202100034679";6;"18:00";"1";"07";"2";"1";"1";1;44;4
"34680";"202100034680";6;"20:25";"1";"40";"2";"1";"1";7;43;0
"34681";"202100034681";6;"19:30";"1";"40";"1";"1";"1";6;43;0
"34682";"202100034682";5;"07:15";"1";"28";"1";"3";"1";3;48;1
"34683";"202100034683";6;"05:00";"2";"28";"1";"3";"1";3;48;1
"34684";"202100034684";6;"10:50";"1";"17";"2";"3";"1";2;45;-1
"34685";"202100034685";6;"19:10";"1";"37";"1";"2";"1";3;47;0
"34686";"202100034686";5;"15:30";"1";"24";"1";"1";"1";1;44;0
"34687";"202100034687";6;"04:48";"2";"88";"1";"1";"1";7;48;5
"34688";"202100034688";6;"15:30";"1";"33";"1";"1";"1";3;45;0
"34689";"202100034689";6;"17:00";"1";"91";"1";"1";"1";2;48;2
"34690";"202100034690";6;"18:30";"1";"34";"1";"1";"1";6;43;3
"34691";"202100034691";6;"15:45";"1";"69";"2";"6";"1";3;45;4
"34692";"202100034692";6;"19:00";"1";"83";"1";"1";"1";2;43;5
"34693";"202100034693";6;"20:00";"5";"988";"1";"3";"1";7;-21;165
"34694";"202100034694";6;"22:00";"5";"971";"1";"1";"1";1;16;-61
"34695";"202100034695";6;"06:45";"2";"37";"1";"1";"1";4;47;0
"34696";"202100034696";6;"13:20";"1";"77";"2";"3";"1";3;48;2
"34697";"202100034697";6;"14:00";"1";"78";"1";"3";"7";1;49;1
"34698";"202100034698";6;"18:35";"1";"13";"1";"3";"1";3;43;4
"34699";"202100034699";6;"17:25";"1";"68";"2";"1";"1";1;47;7
"34700";"202100034700";6;"21:00";"2";"74";"1";"1";"1";7;46;6
"34701";"202100034701";6;"15:25";"1";"42";"1";"1";"1";1;45;4
"34702";"202100034702";6;"11:15";"1";"81";"2";"9";"7";3;43;1
"34703";"202100034703";6;"09:30";"1";"81";"1";"1";"1";3;43;1
"34704";"202100034704";6;"13:20";"1";"09";"1";"1";"1";7;42;1
"34705";"202100034705";6;"17:00";"1";"86";"1";"1";"1";3;47;0
"34706";"202100034706";5;"07:20";"1";"22";"1";"1";"1";1;48;-2
"34707";"202100034707";6;"06:40";"1";"76";"1";"1";"1";1;49;0
"34708";"202100034708";6;"22:09";"2";"60";"1";"3";"1";3;49;2
"34709";"202100034709";6;"20:14";"1";"59";"2";"1";"1";6;50;3
"34710";"202100034710";6;"13:35";"1";"13";"1";"1";"1";2;43;5
"34711";"202100034711";6;"11:22";"1";"13";"1";"1";"1";2;43;5
"34712";"202100034712";6;"21:20";"1";"13";"1";"1";"1";2;43;5
"34713";"202100034713";6;"11:30";"1";"13";"2";"1";"1";2;43;5
"34714";"202100034714";6;"13:50";"1";"69";"1";"1";"1";3;45;4
"34715";"202100034715";6;"20:10";"1";"42";"1";"1";"1";4;45;4
"34716";"202100034716";6;"17:20";"1";"42";"1";"1";"1";3;45;4
"34717";"202100034717";6;"17:15";"1";"91";"1";"1";"1";4;48;2
"34718";"202100034718";6;"16:50";"1";"91";"1";"1";"1";2;48;2
"34719";"202100034719";6;"23:05";"3";"91";"1";"1";"1";2;48;2
"34720";"202100034720";6;"19:40";"1";"92";"1";"1";"1";6;48;2
"34721";"202100034721";6;"17:15";"1";"91";"1";"1";"1";4;48;2
"34722";"202100034722";6;"18:30";"1";"78";"1";"1";"1";2;48;2
"34723";"202100034723";6;"10:05";"1";"78";"1";"1";"1";6;48;1
"34724";"202100034724";6;"05:35";"1";"78";"1";"1";"1";6;48;1
"34725";"202100034725";6;"20:30";"1";"95";"1";"1";"1";4;48;2
"34726";"202100034726";6;"18:50";"1";"95";"1";"1";"1";4;48;2
"34727";"202100034727";6;"07:20";"1";"95";"1";"1";"1";6;49;2
"34728";"202100034728";6;"19:10";"1";"93";"1";"1";"1";2;48;2
"34729";"202100034729";6;"18:00";"1";"92";"1";"1";"1";5;48;2
"34730";"202100034730";6;"06:45";"1";"94";"1";"1";"7";6;48;2
"34731";"202100034731";6;"04:50";"5";"77";"1";"1";"1";6;48;2
"34732";"202100034732";6;"18:23";"5";"987";"2";"1";"9";2;-17;-149
"34733";"202100034733";6;"15:35";"1";"973";"2";"2";"1";3;4;-52
"34734";"202100034734";6;"23:30";"5";"69";"2";"2";"1";3;45;4
"34735";"202100034735";6;"20:50";"2";"69";"2";"2";"1";5;45;4
"34736";"202100034736";6;"20:45";"2";"69";"2";"2";"1";3;45;4
"34737";"202100034737";6;"21:35";"2";"69";"2";"2";"1";7;45;4
"34738";"202100034738";6;"01:50";"5";"69";"2";"2";"1";3;45;4
"34739";"202100034739";6;"12:30";"1";"69";"2";"1";"1";3;45;4
"34740";"202100034740";6;"20:00";"1";"95";"2";"1";"1";7;48;2
"34741";"202100034741";6;"21:45";"2";"91";"2";"1";"1";6;48;2
"34742";"202100034742";6;"16:45";"1";"91";"2";"1";"1";6;48;2
"34743";"202100034743";6;"19:10";"2";"83";"2";"9";"1";6;43;6
"34744";"202100034744";6;"11:45";"1";"83";"1";"9";"1";3;43;6
"34745";"202100034745";6;"14:50";"1";"83";"2";"6";"1";3;43;5
"34746";"202100034746";6;"15:25";"2";"74";"2";"1";"1";6;45;6
"34747";"202100034747";6;"19:00";"1";"73";"2";"1";"1";6;45;5
"34748";"202100034748";6;"09:30";"1";"64";"2";"3";"1";3;43;-1
"34749";"202100034749";6;"12:10";"1";"64";"2";"1";"8";7;43;-1
"34750";"202100034750";6;"15:45";"1";"64";"2";"1";"1";4;43;-1
"34751";"202100034751";6;"23:15";"5";"54";"2";"2";"1";6;48;6
"34752";"202100034752";6;"14:38";"1";"49";"2";"1";"1";6;47;0
"34753";"202100034753";6;"17:00";"1";"45";"2";"1";"1";6;47;1
"34754";"202100034754";6;"19:30";"1";"43";"2";"1";"1";3;45;3
"34755";"202100034755";6;"23:15";"3";"38";"1";"1";"1";7;45;5
"34756";"202100034756";6;"14:20";"1";"33";"2";"7";"1";3;44;0
"34757";"202100034757";6;"14:13";"1";"33";"2";"1";"7";2;44;0
"34758";"202100034758";6;"12:56";"1";"33";"2";"1";"1";6;44;0
"34759";"202100034759";6;"08:35";"1";"33";"2";"1";"1";3;44;0
"34760";"202100034760";6;"00:00";"5";"31";"2";"1";"1";2;43;1
"34761";"202100034761";6;"23:30";"5";"31";"2";"1";"1";7;43;1
"34762";"202100034762";6;"18:50";"1";"31";"2";"1";"1";3;43;1
"34763";"202100034763";6;"16:30";"1";"28";"2";"2";"1";3;48;1
"34764";"202100034764";6;"19:00";"1";"26";"2";"9";"1";3;44;4
"34765";"202100034765";6;"19:35";"1";"24";"2";"1";"1";6;44;0
"34766";"202100034766";6;"17:33";"1";"17";"2";"6";"1";3;46;-1
"34767";"202100034767";6;"11:19";"1";"15";"2";"1";"1";6;44;2
"34768";"202100034768";6;"20:00";"1";"14";"1";"9";"1";7;49;0
"34769";"202100034769";6;"23:45";"5";"13";"2";"3";"1";3;43;5
"34770";"202100034770";6;"16:00";"1";"11";"2";"1";"1";6;43;2
"34771";"202100034771";6;"12:10";"1";"11";"2";"1";"1";3;43;2
"34772";"202100034772";6;"16:10";"1";"10";"2";"1";"1";6;48;4
"34773";"202100034773";6;"08:57";"1";"10";"1";"9";"1";2;48;4
"34774";"202100034774";6;"22:50";"5";"07";"2";"1";"1";4;44;4
"34775";"202100034775";6;"11:20";"1";"05";"2";"6";"1";3;44;6
"34776";"202100034776";6;"09:25";"1";"75";"2";"1";"1";2;48;2
"34777";"202100034777";6;"18:30";"1";"75";"2";"1";"1";3;48;2
"34778";"202100034778";6;"13:00";"1";"75";"2";"2";"1";6;48;2
"34779";"202100034779";6;"19:00";"1";"75";"2";"3";"1";4;48;2
"34780";"202100034780";6;"13:55";"1";"75";"2";"7";"1";6;48;2
"34781";"202100034781";6;"11:25";"1";"75";"2";"3";"1";3;48;2
"34782";"202100034782";6;"11:30";"1";"75";"2";"3";"1";3;48;2
"34783";"202100034783";6;"12:00";"1";"75";"2";"2";"1";3;48;2
"34784";"202100034784";6;"19:05";"1";"75";"2";"1";"7";6;48;2
"34785";"202100034785";6;"06:10";"1";"75";"2";"2";"1";2;48;2
"34786";"202100034786";6;"15:00";"1";"75";"2";"2";"1";3;48;2
"34787";"202100034787";6;"19:15";"1";"75";"2";"2";"1";6;48;2
"34788";"202100034788";6;"14:38";"1";"75";"2";"2";"1";6;48;2
"34789";"202100034789";6;"00:55";"5";"75";"2";"1";"1";1;48;2
"34790";"202100034790";6;"16:05";"1";"75";"2";"7";"1";1;48;2
"34791";"202100034791";6;"08:29";"1";"75";"2";"2";"1";3;48;2
"34792";"202100034792";6;"12:50";"1";"75";"2";"2";"1";3;48;2
"34793";"202100034793";6;"11:35";"1";"94";"2";"3";"1";6;48;2
"34794";"202100034794";6;"12:30";"1";"94";"2";"2";"7";6;48;2
"34795";"202100034795";6;"23:00";"5";"94";"2";"3";"1";4;48;2
"34796";"202100034796";6;"17:45";"1";"93";"2";"1";"1";2;48;2
"34797";"202100034797";6;"23:05";"5";"93";"2";"7";"1";3;48;2
"34798";"202100034798";6;"10:01";"1";"93";"2";"9";"1";2;48;2
"34799";"202100034799";6;"16:30";"1";"93";"2";"1";"1";3;48;2
"34800";"202100034800";6;"11:40";"1";"93";"2";"5";"1";1;48;2
"34801";"202100034801";6;"12:20";"1";"93";"2";"9";"1";3;48;2
"34802";"202100034802";6;"16:30";"1";"93";"2";"1";"1";4;48;2
"34803";"202100034803";6;"11:50";"1";"93";"2";"9";"1";3;48;2
"34804";"202100034804";6;"21:40";"1";"93";"2";"1";"1";3;48;2
"34805";"202100034805";6;"20:40";"2";"93";"2";"9";"1";3;48;2
"34806";"202100034806";6;"14:30";"1";"93";"2";"3";"1";3;48;2
"34807";"202100034807";6;"15:30";"1";"92";"2";"1";"1";2;48;2
"34808";"202100034808";6;"15:00";"1";"92";"2";"1";"1";3;48;2
"34809";"202100034809";6;"19:49";"1";"92";"2";"1";"1";6;48;2
"34810";"202100034810";6;"18:00";"1";"92";"2";"1";"1";6;48;2
"34811";"202100034811";6;"18:30";"1";"92";"2";"3";"1";3;48;2
"34812";"202100034812";6;"00:00";"5";"92";"2";"3";"1";3;48;2
"34813";"202100034813";6;"17:55";"1";"92";"2";"1";"1";2;48;2
"34814";"202100034814";6;"23:05";"5";"92";"2";"3";"1";7;48;2
"34815";"202100034815";6;"19:00";"1";"92";"2";"1";"1";6;48;2
"34816";"202100034816";6;"14:00";"1";"92";"2";"1";"1";3;48;2
"34817";"202100034817";6;"00:00";"3";"47";"1";"1";"1";6;44;0
"34818";"202100034818";6;"12:15";"1";"62";"2";"6";"1";3;50;2
"34819";"202100034819";6;"17:50";"1";"86";"1";"1";"1";3;46;0
"34820";"202100034820";6;"12:45";"1";"68";"1";"9";"1";7;47;7
"34821";"202100034821";6;"03:00";"3";"81";"1";"1";"1";7;43;2
"34822";"202100034822";6;"04:40";"2";"83";"1";"1";"1";2;43;6
"34823";"202100034823";6;"10:50";"1";"67";"2";"3";"1";1;48;7
"34824";"202100034824";6;"23:00";"3";"85";"1";"1";"1";7;46;0
"34825";"202100034825";6;"11:40";"1";"83";"1";"1";"1";5;43;6
"34826";"202100034826";6;"09:40";"1";"57";"1";"1";"1";3;49;6
"34827";"202100034827";6;"13:05";"1";"51";"1";"1";"1";3;49;4
"34828";"202100034828";6;"20:00";"1";"79";"2";"1";"1";7;46;0
"34829";"202100034829";6;"07:20";"1";"79";"1";"1";"1";6;46;0
"34830";"202100034830";6;"17:30";"1";"82";"2";"1";"1";6;44;1
"34831";"202100034831";6;"18:10";"1";"65";"1";"3";"1";5;42;0
"34832";"202100034832";6;"15:37";"1";"32";"1";"3";"1";2;43;0
"34833";"202100034833";6;"19:15";"1";"71";"1";"1";"1";1;46;4
"34834";"202100034834";6;"17:20";"1";"89";"1";"3";"7";3;47;4
"34835";"202100034835";6;"17:45";"1";"61";"1";"1";"1";7;48;0
"34836";"202100034836";6;"09:10";"1";"61";"1";"6";"1";2;48;0
"34837";"202100034837";6;"22:50";"3";"61";"1";"1";"1";7;48;0
"34838";"202100034838";6;"19:55";"1";"49";"2";"3";"1";3;47;0
"34839";"202100034839";6;"17:51";"1";"49";"1";"4";"1";4;47;-1
"34840";"202100034840";6;"18:00";"1";"68";"2";"6";"1";3;47;7
"34841";"202100034841";6;"16:40";"1";"39";"1";"1";"1";6;46;6
"34842";"202100034842";6;"11:14";"1";"44";"1";"3";"1";2;47;-1
"34843";"202100034843";6;"14:30";"1";"29";"2";"1";"1";2;48;-4
"34844";"202100034844";6;"16:15";"1";"29";"1";"1";"1";6;48;-3
"34845";"202100034845";6;"12:20";"1";"03";"1";"1";"1";2;46;2
"34846";"202100034846";6;"18:30";"1";"66";"1";"1";"1";7;42;2
"34847";"202100034847";6;"21:35";"2";"54";"1";"1";"1";6;48;5
"34848";"202100034848";6;"22:15";"3";"72";"2";"1";"1";3;47;0
"34849";"202100034849";6;"15:50";"1";"14";"1";"1";"1";6;49;0
"34850";"202100034850";6;"12:10";"1";"05";"1";"1";"1";2;44;6
"34851";"202100034851";6;"16:20";"1";"64";"2";"4";"1";7;43;-1
"34852";"202100034852";6;"12:45";"1";"18";"1";"1";"1";7;46;2
"34853";"202100034853";6;"20:45";"2";"43";"1";"1";"1";6;45;4
"34854";"202100034854";6;"22:35";"3";"10";"1";"1";"1";1;48;3
"34855";"202100034855";6;"15:15";"1";"16";"1";"1";"7";1;45;0
"34856";"202100034856";6;"17:10";"1";"53";"2";"2";"7";5;48;0
"34857";"202100034857";6;"03:43";"3";"21";"1";"1";"1";6;47;5
"34858";"202100034858";6;"19:05";"1";"40";"2";"1";"1";1;43;-1
"34859";"202100034859";6;"06:45";"1";"27";"1";"1";"2";7;49;0
"34860";"202100034860";6;"19:00";"1";"27";"1";"1";"1";7;49;0
"34861";"202100034861";6;"16:30";"1";"27";"2";"4";"1";6;49;0
"34862";"202100034862";6;"20:15";"1";"28";"1";"2";"1";3;48;1
"34863";"202100034863";6;"20:15";"1";"37";"1";"1";"1";6;47;1
"34864";"202100034864";6;"06:50";"2";"37";"1";"1";"1";6;47;0
"34865";"202100034865";6;"08:30";"1";"37";"2";"1";"1";3;47;0
"34866";"202100034866";6;"19:00";"1";"30";"1";"9";"1";1;44;4
"34867";"202100034867";6;"12:50";"1";"48";"1";"1";"1";6;44;3
"34868";"202100034868";6;"12:10";"1";"48";"1";"1";"1";7;44;3
"34869";"202100034869";6;"13:55";"1";"08";"1";"9";"1";7;49;4
"34870";"202100034870";6;"10:45";"1";"88";"1";"1";"1";6;48;7
"34871";"202100034871";6;"15:43";"1";"88";"2";"1";"1";2;48;6
"34872";"202100034872";6;"12:55";"1";"72";"1";"1";"1";6;47;0
"34873";"202100034873";6;"04:35";"3";"31";"1";"1";"1";6;43;1
"34874";"202100034874";6;"01:15";"3";"31";"1";"1";"1";6;43;1
"34875";"202100034875";6;"09:30";"1";"33";"2";"9";"1";3;44;0
"34876";"202100034876";6;"22:15";"5";"33";"2";"1";"1";6;44;-1
"34877";"202100034877";6;"18:35";"3";"987";"2";"1";"1";1;-17;-149
"34878";"202100034878";6;"16:30";"1";"986";"1";"1";"3";1;-13;-176
"34879";"202100034879";6;"22:15";"3";"973";"2";"1";"2";1;5;-52
"34880";"202100034880";6;"10:40";"1";"971";"2";"1";"1";6;16;-61
"34881";"202100034881";6;"22:30";"5";"972";"2";"1";"1";3;14;-60
"34882";"202100034882";6;"15:05";"1";"37";"2";"1";"1";6;47;1
"34883";"202100034883";6;"10:25";"1";"95";"2";"7";"1";6;49;1
"34884";"202100034884";6;"21:30";"2";"95";"1";"6";"1";6;49;1
"34885";"202100034885";6;"08:00";"1";"84";"2";"1";"1";3;43;4
"34886";"202100034886";6;"18:20";"1";"83";"1";"1";"1";3;43;6
"34887";"202100034887";6;"09:00";"1";"06";"2";"1";"1";7;43;7
"34888";"202100034888";6;"16:20";"1";"05";"1";"4";"1";3;44;6
"34889";"202100034889";6;"17:15";"1";"04";"1";"1";"1";7;44;6
"34890";"202100034890";6;"16:05";"1";"68";"1";"1";"1";7;47;6
"34891";"202100034891";6;"17:00";"1";"68";"1";"1";"1";3;48;7
"34892";"202100034892";6;"17:00";"1";"67";"2";"1";"1";6;48;7
"34893";"202100034893";6;"15:30";"1";"42";"2";"4";"1";3;45;4
"34894";"202100034894";6;"17:25";"1";"42";"2";"4";"1";1;45;4
"34895";"202100034895";6;"10:45";"1";"26";"2";"1";"1";5;45;4
"34896";"202100034896";6;"16:45";"1";"01";"2";"9";"1";3;45;5
"34897";"202100034897";6;"17:55";"1";"69";"1";"1";"1";6;45;4
"34898";"202100034898";6;"12:40";"1";"31";"1";"1";"1";1;43;1
"34899";"202100034899";6;"20:37";"1";"17";"2";"2";"1";2;45;-1
"34900";"202100034900";6;"16:30";"1";"64";"2";"1";"7";5;43;0
"34901";"202100034901";6;"17:09";"1";"33";"1";"1";"7";6;44;0
"34902";"202100034902";6;"18:30";"1";"85";"2";"3";"1";3;46;-1
"34903";"202100034903";6;"20:25";"2";"59";"1";"3";"1";7;50;4
"34904";"202100034904";6;"22:50";"5";"13";"1";"1";"1";5;43;5
"34905";"202100034905";6;"17:50";"1";"13";"1";"1";"1";2;43;5
"34906";"202100034906";6;"00:20";"3";"91";"1";"1";"1";3;48;2
"34907";"202100034907";6;"19:00";"1";"93";"1";"1";"1";5;48;2
"34908";"202100034908";6;"06:50";"1";"95";"1";"1";"5";5;49;2
"34909";"202100034909";6;"01:00";"3";"95";"1";"1";"1";6;48;2
"34910";"202100034910";6;"17:00";"1";"93";"1";"1";"1";4;48;2
"34911";"202100034911";6;"19:40";"1";"93";"1";"1";"1";3;48;2
"34912";"202100034912";6;"17:40";"1";"93";"1";"1";"1";2;48;2
"34913";"202100034913";6;"11:20";"1";"93";"1";"1";"1";3;48;2
"34914";"202100034914";6;"15:00";"1";"94";"1";"1";"1";6;48;2
"34915";"202100034915";6;"19:45";"1";"94";"1";"1";"1";2;48;2
"34916";"202100034916";6;"17:45";"1";"94";"1";"1";"1";2;48;2
"34917";"202100034917";6;"20:16";"1";"31";"2";"2";"1";3;43;1
"34918";"202100034918";6;"09:25";"1";"92";"2";"3";"7";6;48;2
"34919";"202100034919";2;"12:34";"1";"87";"2";"1";"1";6;45;1
"34920";"202100034920";6;"18:07";"5";"988";"1";"1";"1";3;-22;166
"34921";"202100034921";6;"13:50";"1";"976";"2";"1";"1";1;-12;45
"34922";"202100034922";6;"18:10";"5";"973";"2";"1";"2";3;4;-52
"34923";"202100034923";6;"20:15";"2";"69";"2";"3";"1";6;45;4
"34924";"202100034924";6;"17:10";"1";"69";"2";"2";"1";3;45;4
"34925";"202100034925";6;"15:50";"1";"69";"2";"1";"1";6;45;4
"34926";"202100034926";6;"13:00";"1";"69";"2";"1";"1";6;45;4
"34927";"202100034927";6;"08:40";"1";"69";"2";"1";"1";2;45;4
"34928";"202100034928";6;"09:00";"1";"69";"2";"2";"1";6;45;4
"34929";"202100034929";6;"14:05";"1";"972";"1";"1";"1";2;14;-61
"34930";"202100034930";6;"12:45";"1";"972";"1";"1";"1";7;14;-60
"34931";"202100034931";6;"13:30";"1";"69";"2";"1";"1";6;45;4
"34932";"202100034932";6;"09:53";"1";"2B";"2";"1";"1";3;42;9
"34933";"202100034933";6;"14:13";"1";"971";"1";"1";"1";4;16;-61
"34934";"202100034934";6;"11:00";"1";"95";"2";"2";"1";3;49;2
"34935";"202100034935";6;"20:10";"1";"91";"1";"1";"1";4;48;2
"34936";"202100034936";6;"08:40";"1";"91";"2";"6";"9";3;48;2
"34937";"202100034937";6;"18:50";"1";"91";"2";"1";"1";3;48;2
"34938";"202100034938";6;"17:15";"1";"91";"2";"1";"1";1;48;2
"34939";"202100034939";6;"16:10";"1";"91";"1";"1";"1";3;48;2
"34940";"202100034940";6;"09:15";"1";"91";"2";"1";"1";6;48;2
"34941";"202100034941";6;"16:00";"1";"91";"1";"1";"1";2;48;2
"34942";"202100034942";6;"08:25";"1";"87";"1";"1";"1";1;45;1
"34943";"202100034943";6;"15:01";"1";"87";"2";"2";"1";3;45;1
"34944";"202100034944";6;"19:10";"1";"86";"2";"1";"1";2;46;0
"34945";"202100034945";6;"18:30";"1";"86";"1";"6";"1";3;46;0
"34946";"202100034946";6;"11:55";"1";"83";"2";"1";"1";6;43;6
"34947";"202100034947";6;"12:00";"1";"83";"2";"1";"1";4;43;5
"34948";"202100034948";6;"00:53";"5";"83";"2";"1";"1";6;43;5
"34949";"202100034949";6;"17:30";"1";"83";"2";"1";"1";2;43;5
"34950";"202100034950";6;"21:00";"1";"82";"2";"1";"1";6;43;1
"34951";"202100034951";6;"20:53";"1";"80";"2";"1";"1";6;49;2
"34952";"202100034952";6;"12:25";"1";"78";"1";"2";"1";3;48;2
"34953";"202100034953";6;"15:05";"1";"77";"2";"1";"1";6;48;2
"34954";"202100034954";6;"08:05";"1";"76";"2";"1";"1";1;49;1
"34955";"202100034955";6;"23:40";"5";"76";"1";"1";"1";3;49;0
"34956";"202100034956";6;"20:00";"1";"74";"2";"2";"1";3;45;6
"34957";"202100034957";6;"14:30";"1";"72";"2";"1";"1";3;47;0
"34958";"202100034958";6;"21:00";"1";"71";"2";"2";"1";5;46;4
"34959";"202100034959";6;"10:00";"1";"71";"2";"4";"1";3;46;4
"34960";"202100034960";6;"20:40";"2";"71";"2";"1";"1";1;46;4
"34961";"202100034961";6;"17:25";"1";"69";"2";"1";"7";5;45;5
"34962";"202100034962";6;"12:45";"1";"69";"2";"7";"7";3;45;4
"34963";"202100034963";6;"10:30";"1";"69";"2";"1";"1";3;45;4
"34964";"202100034964";6;"12:10";"1";"69";"2";"4";"1";3;45;4
"34965";"202100034965";6;"07:50";"1";"69";"2";"6";"1";3;45;4
"34966";"202100034966";6;"19:15";"1";"68";"2";"3";"1";3;47;7
"34967";"202100034967";6;"23:05";"5";"67";"2";"1";"1";2;48;7
"34968";"202100034968";6;"23:00";"5";"67";"2";"3";"1";3;48;7
"34969";"202100034969";6;"08:18";"1";"67";"2";"3";"1";3;48;7
"34970";"202100034970";6;"17:15";"1";"67";"2";"1";"1";3;48;7
"34971";"202100034971";6;"07:57";"1";"65";"2";"9";"1";3;43;0
"34972";"202100034972";6;"01:40";"5";"64";"2";"1";"1";7;43;0
"34973";"202100034973";6;"09:25";"1";"64";"2";"6";"1";3;43;0
"34974";"202100034974";6;"13:30";"1";"64";"2";"1";"1";4;43;-1
"34975";"202100034975";6;"08:50";"1";"64";"2";"3";"1";3;43;-1
"34976";"202100034976";6;"09:40";"1";"64";"2";"2";"1";3;43;-1
"34977";"202100034977";6;"19:15";"1";"64";"2";"1";"1";3;43;-1
"34978";"202100034978";6;"17:53";"1";"64";"2";"1";"1";3;43;-1
"34979";"202100034979";6;"11:00";"1";"64";"2";"6";"1";3;43;-1
"34980";"202100034980";6;"10:00";"1";"64";"2";"1";"1";3;43;-1
"34981";"202100034981";6;"07:40";"2";"64";"2";"1";"1";7;43;-1
"34982";"202100034982";6;"16:18";"1";"63";"2";"1";"1";6;45;3
"34983";"202100034983";6;"23:23";"5";"63";"2";"1";"1";2;45;3
"34984";"202100034984";4;"17:30";"1";"62";"2";"1";"1";5;50;2
"34985";"202100034985";6;"17:30";"1";"60";"1";"1";"1";5;49;2
"34986";"202100034986";6;"19:00";"1";"59";"2";"1";"1";6;50;3