"";"Num_Acc";"mois";"hrmn";"lum";"dep";"agg";"int";"atm";"col";"lat";"long"
"34987";"202100034987";6;"02:45";"5";"59";"2";"1";"1";1;50;3
"34988";"202100034988";6;"05:20";"1";"59";"2";"1";"1";3;50;3
"34989";"202100034989";6;"13:45";"1";"59";"2";"3";"1";3;50;3
"34990";"202100034990";6;"13:30";"1";"59";"2";"1";"1";1;50;2
"34991";"202100034991";6;"19:25";"1";"56";"2";"1";"1";3;47;-3
"34992";"202100034992";6;"10:55";"1";"56";"2";"1";"1";3;47;-3
"34993";"202100034993";6;"15:10";"1";"54";"2";"1";"1";2;48;6
"34994";"202100034994";6;"23:35";"5";"54";"2";"2";"1";3;48;6
"34995";"202100034995";6;"17:30";"1";"51";"2";"1";"1";3;49;4
"34996";"202100034996";6;"17:35";"1";"50";"2";"1";"1";2;49;-1
"34997";"202100034997";6;"09:50";"1";"50";"2";"2";"1";3;49;-1
"34998";"202100034998";6;"15:05";"1";"49";"2";"1";"1";3;47;0
"34999";"202100034999";6;"18:20";"1";"49";"2";"1";"1";1;47;0
"35000";"202100035000";6;"11:40";"1";"49";"2";"1";"1";6;47;0
"35001";"202100035001";6;"18:40";"1";"49";"2";"1";"1";1;47;0
"35002";"202100035002";6;"18:14";"1";"49";"2";"1";"1";7;47;0
"35003";"202100035003";6;"19:41";"1";"49";"2";"1";"1";3;47;0
"35004";"202100035004";6;"16:45";"1";"45";"2";"1";"1";6;47;1
"35005";"202100035005";6;"23:20";"5";"44";"2";"1";"1";3;47;-1
"35006";"202100035006";6;"22:17";"5";"42";"2";"3";"1";3;45;4
"35007";"202100035007";6;"10:50";"1";"41";"2";"1";"1";7;47;1
"35008";"202100035008";6;"23:35";"5";"38";"2";"1";"1";7;45;5
"35009";"202100035009";6;"10:00";"1";"37";"2";"1";"1";7;47;0
"35010";"202100035010";6;"08:00";"1";"37";"2";"1";"1";7;47;0
"35011";"202100035011";6;"08:40";"1";"37";"2";"6";"1";6;47;0
"35012";"202100035012";6;"18:00";"1";"35";"1";"3";"1";2;48;-1
"35013";"202100035013";6;"17:08";"1";"35";"1";"1";"1";2;48;-1
"35014";"202100035014";6;"15:05";"1";"35";"2";"2";"1";5;48;-1
"35015";"202100035015";6;"07:45";"1";"35";"1";"1";"1";7;48;-1
"35016";"202100035016";6;"19:00";"1";"35";"2";"6";"1";3;48;-1
"35017";"202100035017";6;"19:20";"1";"33";"2";"1";"1";3;44;0
"35018";"202100035018";6;"14:10";"1";"33";"2";"1";"1";6;44;-1
"35019";"202100035019";6;"20:40";"2";"31";"2";"1";"1";3;43;1
"35020";"202100035020";6;"09:05";"1";"30";"2";"1";"1";6;44;4
"35021";"202100035021";6;"19:25";"1";"29";"2";"2";"1";3;48;-4
"35022";"202100035022";6;"14:00";"1";"29";"2";"6";"1";3;48;-4
"35023";"202100035023";6;"05:45";"2";"29";"2";"6";"1";3;48;-4
"35024";"202100035024";6;"14:00";"1";"17";"2";"1";"1";6;45;-1
"35025";"202100035025";6;"17:13";"1";"17";"2";"6";"1";2;45;-1
"35026";"202100035026";6;"08:20";"1";"17";"2";"1";"1";2;46;-1
"35027";"202100035027";6;"16:39";"1";"13";"1";"1";"1";1;43;5
"35028";"202100035028";6;"16:10";"1";"13";"1";"1";"1";3;43;5
"35029";"202100035029";6;"17:15";"1";"13";"2";"1";"1";1;43;5
"35030";"202100035030";6;"17:30";"1";"13";"2";"1";"1";3;43;5
"35031";"202100035031";6;"11:30";"1";"13";"2";"1";"1";3;43;5
"35032";"202100035032";6;"10:45";"1";"13";"2";"1";"1";2;43;5
"35033";"202100035033";6;"23:55";"5";"13";"2";"1";"1";3;43;5
"35034";"202100035034";6;"22:45";"5";"13";"2";"1";"1";3;43;5
"35035";"202100035035";6;"18:40";"1";"13";"2";"1";"1";3;43;5
"35036";"202100035036";6;"17:30";"1";"13";"2";"1";"1";3;43;5
"35037";"202100035037";6;"15:50";"1";"13";"2";"1";"1";2;43;5
"35038";"202100035038";6;"16:40";"1";"13";"2";"1";"1";3;43;5
"35039";"202100035039";6;"17:05";"1";"11";"2";"1";"1";1;43;2
"35040";"202100035040";6;"15:10";"1";"11";"2";"1";"1";3;43;2
"35041";"202100035041";6;"19:45";"1";"10";"2";"1";"1";2;48;4
"35042";"202100035042";6;"13:20";"1";"07";"2";"1";"1";1;44;4
"35043";"202100035043";6;"22:45";"3";"06";"2";"1";"1";6;43;6
"35044";"202100035044";6;"15:10";"1";"06";"2";"1";"1";6;43;6
"35045";"202100035045";6;"08:43";"1";"06";"1";"6";"1";2;43;6
"35046";"202100035046";6;"08:30";"1";"06";"2";"1";"1";6;43;6
"35047";"202100035047";6;"21:25";"2";"01";"2";"3";"1";3;46;5
"35048";"202100035048";6;"18:30";"1";"75";"2";"4";"1";3;48;2
"35049";"202100035049";6;"09:45";"1";"75";"2";"1";"1";3;48;2
"35050";"202100035050";6;"13:45";"1";"75";"2";"1";"1";2;48;2
"35051";"202100035051";6;"15:35";"1";"75";"2";"1";"1";4;48;2
"35052";"202100035052";6;"15:01";"1";"75";"2";"2";"1";3;48;2
"35053";"202100035053";6;"13:05";"1";"75";"2";"2";"1";6;48;2
"35054";"202100035054";6;"09:37";"1";"75";"2";"2";"1";3;48;2
"35055";"202100035055";6;"22:35";"5";"75";"2";"3";"1";1;48;2
"35056";"202100035056";6;"09:25";"1";"75";"2";"3";"1";2;48;2
"35057";"202100035057";6;"09:00";"1";"75";"2";"4";"1";1;48;2
"35058";"202100035058";6;"11:00";"1";"75";"2";"1";"1";6;48;2
"35059";"202100035059";6;"19:40";"1";"75";"2";"1";"1";6;48;2
"35060";"202100035060";5;"09:45";"1";"75";"2";"1";"1";7;48;2
"35061";"202100035061";6;"11:30";"1";"75";"2";"1";"1";3;48;2
"35062";"202100035062";6;"11:55";"1";"75";"2";"2";"1";3;48;2
"35063";"202100035063";6;"08:30";"1";"75";"2";"3";"1";6;48;2
"35064";"202100035064";6;"16:45";"1";"75";"2";"2";"1";3;48;2
"35065";"202100035065";6;"15:45";"1";"75";"2";"1";"1";3;48;2
"35066";"202100035066";6;"20:30";"1";"75";"2";"1";"1";3;48;2
"35067";"202100035067";6;"15:00";"1";"75";"2";"1";"1";6;48;2
"35068";"202100035068";6;"12:40";"1";"75";"2";"3";"1";3;48;2
"35069";"202100035069";6;"10:25";"1";"75";"2";"1";"1";3;48;2
"35070";"202100035070";6;"19:05";"1";"75";"2";"3";"1";7;48;2
"35071";"202100035071";6;"21:50";"2";"75";"2";"3";"1";3;48;2
"35072";"202100035072";6;"12:00";"1";"75";"2";"1";"1";2;48;2
"35073";"202100035073";6;"00:30";"5";"94";"2";"3";"1";6;48;2
"35074";"202100035074";6;"15:05";"1";"94";"2";"1";"1";3;48;2
"35075";"202100035075";6;"19:10";"1";"94";"2";"2";"1";3;48;2
"35076";"202100035076";6;"09:27";"1";"94";"2";"1";"1";3;48;2
"35077";"202100035077";6;"13:35";"1";"94";"2";"9";"1";3;48;2
"35078";"202100035078";6;"13:30";"1";"94";"2";"1";"1";3;48;2
"35079";"202100035079";6;"20:30";"1";"94";"2";"6";"1";3;48;2
"35080";"202100035080";6;"16:10";"1";"94";"2";"6";"1";3;48;2
"35081";"202100035081";6;"20:15";"1";"94";"2";"1";"1";6;48;2
"35082";"202100035082";6;"16:55";"1";"93";"2";"1";"7";6;48;2
"35083";"202100035083";6;"18:00";"1";"93";"2";"1";"1";3;48;2
"35084";"202100035084";6;"15:15";"1";"93";"2";"2";"1";6;48;2
"35085";"202100035085";6;"16:05";"1";"93";"2";"1";"1";6;48;2
"35086";"202100035086";6;"13:20";"1";"93";"2";"1";"1";3;48;2
"35087";"202100035087";6;"13:00";"1";"93";"2";"2";"1";3;48;2
"35088";"202100035088";6;"08:30";"1";"93";"2";"1";"1";2;48;2
"35089";"202100035089";6;"22:00";"2";"93";"2";"1";"1";6;48;2
"35090";"202100035090";6;"19:15";"1";"93";"2";"1";"1";1;48;2
"35091";"202100035091";6;"14:15";"1";"93";"2";"2";"7";4;48;2
"35092";"202100035092";6;"16:00";"1";"92";"2";"1";"1";3;48;2
"35093";"202100035093";6;"14:55";"1";"92";"2";"3";"1";3;48;2
"35094";"202100035094";6;"13:10";"1";"92";"2";"2";"1";6;48;2
"35095";"202100035095";6;"13:12";"1";"92";"2";"1";"1";7;48;2
"35096";"202100035096";6;"11:10";"1";"92";"2";"1";"1";6;48;2
"35097";"202100035097";6;"07:50";"1";"92";"2";"2";"1";6;48;2
"35098";"202100035098";6;"03:30";"5";"92";"2";"1";"1";6;48;2
"35099";"202100035099";6;"12:10";"1";"92";"2";"2";"1";3;48;2
"35100";"202100035100";6;"09:15";"1";"47";"1";"1";"1";6;44;0
"35101";"202100035101";6;"20:00";"2";"14";"2";"1";"1";1;48;0
"35102";"202100035102";6;"10:30";"1";"2A";"2";"3";"7";7;41;8
"35103";"202100035103";6;"08:45";"1";"38";"1";"1";"1";5;45;4
"35104";"202100035104";6;"06:00";"2";"17";"1";"1";"1";6;45;0
"35105";"202100035105";6;"03:00";"5";"33";"2";"1";"1";7;45;0
"35106";"202100035106";6;"00:20";"5";"76";"2";"3";"1";6;49;1
"35107";"202100035107";6;"18:55";"1";"68";"1";"4";"1";3;47;7
"35108";"202100035108";6;"21:32";"2";"01";"2";"1";"1";6;46;6
"35109";"202100035109";6;"13:15";"1";"83";"1";"1";"1";6;43;6
"35110";"202100035110";5;"19:00";"1";"83";"2";"1";"1";1;43;5
"35111";"202100035111";6;"18:00";"1";"62";"1";"1";"1";2;50;1
"35112";"202100035112";6;"19:10";"1";"56";"1";"1";"1";1;47;-3
"35113";"202100035113";6;"09:00";"1";"67";"2";"1";"7";3;48;7
"35114";"202100035114";6;"01:00";"3";"79";"1";"1";"1";6;46;0
"35115";"202100035115";6;"16:10";"1";"2A";"1";"1";"1";2;41;8
"35116";"202100035116";6;"10:12";"1";"2B";"2";"1";"1";1;42;9
"35117";"202100035117";6;"15:25";"1";"82";"1";"1";"1";6;44;1
"35118";"202100035118";6;"08:00";"1";"32";"1";"3";"1";3;43;0
"35119";"202100035119";6;"22:15";"3";"63";"1";"1";"1";3;45;3
"35120";"202100035120";6;"18:30";"1";"47";"1";"1";"1";3;44;0
"35121";"202100035121";6;"17:50";"1";"41";"1";"2";"1";3;47;1
"35122";"202100035122";6;"10:50";"1";"41";"1";"5";"1";1;47;1
"35123";"202100035123";6;"16:25";"1";"34";"1";"1";"1";6;43;2
"35124";"202100035124";6;"15:28";"1";"25";"1";"1";"1";1;47;6
"35125";"202100035125";6;"19:00";"1";"25";"2";"9";"1";6;47;6
"35126";"202100035126";6;"08:30";"1";"44";"1";"3";"1";3;47;-1
"35127";"202100035127";6;"23:00";"3";"44";"2";"1";"1";2;46;-1
"35128";"202100035128";6;"16:15";"1";"31";"1";"1";"1";3;43;0
"35129";"202100035129";6;"16:30";"1";"31";"1";"1";"1";6;43;1
"35130";"202100035130";6;"00:45";"3";"38";"2";"1";"1";6;45;5
"35131";"202100035131";6;"10:50";"1";"03";"1";"6";"1";3;46;3
"35132";"202100035132";6;"19:53";"1";"58";"1";"1";"1";6;46;3
"35133";"202100035133";6;"11:20";"1";"09";"1";"1";"1";7;42;1
"35134";"202100035134";6;"17:00";"1";"60";"1";"2";"1";1;49;3
"35135";"202100035135";6;"20:55";"1";"45";"1";"3";"1";1;48;2
"35136";"202100035136";6;"11:00";"1";"64";"2";"1";"1";2;43;-1
"35137";"202100035137";6;"13:00";"1";"64";"1";"1";"9";6;43;-1
"35138";"202100035138";6;"22:30";"3";"53";"1";"1";"1";6;48;0
"35139";"202100035139";6;"11:57";"1";"21";"2";"1";"7";6;47;4
"35140";"202100035140";6;"17:03";"1";"21";"1";"1";"1";3;47;5
"35141";"202100035141";6;"14:00";"1";"40";"1";"1";"1";7;43;0
"35142";"202100035142";6;"15:55";"1";"24";"2";"3";"1";3;44;1
"35143";"202100035143";6;"23:53";"3";"04";"1";"1";"1";6;43;5
"35144";"202100035144";6;"23:40";"3";"85";"1";"2";"1";3;46;-1
"35145";"202100035145";6;"20:50";"1";"27";"1";"1";"1";7;49;0
"35146";"202100035146";6;"14:00";"1";"27";"2";"2";"1";3;48;1
"35147";"202100035147";6;"02:05";"3";"28";"1";"1";"1";6;48;1
"35148";"202100035148";6;"00:00";"4";"88";"1";"1";"1";6;47;6
"35149";"202100035149";6;"17:30";"1";"24";"1";"1";"1";7;44;0
"35150";"202100035150";6;"19:00";"1";"13";"1";"1";"7";6;43;5
"35151";"202100035151";6;"22:15";"3";"57";"1";"1";"1";6;49;6
"35152";"202100035152";6;"18:25";"1";"33";"1";"1";"1";2;44;0
"35153";"202100035153";6;"11:00";"1";"988";"1";"1";"8";1;-21;165
"35154";"202100035154";6;"20:20";"5";"971";"2";"3";"1";1;16;-61
"35155";"202100035155";6;"19:45";"3";"971";"1";"1";"1";5;16;-61
"35156";"202100035156";6;"06:00";"1";"37";"1";"1";"1";7;47;0
"35157";"202100035157";6;"02:00";"3";"45";"1";"4";"1";6;47;2
"35158";"202100035158";3;"07:00";"2";"78";"1";"1";"2";2;48;1
"35159";"202100035159";6;"14:10";"1";"2B";"2";"3";"1";1;42;9
"35160";"202100035160";6;"23:15";"3";"2A";"1";"3";"1";1;41;9
"35161";"202100035161";6;"12:44";"1";"66";"2";"3";"1";1;42;3
"35162";"202100035162";6;"22:10";"3";"34";"1";"2";"1";3;43;3
"35163";"202100035163";6;"13:20";"1";"34";"2";"1";"1";6;43;4
"35164";"202100035164";6;"10:10";"1";"84";"2";"1";"1";1;44;4
"35165";"202100035165";6;"18:10";"1";"83";"2";"1";"1";2;43;6
"35166";"202100035166";6;"20:05";"1";"06";"2";"1";"1";1;43;7
"35167";"202100035167";6;"11:33";"1";"54";"1";"1";"1";3;48;6
"35168";"202100035168";6;"13:00";"1";"73";"1";"1";"1";6;45;6
"35169";"202100035169";6;"10:00";"1";"73";"2";"1";"7";6;45;6
"35170";"202100035170";6;"19:45";"1";"42";"1";"1";"7";1;45;4
"35171";"202100035171";6;"14:55";"1";"38";"1";"1";"1";1;45;4
"35172";"202100035172";6;"19:25";"1";"26";"1";"2";"1";4;45;4
"35173";"202100035173";6;"17:15";"1";"33";"2";"3";"1";3;44;0
"35174";"202100035174";6;"18:00";"1";"50";"1";"1";"1";2;49;0
"35175";"202100035175";6;"16:25";"1";"14";"1";"1";"1";7;49;0
"35176";"202100035176";6;"21:00";"2";"29";"1";"2";"1";6;48;-4
"35177";"202100035177";6;"16:40";"1";"76";"1";"1";"1";2;49;1
"35178";"202100035178";6;"18:41";"1";"57";"1";"1";"1";1;49;6
"35179";"202100035179";6;"09:30";"1";"80";"1";"1";"1";7;49;2
"35180";"202100035180";6;"10:15";"1";"59";"2";"9";"1";6;50;3
"35181";"202100035181";6;"01:16";"5";"13";"1";"1";"1";7;43;5
"35182";"202100035182";6;"08:55";"1";"83";"1";"1";"1";5;43;5
"35183";"202100035183";6;"13:45";"1";"38";"1";"1";"1";2;45;4
"35184";"202100035184";6;"20:00";"1";"69";"1";"1";"1";5;45;4
"35185";"202100035185";6;"18:20";"1";"69";"1";"1";"1";3;45;4
"35186";"202100035186";6;"08:00";"1";"54";"1";"1";"1";4;48;6
"35187";"202100035187";6;"11:05";"1";"33";"1";"1";"1";3;44;0
"35188";"202100035188";6;"17:25";"1";"91";"1";"1";"1";4;48;2
"35189";"202100035189";6;"09:15";"1";"91";"1";"1";"1";4;48;2
"35190";"202100035190";6;"13:25";"1";"75";"1";"1";"1";4;48;2
"35191";"202100035191";6;"13:25";"1";"78";"1";"1";"1";5;48;2
"35192";"202100035192";6;"08:30";"1";"78";"1";"1";"1";4;48;1
"35193";"202100035193";6;"18:10";"1";"92";"1";"1";"1";3;48;2
"35194";"202100035194";6;"21:35";"1";"95";"1";"1";"1";7;48;2
"35195";"202100035195";6;"09:00";"1";"93";"1";"1";"1";6;48;2
"35196";"202100035196";6;"06:40";"1";"93";"1";"1";"1";2;48;2
"35197";"202100035197";6;"00:00";"3";"95";"1";"1";"1";5;48;2
"35198";"202100035198";6;"09:20";"1";"94";"1";"9";"1";3;48;2
"35199";"202100035199";6;"07:45";"1";"77";"1";"1";"1";3;48;2
"35200";"202100035200";6;"09:50";"1";"13";"2";"1";"1";6;43;5
"35201";"202100035201";6;"16:49";"1";"59";"2";"2";"1";6;50;3
"35202";"202100035202";6;"10:30";"1";"44";"2";"1";"1";6;47;-1
"35203";"202100035203";6;"13:20";"1";"42";"2";"1";"1";6;45;4
"35204";"202100035204";6;"10:05";"1";"33";"2";"6";"1";6;44;-1
"35205";"202100035205";6;"20:40";"1";"75";"2";"1";"1";6;48;2
"35206";"202100035206";6;"10:45";"1";"95";"1";"1";"1";3;48;2
"35207";"202100035207";6;"01:38";"5";"76";"2";"1";"1";6;49;0
"35208";"202100035208";6;"07:50";"1";"988";"2";"1";"1";2;-22;166
"35209";"202100035209";6;"12:15";"1";"988";"2";"1";"1";2;-22;166
"35210";"202100035210";6;"10:20";"1";"974";"2";"1";"3";3;-21;55
"35211";"202100035211";6;"13:40";"1";"974";"2";"9";"1";1;-20;55
"35212";"202100035212";6;"17:15";"1";"973";"2";"1";"1";6;4;-52
"35213";"202100035213";6;"22:40";"5";"69";"2";"2";"1";3;45;4
"35214";"202100035214";6;"19:00";"1";"69";"2";"2";"1";3;45;4
"35215";"202100035215";6;"17:00";"1";"69";"2";"9";"1";3;45;4
"35216";"202100035216";6;"15:30";"1";"69";"2";"9";"1";3;45;4
"35217";"202100035217";6;"14:45";"1";"69";"2";"3";"1";3;45;4
"35218";"202100035218";6;"20:05";"1";"69";"2";"7";"1";1;45;4
"35219";"202100035219";6;"19:15";"1";"69";"2";"2";"1";3;45;4
"35220";"202100035220";6;"23:45";"5";"69";"2";"1";"1";7;45;4
"35221";"202100035221";6;"10:50";"1";"95";"2";"1";"1";6;48;2
"35222";"202100035222";6;"20:20";"1";"95";"2";"1";"1";1;49;2
"35223";"202100035223";6;"13:15";"1";"95";"2";"1";"1";1;49;2
"35224";"202100035224";6;"13:10";"1";"91";"2";"1";"1";6;48;2
"35225";"202100035225";6;"17:30";"1";"91";"2";"1";"1";6;48;2
"35226";"202100035226";6;"08:50";"1";"91";"2";"3";"1";3;48;2
"35227";"202100035227";6;"00:55";"5";"91";"2";"3";"1";3;48;2
"35228";"202100035228";6;"17:43";"1";"88";"2";"1";"7";6;48;6
"35229";"202100035229";6;"16:10";"1";"87";"2";"1";"1";6;45;1
"35230";"202100035230";6;"20:08";"1";"87";"2";"2";"1";3;45;1
"35231";"202100035231";6;"17:55";"1";"87";"1";"2";"1";2;45;1
"35232";"202100035232";6;"19:13";"1";"87";"2";"1";"1";6;45;1
"35233";"202100035233";6;"12:15";"1";"86";"2";"1";"7";1;46;0
"35234";"202100035234";6;"11:40";"1";"84";"2";"1";"1";7;43;4
"35235";"202100035235";6;"16:45";"1";"83";"2";"1";"1";6;43;5
"35236";"202100035236";6;"16:20";"1";"83";"2";"1";"1";3;43;5
"35237";"202100035237";6;"17:45";"1";"83";"2";"1";"1";2;43;6
"35238";"202100035238";6;"18:00";"1";"79";"2";"6";"1";3;46;0
"35239";"202100035239";6;"15:30";"1";"78";"2";"1";"1";6;48;2
"35240";"202100035240";5;"18:50";"1";"78";"2";"1";"1";6;48;1
"35241";"202100035241";6;"17:45";"1";"76";"2";"1";"1";2;49;0
"35242";"202100035242";6;"17:45";"1";"74";"2";"1";"1";3;46;6
"35243";"202100035243";5;"08:00";"1";"73";"1";"1";"1";2;45;5
"35244";"202100035244";6;"16:20";"1";"72";"2";"1";"1";6;47;0
"35245";"202100035245";6;"18:25";"1";"69";"2";"1";"1";7;45;4
"35246";"202100035246";6;"18:50";"1";"69";"2";"3";"7";1;45;4
"35247";"202100035247";6;"07:30";"1";"69";"2";"1";"1";6;45;4
"35248";"202100035248";6;"20:40";"1";"64";"2";"6";"1";3;43;-1
"35249";"202100035249";6;"09:18";"1";"63";"2";"1";"1";2;45;3
"35250";"202100035250";6;"16:20";"1";"63";"2";"1";"1";2;45;3
"35251";"202100035251";5;"19:30";"2";"62";"2";"3";"8";3;50;2
"35252";"202100035252";6;"00:30";"5";"59";"2";"1";"1";6;50;3
"35253";"202100035253";6;"17:00";"1";"59";"2";"1";"1";6;50;3
"35254";"202100035254";6;"10:47";"1";"56";"2";"6";"1";3;47;-2
"35255";"202100035255";6;"02:40";"5";"56";"2";"6";"1";6;47;-3
"35256";"202100035256";6;"09:35";"1";"54";"1";"2";"1";3;48;6
"35257";"202100035257";6;"09:15";"1";"54";"2";"1";"1";6;49;5
"35258";"202100035258";6;"19:14";"1";"49";"2";"1";"1";3;47;0
"35259";"202100035259";6;"18:37";"1";"49";"2";"1";"1";2;47;0
"35260";"202100035260";6;"13:30";"1";"44";"2";"1";"1";3;47;-1
"35261";"202100035261";6;"21:30";"2";"37";"2";"1";"1";7;47;0
"35262";"202100035262";6;"19:45";"1";"37";"2";"1";"1";6;47;0
"35263";"202100035263";6;"15:30";"1";"37";"2";"2";"1";6;47;0
"35264";"202100035264";6;"13:29";"1";"37";"2";"2";"1";6;47;0
"35265";"202100035265";6;"02:30";"5";"34";"2";"2";"1";3;43;3
"35266";"202100035266";6;"18:15";"1";"34";"2";"1";"1";4;43;3
"35267";"202100035267";6;"10:25";"1";"34";"2";"1";"1";6;43;3
"35268";"202100035268";6;"21:00";"2";"33";"2";"6";"1";3;44;0
"35269";"202100035269";6;"22:30";"5";"33";"2";"1";"1";6;44;0
"35270";"202100035270";6;"15:00";"1";"33";"2";"3";"1";3;44;0
"35271";"202100035271";6;"08:40";"1";"33";"2";"2";"1";6;44;0
"35272";"202100035272";6;"15:00";"1";"33";"2";"1";"1";6;44;-1
"35273";"202100035273";6;"18:25";"1";"31";"2";"1";"1";3;43;1
"35274";"202100035274";6;"12:30";"1";"30";"2";"1";"1";6;44;4
"35275";"202100035275";6;"07:08";"1";"29";"2";"1";"1";3;48;-4
"35276";"202100035276";6;"12:15";"1";"29";"2";"7";"8";3;48;-4
"35277";"202100035277";6;"18:23";"1";"28";"2";"1";"1";3;48;1
"35278";"202100035278";6;"16:35";"1";"28";"1";"1";"1";3;48;1
"35279";"202100035279";6;"14:25";"1";"26";"2";"3";"1";3;44;4
"35280";"202100035280";6;"13:10";"1";"19";"2";"1";"1";6;45;1
"35281";"202100035281";6;"12:20";"1";"17";"2";"2";"1";1;45;-1
"35282";"202100035282";6;"20:06";"1";"17";"2";"1";"1";6;46;-1
"35283";"202100035283";6;"17:10";"1";"13";"1";"1";"7";1;43;4
"35284";"202100035284";6;"21:40";"2";"13";"2";"1";"1";2;43;5
"35285";"202100035285";6;"20:29";"1";"13";"2";"1";"1";3;43;5
"35286";"202100035286";6;"21:25";"5";"13";"2";"1";"1";2;43;5
"35287";"202100035287";6;"19:15";"1";"13";"2";"1";"1";5;43;5
"35288";"202100035288";6;"10:45";"1";"13";"2";"1";"1";3;43;5
"35289";"202100035289";6;"11:00";"1";"13";"2";"6";"1";3;43;5
"35290";"202100035290";6;"07:45";"1";"13";"2";"3";"1";3;43;5
"35291";"202100035291";6;"18:05";"1";"11";"2";"1";"1";1;43;2
"35292";"202100035292";6;"09:35";"1";"10";"2";"2";"1";3;48;4
"35293";"202100035293";6;"12:30";"1";"07";"2";"1";"1";6;44;4
"35294";"202100035294";6;"10:10";"1";"06";"2";"1";"1";6;43;7
"35295";"202100035295";6;"18:50";"1";"06";"2";"1";"1";3;43;6
"35296";"202100035296";6;"13:30";"1";"06";"2";"1";"1";6;43;6
"35297";"202100035297";6;"18:00";"1";"06";"2";"9";"1";2;43;6
"35298";"202100035298";6;"14:10";"1";"06";"2";"9";"1";6;43;7
"35299";"202100035299";6;"18:48";"1";"03";"2";"6";"1";3;46;3
"35300";"202100035300";6;"19:20";"1";"75";"2";"1";"1";3;48;2
"35301";"202100035301";6;"14:20";"1";"75";"2";"1";"1";6;48;2
"35302";"202100035302";6;"07:35";"1";"75";"2";"2";"1";3;48;2
"35303";"202100035303";6;"15:35";"1";"75";"2";"3";"1";3;48;2
"35304";"202100035304";6;"09:14";"1";"75";"2";"2";"1";3;48;2
"35305";"202100035305";6;"15:27";"1";"75";"2";"2";"1";3;48;2
"35306";"202100035306";6;"10:55";"1";"75";"2";"1";"1";6;48;2
"35307";"202100035307";6;"17:20";"1";"75";"2";"1";"1";6;48;2
"35308";"202100035308";6;"14:50";"1";"75";"2";"4";"1";3;48;2
"35309";"202100035309";6;"20:15";"1";"75";"2";"3";"1";1;48;2
"35310";"202100035310";6;"11:00";"1";"75";"2";"1";"1";2;48;2
"35311";"202100035311";6;"21:30";"2";"75";"2";"1";"1";7;48;2
"35312";"202100035312";6;"19:30";"1";"75";"2";"1";"1";6;48;2
"35313";"202100035313";6;"09:40";"1";"75";"2";"1";"1";6;48;2
"35314";"202100035314";6;"13:15";"1";"75";"2";"1";"1";6;48;2
"35315";"202100035315";6;"18:15";"1";"75";"2";"3";"1";2;48;2
"35316";"202100035316";6;"11:25";"1";"75";"2";"1";"1";6;48;2
"35317";"202100035317";6;"20:55";"1";"75";"2";"1";"1";6;48;2
"35318";"202100035318";6;"20:40";"1";"75";"2";"1";"1";3;48;2
"35319";"202100035319";6;"11:25";"1";"75";"2";"2";"1";3;48;2
"35320";"202100035320";6;"20:28";"2";"75";"2";"2";"1";3;48;2
"35321";"202100035321";6;"18:25";"1";"75";"2";"2";"1";6;48;2
"35322";"202100035322";6;"13:45";"1";"75";"2";"1";"1";3;48;2
"35323";"202100035323";6;"09:25";"1";"75";"2";"2";"1";3;48;2
"35324";"202100035324";6;"13:52";"1";"75";"2";"1";"1";4;48;2
"35325";"202100035325";6;"09:49";"1";"75";"2";"1";"1";3;48;2
"35326";"202100035326";6;"23:40";"5";"75";"2";"1";"1";2;48;2
"35327";"202100035327";6;"23:40";"5";"75";"2";"7";"1";3;48;2
"35328";"202100035328";6;"23:33";"5";"75";"2";"2";"1";3;48;2
"35329";"202100035329";6;"15:30";"1";"75";"2";"1";"1";7;48;2
"35330";"202100035330";6;"10:50";"1";"75";"2";"5";"1";1;48;2
"35331";"202100035331";6;"18:00";"1";"75";"2";"2";"1";3;48;2
"35332";"202100035332";6;"11:30";"1";"94";"2";"1";"1";3;48;2
"35333";"202100035333";6;"11:20";"1";"94";"2";"1";"1";6;48;2
"35334";"202100035334";6;"18:12";"1";"94";"2";"9";"1";1;48;2
"35335";"202100035335";6;"11:00";"1";"94";"2";"9";"1";6;48;2
"35336";"202100035336";6;"16:50";"1";"94";"2";"2";"1";1;48;2
"35337";"202100035337";6;"10:00";"1";"94";"2";"6";"1";3;48;2
"35338";"202100035338";6;"10:30";"1";"94";"2";"1";"1";6;48;2
"35339";"202100035339";6;"14:15";"1";"93";"2";"1";"1";6;48;2
"35340";"202100035340";6;"23:25";"5";"93";"2";"2";"1";3;48;2
"35341";"202100035341";6;"11:25";"1";"93";"2";"1";"1";6;48;2
"35342";"202100035342";6;"17:05";"1";"93";"2";"1";"1";2;48;2
"35343";"202100035343";6;"12:30";"1";"93";"2";"1";"1";3;48;2
"35344";"202100035344";6;"18:15";"1";"93";"2";"2";"1";3;48;2
"35345";"202100035345";6;"15:19";"1";"93";"2";"3";"1";3;48;2
"35346";"202100035346";6;"19:15";"1";"93";"2";"1";"1";3;48;2
"35347";"202100035347";6;"18:40";"1";"93";"2";"1";"7";1;48;2
"35348";"202100035348";6;"12:30";"1";"93";"2";"1";"1";6;48;2
"35349";"202100035349";6;"14:05";"1";"92";"2";"1";"1";3;48;2
"35350";"202100035350";6;"14:10";"1";"92";"2";"3";"1";1;48;2
"35351";"202100035351";6;"19:45";"1";"92";"2";"2";"1";3;48;2