"";"Num_Acc";"mois";"hrmn";"lum";"dep";"agg";"int";"atm";"col";"lat";"long"
"35352";"202100035352";6;"10:25";"1";"92";"2";"2";"1";6;48;2
"35353";"202100035353";6;"19:10";"1";"31";"2";"1";"1";3;43;1
"35354";"202100035354";6;"19:10";"1";"83";"2";"3";"1";3;43;6
"35355";"202100035355";4;"09:30";"1";"26";"1";"1";"1";1;45;4
"35356";"202100035356";6;"17:50";"1";"34";"1";"1";"1";2;43;3
"35357";"202100035357";6;"17:45";"1";"38";"1";"1";"1";6;44;5
"35358";"202100035358";6;"16:20";"1";"87";"1";"2";"1";3;45;1
"35359";"202100035359";6;"17:45";"1";"51";"1";"1";"1";7;48;3
"35360";"202100035360";6;"13:10";"1";"76";"1";"1";"1";1;49;0
"35361";"202100035361";6;"08:55";"1";"82";"2";"6";"1";6;44;0
"35362";"202100035362";6;"20:15";"1";"32";"2";"1";"1";6;43;0
"35363";"202100035363";6;"09:00";"1";"32";"1";"1";"1";6;43;0
"35364";"202100035364";6;"17:00";"1";"71";"1";"1";"2";7;46;4
"35365";"202100035365";6;"19:10";"1";"89";"2";"2";"1";3;47;3
"35366";"202100035366";5;"19:10";"1";"63";"1";"2";"1";3;45;3
"35367";"202100035367";6;"18:30";"1";"55";"2";"1";"1";6;48;5
"35368";"202100035368";6;"16:15";"1";"46";"1";"1";"1";5;44;1
"35369";"202100035369";6;"15:10";"1";"41";"1";"1";"1";6;47;1
"35370";"202100035370";6;"08:50";"1";"22";"1";"1";"1";7;48;-2
"35371";"202100035371";6;"20:45";"1";"29";"1";"1";"1";6;47;-3
"35372";"202100035372";6;"21:50";"1";"29";"1";"1";"1";6;48;-3
"35373";"202100035373";6;"09:40";"1";"29";"2";"2";"1";6;48;-4
"35374";"202100035374";6;"00:00";"3";"29";"1";"1";"1";6;48;-4
"35375";"202100035375";6;"14:30";"1";"29";"1";"1";"1";3;48;-4
"35376";"202100035376";6;"14:40";"1";"15";"1";"1";"1";7;44;2
"35377";"202100035377";6;"08:10";"1";"66";"2";"1";"1";3;42;2
"35378";"202100035378";6;"09:10";"1";"72";"1";"1";"1";2;48;0
"35379";"202100035379";6;"14:45";"1";"14";"1";"1";"1";3;49;0
"35380";"202100035380";6;"01:45";"3";"14";"1";"1";"5";6;49;0
"35381";"202100035381";5;"10:00";"1";"50";"1";"1";"1";7;49;-1
"35382";"202100035382";5;"09:30";"1";"45";"1";"1";"1";2;47;1
"35383";"202100035383";6;"21:20";"2";"64";"1";"1";"1";7;43;-1
"35384";"202100035384";6;"11:15";"1";"43";"1";"1";"1";2;45;4
"35385";"202100035385";6;"18:00";"1";"10";"1";"9";"7";7;48;4
"35386";"202100035386";6;"07:20";"1";"53";"1";"1";"1";2;48;0
"35387";"202100035387";6;"09:00";"1";"85";"1";"1";"1";2;46;-1
"35388";"202100035388";6;"14:40";"1";"85";"2";"6";"1";2;46;-1
"35389";"202100035389";6;"10:00";"1";"28";"1";"1";"1";7;48;1
"35390";"202100035390";6;"05:20";"3";"17";"1";"1";"1";6;45;-1
"35391";"202100035391";6;"22:10";"3";"23";"1";"1";"1";7;45;2
"35392";"202100035392";6;"16:35";"1";"30";"2";"1";"1";1;43;4
"35393";"202100035393";6;"17:45";"1";"48";"1";"1";"1";6;44;3
"35394";"202100035394";6;"22:06";"2";"88";"1";"1";"1";6;48;5
"35395";"202100035395";6;"16:31";"1";"76";"1";"1";"1";2;49;0
"35396";"202100035396";6;"12:10";"1";"91";"1";"1";"7";3;48;2
"35397";"202100035397";6;"23:55";"5";"53";"2";"1";"1";3;48;0
"35398";"202100035398";5;"17:40";"1";"69";"1";"1";"1";7;45;4
"35399";"202100035399";6;"22:40";"3";"13";"1";"1";"1";1;43;5
"35400";"202100035400";6;"23:00";"3";"95";"2";"1";"1";6;49;1
"35401";"202100035401";5;"14:50";"1";"91";"1";"1";"1";7;48;2
"35402";"202100035402";6;"18:50";"1";"2B";"2";"1";"1";6;42;8
"35403";"202100035403";6;"14:00";"1";"66";"1";"6";"1";3;42;2
"35404";"202100035404";6;"16:50";"1";"34";"1";"1";"1";2;43;3
"35405";"202100035405";6;"15:10";"1";"34";"2";"1";"1";6;43;4
"35406";"202100035406";6;"12:25";"1";"34";"1";"1";"1";7;43;3
"35407";"202100035407";6;"20:00";"1";"84";"1";"1";"1";2;43;4
"35408";"202100035408";6;"17:00";"1";"83";"2";"1";"1";4;43;5
"35409";"202100035409";5;"19:00";"1";"13";"1";"1";"1";6;43;5
"35410";"202100035410";6;"23:13";"5";"13";"2";"2";"1";3;43;5
"35411";"202100035411";6;"22:40";"3";"38";"2";"1";"1";7;45;5
"35412";"202100035412";6;"11:30";"1";"38";"2";"1";"1";6;45;5
"35413";"202100035413";6;"22:00";"5";"69";"2";"6";"1";6;45;4
"35414";"202100035414";6;"20:30";"2";"69";"1";"6";"1";3;45;4
"35415";"202100035415";6;"17:15";"1";"09";"1";"1";"1";3;42;1
"35416";"202100035416";6;"13:50";"1";"64";"2";"9";"1";4;43;0
"35417";"202100035417";6;"22:10";"3";"40";"1";"2";"1";3;43;-1
"35418";"202100035418";6;"19:25";"1";"33";"1";"4";"1";6;44;0
"35419";"202100035419";6;"20:00";"1";"59";"2";"4";"1";2;50;3
"35420";"202100035420";6;"13:25";"1";"59";"2";"1";"1";1;50;2
"35421";"202100035421";6;"00:20";"3";"13";"1";"1";"1";7;43;5
"35422";"202100035422";6;"07:40";"1";"67";"1";"1";"1";4;48;7
"35423";"202100035423";6;"14:20";"1";"33";"1";"1";"1";3;44;0
"35424";"202100035424";6;"20:45";"1";"62";"1";"1";"1";6;50;2
"35425";"202100035425";6;"19:00";"1";"94";"1";"1";"1";6;48;2
"35426";"202100035426";6;"19:05";"1";"94";"1";"1";"1";3;48;2
"35427";"202100035427";6;"09:40";"1";"91";"1";"1";"1";3;48;2
"35428";"202100035428";6;"18:40";"1";"78";"1";"1";"1";3;48;2
"35429";"202100035429";6;"18:10";"1";"78";"1";"1";"1";2;48;2
"35430";"202100035430";6;"11:55";"1";"78";"1";"1";"1";6;48;2
"35431";"202100035431";6;"08:40";"1";"78";"1";"1";"1";3;48;2
"35432";"202100035432";6;"19:15";"1";"78";"1";"1";"1";2;48;2
"35433";"202100035433";6;"18:00";"1";"78";"1";"1";"1";3;48;2
"35434";"202100035434";6;"08:10";"1";"92";"1";"1";"1";2;48;2
"35435";"202100035435";6;"18:20";"1";"93";"1";"1";"1";2;48;2
"35436";"202100035436";6;"11:20";"1";"93";"1";"1";"1";3;48;2
"35437";"202100035437";6;"02:15";"3";"93";"1";"1";"1";6;48;2
"35438";"202100035438";6;"19:00";"1";"93";"1";"1";"1";5;48;2
"35439";"202100035439";6;"19:50";"1";"94";"1";"1";"1";2;48;2
"35440";"202100035440";6;"18:25";"1";"93";"1";"1";"1";5;48;2
"35441";"202100035441";6;"14:40";"1";"93";"1";"1";"1";2;48;2
"35442";"202100035442";6;"09:25";"1";"77";"1";"1";"1";2;48;2
"35443";"202100035443";6;"08:40";"1";"94";"1";"1";"1";4;48;2
"35444";"202100035444";6;"12:16";"1";"87";"2";"1";"1";6;45;1
"35445";"202100035445";6;"18:00";"1";"64";"2";"1";"1";6;43;0
"35446";"202100035446";6;"22:35";"5";"75";"2";"2";"1";3;48;2
"35447";"202100035447";6;"17:30";"2";"988";"2";"1";"1";3;-22;166
"35448";"202100035448";6;"12:30";"1";"974";"2";"1";"1";3;-21;55
"35449";"202100035449";6;"23:00";"5";"974";"2";"2";"1";5;-20;55
"35450";"202100035450";6;"10:25";"1";"974";"2";"2";"1";3;-20;55
"35451";"202100035451";6;"22:50";"5";"69";"2";"2";"1";3;45;4
"35452";"202100035452";6;"20:20";"1";"69";"2";"2";"1";3;45;4
"35453";"202100035453";6;"15:45";"1";"69";"2";"2";"1";3;45;4
"35454";"202100035454";6;"14:00";"1";"69";"2";"1";"1";6;45;4
"35455";"202100035455";6;"07:40";"1";"69";"2";"6";"1";6;45;4
"35456";"202100035456";6;"17:00";"1";"971";"1";"3";"2";2;16;-61
"35457";"202100035457";6;"16:25";"1";"971";"2";"2";"2";3;16;-61
"35458";"202100035458";6;"15:40";"1";"95";"2";"1";"1";5;49;2
"35459";"202100035459";6;"17:55";"1";"91";"2";"9";"7";6;48;2
"35460";"202100035460";6;"10:40";"1";"91";"2";"1";"1";6;48;2
"35461";"202100035461";6;"19:15";"1";"91";"2";"1";"1";6;48;2
"35462";"202100035462";6;"13:10";"1";"91";"1";"6";"1";2;48;2
"35463";"202100035463";6;"08:30";"1";"91";"2";"3";"1";6;48;2
"35464";"202100035464";6;"15:44";"1";"87";"2";"1";"3";6;45;1
"35465";"202100035465";6;"15:00";"1";"87";"1";"1";"2";5;45;1
"35466";"202100035466";6;"14:32";"1";"77";"2";"3";"1";6;48;2
"35467";"202100035467";6;"08:05";"1";"77";"2";"1";"1";6;48;2
"35468";"202100035468";6;"17:05";"1";"73";"1";"1";"1";3;45;5
"35469";"202100035469";6;"02:20";"5";"73";"2";"1";"1";6;45;6
"35470";"202100035470";6;"21:50";"5";"69";"2";"8";"1";3;45;4
"35471";"202100035471";6;"18:30";"1";"67";"2";"1";"1";6;48;7
"35472";"202100035472";6;"16:30";"1";"67";"2";"1";"1";3;48;7
"35473";"202100035473";6;"15:45";"1";"67";"2";"3";"8";3;48;7
"35474";"202100035474";6;"16:20";"1";"67";"2";"1";"1";1;48;7
"35475";"202100035475";6;"13:10";"1";"66";"2";"3";"1";3;42;2
"35476";"202100035476";6;"10:20";"1";"66";"2";"6";"1";6;42;2
"35477";"202100035477";6;"08:15";"1";"66";"2";"6";"1";6;42;2
"35478";"202100035478";6;"20:30";"1";"66";"2";"1";"1";3;42;2
"35479";"202100035479";6;"07:32";"1";"66";"2";"3";"1";3;42;2
"35480";"202100035480";6;"22:56";"5";"65";"2";"6";"1";7;43;0
"35481";"202100035481";6;"17:20";"1";"64";"1";"3";"1";3;43;-1
"35482";"202100035482";6;"12:35";"1";"64";"2";"1";"8";2;43;-1
"35483";"202100035483";6;"16:25";"1";"64";"2";"1";"1";2;43;0
"35484";"202100035484";6;"09:31";"1";"63";"2";"1";"1";3;45;3
"35485";"202100035485";6;"07:49";"1";"63";"2";"3";"1";3;45;3
"35486";"202100035486";5;"14:30";"1";"62";"1";"2";"6";1;50;1
"35487";"202100035487";6;"12:15";"1";"59";"2";"1";"1";6;50;3
"35488";"202100035488";6;"11:50";"1";"58";"2";"1";"1";1;46;3
"35489";"202100035489";5;"10:30";"1";"57";"2";"1";"1";3;48;7
"35490";"202100035490";6;"21:39";"1";"56";"2";"3";"1";3;47;-3
"35491";"202100035491";6;"17:12";"1";"51";"1";"2";"1";1;49;3
"35492";"202100035492";6;"15:05";"1";"51";"2";"2";"1";1;49;4
"35493";"202100035493";6;"18:10";"1";"50";"2";"1";"1";3;49;-1
"35494";"202100035494";6;"16:30";"1";"50";"2";"1";"1";2;49;-1
"35495";"202100035495";6;"17:15";"1";"49";"2";"1";"1";7;47;0
"35496";"202100035496";6;"17:12";"1";"49";"2";"2";"1";3;47;0
"35497";"202100035497";6;"17:37";"1";"49";"2";"1";"1";6;47;0
"35498";"202100035498";6;"08:54";"1";"47";"2";"1";"1";3;44;0
"35499";"202100035499";6;"22:35";"5";"45";"2";"1";"1";6;47;1
"35500";"202100035500";6;"14:00";"1";"44";"2";"1";"1";2;47;-1
"35501";"202100035501";6;"15:24";"1";"39";"2";"1";"1";3;47;5
"35502";"202100035502";6;"17:44";"1";"38";"2";"6";"1";3;45;4
"35503";"202100035503";6;"08:00";"1";"38";"2";"2";"1";3;45;5
"35504";"202100035504";6;"15:45";"1";"37";"2";"1";"1";6;47;0
"35505";"202100035505";6;"11:40";"1";"35";"2";"1";"1";3;48;-1
"35506";"202100035506";6;"17:20";"1";"34";"2";"1";"1";3;43;3
"35507";"202100035507";6;"15:15";"1";"34";"2";"6";"1";3;43;3
"35508";"202100035508";6;"16:05";"1";"31";"2";"1";"7";2;43;1
"35509";"202100035509";6;"12:25";"1";"28";"2";"1";"1";1;48;1
"35510";"202100035510";6;"15:20";"1";"28";"2";"1";"1";3;48;1
"35511";"202100035511";6;"19:15";"1";"25";"2";"1";"1";3;47;5
"35512";"202100035512";6;"09:15";"1";"25";"2";"2";"1";3;47;5
"35513";"202100035513";6;"17:01";"1";"17";"1";"1";"1";2;46;-1
"35514";"202100035514";6;"14:00";"1";"13";"1";"1";"1";6;43;4
"35515";"202100035515";6;"09:30";"1";"13";"2";"1";"1";2;43;5
"35516";"202100035516";6;"20:35";"1";"13";"2";"1";"1";2;43;5
"35517";"202100035517";6;"16:20";"1";"13";"2";"1";"1";3;43;5
"35518";"202100035518";6;"18:00";"1";"13";"2";"1";"1";3;43;5
"35519";"202100035519";6;"13:20";"1";"13";"2";"1";"1";3;43;5
"35520";"202100035520";6;"07:30";"1";"13";"2";"1";"1";1;43;5
"35521";"202100035521";6;"08:50";"1";"13";"2";"6";"1";7;43;5
"35522";"202100035522";6;"14:55";"1";"11";"2";"2";"1";3;43;2
"35523";"202100035523";6;"16:14";"1";"10";"1";"6";"1";3;48;4
"35524";"202100035524";6;"13:55";"1";"09";"2";"9";"1";3;42;1
"35525";"202100035525";6;"08:44";"1";"07";"2";"2";"1";3;44;4
"35526";"202100035526";6;"12:15";"1";"75";"2";"1";"1";3;48;2
"35527";"202100035527";6;"09:15";"1";"75";"2";"1";"1";3;48;2
"35528";"202100035528";6;"09:00";"1";"75";"2";"1";"1";3;48;2
"35529";"202100035529";6;"22:25";"5";"75";"2";"1";"1";2;48;2
"35530";"202100035530";6;"12:45";"1";"75";"2";"1";"1";2;48;2
"35531";"202100035531";6;"07:35";"1";"75";"2";"1";"1";4;48;2
"35532";"202100035532";6;"14:56";"1";"75";"2";"1";"1";6;48;2
"35533";"202100035533";6;"19:11";"1";"75";"2";"5";"1";3;48;2
"35534";"202100035534";6;"18:00";"1";"75";"2";"2";"1";3;48;2
"35535";"202100035535";6;"19:25";"1";"75";"2";"2";"1";3;48;2
"35536";"202100035536";6;"16:10";"1";"75";"2";"1";"1";3;48;2
"35537";"202100035537";6;"10:40";"1";"75";"2";"1";"1";6;48;2
"35538";"202100035538";6;"21:45";"5";"75";"2";"3";"1";2;48;2
"35539";"202100035539";6;"18:20";"1";"75";"2";"2";"1";3;48;2
"35540";"202100035540";6;"11:40";"1";"75";"2";"1";"1";6;48;2
"35541";"202100035541";6;"19:15";"1";"75";"2";"1";"1";2;48;2
"35542";"202100035542";6;"11:40";"1";"75";"2";"1";"1";2;48;2
"35543";"202100035543";6;"18:30";"1";"75";"2";"4";"1";3;48;2
"35544";"202100035544";6;"18:39";"1";"75";"2";"4";"1";3;48;2
"35545";"202100035545";6;"21:10";"5";"75";"2";"2";"1";2;48;2
"35546";"202100035546";6;"10:35";"1";"75";"2";"4";"1";2;48;2
"35547";"202100035547";6;"08:30";"1";"75";"2";"2";"1";6;48;2
"35548";"202100035548";6;"22:54";"5";"75";"2";"2";"1";2;48;2
"35549";"202100035549";6;"19:30";"1";"75";"2";"3";"1";3;48;2
"35550";"202100035550";6;"17:30";"1";"75";"2";"1";"1";7;48;2
"35551";"202100035551";6;"20:10";"1";"75";"2";"1";"7";6;48;2
"35552";"202100035552";6;"16:38";"1";"75";"2";"1";"7";6;48;2
"35553";"202100035553";6;"14:00";"1";"75";"2";"1";"1";6;48;2
"35554";"202100035554";6;"09:55";"1";"75";"2";"2";"1";3;48;2
"35555";"202100035555";6;"18:10";"1";"94";"2";"1";"1";1;48;2
"35556";"202100035556";6;"16:00";"1";"94";"2";"2";"1";6;48;2
"35557";"202100035557";6;"14:30";"1";"94";"2";"1";"1";1;48;2
"35558";"202100035558";6;"00:30";"5";"94";"2";"1";"1";6;48;2
"35559";"202100035559";6;"10:30";"1";"94";"2";"1";"1";6;48;2
"35560";"202100035560";6;"06:30";"2";"94";"2";"3";"1";2;48;2
"35561";"202100035561";6;"19:50";"1";"94";"2";"1";"1";7;48;2
"35562";"202100035562";6;"23:20";"5";"94";"2";"9";"1";3;48;2
"35563";"202100035563";6;"17:00";"1";"93";"2";"3";"1";6;48;2
"35564";"202100035564";6;"19:50";"1";"93";"2";"1";"1";6;48;2
"35565";"202100035565";6;"18:30";"1";"93";"2";"1";"1";2;48;2
"35566";"202100035566";6;"16:20";"1";"93";"2";"3";"1";3;48;2
"35567";"202100035567";6;"07:45";"1";"93";"2";"3";"1";3;48;2
"35568";"202100035568";6;"18:00";"1";"93";"2";"2";"1";2;48;2
"35569";"202100035569";6;"08:05";"1";"93";"2";"3";"1";1;48;2
"35570";"202100035570";6;"14:15";"1";"93";"2";"1";"1";3;48;2
"35571";"202100035571";6;"18:15";"1";"92";"2";"4";"1";6;48;2
"35572";"202100035572";6;"21:10";"1";"92";"2";"1";"1";6;48;2
"35573";"202100035573";6;"17:50";"1";"92";"2";"1";"1";2;48;2
"35574";"202100035574";6;"14:46";"1";"92";"2";"3";"1";3;48;2
"35575";"202100035575";6;"08:44";"1";"92";"2";"5";"7";3;48;2
"35576";"202100035576";6;"07:50";"1";"92";"2";"3";"1";7;48;2
"35577";"202100035577";6;"20:50";"1";"92";"2";"1";"1";1;48;2
"35578";"202100035578";6;"10:35";"1";"92";"2";"4";"1";3;48;2
"35579";"202100035579";6;"13:10";"1";"92";"2";"2";"1";6;48;2
"35580";"202100035580";6;"12:35";"1";"92";"2";"3";"1";6;48;2
"35581";"202100035581";6;"12:45";"1";"92";"2";"1";"1";2;48;2
"35582";"202100035582";6;"18:00";"1";"92";"2";"1";"1";5;48;2
"35583";"202100035583";6;"19:19";"1";"92";"2";"1";"1";3;48;2
"35584";"202100035584";6;"17:40";"1";"01";"2";"6";"1";6;45;5
"35585";"202100035585";6;"17:55";"1";"62";"1";"3";"1";3;50;2
"35586";"202100035586";6;"17:41";"1";"91";"1";"6";"1";3;48;2
"35587";"202100035587";6;"11:05";"1";"38";"2";"1";"1";1;45;4
"35588";"202100035588";3;"11:16";"1";"01";"2";"3";"1";3;45;5
"35589";"202100035589";6;"08:00";"1";"77";"1";"9";"1";7;48;2
"35590";"202100035590";6;"00:50";"3";"83";"1";"1";"1";6;43;6
"35591";"202100035591";6;"03:25";"3";"22";"1";"1";"1";7;48;-2
"35592";"202100035592";6;"09:35";"1";"83";"2";"3";"1";6;43;6
"35593";"202100035593";6;"18:00";"1";"85";"1";"1";"8";6;46;-1
"35594";"202100035594";6;"18:00";"1";"30";"2";"1";"1";6;44;4
"35595";"202100035595";6;"19:24";"1";"34";"1";"3";"1";3;43;3
"35596";"202100035596";6;"07:40";"1";"51";"1";"1";"1";1;49;4
"35597";"202100035597";6;"10:45";"1";"51";"2";"1";"1";7;49;3
"35598";"202100035598";6;"16:55";"1";"74";"2";"1";"1";5;45;6
"35599";"202100035599";6;"16:00";"1";"2A";"1";"6";"1";2;41;8
"35600";"202100035600";6;"17:15";"1";"80";"2";"1";"1";1;49;2
"35601";"202100035601";6;"16:45";"1";"55";"1";"1";"1";7;48;5
"35602";"202100035602";6;"17:00";"1";"12";"1";"1";"1";7;44;2
"35603";"202100035603";6;"15:00";"1";"12";"1";"1";"1";6;44;2
"35604";"202100035604";6;"12:20";"1";"34";"1";"9";"1";3;43;3
"35605";"202100035605";6;"15:00";"1";"39";"1";"1";"1";1;46;5
"35606";"202100035606";6;"10:50";"1";"44";"2";"9";"1";6;47;-2
"35607";"202100035607";6;"17:20";"1";"29";"1";"1";"1";2;47;-3
"35608";"202100035608";6;"22:30";"5";"38";"1";"3";"1";1;45;5
"35609";"202100035609";6;"16:11";"1";"02";"1";"2";"7";3;49;3
"35610";"202100035610";6;"16:50";"1";"01";"1";"3";"1";2;46;4
"35611";"202100035611";6;"00:00";"3";"70";"1";"1";"2";7;47;6
"35612";"202100035612";6;"09:10";"1";"72";"1";"1";"1";1;47;0
"35613";"202100035613";6;"09:00";"1";"50";"1";"1";"1";1;49;-1
"35614";"202100035614";6;"08:30";"1";"83";"1";"1";"1";1;43;5
"35615";"202100035615";6;"14:25";"1";"45";"1";"1";"1";3;48;1
"35616";"202100035616";6;"17:45";"1";"64";"1";"1";"1";1;43;0
"35617";"202100035617";6;"15:15";"1";"36";"1";"1";"1";6;46;1
"35618";"202100035618";6;"21:35";"2";"16";"1";"1";"1";1;45;0
"35619";"202100035619";6;"16:48";"1";"53";"2";"3";"1";3;47;0
"35620";"202100035620";6;"18:57";"1";"24";"1";"1";"1";7;45;1
"35621";"202100035621";6;"14:45";"1";"27";"2";"3";"1";3;48;1
"35622";"202100035622";6;"22:47";"4";"17";"2";"1";"1";1;46;0
"35623";"202100035623";6;"19:35";"1";"30";"1";"1";"1";7;43;4
"35624";"202100035624";5;"16:10";"1";"24";"1";"1";"1";7;45;0
"35625";"202100035625";6;"12:15";"1";"973";"2";"2";"2";3;4;-52
"35626";"202100035626";6;"15:00";"1";"974";"1";"1";"1";6;-21;55
"35627";"202100035627";6;"20:17";"1";"95";"1";"1";"1";5;49;1
"35628";"202100035628";6;"20:00";"2";"78";"1";"1";"1";5;48;1
"35629";"202100035629";6;"20:35";"1";"2A";"2";"2";"1";3;41;9
"35630";"202100035630";6;"18:00";"1";"34";"1";"6";"1";3;43;4
"35631";"202100035631";6;"15:40";"1";"13";"1";"2";"1";3;43;4
"35632";"202100035632";6;"13:30";"1";"89";"1";"1";"1";7;47;3
"35633";"202100035633";6;"10:23";"1";"71";"1";"1";"1";2;46;4
"35634";"202100035634";6;"17:00";"1";"67";"1";"6";"1";5;48;7
"35635";"202100035635";6;"18:50";"1";"57";"1";"1";"1";6;49;6
"35636";"202100035636";6;"18:00";"1";"79";"1";"1";"1";7;46;0
"35637";"202100035637";6;"17:55";"1";"33";"2";"1";"1";2;44;0
"35638";"202100035638";6;"00:05";"3";"85";"2";"1";"1";6;46;-2
"35639";"202100035639";6;"14:50";"1";"14";"2";"1";"1";6;48;0
"35640";"202100035640";6;"23:30";"3";"29";"1";"1";"1";6;47;-3
"35641";"202100035641";6;"10:00";"1";"27";"2";"6";"1";2;49;1
"35642";"202100035642";6;"19:00";"1";"13";"1";"1";"1";4;43;5
"35643";"202100035643";6;"18:30";"1";"13";"1";"1";"1";3;43;5
"35644";"202100035644";6;"19:34";"1";"13";"1";"1";"1";2;43;5
"35645";"202100035645";6;"01:15";"3";"83";"1";"1";"1";5;43;5
"35646";"202100035646";4;"15:55";"1";"69";"1";"1";"1";4;45;4
"35647";"202100035647";6;"01:00";"5";"69";"1";"1";"2";2;45;4
"35648";"202100035648";6;"09:35";"1";"33";"1";"1";"1";2;44;0
"35649";"202100035649";6;"19:15";"1";"91";"1";"1";"1";2;48;2
"35650";"202100035650";6;"17:10";"1";"94";"1";"1";"1";7;48;2
"35651";"202100035651";6;"13:10";"1";"91";"1";"1";"1";7;48;2
"35652";"202100035652";6;"08:30";"1";"94";"1";"1";"1";2;48;2
"35653";"202100035653";6;"07:50";"1";"91";"1";"1";"1";2;48;2
"35654";"202100035654";6;"22:10";"3";"91";"1";"1";"1";2;48;2
"35655";"202100035655";6;"08:45";"1";"78";"1";"1";"1";3;48;2
"35656";"202100035656";6;"16:40";"1";"92";"1";"1";"1";6;48;2
"35657";"202100035657";6;"15:30";"1";"92";"1";"1";"1";3;48;2
"35658";"202100035658";6;"11:15";"1";"93";"1";"1";"1";3;48;2
"35659";"202100035659";6;"17:25";"1";"94";"1";"1";"1";4;48;2
"35660";"202100035660";6;"07:00";"1";"93";"1";"1";"1";3;48;2
"35661";"202100035661";6;"10:30";"1";"69";"2";"1";"1";6;45;4
"35662";"202100035662";6;"11:45";"1";"988";"1";"1";"1";6;-22;166
"35663";"202100035663";6;"17:40";"1";"974";"1";"9";"1";2;-21;55
"35664";"202100035664";6;"07:45";"1";"974";"1";"1";"3";3;-21;55
"35665";"202100035665";6;"08:00";"1";"974";"2";"7";"7";6;-20;55
"35666";"202100035666";6;"21:00";"5";"974";"2";"1";"1";7;-20;55
"35667";"202100035667";6;"01:30";"5";"69";"2";"1";"1";7;45;4
"35668";"202100035668";6;"12:20";"1";"69";"2";"2";"1";3;45;4
"35669";"202100035669";6;"08:10";"1";"69";"2";"1";"1";6;45;4
"35670";"202100035670";6;"09:10";"1";"69";"2";"1";"1";3;45;4
"35671";"202100035671";6;"17:00";"1";"69";"2";"3";"1";6;45;4
"35672";"202100035672";6;"12:09";"1";"69";"2";"2";"1";3;45;4
"35673";"202100035673";6;"13:25";"1";"971";"1";"1";"1";6;16;-61
"35674";"202100035674";6;"18:00";"1";"95";"2";"1";"1";2;48;2
"35675";"202100035675";5;"17:35";"1";"95";"2";"1";"1";5;49;2
"35676";"202100035676";6;"17:00";"1";"95";"2";"1";"1";6;48;2
"35677";"202100035677";6;"18:00";"1";"95";"2";"1";"1";6;48;2
"35678";"202100035678";6;"20:00";"1";"91";"1";"1";"1";6;48;2
"35679";"202100035679";6;"20:15";"2";"91";"2";"2";"1";2;48;2
"35680";"202100035680";6;"16:40";"1";"91";"2";"1";"1";2;48;2
"35681";"202100035681";6;"12:03";"1";"87";"2";"1";"1";6;45;1
"35682";"202100035682";6;"09:10";"1";"86";"2";"1";"1";2;46;0
"35683";"202100035683";6;"15:25";"1";"86";"2";"1";"1";3;46;0
"35684";"202100035684";6;"19:30";"2";"84";"2";"1";"1";1;44;4
"35685";"202100035685";6;"09:35";"1";"83";"2";"1";"1";6;43;6
"35686";"202100035686";6;"07:40";"1";"82";"2";"3";"1";3;44;1
"35687";"202100035687";5;"20:30";"1";"78";"1";"1";"1";6;48;1
"35688";"202100035688";6;"12:00";"1";"77";"2";"1";"1";2;48;2
"35689";"202100035689";6;"17:15";"1";"76";"1";"1";"1";1;49;1
"35690";"202100035690";6;"06:20";"1";"76";"2";"1";"1";1;49;1
"35691";"202100035691";6;"16:00";"1";"69";"2";"8";"1";6;45;4
"35692";"202100035692";6;"11:30";"1";"69";"2";"9";"1";3;45;4
"35693";"202100035693";6;"18:50";"1";"68";"2";"1";"1";3;47;7
"35694";"202100035694";6;"14:15";"1";"67";"2";"1";"8";7;48;7
"35695";"202100035695";6;"16:00";"1";"66";"2";"3";"1";3;42;2
"35696";"202100035696";6;"11:56";"1";"65";"2";"1";"1";2;43;0
"35697";"202100035697";6;"08:40";"1";"65";"2";"1";"1";6;43;0
"35698";"202100035698";6;"13:25";"1";"64";"2";"1";"1";6;43;-1
"35699";"202100035699";6;"19:15";"1";"64";"2";"6";"1";3;43;0
"35700";"202100035700";6;"09:16";"1";"64";"2";"6";"1";3;43;0
"35701";"202100035701";6;"11:05";"1";"64";"2";"1";"1";4;43;0
"35702";"202100035702";6;"12:40";"1";"64";"2";"1";"1";7;43;-1
"35703";"202100035703";6;"08:25";"1";"64";"2";"2";"1";3;43;-1
"35704";"202100035704";6;"19:30";"1";"63";"2";"1";"1";6;45;3
"35705";"202100035705";6;"07:50";"1";"59";"2";"3";"1";3;50;3
"35706";"202100035706";6;"11:30";"1";"59";"1";"6";"1";2;50;2
"35707";"202100035707";6;"15:30";"1";"57";"1";"9";"1";3;49;6
"35708";"202100035708";5;"16:50";"1";"56";"2";"1";"1";4;47;-2
"35709";"202100035709";6;"19:33";"1";"56";"2";"2";"1";3;47;-2
"35710";"202100035710";6;"18:14";"1";"54";"1";"1";"1";3;48;6
"35711";"202100035711";6;"12:34";"1";"54";"2";"1";"1";6;48;6
"35712";"202100035712";6;"07:55";"1";"50";"2";"1";"1";2;48;-1
"35713";"202100035713";6;"16:02";"1";"49";"2";"1";"1";6;47;0
"35714";"202100035714";6;"14:42";"1";"47";"2";"1";"1";2;44;0
"35715";"202100035715";6;"16:05";"1";"45";"2";"1";"1";6;47;1
"35716";"202100035716";6;"17:10";"1";"35";"2";"9";"1";3;48;-1