"";"Num_Acc";"mois";"hrmn";"lum";"dep";"agg";"int";"atm";"col";"lat";"long"
"35717";"202100035717";6;"08:20";"1";"35";"2";"1";"1";3;48;-1
"35718";"202100035718";6;"17:50";"1";"33";"2";"1";"1";6;44;0
"35719";"202100035719";6;"10:00";"1";"33";"2";"1";"1";3;44;0
"35720";"202100035720";6;"22:30";"5";"31";"2";"1";"1";1;43;1
"35721";"202100035721";6;"11:30";"1";"31";"2";"1";"1";3;43;1
"35722";"202100035722";6;"08:00";"1";"31";"1";"1";"1";6;43;0
"35723";"202100035723";6;"08:10";"1";"30";"1";"2";"1";6;43;4
"35724";"202100035724";6;"05:25";"2";"30";"2";"2";"1";6;43;4
"35725";"202100035725";6;"12:15";"1";"29";"2";"1";"1";6;47;-3
"35726";"202100035726";6;"21:30";"1";"29";"2";"1";"1";6;48;-4
"35727";"202100035727";5;"18:45";"1";"29";"2";"2";"1";3;48;-4
"35728";"202100035728";6;"18:15";"1";"28";"2";"1";"1";1;48;1
"35729";"202100035729";6;"17:00";"1";"28";"2";"1";"1";3;48;1
"35730";"202100035730";6;"16:50";"1";"26";"2";"1";"1";2;44;4
"35731";"202100035731";6;"15:30";"1";"24";"2";"1";"3";6;45;0
"35732";"202100035732";6;"17:00";"1";"22";"2";"1";"1";3;48;-2
"35733";"202100035733";6;"16:07";"1";"22";"2";"1";"1";1;48;-3
"35734";"202100035734";6;"13:30";"1";"13";"2";"1";"1";3;43;5
"35735";"202100035735";6;"09:45";"1";"13";"2";"1";"1";3;43;5
"35736";"202100035736";6;"20:20";"1";"13";"1";"9";"1";1;43;4
"35737";"202100035737";6;"16:55";"1";"13";"2";"1";"1";3;43;5
"35738";"202100035738";6;"20:30";"2";"12";"2";"1";"1";3;44;2
"35739";"202100035739";6;"18:05";"1";"11";"1";"1";"1";4;43;2
"35740";"202100035740";6;"05:15";"3";"11";"1";"1";"1";6;43;2
"35741";"202100035741";6;"14:10";"1";"10";"2";"2";"1";3;48;4
"35742";"202100035742";6;"10:41";"1";"10";"2";"2";"1";3;48;4
"35743";"202100035743";6;"15:00";"1";"06";"2";"1";"1";4;43;7
"35744";"202100035744";6;"08:00";"1";"06";"2";"1";"1";6;43;7
"35745";"202100035745";6;"12:11";"1";"03";"1";"3";"1";3;46;2
"35746";"202100035746";6;"17:55";"1";"75";"2";"1";"1";3;48;2
"35747";"202100035747";6;"17:29";"1";"75";"2";"3";"1";6;48;2
"35748";"202100035748";6;"17:00";"1";"75";"2";"1";"1";6;48;2
"35749";"202100035749";6;"10:20";"1";"75";"2";"2";"1";3;48;2
"35750";"202100035750";6;"13:00";"1";"75";"2";"3";"1";3;48;2
"35751";"202100035751";6;"13:40";"1";"75";"2";"3";"1";6;48;2
"35752";"202100035752";6;"15:15";"1";"75";"2";"2";"1";6;48;2
"35753";"202100035753";6;"20:25";"1";"75";"2";"2";"1";3;48;2
"35754";"202100035754";6;"14:35";"1";"75";"2";"1";"1";2;48;2
"35755";"202100035755";6;"09:45";"1";"75";"2";"1";"1";3;48;2
"35756";"202100035756";6;"23:15";"3";"75";"2";"7";"1";3;48;2
"35757";"202100035757";6;"13:00";"1";"75";"2";"1";"1";3;48;2
"35758";"202100035758";6;"10:00";"1";"75";"2";"2";"1";3;48;2
"35759";"202100035759";6;"17:40";"1";"75";"2";"1";"1";3;48;2
"35760";"202100035760";6;"12:34";"1";"75";"2";"3";"1";3;48;2
"35761";"202100035761";6;"13:15";"1";"75";"2";"3";"1";2;48;2
"35762";"202100035762";6;"09:30";"1";"75";"2";"4";"1";7;48;2
"35763";"202100035763";6;"18:50";"1";"75";"2";"1";"1";1;48;2
"35764";"202100035764";6;"19:25";"1";"94";"2";"1";"1";6;48;2
"35765";"202100035765";6;"17:45";"1";"94";"2";"2";"1";3;48;2
"35766";"202100035766";6;"08:00";"1";"94";"2";"3";"1";3;48;2
"35767";"202100035767";6;"19:00";"1";"94";"2";"1";"1";2;48;2
"35768";"202100035768";6;"16:10";"1";"94";"2";"9";"1";6;48;2
"35769";"202100035769";6;"09:00";"1";"94";"2";"1";"1";6;48;2
"35770";"202100035770";6;"18:50";"1";"94";"2";"1";"1";3;48;2
"35771";"202100035771";6;"18:15";"1";"93";"2";"3";"1";6;48;2
"35772";"202100035772";6;"16:05";"1";"93";"2";"1";"1";3;48;2
"35773";"202100035773";6;"21:20";"1";"93";"2";"1";"1";3;48;2
"35774";"202100035774";6;"11:25";"1";"93";"2";"2";"1";3;48;2
"35775";"202100035775";6;"16:00";"1";"93";"2";"1";"1";4;48;2
"35776";"202100035776";6;"17:50";"1";"93";"2";"3";"1";6;48;2
"35777";"202100035777";6;"17:20";"1";"93";"2";"3";"1";3;48;2
"35778";"202100035778";6;"20:10";"1";"93";"2";"1";"1";4;48;2
"35779";"202100035779";6;"13:50";"1";"93";"2";"3";"1";3;48;2
"35780";"202100035780";6;"19:45";"1";"92";"2";"2";"1";3;48;2
"35781";"202100035781";6;"07:50";"1";"92";"2";"1";"1";3;48;2
"35782";"202100035782";6;"09:30";"1";"92";"2";"3";"1";3;48;2
"35783";"202100035783";6;"08:00";"1";"92";"2";"1";"1";2;48;2
"35784";"202100035784";6;"09:09";"1";"92";"2";"9";"1";3;48;2
"35785";"202100035785";6;"14:15";"1";"92";"2";"1";"1";5;48;2
"35786";"202100035786";6;"11:00";"1";"92";"2";"1";"1";7;48;2
"35787";"202100035787";6;"08:10";"1";"92";"2";"1";"1";3;48;2
"35788";"202100035788";6;"08:15";"1";"92";"2";"1";"1";3;48;2
"35789";"202100035789";6;"17:57";"1";"17";"1";"6";"1";7;46;-1
"35790";"202100035790";6;"16:15";"1";"16";"1";"1";"1";6;45;0
"35791";"202100035791";6;"14:05";"1";"68";"2";"1";"1";1;47;7
"35792";"202100035792";6;"19:20";"1";"41";"1";"1";"1";7;47;1
"35793";"202100035793";6;"11:30";"1";"41";"1";"1";"1";7;47;1
"35794";"202100035794";6;"17:45";"1";"31";"1";"3";"1";3;43;1
"35795";"202100035795";6;"19:10";"1";"11";"2";"3";"1";3;43;2
"35796";"202100035796";6;"19:15";"1";"63";"1";"1";"1";7;45;3
"35797";"202100035797";6;"15:50";"1";"54";"1";"1";"1";6;49;5
"35798";"202100035798";6;"16:55";"1";"83";"2";"1";"1";2;43;6
"35799";"202100035799";6;"14:30";"1";"51";"1";"1";"1";7;48;4
"35800";"202100035800";6;"11:00";"1";"19";"1";"1";"1";6;45;2
"35801";"202100035801";6;"10:00";"1";"56";"1";"1";"1";1;47;-2
"35802";"202100035802";6;"14:50";"1";"56";"1";"1";"1";1;47;-3
"35803";"202100035803";6;"15:45";"1";"74";"1";"1";"1";1;46;5
"35804";"202100035804";6;"18:00";"1";"74";"2";"1";"1";3;45;6
"35805";"202100035805";6;"17:00";"1";"67";"2";"3";"1";3;48;7
"35806";"202100035806";6;"17:00";"1";"79";"2";"1";"1";3;46;0
"35807";"202100035807";5;"11:05";"1";"33";"1";"9";"1";3;44;0
"35808";"202100035808";6;"12:10";"1";"69";"1";"3";"1";7;46;4
"35809";"202100035809";6;"15:50";"1";"32";"2";"3";"1";7;43;0
"35810";"202100035810";6;"16:38";"1";"42";"1";"4";"1";1;45;4
"35811";"202100035811";6;"08:00";"1";"42";"2";"4";"1";2;45;4
"35812";"202100035812";6;"18:15";"1";"34";"1";"1";"1";1;43;3
"35813";"202100035813";6;"14:11";"1";"22";"1";"1";"1";3;48;-3
"35814";"202100035814";6;"06:50";"1";"31";"1";"2";"1";1;43;0
"35815";"202100035815";6;"21:30";"2";"26";"1";"1";"1";6;44;5
"35816";"202100035816";6;"08:15";"1";"72";"1";"3";"1";1;48;0
"35817";"202100035817";6;"09:25";"1";"06";"2";"1";"1";1;43;6
"35818";"202100035818";6;"03:45";"3";"14";"2";"3";"1";6;49;0
"35819";"202100035819";6;"15:30";"1";"50";"2";"1";"1";6;48;-1
"35820";"202100035820";6;"18:15";"1";"60";"2";"1";"1";4;49;1
"35821";"202100035821";6;"03:30";"3";"07";"2";"1";"1";6;44;4
"35822";"202100035822";6;"22:15";"2";"53";"1";"1";"1";6;48;0
"35823";"202100035823";6;"15:00";"1";"85";"1";"1";"1";7;46;0
"35824";"202100035824";6;"07:40";"1";"85";"1";"1";"1";3;46;-1
"35825";"202100035825";6;"11:24";"1";"27";"2";"1";"1";6;48;1
"35826";"202100035826";5;"14:52";"1";"01";"2";"1";"1";7;46;4
"35827";"202100035827";6;"16:15";"1";"973";"2";"1";"1";3;4;-52
"35828";"202100035828";6;"14:23";"1";"38";"1";"1";"1";7;45;5
"35829";"202100035829";6;"23:05";"3";"27";"1";"1";"1";5;49;1
"35830";"202100035830";6;"12:25";"1";"73";"2";"1";"8";1;45;6
"35831";"202100035831";6;"14:00";"1";"988";"1";"1";"1";5;-21;165
"35832";"202100035832";6;"19:15";"1";"29";"1";"1";"1";6;47;-3
"35833";"202100035833";6;"10:35";"1";"83";"2";"6";"1";3;43;5
"35834";"202100035834";6;"09:00";"1";"83";"1";"1";"1";1;43;6
"35835";"202100035835";6;"08:15";"1";"83";"1";"1";"1";2;43;6
"35836";"202100035836";6;"14:20";"1";"13";"1";"9";"1";2;43;4
"35837";"202100035837";6;"16:20";"1";"67";"2";"3";"1";3;48;7
"35838";"202100035838";6;"17:00";"1";"63";"2";"1";"1";7;45;3
"35839";"202100035839";6;"18:00";"1";"69";"2";"2";"1";3;45;4
"35840";"202100035840";6;"17:45";"1";"81";"2";"6";"1";3;43;1
"35841";"202100035841";6;"10:00";"1";"17";"1";"1";"1";7;45;0
"35842";"202100035842";6;"16:30";"1";"53";"1";"1";"1";2;48;0
"35843";"202100035843";6;"09:30";"1";"22";"2";"6";"1";3;48;-2
"35844";"202100035844";6;"13:50";"1";"60";"1";"1";"1";2;49;2
"35845";"202100035845";6;"13:45";"1";"60";"1";"1";"1";3;49;2
"35846";"202100035846";6;"18:10";"1";"13";"1";"1";"1";4;43;5
"35847";"202100035847";6;"17:00";"1";"13";"1";"1";"1";2;43;5
"35848";"202100035848";6;"10:45";"1";"13";"1";"1";"1";4;43;5
"35849";"202100035849";6;"09:15";"1";"13";"1";"1";"1";2;43;5
"35850";"202100035850";6;"08:25";"1";"13";"1";"1";"1";4;43;5
"35851";"202100035851";6;"11:50";"1";"13";"1";"1";"1";2;43;5
"35852";"202100035852";6;"08:45";"1";"83";"1";"1";"1";3;43;5
"35853";"202100035853";6;"13:05";"1";"69";"1";"1";"1";2;45;4
"35854";"202100035854";6;"18:10";"1";"33";"1";"1";"1";4;44;0
"35855";"202100035855";6;"12:40";"1";"59";"1";"1";"1";6;50;3
"35856";"202100035856";6;"17:20";"1";"91";"1";"1";"1";4;48;2
"35857";"202100035857";6;"12:32";"1";"94";"1";"1";"1";3;48;2
"35858";"202100035858";6;"14:00";"1";"94";"1";"1";"1";4;48;2
"35859";"202100035859";6;"18:32";"1";"91";"1";"1";"1";4;48;2
"35860";"202100035860";6;"10:00";"1";"93";"1";"1";"1";3;48;2
"35861";"202100035861";6;"18:40";"1";"93";"1";"1";"1";3;48;2
"35862";"202100035862";6;"16:40";"1";"83";"2";"1";"1";6;43;5
"35863";"202100035863";6;"19:00";"1";"79";"2";"1";"1";7;46;0
"35864";"202100035864";6;"16:20";"1";"33";"2";"1";"1";6;44;0
"35865";"202100035865";6;"03:15";"3";"988";"2";"1";"3";7;-22;166
"35866";"202100035866";6;"15:54";"1";"973";"2";"1";"1";6;4;-52
"35867";"202100035867";6;"12:15";"1";"973";"2";"1";"1";2;4;-52
"35868";"202100035868";6;"09:05";"1";"69";"2";"2";"1";3;45;4
"35869";"202100035869";6;"10:35";"1";"69";"2";"1";"1";3;45;4
"35870";"202100035870";6;"08:30";"1";"972";"1";"1";"1";5;14;-60
"35871";"202100035871";6;"22:32";"5";"972";"1";"1";"2";6;14;-61
"35872";"202100035872";6;"08:50";"1";"971";"1";"1";"1";2;16;-61
"35873";"202100035873";6;"08:20";"1";"971";"1";"1";"1";3;16;-61
"35874";"202100035874";6;"08:46";"1";"971";"1";"1";"1";6;16;-61
"35875";"202100035875";5;"14:45";"1";"971";"1";"1";"1";7;16;-61
"35876";"202100035876";6;"08:35";"1";"95";"2";"1";"1";6;48;2
"35877";"202100035877";6;"18:10";"1";"95";"2";"1";"1";6;49;2
"35878";"202100035878";6;"17:00";"1";"95";"2";"6";"1";3;49;2
"35879";"202100035879";6;"09:15";"1";"95";"2";"2";"1";3;48;2
"35880";"202100035880";6;"17:53";"1";"91";"2";"1";"1";6;48;2
"35881";"202100035881";6;"18:25";"1";"91";"1";"1";"1";7;48;2
"35882";"202100035882";6;"19:00";"1";"81";"2";"1";"1";3;43;2
"35883";"202100035883";6;"18:50";"1";"77";"2";"1";"1";1;48;2
"35884";"202100035884";6;"14:55";"1";"77";"1";"1";"1";5;48;2
"35885";"202100035885";6;"20:38";"2";"76";"2";"1";"1";6;49;0
"35886";"202100035886";5;"19:00";"1";"74";"2";"1";"1";6;46;6
"35887";"202100035887";6;"00:50";"5";"69";"2";"1";"1";6;45;4
"35888";"202100035888";6;"10:50";"1";"67";"2";"1";"1";6;48;7
"35889";"202100035889";6;"22:59";"3";"67";"1";"1";"1";2;48;7
"35890";"202100035890";6;"21:03";"2";"66";"2";"6";"1";1;42;2
"35891";"202100035891";6;"16:00";"1";"66";"2";"3";"1";3;42;2
"35892";"202100035892";4;"07:50";"1";"65";"2";"6";"1";3;43;0
"35893";"202100035893";6;"10:30";"1";"64";"2";"1";"1";3;43;0
"35894";"202100035894";6;"13:20";"1";"64";"2";"9";"1";7;43;-1
"35895";"202100035895";6;"14:57";"1";"63";"2";"1";"1";2;45;3
"35896";"202100035896";6;"15:16";"1";"63";"2";"2";"1";3;45;3
"35897";"202100035897";6;"15:15";"1";"61";"2";"1";"1";7;48;0
"35898";"202100035898";6;"18:35";"1";"59";"1";"9";"1";3;50;3
"35899";"202100035899";6;"15:00";"1";"59";"2";"1";"1";6;50;3
"35900";"202100035900";6;"08:20";"1";"59";"2";"1";"1";1;50;3
"35901";"202100035901";6;"07:15";"1";"59";"2";"6";"1";1;50;3
"35902";"202100035902";6;"18:30";"1";"59";"2";"8";"1";3;50;3
"35903";"202100035903";6;"21:28";"1";"56";"2";"1";"1";6;47;-3
"35904";"202100035904";6;"15:55";"1";"56";"2";"4";"1";3;47;-3
"35905";"202100035905";6;"15:20";"1";"56";"2";"1";"1";6;47;-3
"35906";"202100035906";6;"22:20";"5";"54";"2";"1";"1";3;48;6
"35907";"202100035907";6;"10:20";"1";"51";"1";"9";"1";6;49;4
"35908";"202100035908";6;"19:00";"1";"51";"2";"1";"2";2;49;4
"35909";"202100035909";6;"12:40";"1";"50";"2";"3";"1";3;49;-1
"35910";"202100035910";6;"14:10";"1";"50";"2";"2";"1";2;49;-1
"35911";"202100035911";6;"13:27";"1";"47";"2";"1";"1";3;44;0
"35912";"202100035912";6;"07:15";"1";"45";"2";"3";"1";3;47;1
"35913";"202100035913";6;"20:10";"1";"44";"2";"6";"1";3;47;-1
"35914";"202100035914";6;"16:20";"1";"37";"2";"1";"1";6;47;0
"35915";"202100035915";6;"18:17";"1";"35";"2";"1";"1";3;48;-1
"35916";"202100035916";6;"15:15";"1";"35";"2";"1";"1";6;48;-1
"35917";"202100035917";6;"16:55";"1";"34";"2";"6";"1";3;43;3
"35918";"202100035918";6;"08:05";"1";"31";"2";"3";"2";3;43;1
"35919";"202100035919";6;"16:00";"1";"29";"1";"3";"1";3;47;-4
"35920";"202100035920";6;"21:39";"1";"29";"1";"1";"1";7;48;-3
"35921";"202100035921";6;"20:45";"1";"27";"2";"1";"1";2;49;1
"35922";"202100035922";6;"21:00";"1";"25";"2";"1";"1";6;47;6
"35923";"202100035923";6;"20:00";"1";"21";"2";"1";"1";7;47;4
"35924";"202100035924";6;"21:03";"1";"17";"2";"1";"1";1;45;0
"35925";"202100035925";6;"17:55";"1";"17";"1";"1";"1";2;46;-1
"35926";"202100035926";6;"15:30";"1";"16";"1";"1";"1";1;45;0
"35927";"202100035927";6;"06:00";"2";"14";"1";"6";"5";6;49;0
"35928";"202100035928";6;"23:00";"5";"13";"2";"1";"1";1;43;5
"35929";"202100035929";6;"19:15";"1";"13";"2";"1";"1";2;43;5
"35930";"202100035930";6;"22:37";"5";"13";"2";"9";"1";3;43;5
"35931";"202100035931";6;"18:45";"1";"12";"1";"1";"1";6;44;2
"35932";"202100035932";6;"09:40";"1";"10";"2";"6";"7";3;48;4
"35933";"202100035933";6;"18:20";"1";"06";"2";"1";"1";3;43;7
"35934";"202100035934";6;"01:55";"5";"05";"2";"1";"1";6;44;6
"35935";"202100035935";6;"10:18";"1";"05";"2";"3";"1";3;44;6
"35936";"202100035936";6;"14:58";"1";"03";"1";"9";"8";4;46;2
"35937";"202100035937";6;"17:15";"1";"75";"2";"1";"1";4;48;2
"35938";"202100035938";6;"15:30";"1";"75";"2";"1";"1";3;48;2
"35939";"202100035939";6;"14:05";"1";"75";"2";"3";"1";3;48;2
"35940";"202100035940";6;"20:50";"1";"75";"2";"4";"1";1;48;2
"35941";"202100035941";6;"18:40";"1";"75";"2";"2";"1";6;48;2
"35942";"202100035942";6;"18:30";"1";"75";"2";"3";"1";3;48;2
"35943";"202100035943";6;"14:30";"1";"75";"2";"2";"1";2;48;2
"35944";"202100035944";6;"18:20";"1";"75";"2";"1";"1";3;48;2
"35945";"202100035945";6;"18:04";"1";"75";"2";"1";"1";1;48;2
"35946";"202100035946";6;"16:30";"1";"75";"2";"7";"1";4;48;2
"35947";"202100035947";6;"13:20";"1";"75";"2";"1";"1";3;48;2
"35948";"202100035948";6;"17:10";"1";"75";"2";"1";"1";7;48;2
"35949";"202100035949";6;"18:55";"1";"75";"2";"1";"1";3;48;2
"35950";"202100035950";6;"09:38";"1";"75";"2";"1";"7";2;48;2
"35951";"202100035951";6;"21:50";"2";"94";"2";"9";"1";3;48;2
"35952";"202100035952";6;"16:45";"1";"94";"2";"3";"1";3;48;2
"35953";"202100035953";6;"06:00";"1";"94";"2";"9";"1";1;48;2
"35954";"202100035954";6;"18:05";"1";"94";"2";"9";"1";3;48;2
"35955";"202100035955";6;"18:30";"1";"94";"2";"6";"1";3;48;2
"35956";"202100035956";6;"07:20";"1";"94";"2";"9";"1";1;48;2
"35957";"202100035957";6;"22:20";"5";"94";"2";"1";"1";3;48;2
"35958";"202100035958";6;"09:30";"1";"93";"2";"1";"1";6;48;2
"35959";"202100035959";6;"20:10";"1";"93";"2";"1";"1";3;48;2
"35960";"202100035960";6;"20:00";"1";"93";"2";"1";"1";2;48;2
"35961";"202100035961";6;"12:25";"1";"93";"2";"3";"1";1;48;2
"35962";"202100035962";6;"08:28";"1";"93";"2";"9";"1";3;48;2
"35963";"202100035963";6;"18:10";"1";"93";"2";"1";"1";3;48;2
"35964";"202100035964";6;"16:45";"1";"92";"2";"7";"1";3;48;2
"35965";"202100035965";6;"14:10";"1";"92";"2";"3";"1";6;48;2
"35966";"202100035966";6;"06:40";"1";"92";"2";"4";"1";3;48;2
"35967";"202100035967";6;"20:24";"1";"92";"2";"1";"1";2;48;2
"35968";"202100035968";6;"19:15";"1";"92";"2";"1";"1";3;48;2
"35969";"202100035969";6;"08:15";"1";"92";"2";"2";"1";6;48;2
"35970";"202100035970";6;"20:20";"1";"92";"2";"2";"1";3;48;2
"35971";"202100035971";5;"08:30";"1";"92";"2";"3";"1";3;48;2
"35972";"202100035972";6;"10:22";"1";"92";"2";"1";"7";2;48;2
"35973";"202100035973";5;"13:50";"1";"92";"2";"1";"1";6;48;2
"35974";"202100035974";6;"21:10";"2";"92";"2";"1";"1";2;48;2
"35975";"202100035975";6;"14:10";"1";"22";"1";"1";"1";7;48;-2
"35976";"202100035976";6;"20:20";"1";"45";"1";"1";"1";6;47;2
"35977";"202100035977";6;"19:47";"1";"31";"2";"2";"1";3;43;1
"35978";"202100035978";5;"18:30";"4";"974";"2";"2";"1";3;-21;55
"35979";"202100035979";6;"14:40";"1";"06";"1";"1";"1";1;43;7
"35980";"202100035980";6;"14:30";"1";"79";"1";"4";"1";3;46;0
"35981";"202100035981";6;"16:30";"1";"38";"1";"1";"1";1;44;5
"35982";"202100035982";6;"18:00";"1";"47";"1";"4";"1";3;44;0
"35983";"202100035983";6;"08:25";"1";"35";"2";"2";"1";6;48;-1
"35984";"202100035984";6;"20:30";"1";"57";"2";"1";"1";1;49;6
"35985";"202100035985";6;"09:30";"1";"51";"2";"3";"1";1;49;4
"35986";"202100035986";6;"06:50";"2";"19";"1";"1";"7";6;45;1
"35987";"202100035987";6;"16:45";"1";"76";"1";"1";"1";7;49;0
"35988";"202100035988";6;"21:42";"2";"76";"2";"2";"1";3;49;1
"35989";"202100035989";6;"07:45";"1";"79";"1";"1";"1";6;46;0
"35990";"202100035990";6;"21:00";"1";"80";"2";"1";"1";7;49;2
"35991";"202100035991";6;"17:50";"1";"33";"1";"9";"1";1;44;0
"35992";"202100035992";6;"17:25";"1";"71";"2";"1";"1";7;46;3
"35993";"202100035993";6;"18:05";"1";"12";"1";"1";"1";3;44;2
"35994";"202100035994";6;"06:30";"2";"42";"1";"4";"1";6;45;3
"35995";"202100035995";6;"12:50";"1";"39";"2";"2";"1";3;46;5
"35996";"202100035996";6;"04:00";"3";"29";"1";"6";"1";6;47;-4
"35997";"202100035997";6;"07:30";"1";"02";"1";"2";"1";3;49;3
"35998";"202100035998";6;"15:00";"1";"02";"2";"1";"1";3;49;3
"35999";"202100035999";6;"11:25";"1";"15";"2";"1";"1";1;44;2
"36000";"202100036000";5;"09:50";"1";"85";"1";"1";"4";2;46;-1
"36001";"202100036001";6;"09:30";"1";"72";"1";"1";"1";1;48;0
"36002";"202100036002";6;"16:10";"1";"72";"1";"2";"1";4;47;0
"36003";"202100036003";6;"01:00";"3";"50";"1";"1";"5";6;49;-1
"36004";"202100036004";6;"09:00";"1";"18";"1";"1";"1";1;46;2
"36005";"202100036005";6;"08:15";"1";"07";"1";"1";"1";1;44;4
"36006";"202100036006";6;"11:10";"1";"53";"1";"1";"1";7;48;0
"36007";"202100036007";6;"08:45";"1";"53";"2";"1";"1";6;48;0
"36008";"202100036008";6;"16:45";"1";"53";"1";"1";"1";6;48;0
"36009";"202100036009";6;"11:20";"1";"53";"2";"1";"1";2;48;0
"36010";"202100036010";6;"16:45";"1";"40";"1";"1";"7";6;43;-1
"36011";"202100036011";6;"13:15";"1";"24";"1";"1";"1";3;45;0
"36012";"202100036012";6;"03:00";"5";"17";"2";"1";"1";7;46;-1
"36013";"202100036013";6;"07:55";"1";"30";"2";"3";"1";3;43;4
"36014";"202100036014";6;"22:20";"3";"34";"1";"1";"1";6;43;3
"36015";"202100036015";6;"15:40";"1";"44";"1";"1";"1";1;47;-1
"36016";"202100036016";6;"18:17";"1";"17";"1";"2";"1";3;45;0
"36017";"202100036017";6;"14:30";"1";"17";"1";"1";"1";7;45;0
"36018";"202100036018";6;"12:50";"1";"975";"2";"1";"1";3;46;-56
"36019";"202100036019";6;"18:00";"5";"987";"2";"1";"1";1;-17;-149
"36020";"202100036020";6;"16:00";"1";"971";"1";"3";"1";3;16;-61
"36021";"202100036021";6;"16:26";"1";"77";"1";"1";"1";5;48;2
"36022";"202100036022";6;"16:45";"1";"78";"1";"1";"1";1;48;1
"36023";"202100036023";6;"10:40";"1";"2B";"1";"1";"1";1;42;9
"36024";"202100036024";6;"14:20";"1";"66";"1";"1";"1";7;42;2
"36025";"202100036025";6;"19:50";"2";"83";"1";"1";"1";3;43;6
"36026";"202100036026";6;"06:45";"1";"21";"1";"2";"1";3;47;5
"36027";"202100036027";5;"10:30";"1";"67";"2";"1";"1";3;48;7
"36028";"202100036028";6;"17:15";"1";"81";"2";"2";"1";3;43;1
"36029";"202100036029";6;"18:45";"1";"64";"2";"1";"1";6;43;0
"36030";"202100036030";6;"14:30";"1";"33";"1";"3";"1";3;44;0
"36031";"202100036031";6;"17:35";"1";"33";"1";"1";"1";2;45;0
"36032";"202100036032";6;"21:00";"2";"44";"1";"1";"1";7;47;-1
"36033";"202100036033";6;"14:15";"1";"50";"2";"1";"1";6;48;-1
"36034";"202100036034";6;"16:30";"1";"35";"2";"1";"1";3;48;-2
"36035";"202100036035";6;"17:20";"1";"60";"2";"2";"7";3;49;2
"36036";"202100036036";6;"07:15";"1";"59";"1";"1";"1";7;50;3
"36037";"202100036037";6;"13:00";"1";"59";"1";"3";"1";3;50;3
"36038";"202100036038";6;"08:50";"1";"13";"1";"1";"1";2;43;5
"36039";"202100036039";6;"23:15";"3";"13";"1";"1";"1";6;43;5
"36040";"202100036040";6;"18:20";"1";"92";"1";"1";"1";2;48;2
"36041";"202100036041";6;"16:35";"1";"93";"1";"1";"1";4;48;2
"36042";"202100036042";6;"15:50";"1";"93";"1";"1";"1";3;48;2
"36043";"202100036043";6;"18:30";"3";"974";"1";"1";"1";2;-21;55
"36044";"202100036044";6;"17:00";"2";"974";"2";"1";"2";1;-20;55
"36045";"202100036045";6;"08:30";"1";"973";"2";"1";"1";2;4;-52
"36046";"202100036046";6;"18:30";"1";"972";"1";"1";"1";2;14;-61
"36047";"202100036047";6;"20:47";"1";"69";"2";"3";"1";3;45;4
"36048";"202100036048";5;"20:24";"5";"971";"2";"2";"1";6;16;-61
"36049";"202100036049";6;"09:55";"1";"91";"2";"1";"1";6;48;2
"36050";"202100036050";6;"13:30";"1";"91";"2";"1";"1";2;48;2
"36051";"202100036051";6;"16:40";"1";"90";"2";"2";"1";3;47;6
"36052";"202100036052";6;"03:50";"3";"83";"2";"1";"1";6;43;5
"36053";"202100036053";6;"17:40";"1";"83";"2";"1";"1";4;43;6
"36054";"202100036054";6;"11:04";"1";"83";"2";"1";"1";3;43;6
"36055";"202100036055";6;"17:55";"1";"77";"2";"1";"1";2;48;2
"36056";"202100036056";6;"14:15";"1";"76";"1";"1";"1";7;49;1
"36057";"202100036057";6;"14:15";"1";"69";"2";"3";"1";3;45;4
"36058";"202100036058";6;"13:49";"1";"69";"1";"3";"1";6;45;4
"36059";"202100036059";6;"19:45";"1";"61";"2";"2";"7";3;48;0
"36060";"202100036060";6;"19:15";"1";"60";"2";"5";"1";3;49;2
"36061";"202100036061";6;"09:00";"1";"59";"2";"1";"1";6;50;3
"36062";"202100036062";6;"01:05";"5";"59";"2";"2";"1";1;50;3
"36063";"202100036063";6;"23:35";"5";"59";"2";"3";"1";3;50;3
"36064";"202100036064";6;"14:30";"1";"59";"2";"9";"1";1;50;3
"36065";"202100036065";6;"18:02";"1";"49";"2";"1";"1";6;47;0
"36066";"202100036066";6;"22:00";"5";"44";"2";"1";"1";3;47;-1
"36067";"202100036067";6;"05:50";"2";"41";"2";"1";"1";6;47;1
"36068";"202100036068";6;"10:40";"1";"38";"2";"2";"1";3;45;5
"36069";"202100036069";6;"19:20";"1";"35";"1";"1";"1";6;48;-1
"36070";"202100036070";6;"10:20";"1";"32";"1";"1";"1";7;43;0
"36071";"202100036071";6;"00:25";"5";"31";"2";"3";"1";1;43;1
"36072";"202100036072";6;"10:40";"1";"31";"2";"1";"1";6;43;1
"36073";"202100036073";6;"10:30";"1";"26";"2";"1";"1";3;44;4
"36074";"202100036074";6;"22:15";"5";"13";"2";"1";"1";2;43;5
"36075";"202100036075";6;"21:50";"2";"13";"2";"3";"1";3;43;5
"36076";"202100036076";6;"16:30";"1";"13";"2";"1";"1";3;43;5
"36077";"202100036077";6;"13:30";"1";"13";"2";"1";"1";1;43;5
"36078";"202100036078";6;"18:40";"1";"13";"2";"2";"1";2;43;5
"36079";"202100036079";6;"09:25";"1";"13";"2";"1";"1";6;43;5
"36080";"202100036080";6;"01:30";"5";"13";"2";"9";"1";6;43;5
"36081";"202100036081";6;"19:06";"5";"13";"2";"1";"1";2;43;5