"";"Num_Acc";"mois";"hrmn";"lum";"dep";"agg";"int";"atm";"col";"lat";"long"
"36082";"202100036082";6;"18:45";"1";"13";"2";"1";"1";6;43;4
"36083";"202100036083";5;"21:40";"5";"11";"2";"2";"1";3;43;2
"36084";"202100036084";6;"13:20";"1";"07";"2";"1";"1";6;44;4
"36085";"202100036085";6;"16:50";"1";"06";"2";"1";"1";3;43;6
"36086";"202100036086";6;"15:48";"1";"06";"2";"1";"1";3;43;7
"36087";"202100036087";6;"17:15";"1";"04";"2";"1";"1";2;43;5
"36088";"202100036088";6;"16:30";"1";"04";"2";"1";"1";4;43;5
"36089";"202100036089";6;"08:15";"1";"04";"2";"1";"1";2;43;5
"36090";"202100036090";6;"20:50";"1";"75";"2";"1";"1";3;48;2
"36091";"202100036091";6;"19:20";"1";"75";"2";"1";"1";3;48;2
"36092";"202100036092";6;"17:20";"1";"75";"2";"4";"1";3;48;2
"36093";"202100036093";6;"10:28";"1";"75";"2";"1";"1";4;48;2
"36094";"202100036094";6;"16:00";"1";"75";"2";"1";"1";6;48;2
"36095";"202100036095";6;"18:45";"1";"75";"2";"1";"1";2;48;2
"36096";"202100036096";6;"18:30";"1";"75";"2";"1";"1";3;48;2
"36097";"202100036097";6;"21:49";"5";"75";"2";"2";"1";3;48;2
"36098";"202100036098";6;"17:45";"1";"75";"2";"4";"1";3;48;2
"36099";"202100036099";6;"21:30";"5";"75";"2";"3";"1";7;48;2
"36100";"202100036100";6;"16:35";"1";"75";"2";"1";"1";3;48;2
"36101";"202100036101";6;"17:45";"1";"75";"2";"7";"1";3;48;2
"36102";"202100036102";6;"00:00";"5";"75";"2";"3";"1";6;48;2
"36103";"202100036103";6;"19:10";"1";"75";"2";"2";"1";3;48;2
"36104";"202100036104";6;"17:25";"1";"75";"2";"2";"1";6;48;2
"36105";"202100036105";6;"17:50";"1";"94";"2";"1";"1";1;48;2
"36106";"202100036106";6;"00:40";"5";"94";"2";"5";"1";3;48;2
"36107";"202100036107";6;"00:15";"5";"94";"2";"2";"1";3;48;2
"36108";"202100036108";6;"23:13";"3";"94";"1";"1";"1";7;48;2
"36109";"202100036109";6;"22:10";"5";"93";"2";"1";"1";6;48;2
"36110";"202100036110";6;"21:00";"2";"93";"2";"1";"1";4;48;2
"36111";"202100036111";6;"14:55";"1";"92";"2";"9";"1";6;48;2
"36112";"202100036112";6;"15:15";"1";"92";"2";"1";"1";2;48;2
"36113";"202100036113";6;"12:10";"1";"92";"2";"1";"1";3;48;2
"36114";"202100036114";6;"17:15";"1";"92";"2";"1";"1";5;48;2
"36115";"202100036115";5;"04:00";"3";"35";"1";"4";"1";6;47;-1
"36116";"202100036116";6;"16:05";"1";"29";"1";"1";"2";7;48;-3
"36117";"202100036117";6;"16:35";"1";"01";"1";"3";"1";3;45;5
"36118";"202100036118";6;"19:00";"1";"62";"1";"1";"1";7;50;1
"36119";"202100036119";6;"10:20";"1";"26";"1";"6";"1";3;44;4
"36120";"202100036120";6;"16:00";"1";"91";"1";"1";"1";7;48;2
"36121";"202100036121";6;"16:00";"1";"40";"2";"1";"1";1;43;-1
"36122";"202100036122";6;"10:35";"1";"07";"1";"1";"1";1;44;4
"36123";"202100036123";6;"05:45";"2";"49";"1";"1";"1";1;47;0
"36124";"202100036124";6;"02:30";"3";"27";"2";"1";"1";7;48;1
"36125";"202100036125";6;"16:40";"1";"42";"1";"1";"1";6;46;3
"36126";"202100036126";6;"18:45";"1";"06";"1";"1";"1";1;43;7
"36127";"202100036127";6;"11:45";"1";"59";"1";"1";"1";6;50;2
"36128";"202100036128";6;"17:31";"1";"08";"1";"3";"1";3;49;4
"36129";"202100036129";6;"08:20";"1";"15";"1";"1";"2";6;45;3
"36130";"202100036130";6;"11:00";"1";"51";"1";"1";"1";5;49;3
"36131";"202100036131";6;"21:30";"1";"56";"1";"1";"1";6;48;-3
"36132";"202100036132";6;"10:15";"1";"79";"2";"6";"1";3;46;0
"36133";"202100036133";6;"10:00";"1";"79";"1";"1";"2";6;46;0
"36134";"202100036134";6;"11:50";"1";"82";"2";"2";"1";3;44;1
"36135";"202100036135";6;"20:20";"2";"32";"1";"1";"1";6;43;0
"36136";"202100036136";6;"14:30";"1";"61";"1";"1";"1";7;48;0
"36137";"202100036137";6;"14:14";"1";"42";"1";"1";"1";7;45;4
"36138";"202100036138";6;"14:45";"1";"41";"2";"1";"1";7;47;1
"36139";"202100036139";6;"10:50";"1";"44";"2";"3";"1";3;47;-2
"36140";"202100036140";6;"11:40";"1";"44";"1";"3";"1";3;47;-1
"36141";"202100036141";6;"02:15";"3";"35";"1";"1";"1";6;48;-1
"36142";"202100036142";6;"10:00";"1";"29";"1";"1";"1";4;48;-4
"36143";"202100036143";6;"08:14";"1";"31";"2";"1";"1";3;43;1
"36144";"202100036144";6;"15:00";"1";"84";"1";"1";"1";7;44;5
"36145";"202100036145";6;"17:40";"1";"03";"2";"1";"8";7;46;3
"36146";"202100036146";6;"12:40";"1";"72";"1";"1";"1";1;48;0
"36147";"202100036147";6;"17:20";"1";"72";"1";"3";"1";3;48;0
"36148";"202100036148";6;"11:15";"1";"14";"1";"1";"1";1;49;0
"36149";"202100036149";6;"11:30";"1";"14";"1";"1";"1";7;49;0
"36150";"202100036150";5;"14:30";"1";"09";"1";"1";"1";7;43;1
"36151";"202100036151";6;"22:55";"3";"60";"1";"1";"1";6;49;2
"36152";"202100036152";6;"19:25";"1";"60";"1";"2";"7";2;49;3
"36153";"202100036153";6;"00:20";"3";"45";"1";"1";"1";6;47;1
"36154";"202100036154";6;"23:10";"3";"18";"1";"1";"1";6;46;2
"36155";"202100036155";6;"03:20";"3";"10";"1";"1";"5";6;48;3
"36156";"202100036156";6;"17:00";"1";"36";"1";"3";"1";3;46;2
"36157";"202100036157";6;"02:20";"5";"07";"1";"1";"1";6;44;4
"36158";"202100036158";6;"21:50";"4";"07";"1";"1";"1";7;44;4
"36159";"202100036159";6;"03:10";"3";"53";"1";"4";"1";6;48;0
"36160";"202100036160";6;"10:05";"1";"28";"1";"2";"7";1;48;0
"36161";"202100036161";6;"19:40";"1";"28";"1";"1";"1";7;48;1
"36162";"202100036162";6;"05:00";"2";"30";"1";"1";"1";7;43;4
"36163";"202100036163";5;"12:35";"1";"24";"1";"1";"1";1;44;1
"36164";"202100036164";6;"15:10";"1";"17";"1";"4";"1";3;45;-1
"36165";"202100036165";6;"12:30";"1";"58";"1";"9";"1";6;46;3
"36166";"202100036166";6;"18:50";"1";"27";"1";"1";"1";6;49;0
"36167";"202100036167";6;"16:45";"1";"91";"1";"1";"1";4;48;1
"36168";"202100036168";6;"08:10";"1";"987";"1";"1";"1";2;-23;-149
"36169";"202100036169";5;"18:00";"1";"971";"2";"2";"1";3;16;-61
"36170";"202100036170";6;"15:00";"1";"91";"1";"1";"1";3;48;2
"36171";"202100036171";6;"11:45";"1";"2B";"2";"1";"1";6;42;8
"36172";"202100036172";6;"18:00";"1";"11";"1";"9";"1";6;43;2
"36173";"202100036173";6;"18:45";"1";"34";"1";"1";"1";2;43;3
"36174";"202100036174";6;"07:40";"1";"83";"1";"6";"1";6;43;6
"36175";"202100036175";6;"15:47";"1";"13";"2";"1";"1";1;43;4
"36176";"202100036176";6;"15:10";"1";"71";"2";"1";"1";6;46;4
"36177";"202100036177";6;"21:30";"2";"68";"2";"9";"1";3;47;7
"36178";"202100036178";6;"15:20";"1";"88";"1";"1";"1";3;48;6
"36179";"202100036179";6;"12:00";"1";"26";"1";"1";"1";1;44;5
"36180";"202100036180";6;"11:45";"1";"07";"2";"3";"1";1;45;4
"36181";"202100036181";6;"21:20";"2";"65";"2";"1";"1";1;43;0
"36182";"202100036182";6;"20:40";"1";"40";"2";"1";"1";1;44;-1
"36183";"202100036183";6;"11:00";"1";"33";"1";"2";"7";3;44;0
"36184";"202100036184";6;"08:10";"1";"29";"2";"1";"1";6;47;-4
"36185";"202100036185";6;"13:00";"1";"22";"2";"1";"1";3;48;-3
"36186";"202100036186";6;"20:15";"1";"76";"1";"4";"1";7;49;1
"36187";"202100036187";6;"17:20";"1";"60";"2";"1";"1";3;49;2
"36188";"202100036188";6;"14:30";"1";"59";"1";"1";"1";6;50;3
"36189";"202100036189";6;"18:20";"1";"13";"1";"1";"1";7;43;5
"36190";"202100036190";6;"21:50";"2";"13";"1";"1";"1";2;43;5
"36191";"202100036191";6;"16:15";"1";"13";"1";"1";"1";2;43;5
"36192";"202100036192";6;"17:40";"1";"13";"1";"1";"1";4;43;5
"36193";"202100036193";6;"19:05";"1";"13";"1";"4";"1";2;43;5
"36194";"202100036194";6;"18:15";"1";"13";"1";"1";"1";4;43;5
"36195";"202100036195";6;"09:20";"1";"13";"1";"1";"1";2;43;5
"36196";"202100036196";6;"17:17";"1";"69";"1";"1";"1";6;45;4
"36197";"202100036197";6;"21:00";"1";"91";"1";"1";"1";1;48;2
"36198";"202100036198";6;"15:12";"1";"92";"1";"1";"1";1;48;2
"36199";"202100036199";6;"12:19";"1";"91";"1";"1";"1";2;48;2
"36200";"202100036200";6;"13:05";"1";"94";"1";"1";"1";2;48;2
"36201";"202100036201";6;"07:00";"1";"91";"1";"1";"1";6;48;2
"36202";"202100036202";6;"03:05";"3";"91";"1";"1";"1";2;48;2
"36203";"202100036203";6;"18:01";"1";"91";"1";"1";"1";6;48;2
"36204";"202100036204";6;"13:05";"1";"92";"1";"1";"1";2;48;2
"36205";"202100036205";6;"10:45";"1";"78";"1";"1";"1";2;48;1
"36206";"202100036206";6;"20:20";"1";"93";"1";"1";"1";4;48;2
"36207";"202100036207";6;"14:00";"1";"93";"1";"1";"1";2;48;2
"36208";"202100036208";6;"23:40";"4";"93";"1";"1";"1";6;48;2
"36209";"202100036209";6;"15:20";"1";"77";"1";"1";"1";2;48;2
"36210";"202100036210";6;"11:50";"1";"94";"1";"1";"1";4;48;2
"36211";"202100036211";6;"12:20";"1";"75";"1";"1";"1";3;48;2
"36212";"202100036212";6;"09:58";"1";"44";"2";"1";"1";6;47;-1
"36213";"202100036213";6;"19:50";"1";"29";"2";"1";"1";6;48;-4
"36214";"202100036214";6;"08:30";"1";"974";"2";"9";"1";2;-21;55
"36215";"202100036215";6;"07:40";"1";"974";"2";"9";"1";3;-21;55
"36216";"202100036216";6;"13:20";"1";"974";"1";"1";"3";1;-20;55
"36217";"202100036217";6;"18:40";"2";"973";"2";"1";"1";3;4;-52
"36218";"202100036218";6;"15:20";"1";"69";"2";"2";"1";3;45;4
"36219";"202100036219";6;"15:50";"1";"69";"2";"1";"1";6;45;4
"36220";"202100036220";6;"14:15";"1";"69";"2";"1";"1";1;45;4
"36221";"202100036221";6;"11:40";"1";"972";"1";"1";"1";2;14;-61
"36222";"202100036222";6;"17:00";"1";"69";"2";"3";"1";3;45;4
"36223";"202100036223";6;"08:05";"1";"69";"2";"3";"2";3;45;4
"36224";"202100036224";6;"13:30";"1";"95";"2";"3";"1";3;48;2
"36225";"202100036225";6;"13:45";"1";"91";"2";"1";"1";5;48;2
"36226";"202100036226";6;"18:30";"1";"91";"2";"1";"1";1;48;2
"36227";"202100036227";6;"19:30";"1";"91";"2";"1";"1";6;48;2
"36228";"202100036228";6;"17:15";"1";"91";"2";"2";"1";3;48;2
"36229";"202100036229";6;"18:10";"1";"74";"2";"1";"1";6;46;6
"36230";"202100036230";6;"12:35";"1";"74";"1";"1";"2";3;46;6
"36231";"202100036231";6;"17:55";"1";"74";"2";"1";"1";6;46;6
"36232";"202100036232";6;"07:45";"1";"67";"2";"3";"1";2;48;7
"36233";"202100036233";6;"22:20";"5";"65";"2";"3";"1";3;43;0
"36234";"202100036234";6;"14:01";"1";"64";"2";"6";"1";3;43;0
"36235";"202100036235";6;"17:05";"1";"59";"2";"1";"8";3;50;3
"36236";"202100036236";6;"12:00";"1";"59";"2";"1";"1";6;50;3
"36237";"202100036237";6;"19:00";"1";"59";"2";"1";"1";6;51;2
"36238";"202100036238";6;"20:35";"1";"55";"2";"2";"2";3;48;5
"36239";"202100036239";6;"14:20";"1";"54";"2";"1";"1";2;48;6
"36240";"202100036240";6;"08:10";"1";"51";"2";"6";"1";3;49;4
"36241";"202100036241";6;"16:02";"1";"45";"2";"1";"1";3;47;1
"36242";"202100036242";6;"04:35";"5";"42";"2";"1";"2";6;46;4
"36243";"202100036243";6;"14:55";"1";"41";"2";"1";"1";5;47;1
"36244";"202100036244";6;"14:00";"1";"37";"2";"1";"1";6;47;0
"36245";"202100036245";6;"20:25";"1";"35";"1";"1";"1";5;48;-1
"36246";"202100036246";6;"12:45";"1";"34";"2";"2";"1";3;43;3
"36247";"202100036247";6;"01:00";"5";"33";"2";"3";"1";3;44;0
"36248";"202100036248";6;"11:39";"1";"33";"2";"6";"1";7;44;-1
"36249";"202100036249";6;"19:05";"1";"30";"2";"1";"1";6;44;4
"36250";"202100036250";6;"18:40";"1";"30";"2";"3";"1";6;44;4
"36251";"202100036251";6;"00:15";"5";"29";"2";"1";"1";7;47;-4
"36252";"202100036252";6;"10:50";"1";"26";"2";"1";"1";3;44;4
"36253";"202100036253";6;"16:55";"1";"17";"2";"2";"1";3;45;-1
"36254";"202100036254";6;"11:43";"1";"14";"2";"2";"1";3;49;0
"36255";"202100036255";6;"17:30";"1";"13";"2";"1";"1";1;43;5
"36256";"202100036256";6;"09:30";"1";"13";"2";"3";"1";3;43;5
"36257";"202100036257";6;"01:30";"5";"07";"2";"1";"3";7;44;4
"36258";"202100036258";6;"18:10";"1";"06";"2";"1";"1";6;43;7
"36259";"202100036259";6;"11:30";"1";"75";"2";"1";"1";3;48;2
"36260";"202100036260";6;"01:02";"5";"75";"2";"1";"1";3;48;2
"36261";"202100036261";6;"12:35";"1";"75";"2";"1";"1";2;48;2
"36262";"202100036262";6;"22:40";"5";"75";"2";"1";"1";3;48;2
"36263";"202100036263";6;"14:00";"1";"75";"2";"4";"1";5;48;2
"36264";"202100036264";6;"19:00";"1";"75";"2";"1";"1";3;48;2
"36265";"202100036265";6;"12:20";"1";"75";"2";"3";"8";3;48;2
"36266";"202100036266";6;"20:30";"1";"75";"2";"4";"1";3;48;2
"36267";"202100036267";6;"12:50";"1";"75";"2";"3";"1";2;48;2
"36268";"202100036268";6;"17:50";"1";"75";"2";"1";"1";3;48;2
"36269";"202100036269";6;"17:30";"1";"75";"2";"4";"1";7;48;2
"36270";"202100036270";6;"14:20";"1";"94";"2";"1";"1";7;48;2
"36271";"202100036271";6;"04:00";"5";"94";"2";"1";"1";6;48;2
"36272";"202100036272";6;"17:15";"1";"94";"2";"1";"1";1;48;2
"36273";"202100036273";6;"18:00";"1";"94";"1";"1";"1";6;48;2
"36274";"202100036274";6;"14:30";"1";"94";"2";"2";"1";3;48;2
"36275";"202100036275";6;"20:30";"1";"94";"2";"1";"1";2;48;2
"36276";"202100036276";5;"11:10";"1";"94";"2";"2";"7";3;48;2
"36277";"202100036277";6;"13:50";"1";"94";"1";"1";"1";4;48;2
"36278";"202100036278";5;"16:50";"1";"93";"2";"1";"1";1;48;2
"36279";"202100036279";6;"17:00";"5";"93";"2";"9";"2";2;48;2
"36280";"202100036280";6;"11:52";"1";"93";"2";"2";"8";3;48;2
"36281";"202100036281";6;"17:50";"1";"93";"2";"1";"1";6;48;2
"36282";"202100036282";6;"15:40";"1";"93";"2";"1";"1";3;48;2
"36283";"202100036283";6;"05:45";"2";"93";"2";"1";"2";2;48;2
"36284";"202100036284";6;"12:40";"1";"92";"2";"1";"1";6;48;2
"36285";"202100036285";6;"22:05";"5";"92";"2";"1";"1";3;48;2
"36286";"202100036286";6;"10:40";"1";"92";"2";"2";"1";6;48;2
"36287";"202100036287";6;"11:15";"1";"92";"2";"1";"1";6;48;2
"36288";"202100036288";6;"13:30";"1";"92";"2";"3";"1";6;48;2
"36289";"202100036289";6;"20:00";"1";"08";"2";"2";"1";3;49;4
"36290";"202100036290";6;"13:10";"1";"66";"1";"1";"1";2;42;2
"36291";"202100036291";6;"17:30";"1";"43";"1";"1";"8";7;45;3
"36292";"202100036292";6;"08:40";"1";"988";"2";"9";"1";6;-20;164
"36293";"202100036293";6;"15:50";"1";"21";"1";"1";"1";6;47;5
"36294";"202100036294";6;"11:20";"1";"81";"1";"1";"1";6;43;2
"36295";"202100036295";6;"11:35";"1";"974";"2";"1";"1";6;-21;55
"36296";"202100036296";6;"05:40";"2";"972";"2";"2";"2";6;14;-60
"36297";"202100036297";6;"05:00";"2";"972";"1";"1";"1";6;14;-60
"36298";"202100036298";6;"21:40";"1";"35";"1";"9";"1";3;48;-1
"36299";"202100036299";6;"09:45";"1";"06";"2";"1";"1";1;43;6
"36300";"202100036300";6;"15:21";"1";"79";"2";"3";"1";3;46;0
"36301";"202100036301";6;"18:45";"1";"59";"1";"9";"1";6;50;2
"36302";"202100036302";6;"06:20";"2";"30";"1";"1";"1";1;43;4
"36303";"202100036303";6;"16:40";"1";"87";"1";"1";"7";6;45;1
"36304";"202100036304";6;"17:30";"1";"62";"1";"1";"1";3;50;2
"36305";"202100036305";5;"18:55";"1";"56";"2";"1";"1";7;48;-2
"36306";"202100036306";5;"09:25";"1";"56";"1";"2";"1";5;47;-2
"36307";"202100036307";6;"21:25";"2";"56";"1";"1";"1";1;47;-2
"36308";"202100036308";6;"18:25";"1";"79";"1";"1";"1";2;46;0
"36309";"202100036309";6;"18:40";"1";"2B";"1";"1";"1";6;42;8
"36310";"202100036310";6;"17:00";"1";"65";"2";"3";"1";6;42;0
"36311";"202100036311";6;"01:20";"3";"81";"1";"1";"1";6;43;2
"36312";"202100036312";6;"17:30";"1";"89";"1";"1";"1";1;47;3
"36313";"202100036313";6;"12:30";"1";"89";"1";"1";"8";6;47;3
"36314";"202100036314";6;"17:30";"1";"55";"1";"1";"1";7;48;5
"36315";"202100036315";6;"09:30";"1";"68";"1";"1";"2";6;47;7
"36316";"202100036316";6;"10:50";"1";"35";"1";"1";"7";3;48;-1
"36317";"202100036317";6;"00:15";"3";"29";"1";"4";"1";6;48;-3
"36318";"202100036318";6;"04:20";"3";"38";"1";"1";"1";6;45;5
"36319";"202100036319";6;"07:35";"1";"26";"1";"1";"1";6;44;5
"36320";"202100036320";6;"14:30";"1";"54";"1";"1";"1";7;49;5
"36321";"202100036321";6;"16:15";"1";"72";"1";"1";"1";3;48;0
"36322";"202100036322";6;"13:00";"1";"72";"1";"1";"1";7;48;0
"36323";"202100036323";6;"13:00";"1";"72";"1";"1";"7";1;48;0
"36324";"202100036324";6;"18:50";"1";"06";"1";"1";"1";1;43;7
"36325";"202100036325";6;"10:00";"1";"06";"1";"1";"1";6;43;6
"36326";"202100036326";6;"18:15";"1";"14";"1";"4";"1";3;49;0
"36327";"202100036327";6;"17:50";"1";"60";"1";"1";"1";2;49;2
"36328";"202100036328";6;"11:30";"1";"73";"2";"3";"1";6;45;5
"36329";"202100036329";6;"12:20";"1";"53";"1";"1";"1";5;48;-1
"36330";"202100036330";6;"14:50";"1";"53";"1";"1";"1";7;48;0
"36331";"202100036331";5;"18:15";"1";"24";"1";"1";"2";7;45;0
"36332";"202100036332";6;"00:45";"3";"48";"1";"1";"1";6;44;3
"36333";"202100036333";6;"14:55";"1";"48";"1";"1";"1";7;44;3
"36334";"202100036334";6;"14:10";"1";"27";"1";"1";"1";6;49;1
"36335";"202100036335";6;"21:30";"2";"77";"1";"1";"1";2;48;2
"36336";"202100036336";5;"10:20";"1";"77";"1";"1";"1";6;48;2
"36337";"202100036337";6;"21:00";"3";"971";"1";"1";"1";7;15;-61
"36338";"202100036338";6;"20:30";"1";"45";"2";"1";"1";6;47;2
"36339";"202100036339";6;"07:30";"1";"77";"2";"1";"1";6;48;2
"36340";"202100036340";6;"08:30";"1";"34";"1";"1";"1";6;43;3
"36341";"202100036341";6;"18:00";"1";"84";"1";"1";"7";7;43;5
"36342";"202100036342";6;"12:45";"1";"06";"1";"1";"1";3;43;6
"36343";"202100036343";6;"08:10";"1";"57";"1";"4";"2";3;49;6
"36344";"202100036344";6;"10:55";"1";"73";"1";"1";"1";6;45;6
"36345";"202100036345";6;"21:45";"2";"26";"2";"1";"1";1;44;4
"36346";"202100036346";6;"16:20";"1";"26";"1";"1";"1";3;44;4
"36347";"202100036347";6;"17:35";"1";"69";"2";"1";"5";1;45;4
"36348";"202100036348";6;"13:30";"1";"17";"1";"1";"1";1;45;0
"36349";"202100036349";6;"15:20";"1";"60";"1";"1";"1";7;49;2
"36350";"202100036350";6;"12:15";"1";"60";"2";"6";"1";2;49;2
"36351";"202100036351";6;"13:05";"1";"13";"1";"1";"1";4;43;5
"36352";"202100036352";6;"10:30";"1";"13";"1";"1";"1";2;43;5
"36353";"202100036353";6;"21:29";"3";"69";"1";"1";"2";4;45;5
"36354";"202100036354";6;"09:48";"1";"33";"1";"1";"1";6;44;0
"36355";"202100036355";6;"23:30";"3";"95";"1";"1";"1";2;49;2
"36356";"202100036356";6;"16:20";"1";"94";"1";"1";"1";3;48;2
"36357";"202100036357";6;"10:00";"1";"77";"1";"1";"1";2;48;2
"36358";"202100036358";6;"02:30";"3";"77";"1";"1";"1";2;48;2
"36359";"202100036359";6;"16:28";"1";"77";"2";"3";"1";6;48;3
"36360";"202100036360";6;"17:30";"1";"54";"2";"1";"1";6;48;6
"36361";"202100036361";6;"18:55";"5";"988";"2";"5";"1";6;-22;166
"36362";"202100036362";6;"11:00";"1";"974";"1";"1";"1";1;-21;55
"36363";"202100036363";6;"08:30";"1";"974";"2";"1";"1";1;-21;55
"36364";"202100036364";6;"17:46";"2";"974";"2";"1";"1";1;-20;55
"36365";"202100036365";6;"17:30";"2";"974";"2";"1";"1";1;-20;55
"36366";"202100036366";6;"17:45";"1";"973";"1";"1";"1";7;4;-52
"36367";"202100036367";6;"22:32";"3";"69";"2";"1";"2";2;45;4
"36368";"202100036368";6;"22:00";"5";"69";"2";"8";"2";3;45;4
"36369";"202100036369";6;"20:00";"1";"69";"2";"1";"1";6;45;4
"36370";"202100036370";6;"19:35";"1";"69";"2";"1";"1";3;45;4
"36371";"202100036371";6;"18:00";"1";"69";"2";"2";"1";6;45;4
"36372";"202100036372";6;"18:15";"1";"69";"1";"1";"1";3;45;4
"36373";"202100036373";6;"08:10";"1";"69";"2";"1";"1";6;45;4
"36374";"202100036374";6;"12:55";"1";"2B";"1";"1";"1";2;42;9
"36375";"202100036375";6;"08:10";"1";"91";"2";"3";"1";3;48;2
"36376";"202100036376";6;"07:45";"1";"91";"1";"1";"3";2;48;2
"36377";"202100036377";6;"22:45";"5";"91";"2";"1";"1";-1;48;2
"36378";"202100036378";6;"15:40";"1";"91";"2";"1";"2";6;48;2
"36379";"202100036379";6;"13:10";"1";"91";"2";"1";"1";3;48;2
"36380";"202100036380";6;"13:40";"1";"91";"2";"9";"8";3;48;2
"36381";"202100036381";6;"10:30";"1";"91";"1";"1";"1";3;48;2
"36382";"202100036382";6;"13:04";"1";"87";"2";"1";"2";1;45;1
"36383";"202100036383";6;"20:20";"1";"87";"2";"1";"1";7;45;1
"36384";"202100036384";4;"19:00";"2";"84";"2";"1";"1";2;43;4
"36385";"202100036385";6;"15:10";"1";"83";"2";"3";"1";1;43;6
"36386";"202100036386";6;"19:30";"1";"83";"2";"1";"1";6;43;6
"36387";"202100036387";6;"17:39";"1";"80";"2";"1";"1";1;49;2
"36388";"202100036388";6;"16:35";"1";"80";"2";"1";"1";6;49;2
"36389";"202100036389";5;"17:59";"1";"80";"1";"1";"1";2;49;2
"36390";"202100036390";6;"16:30";"1";"77";"2";"1";"1";6;48;2
"36391";"202100036391";6;"16:25";"1";"77";"2";"1";"1";1;48;3
"36392";"202100036392";6;"09:00";"1";"76";"2";"1";"2";6;49;1
"36393";"202100036393";6;"18:47";"1";"72";"1";"1";"1";2;47;0
"36394";"202100036394";6;"18:25";"1";"72";"2";"1";"1";4;47;0
"36395";"202100036395";6;"17:35";"1";"70";"1";"1";"1";5;47;6
"36396";"202100036396";6;"08:00";"1";"67";"2";"3";"1";1;48;7
"36397";"202100036397";6;"18:00";"1";"67";"2";"1";"1";3;48;7
"36398";"202100036398";6;"16:00";"1";"65";"2";"1";"1";1;43;0
"36399";"202100036399";6;"11:30";"1";"64";"1";"1";"2";1;43;0
"36400";"202100036400";6;"08:25";"1";"64";"2";"1";"8";6;43;0
"36401";"202100036401";6;"17:50";"1";"64";"2";"1";"3";7;43;-1
"36402";"202100036402";6;"15:35";"1";"64";"2";"1";"1";4;43;-1
"36403";"202100036403";6;"14:49";"1";"63";"2";"1";"1";2;45;3
"36404";"202100036404";6;"05:20";"2";"59";"2";"3";"1";3;50;3
"36405";"202100036405";6;"07:50";"1";"59";"2";"1";"1";6;50;2
"36406";"202100036406";6;"14:45";"1";"57";"2";"1";"1";6;49;6
"36407";"202100036407";6;"14:06";"1";"56";"2";"4";"1";3;47;-3
"36408";"202100036408";6;"08:23";"1";"56";"2";"3";"1";3;47;-3
"36409";"202100036409";6;"21:10";"1";"56";"2";"6";"1";5;47;-3
"36410";"202100036410";6;"08:10";"1";"54";"2";"1";"1";2;48;6
"36411";"202100036411";6;"15:35";"1";"54";"2";"1";"1";3;48;6
"36412";"202100036412";6;"08:13";"1";"54";"2";"1";"1";3;48;6
"36413";"202100036413";6;"22:13";"5";"54";"2";"1";"1";6;48;6
"36414";"202100036414";6;"11:40";"1";"54";"2";"1";"1";6;48;6
"36415";"202100036415";6;"11:35";"1";"51";"2";"1";"1";7;49;4
"36416";"202100036416";6;"12:10";"1";"51";"2";"1";"1";2;49;4
"36417";"202100036417";6;"17:45";"1";"51";"2";"1";"1";7;48;4
"36418";"202100036418";6;"21:05";"1";"50";"2";"6";"1";3;49;-1
"36419";"202100036419";5;"21:20";"1";"50";"2";"1";"1";6;48;-1
"36420";"202100036420";6;"19:35";"1";"49";"2";"1";"1";7;47;0
"36421";"202100036421";6;"13:15";"1";"49";"2";"1";"3";2;47;0
"36422";"202100036422";6;"15:10";"1";"49";"2";"1";"1";7;47;0
"36423";"202100036423";6;"08:55";"1";"49";"2";"1";"2";7;47;0
"36424";"202100036424";6;"17:05";"1";"49";"2";"1";"1";6;47;0
"36425";"202100036425";6;"11:50";"1";"42";"2";"1";"1";6;45;4
"36426";"202100036426";6;"17:20";"1";"38";"2";"3";"1";1;45;5
"36427";"202100036427";6;"12:10";"1";"38";"2";"1";"1";3;45;5
"36428";"202100036428";6;"20:50";"2";"37";"2";"6";"1";7;47;0
"36429";"202100036429";6;"15:09";"1";"37";"1";"1";"2";6;47;0
"36430";"202100036430";6;"08:55";"1";"37";"2";"9";"1";6;47;0
"36431";"202100036431";6;"19:00";"1";"35";"2";"6";"7";3;48;-1
"36432";"202100036432";6;"15:10";"1";"35";"2";"1";"1";4;48;-1
"36433";"202100036433";6;"00:15";"5";"33";"2";"3";"1";3;44;0
"36434";"202100036434";6;"11:30";"1";"33";"2";"3";"3";6;44;0
"36435";"202100036435";6;"11:20";"1";"33";"2";"3";"2";6;44;0
"36436";"202100036436";6;"07:28";"1";"31";"2";"1";"1";3;43;1
"36437";"202100036437";6;"19:10";"1";"29";"2";"6";"1";3;48;-4
"36438";"202100036438";5;"20:09";"1";"29";"2";"1";"1";1;48;-4
"36439";"202100036439";6;"16:10";"1";"28";"1";"1";"1";3;48;1
"36440";"202100036440";6;"09:25";"1";"27";"2";"2";"2";6;49;1
"36441";"202100036441";6;"16:45";"1";"25";"1";"1";"8";3;46;6
"36442";"202100036442";6;"19:20";"1";"25";"2";"1";"1";2;47;5
"36443";"202100036443";6;"19:35";"1";"17";"2";"1";"1";1;46;-1
"36444";"202100036444";6;"19:00";"2";"13";"2";"1";"1";3;43;5
"36445";"202100036445";6;"17:15";"1";"13";"2";"1";"1";5;43;5
"36446";"202100036446";6;"19:04";"1";"13";"2";"1";"1";2;43;5