"";"Num_Acc";"mois";"hrmn";"lum";"dep";"agg";"int";"atm";"col";"lat";"long"
"36447";"202100036447";6;"14:45";"1";"13";"2";"2";"1";3;43;5
"36448";"202100036448";6;"22:20";"5";"13";"2";"1";"1";5;43;5
"36449";"202100036449";6;"22:00";"3";"13";"2";"2";"1";3;43;5
"36450";"202100036450";6;"13:00";"1";"13";"2";"3";"1";3;43;5
"36451";"202100036451";6;"17:25";"1";"13";"2";"1";"1";1;43;5
"36452";"202100036452";6;"16:30";"1";"10";"2";"1";"1";4;48;4
"36453";"202100036453";6;"10:49";"1";"10";"1";"9";"1";6;48;4
"36454";"202100036454";6;"09:40";"1";"10";"2";"9";"1";6;48;4
"36455";"202100036455";6;"16:05";"1";"07";"1";"6";"8";5;44;4
"36456";"202100036456";6;"07:25";"1";"06";"2";"1";"1";6;43;7
"36457";"202100036457";6;"23:00";"5";"06";"2";"2";"1";3;43;7
"36458";"202100036458";6;"20:25";"1";"06";"2";"3";"1";3;43;7
"36459";"202100036459";6;"18:10";"1";"06";"2";"1";"1";1;43;6
"36460";"202100036460";6;"12:50";"1";"06";"2";"1";"1";2;43;6
"36461";"202100036461";6;"09:30";"1";"04";"2";"1";"1";6;43;5
"36462";"202100036462";6;"18:46";"1";"75";"2";"2";"1";6;48;2
"36463";"202100036463";6;"14:10";"1";"75";"2";"4";"2";3;48;2
"36464";"202100036464";6;"17:50";"1";"75";"2";"1";"8";3;48;2
"36465";"202100036465";6;"01:25";"5";"75";"2";"2";"1";3;48;2
"36466";"202100036466";6;"09:00";"1";"75";"2";"1";"1";6;48;2
"36467";"202100036467";6;"08:45";"1";"75";"2";"1";"1";2;48;2
"36468";"202100036468";6;"16:20";"1";"75";"2";"7";"1";6;48;2
"36469";"202100036469";6;"14:15";"1";"75";"2";"3";"8";3;48;2
"36470";"202100036470";6;"12:30";"1";"75";"2";"1";"1";3;48;2
"36471";"202100036471";6;"18:15";"1";"75";"2";"1";"1";6;48;2
"36472";"202100036472";6;"09:45";"1";"75";"2";"7";"2";1;48;2
"36473";"202100036473";6;"22:56";"5";"75";"2";"3";"1";2;48;2
"36474";"202100036474";6;"07:45";"1";"75";"2";"1";"3";6;48;2
"36475";"202100036475";6;"10:10";"1";"75";"2";"4";"1";2;48;2
"36476";"202100036476";6;"12:20";"1";"94";"2";"1";"1";2;48;2
"36477";"202100036477";6;"09:00";"1";"94";"2";"1";"2";7;48;2
"36478";"202100036478";6;"20:50";"2";"94";"2";"2";"8";6;48;2
"36479";"202100036479";6;"17:50";"1";"94";"2";"1";"8";1;48;2
"36480";"202100036480";6;"15:20";"1";"94";"2";"1";"1";3;48;2
"36481";"202100036481";6;"08:40";"1";"94";"2";"3";"2";6;48;2
"36482";"202100036482";6;"07:10";"1";"93";"2";"2";"2";3;48;2
"36483";"202100036483";6;"17:30";"1";"93";"2";"7";"1";1;48;2
"36484";"202100036484";6;"11:05";"1";"93";"2";"9";"1";6;48;2
"36485";"202100036485";6;"17:20";"1";"93";"2";"1";"1";2;48;2
"36486";"202100036486";6;"20:40";"1";"93";"2";"1";"1";3;48;2
"36487";"202100036487";6;"10:40";"1";"93";"2";"1";"1";1;48;2
"36488";"202100036488";6;"20:40";"1";"93";"2";"3";"1";3;48;2
"36489";"202100036489";6;"22:24";"4";"93";"2";"1";"1";1;48;2
"36490";"202100036490";6;"12:50";"1";"92";"2";"3";"1";6;48;2
"36491";"202100036491";6;"19:00";"1";"92";"2";"1";"1";3;48;2
"36492";"202100036492";6;"11:05";"1";"92";"2";"9";"8";2;48;2
"36493";"202100036493";6;"13:18";"1";"92";"2";"9";"1";6;48;2
"36494";"202100036494";6;"17:30";"1";"92";"2";"9";"1";3;48;2
"36495";"202100036495";6;"12:30";"1";"92";"2";"2";"8";6;48;2
"36496";"202100036496";6;"17:05";"1";"92";"2";"6";"1";6;48;2
"36497";"202100036497";6;"09:30";"1";"95";"2";"1";"1";3;49;2
"36498";"202100036498";6;"19:30";"1";"95";"2";"1";"1";3;49;2
"36499";"202100036499";6;"15:30";"1";"42";"1";"2";"3";3;46;4
"36500";"202100036500";6;"20:18";"2";"52";"1";"1";"3";6;47;5
"36501";"202100036501";6;"17:50";"1";"54";"2";"3";"8";3;49;5
"36502";"202100036502";6;"22:20";"3";"01";"1";"1";"2";6;46;5
"36503";"202100036503";6;"19:10";"1";"29";"1";"1";"1";2;48;-4
"36504";"202100036504";5;"07:00";"2";"74";"1";"6";"1";3;45;6
"36505";"202100036505";6;"13:20";"1";"06";"1";"1";"1";1;43;7
"36506";"202100036506";6;"14:45";"1";"74";"2";"1";"1";6;46;6
"36507";"202100036507";6;"17:25";"1";"82";"1";"1";"2";3;44;1
"36508";"202100036508";6;"08:20";"1";"32";"2";"1";"1";6;43;0
"36509";"202100036509";6;"21:10";"3";"42";"1";"1";"3";1;45;4
"36510";"202100036510";6;"00:00";"3";"46";"1";"1";"1";6;44;1
"36511";"202100036511";6;"16:45";"1";"29";"2";"1";"1";6;48;-4
"36512";"202100036512";6;"09:30";"1";"39";"1";"3";"1";7;46;5
"36513";"202100036513";6;"16:50";"1";"38";"2";"1";"1";1;45;5
"36514";"202100036514";6;"13:50";"1";"38";"2";"1";"1";7;44;5
"36515";"202100036515";6;"03:00";"5";"02";"2";"1";"1";7;49;3
"36516";"202100036516";6;"18:20";"1";"02";"2";"1";"8";3;49;3
"36517";"202100036517";6;"11:40";"1";"84";"1";"1";"1";7;44;5
"36518";"202100036518";6;"16:00";"1";"03";"1";"9";"1";6;46;3
"36519";"202100036519";6;"14:15";"1";"54";"2";"1";"1";6;48;6
"36520";"202100036520";6;"18:25";"1";"14";"1";"1";"7";7;49;0
"36521";"202100036521";6;"17:15";"1";"64";"2";"3";"1";2;43;0
"36522";"202100036522";6;"17:50";"1";"43";"1";"9";"2";6;44;3
"36523";"202100036523";6;"09:30";"1";"10";"2";"9";"7";6;48;4
"36524";"202100036524";6;"13:00";"1";"24";"1";"1";"1";7;45;1
"36525";"202100036525";6;"09:10";"1";"04";"1";"1";"1";6;44;5
"36526";"202100036526";6;"21:10";"1";"85";"1";"1";"1";6;46;-1
"36527";"202100036527";6;"22:45";"4";"27";"2";"1";"1";6;49;0
"36528";"202100036528";6;"11:11";"1";"48";"1";"1";"1";6;44;3
"36529";"202100036529";6;"22:45";"5";"08";"2";"1";"1";6;49;4
"36530";"202100036530";6;"16:30";"1";"13";"1";"3";"1";3;43;5
"36531";"202100036531";6;"07:58";"1";"06";"1";"3";"1";1;43;7
"36532";"202100036532";6;"06:40";"1";"06";"1";"1";"1";5;43;7
"36533";"202100036533";6;"15:55";"1";"13";"1";"1";"1";2;43;5
"36534";"202100036534";6;"06:10";"2";"987";"2";"1";"1";1;-17;-149
"36535";"202100036535";6;"07:30";"1";"988";"1";"1";"1";7;-21;165
"36536";"202100036536";6;"23:30";"3";"973";"1";"1";"1";1;5;-53
"36537";"202100036537";3;"15:20";"1";"45";"2";"1";"3";6;47;2
"36538";"202100036538";6;"03:00";"3";"2B";"1";"3";"1";6;42;9
"36539";"202100036539";6;"08:15";"1";"2B";"2";"1";"1";3;42;9
"36540";"202100036540";6;"16:15";"1";"05";"1";"1";"1";6;44;5
"36541";"202100036541";6;"13:30";"1";"13";"1";"3";"1";3;43;4
"36542";"202100036542";6;"14:10";"1";"89";"1";"4";"1";1;47;3
"36543";"202100036543";6;"09:39";"1";"71";"1";"1";"1";2;46;4
"36544";"202100036544";6;"16:30";"1";"71";"1";"1";"8";6;46;4
"36545";"202100036545";6;"19:15";"1";"42";"2";"9";"3";6;45;4
"36546";"202100036546";6;"15:45";"1";"38";"1";"1";"1";6;45;5
"36547";"202100036547";6;"20:15";"1";"69";"1";"1";"2";1;46;4
"36548";"202100036548";6;"13:10";"1";"81";"2";"2";"1";3;43;1
"36549";"202100036549";6;"09:15";"1";"65";"1";"1";"8";6;42;0
"36550";"202100036550";6;"20:00";"1";"79";"2";"1";"1";3;46;0
"36551";"202100036551";6;"21:30";"2";"64";"1";"1";"2";7;43;0
"36552";"202100036552";6;"07:50";"1";"33";"2";"3";"2";3;44;0
"36553";"202100036553";6;"21:50";"2";"44";"1";"1";"1";7;47;-2
"36554";"202100036554";6;"18:45";"1";"27";"1";"4";"1";3;49;1
"36555";"202100036555";6;"05:00";"2";"60";"2";"2";"1";1;49;2
"36556";"202100036556";6;"02:15";"5";"60";"2";"1";"1";1;49;2
"36557";"202100036557";6;"09:00";"1";"60";"1";"9";"1";3;49;2
"36558";"202100036558";6;"16:00";"1";"80";"2";"1";"1";1;49;2
"36559";"202100036559";6;"17:45";"1";"13";"1";"1";"1";2;43;5
"36560";"202100036560";6;"18:40";"1";"13";"1";"1";"2";2;43;5
"36561";"202100036561";6;"13:10";"1";"13";"1";"1";"1";2;43;5
"36562";"202100036562";5;"19:10";"1";"13";"1";"1";"1";3;43;5
"36563";"202100036563";6;"14:34";"1";"69";"1";"1";"1";2;45;4
"36564";"202100036564";6;"12:30";"1";"33";"1";"1";"2";4;44;0
"36565";"202100036565";6;"19:45";"1";"59";"1";"1";"1";6;50;2
"36566";"202100036566";6;"09:10";"1";"94";"1";"1";"8";2;48;2
"36567";"202100036567";5;"22:15";"3";"92";"1";"1";"1";7;48;2
"36568";"202100036568";6;"15:20";"1";"93";"1";"1";"3";2;48;2
"36569";"202100036569";6;"22:15";"3";"95";"1";"1";"1";6;49;2
"36570";"202100036570";6;"15:50";"1";"976";"2";"1";"1";6;-12;45
"36571";"202100036571";6;"08:40";"1";"95";"2";"1";"1";6;48;2
"36572";"202100036572";2;"19:30";"5";"93";"2";"1";"1";6;48;2
"36573";"202100036573";6;"08:00";"1";"974";"1";"1";"1";7;-21;55
"36574";"202100036574";6;"11:10";"1";"974";"2";"1";"2";7;-20;55
"36575";"202100036575";6;"08:45";"1";"974";"2";"1";"1";1;-20;55
"36576";"202100036576";6;"15:00";"1";"974";"1";"1";"1";6;-20;55
"36577";"202100036577";5;"23:10";"5";"974";"2";"6";"1";7;-20;55
"36578";"202100036578";6;"17:20";"1";"973";"2";"1";"1";3;4;-52
"36579";"202100036579";6;"17:45";"1";"69";"2";"1";"1";4;45;4
"36580";"202100036580";5;"19:59";"5";"972";"1";"1";"1";6;14;-61
"36581";"202100036581";6;"01:15";"5";"972";"2";"1";"1";6;14;-61
"36582";"202100036582";6;"17:35";"1";"69";"1";"9";"1";3;45;4
"36583";"202100036583";6;"16:40";"1";"69";"2";"3";"7";3;45;4
"36584";"202100036584";6;"18:10";"1";"95";"2";"9";"1";3;49;2
"36585";"202100036585";6;"08:00";"1";"95";"2";"1";"7";1;48;2
"36586";"202100036586";6;"12:35";"1";"95";"2";"2";"1";3;49;2
"36587";"202100036587";6;"13:53";"1";"91";"2";"1";"1";2;48;2
"36588";"202100036588";6;"19:31";"1";"91";"2";"2";"1";3;48;2
"36589";"202100036589";6;"19:21";"1";"87";"2";"2";"1";3;45;1
"36590";"202100036590";6;"17:50";"1";"80";"2";"1";"1";3;49;2
"36591";"202100036591";6;"11:10";"1";"78";"2";"1";"1";6;48;1
"36592";"202100036592";6;"16:55";"1";"74";"2";"6";"1";3;46;6
"36593";"202100036593";6;"11:15";"1";"74";"2";"2";"2";2;46;6
"36594";"202100036594";6;"18:25";"1";"74";"2";"9";"1";6;45;6
"36595";"202100036595";6;"14:00";"1";"72";"2";"3";"1";3;47;0
"36596";"202100036596";6;"08:55";"1";"71";"1";"3";"1";3;46;4
"36597";"202100036597";6;"10:45";"1";"71";"2";"1";"1";4;46;4
"36598";"202100036598";6;"16:20";"1";"69";"2";"1";"1";6;45;4
"36599";"202100036599";6;"22:00";"5";"67";"2";"3";"1";3;48;7
"36600";"202100036600";6;"16:50";"1";"67";"2";"1";"1";1;48;7
"36601";"202100036601";6;"19:55";"1";"64";"2";"1";"1";3;43;-1
"36602";"202100036602";6;"07:47";"1";"63";"2";"1";"1";6;45;3
"36603";"202100036603";6;"10:24";"1";"63";"2";"1";"1";6;45;3
"36604";"202100036604";6;"17:05";"1";"59";"1";"1";"7";1;50;3
"36605";"202100036605";6;"04:50";"2";"59";"2";"2";"1";6;50;3
"36606";"202100036606";6;"12:25";"1";"59";"2";"1";"1";3;50;3
"36607";"202100036607";6;"13:40";"1";"56";"2";"1";"8";3;47;-3
"36608";"202100036608";6;"12:45";"1";"49";"2";"1";"1";6;47;0
"36609";"202100036609";6;"07:02";"1";"49";"2";"1";"2";1;47;0
"36610";"202100036610";6;"07:10";"2";"48";"2";"1";"2";6;44;3
"36611";"202100036611";5;"04:00";"5";"48";"2";"3";"2";7;44;3
"36612";"202100036612";6;"11:00";"1";"44";"2";"1";"1";3;47;-1
"36613";"202100036613";6;"06:50";"1";"44";"2";"1";"2";3;47;-1
"36614";"202100036614";6;"19:40";"1";"42";"2";"4";"7";6;45;4
"36615";"202100036615";6;"10:45";"1";"42";"2";"9";"1";3;45;4
"36616";"202100036616";6;"08:45";"1";"37";"2";"2";"2";6;47;0
"36617";"202100036617";6;"08:50";"1";"33";"2";"2";"1";3;44;0
"36618";"202100036618";6;"21:10";"1";"32";"2";"6";"1";7;43;0
"36619";"202100036619";6;"16:20";"1";"31";"2";"3";"1";3;43;1
"36620";"202100036620";6;"02:20";"5";"31";"2";"1";"1";7;43;1
"36621";"202100036621";6;"19:20";"1";"31";"2";"1";"1";6;43;1
"36622";"202100036622";6;"10:20";"1";"30";"2";"1";"1";3;43;4
"36623";"202100036623";6;"08:20";"1";"29";"2";"1";"8";1;48;-4
"36624";"202100036624";6;"17:14";"1";"27";"2";"3";"1";3;49;1
"36625";"202100036625";6;"19:46";"2";"25";"2";"1";"8";6;46;6
"36626";"202100036626";5;"16:55";"1";"22";"2";"1";"1";4;48;-2
"36627";"202100036627";6;"18:15";"1";"17";"2";"2";"1";3;46;-1
"36628";"202100036628";6;"06:07";"2";"15";"2";"1";"1";6;44;2
"36629";"202100036629";6;"12:20";"1";"14";"2";"1";"1";2;49;0
"36630";"202100036630";6;"01:15";"5";"13";"2";"9";"1";3;43;5
"36631";"202100036631";6;"21:45";"5";"13";"2";"2";"1";3;43;5
"36632";"202100036632";6;"17:40";"1";"13";"2";"1";"1";3;43;4
"36633";"202100036633";6;"12:00";"1";"12";"2";"6";"1";6;44;2
"36634";"202100036634";6;"13:40";"1";"11";"1";"3";"8";3;43;2
"36635";"202100036635";6;"22:10";"5";"10";"2";"1";"1";6;48;4
"36636";"202100036636";6;"15:21";"1";"10";"2";"1";"1";1;48;4
"36637";"202100036637";6;"13:00";"1";"10";"2";"6";"1";7;48;4
"36638";"202100036638";6;"20:18";"1";"10";"1";"1";"1";2;48;4
"36639";"202100036639";6;"12:00";"1";"06";"2";"9";"1";6;43;7
"36640";"202100036640";6;"15:40";"1";"06";"1";"3";"1";3;43;7
"36641";"202100036641";6;"11:50";"1";"05";"2";"1";"1";4;44;6
"36642";"202100036642";5;"17:30";"1";"75";"2";"1";"1";3;48;2
"36643";"202100036643";6;"10:15";"1";"75";"2";"1";"1";3;48;2
"36644";"202100036644";6;"15:50";"1";"75";"2";"2";"1";3;48;2
"36645";"202100036645";6;"12:50";"1";"75";"2";"3";"1";6;48;2
"36646";"202100036646";6;"23:00";"5";"75";"2";"3";"1";3;48;2
"36647";"202100036647";6;"20:05";"1";"75";"2";"1";"1";2;48;2
"36648";"202100036648";6;"12:30";"1";"75";"2";"2";"1";3;48;2
"36649";"202100036649";6;"14:47";"1";"75";"2";"3";"1";6;48;2
"36650";"202100036650";6;"19:20";"1";"75";"2";"2";"1";6;48;2
"36651";"202100036651";6;"14:00";"1";"75";"2";"1";"1";3;48;2
"36652";"202100036652";6;"15:50";"1";"94";"2";"2";"1";6;48;2
"36653";"202100036653";6;"21:40";"2";"94";"2";"6";"1";1;48;2
"36654";"202100036654";6;"12:00";"1";"94";"2";"1";"1";3;48;2
"36655";"202100036655";6;"13:35";"1";"94";"2";"1";"1";7;48;2
"36656";"202100036656";6;"21:00";"2";"93";"2";"1";"1";3;48;2
"36657";"202100036657";6;"12:15";"1";"93";"2";"1";"1";6;48;2
"36658";"202100036658";6;"12:25";"1";"93";"2";"1";"8";2;48;2
"36659";"202100036659";6;"07:15";"1";"93";"2";"1";"1";3;48;2
"36660";"202100036660";6;"08:30";"1";"93";"2";"9";"1";6;48;2
"36661";"202100036661";5;"23:05";"5";"93";"2";"3";"1";3;48;2
"36662";"202100036662";6;"13:15";"1";"93";"2";"1";"1";3;48;2
"36663";"202100036663";6;"09:20";"1";"93";"2";"2";"1";3;48;2
"36664";"202100036664";6;"15:30";"1";"93";"2";"1";"1";6;48;2
"36665";"202100036665";6;"17:30";"1";"93";"2";"1";"8";7;48;2
"36666";"202100036666";6;"23:30";"5";"93";"2";"2";"1";1;48;2
"36667";"202100036667";6;"13:40";"1";"93";"2";"1";"1";3;48;2
"36668";"202100036668";6;"12:55";"1";"92";"2";"1";"1";3;48;2
"36669";"202100036669";6;"18:20";"1";"92";"2";"9";"1";3;48;2
"36670";"202100036670";6;"19:20";"1";"92";"2";"2";"7";6;48;2
"36671";"202100036671";6;"07:10";"1";"92";"2";"2";"1";3;48;2
"36672";"202100036672";6;"18:40";"1";"92";"2";"2";"1";3;48;2
"36673";"202100036673";6;"14:00";"1";"92";"2";"3";"1";2;48;2
"36674";"202100036674";5;"10:40";"1";"51";"1";"1";"1";7;48;4
"36675";"202100036675";6;"08:30";"1";"01";"2";"2";"1";1;46;5
"36676";"202100036676";6;"15:00";"1";"83";"2";"9";"1";6;43;6
"36677";"202100036677";6;"19:45";"1";"02";"2";"9";"1";3;49;3
"36678";"202100036678";6;"09:15";"1";"41";"1";"1";"2";1;47;1
"36679";"202100036679";6;"13:00";"1";"2A";"1";"1";"1";6;41;9
"36680";"202100036680";6;"11:00";"1";"31";"2";"1";"2";6;43;1
"36681";"202100036681";6;"14:05";"1";"68";"2";"2";"7";1;47;7
"36682";"202100036682";5;"18:00";"1";"30";"1";"2";"1";5;44;4
"36683";"202100036683";5;"10:45";"1";"77";"1";"2";"1";7;48;3
"36684";"202100036684";6;"21:00";"2";"62";"2";"1";"1";7;50;2
"36685";"202100036685";6;"10:00";"1";"04";"1";"1";"1";6;44;6
"36686";"202100036686";5;"14:35";"1";"51";"2";"1";"1";7;48;3
"36687";"202100036687";6;"12:20";"1";"51";"1";"1";"1";7;48;3
"36688";"202100036688";5;"14:15";"1";"56";"2";"2";"1";3;47;-2
"36689";"202100036689";6;"07:05";"1";"77";"1";"2";"5";3;48;3
"36690";"202100036690";6;"23:15";"4";"76";"1";"1";"1";6;49;0
"36691";"202100036691";6;"05:20";"2";"80";"1";"1";"1";6;50;2
"36692";"202100036692";6;"11:20";"1";"33";"1";"1";"1";7;45;-1
"36693";"202100036693";6;"08:00";"2";"47";"1";"1";"1";7;44;0
"36694";"202100036694";6;"02:20";"3";"34";"1";"8";"1";6;43;3
"36695";"202100036695";6;"08:55";"1";"22";"1";"4";"1";1;48;-3
"36696";"202100036696";6;"17:10";"1";"38";"2";"3";"1";3;45;5
"36697";"202100036697";6;"19:00";"1";"03";"2";"2";"1";3;46;2
"36698";"202100036698";6;"17:45";"1";"85";"1";"1";"1";6;46;-1
"36699";"202100036699";6;"15:50";"1";"06";"2";"1";"1";3;43;7
"36700";"202100036700";6;"18:10";"1";"05";"2";"1";"1";1;44;6
"36701";"202100036701";6;"08:00";"1";"83";"1";"1";"1";7;43;6
"36702";"202100036702";6;"08:10";"2";"53";"1";"1";"1";5;48;0
"36703";"202100036703";6;"16:20";"1";"85";"2";"1";"1";6;46;-1
"36704";"202100036704";6;"14:00";"1";"28";"1";"3";"1";1;48;1
"36705";"202100036705";6;"15:00";"1";"37";"1";"1";"1";7;47;0
"36706";"202100036706";6;"18:05";"1";"48";"2";"6";"1";6;44;3
"36707";"202100036707";6;"07:30";"1";"49";"2";"1";"1";2;47;-1
"36708";"202100036708";6;"18:50";"3";"973";"1";"1";"1";7;4;-52
"36709";"202100036709";6;"19:00";"1";"72";"1";"9";"1";2;48;0
"36710";"202100036710";6;"18:30";"1";"33";"2";"6";"1";3;44;-1
"36711";"202100036711";6;"15:00";"1";"91";"2";"2";"1";3;48;2
"36712";"202100036712";6;"08:40";"1";"2A";"2";"1";"1";3;41;9
"36713";"202100036713";5;"16:50";"1";"34";"2";"2";"1";6;43;4
"36714";"202100036714";5;"11:45";"1";"84";"2";"1";"1";2;43;5
"36715";"202100036715";6;"14:45";"1";"83";"1";"1";"1";1;43;5
"36716";"202100036716";6;"16:50";"1";"06";"1";"1";"1";2;43;7
"36717";"202100036717";6;"16:00";"1";"13";"1";"1";"1";3;43;5
"36718";"202100036718";6;"18:00";"1";"67";"2";"1";"1";3;48;7
"36719";"202100036719";6;"07:15";"1";"73";"1";"1";"1";6;45;6
"36720";"202100036720";5;"10:40";"1";"38";"2";"6";"8";2;45;5
"36721";"202100036721";6;"22:20";"5";"38";"2";"6";"1";6;45;4
"36722";"202100036722";6;"13:00";"1";"38";"2";"1";"1";6;45;5
"36723";"202100036723";6;"16:45";"1";"38";"2";"1";"2";1;45;5
"36724";"202100036724";5;"17:30";"1";"07";"1";"1";"1";6;45;4
"36725";"202100036725";6;"20:05";"1";"69";"1";"4";"1";3;45;4
"36726";"202100036726";6;"20:40";"2";"46";"1";"1";"1";4;44;2
"36727";"202100036727";6;"15:50";"1";"09";"2";"1";"1";3;42;1
"36728";"202100036728";6;"21:05";"2";"17";"1";"1";"1";1;45;0
"36729";"202100036729";6;"02:55";"3";"86";"1";"1";"1";7;46;0
"36730";"202100036730";6;"15:00";"1";"33";"2";"1";"1";1;44;0
"36731";"202100036731";6;"20:20";"1";"33";"2";"6";"2";3;45;0
"36732";"202100036732";6;"21:10";"3";"33";"1";"1";"3";6;44;0
"36733";"202100036733";6;"18:00";"1";"29";"1";"3";"1";3;48;-4
"36734";"202100036734";5;"18:50";"1";"13";"1";"1";"1";4;43;5
"36735";"202100036735";6;"07:30";"1";"13";"1";"1";"2";4;43;5
"36736";"202100036736";6;"17:20";"1";"69";"1";"1";"1";2;45;4
"36737";"202100036737";6;"04:30";"5";"33";"1";"1";"1";4;44;0
"36738";"202100036738";6;"15:55";"1";"91";"1";"1";"1";2;48;2
"36739";"202100036739";6;"16:40";"1";"95";"1";"1";"1";2;48;2
"36740";"202100036740";6;"03:10";"3";"93";"1";"1";"1";6;48;2
"36741";"202100036741";6;"15:00";"1";"95";"1";"1";"1";2;48;2
"36742";"202100036742";6;"08:12";"1";"93";"1";"1";"1";3;48;2
"36743";"202100036743";6;"19:30";"1";"94";"1";"1";"1";2;48;2
"36744";"202100036744";6;"08:40";"1";"94";"1";"1";"1";4;48;2
"36745";"202100036745";6;"16:18";"1";"94";"1";"1";"1";2;48;2
"36746";"202100036746";5;"08:17";"1";"91";"2";"1";"1";6;48;2
"36747";"202100036747";5;"11:08";"1";"52";"2";"1";"2";2;48;4
"36748";"202100036748";5;"21:13";"1";"34";"2";"2";"1";3;43;3
"36749";"202100036749";6;"07:45";"1";"988";"2";"3";"1";6;-22;166
"36750";"202100036750";6;"11:30";"1";"988";"2";"1";"1";6;-22;166
"36751";"202100036751";6;"01:35";"5";"69";"2";"2";"1";3;45;4
"36752";"202100036752";6;"23:30";"5";"69";"2";"1";"1";2;45;4
"36753";"202100036753";6;"21:45";"5";"69";"2";"1";"1";2;45;4
"36754";"202100036754";6;"20:40";"2";"69";"2";"1";"1";3;45;4
"36755";"202100036755";6;"15:45";"1";"69";"2";"7";"1";6;45;4
"36756";"202100036756";6;"12:25";"1";"69";"2";"1";"1";1;45;4
"36757";"202100036757";5;"15:45";"1";"69";"2";"1";"1";3;45;4
"36758";"202100036758";6;"18:45";"5";"972";"2";"1";"1";6;14;-61
"36759";"202100036759";6;"18:40";"1";"69";"2";"3";"1";3;45;4
"36760";"202100036760";6;"17:15";"1";"69";"2";"1";"1";6;45;4
"36761";"202100036761";6;"08:00";"1";"69";"2";"4";"7";1;45;4
"36762";"202100036762";6;"19:15";"1";"69";"2";"1";"1";2;45;4
"36763";"202100036763";6;"19:00";"1";"69";"2";"1";"1";7;45;4
"36764";"202100036764";6;"13:55";"1";"91";"2";"1";"1";1;48;2
"36765";"202100036765";6;"10:40";"1";"91";"2";"9";"1";6;48;2
"36766";"202100036766";6;"19:10";"1";"91";"2";"1";"1";6;48;2
"36767";"202100036767";6;"10:30";"1";"91";"2";"1";"1";6;48;2
"36768";"202100036768";6;"17:15";"1";"90";"2";"1";"3";3;47;6
"36769";"202100036769";6;"17:22";"1";"87";"2";"2";"1";7;45;1
"36770";"202100036770";6;"18:55";"1";"83";"2";"9";"2";6;43;5
"36771";"202100036771";6;"21:30";"2";"78";"2";"3";"1";3;48;2
"36772";"202100036772";6;"14:45";"1";"78";"2";"2";"1";3;48;2
"36773";"202100036773";6;"16:25";"1";"76";"2";"1";"1";6;49;1
"36774";"202100036774";6;"11:59";"1";"71";"2";"2";"1";6;46;4
"36775";"202100036775";6;"10:55";"1";"69";"2";"1";"2";6;45;4
"36776";"202100036776";5;"13:30";"1";"67";"2";"8";"1";6;48;7
"36777";"202100036777";6;"16:30";"1";"67";"2";"1";"1";6;48;7
"36778";"202100036778";6;"14:31";"1";"66";"2";"1";"1";6;42;2
"36779";"202100036779";6;"16:30";"1";"64";"1";"1";"1";2;43;0
"36780";"202100036780";6;"08:30";"1";"64";"2";"1";"1";4;43;0
"36781";"202100036781";6;"15:05";"1";"64";"2";"1";"1";2;43;-1
"36782";"202100036782";6;"12:30";"1";"64";"2";"1";"1";3;43;-1
"36783";"202100036783";6;"08:50";"1";"64";"2";"6";"1";3;43;-1
"36784";"202100036784";6;"17:00";"1";"64";"2";"1";"8";7;43;-1
"36785";"202100036785";6;"08:37";"1";"63";"2";"1";"1";6;45;3
"36786";"202100036786";6;"18:04";"1";"63";"2";"1";"1";3;45;3
"36787";"202100036787";6;"09:30";"1";"59";"2";"1";"1";2;50;3
"36788";"202100036788";5;"15:05";"1";"59";"2";"1";"1";1;50;3
"36789";"202100036789";6;"15:50";"1";"59";"2";"1";"1";3;50;3
"36790";"202100036790";5;"21:50";"2";"57";"2";"3";"1";3;49;6
"36791";"202100036791";6;"19:36";"1";"56";"2";"3";"1";3;47;-3
"36792";"202100036792";6;"08:10";"1";"56";"2";"1";"1";3;47;-3
"36793";"202100036793";6;"09:50";"1";"54";"2";"1";"1";3;48;6
"36794";"202100036794";6;"10:49";"1";"51";"2";"3";"7";3;49;4
"36795";"202100036795";6;"08:38";"1";"49";"2";"1";"1";7;47;0
"36796";"202100036796";5;"17:42";"1";"49";"2";"1";"1";3;47;0
"36797";"202100036797";6;"08:50";"1";"44";"2";"1";"8";6;47;-1
"36798";"202100036798";6;"08:30";"1";"41";"2";"2";"1";2;47;1
"36799";"202100036799";5;"11:55";"1";"40";"2";"3";"1";1;43;-1
"36800";"202100036800";5;"21:30";"1";"37";"2";"1";"1";6;47;0
"36801";"202100036801";6;"15:50";"1";"35";"2";"8";"1";6;48;-1
"36802";"202100036802";6;"09:30";"1";"34";"1";"1";"1";1;43;3
"36803";"202100036803";6;"19:00";"1";"33";"2";"3";"1";3;44;0
"36804";"202100036804";6;"17:30";"1";"31";"2";"1";"1";6;43;1
"36805";"202100036805";5;"16:28";"1";"31";"2";"9";"1";3;43;1
"36806";"202100036806";6;"17:40";"1";"29";"1";"6";"1";2;48;-4
"36807";"202100036807";6;"16:00";"1";"29";"2";"6";"1";1;48;-4
"36808";"202100036808";5;"20:25";"1";"29";"2";"1";"1";2;48;-4
"36809";"202100036809";6;"13:00";"1";"25";"2";"6";"1";3;46;6
"36810";"202100036810";5;"20:50";"1";"25";"2";"9";"1";5;47;6
"36811";"202100036811";6;"14:00";"1";"17";"2";"2";"1";3;46;-1