"";"Num_Acc";"mois";"hrmn";"lum";"dep";"agg";"int";"atm";"col";"lat";"long"
"36812";"202100036812";6;"14:20";"1";"17";"2";"1";"1";1;46;-1
"36813";"202100036813";6;"08:48";"1";"17";"2";"6";"1";3;46;-1
"36814";"202100036814";6;"10:17";"1";"17";"2";"1";"1";6;46;-1
"36815";"202100036815";6;"01:30";"5";"14";"1";"2";"1";3;49;0
"36816";"202100036816";6;"17:41";"1";"13";"2";"1";"1";3;43;5
"36817";"202100036817";6;"17:20";"1";"13";"2";"3";"1";2;43;5
"36818";"202100036818";6;"16:50";"1";"13";"2";"3";"1";1;43;5
"36819";"202100036819";6;"19:50";"1";"13";"1";"1";"2";2;43;5
"36820";"202100036820";6;"09:45";"1";"13";"1";"1";"1";2;43;4
"36821";"202100036821";6;"08:15";"1";"13";"2";"6";"2";6;43;5
"36822";"202100036822";5;"20:21";"2";"11";"2";"6";"1";3;43;3
"36823";"202100036823";5;"16:20";"1";"11";"2";"1";"1";6;43;2
"36824";"202100036824";6;"13:59";"1";"11";"2";"1";"8";7;43;2
"36825";"202100036825";6;"11:10";"1";"06";"2";"1";"1";6;43;7
"36826";"202100036826";6;"19:30";"1";"06";"2";"1";"1";3;43;7
"36827";"202100036827";6;"15:05";"1";"75";"2";"1";"1";3;48;2
"36828";"202100036828";6;"13:15";"1";"75";"2";"4";"1";6;48;2
"36829";"202100036829";5;"16:45";"1";"75";"2";"1";"1";4;48;2
"36830";"202100036830";5;"17:58";"1";"75";"2";"1";"1";4;48;2
"36831";"202100036831";6;"14:15";"1";"75";"2";"1";"1";2;48;2
"36832";"202100036832";6;"14:40";"1";"75";"2";"2";"1";2;48;2
"36833";"202100036833";6;"18:00";"1";"75";"2";"1";"1";3;48;2
"36834";"202100036834";6;"07:58";"1";"75";"2";"3";"1";3;48;2
"36835";"202100036835";6;"19:00";"1";"75";"2";"3";"1";3;48;2
"36836";"202100036836";5;"18:08";"1";"75";"2";"3";"1";3;48;2
"36837";"202100036837";6;"14:30";"1";"75";"2";"1";"1";3;48;2
"36838";"202100036838";6;"09:10";"1";"75";"2";"1";"1";3;48;2
"36839";"202100036839";6;"21:35";"2";"75";"2";"2";"1";3;48;2
"36840";"202100036840";6;"16:00";"1";"75";"2";"3";"1";6;48;2
"36841";"202100036841";6;"20:10";"1";"75";"2";"2";"1";6;48;2
"36842";"202100036842";6;"17:25";"1";"75";"2";"1";"1";3;48;2
"36843";"202100036843";6;"18:40";"1";"75";"2";"1";"1";2;48;2
"36844";"202100036844";6;"13:45";"1";"75";"2";"2";"1";3;48;2
"36845";"202100036845";6;"15:30";"1";"75";"2";"2";"1";3;48;2
"36846";"202100036846";6;"22:10";"5";"94";"2";"3";"1";7;48;2
"36847";"202100036847";5;"01:30";"5";"94";"2";"3";"1";6;48;2
"36848";"202100036848";6;"15:50";"1";"94";"2";"1";"1";5;48;2
"36849";"202100036849";6;"09:10";"1";"94";"2";"2";"1";3;48;2
"36850";"202100036850";6;"12:15";"1";"94";"2";"3";"1";3;48;2
"36851";"202100036851";6;"20:10";"1";"94";"2";"1";"1";1;48;2
"36852";"202100036852";6;"16:45";"1";"94";"2";"1";"1";7;48;2
"36853";"202100036853";6;"12:10";"1";"94";"2";"1";"1";6;48;2
"36854";"202100036854";6;"08:47";"1";"94";"2";"3";"1";6;48;2
"36855";"202100036855";6;"12:10";"1";"94";"2";"1";"1";7;48;2
"36856";"202100036856";6;"12:45";"1";"94";"2";"2";"1";4;48;2
"36857";"202100036857";6;"08:00";"1";"94";"2";"9";"1";3;48;2
"36858";"202100036858";5;"10:30";"1";"94";"2";"1";"1";6;48;2
"36859";"202100036859";6;"18:30";"1";"93";"2";"1";"1";3;48;2
"36860";"202100036860";5;"19:35";"1";"93";"2";"1";"7";3;48;2
"36861";"202100036861";6;"17:00";"1";"93";"2";"1";"1";6;48;2
"36862";"202100036862";6;"08:55";"1";"93";"2";"2";"1";2;48;2
"36863";"202100036863";5;"08:20";"1";"93";"2";"1";"1";3;48;2
"36864";"202100036864";6;"20:15";"1";"93";"2";"1";"1";2;48;2
"36865";"202100036865";6;"20:45";"2";"93";"2";"1";"1";6;48;2
"36866";"202100036866";6;"08:20";"1";"93";"2";"1";"1";6;48;2
"36867";"202100036867";6;"12:10";"1";"93";"2";"1";"1";6;48;2
"36868";"202100036868";6;"10:50";"1";"92";"2";"1";"1";6;48;2
"36869";"202100036869";6;"18:40";"1";"92";"2";"1";"1";6;48;2
"36870";"202100036870";6;"09:45";"1";"92";"2";"1";"1";3;48;2
"36871";"202100036871";6;"08:30";"1";"92";"2";"1";"1";3;48;2
"36872";"202100036872";6;"23:10";"5";"92";"2";"2";"1";2;48;2
"36873";"202100036873";6;"21:51";"4";"92";"2";"1";"1";3;48;2
"36874";"202100036874";6;"18:10";"2";"92";"2";"1";"1";5;48;2
"36875";"202100036875";6;"18:05";"1";"37";"2";"1";"1";3;47;0
"36876";"202100036876";5;"17:59";"1";"14";"1";"1";"7";4;48;0
"36877";"202100036877";6;"01:45";"5";"95";"2";"6";"1";6;49;2
"36878";"202100036878";6;"14:20";"1";"33";"1";"1";"1";6;44;0
"36879";"202100036879";6;"20:15";"1";"42";"1";"1";"1";6;45;4
"36880";"202100036880";6;"12:00";"1";"31";"1";"2";"1";3;43;1
"36881";"202100036881";6;"09:15";"1";"31";"2";"1";"1";3;43;1
"36882";"202100036882";6;"20:35";"1";"28";"1";"1";"1";6;48;1
"36883";"202100036883";6;"19:55";"3";"972";"1";"1";"1";6;14;-60
"36884";"202100036884";6;"20:25";"3";"972";"1";"1";"1";1;14;-60
"36885";"202100036885";6;"19:30";"1";"12";"2";"2";"1";3;44;2
"36886";"202100036886";6;"18:15";"1";"12";"1";"1";"1";6;44;2
"36887";"202100036887";6;"18:50";"1";"51";"1";"2";"1";3;49;4
"36888";"202100036888";6;"01:00";"3";"62";"1";"1";"1";7;50;1
"36889";"202100036889";6;"19:30";"1";"59";"1";"6";"1";5;50;3
"36890";"202100036890";6;"10:00";"1";"59";"1";"9";"1";3;50;3
"36891";"202100036891";6;"05:40";"2";"79";"2";"2";"1";3;46;0
"36892";"202100036892";6;"18:30";"1";"79";"1";"2";"1";3;46;0
"36893";"202100036893";6;"12:40";"1";"2B";"1";"1";"1";7;42;8
"36894";"202100036894";6;"21:35";"5";"2B";"1";"1";"1";6;42;9
"36895";"202100036895";6;"07:00";"1";"80";"2";"3";"1";3;49;2
"36896";"202100036896";6;"14:15";"1";"61";"2";"1";"1";6;48;0
"36897";"202100036897";6;"17:35";"1";"49";"1";"3";"1";3;47;0
"36898";"202100036898";6;"17:30";"1";"42";"2";"1";"1";2;46;4
"36899";"202100036899";6;"10:00";"1";"25";"1";"1";"1";6;47;6
"36900";"202100036900";6;"17:50";"1";"25";"2";"1";"1";6;47;6
"36901";"202100036901";6;"18:55";"2";"44";"2";"3";"7";3;47;-1
"36902";"202100036902";6;"02:22";"4";"02";"2";"1";"1";6;49;3
"36903";"202100036903";5;"12:50";"1";"01";"1";"1";"1";3;46;5
"36904";"202100036904";6;"09:45";"1";"58";"2";"1";"1";1;46;3
"36905";"202100036905";6;"13:35";"1";"72";"2";"1";"1";1;48;0
"36906";"202100036906";6;"18:40";"1";"50";"2";"1";"1";7;49;-1
"36907";"202100036907";6;"14:30";"1";"09";"1";"1";"2";3;42;1
"36908";"202100036908";6;"12:20";"1";"07";"2";"3";"1";1;44;4
"36909";"202100036909";6;"17:02";"1";"53";"1";"1";"1";1;47;-1
"36910";"202100036910";6;"12:30";"1";"53";"2";"1";"1";6;47;0
"36911";"202100036911";6;"18:40";"1";"04";"2";"3";"1";6;44;5
"36912";"202100036912";6;"18:00";"1";"85";"2";"1";"1";6;46;-1
"36913";"202100036913";5;"15:30";"1";"85";"2";"6";"1";7;46;-1
"36914";"202100036914";5;"21:25";"2";"08";"1";"2";"1";3;49;5
"36915";"202100036915";6;"08:00";"1";"88";"2";"8";"7";3;48;5
"36916";"202100036916";6;"20:30";"1";"67";"2";"3";"1";7;48;7
"36917";"202100036917";6;"19:50";"5";"973";"2";"1";"1";6;4;-52
"36918";"202100036918";5;"08:15";"1";"66";"2";"6";"1";6;42;2
"36919";"202100036919";6;"16:15";"1";"17";"1";"3";"1";2;45;-1
"36920";"202100036920";6;"06:30";"1";"28";"1";"1";"1";2;48;1
"36921";"202100036921";6;"13:35";"1";"13";"1";"1";"1";2;43;5
"36922";"202100036922";6;"06:00";"2";"988";"1";"1";"1";6;-21;165
"36923";"202100036923";6;"18:00";"1";"25";"1";"2";"1";1;47;6
"36924";"202100036924";6;"18:40";"1";"57";"2";"1";"1";6;49;7
"36925";"202100036925";6;"03:00";"3";"69";"1";"1";"1";6;45;4
"36926";"202100036926";6;"18:20";"1";"72";"1";"1";"1";7;47;0
"36927";"202100036927";6;"21:35";"2";"44";"1";"1";"1";7;47;-1
"36928";"202100036928";6;"17:45";"1";"14";"1";"1";"1";7;48;0
"36929";"202100036929";6;"10:15";"1";"60";"1";"1";"1";6;49;2
"36930";"202100036930";6;"13:15";"1";"60";"1";"1";"1";2;49;2
"36931";"202100036931";6;"16:30";"1";"13";"1";"1";"1";2;43;5
"36932";"202100036932";6;"07:55";"1";"13";"1";"1";"2";2;43;5
"36933";"202100036933";6;"03:30";"3";"69";"1";"1";"1";6;45;4
"36934";"202100036934";5;"17:35";"1";"33";"1";"1";"1";4;44;0
"36935";"202100036935";6;"16:55";"1";"59";"1";"1";"1";4;50;3
"36936";"202100036936";6;"19:58";"1";"91";"1";"1";"1";4;48;2
"36937";"202100036937";6;"16:35";"1";"91";"1";"1";"1";3;48;2
"36938";"202100036938";6;"07:00";"1";"93";"1";"1";"1";4;48;2
"36939";"202100036939";6;"18:40";"1";"95";"1";"1";"1";4;48;2
"36940";"202100036940";6;"19:10";"1";"93";"1";"1";"1";5;48;2
"36941";"202100036941";5;"21:15";"3";"93";"1";"1";"1";2;48;2
"36942";"202100036942";5;"23:00";"3";"93";"1";"1";"1";7;48;2
"36943";"202100036943";5;"16:35";"1";"11";"2";"3";"1";2;43;2
"36944";"202100036944";5;"07:23";"1";"976";"1";"1";"1";6;-12;45
"36945";"202100036945";6;"08:15";"1";"76";"2";"1";"1";6;49;1
"36946";"202100036946";3;"08:11";"1";"75";"2";"1";"1";6;48;2
"36947";"202100036947";6;"04:05";"5";"988";"2";"2";"1";3;-22;166
"36948";"202100036948";6;"07:25";"1";"976";"2";"6";"1";2;-12;45
"36949";"202100036949";5;"12:10";"1";"974";"2";"1";"1";3;-20;55
"36950";"202100036950";5;"07:30";"2";"974";"1";"1";"1";2;-20;55
"36951";"202100036951";6;"19:45";"1";"69";"2";"1";"1";6;45;4
"36952";"202100036952";6;"15:55";"1";"69";"2";"2";"1";3;45;4
"36953";"202100036953";6;"17:05";"1";"69";"2";"3";"1";3;45;4
"36954";"202100036954";6;"14:50";"1";"69";"2";"1";"1";3;45;4
"36955";"202100036955";6;"10:55";"1";"69";"2";"2";"1";1;45;4
"36956";"202100036956";6;"08:40";"1";"69";"2";"1";"1";6;45;4
"36957";"202100036957";6;"21:05";"1";"69";"2";"3";"1";3;45;4
"36958";"202100036958";6;"15:05";"1";"95";"2";"1";"1";3;48;2
"36959";"202100036959";5;"13:05";"1";"91";"2";"1";"1";3;48;2
"36960";"202100036960";5;"11:30";"1";"91";"2";"1";"1";6;48;2
"36961";"202100036961";5;"16:00";"1";"88";"2";"7";"2";7;48;6
"36962";"202100036962";6;"12:17";"1";"87";"2";"1";"1";3;45;1
"36963";"202100036963";6;"18:00";"1";"83";"2";"1";"1";3;43;5
"36964";"202100036964";5;"12:55";"1";"80";"2";"1";"1";3;49;2
"36965";"202100036965";5;"15:00";"1";"80";"2";"1";"1";2;49;2
"36966";"202100036966";5;"15:41";"1";"80";"2";"1";"1";2;49;2
"36967";"202100036967";5;"16:25";"1";"78";"2";"3";"1";6;48;2
"36968";"202100036968";5;"10:15";"1";"78";"2";"3";"1";6;48;1
"36969";"202100036969";6;"15:55";"1";"77";"2";"1";"1";7;48;2
"36970";"202100036970";6;"18:40";"1";"77";"1";"1";"1";4;48;2
"36971";"202100036971";5;"23:35";"5";"77";"2";"2";"1";3;48;3
"36972";"202100036972";6;"13:43";"1";"76";"2";"6";"1";3;49;1
"36973";"202100036973";6;"09:20";"1";"76";"2";"5";"1";7;49;0
"36974";"202100036974";5;"18:35";"1";"71";"2";"1";"1";7;46;4
"36975";"202100036975";5;"09:10";"1";"69";"2";"1";"1";3;45;4
"36976";"202100036976";6;"17:30";"1";"69";"2";"1";"1";2;45;4
"36977";"202100036977";6;"12:05";"1";"69";"1";"3";"1";3;45;4
"36978";"202100036978";5;"17:21";"1";"68";"2";"1";"1";6;47;7
"36979";"202100036979";5;"18:50";"1";"67";"2";"1";"1";3;48;7
"36980";"202100036980";5;"11:00";"1";"67";"2";"3";"1";3;48;7
"36981";"202100036981";5;"10:20";"1";"67";"2";"1";"1";3;48;7
"36982";"202100036982";6;"14:39";"1";"66";"2";"1";"1";6;42;2
"36983";"202100036983";6;"11:26";"1";"66";"2";"3";"1";3;42;2
"36984";"202100036984";6;"16:50";"1";"64";"2";"3";"8";3;43;0
"36985";"202100036985";5;"17:15";"1";"64";"2";"1";"1";7;43;-1
"36986";"202100036986";5;"15:05";"1";"64";"2";"1";"1";7;43;-1
"36987";"202100036987";5;"13:55";"1";"64";"2";"1";"1";2;43;-1
"36988";"202100036988";5;"17:45";"1";"63";"1";"6";"1";3;45;3
"36989";"202100036989";5;"12:10";"1";"60";"2";"1";"1";3;49;2
"36990";"202100036990";6;"15:40";"1";"57";"2";"2";"1";3;49;6
"36991";"202100036991";5;"16:20";"1";"56";"2";"2";"1";3;47;-3
"36992";"202100036992";5;"16:50";"1";"56";"1";"6";"1";2;47;-3
"36993";"202100036993";5;"16:14";"1";"56";"2";"1";"1";6;47;-3
"36994";"202100036994";5;"22:19";"1";"56";"2";"6";"1";6;47;-3
"36995";"202100036995";5;"20:10";"1";"56";"2";"3";"1";3;47;-3
"36996";"202100036996";6;"18:05";"1";"54";"2";"1";"1";4;48;6
"36997";"202100036997";6;"17:36";"1";"51";"2";"3";"1";2;49;4
"36998";"202100036998";5;"11:20";"1";"51";"2";"1";"1";2;49;4
"36999";"202100036999";5;"20:53";"1";"49";"2";"1";"1";1;47;0
"37000";"202100037000";5;"13:15";"1";"49";"2";"1";"1";6;47;0
"37001";"202100037001";5;"11:05";"1";"45";"2";"3";"1";6;47;1
"37002";"202100037002";6;"17:05";"1";"45";"2";"3";"1";6;48;2
"37003";"202100037003";5;"18:45";"1";"42";"1";"1";"1";7;46;4
"37004";"202100037004";6;"10:15";"1";"42";"2";"1";"1";6;45;4
"37005";"202100037005";6;"00:55";"5";"38";"2";"9";"1";6;45;5
"37006";"202100037006";5;"11:00";"1";"37";"2";"1";"1";7;47;0
"37007";"202100037007";6;"18:12";"1";"35";"2";"2";"1";3;48;-1
"37008";"202100037008";6;"09:25";"1";"35";"2";"6";"1";3;48;-1
"37009";"202100037009";6;"09:30";"1";"34";"2";"2";"1";1;43;3
"37010";"202100037010";5;"18:15";"1";"34";"2";"1";"1";6;43;3
"37011";"202100037011";6;"17:15";"1";"33";"2";"3";"1";3;44;0
"37012";"202100037012";6;"07:50";"1";"33";"2";"3";"1";2;44;0
"37013";"202100037013";6;"07:45";"1";"31";"2";"1";"1";6;43;1
"37014";"202100037014";5;"20:00";"1";"30";"2";"1";"1";6;43;4
"37015";"202100037015";5;"18:55";"1";"30";"1";"1";"1";3;43;4
"37016";"202100037016";5;"01:50";"5";"30";"2";"2";"1";6;43;4
"37017";"202100037017";5;"17:50";"1";"28";"2";"3";"1";2;48;1
"37018";"202100037018";5;"19:00";"1";"27";"2";"1";"1";6;49;1
"37019";"202100037019";6;"09:30";"1";"25";"2";"3";"1";2;47;6
"37020";"202100037020";6;"13:28";"1";"24";"1";"1";"1";2;44;0
"37021";"202100037021";5;"07:40";"1";"22";"2";"1";"1";3;48;-2
"37022";"202100037022";5;"21:20";"5";"19";"1";"1";"1";6;45;1
"37023";"202100037023";5;"16:55";"1";"19";"2";"1";"1";1;45;1
"37024";"202100037024";6;"08:35";"1";"14";"2";"4";"1";6;49;0
"37025";"202100037025";5;"17:40";"1";"14";"2";"1";"1";2;49;0
"37026";"202100037026";6;"16:00";"1";"13";"2";"1";"1";1;43;5
"37027";"202100037027";6;"15:00";"1";"13";"2";"2";"1";2;43;5
"37028";"202100037028";6;"12:05";"1";"13";"2";"1";"1";2;43;5
"37029";"202100037029";6;"12:55";"1";"13";"2";"1";"1";2;43;5
"37030";"202100037030";6;"17:20";"1";"07";"1";"1";"1";2;44;4
"37031";"202100037031";6;"22:10";"5";"06";"2";"2";"1";3;43;7
"37032";"202100037032";5;"16:38";"1";"06";"2";"1";"1";6;43;6
"37033";"202100037033";5;"16:05";"1";"06";"2";"9";"1";6;43;7
"37034";"202100037034";6;"18:55";"1";"03";"2";"6";"1";3;46;3
"37035";"202100037035";6;"10:45";"1";"75";"2";"1";"1";3;48;2
"37036";"202100037036";6;"10:00";"1";"75";"2";"1";"1";2;48;2
"37037";"202100037037";6;"09:40";"1";"75";"2";"4";"1";5;48;2
"37038";"202100037038";5;"09:00";"1";"75";"2";"1";"1";2;48;2
"37039";"202100037039";5;"02:52";"5";"75";"2";"1";"1";2;48;2
"37040";"202100037040";6;"09:25";"1";"75";"2";"3";"1";3;48;2
"37041";"202100037041";6;"14:10";"1";"75";"2";"3";"1";3;48;2
"37042";"202100037042";6;"06:55";"1";"75";"2";"2";"1";3;48;2
"37043";"202100037043";5;"21:30";"5";"75";"2";"1";"1";6;48;2
"37044";"202100037044";6;"09:20";"1";"75";"2";"1";"1";3;48;2
"37045";"202100037045";5;"22:00";"5";"75";"2";"3";"1";3;48;2
"37046";"202100037046";6;"13:40";"1";"75";"2";"3";"1";2;48;2
"37047";"202100037047";6;"21:35";"2";"75";"2";"1";"1";6;48;2
"37048";"202100037048";6;"17:10";"1";"75";"2";"3";"1";3;48;2
"37049";"202100037049";6;"18:15";"1";"75";"2";"1";"1";3;48;2
"37050";"202100037050";6;"18:05";"1";"75";"2";"1";"1";6;48;2
"37051";"202100037051";6;"17:10";"1";"75";"2";"1";"1";6;48;2
"37052";"202100037052";6;"18:30";"1";"75";"2";"1";"1";2;48;2
"37053";"202100037053";6;"20:00";"1";"75";"2";"4";"1";2;48;2
"37054";"202100037054";6;"18:20";"1";"75";"2";"7";"1";7;48;2
"37055";"202100037055";6;"11:00";"1";"75";"2";"2";"1";3;48;2
"37056";"202100037056";5;"21:35";"5";"75";"2";"7";"1";3;48;2
"37057";"202100037057";6;"10:30";"1";"94";"2";"1";"1";6;48;2
"37058";"202100037058";5;"18:00";"1";"94";"2";"1";"1";3;48;2
"37059";"202100037059";5;"18:50";"1";"94";"2";"1";"1";1;48;2
"37060";"202100037060";5;"17:00";"1";"94";"2";"4";"1";3;48;2
"37061";"202100037061";6;"18:20";"1";"94";"2";"4";"1";3;48;2
"37062";"202100037062";6;"21:38";"2";"94";"2";"1";"1";7;48;2
"37063";"202100037063";5;"17:30";"1";"94";"2";"1";"1";3;48;2
"37064";"202100037064";5;"20:10";"1";"94";"2";"3";"1";3;48;2
"37065";"202100037065";6;"08:50";"1";"93";"1";"6";"1";3;48;2
"37066";"202100037066";6;"08:10";"1";"93";"2";"6";"1";2;48;2
"37067";"202100037067";6;"16:10";"1";"93";"2";"1";"1";3;48;2
"37068";"202100037068";6;"12:20";"1";"93";"2";"1";"1";6;48;2
"37069";"202100037069";5;"12:20";"1";"93";"2";"2";"1";3;48;2
"37070";"202100037070";5;"16:45";"1";"93";"2";"4";"1";3;48;2
"37071";"202100037071";5;"11:40";"1";"93";"2";"3";"1";6;48;2
"37072";"202100037072";6;"14:10";"1";"93";"2";"1";"1";2;48;2
"37073";"202100037073";6;"12:34";"1";"92";"2";"1";"1";3;48;2
"37074";"202100037074";6;"20:28";"1";"92";"2";"1";"1";2;48;2
"37075";"202100037075";6;"18:25";"1";"92";"2";"1";"1";7;48;2
"37076";"202100037076";5;"16:45";"1";"92";"2";"1";"1";3;48;2
"37077";"202100037077";6;"08:05";"1";"92";"2";"6";"1";3;48;2
"37078";"202100037078";6;"09:20";"1";"92";"2";"2";"1";3;48;2
"37079";"202100037079";5;"18:40";"1";"92";"2";"4";"1";3;48;2
"37080";"202100037080";6;"10:25";"1";"973";"2";"1";"1";6;3;-54
"37081";"202100037081";6;"06:30";"2";"41";"1";"1";"1";7;47;1
"37082";"202100037082";6;"14:05";"1";"33";"1";"2";"1";3;44;0
"37083";"202100037083";6;"20:00";"5";"974";"2";"1";"1";7;-21;55
"37084";"202100037084";6;"13:29";"1";"86";"1";"1";"1";6;46;0
"37085";"202100037085";5;"12:00";"1";"79";"2";"1";"1";7;46;0
"37086";"202100037086";6;"15:45";"1";"59";"1";"1";"1";6;51;2
"37087";"202100037087";6;"19:10";"1";"2B";"1";"1";"1";3;42;9
"37088";"202100037088";6;"17:35";"1";"19";"1";"1";"1";1;45;1
"37089";"202100037089";6;"14:00";"1";"56";"1";"1";"1";6;47;-3
"37090";"202100037090";6;"10:40";"1";"56";"2";"1";"1";6;47;-2
"37091";"202100037091";5;"13:00";"1";"2B";"1";"1";"1";7;42;9
"37092";"202100037092";6;"18:50";"1";"80";"2";"1";"3";6;49;2
"37093";"202100037093";6;"13:30";"1";"82";"1";"1";"1";1;44;0
"37094";"202100037094";6;"12:10";"1";"11";"1";"1";"1";6;42;2
"37095";"202100037095";6;"16:15";"1";"89";"2";"1";"1";7;47;3
"37096";"202100037096";6;"20:15";"1";"76";"2";"1";"1";6;50;1
"37097";"202100037097";6;"15:00";"1";"12";"1";"1";"1";1;44;2
"37098";"202100037098";6;"09:00";"1";"41";"1";"2";"1";3;47;1
"37099";"202100037099";6;"09:07";"1";"29";"2";"1";"8";7;47;-4
"37100";"202100037100";5;"18:10";"1";"31";"2";"1";"1";6;43;1
"37101";"202100037101";6;"17:15";"1";"38";"1";"3";"1";2;45;5
"37102";"202100037102";6;"12:25";"1";"06";"1";"9";"1";1;43;7
"37103";"202100037103";6;"15:13";"1";"90";"1";"1";"1";3;47;6
"37104";"202100037104";6;"08:00";"1";"43";"2";"3";"1";3;44;3
"37105";"202100037105";6;"18:20";"1";"85";"1";"1";"1";1;46;-1
"37106";"202100037106";6;"09:20";"1";"37";"1";"1";"7";6;47;0
"37107";"202100037107";6;"14:00";"1";"08";"1";"1";"1";7;49;4
"37108";"202100037108";6;"21:05";"2";"88";"1";"2";"1";3;48;5
"37109";"202100037109";5;"16:15";"1";"67";"2";"1";"1";4;48;7
"37110";"202100037110";6;"04:45";"2";"76";"1";"1";"1";2;49;0
"37111";"202100037111";5;"17:35";"1";"35";"1";"2";"1";3;48;-1
"37112";"202100037112";6;"18:00";"1";"49";"1";"2";"1";2;47;0
"37113";"202100037113";6;"12:45";"1";"60";"1";"1";"1";4;49;2
"37114";"202100037114";5;"14:10";"1";"988";"1";"1";"1";7;-21;165
"37115";"202100037115";6;"22:11";"3";"28";"1";"1";"1";6;48;1
"37116";"202100037116";6;"18:30";"1";"45";"1";"1";"1";6;47;2
"37117";"202100037117";6;"07:25";"2";"34";"2";"1";"1";2;43;3
"37118";"202100037118";5;"17:30";"1";"26";"1";"1";"1";6;45;4
"37119";"202100037119";6;"00:20";"3";"70";"1";"1";"1";6;47;5
"37120";"202100037120";6;"21:00";"1";"71";"1";"1";"1";1;46;4
"37121";"202100037121";5;"11:00";"1";"67";"2";"3";"1";3;48;7
"37122";"202100037122";5;"14:50";"1";"88";"2";"3";"1";3;48;6
"37123";"202100037123";6;"10:00";"1";"73";"2";"1";"8";6;45;6
"37124";"202100037124";6;"17:50";"1";"73";"2";"1";"1";7;45;6
"37125";"202100037125";6;"17:20";"1";"19";"1";"2";"1";3;45;1
"37126";"202100037126";6;"07:50";"1";"35";"1";"1";"1";5;48;-1
"37127";"202100037127";6;"09:15";"1";"60";"2";"1";"1";7;49;2
"37128";"202100037128";6;"07:55";"1";"62";"2";"4";"1";3;50;2
"37129";"202100037129";6;"07:05";"1";"59";"1";"1";"1";7;50;3
"37130";"202100037130";5;"17:00";"1";"13";"1";"1";"1";4;43;5
"37131";"202100037131";5;"12:15";"1";"13";"1";"1";"1";6;43;5
"37132";"202100037132";5;"18:00";"1";"13";"1";"1";"1";4;43;5
"37133";"202100037133";5;"23:50";"3";"13";"1";"1";"1";6;43;5
"37134";"202100037134";6;"17:35";"1";"69";"1";"1";"1";4;45;4
"37135";"202100037135";5;"03:10";"3";"69";"1";"1";"1";2;45;4
"37136";"202100037136";5;"13:42";"1";"69";"1";"1";"1";5;45;4
"37137";"202100037137";6;"09:20";"1";"33";"1";"1";"1";4;44;0
"37138";"202100037138";5;"17:30";"1";"62";"1";"1";"1";2;50;2
"37139";"202100037139";5;"08:20";"1";"59";"1";"1";"1";2;50;3
"37140";"202100037140";6;"19:45";"1";"91";"1";"1";"1";6;48;2
"37141";"202100037141";6;"14:50";"1";"91";"1";"1";"1";2;48;2
"37142";"202100037142";6;"09:13";"1";"91";"1";"1";"1";5;48;2
"37143";"202100037143";6;"09:55";"1";"94";"1";"1";"1";2;48;2
"37144";"202100037144";6;"08:26";"1";"91";"1";"1";"1";5;48;2
"37145";"202100037145";5;"17:55";"1";"91";"1";"1";"1";4;48;2
"37146";"202100037146";6;"17:30";"1";"92";"1";"1";"7";2;48;2
"37147";"202100037147";6;"14:15";"1";"92";"1";"1";"1";6;48;2
"37148";"202100037148";6;"13:20";"1";"92";"1";"1";"1";2;48;2
"37149";"202100037149";6;"09:30";"1";"78";"1";"1";"1";4;48;2
"37150";"202100037150";5;"22:30";"3";"78";"1";"1";"1";6;48;2
"37151";"202100037151";5;"10:00";"1";"78";"1";"1";"1";5;48;1
"37152";"202100037152";6;"09:30";"1";"95";"1";"1";"1";2;48;2
"37153";"202100037153";6;"18:20";"1";"94";"1";"1";"1";6;48;2
"37154";"202100037154";6;"10:00";"1";"77";"1";"1";"1";6;48;2
"37155";"202100037155";6;"08:20";"1";"77";"1";"1";"1";2;48;2
"37156";"202100037156";4;"10:27";"1";"87";"2";"1";"1";6;45;1
"37157";"202100037157";5;"14:30";"1";"988";"2";"1";"1";6;-22;166
"37158";"202100037158";5;"18:25";"1";"64";"2";"9";"1";6;43;0
"37159";"202100037159";5;"16:04";"1";"35";"2";"1";"7";6;48;-2
"37160";"202100037160";5;"12:56";"1";"34";"2";"1";"1";6;43;3
"37161";"202100037161";5;"20:00";"1";"06";"2";"9";"1";6;43;7
"37162";"202100037162";5;"11:14";"1";"05";"1";"1";"1";7;44;6
"37163";"202100037163";5;"11:27";"1";"75";"2";"5";"1";6;48;2
"37164";"202100037164";2;"18:26";"5";"27";"2";"1";"1";6;49;1
"37165";"202100037165";5;"13:50";"1";"976";"2";"1";"1";2;-12;45
"37166";"202100037166";5;"07:25";"1";"973";"2";"1";"2";3;4;-52
"37167";"202100037167";5;"19:05";"1";"69";"2";"1";"1";1;45;4
"37168";"202100037168";5;"18:45";"1";"69";"2";"2";"1";3;45;4
"37169";"202100037169";5;"16:20";"1";"69";"2";"1";"1";6;45;4
"37170";"202100037170";5;"17:45";"1";"69";"2";"1";"1";6;45;4
"37171";"202100037171";5;"13:00";"1";"69";"2";"1";"1";4;45;4
"37172";"202100037172";5;"12:29";"1";"69";"2";"1";"7";4;45;4
"37173";"202100037173";4;"17:00";"1";"69";"2";"3";"1";3;45;4
"37174";"202100037174";5;"12:15";"1";"971";"2";"1";"1";7;16;-61
"37175";"202100037175";5;"19:30";"1";"95";"2";"3";"1";3;48;2
"37176";"202100037176";5;"08:30";"1";"95";"2";"3";"1";3;48;2
"37177";"202100037177";5;"21:40";"1";"91";"2";"1";"1";3;48;2