"";"Num_Acc";"mois";"hrmn";"lum";"dep";"agg";"int";"atm";"col";"lat";"long"
"37178";"202100037178";5;"18:59";"1";"91";"2";"1";"1";6;48;2
"37179";"202100037179";5;"18:35";"1";"91";"2";"1";"1";3;48;2
"37180";"202100037180";5;"19:00";"1";"91";"2";"3";"1";6;48;2
"37181";"202100037181";5;"10:40";"1";"91";"1";"5";"1";3;48;2
"37182";"202100037182";5;"20:50";"2";"91";"2";"2";"1";1;48;2
"37183";"202100037183";5;"08:30";"1";"89";"2";"3";"1";1;48;3
"37184";"202100037184";5;"19:00";"1";"87";"2";"3";"1";3;45;1
"37185";"202100037185";5;"15:04";"1";"87";"2";"1";"1";2;45;1
"37186";"202100037186";5;"07:52";"2";"87";"2";"1";"1";7;45;1
"37187";"202100037187";5;"12:37";"1";"87";"1";"3";"1";2;45;1
"37188";"202100037188";4;"17:55";"1";"87";"1";"1";"1";3;45;1
"37189";"202100037189";5;"15:45";"1";"86";"2";"2";"1";3;46;0
"37190";"202100037190";5;"16:45";"2";"83";"2";"1";"1";6;43;5
"37191";"202100037191";5;"10:00";"1";"83";"2";"6";"7";6;43;5
"37192";"202100037192";5;"09:51";"1";"78";"1";"9";"1";3;48;2
"37193";"202100037193";5;"16:30";"1";"78";"2";"1";"1";3;48;2
"37194";"202100037194";5;"12:15";"1";"77";"2";"6";"1";6;48;2
"37195";"202100037195";5;"14:05";"1";"77";"2";"1";"2";1;48;2
"37196";"202100037196";5;"19:15";"1";"77";"1";"1";"1";3;48;2
"37197";"202100037197";5;"08:40";"1";"77";"2";"6";"1";1;48;2
"37198";"202100037198";5;"04:10";"3";"77";"1";"9";"1";6;48;2
"37199";"202100037199";5;"15:00";"1";"77";"2";"1";"2";6;48;2
"37200";"202100037200";5;"20:30";"1";"76";"2";"2";"1";1;49;0
"37201";"202100037201";5;"19:30";"1";"72";"2";"9";"1";1;48;0
"37202";"202100037202";5;"14:05";"1";"71";"2";"1";"1";3;46;4
"37203";"202100037203";5;"18:30";"1";"71";"2";"6";"1";3;46;4
"37204";"202100037204";5;"13:30";"1";"71";"2";"2";"1";3;46;4
"37205";"202100037205";5;"16:00";"1";"71";"2";"2";"1";3;46;4
"37206";"202100037206";5;"19:25";"1";"69";"2";"1";"1";7;45;4
"37207";"202100037207";5;"10:20";"1";"69";"2";"2";"1";3;45;4
"37208";"202100037208";5;"19:30";"1";"69";"2";"2";"1";6;45;4
"37209";"202100037209";5;"19:05";"1";"67";"2";"3";"1";3;48;7
"37210";"202100037210";5;"19:40";"1";"67";"2";"1";"1";2;48;7
"37211";"202100037211";5;"17:05";"1";"67";"2";"3";"1";3;48;7
"37212";"202100037212";5;"17:15";"1";"64";"1";"1";"1";3;43;-1
"37213";"202100037213";5;"14:50";"1";"64";"2";"1";"1";1;43;-1
"37214";"202100037214";5;"17:10";"1";"64";"2";"2";"1";3;43;0
"37215";"202100037215";5;"08:50";"1";"64";"2";"3";"1";2;43;-1
"37216";"202100037216";5;"05:00";"4";"63";"2";"1";"8";6;45;3
"37217";"202100037217";5;"09:12";"1";"63";"2";"2";"1";3;45;3
"37218";"202100037218";5;"12:19";"1";"63";"2";"1";"1";6;45;3
"37219";"202100037219";5;"11:59";"1";"63";"2";"3";"1";4;45;3
"37220";"202100037220";5;"11:24";"1";"63";"2";"2";"1";2;45;3
"37221";"202100037221";5;"04:20";"5";"62";"2";"2";"6";3;50;1
"37222";"202100037222";5;"09:05";"1";"60";"2";"1";"1";6;49;2
"37223";"202100037223";5;"20:10";"1";"59";"2";"1";"1";6;50;3
"37224";"202100037224";5;"08:00";"1";"59";"2";"1";"1";3;50;3
"37225";"202100037225";5;"20:10";"1";"59";"2";"1";"1";6;50;3
"37226";"202100037226";5;"11:00";"1";"59";"2";"1";"1";3;50;3
"37227";"202100037227";4;"20:40";"5";"59";"2";"4";"1";3;50;3
"37228";"202100037228";5;"18:55";"1";"57";"2";"1";"1";6;49;7
"37229";"202100037229";5;"18:20";"1";"56";"2";"6";"1";3;47;-3
"37230";"202100037230";5;"12:05";"1";"56";"2";"1";"1";3;47;-3
"37231";"202100037231";5;"01:08";"4";"54";"2";"1";"1";7;48;5
"37232";"202100037232";5;"17:45";"1";"54";"2";"1";"1";1;48;6
"37233";"202100037233";5;"19:03";"1";"51";"2";"1";"1";3;49;4
"37234";"202100037234";5;"15:10";"1";"51";"2";"1";"1";7;49;4
"37235";"202100037235";5;"16:40";"1";"50";"2";"6";"1";2;49;-1
"37236";"202100037236";5;"12:00";"1";"50";"2";"1";"1";2;49;-1
"37237";"202100037237";5;"18:02";"1";"49";"2";"1";"1";3;47;0
"37238";"202100037238";5;"07:20";"1";"45";"2";"2";"1";3;47;1
"37239";"202100037239";5;"20:00";"1";"45";"2";"1";"2";1;47;1
"37240";"202100037240";5;"12:55";"1";"45";"2";"1";"2";4;47;1
"37241";"202100037241";5;"11:20";"1";"45";"2";"3";"1";2;47;2
"37242";"202100037242";5;"21:15";"5";"44";"2";"1";"1";3;47;-1
"37243";"202100037243";5;"17:20";"1";"41";"2";"1";"1";3;47;1
"37244";"202100037244";5;"21:10";"2";"38";"2";"2";"1";3;45;5
"37245";"202100037245";5;"18:40";"1";"38";"2";"1";"1";3;45;5
"37246";"202100037246";5;"09:10";"1";"38";"2";"1";"1";3;45;5
"37247";"202100037247";5;"19:25";"1";"37";"2";"2";"1";3;47;0
"37248";"202100037248";5;"18:15";"1";"35";"2";"6";"1";2;48;-1
"37249";"202100037249";5;"08:40";"1";"33";"2";"2";"1";3;44;0
"37250";"202100037250";5;"08:30";"1";"33";"2";"1";"1";3;44;0
"37251";"202100037251";5;"11:35";"1";"33";"2";"2";"1";3;44;-1
"37252";"202100037252";5;"17:55";"1";"31";"2";"3";"1";1;43;1
"37253";"202100037253";5;"08:00";"1";"31";"2";"1";"1";3;43;1
"37254";"202100037254";5;"16:55";"1";"31";"2";"1";"1";7;43;0
"37255";"202100037255";5;"01:18";"3";"30";"2";"2";"1";6;43;4
"37256";"202100037256";5;"09:00";"1";"29";"1";"1";"2";1;48;-4
"37257";"202100037257";5;"19:15";"1";"29";"2";"1";"1";7;48;-4
"37258";"202100037258";5;"20:49";"1";"29";"2";"3";"1";1;48;-4
"37259";"202100037259";5;"17:08";"1";"29";"2";"1";"1";3;48;-4
"37260";"202100037260";5;"13:45";"1";"28";"2";"2";"1";3;48;1
"37261";"202100037261";5;"13:55";"1";"27";"2";"2";"1";3;49;1
"37262";"202100037262";4;"20:40";"1";"24";"2";"1";"2";1;44;0
"37263";"202100037263";5;"18:30";"1";"17";"2";"1";"1";2;45;0
"37264";"202100037264";5;"08:12";"1";"17";"2";"1";"1";3;46;-1
"37265";"202100037265";5;"15:25";"1";"14";"1";"1";"1";6;49;0
"37266";"202100037266";5;"23:10";"5";"13";"2";"1";"1";7;43;5
"37267";"202100037267";5;"19:15";"1";"13";"2";"1";"1";3;43;5
"37268";"202100037268";5;"07:55";"1";"13";"2";"2";"1";3;43;5
"37269";"202100037269";5;"17:00";"1";"13";"2";"1";"1";6;43;5
"37270";"202100037270";5;"12:00";"1";"13";"2";"1";"1";4;43;5
"37271";"202100037271";5;"10:00";"1";"13";"2";"1";"1";3;43;5
"37272";"202100037272";5;"12:45";"1";"11";"2";"1";"1";3;43;2
"37273";"202100037273";5;"09:50";"1";"10";"2";"1";"1";4;48;4
"37274";"202100037274";5;"12:15";"1";"08";"2";"3";"1";3;49;4
"37275";"202100037275";5;"18:45";"1";"06";"2";"1";"1";4;43;7
"37276";"202100037276";5;"16:50";"1";"06";"2";"3";"1";6;43;7
"37277";"202100037277";5;"12:19";"1";"05";"1";"1";"1";6;44;6
"37278";"202100037278";5;"12:45";"1";"01";"1";"6";"1";3;46;5
"37279";"202100037279";3;"17:00";"1";"94";"2";"1";"1";6;48;2
"37280";"202100037280";5;"17:15";"1";"75";"2";"1";"1";5;48;2
"37281";"202100037281";5;"08:05";"1";"75";"2";"1";"1";5;48;2
"37282";"202100037282";5;"11:08";"1";"75";"2";"3";"1";6;48;2
"37283";"202100037283";5;"20:09";"1";"75";"2";"1";"1";1;48;2
"37284";"202100037284";5;"13:35";"1";"75";"2";"1";"1";6;48;2
"37285";"202100037285";5;"18:50";"1";"75";"2";"2";"1";3;48;2
"37286";"202100037286";5;"17:45";"1";"75";"2";"1";"1";2;48;2
"37287";"202100037287";5;"13:30";"1";"75";"2";"3";"1";3;48;2
"37288";"202100037288";5;"19:25";"1";"75";"2";"1";"1";6;48;2
"37289";"202100037289";5;"18:30";"1";"75";"2";"2";"1";3;48;2
"37290";"202100037290";5;"18:40";"1";"75";"2";"1";"1";2;48;2
"37291";"202100037291";5;"15:10";"1";"75";"2";"3";"1";6;48;2
"37292";"202100037292";5;"12:00";"1";"75";"2";"3";"1";5;48;2
"37293";"202100037293";5;"00:01";"5";"75";"2";"1";"1";5;48;2
"37294";"202100037294";5;"10:53";"1";"75";"2";"1";"1";4;48;2
"37295";"202100037295";5;"17:40";"1";"75";"2";"2";"1";7;48;2
"37296";"202100037296";5;"08:11";"1";"75";"2";"2";"1";6;48;2
"37297";"202100037297";5;"14:20";"1";"75";"2";"3";"1";2;48;2
"37298";"202100037298";5;"21:22";"2";"75";"2";"3";"1";3;48;2
"37299";"202100037299";5;"20:55";"1";"94";"2";"1";"1";3;48;2
"37300";"202100037300";5;"14:50";"1";"94";"2";"9";"1";3;48;2
"37301";"202100037301";5;"15:00";"1";"94";"2";"1";"1";6;48;2
"37302";"202100037302";5;"14:30";"1";"94";"2";"1";"1";3;48;2
"37303";"202100037303";5;"20:40";"1";"94";"2";"1";"1";6;48;2
"37304";"202100037304";5;"02:11";"5";"94";"2";"1";"1";3;48;2
"37305";"202100037305";5;"18:46";"1";"94";"2";"5";"1";3;48;2
"37306";"202100037306";5;"18:30";"1";"93";"2";"1";"1";6;48;2
"37307";"202100037307";5;"15:30";"1";"93";"2";"2";"1";3;48;2
"37308";"202100037308";5;"11:40";"1";"93";"2";"3";"1";6;48;2
"37309";"202100037309";5;"23:00";"5";"93";"2";"1";"1";6;48;2
"37310";"202100037310";5;"20:50";"1";"93";"2";"2";"1";3;48;2
"37311";"202100037311";5;"21:00";"1";"93";"2";"2";"1";3;48;2
"37312";"202100037312";5;"07:00";"1";"93";"2";"1";"1";3;48;2
"37313";"202100037313";5;"13:40";"1";"93";"2";"3";"1";3;48;2
"37314";"202100037314";5;"19:05";"1";"93";"2";"1";"7";6;48;2
"37315";"202100037315";5;"07:50";"1";"93";"2";"1";"1";3;48;2
"37316";"202100037316";5;"18:45";"1";"92";"2";"3";"1";3;48;2
"37317";"202100037317";5;"13:35";"1";"92";"2";"7";"1";3;48;2
"37318";"202100037318";5;"21:00";"2";"92";"2";"2";"1";3;48;2
"37319";"202100037319";5;"17:30";"1";"92";"2";"6";"1";3;48;2
"37320";"202100037320";5;"18:20";"1";"92";"2";"1";"1";7;48;2
"37321";"202100037321";5;"19:13";"1";"92";"2";"2";"1";1;48;2
"37322";"202100037322";5;"12:10";"1";"92";"2";"1";"7";3;48;2
"37323";"202100037323";5;"19:45";"1";"92";"2";"2";"1";3;48;2
"37324";"202100037324";5;"21:38";"2";"92";"2";"5";"1";3;48;2
"37325";"202100037325";5;"18:30";"1";"92";"2";"1";"1";3;48;2
"37326";"202100037326";5;"18:40";"1";"92";"2";"1";"1";7;48;2
"37327";"202100037327";6;"06:00";"3";"974";"2";"1";"1";1;-20;55
"37328";"202100037328";6;"18:30";"1";"80";"1";"1";"1";1;50;2
"37329";"202100037329";6;"14:25";"1";"73";"1";"1";"1";7;45;5
"37330";"202100037330";6;"13:00";"1";"71";"2";"1";"7";6;46;3
"37331";"202100037331";6;"01:03";"3";"28";"1";"1";"1";2;48;1
"37332";"202100037332";5;"16:27";"1";"74";"2";"1";"1";3;45;6
"37333";"202100037333";6;"13:00";"1";"85";"1";"1";"1";3;46;-1
"37334";"202100037334";5;"16:30";"1";"34";"1";"1";"1";2;43;3
"37335";"202100037335";6;"11:30";"1";"30";"1";"3";"1";3;43;4
"37336";"202100037336";5;"17:05";"1";"33";"2";"1";"1";5;44;0
"37337";"202100037337";6;"11:45";"1";"61";"1";"4";"1";2;48;0
"37338";"202100037338";5;"16:40";"1";"61";"1";"2";"7";7;48;0
"37339";"202100037339";5;"17:45";"1";"55";"1";"1";"1";7;49;5
"37340";"202100037340";5;"13:20";"1";"68";"1";"1";"1";3;47;7
"37341";"202100037341";5;"08:50";"1";"39";"1";"1";"1";6;46;5
"37342";"202100037342";6;"06:14";"1";"25";"2";"9";"1";3;46;6
"37343";"202100037343";5;"18:25";"1";"29";"2";"3";"1";6;47;-4
"37344";"202100037344";5;"15:30";"1";"03";"1";"1";"1";3;46;3
"37345";"202100037345";6;"13:35";"1";"70";"1";"1";"1";1;47;6
"37346";"202100037346";5;"19:00";"1";"26";"2";"1";"1";1;44;4
"37347";"202100037347";5;"18:45";"1";"58";"2";"1";"1";7;47;3
"37348";"202100037348";6;"10:00";"1";"66";"1";"1";"7";7;42;2
"37349";"202100037349";6;"07:06";"1";"54";"2";"1";"1";1;48;5
"37350";"202100037350";6;"15:00";"1";"14";"1";"3";"1";3;49;0
"37351";"202100037351";6;"13:16";"1";"14";"2";"1";"1";6;49;0
"37352";"202100037352";5;"09:25";"1";"09";"2";"1";"1";1;43;1
"37353";"202100037353";5;"15:15";"1";"10";"2";"1";"1";6;48;4
"37354";"202100037354";6;"10:55";"1";"53";"2";"6";"1";3;47;-1
"37355";"202100037355";6;"17:15";"1";"21";"1";"2";"7";3;47;4
"37356";"202100037356";5;"17:00";"1";"04";"1";"1";"1";3;43;6
"37357";"202100037357";5;"22:00";"5";"27";"2";"1";"1";6;49;0
"37358";"202100037358";6;"18:05";"1";"28";"1";"2";"1";6;48;1
"37359";"202100037359";5;"18:30";"2";"973";"1";"6";"8";3;4;-52
"37360";"202100037360";5;"05:15";"4";"987";"1";"1";"1";6;-17;-149
"37361";"202100037361";5;"17:20";"1";"34";"2";"1";"1";6;43;3
"37362";"202100037362";6;"09:15";"1";"64";"1";"4";"1";2;43;0
"37363";"202100037363";5;"15:05";"1";"987";"2";"1";"1";1;-17;-149
"37364";"202100037364";6;"00:15";"3";"45";"1";"1";"1";6;47;2
"37365";"202100037365";6;"14:00";"1";"91";"1";"1";"1";2;48;2
"37366";"202100037366";6;"07:55";"1";"91";"2";"1";"1";6;48;2
"37367";"202100037367";5;"10:00";"1";"78";"1";"1";"1";3;48;1
"37368";"202100037368";6;"15:35";"1";"2B";"1";"1";"1";1;42;8
"37369";"202100037369";5;"19:05";"1";"66";"2";"1";"1";7;42;2
"37370";"202100037370";5;"07:50";"1";"34";"2";"3";"1";1;43;3
"37371";"202100037371";5;"18:45";"1";"83";"2";"1";"1";2;43;6
"37372";"202100037372";5;"18:30";"1";"21";"1";"3";"1";6;47;5
"37373";"202100037373";5;"14:00";"1";"68";"1";"1";"1";7;47;7
"37374";"202100037374";6;"14:40";"1";"55";"1";"1";"1";2;48;5
"37375";"202100037375";5;"19:25";"1";"54";"2";"1";"1";6;48;6
"37376";"202100037376";6;"14:20";"1";"54";"2";"1";"1";1;48;6
"37377";"202100037377";6;"07:25";"1";"74";"1";"3";"7";3;46;6
"37378";"202100037378";6;"14:45";"1";"73";"1";"1";"1";3;45;6
"37379";"202100037379";6;"17:45";"1";"26";"1";"1";"1";2;45;5
"37380";"202100037380";6;"20:30";"1";"64";"1";"1";"1";7;43;0
"37381";"202100037381";5;"18:00";"1";"35";"1";"2";"1";3;48;-2
"37382";"202100037382";4;"12:25";"1";"35";"2";"6";"1";6;48;-1
"37383";"202100037383";6;"08:15";"1";"60";"2";"1";"1";6;49;2
"37384";"202100037384";6;"03:30";"3";"60";"2";"4";"1";6;49;2
"37385";"202100037385";5;"16:50";"1";"13";"1";"1";"1";4;43;5
"37386";"202100037386";5;"12:30";"1";"69";"1";"9";"1";7;45;4
"37387";"202100037387";5;"17:30";"1";"69";"1";"1";"1";4;45;4
"37388";"202100037388";5;"20:20";"1";"69";"1";"1";"1";6;45;4
"37389";"202100037389";5;"11:40";"1";"33";"1";"1";"1";4;44;0
"37390";"202100037390";5;"16:50";"1";"91";"1";"1";"1";2;48;2
"37391";"202100037391";5;"13:10";"1";"91";"1";"1";"1";2;48;2
"37392";"202100037392";5;"16:00";"1";"92";"1";"1";"1";3;48;2
"37393";"202100037393";5;"09:20";"1";"92";"1";"1";"1";4;48;2
"37394";"202100037394";5;"16:40";"1";"95";"1";"1";"1";2;48;2
"37395";"202100037395";5;"08:27";"1";"93";"1";"9";"1";3;48;2
"37396";"202100037396";5;"05:00";"2";"93";"1";"1";"1";2;48;2
"37397";"202100037397";5;"18:20";"1";"77";"1";"1";"1";6;48;2
"37398";"202100037398";5;"16:00";"1";"94";"1";"1";"1";6;48;2
"37399";"202100037399";5;"08:10";"1";"13";"2";"1";"1";6;43;5
"37400";"202100037400";5;"17:10";"1";"13";"2";"1";"1";3;43;5
"37401";"202100037401";5;"14:00";"1";"72";"2";"1";"1";6;47;0
"37402";"202100037402";5;"04:20";"5";"988";"2";"3";"1";3;-22;166
"37403";"202100037403";5;"21:10";"3";"974";"1";"1";"1";1;-21;55
"37404";"202100037404";5;"19:49";"1";"69";"2";"1";"1";1;45;4
"37405";"202100037405";5;"15:49";"1";"69";"2";"2";"1";1;45;4
"37406";"202100037406";5;"12:00";"1";"69";"2";"1";"1";6;45;4
"37407";"202100037407";5;"20:00";"1";"69";"2";"2";"1";6;45;4
"37408";"202100037408";5;"03:30";"5";"69";"2";"6";"1";2;45;4
"37409";"202100037409";5;"03:45";"5";"972";"1";"1";"2";2;14;-61
"37410";"202100037410";5;"11:55";"1";"972";"2";"1";"1";3;14;-61
"37411";"202100037411";5;"22:15";"5";"69";"2";"1";"1";7;45;4
"37412";"202100037412";5;"21:05";"1";"69";"2";"2";"1";3;45;4
"37413";"202100037413";5;"21:28";"1";"95";"2";"3";"1";3;48;2
"37414";"202100037414";5;"14:45";"1";"91";"2";"1";"1";6;48;2
"37415";"202100037415";5;"20:35";"1";"91";"2";"2";"1";3;48;2
"37416";"202100037416";5;"21:00";"2";"83";"2";"9";"1";1;43;5
"37417";"202100037417";5;"17:00";"1";"83";"2";"1";"1";1;43;6
"37418";"202100037418";5;"14:45";"1";"76";"2";"3";"1";3;49;1
"37419";"202100037419";5;"19:20";"1";"69";"2";"1";"1";6;45;4
"37420";"202100037420";5;"19:35";"1";"69";"2";"6";"1";3;45;4
"37421";"202100037421";5;"11:37";"1";"65";"2";"2";"1";3;43;0
"37422";"202100037422";5;"14:25";"1";"59";"2";"1";"1";2;50;3
"37423";"202100037423";5;"12:30";"1";"54";"2";"1";"1";6;48;6
"37424";"202100037424";5;"21:05";"1";"51";"2";"2";"1";3;49;4
"37425";"202100037425";5;"18:20";"1";"50";"1";"1";"1";7;49;-1
"37426";"202100037426";5;"19:15";"1";"44";"2";"1";"1";5;47;-1
"37427";"202100037427";5;"18:25";"1";"42";"2";"3";"1";3;45;4
"37428";"202100037428";5;"13:05";"1";"33";"2";"2";"1";3;44;0
"37429";"202100037429";5;"16:15";"1";"33";"2";"1";"2";3;44;0
"37430";"202100037430";5;"10:15";"1";"33";"2";"1";"1";6;44;0
"37431";"202100037431";5;"13:20";"1";"31";"2";"1";"1";6;43;1
"37432";"202100037432";5;"16:15";"1";"27";"1";"1";"1";6;49;1
"37433";"202100037433";5;"22:00";"2";"17";"2";"1";"1";2;46;-1
"37434";"202100037434";5;"20:40";"1";"17";"2";"1";"1";3;46;-1
"37435";"202100037435";5;"21:35";"5";"13";"2";"1";"1";3;43;5
"37436";"202100037436";5;"14:50";"1";"13";"2";"1";"1";2;43;5
"37437";"202100037437";5;"13:30";"1";"13";"2";"2";"1";1;43;5
"37438";"202100037438";5;"23:00";"3";"13";"1";"1";"1";7;43;5
"37439";"202100037439";5;"16:15";"1";"06";"1";"9";"1";1;43;7
"37440";"202100037440";5;"23:12";"3";"06";"2";"1";"1";6;43;6
"37441";"202100037441";5;"19:45";"2";"06";"2";"1";"1";2;43;7
"37442";"202100037442";5;"12:20";"1";"06";"2";"1";"1";3;43;7
"37443";"202100037443";5;"14:00";"1";"01";"2";"1";"1";6;46;5
"37444";"202100037444";5;"14:15";"1";"75";"2";"4";"1";2;48;2
"37445";"202100037445";5;"22:00";"4";"75";"2";"1";"1";6;48;2
"37446";"202100037446";5;"12:30";"1";"75";"2";"7";"1";3;48;2
"37447";"202100037447";5;"12:15";"1";"75";"2";"1";"1";6;48;2
"37448";"202100037448";5;"17:15";"1";"75";"2";"2";"1";3;48;2
"37449";"202100037449";5;"17:20";"1";"75";"2";"3";"1";3;48;2
"37450";"202100037450";5;"13:50";"1";"75";"2";"3";"1";6;48;2
"37451";"202100037451";5;"11:15";"1";"75";"2";"1";"1";3;48;2
"37452";"202100037452";5;"21:15";"1";"75";"2";"7";"1";6;48;2
"37453";"202100037453";5;"15:45";"1";"75";"2";"1";"1";6;48;2
"37454";"202100037454";5;"07:50";"1";"75";"2";"2";"1";7;48;2
"37455";"202100037455";5;"18:24";"1";"94";"2";"1";"1";2;48;2
"37456";"202100037456";5;"08:35";"1";"94";"2";"1";"1";6;48;2
"37457";"202100037457";5;"12:40";"1";"94";"2";"2";"1";6;48;2
"37458";"202100037458";5;"15:30";"1";"93";"2";"1";"7";6;48;2
"37459";"202100037459";5;"11:20";"1";"93";"2";"1";"1";6;48;2
"37460";"202100037460";5;"16:10";"1";"92";"2";"3";"1";3;48;2
"37461";"202100037461";5;"15:20";"1";"92";"2";"1";"1";3;48;2
"37462";"202100037462";5;"21:40";"2";"92";"2";"1";"1";6;48;2
"37463";"202100037463";5;"21:30";"2";"92";"2";"4";"1";3;48;2
"37464";"202100037464";5;"12:20";"1";"92";"2";"3";"1";3;48;2
"37465";"202100037465";5;"06:30";"1";"92";"2";"2";"1";3;48;2
"37466";"202100037466";5;"17:30";"1";"86";"2";"1";"1";7;46;0
"37467";"202100037467";5;"10:15";"1";"73";"1";"1";"1";7;45;5
"37468";"202100037468";5;"19:10";"1";"60";"1";"1";"1";6;49;2
"37469";"202100037469";5;"13:15";"1";"22";"2";"1";"1";2;48;-2
"37470";"202100037470";5;"21:40";"2";"95";"2";"1";"1";6;49;2
"37471";"202100037471";5;"15:45";"1";"28";"1";"1";"1";7;48;1
"37472";"202100037472";5;"04:25";"3";"974";"2";"1";"1";6;-21;55
"37473";"202100037473";5;"16:52";"3";"972";"2";"1";"1";1;14;-61
"37474";"202100037474";5;"10:05";"1";"84";"2";"1";"1";3;44;4
"37475";"202100037475";5;"21:50";"3";"83";"1";"6";"1";6;43;6
"37476";"202100037476";5;"22:30";"3";"44";"1";"1";"1";2;47;-1
"37477";"202100037477";5;"06:13";"2";"56";"1";"1";"1";6;47;-2
"37478";"202100037478";5;"07:55";"1";"74";"1";"2";"1";1;45;6
"37479";"202100037479";5;"16:00";"1";"2B";"2";"9";"1";1;42;9
"37480";"202100037480";5;"18:30";"1";"80";"1";"1";"1";1;49;2
"37481";"202100037481";5;"10:30";"1";"71";"1";"1";"1";1;46;4
"37482";"202100037482";5;"15:15";"1";"71";"2";"3";"1";2;46;4
"37483";"202100037483";5;"17:45";"1";"89";"2";"3";"1";1;47;3
"37484";"202100037484";5;"19:30";"1";"61";"1";"1";"1";6;48;0
"37485";"202100037485";5;"16:35";"1";"42";"1";"1";"1";7;45;4
"37486";"202100037486";5;"17:15";"1";"46";"1";"3";"1";7;44;1
"37487";"202100037487";5;"17:15";"1";"47";"1";"1";"1";1;44;0
"37488";"202100037488";5;"12:05";"1";"34";"1";"1";"1";3;43;3
"37489";"202100037489";5;"16:35";"1";"31";"2";"6";"1";1;43;1
"37490";"202100037490";5;"20:15";"1";"03";"2";"1";"1";7;46;3
"37491";"202100037491";5;"19:06";"1";"01";"1";"1";"7";6;46;5
"37492";"202100037492";5;"17:05";"1";"58";"1";"1";"1";7;47;3
"37493";"202100037493";5;"15:47";"1";"58";"2";"1";"1";3;46;3
"37494";"202100037494";5;"14:00";"1";"66";"2";"1";"1";3;42;2
"37495";"202100037495";5;"12:15";"1";"54";"1";"2";"7";4;48;5
"37496";"202100037496";5;"23:05";"5";"06";"2";"1";"1";6;43;6
"37497";"202100037497";5;"07:45";"1";"53";"1";"4";"1";7;48;0
"37498";"202100037498";5;"10:20";"1";"40";"1";"1";"1";5;44;-1
"37499";"202100037499";5;"15:00";"1";"40";"2";"3";"1";3;43;-1
"37500";"202100037500";5;"19:40";"1";"40";"1";"1";"1";3;43;-1
"37501";"202100037501";5;"17:50";"1";"40";"1";"1";"1";3;43;0
"37502";"202100037502";5;"08:30";"1";"04";"1";"1";"1";1;44;6
"37503";"202100037503";5;"12:50";"1";"27";"1";"1";"1";1;48;0
"37504";"202100037504";5;"12:15";"1";"87";"1";"3";"1";3;45;1
"37505";"202100037505";5;"07:20";"1";"37";"2";"1";"1";1;47;0
"37506";"202100037506";5;"18:10";"1";"37";"1";"1";"1";1;47;0
"37507";"202100037507";5;"17:50";"1";"88";"1";"1";"1";6;47;6
"37508";"202100037508";5;"08:10";"1";"68";"2";"1";"1";3;47;7
"37509";"202100037509";5;"12:20";"1";"988";"1";"1";"1";5;-22;166
"37510";"202100037510";5;"14:30";"1";"34";"1";"9";"1";1;43;3
"37511";"202100037511";5;"11:15";"1";"34";"1";"1";"7";1;43;3
"37512";"202100037512";5;"12:15";"1";"06";"1";"1";"1";7;43;7
"37513";"202100037513";5;"16:40";"1";"59";"1";"1";"1";6;50;3
"37514";"202100037514";5;"22:30";"3";"69";"1";"1";"1";4;46;4
"37515";"202100037515";5;"09:35";"1";"13";"1";"1";"1";3;43;5
"37516";"202100037516";5;"19:30";"3";"987";"1";"1";"1";7;-16;-151
"37517";"202100037517";5;"19:00";"2";"21";"2";"6";"1";6;47;5
"37518";"202100037518";5;"19:30";"1";"28";"1";"1";"1";1;48;1
"37519";"202100037519";5;"18:45";"1";"77";"1";"2";"1";3;48;2
"37520";"202100037520";5;"12:00";"1";"2A";"1";"3";"1";3;41;9
"37521";"202100037521";5;"13:24";"1";"2A";"2";"1";"1";3;41;9
"37522";"202100037522";5;"12:10";"1";"66";"1";"1";"1";7;42;2
"37523";"202100037523";5;"17:40";"1";"83";"1";"3";"1";3;43;5
"37524";"202100037524";5;"17:30";"1";"13";"1";"1";"1";3;43;5
"37525";"202100037525";5;"17:00";"1";"67";"1";"1";"1";7;49;7
"37526";"202100037526";5;"19:55";"1";"57";"1";"6";"1";6;49;6
"37527";"202100037527";5;"18:45";"1";"03";"1";"1";"1";2;46;3
"37528";"202100037528";5;"07:00";"1";"44";"2";"1";"2";7;47;-1
"37529";"202100037529";5;"03:45";"5";"69";"1";"1";"1";6;45;4
"37530";"202100037530";5;"17:30";"1";"81";"2";"9";"1";3;43;1
"37531";"202100037531";5;"18:00";"1";"22";"1";"1";"1";7;48;-2
"37532";"202100037532";5;"08:40";"1";"22";"1";"1";"1";2;48;-2
"37533";"202100037533";5;"09:50";"1";"27";"2";"9";"1";3;49;1
"37534";"202100037534";5;"18:20";"1";"80";"1";"2";"1";3;49;2
"37535";"202100037535";5;"17:20";"1";"13";"1";"1";"1";2;43;5
"37536";"202100037536";5;"14:38";"1";"13";"1";"1";"1";4;43;5
"37537";"202100037537";5;"13:42";"1";"13";"1";"1";"1";2;43;5
"37538";"202100037538";5;"11:10";"1";"13";"1";"1";"1";5;43;5
"37539";"202100037539";5;"06:50";"1";"13";"1";"1";"1";2;43;5
"37540";"202100037540";5;"18:15";"1";"69";"1";"9";"1";3;45;4
"37541";"202100037541";5;"16:40";"1";"69";"1";"1";"1";3;45;4
"37542";"202100037542";5;"15:45";"1";"69";"1";"1";"1";4;45;4