"";"Num_Acc";"mois";"hrmn";"lum";"dep";"agg";"int";"atm";"col";"lat";"long"
"37543";"202100037543";5;"14:10";"1";"69";"1";"1";"1";2;45;4
"37544";"202100037544";5;"18:35";"1";"33";"1";"1";"1";6;44;0
"37545";"202100037545";5;"07:30";"1";"91";"1";"1";"1";2;48;2
"37546";"202100037546";5;"01:00";"5";"94";"1";"1";"1";6;48;2
"37547";"202100037547";5;"10:40";"1";"78";"1";"1";"1";4;48;2
"37548";"202100037548";5;"21:00";"1";"93";"1";"1";"1";3;48;2
"37549";"202100037549";5;"18:30";"1";"93";"1";"1";"1";2;48;2
"37550";"202100037550";5;"19:10";"1";"93";"1";"1";"1";2;48;2
"37551";"202100037551";5;"20:00";"1";"77";"1";"1";"1";6;48;2
"37552";"202100037552";5;"15:10";"1";"64";"2";"1";"1";6;43;0
"37553";"202100037553";5;"19:55";"1";"54";"2";"1";"1";6;48;6
"37554";"202100037554";5;"16:20";"1";"37";"2";"1";"1";6;47;0
"37555";"202100037555";5;"15:58";"1";"32";"2";"1";"1";7;43;0
"37556";"202100037556";5;"17:10";"1";"93";"2";"1";"1";6;48;2
"37557";"202100037557";5;"05:02";"5";"988";"2";"3";"3";6;-22;166
"37558";"202100037558";5;"17:52";"1";"973";"2";"1";"1";6;4;-52
"37559";"202100037559";5;"10:00";"1";"973";"2";"1";"1";1;4;-52
"37560";"202100037560";5;"22:00";"5";"69";"2";"2";"1";3;45;4
"37561";"202100037561";5;"18:45";"1";"69";"2";"2";"1";3;45;4
"37562";"202100037562";5;"16:15";"1";"69";"2";"2";"1";3;45;4
"37563";"202100037563";5;"12:45";"1";"69";"2";"1";"1";6;45;4
"37564";"202100037564";5;"09:45";"1";"69";"2";"3";"1";7;45;4
"37565";"202100037565";5;"13:10";"1";"69";"2";"1";"1";3;45;4
"37566";"202100037566";5;"19:20";"1";"91";"2";"5";"1";3;48;2
"37567";"202100037567";5;"01:00";"5";"91";"2";"7";"1";3;48;2
"37568";"202100037568";5;"18:40";"1";"91";"1";"1";"1";7;48;2
"37569";"202100037569";5;"18:50";"1";"83";"2";"1";"1";6;43;6
"37570";"202100037570";5;"18:20";"1";"83";"2";"1";"1";2;43;6
"37571";"202100037571";5;"19:45";"1";"79";"2";"3";"1";3;46;0
"37572";"202100037572";5;"11:30";"1";"78";"2";"1";"1";2;48;2
"37573";"202100037573";5;"21:15";"1";"76";"2";"2";"1";3;49;1
"37574";"202100037574";5;"09:50";"1";"76";"1";"3";"1";2;49;1
"37575";"202100037575";5;"23:52";"5";"72";"2";"1";"1";6;47;0
"37576";"202100037576";5;"12:30";"1";"72";"2";"1";"1";3;47;0
"37577";"202100037577";5;"14:50";"1";"71";"1";"1";"1";3;46;4
"37578";"202100037578";5;"20:55";"2";"69";"2";"3";"1";4;45;4
"37579";"202100037579";5;"19:45";"1";"69";"2";"1";"1";3;45;4
"37580";"202100037580";5;"17:45";"1";"69";"2";"1";"1";6;45;4
"37581";"202100037581";5;"20:50";"2";"64";"2";"3";"1";3;43;0
"37582";"202100037582";5;"18:30";"1";"64";"2";"1";"1";1;43;0
"37583";"202100037583";5;"13:00";"1";"64";"2";"9";"1";3;43;-1
"37584";"202100037584";5;"16:15";"1";"63";"2";"8";"1";3;45;3
"37585";"202100037585";5;"19:05";"1";"57";"2";"2";"1";1;49;6
"37586";"202100037586";5;"10:30";"1";"57";"2";"1";"1";6;49;6
"37587";"202100037587";5;"17:03";"1";"54";"2";"1";"1";3;48;6
"37588";"202100037588";5;"12:43";"1";"54";"2";"1";"1";3;48;6
"37589";"202100037589";5;"21:00";"1";"51";"2";"3";"1";1;49;4
"37590";"202100037590";5;"19:16";"1";"37";"2";"2";"1";6;47;0
"37591";"202100037591";5;"19:30";"1";"37";"2";"6";"1";6;47;0
"37592";"202100037592";5;"17:00";"1";"33";"2";"2";"1";6;44;0
"37593";"202100037593";5;"16:30";"1";"33";"2";"1";"2";3;44;0
"37594";"202100037594";5;"13:35";"1";"33";"2";"2";"1";3;44;0
"37595";"202100037595";5;"12:00";"1";"33";"1";"1";"1";7;44;-1
"37596";"202100037596";5;"13:40";"1";"25";"2";"9";"1";3;47;6
"37597";"202100037597";5;"17:00";"1";"13";"2";"1";"1";7;43;5
"37598";"202100037598";5;"10:30";"1";"13";"2";"1";"1";2;43;5
"37599";"202100037599";5;"11:05";"1";"13";"2";"3";"1";2;43;5
"37600";"202100037600";5;"06:40";"1";"06";"1";"1";"1";7;43;6
"37601";"202100037601";5;"19:40";"1";"75";"2";"1";"1";4;48;2
"37602";"202100037602";5;"17:45";"1";"75";"2";"4";"1";3;48;2
"37603";"202100037603";5;"15:40";"1";"75";"2";"2";"1";3;48;2
"37604";"202100037604";5;"12:55";"1";"75";"2";"2";"1";3;48;2
"37605";"202100037605";5;"08:30";"1";"75";"2";"3";"1";3;48;2
"37606";"202100037606";5;"16:55";"1";"75";"2";"3";"1";7;48;2
"37607";"202100037607";5;"11:45";"1";"75";"2";"2";"1";3;48;2
"37608";"202100037608";5;"10:15";"1";"75";"2";"3";"1";3;48;2
"37609";"202100037609";5;"16:30";"1";"75";"2";"1";"1";3;48;2
"37610";"202100037610";5;"11:30";"1";"75";"2";"2";"1";3;48;2
"37611";"202100037611";5;"21:00";"5";"75";"2";"7";"1";3;48;2
"37612";"202100037612";5;"16:50";"1";"75";"2";"4";"1";1;48;2
"37613";"202100037613";5;"12:00";"1";"75";"2";"3";"1";4;48;2
"37614";"202100037614";5;"22:55";"5";"75";"2";"1";"1";6;48;2
"37615";"202100037615";5;"15:55";"1";"75";"2";"2";"1";6;48;2
"37616";"202100037616";5;"22:30";"5";"75";"2";"1";"1";6;48;2
"37617";"202100037617";5;"17:45";"1";"75";"2";"7";"1";5;48;2
"37618";"202100037618";5;"13:44";"1";"75";"2";"2";"1";3;48;2
"37619";"202100037619";5;"19:35";"1";"75";"2";"2";"1";3;48;2
"37620";"202100037620";5;"09:50";"1";"75";"2";"3";"1";6;48;2
"37621";"202100037621";5;"21:20";"4";"75";"2";"1";"1";2;48;2
"37622";"202100037622";5;"18:00";"1";"75";"2";"3";"1";7;48;2
"37623";"202100037623";5;"15:30";"1";"75";"2";"2";"1";7;48;2
"37624";"202100037624";5;"11:00";"1";"94";"2";"2";"1";3;48;2
"37625";"202100037625";5;"18:15";"1";"94";"2";"1";"1";6;48;2
"37626";"202100037626";5;"19:50";"1";"94";"2";"2";"1";3;48;2
"37627";"202100037627";5;"15:45";"1";"94";"2";"1";"1";2;48;2
"37628";"202100037628";5;"11:25";"1";"94";"2";"3";"1";6;48;2
"37629";"202100037629";5;"10:45";"1";"94";"2";"3";"1";3;48;2
"37630";"202100037630";5;"21:00";"2";"94";"2";"3";"1";3;48;2
"37631";"202100037631";5;"15:45";"1";"93";"2";"6";"1";3;48;2
"37632";"202100037632";5;"14:33";"1";"93";"2";"2";"1";1;48;2
"37633";"202100037633";5;"19:50";"1";"93";"2";"2";"1";5;48;2
"37634";"202100037634";5;"08:50";"1";"93";"2";"9";"1";1;48;2
"37635";"202100037635";5;"16:15";"1";"93";"2";"1";"1";6;48;2
"37636";"202100037636";5;"08:15";"1";"93";"2";"3";"1";5;48;2
"37637";"202100037637";5;"19:00";"1";"93";"2";"6";"1";6;48;2
"37638";"202100037638";5;"02:30";"5";"93";"2";"2";"1";1;48;2
"37639";"202100037639";5;"10:57";"1";"93";"2";"1";"1";4;48;2
"37640";"202100037640";5;"13:30";"1";"37";"1";"1";"1";6;47;0
"37641";"202100037641";5;"14:30";"1";"2A";"1";"1";"1";7;41;8
"37642";"202100037642";5;"14:55";"1";"91";"2";"2";"1";1;48;2
"37643";"202100037643";5;"19:04";"1";"71";"1";"3";"1";1;46;4
"37644";"202100037644";5;"11:30";"1";"36";"2";"1";"1";6;46;1
"37645";"202100037645";5;"06:00";"2";"69";"2";"1";"1";7;45;5
"37646";"202100037646";5;"17:55";"1";"59";"2";"6";"1";2;50;3
"37647";"202100037647";5;"17:30";"1";"79";"2";"2";"1";3;46;0
"37648";"202100037648";5;"23:30";"3";"72";"2";"1";"1";6;47;0
"37649";"202100037649";5;"13:50";"1";"62";"1";"2";"1";3;50;2
"37650";"202100037650";5;"09:10";"1";"56";"1";"1";"1";1;47;-3
"37651";"202100037651";5;"21:45";"2";"76";"2";"1";"1";7;49;0
"37652";"202100037652";5;"15:33";"1";"76";"1";"1";"1";6;49;1
"37653";"202100037653";5;"18:40";"1";"80";"2";"1";"1";6;50;1
"37654";"202100037654";5;"06:45";"1";"80";"1";"1";"1";6;49;2
"37655";"202100037655";5;"15:45";"1";"69";"2";"1";"1";1;46;4
"37656";"202100037656";5;"23:45";"3";"71";"2";"1";"1";1;46;4
"37657";"202100037657";5;"21:15";"2";"63";"1";"1";"1";1;45;3
"37658";"202100037658";5;"18:40";"1";"76";"1";"1";"1";7;49;1
"37659";"202100037659";5;"09:45";"1";"47";"1";"2";"1";3;44;0
"37660";"202100037660";5;"12:56";"1";"34";"1";"1";"1";5;43;3
"37661";"202100037661";5;"20:45";"2";"68";"1";"1";"1";1;48;7
"37662";"202100037662";5;"19:30";"1";"39";"1";"1";"1";3;47;5
"37663";"202100037663";5;"07:00";"1";"29";"1";"1";"1";1;48;-4
"37664";"202100037664";5;"20:35";"1";"29";"1";"3";"1";3;47;-4
"37665";"202100037665";5;"13:00";"1";"31";"1";"1";"1";6;43;1
"37666";"202100037666";5;"17:30";"1";"31";"2";"1";"1";6;43;1
"37667";"202100037667";5;"14:30";"1";"02";"2";"1";"1";6;49;3
"37668";"202100037668";5;"16:50";"1";"03";"1";"1";"1";1;46;3
"37669";"202100037669";5;"10:20";"1";"58";"2";"1";"1";6;46;3
"37670";"202100037670";5;"17:35";"1";"72";"1";"2";"1";3;47;0
"37671";"202100037671";5;"14:50";"1";"83";"1";"1";"1";5;43;6
"37672";"202100037672";5;"04:20";"3";"64";"1";"1";"1";7;43;0
"37673";"202100037673";5;"13:10";"1";"73";"2";"6";"1";3;45;6
"37674";"202100037674";5;"21:50";"2";"36";"2";"1";"1";2;46;1
"37675";"202100037675";5;"15:40";"1";"07";"1";"1";"1";6;44;4
"37676";"202100037676";5;"18:00";"1";"07";"1";"1";"1";3;44;4
"37677";"202100037677";5;"17:40";"1";"07";"1";"1";"1";7;44;4
"37678";"202100037678";5;"08:08";"1";"40";"1";"1";"1";7;44;0
"37679";"202100037679";5;"19:30";"1";"04";"1";"1";"1";6;44;5
"37680";"202100037680";5;"15:03";"1";"04";"1";"1";"1";6;43;6
"37681";"202100037681";5;"20:00";"2";"23";"1";"1";"1";7;46;1
"37682";"202100037682";5;"17:20";"1";"30";"1";"1";"8";3;44;3
"37683";"202100037683";5;"14:17";"1";"48";"1";"3";"1";3;44;3
"37684";"202100037684";5;"11:15";"1";"08";"1";"1";"1";7;49;4
"37685";"202100037685";5;"19:00";"1";"88";"2";"1";"1";7;48;6
"37686";"202100037686";5;"11:20";"1";"31";"1";"1";"1";7;43;1
"37687";"202100037687";5;"21:40";"3";"06";"1";"1";"5";3;43;7
"37688";"202100037688";5;"22:20";"5";"68";"2";"1";"1";6;47;7
"37689";"202100037689";5;"08:00";"1";"974";"2";"1";"1";6;-21;55
"37690";"202100037690";5;"19:20";"3";"971";"1";"1";"1";1;16;-61
"37691";"202100037691";5;"09:30";"1";"37";"2";"1";"1";2;47;1
"37692";"202100037692";5;"20:44";"1";"45";"1";"1";"8";6;47;2
"37693";"202100037693";5;"15:30";"1";"77";"1";"1";"1";1;48;2
"37694";"202100037694";5;"07:50";"1";"77";"2";"1";"1";6;48;3
"37695";"202100037695";5;"14:00";"1";"2B";"1";"1";"1";7;42;9
"37696";"202100037696";5;"01:00";"3";"2A";"1";"1";"1";6;41;9
"37697";"202100037697";5;"10:30";"1";"34";"1";"1";"1";7;43;3
"37698";"202100037698";5;"17:45";"1";"83";"2";"1";"1";3;43;6
"37699";"202100037699";5;"16:00";"1";"13";"1";"1";"1";1;43;5
"37700";"202100037700";5;"10:40";"1";"25";"2";"1";"1";6;47;6
"37701";"202100037701";5;"15:00";"1";"68";"1";"1";"1";3;47;6
"37702";"202100037702";5;"10:10";"1";"68";"1";"1";"1";1;47;7
"37703";"202100037703";5;"15:00";"1";"26";"2";"1";"1";7;44;4
"37704";"202100037704";5;"19:50";"2";"26";"2";"1";"1";3;44;4
"37705";"202100037705";5;"10:00";"1";"26";"1";"1";"1";6;44;5
"37706";"202100037706";5;"10:20";"1";"26";"2";"1";"1";3;44;4
"37707";"202100037707";5;"19:30";"2";"16";"2";"2";"1";3;45;0
"37708";"202100037708";5;"09:26";"1";"22";"2";"1";"1";7;48;-3
"37709";"202100037709";5;"16:50";"1";"27";"1";"1";"1";3;49;1
"37710";"202100037710";5;"06:45";"1";"76";"1";"2";"1";3;49;0
"37711";"202100037711";5;"14:40";"1";"80";"1";"3";"1";3;49;2
"37712";"202100037712";5;"02:10";"5";"59";"2";"1";"1";6;50;3
"37713";"202100037713";5;"21:15";"3";"13";"1";"1";"1";2;43;5
"37714";"202100037714";5;"13:25";"1";"13";"1";"1";"1";2;43;5
"37715";"202100037715";5;"17:13";"1";"13";"1";"1";"1";3;43;5
"37716";"202100037716";5;"01:45";"5";"13";"1";"1";"1";2;43;5
"37717";"202100037717";5;"18:50";"1";"69";"1";"1";"1";4;45;4
"37718";"202100037718";5;"15:30";"1";"91";"1";"1";"1";3;48;2
"37719";"202100037719";5;"12:05";"1";"94";"1";"1";"1";6;48;2
"37720";"202100037720";5;"17:05";"1";"92";"1";"1";"1";2;48;2
"37721";"202100037721";5;"09:00";"1";"93";"1";"1";"1";6;48;2
"37722";"202100037722";5;"02:00";"3";"95";"1";"1";"1";6;49;2
"37723";"202100037723";5;"17:15";"1";"93";"1";"1";"1";4;48;2
"37724";"202100037724";5;"22:50";"3";"77";"1";"1";"1";6;48;2
"37725";"202100037725";5;"19:00";"1";"77";"1";"1";"1";6;48;2
"37726";"202100037726";5;"21:30";"3";"94";"1";"1";"1";3;48;2
"37727";"202100037727";5;"17:00";"1";"69";"2";"1";"1";6;45;4
"37728";"202100037728";5;"09:55";"1";"73";"2";"1";"1";6;45;5
"37729";"202100037729";5;"13:30";"1";"71";"2";"1";"1";6;46;4
"37730";"202100037730";3;"08:00";"2";"84";"1";"1";"1";6;44;5
"37731";"202100037731";5;"18:21";"5";"988";"2";"1";"1";7;-22;166
"37732";"202100037732";5;"19:55";"3";"976";"1";"1";"1";2;-12;45
"37733";"202100037733";5;"14:15";"1";"974";"2";"2";"1";3;-20;55
"37734";"202100037734";5;"12:05";"1";"973";"2";"1";"1";7;4;-52
"37735";"202100037735";5;"12:40";"1";"973";"2";"1";"1";3;4;-52
"37736";"202100037736";5;"19:00";"1";"69";"2";"3";"1";3;45;4
"37737";"202100037737";5;"19:15";"1";"69";"2";"2";"1";3;45;4
"37738";"202100037738";5;"17:50";"1";"69";"2";"1";"1";6;45;4
"37739";"202100037739";5;"13:15";"1";"69";"2";"2";"1";5;45;4
"37740";"202100037740";5;"08:50";"1";"972";"1";"1";"1";7;14;-61
"37741";"202100037741";5;"02:00";"5";"972";"2";"1";"2";7;14;-61
"37742";"202100037742";5;"13:40";"1";"69";"2";"3";"1";3;45;4
"37743";"202100037743";5;"08:55";"1";"69";"2";"1";"1";6;45;4
"37744";"202100037744";5;"13:45";"1";"971";"2";"9";"1";3;16;-61
"37745";"202100037745";5;"23:00";"5";"95";"2";"9";"1";3;48;2
"37746";"202100037746";5;"22:30";"5";"95";"2";"1";"1";6;48;2
"37747";"202100037747";5;"19:26";"1";"91";"1";"1";"1";5;48;2
"37748";"202100037748";5;"19:55";"1";"91";"2";"9";"1";3;48;2
"37749";"202100037749";5;"18:20";"1";"91";"1";"1";"1";6;48;2
"37750";"202100037750";5;"12:14";"1";"87";"2";"3";"1";3;45;1
"37751";"202100037751";5;"19:11";"1";"87";"1";"2";"1";1;45;1
"37752";"202100037752";5;"08:01";"1";"87";"2";"1";"1";7;45;1
"37753";"202100037753";5;"17:00";"1";"86";"2";"1";"1";4;46;0
"37754";"202100037754";5;"17:05";"1";"86";"2";"1";"1";4;46;0
"37755";"202100037755";5;"14:10";"1";"83";"2";"1";"1";3;43;5
"37756";"202100037756";5;"16:00";"1";"78";"2";"1";"1";6;48;2
"37757";"202100037757";4;"09:18";"1";"78";"2";"1";"1";6;48;2
"37758";"202100037758";5;"16:00";"1";"77";"2";"1";"1";2;48;2
"37759";"202100037759";5;"13:20";"1";"76";"2";"3";"1";3;49;0
"37760";"202100037760";5;"16:50";"1";"76";"2";"3";"1";6;49;0
"37761";"202100037761";5;"19:14";"1";"71";"2";"1";"1";3;46;4
"37762";"202100037762";5;"20:45";"1";"69";"2";"8";"7";3;45;4
"37763";"202100037763";5;"07:00";"1";"69";"2";"1";"1";1;45;4
"37764";"202100037764";5;"20:20";"1";"69";"2";"6";"1";7;45;4
"37765";"202100037765";5;"08:48";"1";"69";"2";"3";"1";3;45;4
"37766";"202100037766";5;"08:10";"1";"67";"2";"1";"1";6;48;7
"37767";"202100037767";5;"08:00";"1";"64";"2";"2";"1";2;43;0
"37768";"202100037768";5;"23:20";"3";"64";"2";"2";"1";3;43;-1
"37769";"202100037769";5;"15:15";"1";"61";"2";"1";"1";6;48;0
"37770";"202100037770";5;"20:10";"2";"60";"2";"2";"1";3;49;2
"37771";"202100037771";5;"20:45";"1";"59";"2";"1";"1";3;50;3
"37772";"202100037772";4;"21:30";"1";"59";"2";"1";"1";6;50;3
"37773";"202100037773";5;"21:06";"2";"59";"2";"3";"1";6;50;3
"37774";"202100037774";5;"10:44";"1";"57";"2";"8";"1";3;49;6
"37775";"202100037775";5;"17:40";"1";"56";"2";"1";"1";1;47;-3
"37776";"202100037776";5;"20:45";"1";"54";"2";"1";"1";3;48;6
"37777";"202100037777";5;"16:55";"1";"54";"2";"4";"1";2;48;6
"37778";"202100037778";5;"19:30";"1";"51";"2";"1";"1";1;49;4
"37779";"202100037779";5;"14:20";"1";"51";"2";"1";"1";3;49;4
"37780";"202100037780";5;"10:20";"1";"51";"2";"1";"1";4;49;4
"37781";"202100037781";5;"16:40";"1";"51";"2";"3";"1";3;49;4
"37782";"202100037782";5;"08:10";"1";"51";"2";"2";"1";3;49;4
"37783";"202100037783";5;"23:00";"3";"50";"1";"1";"1";6;49;-1
"37784";"202100037784";5;"17:35";"1";"49";"2";"1";"1";3;47;0
"37785";"202100037785";5;"13:11";"1";"49";"2";"2";"1";3;47;0
"37786";"202100037786";5;"17:52";"1";"49";"2";"1";"1";6;47;0
"37787";"202100037787";5;"21:20";"5";"42";"1";"3";"1";3;45;4
"37788";"202100037788";5;"13:14";"1";"37";"2";"2";"1";6;47;0
"37789";"202100037789";5;"15:28";"1";"37";"2";"1";"1";7;47;0
"37790";"202100037790";5;"15:02";"1";"37";"2";"1";"1";6;47;0
"37791";"202100037791";5;"02:50";"5";"37";"2";"5";"1";7;47;0
"37792";"202100037792";5;"17:50";"1";"37";"2";"1";"1";6;47;0
"37793";"202100037793";5;"17:00";"1";"37";"2";"1";"1";2;47;0
"37794";"202100037794";5;"13:45";"1";"37";"2";"1";"1";6;47;0
"37795";"202100037795";5;"14:30";"1";"35";"2";"1";"1";3;48;-1
"37796";"202100037796";5;"06:45";"1";"35";"2";"1";"1";6;48;-1
"37797";"202100037797";5;"18:30";"1";"34";"1";"1";"1";6;43;3
"37798";"202100037798";5;"16:05";"1";"33";"2";"7";"1";6;44;0
"37799";"202100037799";5;"12:45";"1";"33";"2";"3";"1";3;44;0
"37800";"202100037800";5;"10:13";"1";"33";"2";"3";"1";3;44;0
"37801";"202100037801";5;"08:40";"1";"33";"2";"1";"1";2;44;0
"37802";"202100037802";5;"10:35";"1";"30";"2";"1";"1";6;44;4
"37803";"202100037803";5;"12:10";"1";"29";"2";"1";"1";6;47;-3
"37804";"202100037804";5;"14:15";"1";"27";"2";"9";"1";3;49;1
"37805";"202100037805";5;"14:20";"1";"24";"2";"1";"1";2;44;0
"37806";"202100037806";5;"14:20";"1";"24";"1";"1";"1";2;44;0
"37807";"202100037807";5;"16:15";"1";"14";"2";"3";"1";3;49;0
"37808";"202100037808";5;"10:20";"1";"14";"2";"1";"1";3;49;0
"37809";"202100037809";5;"18:15";"1";"13";"2";"1";"1";6;43;5
"37810";"202100037810";5;"18:00";"1";"13";"2";"1";"1";2;43;5
"37811";"202100037811";5;"16:50";"1";"13";"2";"1";"1";3;43;5
"37812";"202100037812";5;"14:30";"1";"13";"2";"1";"1";2;43;5
"37813";"202100037813";5;"11:25";"1";"13";"2";"1";"1";2;43;5
"37814";"202100037814";5;"08:45";"1";"13";"2";"2";"1";3;43;5
"37815";"202100037815";5;"13:30";"1";"13";"2";"6";"1";3;43;5
"37816";"202100037816";5;"00:20";"3";"11";"2";"1";"1";6;43;2
"37817";"202100037817";5;"09:55";"1";"11";"1";"6";"1";3;43;2
"37818";"202100037818";5;"18:38";"1";"10";"2";"1";"1";6;48;4
"37819";"202100037819";5;"21:06";"2";"06";"1";"1";"1";1;43;7
"37820";"202100037820";5;"12:35";"1";"06";"2";"9";"1";1;43;7
"37821";"202100037821";5;"14:45";"1";"05";"1";"1";"1";7;44;6
"37822";"202100037822";5;"08:56";"1";"05";"1";"1";"1";4;44;6
"37823";"202100037823";5;"19:10";"1";"05";"1";"1";"1";3;44;6
"37824";"202100037824";5;"08:45";"1";"04";"2";"1";"1";1;44;6
"37825";"202100037825";5;"18:15";"1";"03";"1";"1";"1";1;46;2
"37826";"202100037826";5;"16:00";"1";"75";"2";"1";"1";7;48;2
"37827";"202100037827";5;"22:25";"5";"75";"2";"2";"1";1;48;2
"37828";"202100037828";5;"11:40";"1";"75";"2";"4";"1";3;48;2
"37829";"202100037829";5;"19:15";"1";"75";"2";"2";"1";3;48;2
"37830";"202100037830";5;"08:50";"1";"75";"2";"3";"1";3;48;2
"37831";"202100037831";5;"08:15";"1";"75";"2";"1";"1";6;48;2
"37832";"202100037832";5;"16:30";"1";"75";"2";"7";"1";7;48;2
"37833";"202100037833";5;"20:20";"2";"75";"2";"2";"1";6;48;2
"37834";"202100037834";5;"17:30";"1";"75";"2";"1";"1";2;48;2
"37835";"202100037835";5;"10:25";"1";"75";"2";"1";"1";3;48;2
"37836";"202100037836";5;"13:05";"1";"75";"2";"3";"1";3;48;2
"37837";"202100037837";5;"09:55";"1";"75";"2";"1";"1";6;48;2
"37838";"202100037838";5;"23:45";"5";"75";"2";"1";"1";6;48;2
"37839";"202100037839";5;"20:20";"1";"75";"2";"1";"1";3;48;2
"37840";"202100037840";5;"21:45";"5";"75";"2";"1";"1";3;48;2
"37841";"202100037841";5;"12:45";"1";"75";"2";"1";"1";3;48;2
"37842";"202100037842";5;"02:40";"5";"75";"2";"4";"1";3;48;2
"37843";"202100037843";5;"17:35";"1";"94";"2";"1";"1";6;48;2
"37844";"202100037844";5;"23:30";"3";"94";"2";"1";"1";6;48;2
"37845";"202100037845";5;"18:00";"1";"94";"2";"1";"1";6;48;2
"37846";"202100037846";5;"23:00";"5";"94";"2";"3";"1";1;48;2
"37847";"202100037847";5;"17:34";"1";"94";"2";"1";"1";6;48;2
"37848";"202100037848";5;"19:30";"1";"94";"2";"2";"1";3;48;2
"37849";"202100037849";5;"04:50";"5";"94";"2";"1";"1";1;48;2
"37850";"202100037850";5;"14:20";"1";"94";"2";"3";"1";3;48;2
"37851";"202100037851";5;"05:30";"2";"94";"2";"1";"1";6;48;2
"37852";"202100037852";5;"18:30";"1";"94";"2";"9";"1";2;48;2
"37853";"202100037853";5;"08:30";"1";"94";"2";"1";"1";6;48;2
"37854";"202100037854";5;"19:54";"1";"94";"2";"2";"1";1;48;2
"37855";"202100037855";5;"11:15";"1";"94";"2";"1";"1";3;48;2
"37856";"202100037856";5;"20:00";"2";"94";"2";"1";"1";6;48;2
"37857";"202100037857";5;"09:09";"1";"93";"2";"2";"1";3;48;2
"37858";"202100037858";5;"12:50";"1";"93";"2";"3";"1";7;48;2
"37859";"202100037859";5;"18:40";"1";"93";"2";"1";"1";6;48;2
"37860";"202100037860";5;"16:18";"1";"93";"2";"6";"1";2;48;2
"37861";"202100037861";5;"09:00";"1";"93";"2";"3";"1";3;48;2
"37862";"202100037862";5;"22:25";"4";"93";"2";"3";"1";2;48;2
"37863";"202100037863";5;"14:15";"1";"93";"2";"4";"1";2;48;2
"37864";"202100037864";5;"07:10";"2";"93";"2";"1";"1";7;48;2
"37865";"202100037865";5;"16:20";"1";"93";"2";"9";"1";3;48;2
"37866";"202100037866";5;"23:05";"5";"93";"2";"9";"1";3;48;2
"37867";"202100037867";5;"05:00";"5";"92";"2";"1";"1";6;48;2
"37868";"202100037868";5;"16:40";"1";"92";"2";"4";"1";6;48;2
"37869";"202100037869";5;"13:45";"1";"92";"2";"1";"1";2;48;2
"37870";"202100037870";5;"18:40";"1";"92";"2";"1";"1";3;48;2
"37871";"202100037871";5;"14:40";"1";"92";"2";"1";"1";3;48;2
"37872";"202100037872";5;"20:35";"1";"92";"2";"6";"1";2;48;2
"37873";"202100037873";5;"19:10";"1";"92";"2";"3";"1";2;48;2
"37874";"202100037874";5;"14:20";"1";"92";"2";"6";"1";6;48;2
"37875";"202100037875";5;"19:30";"1";"92";"2";"1";"8";2;48;2
"37876";"202100037876";5;"01:45";"5";"54";"2";"1";"1";6;48;6
"37877";"202100037877";5;"15:45";"1";"38";"1";"1";"1";4;45;4
"37878";"202100037878";5;"18:10";"1";"68";"2";"1";"1";6;47;7
"37879";"202100037879";5;"07:55";"1";"17";"1";"2";"1";3;45;0
"37880";"202100037880";5;"15:45";"1";"42";"1";"1";"7";1;45;4
"37881";"202100037881";5;"13:20";"1";"974";"2";"1";"1";3;-21;55
"37882";"202100037882";5;"19:00";"1";"86";"1";"1";"1";6;46;0
"37883";"202100037883";5;"12:15";"1";"38";"2";"1";"1";6;45;5
"37884";"202100037884";5;"15:40";"1";"83";"1";"1";"1";2;43;6
"37885";"202100037885";5;"21:15";"3";"83";"1";"1";"1";3;43;6
"37886";"202100037886";5;"11:20";"1";"51";"1";"1";"1";3;48;4
"37887";"202100037887";5;"10:20";"1";"19";"1";"1";"1";6;45;1
"37888";"202100037888";5;"12:25";"1";"2B";"1";"1";"1";1;42;9
"37889";"202100037889";5;"16:30";"1";"80";"1";"1";"1";6;49;2
"37890";"202100037890";5;"12:40";"1";"65";"1";"1";"1";2;42;0
"37891";"202100037891";5;"17:05";"1";"65";"2";"2";"1";1;43;0
"37892";"202100037892";5;"17:00";"1";"81";"2";"7";"1";7;44;2
"37893";"202100037893";5;"15:10";"1";"71";"1";"3";"1";2;46;4
"37894";"202100037894";5;"18:57";"1";"12";"1";"1";"8";6;44;3
"37895";"202100037895";5;"21:00";"2";"42";"1";"1";"1";1;45;4
"37896";"202100037896";5;"06:50";"1";"41";"1";"9";"1";1;47;2
"37897";"202100037897";5;"17:30";"1";"34";"1";"6";"1";3;43;3
"37898";"202100037898";5;"21:20";"2";"34";"1";"8";"1";7;43;3
"37899";"202100037899";5;"21:10";"1";"39";"1";"1";"1";7;46;6
"37900";"202100037900";5;"21:10";"2";"44";"1";"2";"1";3;47;-1
"37901";"202100037901";5;"13:45";"1";"29";"2";"3";"1";3;48;-3
"37902";"202100037902";5;"20:45";"1";"29";"1";"1";"1";7;48;-4
"37903";"202100037903";5;"16:30";"1";"15";"1";"1";"1";2;44;2
"37904";"202100037904";5;"16:20";"1";"15";"1";"1";"1";7;45;2
"37905";"202100037905";5;"20:30";"2";"01";"1";"2";"1";3;46;5
"37906";"202100037906";5;"08:30";"1";"06";"2";"1";"1";5;43;7
"37907";"202100037907";5;"16:45";"1";"14";"1";"3";"1";3;49;0
"37908";"202100037908";5;"11:50";"1";"83";"1";"1";"1";7;43;6