"";"Num_Acc";"mois";"hrmn";"lum";"dep";"agg";"int";"atm";"col";"lat";"long"
"37909";"202100037909";5;"15:00";"1";"60";"1";"1";"1";7;49;2
"37910";"202100037910";5;"21:50";"5";"10";"2";"9";"1";1;48;4
"37911";"202100037911";5;"10:45";"1";"07";"1";"1";"1";1;45;4
"37912";"202100037912";5;"09:45";"1";"07";"1";"1";"1";2;44;4
"37913";"202100037913";5;"23:00";"3";"85";"2";"1";"1";7;46;-1
"37914";"202100037914";5;"18:45";"1";"85";"2";"1";"1";6;46;-1
"37915";"202100037915";5;"17:30";"1";"87";"1";"1";"1";7;46;1
"37916";"202100037916";5;"11:00";"1";"48";"1";"1";"1";6;44;3
"37917";"202100037917";5;"17:10";"1";"52";"1";"9";"1";3;48;5
"37918";"202100037918";5;"21:00";"1";"08";"2";"1";"1";6;49;4
"37919";"202100037919";5;"19:39";"3";"973";"1";"1";"1";2;4;-52
"37920";"202100037920";5;"20:00";"3";"973";"2";"1";"8";1;4;-52
"37921";"202100037921";5;"08:40";"1";"06";"1";"9";"1";4;43;7
"37922";"202100037922";5;"18:15";"1";"971";"1";"1";"1";6;16;-61
"37923";"202100037923";5;"22:45";"3";"78";"1";"1";"1";1;48;1
"37924";"202100037924";5;"12:00";"1";"34";"1";"1";"1";7;43;3
"37925";"202100037925";5;"09:30";"1";"84";"2";"3";"1";6;44;4
"37926";"202100037926";5;"18:02";"1";"71";"2";"1";"1";7;46;4
"37927";"202100037927";5;"21:30";"2";"21";"1";"2";"1";3;47;5
"37928";"202100037928";5;"16:50";"1";"55";"2";"3";"1";7;48;5
"37929";"202100037929";5;"17:22";"1";"57";"1";"3";"1";3;49;6
"37930";"202100037930";5;"15:20";"1";"03";"1";"3";"1";3;46;3
"37931";"202100037931";5;"18:30";"1";"63";"1";"1";"1";2;45;3
"37932";"202100037932";5;"16:15";"1";"42";"1";"1";"1";6;45;4
"37933";"202100037933";5;"15:10";"1";"38";"1";"1";"1";3;45;5
"37934";"202100037934";5;"07:45";"2";"26";"2";"4";"1";3;45;4
"37935";"202100037935";5;"05:32";"2";"26";"1";"1";"1";6;44;4
"37936";"202100037936";5;"22:45";"3";"49";"1";"1";"1";7;47;0
"37937";"202100037937";5;"14:40";"1";"29";"1";"2";"1";3;48;-4
"37938";"202100037938";4;"11:40";"1";"22";"1";"3";"1";3;48;-2
"37939";"202100037939";5;"18:20";"1";"27";"1";"1";"1";7;48;0
"37940";"202100037940";5;"21:15";"1";"59";"1";"1";"1";6;50;2
"37941";"202100037941";5;"07:05";"1";"13";"1";"1";"1";4;43;5
"37942";"202100037942";5;"22:15";"3";"83";"1";"1";"1";2;43;5
"37943";"202100037943";5;"19:00";"1";"59";"1";"1";"1";6;50;3
"37944";"202100037944";5;"18:20";"1";"59";"1";"1";"1";2;50;3
"37945";"202100037945";5;"13:55";"1";"94";"1";"1";"1";2;48;2
"37946";"202100037946";5;"08:40";"1";"91";"1";"1";"1";3;48;2
"37947";"202100037947";5;"16:00";"1";"78";"1";"1";"1";2;48;1
"37948";"202100037948";5;"19:30";"1";"93";"1";"1";"1";2;48;2
"37949";"202100037949";5;"14:45";"1";"93";"1";"1";"1";5;48;2
"37950";"202100037950";5;"17:15";"1";"77";"1";"1";"1";3;48;2
"37951";"202100037951";5;"20:40";"2";"52";"2";"1";"8";6;48;4
"37952";"202100037952";5;"21:06";"2";"17";"2";"2";"1";3;46;-1
"37953";"202100037953";5;"22:10";"4";"93";"2";"1";"1";1;48;2
"37954";"202100037954";5;"10:55";"1";"988";"2";"3";"1";2;-22;166
"37955";"202100037955";5;"16:30";"1";"974";"2";"1";"1";2;-20;55
"37956";"202100037956";5;"08:25";"1";"974";"2";"1";"1";7;-20;55
"37957";"202100037957";5;"13:30";"1";"973";"2";"9";"2";2;4;-52
"37958";"202100037958";5;"11:00";"1";"973";"2";"9";"1";3;4;-52
"37959";"202100037959";5;"10:15";"1";"973";"2";"6";"2";3;4;-52
"37960";"202100037960";5;"13:50";"1";"69";"2";"1";"1";4;45;4
"37961";"202100037961";5;"09:20";"1";"69";"2";"1";"1";6;45;4
"37962";"202100037962";5;"13:15";"1";"69";"2";"1";"1";6;45;4
"37963";"202100037963";5;"19:20";"1";"69";"2";"1";"1";6;45;4
"37964";"202100037964";5;"13:25";"1";"972";"1";"1";"1";2;14;-60
"37965";"202100037965";5;"16:00";"1";"972";"1";"1";"1";3;14;-61
"37966";"202100037966";5;"14:50";"1";"69";"2";"1";"1";1;45;4
"37967";"202100037967";5;"08:15";"1";"2B";"2";"1";"1";3;42;9
"37968";"202100037968";5;"23:15";"5";"95";"2";"2";"3";3;48;2
"37969";"202100037969";5;"11:50";"1";"91";"2";"9";"1";2;48;2
"37970";"202100037970";5;"10:05";"1";"87";"2";"1";"2";7;45;1
"37971";"202100037971";3;"16:50";"1";"84";"1";"1";"1";3;43;4
"37972";"202100037972";5;"15:30";"1";"83";"2";"1";"1";3;43;6
"37973";"202100037973";5;"13:20";"1";"83";"1";"1";"1";3;43;6
"37974";"202100037974";5;"18:36";"1";"80";"2";"2";"1";1;49;2
"37975";"202100037975";5;"19:35";"1";"78";"1";"1";"1";2;48;2
"37976";"202100037976";5;"12:45";"1";"78";"2";"2";"1";3;48;2
"37977";"202100037977";5;"21:00";"1";"77";"2";"1";"1";3;48;3
"37978";"202100037978";5;"22:35";"5";"76";"1";"1";"2";1;49;0
"37979";"202100037979";5;"15:50";"1";"76";"2";"1";"1";6;49;1
"37980";"202100037980";5;"07:30";"1";"73";"2";"1";"1";3;45;5
"37981";"202100037981";5;"14:30";"1";"71";"1";"1";"1";6;46;4
"37982";"202100037982";5;"11:10";"1";"71";"1";"1";"1";3;46;4
"37983";"202100037983";5;"12:35";"1";"69";"2";"1";"1";6;45;4
"37984";"202100037984";5;"01:30";"5";"69";"2";"2";"1";3;45;4
"37985";"202100037985";5;"07:50";"1";"69";"2";"6";"1";3;45;4
"37986";"202100037986";3;"17:00";"2";"69";"2";"1";"1";7;45;4
"37987";"202100037987";5;"12:26";"1";"67";"2";"1";"2";7;48;7
"37988";"202100037988";5;"16:00";"1";"65";"2";"3";"1";3;43;0
"37989";"202100037989";5;"23:00";"3";"64";"2";"9";"1";6;43;-1
"37990";"202100037990";5;"11:20";"1";"64";"2";"9";"1";3;43;-1
"37991";"202100037991";5;"12:10";"1";"64";"1";"1";"1";2;43;0
"37992";"202100037992";5;"10:25";"1";"64";"2";"1";"1";3;43;0
"37993";"202100037993";5;"14:25";"1";"64";"2";"3";"1";3;43;-1
"37994";"202100037994";5;"20:05";"1";"63";"2";"4";"1";2;45;3
"37995";"202100037995";5;"07:59";"1";"63";"2";"5";"1";6;45;3
"37996";"202100037996";5;"05:00";"3";"61";"1";"1";"1";7;48;0
"37997";"202100037997";5;"17:30";"1";"59";"2";"1";"1";5;50;3
"37998";"202100037998";5;"00:00";"5";"59";"2";"4";"1";6;50;3
"37999";"202100037999";5;"08:51";"1";"49";"2";"1";"1";3;47;0
"38000";"202100038000";5;"16:06";"1";"49";"2";"1";"1";7;47;0
"38001";"202100038001";5;"14:40";"1";"45";"2";"2";"1";4;47;1
"38002";"202100038002";5;"16:50";"1";"44";"2";"1";"1";3;47;-2
"38003";"202100038003";5;"16:45";"1";"44";"2";"1";"1";3;47;-1
"38004";"202100038004";5;"22:15";"4";"42";"2";"4";"2";3;45;4
"38005";"202100038005";5;"13:03";"1";"42";"2";"7";"1";6;45;4
"38006";"202100038006";5;"08:45";"1";"38";"2";"1";"1";6;45;5
"38007";"202100038007";5;"09:42";"1";"37";"2";"6";"1";6;47;0
"38008";"202100038008";5;"10:55";"1";"37";"2";"1";"8";6;47;0
"38009";"202100038009";5;"18:45";"1";"35";"2";"1";"1";4;48;-1
"38010";"202100038010";5;"13:00";"1";"35";"2";"9";"2";3;48;-1
"38011";"202100038011";5;"10:00";"1";"34";"1";"1";"1";3;43;3
"38012";"202100038012";5;"17:15";"1";"33";"2";"2";"1";3;44;0
"38013";"202100038013";5;"19:00";"1";"33";"2";"2";"1";3;44;0
"38014";"202100038014";5;"19:25";"1";"31";"2";"1";"1";7;43;1
"38015";"202100038015";5;"14:15";"1";"31";"2";"1";"1";2;43;1
"38016";"202100038016";5;"08:45";"1";"31";"2";"1";"1";3;43;1
"38017";"202100038017";5;"17:50";"1";"31";"2";"1";"1";3;43;1
"38018";"202100038018";5;"17:04";"1";"31";"2";"1";"1";6;43;1
"38019";"202100038019";5;"12:20";"1";"30";"2";"1";"1";6;43;4
"38020";"202100038020";5;"21:15";"1";"29";"1";"1";"1";7;47;-4
"38021";"202100038021";5;"14:50";"1";"26";"2";"1";"1";3;44;4
"38022";"202100038022";5;"18:11";"1";"18";"2";"6";"1";3;47;2
"38023";"202100038023";5;"08:00";"1";"14";"2";"1";"1";1;49;0
"38024";"202100038024";5;"18:20";"1";"13";"2";"1";"1";3;43;5
"38025";"202100038025";5;"15:15";"1";"13";"2";"3";"1";3;43;5
"38026";"202100038026";5;"11:30";"1";"13";"2";"1";"1";3;43;5
"38027";"202100038027";5;"12:20";"1";"13";"2";"2";"1";3;43;5
"38028";"202100038028";5;"10:05";"1";"13";"2";"1";"1";3;43;5
"38029";"202100038029";5;"09:40";"1";"13";"2";"1";"1";6;43;5
"38030";"202100038030";5;"07:40";"1";"13";"2";"1";"1";3;43;5
"38031";"202100038031";5;"10:00";"1";"13";"2";"1";"1";3;43;5
"38032";"202100038032";5;"09:50";"1";"09";"1";"1";"1";4;42;1
"38033";"202100038033";5;"11:00";"1";"01";"2";"1";"1";6;46;5
"38034";"202100038034";5;"08:50";"1";"75";"2";"1";"1";4;48;2
"38035";"202100038035";5;"08:12";"1";"75";"2";"4";"1";3;48;2
"38036";"202100038036";5;"00:30";"5";"75";"2";"2";"1";3;48;2
"38037";"202100038037";5;"15:35";"1";"75";"2";"3";"1";3;48;2
"38038";"202100038038";5;"15:20";"1";"75";"2";"1";"1";6;48;2
"38039";"202100038039";5;"11:00";"1";"75";"2";"1";"1";3;48;2
"38040";"202100038040";5;"15:21";"1";"75";"2";"1";"1";3;48;2
"38041";"202100038041";5;"17:50";"1";"75";"2";"3";"1";6;48;2
"38042";"202100038042";5;"19:20";"1";"75";"2";"7";"1";3;48;2
"38043";"202100038043";5;"12:00";"1";"75";"2";"2";"1";6;48;2
"38044";"202100038044";5;"22:30";"5";"75";"2";"2";"1";7;48;2
"38045";"202100038045";5;"09:40";"1";"75";"2";"4";"1";3;48;2
"38046";"202100038046";5;"08:00";"1";"75";"2";"2";"1";3;48;2
"38047";"202100038047";5;"15:20";"1";"94";"2";"1";"2";3;48;2
"38048";"202100038048";5;"11:15";"1";"94";"2";"3";"1";6;48;2
"38049";"202100038049";5;"05:29";"2";"94";"2";"9";"1";2;48;2
"38050";"202100038050";5;"21:15";"5";"94";"2";"1";"1";3;48;2
"38051";"202100038051";5;"20:05";"1";"94";"2";"3";"1";3;48;2
"38052";"202100038052";5;"20:25";"1";"94";"2";"3";"1";3;48;2
"38053";"202100038053";5;"13:25";"1";"94";"2";"7";"1";1;48;2
"38054";"202100038054";5;"20:25";"1";"94";"2";"1";"1";3;48;2
"38055";"202100038055";5;"02:35";"5";"93";"2";"2";"1";3;48;2
"38056";"202100038056";5;"07:45";"1";"93";"2";"1";"1";6;48;2
"38057";"202100038057";5;"08:15";"1";"93";"2";"1";"1";6;48;2
"38058";"202100038058";5;"19:30";"1";"93";"2";"3";"1";3;48;2
"38059";"202100038059";5;"13:25";"1";"93";"2";"1";"1";5;48;2
"38060";"202100038060";5;"13:24";"1";"92";"2";"1";"1";3;48;2
"38061";"202100038061";5;"07:15";"2";"92";"2";"1";"1";2;48;2
"38062";"202100038062";5;"12:40";"1";"92";"2";"2";"1";3;48;2
"38063";"202100038063";5;"12:20";"1";"92";"2";"1";"1";6;48;2
"38064";"202100038064";5;"18:20";"1";"92";"2";"3";"1";3;48;2
"38065";"202100038065";5;"22:25";"5";"92";"2";"9";"1";3;48;2
"38066";"202100038066";5;"14:20";"1";"92";"2";"1";"1";3;48;2
"38067";"202100038067";5;"01:05";"5";"92";"2";"1";"1";6;48;2
"38068";"202100038068";5;"17:45";"1";"11";"1";"1";"7";6;42;2
"38069";"202100038069";5;"15:05";"1";"67";"1";"4";"1";1;48;7
"38070";"202100038070";5;"00:30";"3";"33";"1";"1";"1";6;44;0
"38071";"202100038071";5;"18:00";"1";"83";"1";"1";"1";2;43;6
"38072";"202100038072";5;"11:20";"1";"12";"1";"1";"1";2;44;2
"38073";"202100038073";5;"16:53";"1";"86";"1";"1";"1";2;46;1
"38074";"202100038074";5;"20:40";"2";"54";"1";"1";"1";6;49;5
"38075";"202100038075";5;"15:05";"1";"67";"1";"2";"1";3;48;7
"38076";"202100038076";5;"13:00";"1";"61";"1";"1";"1";6;48;0
"38077";"202100038077";5;"15:15";"1";"56";"1";"1";"1";2;47;-3
"38078";"202100038078";5;"20:45";"1";"76";"1";"1";"1";6;49;1
"38079";"202100038079";5;"21:40";"5";"2B";"1";"1";"1";2;42;8
"38080";"202100038080";5;"08:15";"1";"81";"2";"1";"7";6;43;2
"38081";"202100038081";5;"18:05";"1";"71";"2";"1";"7";2;46;4
"38082";"202100038082";5;"09:54";"1";"61";"1";"1";"1";6;48;0
"38083";"202100038083";5;"10:20";"1";"46";"1";"1";"1";6;44;1
"38084";"202100038084";5;"22:30";"3";"47";"1";"4";"1";6;44;0
"38085";"202100038085";5;"07:00";"1";"68";"1";"1";"7";1;47;7
"38086";"202100038086";5;"16:00";"1";"68";"1";"1";"8";6;47;7
"38087";"202100038087";5;"08:20";"1";"39";"2";"3";"1";6;46;5
"38088";"202100038088";5;"08:32";"2";"25";"1";"1";"1";6;46;6
"38089";"202100038089";5;"17:45";"1";"31";"1";"1";"1";3;43;1
"38090";"202100038090";5;"17:20";"1";"38";"1";"3";"1";1;45;5
"38091";"202100038091";5;"19:30";"1";"02";"1";"1";"1";6;48;3
"38092";"202100038092";5;"10:10";"1";"03";"1";"1";"1";3;46;2
"38093";"202100038093";5;"18:15";"1";"01";"2";"1";"1";3;46;5
"38094";"202100038094";5;"16:00";"1";"01";"2";"1";"1";3;46;4
"38095";"202100038095";5;"17:15";"1";"01";"1";"1";"1";7;46;4
"38096";"202100038096";5;"13:50";"1";"70";"1";"1";"1";2;47;6
"38097";"202100038097";5;"11:20";"1";"26";"2";"3";"1";3;44;5
"38098";"202100038098";5;"19:30";"1";"72";"1";"1";"1";7;48;0
"38099";"202100038099";5;"17:50";"1";"14";"1";"2";"3";5;49;0
"38100";"202100038100";5;"14:55";"1";"45";"1";"1";"2";4;47;2
"38101";"202100038101";5;"15:00";"1";"64";"2";"1";"1";7;43;-1
"38102";"202100038102";5;"01:30";"3";"36";"1";"1";"6";6;46;1
"38103";"202100038103";5;"21:15";"2";"17";"1";"1";"1";6;46;0
"38104";"202100038104";5;"17:15";"1";"17";"1";"2";"1";3;46;0
"38105";"202100038105";5;"17:00";"1";"30";"1";"3";"1";6;43;4
"38106";"202100038106";5;"19:00";"1";"30";"1";"2";"1";6;43;4
"38107";"202100038107";5;"20:30";"2";"30";"1";"9";"1";6;43;4
"38108";"202100038108";5;"19:58";"1";"08";"2";"2";"1";3;49;4
"38109";"202100038109";5;"14:26";"1";"88";"1";"1";"2";6;48;6
"38110";"202100038110";5;"15:30";"1";"13";"1";"1";"6";2;43;5
"38111";"202100038111";5;"05:40";"2";"13";"1";"1";"1";2;43;5
"38112";"202100038112";5;"19:00";"1";"95";"2";"1";"1";6;49;2
"38113";"202100038113";5;"14:40";"1";"66";"2";"6";"1";2;42;2
"38114";"202100038114";5;"13:40";"1";"83";"1";"1";"1";1;43;6
"38115";"202100038115";5;"20:40";"5";"13";"1";"1";"1";7;43;5
"38116";"202100038116";5;"14:00";"1";"09";"1";"3";"1";3;42;1
"38117";"202100038117";5;"13:30";"1";"31";"2";"9";"1";6;43;1
"38118";"202100038118";5;"08:20";"1";"64";"1";"1";"1";7;43;0
"38119";"202100038119";5;"12:20";"1";"33";"2";"1";"1";6;44;0
"38120";"202100038120";5;"15:45";"1";"22";"1";"9";"1";3;48;-3
"38121";"202100038121";5;"23:30";"3";"35";"1";"1";"1";6;48;-1
"38122";"202100038122";5;"13:00";"1";"80";"2";"6";"1";3;49;2
"38123";"202100038123";5;"18:16";"1";"69";"1";"1";"1";2;45;4
"38124";"202100038124";5;"19:25";"1";"33";"1";"1";"1";2;44;0
"38125";"202100038125";5;"08:00";"1";"33";"1";"1";"1";2;44;0
"38126";"202100038126";5;"17:30";"1";"33";"1";"1";"1";2;44;0
"38127";"202100038127";5;"18:45";"1";"91";"1";"1";"1";2;48;2
"38128";"202100038128";5;"14:00";"1";"91";"1";"1";"1";5;48;2
"38129";"202100038129";5;"19:00";"1";"95";"1";"1";"1";4;49;2
"38130";"202100038130";5;"16:50";"1";"95";"1";"1";"1";6;48;2
"38131";"202100038131";5;"12:00";"1";"93";"1";"1";"1";2;48;2
"38132";"202100038132";5;"09:00";"1";"93";"1";"1";"1";2;48;2
"38133";"202100038133";5;"09:30";"1";"95";"1";"1";"1";4;48;2
"38134";"202100038134";5;"10:20";"1";"93";"1";"1";"1";4;48;2
"38135";"202100038135";5;"17:45";"1";"95";"1";"1";"1";5;48;2
"38136";"202100038136";5;"12:20";"1";"95";"1";"1";"1";2;49;2
"38137";"202100038137";5;"09:30";"1";"95";"1";"1";"2";2;49;2
"38138";"202100038138";5;"06:00";"2";"95";"1";"1";"2";2;48;2
"38139";"202100038139";5;"08:45";"1";"93";"1";"1";"2";2;48;2
"38140";"202100038140";5;"08:55";"1";"93";"1";"1";"8";6;48;2
"38141";"202100038141";5;"07:15";"1";"94";"1";"1";"2";6;48;2
"38142";"202100038142";3;"09:30";"1";"95";"1";"1";"1";4;49;2
"38143";"202100038143";5;"17:25";"2";"988";"2";"2";"1";6;-22;166
"38144";"202100038144";5;"19:25";"5";"974";"2";"1";"1";3;-20;55
"38145";"202100038145";5;"09:00";"1";"973";"2";"1";"1";5;4;-52
"38146";"202100038146";5;"21:30";"3";"973";"2";"1";"1";7;4;-52
"38147";"202100038147";5;"01:35";"5";"69";"2";"1";"1";7;45;4
"38148";"202100038148";5;"17:40";"1";"69";"2";"2";"1";3;45;4
"38149";"202100038149";5;"17:25";"1";"69";"2";"1";"1";2;45;4
"38150";"202100038150";5;"17:15";"1";"69";"2";"1";"1";2;45;4
"38151";"202100038151";5;"15:15";"1";"972";"1";"1";"1";6;14;-61
"38152";"202100038152";5;"13:50";"1";"69";"2";"1";"1";2;45;4
"38153";"202100038153";5;"09:00";"1";"971";"1";"1";"1";3;16;-61
"38154";"202100038154";5;"08:45";"1";"971";"1";"1";"1";6;16;-61
"38155";"202100038155";5;"06:30";"2";"95";"2";"1";"2";3;49;2
"38156";"202100038156";5;"17:44";"1";"91";"2";"6";"1";3;48;2
"38157";"202100038157";5;"22:00";"5";"91";"2";"1";"1";6;48;2
"38158";"202100038158";5;"07:10";"1";"83";"2";"3";"1";1;43;5
"38159";"202100038159";5;"21:25";"5";"83";"2";"9";"1";3;43;5
"38160";"202100038160";5;"13:20";"1";"78";"1";"2";"8";5;48;2
"38161";"202100038161";5;"13:15";"1";"74";"2";"1";"1";3;46;6
"38162";"202100038162";5;"17:15";"1";"72";"2";"3";"8";3;47;0
"38163";"202100038163";5;"18:30";"1";"69";"2";"3";"1";3;45;4
"38164";"202100038164";5;"09:45";"1";"69";"2";"3";"1";3;45;4
"38165";"202100038165";5;"16:15";"1";"69";"2";"3";"1";1;45;4
"38166";"202100038166";4;"09:55";"1";"68";"2";"3";"1";3;47;7
"38167";"202100038167";5;"20:55";"2";"67";"2";"1";"6";6;48;7
"38168";"202100038168";5;"14:15";"1";"67";"2";"1";"8";3;48;7
"38169";"202100038169";5;"12:00";"1";"67";"2";"1";"8";3;48;7
"38170";"202100038170";5;"20:12";"2";"67";"2";"1";"2";6;48;7
"38171";"202100038171";5;"08:15";"1";"64";"1";"1";"1";2;43;0
"38172";"202100038172";5;"04:45";"5";"64";"2";"1";"1";6;43;-1
"38173";"202100038173";5;"08:45";"1";"62";"2";"1";"1";6;50;2
"38174";"202100038174";5;"17:25";"1";"60";"2";"1";"1";6;49;2
"38175";"202100038175";5;"22:00";"5";"59";"2";"1";"1";6;50;3
"38176";"202100038176";5;"20:30";"1";"51";"2";"2";"1";3;49;4
"38177";"202100038177";5;"08:20";"1";"45";"2";"1";"3";3;47;1
"38178";"202100038178";5;"15:30";"1";"45";"2";"6";"1";3;48;2
"38179";"202100038179";5;"15:20";"1";"41";"2";"1";"1";3;47;1
"38180";"202100038180";5;"03:05";"5";"38";"2";"1";"1";3;45;5
"38181";"202100038181";5;"18:35";"1";"35";"2";"1";"1";3;48;-1
"38182";"202100038182";5;"17:30";"1";"35";"2";"9";"1";3;48;-1
"38183";"202100038183";5;"16:10";"1";"35";"1";"1";"1";2;48;-1
"38184";"202100038184";5;"08:45";"1";"35";"2";"6";"2";3;48;-1
"38185";"202100038185";5;"07:55";"1";"35";"2";"2";"2";3;48;-1
"38186";"202100038186";5;"07:05";"2";"35";"1";"1";"2";2;48;-1
"38187";"202100038187";5;"13:30";"1";"33";"2";"2";"1";3;44;0
"38188";"202100038188";5;"11:15";"1";"33";"2";"1";"1";6;44;0
"38189";"202100038189";5;"08:00";"1";"31";"2";"1";"1";2;43;1
"38190";"202100038190";5;"05:55";"2";"31";"2";"1";"1";6;43;1
"38191";"202100038191";5;"12:30";"1";"29";"1";"1";"1";1;47;-3
"38192";"202100038192";5;"20:07";"1";"25";"2";"3";"8";3;47;6
"38193";"202100038193";5;"11:35";"1";"21";"2";"2";"1";3;47;5
"38194";"202100038194";5;"08:27";"1";"18";"2";"1";"2";7;47;2
"38195";"202100038195";5;"06:20";"1";"13";"2";"3";"1";3;43;5
"38196";"202100038196";5;"18:10";"1";"13";"2";"6";"1";6;43;5
"38197";"202100038197";5;"20:15";"1";"11";"2";"9";"1";3;43;2
"38198";"202100038198";5;"12:10";"1";"11";"2";"1";"1";6;43;2
"38199";"202100038199";5;"22:15";"3";"11";"1";"1";"1";6;43;2
"38200";"202100038200";5;"13:52";"1";"10";"2";"2";"1";3;48;4
"38201";"202100038201";5;"09:15";"1";"10";"2";"1";"2";2;48;4
"38202";"202100038202";5;"13:50";"1";"10";"2";"9";"1";6;48;4
"38203";"202100038203";5;"14:30";"1";"06";"2";"1";"1";2;43;7
"38204";"202100038204";5;"11:15";"1";"06";"2";"1";"1";2;43;7
"38205";"202100038205";5;"20:25";"1";"05";"1";"1";"1";3;44;6
"38206";"202100038206";5;"14:34";"1";"05";"2";"1";"1";2;44;6
"38207";"202100038207";5;"13:00";"1";"05";"2";"1";"1";7;44;6
"38208";"202100038208";5;"13:00";"1";"01";"2";"6";"1";2;46;5
"38209";"202100038209";5;"18:00";"1";"75";"2";"1";"1";5;48;2
"38210";"202100038210";5;"14:50";"1";"75";"2";"1";"1";3;48;2
"38211";"202100038211";5;"07:09";"1";"75";"2";"2";"1";6;48;2
"38212";"202100038212";5;"19:30";"1";"75";"2";"2";"1";3;48;2
"38213";"202100038213";5;"13:35";"1";"75";"2";"1";"8";1;48;2
"38214";"202100038214";5;"11:20";"1";"75";"2";"1";"1";6;48;2
"38215";"202100038215";5;"11:20";"1";"75";"2";"4";"1";6;48;2
"38216";"202100038216";5;"00:15";"5";"75";"2";"3";"3";1;48;2
"38217";"202100038217";5;"22:30";"5";"75";"2";"2";"3";3;48;2
"38218";"202100038218";5;"11:10";"1";"75";"2";"3";"1";6;48;2
"38219";"202100038219";5;"17:05";"1";"75";"2";"3";"2";6;48;2
"38220";"202100038220";5;"10:50";"1";"75";"2";"3";"1";7;48;2
"38221";"202100038221";5;"10:12";"1";"75";"2";"4";"8";1;48;2
"38222";"202100038222";5;"10:45";"1";"75";"2";"1";"1";7;48;2
"38223";"202100038223";5;"12:45";"1";"75";"2";"7";"1";3;48;2
"38224";"202100038224";5;"23:40";"5";"75";"2";"7";"2";3;48;2
"38225";"202100038225";5;"21:30";"2";"75";"2";"3";"1";3;48;2
"38226";"202100038226";5;"21:20";"5";"75";"2";"5";"2";3;48;2
"38227";"202100038227";5;"08:20";"1";"75";"2";"4";"8";1;48;2
"38228";"202100038228";5;"22:00";"5";"75";"2";"2";"2";2;48;2
"38229";"202100038229";5;"16:40";"1";"94";"2";"1";"2";4;48;2
"38230";"202100038230";5;"14:05";"1";"94";"2";"1";"2";2;48;2
"38231";"202100038231";5;"18:30";"1";"94";"2";"2";"1";3;48;2
"38232";"202100038232";5;"13:48";"1";"94";"2";"1";"1";4;48;2
"38233";"202100038233";5;"19:45";"1";"94";"2";"9";"8";3;48;2
"38234";"202100038234";5;"18:45";"1";"93";"2";"1";"1";2;48;2
"38235";"202100038235";5;"21:15";"1";"93";"2";"2";"1";3;48;2
"38236";"202100038236";5;"17:30";"1";"93";"2";"1";"1";3;48;2
"38237";"202100038237";5;"16:40";"1";"93";"2";"1";"1";6;48;2
"38238";"202100038238";5;"11:50";"1";"93";"2";"9";"1";3;48;2
"38239";"202100038239";5;"14:00";"1";"92";"2";"1";"1";3;48;2
"38240";"202100038240";5;"14:15";"1";"92";"2";"1";"1";3;48;2
"38241";"202100038241";5;"11:00";"1";"92";"2";"6";"1";6;48;2
"38242";"202100038242";5;"15:05";"1";"92";"2";"1";"1";6;48;2
"38243";"202100038243";5;"09:20";"1";"92";"2";"8";"1";6;48;2
"38244";"202100038244";5;"01:10";"3";"51";"2";"1";"2";7;48;4
"38245";"202100038245";5;"17:35";"1";"16";"1";"1";"1";6;45;0
"38246";"202100038246";5;"10:15";"1";"84";"1";"1";"1";7;44;5
"38247";"202100038247";5;"11:00";"1";"83";"1";"1";"1";6;43;6
"38248";"202100038248";5;"11:00";"1";"62";"1";"2";"1";3;50;2
"38249";"202100038249";5;"08:40";"1";"63";"2";"1";"1";6;45;2
"38250";"202100038250";5;"18:30";"1";"74";"2";"4";"1";1;45;6
"38251";"202100038251";5;"13:45";"1";"19";"1";"1";"1";1;45;1
"38252";"202100038252";5;"08:25";"1";"974";"2";"1";"1";2;-21;55
"38253";"202100038253";5;"13:35";"1";"34";"1";"3";"1";2;43;3
"38254";"202100038254";5;"11:15";"1";"51";"2";"1";"1";7;48;3
"38255";"202100038255";5;"07:20";"1";"74";"2";"3";"1";6;46;5
"38256";"202100038256";5;"21:30";"3";"76";"1";"1";"1";6;49;0
"38257";"202100038257";5;"19:05";"1";"79";"2";"1";"1";1;46;0
"38258";"202100038258";5;"15:30";"1";"2B";"1";"3";"1";3;41;9
"38259";"202100038259";5;"13:10";"1";"2B";"1";"1";"1";6;42;9
"38260";"202100038260";5;"10:45";"1";"65";"2";"3";"1";3;43;0
"38261";"202100038261";5;"22:01";"3";"61";"1";"1";"1";6;48;0
"38262";"202100038262";5;"13:57";"1";"22";"1";"3";"1";1;48;-3
"38263";"202100038263";5;"13:30";"1";"22";"2";"1";"3";7;48;-2
"38264";"202100038264";5;"17:10";"1";"44";"1";"1";"1";1;47;-1
"38265";"202100038265";5;"07:40";"1";"31";"1";"1";"1";2;43;1
"38266";"202100038266";5;"12:45";"1";"15";"1";"1";"1";1;45;2
"38267";"202100038267";5;"13:05";"1";"70";"1";"1";"1";5;47;6
"38268";"202100038268";5;"14:50";"1";"72";"1";"1";"1";3;48;0
"38269";"202100038269";5;"17:51";"1";"09";"2";"1";"1";1;42;1
"38270";"202100038270";5;"18:50";"1";"45";"1";"1";"3";6;47;2
"38271";"202100038271";5;"15:00";"1";"07";"1";"1";"1";6;44;4
"38272";"202100038272";5;"08:00";"1";"40";"2";"1";"1";6;43;0
"38273";"202100038273";5;"14:30";"1";"27";"1";"1";"1";1;49;0