"";"Num_Acc";"mois";"hrmn";"lum";"dep";"agg";"int";"atm";"col";"lat";"long"
"38274";"202100038274";5;"09:38";"1";"23";"1";"1";"1";6;45;2
"38275";"202100038275";5;"10:34";"1";"52";"2";"1";"1";6;47;5
"38276";"202100038276";5;"10:50";"1";"973";"2";"2";"1";2;4;-52
"38277";"202100038277";5;"01:13";"3";"06";"1";"1";"1";7;43;7
"38278";"202100038278";5;"17:35";"1";"31";"2";"3";"1";3;43;1
"38279";"202100038279";5;"21:30";"2";"27";"1";"1";"1";7;49;1
"38280";"202100038280";5;"12:15";"1";"62";"1";"1";"1";7;50;2
"38281";"202100038281";5;"14:40";"1";"987";"1";"3";"1";3;-16;-151
"38282";"202100038282";5;"20:00";"3";"988";"1";"1";"1";3;-21;165
"38283";"202100038283";5;"09:35";"1";"972";"2";"1";"1";7;14;-60
"38284";"202100038284";5;"17:00";"1";"18";"2";"1";"7";2;46;2
"38285";"202100038285";5;"16:10";"1";"30";"1";"1";"1";7;44;3
"38286";"202100038286";5;"13:55";"1";"34";"2";"3";"1";3;43;3
"38287";"202100038287";5;"16:55";"1";"13";"1";"1";"1";1;43;5
"38288";"202100038288";5;"09:58";"1";"13";"2";"1";"1";1;43;5
"38289";"202100038289";5;"13:45";"1";"68";"1";"1";"8";1;48;7
"38290";"202100038290";5;"10:28";"1";"55";"1";"1";"8";3;49;5
"38291";"202100038291";5;"10:25";"1";"55";"2";"2";"1";1;48;5
"38292";"202100038292";5;"07:15";"1";"73";"1";"1";"1";7;45;6
"38293";"202100038293";5;"09:14";"1";"01";"2";"1";"1";2;45;5
"38294";"202100038294";5;"14:10";"1";"69";"1";"1";"1";5;45;4
"38295";"202100038295";5;"15:55";"1";"81";"2";"1";"1";3;43;1
"38296";"202100038296";5;"14:45";"1";"33";"1";"3";"1";3;44;0
"38297";"202100038297";5;"17:30";"1";"61";"2";"2";"2";3;48;0
"38298";"202100038298";5;"10:30";"1";"22";"2";"1";"1";3;48;-3
"38299";"202100038299";5;"09:00";"1";"59";"2";"1";"1";3;50;3
"38300";"202100038300";5;"08:20";"1";"13";"1";"1";"1";7;43;5
"38301";"202100038301";5;"18:20";"1";"13";"1";"1";"1";4;43;5
"38302";"202100038302";5;"17:10";"1";"13";"1";"1";"1";4;43;5
"38303";"202100038303";5;"16:50";"1";"13";"1";"1";"1";2;43;5
"38304";"202100038304";5;"16:55";"1";"33";"1";"1";"1";4;44;0
"38305";"202100038305";5;"07:40";"1";"59";"1";"1";"1";5;51;2
"38306";"202100038306";5;"17:00";"1";"59";"1";"1";"1";2;50;3
"38307";"202100038307";5;"08:50";"1";"94";"1";"1";"1";5;48;2
"38308";"202100038308";5;"11:00";"1";"95";"1";"1";"1";2;49;2
"38309";"202100038309";5;"06:30";"1";"95";"1";"1";"2";3;49;2
"38310";"202100038310";5;"18:40";"1";"75";"2";"1";"1";6;48;2
"38311";"202100038311";5;"06:30";"1";"974";"2";"1";"1";-1;-21;55
"38312";"202100038312";5;"19:35";"1";"34";"2";"1";"1";6;43;3
"38313";"202100038313";5;"15:30";"1";"13";"2";"1";"1";3;43;5
"38314";"202100038314";2;"16:50";"1";"43";"2";"1";"2";6;45;3
"38315";"202100038315";5;"07:30";"1";"974";"1";"1";"1";3;-20;55
"38316";"202100038316";5;"19:45";"5";"973";"2";"1";"1";1;4;-52
"38317";"202100038317";5;"21:05";"5";"69";"2";"2";"1";3;45;4
"38318";"202100038318";5;"15:45";"1";"69";"2";"2";"1";3;45;4
"38319";"202100038319";5;"11:50";"1";"69";"2";"1";"1";6;45;4
"38320";"202100038320";5;"09:10";"1";"69";"2";"2";"1";3;45;4
"38321";"202100038321";5;"02:50";"5";"972";"1";"1";"1";6;14;-61
"38322";"202100038322";5;"07:00";"1";"972";"1";"1";"1";6;14;-61
"38323";"202100038323";5;"20:10";"1";"69";"2";"3";"1";6;45;4
"38324";"202100038324";5;"20:30";"1";"69";"2";"1";"1";6;45;4
"38325";"202100038325";5;"16:20";"1";"69";"2";"1";"1";3;45;4
"38326";"202100038326";5;"17:45";"1";"2B";"2";"1";"1";4;42;9
"38327";"202100038327";5;"12:04";"1";"971";"1";"1";"1";1;16;-61
"38328";"202100038328";5;"12:18";"1";"87";"2";"1";"3";2;45;1
"38329";"202100038329";5;"18:25";"1";"87";"2";"3";"1";7;45;1
"38330";"202100038330";5;"18:09";"1";"87";"2";"2";"3";3;45;1
"38331";"202100038331";5;"18:30";"1";"85";"2";"1";"1";3;46;-1
"38332";"202100038332";5;"07:15";"1";"83";"2";"1";"7";6;43;5
"38333";"202100038333";5;"06:04";"1";"74";"2";"6";"1";1;46;6
"38334";"202100038334";5;"19:15";"1";"74";"2";"3";"1";3;46;6
"38335";"202100038335";5;"11:50";"1";"67";"2";"3";"8";3;48;7
"38336";"202100038336";5;"12:00";"1";"67";"2";"3";"8";1;48;7
"38337";"202100038337";5;"18:05";"1";"66";"2";"1";"1";3;42;2
"38338";"202100038338";5;"22:38";"5";"66";"2";"1";"1";3;42;2
"38339";"202100038339";5;"18:10";"1";"66";"2";"3";"1";3;42;2
"38340";"202100038340";5;"13:16";"1";"66";"2";"2";"1";3;42;2
"38341";"202100038341";5;"09:17";"1";"65";"2";"6";"1";6;43;0
"38342";"202100038342";5;"17:15";"1";"64";"2";"1";"1";2;43;-1
"38343";"202100038343";5;"20:00";"1";"64";"2";"1";"1";7;43;-1
"38344";"202100038344";5;"15:12";"1";"63";"2";"2";"1";3;45;3
"38345";"202100038345";5;"13:05";"1";"63";"2";"1";"1";3;45;3
"38346";"202100038346";5;"16:23";"1";"63";"2";"2";"1";3;45;3
"38347";"202100038347";5;"21:50";"2";"63";"2";"2";"1";3;45;3
"38348";"202100038348";5;"17:35";"1";"59";"2";"2";"2";6;50;3
"38349";"202100038349";5;"08:00";"1";"59";"2";"1";"1";6;50;3
"38350";"202100038350";5;"16:45";"1";"57";"2";"1";"1";3;49;7
"38351";"202100038351";5;"20:10";"1";"56";"2";"1";"1";6;47;-3
"38352";"202100038352";5;"08:10";"1";"56";"2";"1";"2";6;47;-3
"38353";"202100038353";5;"20:38";"1";"56";"2";"1";"1";6;47;-3
"38354";"202100038354";5;"20:13";"1";"56";"1";"1";"1";6;47;-3
"38355";"202100038355";5;"11:00";"1";"54";"2";"1";"1";1;49;5
"38356";"202100038356";5;"18:00";"1";"52";"2";"1";"1";3;48;5
"38357";"202100038357";5;"19:20";"1";"50";"2";"1";"2";6;49;-1
"38358";"202100038358";5;"00:30";"5";"45";"2";"1";"2";6;47;1
"38359";"202100038359";5;"09:40";"1";"45";"2";"2";"1";1;47;2
"38360";"202100038360";5;"23:30";"5";"44";"2";"1";"1";3;47;-1
"38361";"202100038361";5;"14:10";"1";"44";"1";"1";"1";2;47;-1
"38362";"202100038362";5;"21:07";"5";"42";"2";"3";"1";6;45;4
"38363";"202100038363";5;"15:30";"1";"40";"1";"1";"1";6;43;-1
"38364";"202100038364";5;"20:20";"1";"38";"2";"3";"1";6;45;5
"38365";"202100038365";5;"07:30";"1";"37";"2";"1";"1";2;47;0
"38366";"202100038366";5;"08:30";"1";"37";"2";"1";"1";6;47;0
"38367";"202100038367";5;"12:20";"1";"35";"2";"3";"1";2;48;-1
"38368";"202100038368";5;"08:30";"1";"35";"2";"1";"1";3;48;-1
"38369";"202100038369";5;"20:03";"1";"34";"2";"2";"1";3;43;3
"38370";"202100038370";1;"14:00";"1";"34";"2";"2";"1";3;43;3
"38371";"202100038371";5;"15:00";"1";"33";"2";"3";"1";3;44;0
"38372";"202100038372";5;"10:50";"1";"33";"1";"3";"1";2;44;0
"38373";"202100038373";5;"16:05";"1";"33";"2";"2";"1";6;44;-1
"38374";"202100038374";5;"14:15";"1";"33";"2";"1";"1";6;44;-1
"38375";"202100038375";5;"11:40";"1";"31";"2";"1";"1";6;43;1
"38376";"202100038376";5;"10:40";"1";"31";"2";"1";"1";6;43;1
"38377";"202100038377";5;"11:48";"1";"31";"2";"1";"1";1;43;1
"38378";"202100038378";5;"09:50";"1";"29";"2";"1";"1";6;47;-4
"38379";"202100038379";5;"08:06";"1";"29";"2";"1";"1";2;47;-4
"38380";"202100038380";5;"09:30";"1";"24";"2";"1";"1";6;45;0
"38381";"202100038381";5;"16:30";"1";"22";"2";"1";"1";3;48;-2
"38382";"202100038382";5;"16:20";"1";"13";"1";"1";"1";3;43;5
"38383";"202100038383";5;"15:15";"1";"13";"2";"2";"1";6;43;5
"38384";"202100038384";5;"11:30";"1";"13";"2";"2";"1";3;43;5
"38385";"202100038385";5;"19:50";"1";"13";"2";"1";"1";3;43;5
"38386";"202100038386";5;"19:29";"1";"06";"2";"1";"1";5;43;7
"38387";"202100038387";5;"17:05";"1";"06";"2";"1";"1";3;43;7
"38388";"202100038388";5;"11:15";"1";"02";"2";"3";"1";3;49;3
"38389";"202100038389";5;"14:10";"1";"01";"1";"2";"2";3;46;5
"38390";"202100038390";5;"09:50";"1";"75";"2";"1";"1";3;48;2
"38391";"202100038391";5;"18:30";"5";"75";"2";"1";"1";4;48;2
"38392";"202100038392";5;"13:30";"1";"75";"2";"2";"1";6;48;2
"38393";"202100038393";5;"16:45";"1";"75";"2";"2";"1";6;48;2
"38394";"202100038394";5;"10:10";"1";"75";"2";"2";"1";3;48;2
"38395";"202100038395";5;"15:45";"1";"75";"2";"7";"1";6;48;2
"38396";"202100038396";5;"17:50";"1";"75";"2";"5";"2";2;48;2
"38397";"202100038397";5;"18:42";"1";"75";"2";"3";"2";3;48;2
"38398";"202100038398";5;"15:35";"1";"75";"2";"3";"1";6;48;2
"38399";"202100038399";5;"19:20";"1";"75";"2";"2";"1";3;48;2
"38400";"202100038400";5;"19:15";"1";"75";"2";"4";"1";3;48;2
"38401";"202100038401";5;"20:15";"2";"75";"2";"7";"1";6;48;2
"38402";"202100038402";5;"13:05";"1";"75";"2";"3";"1";3;48;2
"38403";"202100038403";5;"09:05";"1";"75";"2";"4";"1";2;48;2
"38404";"202100038404";5;"19:15";"1";"94";"2";"3";"1";3;48;2
"38405";"202100038405";5;"08:15";"1";"94";"2";"1";"1";2;48;2
"38406";"202100038406";5;"11:40";"1";"94";"2";"1";"1";6;48;2
"38407";"202100038407";5;"01:45";"5";"94";"2";"1";"8";6;48;2
"38408";"202100038408";5;"20:00";"1";"94";"2";"1";"1";1;48;2
"38409";"202100038409";5;"16:00";"1";"93";"2";"1";"1";3;48;2
"38410";"202100038410";5;"14:45";"1";"93";"2";"1";"1";3;48;2
"38411";"202100038411";5;"07:30";"1";"93";"2";"3";"7";1;48;2
"38412";"202100038412";5;"12:30";"1";"93";"2";"3";"3";3;48;2
"38413";"202100038413";5;"21:35";"5";"93";"2";"1";"2";1;48;2
"38414";"202100038414";5;"00:05";"5";"93";"2";"1";"2";2;48;2
"38415";"202100038415";5;"14:28";"1";"92";"2";"1";"8";7;48;2
"38416";"202100038416";5;"17:45";"1";"92";"2";"1";"1";6;48;2
"38417";"202100038417";5;"20:50";"2";"92";"2";"1";"2";7;48;2
"38418";"202100038418";5;"06:10";"1";"92";"2";"2";"1";7;48;2
"38419";"202100038419";5;"13:45";"1";"92";"2";"1";"1";6;48;2
"38420";"202100038420";5;"19:40";"1";"92";"2";"4";"1";3;48;2
"38421";"202100038421";5;"09:00";"1";"92";"2";"3";"1";3;48;2
"38422";"202100038422";5;"17:03";"1";"92";"2";"3";"1";3;48;2
"38423";"202100038423";5;"20:20";"1";"92";"2";"1";"8";6;48;2
"38424";"202100038424";5;"10:05";"1";"92";"2";"1";"1";6;48;2
"38425";"202100038425";3;"00:00";"3";"85";"1";"1";"1";7;46;-1
"38426";"202100038426";5;"14:45";"1";"02";"1";"9";"1";2;49;3
"38427";"202100038427";5;"20:45";"2";"95";"1";"1";"3";6;49;2
"38428";"202100038428";5;"14:45";"1";"40";"1";"1";"1";1;43;-1
"38429";"202100038429";5;"10:05";"1";"26";"1";"1";"1";4;44;4
"38430";"202100038430";5;"17:10";"1";"87";"1";"1";"1";2;46;1
"38431";"202100038431";5;"08:10";"1";"76";"2";"1";"1";1;49;1
"38432";"202100038432";5;"11:00";"1";"2A";"1";"1";"1";2;41;8
"38433";"202100038433";5;"17:55";"1";"2B";"1";"1";"1";1;42;9
"38434";"202100038434";5;"14:20";"1";"61";"2";"7";"1";6;48;0
"38435";"202100038435";5;"23:18";"3";"46";"1";"1";"1";6;44;1
"38436";"202100038436";5;"05:40";"5";"47";"2";"1";"1";6;44;0
"38437";"202100038437";5;"20:20";"1";"34";"1";"1";"1";6;43;3
"38438";"202100038438";5;"16:30";"1";"34";"2";"1";"1";6;43;3
"38439";"202100038439";5;"11:15";"1";"44";"1";"1";"1";2;46;-1
"38440";"202100038440";5;"20:30";"1";"31";"2";"1";"1";6;43;1
"38441";"202100038441";5;"20:45";"1";"31";"2";"1";"1";3;43;1
"38442";"202100038442";5;"13:45";"1";"38";"1";"2";"1";3;45;5
"38443";"202100038443";5;"08:20";"1";"02";"1";"1";"2";2;49;3
"38444";"202100038444";5;"08:55";"1";"02";"2";"1";"2";3;49;3
"38445";"202100038445";5;"12:45";"1";"72";"1";"1";"2";5;48;0
"38446";"202100038446";5;"16:30";"1";"06";"1";"1";"1";7;43;6
"38447";"202100038447";5;"21:30";"2";"83";"1";"1";"1";3;43;6
"38448";"202100038448";5;"17:25";"1";"73";"1";"1";"1";7;45;6
"38449";"202100038449";5;"04:00";"3";"18";"1";"1";"2";7;47;2
"38450";"202100038450";5;"09:20";"1";"10";"1";"9";"1";6;48;3
"38451";"202100038451";5;"18:30";"1";"07";"1";"1";"1";1;44;4
"38452";"202100038452";5;"16:00";"1";"24";"1";"1";"3";3;45;0
"38453";"202100038453";5;"21:30";"2";"24";"1";"1";"1";6;44;0
"38454";"202100038454";5;"07:40";"2";"28";"2";"1";"2";1;48;0
"38455";"202100038455";5;"09:15";"1";"17";"1";"2";"1";3;45;0
"38456";"202100038456";5;"16:45";"1";"17";"1";"9";"1";2;45;-1
"38457";"202100038457";5;"05:11";"3";"63";"1";"9";"1";6;46;3
"38458";"202100038458";5;"19:30";"1";"13";"1";"1";"1";7;43;5
"38459";"202100038459";5;"08:00";"1";"13";"1";"1";"1";3;43;5
"38460";"202100038460";5;"18:00";"1";"06";"1";"1";"1";1;43;7
"38461";"202100038461";5;"18:53";"1";"78";"1";"1";"8";6;48;1
"38462";"202100038462";5;"08:30";"1";"2B";"1";"1";"1";2;42;9
"38463";"202100038463";5;"12:20";"1";"2B";"2";"6";"7";-1;42;9
"38464";"202100038464";5;"16:30";"1";"34";"1";"2";"1";3;43;3
"38465";"202100038465";5;"16:45";"1";"83";"1";"1";"1";1;43;6
"38466";"202100038466";5;"04:45";"3";"13";"1";"1";"1";1;43;4
"38467";"202100038467";5;"16:30";"1";"13";"2";"2";"1";3;43;5
"38468";"202100038468";5;"17:00";"1";"74";"2";"1";"1";2;46;6
"38469";"202100038469";5;"16:35";"1";"01";"2";"1";"8";6;46;6
"38470";"202100038470";5;"18:20";"1";"69";"1";"1";"1";2;46;4
"38471";"202100038471";5;"11:10";"1";"31";"2";"1";"1";6;43;1
"38472";"202100038472";5;"08:05";"1";"16";"2";"1";"1";6;45;0
"38473";"202100038473";5;"23:30";"3";"33";"1";"1";"1";7;44;0
"38474";"202100038474";5;"08:18";"1";"33";"2";"1";"8";1;44;0
"38475";"202100038475";5;"21:15";"2";"61";"1";"1";"2";6;48;0
"38476";"202100038476";5;"14:45";"1";"50";"2";"6";"1";6;49;-1
"38477";"202100038477";5;"14:45";"1";"14";"2";"1";"2";2;48;0
"38478";"202100038478";5;"12:35";"1";"29";"1";"1";"6";2;47;-4
"38479";"202100038479";5;"04:45";"3";"35";"1";"2";"2";3;47;-1
"38480";"202100038480";5;"16:30";"1";"60";"1";"1";"1";5;49;2
"38481";"202100038481";5;"21:15";"2";"62";"1";"1";"1";7;50;1
"38482";"202100038482";5;"11:15";"1";"62";"2";"1";"1";4;50;1
"38483";"202100038483";5;"19:00";"1";"13";"1";"1";"1";2;43;5
"38484";"202100038484";5;"19:30";"1";"13";"1";"1";"1";3;43;5
"38485";"202100038485";5;"17:20";"1";"13";"1";"1";"1";2;43;5
"38486";"202100038486";5;"08:30";"1";"13";"1";"1";"1";5;43;5
"38487";"202100038487";5;"09:20";"1";"13";"1";"1";"1";4;43;5
"38488";"202100038488";5;"06:54";"1";"13";"1";"1";"2";7;43;5
"38489";"202100038489";5;"09:52";"1";"54";"1";"1";"1";2;48;6
"38490";"202100038490";5;"16:45";"1";"33";"1";"1";"1";3;44;0
"38491";"202100038491";5;"19:30";"1";"94";"1";"1";"1";4;48;2
"38492";"202100038492";5;"22:20";"3";"92";"1";"1";"1";7;48;2
"38493";"202100038493";5;"16:20";"1";"93";"1";"1";"1";6;48;2
"38494";"202100038494";5;"10:15";"1";"93";"1";"1";"1";2;48;2
"38495";"202100038495";5;"10:00";"1";"95";"1";"1";"1";6;48;2
"38496";"202100038496";5;"06:30";"2";"95";"1";"1";"1";6;49;2
"38497";"202100038497";5;"07:45";"1";"93";"1";"1";"2";4;48;2
"38498";"202100038498";5;"06:50";"2";"93";"1";"1";"1";6;48;2
"38499";"202100038499";5;"18:30";"1";"93";"1";"1";"8";6;48;2
"38500";"202100038500";5;"10:15";"1";"93";"1";"1";"8";6;48;2
"38501";"202100038501";5;"14:00";"1";"94";"1";"1";"1";4;48;2
"38502";"202100038502";5;"10:00";"1";"77";"1";"1";"1";7;48;2
"38503";"202100038503";5;"17:52";"1";"47";"2";"1";"1";3;44;0
"38504";"202100038504";5;"13:35";"1";"988";"2";"1";"1";6;-22;166
"38505";"202100038505";5;"00:00";"5";"69";"2";"2";"8";3;45;4
"38506";"202100038506";5;"18:03";"1";"69";"2";"2";"1";6;45;4
"38507";"202100038507";5;"23:20";"5";"972";"1";"1";"1";4;14;-61
"38508";"202100038508";5;"17:00";"2";"972";"2";"1";"2";7;14;-61
"38509";"202100038509";5;"15:20";"1";"2B";"2";"1";"2";3;42;9
"38510";"202100038510";5;"19:27";"1";"95";"2";"1";"1";6;48;2
"38511";"202100038511";5;"18:30";"1";"83";"2";"1";"1";6;43;6
"38512";"202100038512";5;"11:30";"1";"83";"2";"2";"1";3;43;5
"38513";"202100038513";5;"06:35";"2";"83";"2";"1";"2";2;43;5
"38514";"202100038514";5;"09:10";"1";"69";"2";"1";"8";4;45;4
"38515";"202100038515";5;"16:05";"1";"59";"2";"2";"2";3;50;3
"38516";"202100038516";5;"12:34";"1";"44";"2";"1";"1";3;47;-1
"38517";"202100038517";5;"19:30";"1";"42";"1";"1";"1";1;45;4
"38518";"202100038518";5;"13:50";"1";"35";"1";"1";"2";3;48;-1
"38519";"202100038519";5;"16:15";"1";"33";"2";"1";"1";4;44;0
"38520";"202100038520";5;"09:30";"1";"27";"1";"1";"8";7;49;1
"38521";"202100038521";5;"19:30";"1";"13";"2";"1";"1";1;43;5
"38522";"202100038522";5;"15:30";"1";"13";"2";"1";"1";6;43;5
"38523";"202100038523";5;"07:15";"1";"12";"1";"1";"1";1;44;2
"38524";"202100038524";5;"21:45";"4";"75";"2";"1";"1";3;48;2
"38525";"202100038525";5;"06:50";"1";"75";"2";"4";"1";2;48;2
"38526";"202100038526";5;"16:35";"1";"75";"2";"3";"3";2;48;2
"38527";"202100038527";5;"20:10";"1";"75";"2";"4";"2";3;48;2
"38528";"202100038528";5;"14:00";"1";"75";"2";"3";"2";3;48;2
"38529";"202100038529";5;"11:30";"1";"75";"2";"4";"2";3;48;2
"38530";"202100038530";5;"17:00";"1";"75";"2";"5";"8";3;48;2
"38531";"202100038531";5;"11:40";"1";"75";"2";"1";"1";3;48;2
"38532";"202100038532";5;"16:40";"1";"75";"2";"3";"2";2;48;2
"38533";"202100038533";5;"10:35";"1";"75";"2";"2";"1";6;48;2
"38534";"202100038534";5;"08:40";"1";"75";"2";"2";"2";6;48;2
"38535";"202100038535";5;"20:20";"1";"94";"2";"1";"1";3;48;2
"38536";"202100038536";5;"15:20";"1";"94";"2";"1";"2";2;48;2
"38537";"202100038537";5;"19:40";"2";"94";"2";"3";"1";3;48;2
"38538";"202100038538";5;"19:00";"1";"94";"1";"1";"1";3;48;2
"38539";"202100038539";5;"20:45";"2";"94";"2";"1";"1";7;48;2
"38540";"202100038540";5;"19:45";"1";"93";"2";"1";"1";6;48;2
"38541";"202100038541";5;"16:54";"1";"93";"2";"2";"2";6;48;2
"38542";"202100038542";5;"19:30";"1";"93";"2";"1";"1";6;48;2
"38543";"202100038543";5;"15:50";"1";"93";"2";"3";"1";6;48;2
"38544";"202100038544";5;"16:15";"1";"92";"2";"9";"2";3;48;2
"38545";"202100038545";5;"15:20";"1";"92";"2";"3";"8";3;48;2
"38546";"202100038546";5;"16:30";"1";"92";"2";"1";"2";7;48;2
"38547";"202100038547";5;"14:30";"1";"06";"2";"3";"1";6;43;7
"38548";"202100038548";5;"07:35";"1";"83";"1";"1";"1";2;43;6
"38549";"202100038549";5;"18:45";"1";"21";"1";"1";"1";6;47;4
"38550";"202100038550";5;"15:40";"1";"06";"2";"1";"1";6;43;6
"38551";"202100038551";5;"11:10";"1";"01";"1";"3";"1";3;46;5
"38552";"202100038552";5;"07:45";"1";"14";"1";"1";"1";2;49;0
"38553";"202100038553";5;"20:40";"2";"62";"2";"3";"1";6;50;2
"38554";"202100038554";5;"15:20";"1";"40";"1";"1";"1";7;44;0
"38555";"202100038555";5;"15:40";"1";"74";"1";"1";"1";6;46;6
"38556";"202100038556";5;"20:00";"1";"83";"1";"1";"2";2;43;6
"38557";"202100038557";5;"17:40";"1";"89";"1";"3";"1";3;48;3
"38558";"202100038558";5;"11:00";"1";"56";"2";"1";"1";6;47;-3
"38559";"202100038559";5;"22:00";"3";"76";"2";"1";"2";3;49;0
"38560";"202100038560";5;"18:00";"1";"79";"1";"1";"2";6;46;0
"38561";"202100038561";5;"11:52";"1";"82";"1";"1";"1";7;44;1
"38562";"202100038562";5;"07:45";"1";"89";"2";"1";"1";1;48;3
"38563";"202100038563";5;"17:45";"1";"61";"2";"4";"1";3;48;0
"38564";"202100038564";5;"12:20";"1";"61";"2";"1";"2";6;48;0
"38565";"202100038565";5;"15:15";"1";"86";"1";"1";"1";3;46;0
"38566";"202100038566";5;"02:00";"3";"25";"2";"3";"1";7;47;6
"38567";"202100038567";5;"18:00";"1";"25";"1";"1";"1";5;47;6
"38568";"202100038568";5;"22:00";"3";"01";"1";"2";"1";3;46;5
"38569";"202100038569";5;"16:24";"1";"26";"2";"1";"2";6;44;5
"38570";"202100038570";5;"19:30";"1";"26";"1";"1";"1";7;44;5
"38571";"202100038571";5;"16:45";"1";"60";"2";"1";"3";6;49;2
"38572";"202100038572";5;"11:30";"1";"53";"1";"1";"2";6;48;0
"38573";"202100038573";5;"13:40";"1";"24";"1";"2";"3";3;45;0
"38574";"202100038574";5;"21:45";"3";"85";"1";"3";"2";7;46;-1
"38575";"202100038575";5;"14:50";"1";"67";"1";"9";"1";3;48;7
"38576";"202100038576";5;"17:45";"1";"76";"1";"1";"1";4;49;0
"38577";"202100038577";5;"06:55";"2";"90";"1";"9";"8";6;47;6
"38578";"202100038578";5;"13:15";"1";"38";"2";"1";"1";2;45;5
"38579";"202100038579";5;"20:20";"2";"28";"1";"1";"7";3;48;1
"38580";"202100038580";5;"16:20";"1";"77";"2";"1";"1";6;48;3
"38581";"202100038581";5;"22:15";"5";"2B";"2";"1";"1";6;42;9
"38582";"202100038582";5;"12:40";"1";"66";"1";"4";"1";3;42;3
"38583";"202100038583";5;"18:15";"1";"34";"1";"1";"1";7;43;3
"38584";"202100038584";5;"13:00";"1";"05";"1";"3";"1";3;44;5
"38585";"202100038585";5;"07:15";"1";"13";"1";"1";"1";3;43;5
"38586";"202100038586";5;"11:45";"1";"68";"2";"9";"1";6;47;7
"38587";"202100038587";5;"08:00";"1";"69";"1";"4";"1";3;45;4
"38588";"202100038588";5;"21:13";"2";"33";"1";"1";"1";1;45;0
"38589";"202100038589";5;"18:00";"1";"33";"1";"1";"1";4;44;0
"38590";"202100038590";5;"17:50";"1";"27";"2";"1";"1";1;49;1
"38591";"202100038591";5;"21:30";"3";"69";"1";"1";"1";2;45;4
"38592";"202100038592";5;"11:55";"1";"78";"1";"1";"1";6;48;1
"38593";"202100038593";5;"22:00";"2";"93";"1";"1";"1";6;48;2
"38594";"202100038594";5;"16:30";"1";"77";"1";"1";"2";2;48;2
"38595";"202100038595";5;"09:30";"1";"77";"1";"1";"2";6;48;2
"38596";"202100038596";5;"01:10";"5";"988";"2";"2";"3";6;-22;166
"38597";"202100038597";5;"13:30";"1";"974";"1";"3";"1";6;-20;55
"38598";"202100038598";5;"20:40";"5";"974";"2";"1";"1";1;-20;55
"38599";"202100038599";5;"12:25";"1";"974";"2";"1";"1";3;-20;55
"38600";"202100038600";5;"10:50";"1";"974";"1";"6";"1";3;-20;55
"38601";"202100038601";5;"19:20";"5";"973";"2";"2";"2";3;4;-52
"38602";"202100038602";5;"21:50";"5";"69";"2";"1";"1";2;45;4
"38603";"202100038603";5;"08:45";"1";"69";"2";"3";"1";3;45;4
"38604";"202100038604";5;"23:00";"5";"69";"2";"2";"2";3;45;4
"38605";"202100038605";5;"17:15";"1";"69";"2";"1";"1";3;45;4
"38606";"202100038606";5;"14:50";"1";"69";"2";"1";"1";6;45;4
"38607";"202100038607";5;"20:00";"2";"69";"2";"1";"2";2;45;4
"38608";"202100038608";5;"21:20";"5";"2A";"2";"9";"1";2;41;8
"38609";"202100038609";5;"17:40";"1";"91";"2";"1";"1";1;48;2
"38610";"202100038610";5;"01:10";"5";"91";"2";"2";"1";2;48;2
"38611";"202100038611";5;"18:30";"1";"91";"2";"2";"1";3;48;2
"38612";"202100038612";5;"12:30";"1";"91";"2";"2";"8";3;48;2
"38613";"202100038613";5;"13:15";"1";"91";"2";"1";"1";6;48;2
"38614";"202100038614";5;"19:50";"1";"91";"2";"1";"1";6;48;2
"38615";"202100038615";5;"15:40";"1";"83";"2";"9";"1";6;43;6
"38616";"202100038616";5;"18:30";"1";"83";"2";"1";"1";6;43;5
"38617";"202100038617";5;"09:00";"1";"83";"1";"1";"1";7;43;6
"38618";"202100038618";5;"16:20";"1";"83";"2";"6";"1";3;43;6
"38619";"202100038619";5;"17:15";"1";"77";"2";"1";"1";2;48;2
"38620";"202100038620";5;"18:20";"1";"76";"1";"1";"2";6;49;1
"38621";"202100038621";5;"19:10";"1";"76";"1";"1";"8";7;49;0
"38622";"202100038622";5;"03:00";"3";"72";"1";"1";"2";6;48;0
"38623";"202100038623";5;"15:27";"1";"69";"2";"1";"7";1;45;4
"38624";"202100038624";5;"16:52";"1";"65";"2";"2";"1";3;43;0
"38625";"202100038625";5;"18:20";"1";"51";"2";"1";"1";7;49;4
"38626";"202100038626";5;"10:33";"1";"51";"2";"2";"1";2;49;4
"38627";"202100038627";5;"21:12";"1";"49";"2";"6";"1";3;47;0
"38628";"202100038628";5;"10:05";"1";"42";"2";"1";"1";6;45;4
"38629";"202100038629";5;"20:31";"1";"37";"2";"2";"1";7;47;0
"38630";"202100038630";5;"19:07";"1";"37";"2";"3";"1";6;47;0
"38631";"202100038631";5;"21:40";"1";"34";"2";"4";"1";3;43;3
"38632";"202100038632";5;"21:10";"2";"33";"2";"3";"1";6;44;0
"38633";"202100038633";5;"01:00";"3";"31";"2";"1";"1";2;43;1
"38634";"202100038634";5;"23:15";"5";"31";"2";"1";"1";2;43;1
"38635";"202100038635";5;"14:10";"1";"30";"2";"6";"1";3;44;4
"38636";"202100038636";5;"10:54";"1";"25";"2";"2";"1";3;47;6
"38637";"202100038637";5;"17:09";"1";"17";"2";"1";"1";2;46;-1
"38638";"202100038638";5;"19:00";"5";"13";"2";"1";"1";6;43;5