"";"Num_Acc";"mois";"hrmn";"lum";"dep";"agg";"int";"atm";"col";"lat";"long"
"38639";"202100038639";5;"13:45";"1";"13";"2";"9";"1";2;43;5
"38640";"202100038640";5;"15:50";"1";"13";"2";"1";"1";4;43;5
"38641";"202100038641";5;"12:20";"1";"10";"2";"2";"1";3;48;4
"38642";"202100038642";5;"17:20";"1";"07";"1";"1";"1";7;44;4
"38643";"202100038643";5;"13:40";"1";"07";"2";"1";"1";6;44;4
"38644";"202100038644";5;"20:10";"1";"06";"2";"9";"1";2;43;6
"38645";"202100038645";5;"21:35";"5";"75";"2";"3";"1";3;48;2
"38646";"202100038646";5;"20:30";"2";"75";"2";"3";"1";2;48;2
"38647";"202100038647";5;"13:08";"1";"75";"2";"3";"1";3;48;2
"38648";"202100038648";5;"19:10";"1";"75";"2";"7";"1";3;48;2
"38649";"202100038649";5;"11:25";"1";"75";"2";"2";"1";3;48;2
"38650";"202100038650";5;"13:30";"1";"75";"2";"3";"1";3;48;2
"38651";"202100038651";5;"00:50";"5";"75";"2";"2";"1";3;48;2
"38652";"202100038652";5;"23:45";"5";"75";"2";"2";"1";3;48;2
"38653";"202100038653";5;"21:49";"5";"75";"2";"7";"1";3;48;2
"38654";"202100038654";5;"20:30";"1";"75";"2";"5";"1";3;48;2
"38655";"202100038655";5;"16:59";"1";"94";"2";"1";"1";3;48;2
"38656";"202100038656";5;"16:21";"1";"94";"2";"1";"1";2;48;2
"38657";"202100038657";5;"11:15";"1";"93";"2";"2";"1";3;48;2
"38658";"202100038658";5;"06:05";"2";"93";"2";"1";"1";1;48;2
"38659";"202100038659";5;"18:54";"1";"93";"2";"2";"1";3;48;2
"38660";"202100038660";5;"18:00";"1";"93";"2";"3";"1";3;48;2
"38661";"202100038661";5;"14:35";"1";"93";"2";"1";"1";6;48;2
"38662";"202100038662";5;"10:00";"1";"93";"2";"1";"1";2;48;2
"38663";"202100038663";5;"09:45";"1";"92";"2";"1";"1";7;48;2
"38664";"202100038664";5;"12:15";"1";"92";"2";"1";"1";6;48;2
"38665";"202100038665";5;"12:35";"1";"92";"2";"6";"1";7;48;2
"38666";"202100038666";5;"22:40";"5";"92";"2";"1";"1";6;48;2
"38667";"202100038667";5;"16:30";"1";"35";"2";"1";"1";6;47;-1
"38668";"202100038668";5;"13:30";"1";"2A";"1";"1";"1";7;41;8
"38669";"202100038669";5;"17:45";"1";"52";"1";"1";"3";7;48;5
"38670";"202100038670";5;"17:30";"1";"16";"1";"1";"6";6;45;0
"38671";"202100038671";5;"17:30";"1";"31";"1";"1";"1";1;43;1
"38672";"202100038672";5;"16:30";"1";"27";"1";"1";"2";6;48;1
"38673";"202100038673";5;"14:00";"1";"41";"1";"1";"4";4;47;1
"38674";"202100038674";5;"13:45";"1";"01";"1";"3";"8";3;46;5
"38675";"202100038675";5;"14:50";"1";"71";"1";"1";"1";7;46;4
"38676";"202100038676";5;"19:20";"1";"51";"2";"3";"1";3;49;4
"38677";"202100038677";5;"19:30";"1";"51";"1";"1";"1";7;48;3
"38678";"202100038678";5;"21:30";"1";"59";"1";"1";"1";6;50;3
"38679";"202100038679";5;"18:45";"1";"19";"1";"1";"1";1;45;1
"38680";"202100038680";5;"11:15";"1";"82";"2";"1";"2";7;44;1
"38681";"202100038681";5;"13:00";"1";"65";"1";"1";"1";6;42;0
"38682";"202100038682";5;"20:30";"1";"61";"1";"2";"1";3;48;0
"38683";"202100038683";5;"14:40";"1";"42";"1";"1";"1";7;45;4
"38684";"202100038684";5;"10:30";"1";"31";"1";"1";"1";1;43;1
"38685";"202100038685";5;"17:40";"1";"15";"1";"3";"1";5;44;2
"38686";"202100038686";5;"13:40";"1";"72";"2";"1";"1";3;48;0
"38687";"202100038687";5;"22:18";"5";"06";"1";"1";"1";3;43;7
"38688";"202100038688";5;"16:30";"1";"06";"2";"1";"1";7;43;7
"38689";"202100038689";5;"15:30";"1";"14";"2";"1";"3";5;49;0
"38690";"202100038690";5;"15:30";"1";"50";"1";"1";"1";5;49;-1
"38691";"202100038691";5;"13:40";"1";"50";"2";"9";"1";2;49;-1
"38692";"202100038692";5;"10:30";"1";"04";"2";"3";"1";5;43;5
"38693";"202100038693";5;"12:10";"1";"85";"1";"2";"2";3;46;-1
"38694";"202100038694";5;"18:20";"1";"27";"1";"1";"8";1;49;1
"38695";"202100038695";5;"15:30";"1";"23";"1";"1";"1";6;46;2
"38696";"202100038696";5;"19:10";"1";"37";"1";"2";"1";3;47;0
"38697";"202100038697";5;"08:50";"1";"37";"1";"1";"1";6;47;0
"38698";"202100038698";5;"19:50";"1";"88";"2";"2";"1";6;47;6
"38699";"202100038699";5;"14:20";"1";"79";"1";"9";"1";6;46;0
"38700";"202100038700";5;"18:10";"1";"33";"2";"1";"1";6;44;0
"38701";"202100038701";5;"14:00";"1";"30";"1";"1";"1";6;43;4
"38702";"202100038702";5;"12:30";"1";"988";"1";"1";"1";7;-21;164
"38703";"202100038703";5;"15:00";"1";"971";"2";"1";"1";6;16;-61
"38704";"202100038704";5;"16:20";"1";"06";"1";"1";"1";7;43;7
"38705";"202100038705";5;"18:50";"1";"25";"2";"1";"1";6;47;6
"38706";"202100038706";5;"20:00";"1";"03";"1";"1";"1";7;46;3
"38707";"202100038707";5;"18:35";"1";"73";"1";"1";"1";1;45;5
"38708";"202100038708";5;"17:50";"1";"38";"2";"2";"1";1;45;5
"38709";"202100038709";5;"20:00";"1";"26";"1";"3";"1";5;44;4
"38710";"202100038710";5;"13:00";"1";"69";"1";"1";"1";1;45;4
"38711";"202100038711";5;"10:30";"1";"69";"1";"2";"1";2;45;4
"38712";"202100038712";5;"19:15";"1";"81";"1";"1";"1";1;43;1
"38713";"202100038713";5;"18:35";"1";"79";"2";"6";"1";3;46;0
"38714";"202100038714";5;"12:00";"1";"33";"1";"3";"2";1;45;0
"38715";"202100038715";5;"14:50";"1";"85";"1";"1";"1";3;46;-1
"38716";"202100038716";5;"10:00";"1";"50";"1";"4";"1";6;49;-1
"38717";"202100038717";5;"20:00";"1";"59";"2";"1";"1";6;50;2
"38718";"202100038718";5;"18:15";"1";"13";"1";"1";"1";3;43;5
"38719";"202100038719";5;"17:40";"1";"13";"1";"1";"1";4;43;5
"38720";"202100038720";3;"15:10";"1";"69";"1";"1";"1";2;45;4
"38721";"202100038721";5;"11:08";"1";"69";"1";"1";"1";2;45;4
"38722";"202100038722";5;"15:50";"1";"91";"1";"1";"1";7;48;2
"38723";"202100038723";5;"12:50";"1";"94";"1";"1";"1";4;48;2
"38724";"202100038724";5;"16:00";"1";"91";"1";"1";"1";6;48;2
"38725";"202100038725";5;"19:50";"1";"91";"1";"1";"1";2;48;2
"38726";"202100038726";5;"08:05";"1";"95";"1";"1";"1";6;48;2
"38727";"202100038727";5;"18:15";"1";"95";"1";"1";"8";5;49;2
"38728";"202100038728";5;"15:15";"1";"94";"1";"1";"1";4;48;2
"38729";"202100038729";5;"14:00";"1";"94";"1";"1";"1";2;48;2
"38730";"202100038730";5;"09:55";"1";"77";"1";"1";"1";7;48;2
"38731";"202100038731";5;"03:00";"3";"94";"1";"1";"1";6;48;2
"38732";"202100038732";5;"19:15";"1";"77";"1";"1";"2";6;48;2
"38733";"202100038733";5;"16:25";"1";"974";"2";"9";"1";7;-20;55
"38734";"202100038734";5;"13:45";"1";"69";"2";"1";"1";7;45;4
"38735";"202100038735";5;"21:35";"5";"971";"1";"1";"1";1;16;-61
"38736";"202100038736";5;"13:50";"1";"971";"1";"1";"1";4;16;-61
"38737";"202100038737";5;"17:20";"1";"2A";"2";"1";"1";3;41;8
"38738";"202100038738";5;"20:18";"1";"91";"1";"1";"1";3;48;2
"38739";"202100038739";5;"14:20";"1";"91";"2";"1";"8";2;48;2
"38740";"202100038740";5;"12:30";"1";"83";"2";"6";"1";3;43;5
"38741";"202100038741";5;"18:00";"1";"83";"2";"3";"1";6;43;6
"38742";"202100038742";5;"22:35";"5";"77";"2";"6";"1";3;48;2
"38743";"202100038743";5;"00:05";"5";"76";"2";"5";"1";4;49;1
"38744";"202100038744";5;"14:10";"1";"71";"2";"1";"1";6;46;4
"38745";"202100038745";5;"18:15";"1";"69";"2";"2";"7";3;45;4
"38746";"202100038746";5;"09:50";"1";"54";"2";"3";"1";3;48;6
"38747";"202100038747";5;"17:20";"1";"51";"2";"1";"1";1;49;4
"38748";"202100038748";5;"19:00";"1";"51";"2";"2";"2";3;49;4
"38749";"202100038749";5;"16:15";"2";"51";"2";"1";"2";3;49;4
"38750";"202100038750";5;"18:20";"1";"50";"2";"2";"1";5;49;-1
"38751";"202100038751";5;"16:10";"1";"50";"2";"1";"2";2;49;-1
"38752";"202100038752";5;"21:08";"2";"42";"2";"3";"8";1;46;4
"38753";"202100038753";4;"09:20";"1";"41";"2";"1";"1";4;47;1
"38754";"202100038754";5;"19:30";"1";"37";"2";"1";"1";3;47;0
"38755";"202100038755";5;"18:55";"1";"35";"1";"6";"2";6;48;-1
"38756";"202100038756";5;"16:55";"1";"35";"2";"3";"1";3;48;-1
"38757";"202100038757";5;"08:25";"1";"35";"1";"1";"1";2;48;-1
"38758";"202100038758";5;"15:49";"1";"29";"2";"6";"1";3;47;-4
"38759";"202100038759";5;"19:10";"1";"28";"2";"3";"1";3;48;1
"38760";"202100038760";5;"18:00";"1";"27";"2";"1";"2";1;49;1
"38761";"202100038761";5;"12:05";"1";"27";"2";"1";"1";6;49;1
"38762";"202100038762";5;"12:05";"1";"27";"2";"6";"1";1;49;1
"38763";"202100038763";5;"11:20";"1";"15";"2";"1";"8";6;44;2
"38764";"202100038764";5;"15:12";"1";"13";"2";"1";"1";3;43;5
"38765";"202100038765";5;"00:25";"5";"13";"2";"1";"2";7;43;5
"38766";"202100038766";5;"17:00";"1";"12";"2";"1";"1";6;44;2
"38767";"202100038767";5;"17:23";"1";"11";"1";"1";"1";2;43;2
"38768";"202100038768";5;"02:30";"5";"10";"2";"6";"1";7;48;4
"38769";"202100038769";5;"13:35";"1";"09";"2";"1";"1";3;43;1
"38770";"202100038770";5;"21:14";"5";"06";"2";"1";"1";2;43;7
"38771";"202100038771";5;"18:00";"1";"75";"2";"1";"1";3;48;2
"38772";"202100038772";5;"19:48";"1";"75";"2";"4";"1";2;48;2
"38773";"202100038773";5;"15:15";"1";"75";"2";"1";"1";6;48;2
"38774";"202100038774";5;"21:50";"5";"75";"2";"2";"1";3;48;2
"38775";"202100038775";5;"20:35";"2";"75";"2";"7";"1";3;48;2
"38776";"202100038776";5;"02:30";"5";"75";"2";"1";"1";6;48;2
"38777";"202100038777";5;"15:00";"1";"75";"2";"2";"2";2;48;2
"38778";"202100038778";5;"15:05";"1";"75";"2";"4";"2";3;48;2
"38779";"202100038779";5;"11:40";"1";"75";"2";"4";"1";3;48;2
"38780";"202100038780";5;"04:13";"5";"75";"2";"2";"1";3;48;2
"38781";"202100038781";5;"20:35";"1";"75";"2";"2";"1";3;48;2
"38782";"202100038782";5;"13:20";"1";"75";"2";"7";"3";7;48;2
"38783";"202100038783";5;"16:40";"1";"94";"2";"1";"2";3;48;2
"38784";"202100038784";5;"22:45";"5";"94";"2";"1";"1";2;48;2
"38785";"202100038785";5;"17:50";"1";"94";"2";"1";"2";2;48;2
"38786";"202100038786";5;"11:00";"1";"94";"2";"1";"1";3;48;2
"38787";"202100038787";5;"23:30";"5";"94";"2";"9";"1";6;48;2
"38788";"202100038788";5;"14:15";"1";"93";"2";"3";"1";1;48;2
"38789";"202100038789";5;"09:10";"1";"93";"2";"3";"1";3;48;2
"38790";"202100038790";5;"19:00";"1";"93";"2";"3";"1";3;48;2
"38791";"202100038791";5;"19:20";"1";"93";"2";"1";"2";4;48;2
"38792";"202100038792";5;"12:20";"1";"93";"2";"3";"1";6;48;2
"38793";"202100038793";5;"15:50";"1";"93";"2";"1";"1";2;48;2
"38794";"202100038794";5;"14:00";"1";"93";"2";"1";"2";2;48;2
"38795";"202100038795";5;"19:13";"1";"93";"2";"1";"8";1;48;2
"38796";"202100038796";5;"10:20";"1";"93";"2";"1";"1";3;48;2
"38797";"202100038797";5;"22:10";"5";"92";"2";"1";"8";6;48;2
"38798";"202100038798";5;"10:25";"1";"92";"2";"1";"2";7;48;2
"38799";"202100038799";5;"21:00";"2";"35";"1";"1";"1";6;47;-1
"38800";"202100038800";5;"17:00";"1";"54";"1";"1";"1";7;48;6
"38801";"202100038801";5;"17:15";"1";"06";"2";"3";"1";3;43;7
"38802";"202100038802";5;"12:50";"1";"06";"2";"1";"1";3;43;7
"38803";"202100038803";5;"15:40";"1";"974";"2";"1";"1";1;-21;55
"38804";"202100038804";5;"10:30";"1";"972";"2";"4";"1";3;14;-60
"38805";"202100038805";5;"17:50";"1";"34";"1";"1";"1";3;43;3
"38806";"202100038806";5;"13:30";"1";"83";"1";"1";"1";5;43;6
"38807";"202100038807";5;"16:45";"1";"77";"1";"2";"1";3;48;3
"38808";"202100038808";5;"14:42";"1";"57";"1";"1";"2";7;48;7
"38809";"202100038809";5;"18:55";"2";"57";"2";"9";"3";7;49;6
"38810";"202100038810";5;"17:35";"1";"62";"2";"1";"2";7;50;1
"38811";"202100038811";5;"10:25";"1";"51";"1";"1";"1";2;49;4
"38812";"202100038812";5;"12:20";"1";"59";"1";"1";"1";6;50;3
"38813";"202100038813";5;"23:54";"3";"59";"1";"1";"2";6;50;3
"38814";"202100038814";5;"16:00";"1";"80";"2";"1";"2";7;50;1
"38815";"202100038815";5;"13:15";"1";"12";"1";"1";"1";1;44;2
"38816";"202100038816";5;"15:45";"1";"46";"1";"1";"1";6;44;1
"38817";"202100038817";5;"18:40";"1";"47";"1";"1";"1";6;44;0
"38818";"202100038818";5;"18:00";"1";"29";"2";"1";"1";6;47;-4
"38819";"202100038819";5;"16:05";"1";"38";"1";"1";"1";7;45;5
"38820";"202100038820";5;"14:55";"1";"03";"2";"1";"3";6;46;3
"38821";"202100038821";5;"19:30";"1";"03";"1";"1";"1";6;46;2
"38822";"202100038822";5;"15:15";"1";"15";"1";"1";"2";6;45;2
"38823";"202100038823";5;"19:25";"1";"01";"1";"1";"1";6;46;5
"38824";"202100038824";4;"13:30";"1";"26";"1";"9";"1";7;44;4
"38825";"202100038825";5;"13:15";"1";"06";"1";"1";"1";3;43;6
"38826";"202100038826";5;"16:45";"1";"50";"1";"1";"1";6;48;-1
"38827";"202100038827";5;"22:11";"3";"64";"1";"1";"1";7;43;0
"38828";"202100038828";5;"17:15";"1";"04";"1";"1";"1";6;43;6
"38829";"202100038829";5;"03:50";"3";"17";"1";"1";"1";6;45;0
"38830";"202100038830";5;"14:45";"1";"37";"1";"1";"1";1;47;0
"38831";"202100038831";5;"10:00";"1";"37";"1";"1";"1";6;47;0
"38832";"202100038832";5;"18:55";"1";"30";"1";"6";"1";7;43;4
"38833";"202100038833";5;"10:25";"1";"30";"1";"3";"1";3;44;4
"38834";"202100038834";4;"14:30";"1";"88";"2";"1";"1";1;48;6
"38835";"202100038835";5;"09:07";"1";"88";"2";"1";"1";6;48;5
"38836";"202100038836";5;"11:10";"1";"978";"2";"1";"1";3;18;-63
"38837";"202100038837";5;"16:30";"1";"74";"1";"1";"1";7;45;6
"38838";"202100038838";5;"20:45";"2";"67";"1";"4";"1";6;48;7
"38839";"202100038839";5;"11:45";"1";"06";"2";"1";"1";1;43;6
"38840";"202100038840";5;"22:37";"5";"95";"2";"1";"1";6;49;2
"38841";"202100038841";5;"19:30";"3";"988";"1";"1";"1";7;-21;165
"38842";"202100038842";5;"06:00";"3";"973";"1";"1";"1";7;5;-53
"38843";"202100038843";5;"00:10";"5";"971";"1";"1";"1";1;16;-61
"38844";"202100038844";5;"11:45";"1";"13";"1";"3";"1";1;43;5
"38845";"202100038845";5;"22:45";"3";"77";"1";"1";"1";7;48;3
"38846";"202100038846";5;"11:29";"1";"11";"1";"3";"1";1;43;2
"38847";"202100038847";5;"14:55";"1";"13";"2";"1";"7";3;43;5
"38848";"202100038848";5;"20:20";"1";"13";"2";"7";"1";3;43;4
"38849";"202100038849";5;"18:15";"1";"57";"2";"3";"8";6;49;6
"38850";"202100038850";5;"12:10";"1";"03";"1";"1";"1";7;46;3
"38851";"202100038851";5;"18:30";"1";"74";"1";"1";"1";7;46;6
"38852";"202100038852";5;"15:10";"1";"38";"1";"3";"1";3;45;5
"38853";"202100038853";5;"14:30";"1";"01";"1";"1";"1";1;45;5
"38854";"202100038854";5;"14:55";"1";"69";"1";"4";"1";6;46;4
"38855";"202100038855";5;"11:30";"1";"81";"1";"1";"1";7;43;1
"38856";"202100038856";5;"09:10";"1";"86";"2";"3";"1";3;46;0
"38857";"202100038857";5;"19:15";"1";"62";"2";"1";"6";1;50;1
"38858";"202100038858";5;"18:05";"1";"59";"2";"1";"1";6;50;2
"38859";"202100038859";5;"15:15";"1";"13";"1";"1";"1";2;43;5
"38860";"202100038860";5;"01:10";"3";"13";"1";"1";"2";7;43;5
"38861";"202100038861";5;"21:49";"3";"13";"1";"1";"1";2;43;5
"38862";"202100038862";5;"10:00";"1";"13";"1";"1";"1";2;43;5
"38863";"202100038863";5;"12:15";"1";"33";"1";"1";"3";2;44;0
"38864";"202100038864";5;"11:15";"1";"33";"1";"1";"2";4;44;0
"38865";"202100038865";5;"15:10";"1";"91";"1";"1";"1";4;48;2
"38866";"202100038866";5;"21:45";"2";"92";"1";"1";"1";2;48;2
"38867";"202100038867";5;"15:45";"1";"77";"1";"1";"2";6;48;2
"38868";"202100038868";5;"09:30";"1";"94";"1";"1";"1";2;48;2
"38869";"202100038869";5;"15:33";"1";"68";"2";"9";"2";6;48;7
"38870";"202100038870";5;"00:10";"5";"93";"2";"9";"1";3;48;2
"38871";"202100038871";5;"16:40";"1";"92";"2";"1";"2";6;48;2
"38872";"202100038872";2;"20:20";"5";"91";"2";"1";"1";6;48;2
"38873";"202100038873";2;"17:15";"2";"85";"2";"1";"2";6;46;-1
"38874";"202100038874";1;"18:25";"3";"41";"2";"1";"1";6;47;1
"38875";"202100038875";5;"22:25";"5";"974";"2";"1";"1";2;-20;55
"38876";"202100038876";5;"08:50";"1";"974";"2";"1";"1";3;-20;55
"38877";"202100038877";5;"15:10";"1";"973";"2";"1";"1";3;4;-52
"38878";"202100038878";5;"10:00";"1";"69";"2";"3";"1";3;45;4
"38879";"202100038879";5;"08:20";"1";"69";"2";"1";"1";6;45;4
"38880";"202100038880";5;"15:36";"1";"972";"1";"1";"1";3;14;-60
"38881";"202100038881";5;"15:45";"1";"972";"1";"1";"1";6;14;-60
"38882";"202100038882";5;"22:15";"5";"69";"2";"1";"2";7;45;4
"38883";"202100038883";5;"19:30";"1";"69";"2";"1";"3";7;45;4
"38884";"202100038884";5;"19:02";"1";"69";"2";"1";"3";7;45;4
"38885";"202100038885";5;"11:43";"1";"2B";"2";"9";"1";6;42;9
"38886";"202100038886";4;"08:39";"1";"971";"2";"9";"1";2;16;-61
"38887";"202100038887";5;"00:30";"5";"91";"2";"1";"1";7;48;2
"38888";"202100038888";5;"22:15";"5";"91";"2";"1";"1";3;48;2
"38889";"202100038889";5;"19:17";"1";"91";"2";"9";"1";3;48;2
"38890";"202100038890";5;"10:05";"1";"91";"2";"1";"8";6;48;2
"38891";"202100038891";5;"16:50";"1";"88";"2";"2";"1";1;48;6
"38892";"202100038892";5;"09:01";"1";"87";"1";"1";"2";2;45;1
"38893";"202100038893";5;"16:55";"1";"87";"2";"1";"1";4;45;1
"38894";"202100038894";5;"10:55";"1";"87";"2";"1";"1";6;45;1
"38895";"202100038895";5;"22:15";"3";"83";"2";"1";"1";7;43;6
"38896";"202100038896";5;"16:25";"1";"83";"2";"1";"1";1;43;6
"38897";"202100038897";5;"13:00";"1";"81";"1";"1";"1";5;43;2
"38898";"202100038898";5;"21:20";"2";"80";"2";"1";"1";7;49;2
"38899";"202100038899";5;"20:00";"1";"78";"1";"3";"1";3;48;2
"38900";"202100038900";5;"03:30";"5";"76";"2";"1";"1";6;49;0
"38901";"202100038901";4;"12:30";"1";"70";"1";"2";"1";3;47;6
"38902";"202100038902";5;"13:00";"1";"69";"2";"6";"1";3;45;4
"38903";"202100038903";5;"08:40";"1";"68";"2";"6";"8";6;48;7
"38904";"202100038904";5;"12:00";"1";"67";"2";"8";"8";3;48;7
"38905";"202100038905";5;"11:50";"1";"64";"2";"1";"2";2;43;-1
"38906";"202100038906";5;"16:15";"1";"64";"2";"1";"8";1;43;-1
"38907";"202100038907";5;"16:00";"1";"64";"2";"1";"1";7;43;-1
"38908";"202100038908";5;"18:38";"1";"63";"2";"1";"1";3;45;3
"38909";"202100038909";5;"15:25";"1";"63";"2";"2";"1";3;45;3
"38910";"202100038910";5;"22:20";"3";"59";"1";"2";"1";3;50;3
"38911";"202100038911";5;"21:00";"2";"59";"2";"2";"1";3;50;3
"38912";"202100038912";5;"10:50";"1";"59";"2";"1";"2";6;50;3
"38913";"202100038913";5;"09:00";"1";"59";"2";"1";"2";6;50;3
"38914";"202100038914";5;"07:45";"1";"59";"2";"9";"2";3;50;3
"38915";"202100038915";5;"22:28";"3";"57";"2";"1";"1";6;49;6
"38916";"202100038916";5;"14:15";"1";"49";"2";"1";"1";7;47;0
"38917";"202100038917";5;"19:05";"1";"47";"1";"1";"1";6;44;0
"38918";"202100038918";5;"13:00";"1";"47";"2";"2";"1";3;44;0
"38919";"202100038919";5;"15:00";"1";"44";"2";"1";"1";3;47;-2
"38920";"202100038920";5;"22:10";"5";"37";"2";"3";"1";3;47;0
"38921";"202100038921";5;"13:29";"1";"36";"2";"1";"1";6;46;1
"38922";"202100038922";5;"12:10";"1";"35";"2";"2";"1";6;48;-1
"38923";"202100038923";5;"08:20";"1";"35";"1";"1";"1";2;48;-1
"38924";"202100038924";5;"06:00";"3";"33";"2";"6";"1";3;44;0
"38925";"202100038925";5;"08:20";"1";"33";"2";"2";"1";3;44;0
"38926";"202100038926";5;"15:10";"1";"31";"2";"9";"1";3;43;1
"38927";"202100038927";5;"19:30";"1";"30";"2";"9";"1";1;43;4
"38928";"202100038928";5;"09:30";"1";"29";"2";"2";"1";3;48;-4
"38929";"202100038929";5;"13:15";"1";"27";"2";"2";"1";3;49;1
"38930";"202100038930";5;"16:00";"1";"18";"2";"1";"1";2;47;2
"38931";"202100038931";5;"06:00";"5";"17";"2";"6";"1";2;45;0
"38932";"202100038932";5;"10:06";"1";"17";"2";"1";"1";2;45;-1
"38933";"202100038933";5;"16:25";"1";"14";"2";"9";"1";3;49;0
"38934";"202100038934";5;"16:50";"1";"14";"2";"1";"1";1;49;0
"38935";"202100038935";5;"16:40";"1";"14";"2";"1";"1";6;49;0
"38936";"202100038936";4;"17:10";"1";"13";"2";"1";"1";3;43;4
"38937";"202100038937";5;"20:40";"2";"13";"2";"1";"8";7;43;5
"38938";"202100038938";5;"16:45";"1";"13";"2";"1";"1";3;43;5
"38939";"202100038939";5;"03:18";"5";"13";"2";"1";"1";7;43;5
"38940";"202100038940";5;"00:05";"5";"13";"2";"3";"1";4;43;5
"38941";"202100038941";5;"09:45";"1";"13";"2";"9";"1";6;43;5
"38942";"202100038942";5;"07:00";"2";"13";"2";"1";"1";6;43;5
"38943";"202100038943";5;"17:43";"1";"10";"2";"1";"1";2;48;4
"38944";"202100038944";5;"19:00";"1";"10";"2";"1";"2";6;48;4
"38945";"202100038945";5;"10:00";"1";"10";"2";"9";"1";6;48;4
"38946";"202100038946";5;"11:13";"1";"10";"2";"2";"1";6;48;4
"38947";"202100038947";5;"01:30";"5";"06";"2";"1";"1";7;43;6
"38948";"202100038948";5;"12:55";"1";"06";"2";"1";"1";6;43;7
"38949";"202100038949";5;"13:30";"1";"06";"2";"1";"1";7;43;7
"38950";"202100038950";5;"19:40";"2";"06";"2";"1";"1";6;43;7
"38951";"202100038951";5;"17:07";"1";"06";"2";"1";"1";2;43;7
"38952";"202100038952";5;"16:15";"1";"01";"2";"2";"3";6;46;5
"38953";"202100038953";5;"12:00";"1";"75";"2";"1";"1";2;48;2
"38954";"202100038954";5;"08:45";"1";"75";"2";"1";"1";7;48;2
"38955";"202100038955";5;"21:15";"4";"75";"2";"1";"1";3;48;2
"38956";"202100038956";5;"20:35";"1";"75";"2";"3";"1";6;48;2
"38957";"202100038957";5;"13:10";"1";"75";"2";"2";"1";6;48;2
"38958";"202100038958";5;"13:05";"1";"75";"2";"3";"8";3;48;2
"38959";"202100038959";5;"13:10";"1";"75";"2";"2";"1";3;48;2
"38960";"202100038960";5;"14:20";"1";"75";"2";"2";"1";6;48;2
"38961";"202100038961";5;"14:50";"1";"75";"2";"3";"1";2;48;2
"38962";"202100038962";5;"12:30";"1";"75";"2";"2";"1";5;48;2
"38963";"202100038963";5;"17:40";"1";"75";"2";"1";"8";6;48;2
"38964";"202100038964";5;"15:00";"1";"75";"2";"3";"1";3;48;2
"38965";"202100038965";5;"10:29";"1";"75";"2";"1";"1";2;48;2
"38966";"202100038966";5;"16:20";"1";"75";"2";"1";"1";7;48;2
"38967";"202100038967";5;"17:55";"1";"75";"2";"2";"1";3;48;2
"38968";"202100038968";5;"10:35";"1";"75";"2";"1";"1";6;48;2
"38969";"202100038969";5;"15:10";"1";"75";"2";"1";"1";6;48;2
"38970";"202100038970";5;"15:18";"1";"75";"2";"3";"1";3;48;2
"38971";"202100038971";5;"12:59";"1";"75";"2";"4";"1";3;48;2
"38972";"202100038972";5;"20:20";"1";"75";"2";"2";"1";3;48;2
"38973";"202100038973";5;"19:30";"1";"75";"2";"1";"1";7;48;2
"38974";"202100038974";5;"15:40";"1";"94";"2";"1";"1";6;48;2
"38975";"202100038975";5;"13:17";"1";"94";"2";"9";"1";2;48;2
"38976";"202100038976";5;"17:20";"1";"94";"2";"1";"1";6;48;2
"38977";"202100038977";5;"16:23";"1";"94";"2";"9";"1";3;48;2
"38978";"202100038978";5;"13:35";"1";"94";"2";"1";"1";3;48;2
"38979";"202100038979";5;"22:55";"5";"94";"2";"1";"1";6;48;2
"38980";"202100038980";5;"18:40";"1";"94";"2";"1";"8";6;48;2
"38981";"202100038981";5;"12:40";"1";"94";"2";"1";"1";2;48;2
"38982";"202100038982";5;"12:00";"1";"94";"2";"3";"1";3;48;2
"38983";"202100038983";5;"20:00";"1";"93";"2";"2";"1";3;48;2
"38984";"202100038984";5;"08:00";"1";"93";"2";"1";"1";1;48;2
"38985";"202100038985";5;"19:15";"1";"93";"2";"9";"1";3;48;2
"38986";"202100038986";5;"19:13";"1";"93";"2";"1";"1";3;48;2
"38987";"202100038987";5;"17:35";"1";"93";"2";"1";"2";2;48;2
"38988";"202100038988";5;"09:40";"1";"93";"2";"1";"1";6;48;2
"38989";"202100038989";5;"18:40";"1";"93";"2";"1";"1";5;48;2
"38990";"202100038990";5;"16:45";"1";"93";"2";"1";"2";6;48;2
"38991";"202100038991";5;"08:45";"1";"93";"2";"2";"8";1;48;2
"38992";"202100038992";5;"10:40";"1";"93";"2";"1";"1";3;48;2
"38993";"202100038993";5;"14:45";"1";"93";"2";"1";"1";1;48;2
"38994";"202100038994";5;"21:00";"5";"92";"2";"3";"1";7;48;2
"38995";"202100038995";5;"08:35";"1";"92";"2";"1";"1";3;48;2
"38996";"202100038996";5;"12:00";"1";"92";"2";"1";"1";6;48;2
"38997";"202100038997";5;"09:55";"1";"92";"2";"1";"8";6;48;2
"38998";"202100038998";5;"19:05";"1";"92";"2";"1";"1";2;48;2
"38999";"202100038999";5;"19:37";"2";"92";"2";"4";"2";7;48;2
"39000";"202100039000";5;"18:50";"1";"92";"2";"7";"2";3;48;2
"39001";"202100039001";5;"20:35";"1";"92";"2";"1";"1";3;48;2
"39002";"202100039002";5;"08:20";"1";"92";"2";"3";"1";3;48;2
"39003";"202100039003";5;"18:11";"1";"92";"2";"9";"1";4;48;2