"";"Num_Acc";"mois";"hrmn";"lum";"dep";"agg";"int";"atm";"col";"lat";"long"
"39004";"202100039004";5;"14:30";"1";"42";"2";"1";"1";2;45;3
"39005";"202100039005";5;"05:00";"2";"57";"1";"6";"2";6;49;6
"39006";"202100039006";5;"16:50";"1";"74";"1";"3";"8";3;46;6
"39007";"202100039007";5;"22:19";"3";"79";"1";"1";"1";6;46;0
"39008";"202100039008";5;"18:50";"1";"2B";"2";"1";"1";6;42;9
"39009";"202100039009";5;"12:00";"1";"81";"2";"1";"1";3;43;2
"39010";"202100039010";5;"11:00";"1";"65";"1";"1";"1";2;43;0
"39011";"202100039011";5;"12:00";"1";"71";"1";"3";"1";1;46;5
"39012";"202100039012";5;"20:30";"3";"89";"1";"1";"1";6;47;4
"39013";"202100039013";5;"17:10";"1";"63";"1";"1";"2";1;45;3
"39014";"202100039014";5;"19:10";"1";"34";"1";"1";"1";7;43;3
"39015";"202100039015";5;"16:35";"1";"68";"2";"1";"3";1;47;7
"39016";"202100039016";5;"17:15";"1";"44";"1";"1";"8";3;47;-2
"39017";"202100039017";5;"05:48";"2";"44";"2";"1";"1";6;47;-1
"39018";"202100039018";5;"21:30";"3";"35";"1";"1";"8";6;48;-1
"39019";"202100039019";5;"11:35";"1";"31";"2";"9";"1";6;43;0
"39020";"202100039020";5;"18:30";"1";"03";"1";"1";"3";7;46;3
"39021";"202100039021";5;"21:15";"5";"01";"2";"2";"2";3;46;4
"39022";"202100039022";5;"19:30";"1";"58";"2";"1";"1";2;47;3
"39023";"202100039023";5;"12:35";"1";"54";"1";"1";"1";6;49;5
"39024";"202100039024";5;"03:30";"4";"60";"2";"4";"9";6;49;1
"39025";"202100039025";5;"09:25";"1";"16";"1";"1";"1";1;45;0
"39026";"202100039026";5;"10:50";"1";"28";"2";"2";"1";3;48;1
"39027";"202100039027";5;"09:30";"1";"37";"1";"1";"1";6;47;0
"39028";"202100039028";5;"19:30";"5";"987";"2";"1";"1";3;-17;-149
"39029";"202100039029";5;"14:00";"1";"82";"1";"1";"1";7;44;1
"39030";"202100039030";5;"03:38";"5";"60";"1";"9";"1";6;49;2
"39031";"202100039031";5;"11:50";"1";"91";"2";"2";"1";3;48;2
"39032";"202100039032";5;"19:40";"1";"2A";"1";"1";"1";3;41;9
"39033";"202100039033";5;"21:05";"5";"34";"2";"1";"1";6;43;3
"39034";"202100039034";5;"09:55";"1";"05";"1";"1";"1";3;44;5
"39035";"202100039035";5;"03:45";"3";"58";"1";"1";"8";6;47;3
"39036";"202100039036";5;"07:20";"1";"21";"1";"4";"1";3;47;5
"39037";"202100039037";5;"09:15";"1";"07";"2";"2";"1";2;45;4
"39038";"202100039038";5;"18:00";"1";"50";"1";"1";"2";7;49;-1
"39039";"202100039039";5;"20:00";"1";"59";"2";"1";"1";6;50;3
"39040";"202100039040";5;"14:10";"1";"13";"1";"1";"1";5;43;5
"39041";"202100039041";5;"18:16";"1";"13";"1";"1";"1";2;43;5
"39042";"202100039042";5;"07:05";"1";"69";"1";"1";"1";4;45;4
"39043";"202100039043";5;"17:30";"1";"91";"1";"1";"1";3;48;2
"39044";"202100039044";5;"14:28";"1";"91";"1";"1";"1";4;48;2
"39045";"202100039045";5;"14:55";"1";"78";"1";"1";"1";4;48;2
"39046";"202100039046";5;"09:15";"1";"78";"1";"1";"1";3;48;1
"39047";"202100039047";5;"19:30";"1";"93";"1";"1";"1";3;48;2
"39048";"202100039048";5;"08:00";"1";"93";"1";"1";"1";2;48;2
"39049";"202100039049";5;"19:50";"1";"92";"1";"1";"1";2;48;2
"39050";"202100039050";5;"17:40";"1";"93";"1";"1";"1";3;48;2
"39051";"202100039051";5;"12:10";"1";"94";"1";"1";"1";2;48;2
"39052";"202100039052";5;"03:00";"3";"77";"1";"9";"1";6;48;2
"39053";"202100039053";5;"16:00";"1";"93";"2";"7";"1";3;48;2
"39054";"202100039054";5;"09:25";"1";"34";"2";"1";"1";6;43;3
"39055";"202100039055";5;"10:14";"1";"93";"2";"3";"1";3;48;2
"39056";"202100039056";2;"09:15";"1";"64";"2";"6";"7";6;43;-1
"39057";"202100039057";2;"09:05";"1";"47";"2";"1";"7";6;44;0
"39058";"202100039058";5;"10:15";"1";"974";"2";"9";"1";7;-20;55
"39059";"202100039059";5;"21:05";"2";"69";"2";"3";"1";3;45;4
"39060";"202100039060";5;"15:55";"1";"69";"2";"9";"1";3;45;4
"39061";"202100039061";5;"15:10";"1";"69";"2";"1";"1";2;45;4
"39062";"202100039062";5;"14:45";"1";"69";"2";"2";"1";3;45;4
"39063";"202100039063";5;"12:20";"1";"69";"2";"1";"1";6;45;4
"39064";"202100039064";5;"21:45";"5";"69";"2";"1";"2";2;45;4
"39065";"202100039065";5;"21:40";"5";"69";"2";"1";"1";7;45;4
"39066";"202100039066";5;"17:15";"1";"69";"2";"2";"1";3;45;4
"39067";"202100039067";5;"09:25";"1";"2B";"2";"4";"1";-1;42;9
"39068";"202100039068";5;"11:30";"1";"971";"1";"2";"1";7;16;-61
"39069";"202100039069";5;"11:00";"1";"2A";"2";"1";"1";7;41;8
"39070";"202100039070";5;"21:20";"5";"91";"2";"4";"1";2;48;2
"39071";"202100039071";5;"10:09";"1";"91";"2";"1";"1";3;48;2
"39072";"202100039072";5;"12:00";"1";"91";"2";"2";"1";3;48;2
"39073";"202100039073";5;"17:25";"1";"91";"1";"1";"1";3;48;2
"39074";"202100039074";5;"13:50";"1";"91";"2";"3";"1";3;48;2
"39075";"202100039075";5;"16:41";"1";"87";"2";"1";"2";7;45;1
"39076";"202100039076";5;"11:04";"1";"87";"1";"3";"3";3;45;1
"39077";"202100039077";4;"10:04";"1";"83";"2";"1";"1";6;43;5
"39078";"202100039078";5;"11:25";"1";"80";"2";"1";"1";4;49;2
"39079";"202100039079";5;"16:50";"1";"80";"2";"1";"1";4;49;2
"39080";"202100039080";5;"05:45";"5";"77";"2";"1";"2";6;48;2
"39081";"202100039081";5;"23:20";"5";"76";"2";"1";"1";6;49;0
"39082";"202100039082";5;"13:25";"1";"76";"1";"1";"1";1;49;1
"39083";"202100039083";5;"05:55";"2";"74";"2";"6";"1";3;46;6
"39084";"202100039084";5;"13:15";"1";"72";"2";"3";"1";6;47;0
"39085";"202100039085";5;"16:20";"1";"69";"2";"1";"1";2;45;4
"39086";"202100039086";5;"19:10";"1";"67";"2";"3";"8";3;48;7
"39087";"202100039087";5;"15:00";"1";"66";"2";"1";"1";2;42;2
"39088";"202100039088";5;"09:30";"1";"64";"1";"1";"2";1;43;-1
"39089";"202100039089";5;"18:05";"1";"64";"2";"1";"1";2;43;0
"39090";"202100039090";5;"19:45";"1";"64";"2";"1";"1";3;43;0
"39091";"202100039091";5;"18:00";"1";"64";"2";"1";"1";3;43;0
"39092";"202100039092";5;"18:20";"1";"64";"2";"1";"1";3;43;-1
"39093";"202100039093";5;"17:30";"1";"64";"2";"1";"1";3;43;-1
"39094";"202100039094";5;"13:26";"1";"64";"2";"1";"2";7;43;-1
"39095";"202100039095";5;"12:25";"1";"64";"2";"1";"2";3;43;-1
"39096";"202100039096";5;"19:25";"1";"62";"2";"2";"1";3;50;2
"39097";"202100039097";5;"07:45";"1";"60";"1";"1";"8";2;49;2
"39098";"202100039098";5;"07:55";"1";"60";"2";"6";"1";6;49;2
"39099";"202100039099";5;"05:45";"1";"59";"2";"2";"1";3;50;3
"39100";"202100039100";5;"15:05";"1";"56";"2";"3";"1";3;47;-3
"39101";"202100039101";5;"03:30";"5";"54";"2";"1";"1";6;48;6
"39102";"202100039102";5;"18:00";"1";"51";"2";"1";"1";7;49;4
"39103";"202100039103";5;"10:40";"1";"45";"2";"3";"1";3;47;1
"39104";"202100039104";5;"11:55";"1";"44";"2";"1";"1";6;47;-1
"39105";"202100039105";5;"10:19";"1";"37";"2";"3";"1";6;47;0
"39106";"202100039106";5;"14:15";"1";"37";"2";"1";"8";5;47;0
"39107";"202100039107";5;"08:25";"1";"37";"2";"6";"1";3;47;0
"39108";"202100039108";5;"11:54";"1";"36";"2";"1";"8";5;46;1
"39109";"202100039109";5;"12:10";"1";"35";"2";"1";"1";6;48;-1
"39110";"202100039110";5;"10:10";"1";"35";"2";"6";"1";3;48;-1
"39111";"202100039111";5;"11:10";"1";"34";"2";"2";"7";6;43;3
"39112";"202100039112";5;"20:35";"1";"33";"2";"7";"1";3;44;0
"39113";"202100039113";5;"16:20";"1";"31";"2";"1";"1";6;43;1
"39114";"202100039114";5;"14:20";"1";"31";"2";"1";"1";3;43;1
"39115";"202100039115";5;"04:40";"3";"29";"1";"1";"1";6;48;-4
"39116";"202100039116";5;"21:37";"1";"29";"1";"1";"1";6;48;-4
"39117";"202100039117";5;"14:44";"1";"25";"2";"3";"1";6;46;6
"39118";"202100039118";5;"05:50";"2";"24";"2";"9";"1";3;44;0
"39119";"202100039119";4;"15:45";"1";"22";"2";"2";"1";3;48;-2
"39120";"202100039120";4;"15:35";"1";"22";"2";"7";"1";7;48;-2
"39121";"202100039121";5;"17:55";"1";"22";"1";"6";"1";3;48;-2
"39122";"202100039122";4;"18:20";"1";"22";"2";"1";"1";1;48;-2
"39123";"202100039123";5;"07:52";"1";"19";"2";"9";"2";7;45;1
"39124";"202100039124";5;"20:45";"1";"17";"2";"1";"1";6;46;-1
"39125";"202100039125";5;"17:10";"1";"15";"2";"1";"1";3;44;2
"39126";"202100039126";5;"20:00";"1";"13";"2";"2";"1";1;43;5
"39127";"202100039127";5;"13:30";"1";"13";"2";"2";"1";3;43;5
"39128";"202100039128";5;"07:30";"1";"13";"2";"1";"1";6;43;5
"39129";"202100039129";5;"14:50";"1";"10";"2";"2";"1";3;48;4
"39130";"202100039130";5;"12:55";"1";"06";"2";"9";"1";6;43;7
"39131";"202100039131";5;"18:50";"1";"05";"2";"3";"1";3;44;6
"39132";"202100039132";5;"17:06";"1";"01";"2";"6";"1";6;46;5
"39133";"202100039133";5;"10:10";"1";"75";"2";"1";"1";5;48;2
"39134";"202100039134";5;"07:50";"1";"75";"2";"1";"1";3;48;2
"39135";"202100039135";5;"19:10";"1";"75";"2";"1";"1";2;48;2
"39136";"202100039136";5;"10:55";"1";"75";"2";"1";"8";3;48;2
"39137";"202100039137";5;"21:06";"1";"75";"2";"2";"1";3;48;2
"39138";"202100039138";5;"21:48";"5";"75";"2";"4";"1";4;48;2
"39139";"202100039139";5;"19:50";"1";"75";"2";"1";"1";2;48;2
"39140";"202100039140";5;"21:15";"2";"75";"2";"2";"1";2;48;2
"39141";"202100039141";5;"20:00";"2";"75";"2";"2";"1";3;48;2
"39142";"202100039142";5;"10:15";"1";"75";"2";"1";"2";6;48;2
"39143";"202100039143";5;"21:35";"4";"75";"2";"2";"1";3;48;2
"39144";"202100039144";5;"16:35";"1";"75";"2";"2";"1";3;48;2
"39145";"202100039145";5;"18:00";"1";"75";"2";"3";"1";2;48;2
"39146";"202100039146";5;"10:30";"1";"75";"2";"3";"1";3;48;2
"39147";"202100039147";5;"14:30";"1";"75";"2";"2";"1";1;48;2
"39148";"202100039148";5;"15:40";"1";"75";"2";"2";"2";6;48;2
"39149";"202100039149";5;"19:10";"1";"94";"2";"1";"1";2;48;2
"39150";"202100039150";5;"08:40";"1";"94";"2";"1";"1";3;48;2
"39151";"202100039151";5;"20:45";"1";"94";"2";"1";"1";3;48;2
"39152";"202100039152";5;"11:30";"1";"94";"2";"3";"1";6;48;2
"39153";"202100039153";5;"09:00";"1";"94";"1";"1";"1";4;48;2
"39154";"202100039154";5;"14:51";"1";"93";"2";"1";"2";1;48;2
"39155";"202100039155";5;"20:10";"2";"93";"2";"1";"1";3;48;2
"39156";"202100039156";5;"07:40";"1";"93";"2";"9";"1";6;48;2
"39157";"202100039157";5;"19:45";"1";"93";"2";"1";"1";3;48;2
"39158";"202100039158";5;"13:45";"1";"93";"2";"1";"1";6;48;2
"39159";"202100039159";5;"17:05";"1";"92";"2";"3";"8";3;48;2
"39160";"202100039160";5;"18:50";"1";"92";"2";"1";"2";6;48;2
"39161";"202100039161";5;"08:00";"1";"92";"2";"9";"1";4;48;2
"39162";"202100039162";5;"13:45";"1";"92";"2";"1";"1";2;48;2
"39163";"202100039163";5;"17:30";"1";"92";"2";"3";"1";3;48;2
"39164";"202100039164";5;"10:15";"1";"92";"2";"2";"1";2;48;2
"39165";"202100039165";5;"15:06";"1";"92";"2";"1";"2";3;48;2
"39166";"202100039166";5;"15:40";"1";"92";"2";"2";"1";6;48;2
"39167";"202100039167";5;"08:45";"1";"92";"2";"6";"1";4;48;2
"39168";"202100039168";5;"13:00";"1";"92";"2";"1";"8";3;48;2
"39169";"202100039169";5;"16:40";"1";"12";"1";"1";"1";6;44;2
"39170";"202100039170";5;"17:45";"1";"17";"1";"1";"1";6;46;-1
"39171";"202100039171";5;"14:55";"1";"11";"1";"1";"1";4;43;2
"39172";"202100039172";5;"18:50";"2";"972";"1";"1";"1";2;14;-60
"39173";"202100039173";5;"16:30";"1";"91";"2";"1";"1";7;48;2
"39174";"202100039174";5;"18:00";"1";"58";"1";"1";"1";7;47;3
"39175";"202100039175";5;"14:30";"1";"62";"2";"1";"1";1;50;2
"39176";"202100039176";5;"08:35";"1";"34";"1";"1";"1";4;43;3
"39177";"202100039177";5;"08:00";"2";"74";"2";"3";"8";6;46;6
"39178";"202100039178";5;"22:26";"3";"95";"1";"1";"1";6;49;2
"39179";"202100039179";5;"15:50";"1";"19";"1";"1";"1";7;45;1
"39180";"202100039180";5;"20:23";"1";"56";"1";"1";"1";7;47;-2
"39181";"202100039181";5;"12:15";"1";"56";"1";"1";"1";6;47;-2
"39182";"202100039182";5;"05:25";"2";"79";"1";"2";"1";1;46;0
"39183";"202100039183";5;"16:00";"1";"31";"2";"6";"1";6;43;1
"39184";"202100039184";5;"02:29";"3";"81";"1";"1";"1";6;43;1
"39185";"202100039185";5;"08:00";"1";"32";"1";"2";"1";3;43;0
"39186";"202100039186";5;"16:00";"1";"71";"2";"6";"3";6;46;5
"39187";"202100039187";5;"15:55";"1";"89";"1";"1";"1";7;48;3
"39188";"202100039188";5;"06:20";"2";"25";"1";"1";"2";1;47;6
"39189";"202100039189";5;"16:26";"1";"31";"1";"2";"1";1;43;1
"39190";"202100039190";5;"17:45";"1";"31";"2";"1";"1";1;43;1
"39191";"202100039191";5;"02:15";"3";"01";"1";"1";"2";6;46;4
"39192";"202100039192";5;"16:45";"1";"14";"2";"3";"1";3;49;0
"39193";"202100039193";5;"14:00";"1";"60";"1";"1";"1";4;49;1
"39194";"202100039194";5;"20:55";"2";"45";"1";"2";"7";3;48;2
"39195";"202100039195";5;"08:20";"1";"10";"1";"1";"1";2;48;3
"39196";"202100039196";5;"17:20";"1";"53";"2";"1";"1";6;48;0
"39197";"202100039197";5;"10:13";"1";"30";"1";"1";"1";7;43;4
"39198";"202100039198";5;"21:45";"2";"31";"1";"1";"1";6;43;0
"39199";"202100039199";5;"19:26";"1";"33";"1";"1";"1";1;44;0
"39200";"202100039200";5;"14:20";"1";"27";"1";"1";"1";2;49;1
"39201";"202100039201";5;"14:45";"1";"13";"1";"1";"1";3;43;4
"39202";"202100039202";5;"18:45";"1";"77";"1";"1";"1";3;48;2
"39203";"202100039203";5;"07:46";"1";"11";"1";"1";"1";3;42;2
"39204";"202100039204";5;"18:30";"5";"987";"2";"1";"1";3;-17;-149
"39205";"202100039205";5;"06:55";"1";"971";"2";"3";"1";2;16;-61
"39206";"202100039206";5;"22:00";"4";"30";"2";"2";"1";3;43;4
"39207";"202100039207";5;"12:45";"1";"83";"1";"1";"1";3;43;5
"39208";"202100039208";5;"15:50";"1";"04";"1";"1";"1";7;43;5
"39209";"202100039209";5;"16:15";"1";"13";"1";"1";"1";3;43;5
"39210";"202100039210";5;"08:38";"1";"70";"1";"1";"1";1;47;6
"39211";"202100039211";5;"10:30";"1";"68";"1";"1";"1";1;48;7
"39212";"202100039212";5;"21:30";"2";"68";"1";"1";"1";1;48;7
"39213";"202100039213";5;"13:15";"1";"55";"1";"1";"1";1;48;4
"39214";"202100039214";5;"09:45";"1";"44";"2";"1";"1";6;47;-1
"39215";"202100039215";5;"21:20";"3";"69";"1";"1";"1";7;46;4
"39216";"202100039216";5;"17:38";"1";"69";"1";"1";"1";6;45;4
"39217";"202100039217";5;"12:20";"1";"31";"1";"1";"1";1;43;1
"39218";"202100039218";5;"18:30";"1";"56";"2";"1";"1";6;47;-3
"39219";"202100039219";5;"11:25";"1";"22";"2";"1";"1";6;48;-2
"39220";"202100039220";5;"19:45";"1";"35";"2";"1";"1";6;48;-1
"39221";"202100039221";5;"16:45";"1";"60";"1";"1";"2";1;49;2
"39222";"202100039222";5;"17:45";"1";"13";"1";"1";"1";3;43;5
"39223";"202100039223";5;"14:10";"1";"13";"1";"1";"1";2;43;5
"39224";"202100039224";5;"13:15";"1";"13";"1";"1";"1";2;43;5
"39225";"202100039225";5;"10:45";"1";"13";"1";"1";"1";6;43;5
"39226";"202100039226";5;"09:00";"1";"13";"1";"1";"1";2;43;5
"39227";"202100039227";5;"08:20";"1";"83";"1";"1";"1";3;43;5
"39228";"202100039228";5;"13:35";"1";"67";"1";"1";"1";4;48;7
"39229";"202100039229";5;"08:22";"1";"67";"1";"1";"1";4;48;7
"39230";"202100039230";5;"18:15";"1";"33";"1";"1";"1";6;44;0
"39231";"202100039231";5;"16:30";"1";"33";"1";"1";"1";2;44;0
"39232";"202100039232";5;"15:00";"1";"92";"1";"1";"1";4;48;2
"39233";"202100039233";5;"19:40";"1";"92";"1";"1";"1";4;48;2
"39234";"202100039234";5;"15:25";"1";"92";"1";"1";"1";2;48;2
"39235";"202100039235";5;"14:55";"1";"78";"1";"1";"3";5;48;2
"39236";"202100039236";5;"20:30";"1";"60";"1";"1";"1";2;49;2
"39237";"202100039237";5;"02:45";"3";"95";"1";"1";"1";6;49;2
"39238";"202100039238";5;"18:05";"1";"93";"1";"1";"1";4;48;2
"39239";"202100039239";5;"17:25";"1";"93";"1";"1";"2";2;48;2
"39240";"202100039240";5;"15:40";"1";"95";"1";"1";"3";6;49;2
"39241";"202100039241";5;"14:10";"1";"93";"1";"1";"1";2;48;2
"39242";"202100039242";5;"06:10";"1";"93";"1";"1";"2";5;48;2
"39243";"202100039243";5;"13:30";"1";"93";"1";"1";"1";2;48;2
"39244";"202100039244";5;"13:30";"1";"94";"1";"1";"1";3;48;2
"39245";"202100039245";5;"08:50";"1";"94";"1";"1";"1";7;48;2
"39246";"202100039246";5;"12:15";"1";"33";"2";"3";"1";6;44;0
"39247";"202100039247";5;"13:10";"1";"976";"2";"1";"1";6;-12;45
"39248";"202100039248";1;"15:20";"1";"72";"2";"1";"1";6;47;0
"39249";"202100039249";5;"13:15";"1";"988";"2";"3";"1";3;-22;166
"39250";"202100039250";5;"17:55";"2";"974";"1";"1";"1";3;-21;55
"39251";"202100039251";5;"15:15";"1";"974";"2";"6";"1";3;-21;55
"39252";"202100039252";5;"14:30";"1";"974";"1";"3";"1";3;-21;55
"39253";"202100039253";5;"16:00";"1";"974";"1";"1";"1";3;-20;55
"39254";"202100039254";5;"14:10";"1";"973";"2";"1";"2";2;4;-52
"39255";"202100039255";5;"17:30";"1";"69";"2";"2";"8";3;45;4
"39256";"202100039256";5;"16:45";"1";"69";"2";"1";"2";3;45;4
"39257";"202100039257";5;"22:50";"5";"69";"2";"1";"1";4;45;4
"39258";"202100039258";5;"09:10";"1";"972";"1";"1";"1";2;14;-61
"39259";"202100039259";5;"16:50";"1";"69";"2";"2";"1";3;45;4
"39260";"202100039260";5;"16:40";"1";"69";"2";"1";"8";4;45;4
"39261";"202100039261";5;"20:40";"2";"2A";"2";"1";"1";7;41;8
"39262";"202100039262";5;"16:15";"1";"2A";"2";"2";"1";3;41;8
"39263";"202100039263";5;"09:55";"1";"91";"2";"1";"2";6;48;2
"39264";"202100039264";5;"17:45";"1";"91";"2";"6";"1";3;48;2
"39265";"202100039265";5;"01:05";"5";"83";"2";"9";"1";6;43;5
"39266";"202100039266";5;"15:00";"1";"80";"2";"1";"1";3;49;2
"39267";"202100039267";5;"14:50";"1";"80";"2";"1";"1";2;49;2
"39268";"202100039268";5;"15:12";"1";"80";"2";"1";"1";3;49;2
"39269";"202100039269";5;"21:42";"2";"76";"1";"3";"1";7;49;0
"39270";"202100039270";5;"18:20";"1";"76";"2";"1";"1";3;49;1
"39271";"202100039271";5;"17:40";"1";"69";"1";"1";"1";2;45;4
"39272";"202100039272";5;"17:15";"1";"69";"2";"3";"1";3;45;4
"39273";"202100039273";5;"20:05";"1";"69";"2";"4";"1";3;45;4
"39274";"202100039274";5;"17:45";"1";"64";"2";"3";"1";3;43;0
"39275";"202100039275";5;"16:10";"1";"64";"2";"2";"1";3;43;0
"39276";"202100039276";5;"13:50";"1";"64";"2";"3";"1";3;43;0
"39277";"202100039277";5;"14:50";"1";"62";"2";"6";"1";3;50;1
"39278";"202100039278";5;"01:00";"4";"62";"1";"1";"1";3;50;2
"39279";"202100039279";5;"13:40";"1";"62";"1";"1";"1";6;50;1
"39280";"202100039280";5;"18:35";"1";"59";"2";"1";"1";2;50;3
"39281";"202100039281";5;"11:30";"1";"51";"2";"2";"1";3;49;4
"39282";"202100039282";5;"13:40";"1";"50";"2";"1";"1";2;49;-1
"39283";"202100039283";5;"18:00";"1";"49";"2";"1";"1";6;47;0
"39284";"202100039284";5;"09:10";"1";"49";"2";"2";"1";3;47;0
"39285";"202100039285";5;"14:10";"1";"47";"2";"3";"1";3;44;0
"39286";"202100039286";5;"17:40";"1";"42";"2";"1";"1";6;45;4
"39287";"202100039287";5;"19:00";"1";"35";"2";"1";"1";4;48;-1
"39288";"202100039288";5;"14:10";"1";"35";"2";"2";"2";7;48;-1
"39289";"202100039289";5;"08:30";"1";"34";"1";"1";"1";1;43;3
"39290";"202100039290";5;"16:45";"1";"34";"2";"1";"1";6;43;3
"39291";"202100039291";5;"17:00";"1";"33";"2";"2";"2";3;44;0
"39292";"202100039292";5;"12:15";"1";"33";"2";"4";"2";1;44;0
"39293";"202100039293";5;"12:50";"1";"32";"2";"1";"2";2;43;0
"39294";"202100039294";5;"15:58";"1";"29";"1";"3";"1";3;47;-4
"39295";"202100039295";5;"13:24";"1";"29";"2";"1";"1";1;47;-4
"39296";"202100039296";5;"17:00";"1";"25";"2";"1";"1";2;46;6
"39297";"202100039297";5;"12:15";"1";"14";"2";"2";"1";3;49;0
"39298";"202100039298";5;"17:00";"1";"13";"2";"1";"1";5;43;5
"39299";"202100039299";5;"23:40";"5";"13";"2";"1";"1";2;43;5
"39300";"202100039300";5;"23:00";"5";"13";"2";"1";"1";1;43;5
"39301";"202100039301";5;"23:05";"5";"13";"2";"1";"1";1;43;5
"39302";"202100039302";5;"21:15";"5";"13";"2";"1";"1";3;43;5
"39303";"202100039303";5;"15:50";"1";"13";"2";"1";"1";6;43;5
"39304";"202100039304";5;"16:30";"1";"13";"2";"2";"1";2;43;5
"39305";"202100039305";5;"15:00";"1";"13";"2";"1";"1";1;43;5
"39306";"202100039306";5;"09:00";"1";"13";"2";"9";"1";2;43;5
"39307";"202100039307";5;"08:40";"1";"13";"2";"1";"1";3;43;5
"39308";"202100039308";5;"19:00";"1";"13";"2";"9";"2";3;43;5
"39309";"202100039309";5;"16:30";"1";"07";"2";"3";"1";3;44;4
"39310";"202100039310";5;"16:50";"1";"07";"2";"1";"1";7;44;4
"39311";"202100039311";5;"12:08";"1";"06";"2";"1";"1";6;43;7
"39312";"202100039312";5;"18:10";"1";"06";"2";"1";"1";6;43;6
"39313";"202100039313";5;"08:20";"1";"06";"2";"1";"1";6;43;6
"39314";"202100039314";5;"17:22";"1";"05";"2";"3";"2";3;44;6
"39315";"202100039315";5;"11:20";"1";"01";"2";"1";"1";6;46;5
"39316";"202100039316";5;"15:45";"1";"75";"2";"7";"2";2;48;2
"39317";"202100039317";5;"08:25";"1";"75";"2";"1";"1";3;48;2
"39318";"202100039318";5;"12:20";"1";"75";"2";"1";"1";2;48;2
"39319";"202100039319";5;"13:00";"1";"75";"2";"2";"1";6;48;2
"39320";"202100039320";5;"09:55";"1";"75";"2";"3";"1";3;48;2
"39321";"202100039321";5;"19:45";"1";"75";"2";"5";"1";3;48;2
"39322";"202100039322";5;"14:40";"1";"94";"2";"1";"1";3;48;2
"39323";"202100039323";5;"19:25";"1";"94";"2";"3";"1";3;48;2
"39324";"202100039324";5;"19:03";"1";"94";"2";"1";"1";3;48;2
"39325";"202100039325";5;"07:30";"1";"94";"2";"5";"1";3;48;2
"39326";"202100039326";5;"21:00";"2";"94";"2";"9";"1";3;48;2
"39327";"202100039327";5;"14:45";"1";"94";"2";"1";"1";1;48;2
"39328";"202100039328";5;"12:44";"1";"94";"2";"1";"1";1;48;2
"39329";"202100039329";5;"13:10";"1";"94";"2";"2";"1";3;48;2
"39330";"202100039330";5;"08:00";"1";"93";"2";"1";"2";4;48;2
"39331";"202100039331";5;"17:30";"1";"93";"2";"1";"2";1;48;2
"39332";"202100039332";5;"09:30";"1";"93";"2";"2";"8";3;48;2
"39333";"202100039333";5;"09:30";"1";"92";"2";"2";"2";3;48;2
"39334";"202100039334";5;"08:52";"1";"92";"2";"9";"1";6;48;2
"39335";"202100039335";5;"01:15";"5";"92";"2";"6";"1";6;48;2
"39336";"202100039336";5;"16:45";"1";"62";"1";"1";"1";1;50;1
"39337";"202100039337";5;"15:58";"1";"11";"1";"1";"1";6;43;2
"39338";"202100039338";5;"17:40";"1";"84";"1";"1";"1";7;44;5
"39339";"202100039339";5;"17:05";"2";"972";"1";"1";"1";3;14;-60
"39340";"202100039340";5;"18:00";"1";"12";"1";"1";"1";5;44;2
"39341";"202100039341";5;"15:45";"1";"86";"2";"1";"1";6;46;1
"39342";"202100039342";5;"01:00";"5";"91";"2";"2";"1";3;48;2
"39343";"202100039343";5;"11:42";"1";"65";"1";"1";"1";5;43;0
"39344";"202100039344";5;"21:13";"2";"56";"1";"1";"1";6;48;-2
"39345";"202100039345";5;"21:40";"2";"79";"2";"1";"1";6;46;0
"39346";"202100039346";5;"19:45";"1";"2B";"1";"3";"1";3;42;9
"39347";"202100039347";5;"19:00";"1";"65";"2";"9";"9";1;43;0
"39348";"202100039348";5;"12:25";"1";"69";"2";"3";"1";2;45;4
"39349";"202100039349";5;"15:40";"1";"63";"2";"9";"3";3;45;3
"39350";"202100039350";5;"04:20";"3";"61";"1";"1";"1";1;48;0
"39351";"202100039351";4;"19:10";"1";"61";"1";"1";"1";1;48;0
"39352";"202100039352";5;"11:30";"1";"12";"1";"4";"3";3;44;2
"39353";"202100039353";5;"18:30";"1";"25";"1";"1";"2";1;47;6
"39354";"202100039354";3;"16:15";"1";"02";"1";"1";"1";7;49;3
"39355";"202100039355";5;"16:00";"1";"01";"2";"1";"1";6;45;5
"39356";"202100039356";5;"09:00";"1";"26";"2";"1";"1";6;44;4
"39357";"202100039357";5;"09:00";"1";"06";"2";"1";"1";3;43;7
"39358";"202100039358";5;"17:00";"1";"05";"1";"1";"1";6;44;6
"39359";"202100039359";5;"08:10";"1";"60";"2";"1";"1";7;49;2
"39360";"202100039360";5;"19:45";"1";"40";"1";"1";"1";1;43;0
"39361";"202100039361";5;"07:10";"2";"85";"2";"3";"9";3;46;-1
"39362";"202100039362";5;"17:00";"1";"85";"2";"3";"1";1;46;-1
"39363";"202100039363";5;"12:40";"1";"37";"1";"1";"1";1;46;1
"39364";"202100039364";5;"21:45";"2";"37";"2";"2";"1";3;47;0
"39365";"202100039365";5;"12:25";"1";"30";"2";"1";"1";6;43;4
"39366";"202100039366";5;"16:30";"1";"30";"2";"1";"1";7;43;4
"39367";"202100039367";5;"15:15";"1";"88";"2";"1";"2";3;48;6
"39368";"202100039368";5;"11:45";"1";"31";"1";"1";"1";2;43;1