"";"Num_Acc";"mois";"hrmn";"lum";"dep";"agg";"int";"atm";"col";"lat";"long"
"39369";"202100039369";5;"12:31";"1";"06";"1";"1";"1";7;43;7
"39370";"202100039370";5;"12:00";"1";"971";"1";"1";"1";3;16;-61
"39371";"202100039371";5;"19:20";"3";"986";"1";"1";"1";1;-13;-176
"39372";"202100039372";5;"18:00";"2";"974";"2";"4";"1";7;-21;55
"39373";"202100039373";5;"18:43";"2";"971";"2";"1";"1";3;16;-61
"39374";"202100039374";5;"13:30";"1";"33";"2";"1";"1";7;44;0
"39375";"202100039375";5;"08:00";"1";"91";"2";"1";"1";6;48;2
"39376";"202100039376";5;"14:10";"1";"2A";"2";"1";"1";6;41;9
"39377";"202100039377";5;"19:20";"1";"84";"2";"1";"1";1;44;5
"39378";"202100039378";5;"17:15";"1";"84";"2";"9";"1";3;43;4
"39379";"202100039379";5;"14:30";"1";"83";"1";"1";"1";7;43;5
"39380";"202100039380";5;"21:30";"3";"74";"1";"1";"2";6;46;6
"39381";"202100039381";5;"18:30";"1";"64";"2";"6";"1";3;43;-1
"39382";"202100039382";5;"07:30";"1";"33";"1";"4";"1";1;44;0
"39383";"202100039383";5;"11:10";"1";"85";"2";"3";"1";3;46;-1
"39384";"202100039384";5;"21:00";"2";"22";"1";"2";"1";4;48;-2
"39385";"202100039385";5;"15:38";"1";"27";"1";"1";"1";6;49;1
"39386";"202100039386";5;"20:34";"2";"13";"1";"1";"1";7;43;5
"39387";"202100039387";5;"11:10";"1";"69";"1";"1";"2";4;45;4
"39388";"202100039388";5;"23:00";"3";"54";"1";"1";"1";4;48;6
"39389";"202100039389";5;"16:40";"1";"33";"1";"1";"1";4;44;0
"39390";"202100039390";5;"18:34";"1";"94";"1";"1";"1";4;48;2
"39391";"202100039391";5;"08:15";"1";"91";"1";"1";"1";6;48;2
"39392";"202100039392";5;"02:12";"5";"94";"1";"1";"1";7;48;2
"39393";"202100039393";5;"16:35";"1";"78";"1";"1";"1";3;48;2
"39394";"202100039394";5;"15:20";"1";"92";"1";"1";"3";4;48;2
"39395";"202100039395";5;"12:35";"1";"92";"1";"1";"2";2;48;2
"39396";"202100039396";5;"11:00";"1";"78";"1";"1";"1";2;48;2
"39397";"202100039397";5;"19:30";"2";"93";"1";"1";"2";3;48;2
"39398";"202100039398";5;"19:00";"1";"93";"1";"1";"2";2;48;2
"39399";"202100039399";5;"08:20";"1";"93";"1";"1";"1";4;48;2
"39400";"202100039400";5;"06:55";"1";"95";"1";"1";"1";6;49;2
"39401";"202100039401";5;"06:30";"1";"93";"1";"1";"1";3;48;2
"39402";"202100039402";5;"23:43";"3";"94";"1";"1";"2";6;48;2
"39403";"202100039403";5;"16:25";"1";"72";"2";"2";"8";1;47;0
"39404";"202100039404";5;"09:20";"1";"32";"2";"1";"8";6;43;0
"39405";"202100039405";5;"12:40";"1";"06";"2";"1";"1";6;43;7
"39406";"202100039406";5;"16:30";"1";"06";"2";"1";"1";6;43;7
"39407";"202100039407";5;"12:25";"1";"91";"1";"1";"1";6;48;2
"39408";"202100039408";1;"00:01";"5";"76";"2";"1";"1";6;49;0
"39409";"202100039409";2;"16:00";"1";"58";"2";"1";"1";3;46;3
"39410";"202100039410";5;"23:15";"3";"973";"2";"1";"3";3;4;-52
"39411";"202100039411";5;"10:30";"1";"69";"2";"2";"1";2;45;4
"39412";"202100039412";5;"09:50";"1";"69";"2";"2";"1";3;45;4
"39413";"202100039413";5;"11:15";"1";"69";"2";"6";"8";3;45;4
"39414";"202100039414";5;"10:05";"1";"972";"2";"1";"1";6;14;-61
"39415";"202100039415";5;"18:30";"1";"69";"2";"1";"2";2;45;4
"39416";"202100039416";5;"15:33";"1";"971";"1";"1";"1";1;16;-61
"39417";"202100039417";5;"08:25";"1";"971";"1";"1";"1";3;16;-61
"39418";"202100039418";5;"06:30";"1";"971";"1";"1";"1";7;16;-61
"39419";"202100039419";5;"20:00";"1";"95";"2";"1";"2";6;48;2
"39420";"202100039420";5;"17:00";"1";"95";"2";"1";"2";3;49;2
"39421";"202100039421";5;"19:18";"1";"91";"2";"3";"1";1;48;2
"39422";"202100039422";5;"18:40";"1";"91";"2";"1";"1";2;48;2
"39423";"202100039423";5;"11:25";"1";"91";"2";"6";"1";2;48;2
"39424";"202100039424";5;"14:45";"1";"91";"1";"1";"1";6;48;2
"39425";"202100039425";5;"21:30";"2";"78";"2";"2";"2";3;48;2
"39426";"202100039426";5;"19:45";"1";"78";"2";"1";"2";3;48;2
"39427";"202100039427";5;"17:00";"1";"78";"2";"1";"8";6;48;2
"39428";"202100039428";5;"16:45";"1";"77";"2";"4";"1";1;48;2
"39429";"202100039429";4;"00:10";"3";"73";"1";"1";"1";7;45;5
"39430";"202100039430";5;"17:55";"1";"71";"2";"6";"8";3;46;4
"39431";"202100039431";5;"12:55";"1";"69";"2";"3";"1";6;45;4
"39432";"202100039432";5;"12:50";"1";"69";"2";"2";"8";6;45;4
"39433";"202100039433";5;"10:15";"1";"69";"2";"1";"1";6;45;4
"39434";"202100039434";5;"21:41";"5";"66";"2";"3";"1";3;42;2
"39435";"202100039435";5;"17:50";"1";"65";"2";"9";"2";3;43;0
"39436";"202100039436";5;"17:10";"1";"65";"2";"2";"2";6;43;0
"39437";"202100039437";5;"16:25";"1";"64";"2";"1";"1";3;43;0
"39438";"202100039438";3;"19:40";"2";"62";"2";"1";"1";3;50;3
"39439";"202100039439";5;"11:20";"1";"61";"1";"1";"3";7;48;0
"39440";"202100039440";5;"11:45";"1";"60";"2";"2";"1";2;49;2
"39441";"202100039441";5;"21:20";"1";"56";"2";"2";"3";3;47;-3
"39442";"202100039442";5;"18:50";"1";"54";"2";"1";"1";6;48;6
"39443";"202100039443";5;"12:10";"1";"54";"2";"1";"2";6;48;6
"39444";"202100039444";5;"18:30";"1";"54";"2";"1";"1";6;48;6
"39445";"202100039445";5;"12:40";"1";"54";"2";"2";"1";3;48;6
"39446";"202100039446";5;"05:00";"5";"54";"2";"1";"8";1;49;5
"39447";"202100039447";5;"14:30";"1";"51";"2";"6";"1";7;49;3
"39448";"202100039448";5;"17:05";"1";"50";"2";"1";"1";3;48;-1
"39449";"202100039449";5;"05:30";"5";"50";"2";"2";"8";6;49;-1
"39450";"202100039450";5;"08:56";"1";"49";"2";"1";"2";7;47;0
"39451";"202100039451";5;"22:40";"5";"44";"2";"1";"1";6;47;-1
"39452";"202100039452";5;"18:25";"1";"37";"2";"1";"1";7;47;0
"39453";"202100039453";5;"18:10";"1";"35";"2";"9";"8";3;48;-1
"39454";"202100039454";5;"17:30";"1";"35";"2";"1";"1";2;48;-1
"39455";"202100039455";5;"12:15";"1";"35";"2";"3";"1";3;48;-1
"39456";"202100039456";5;"08:45";"1";"35";"2";"1";"1";2;48;-1
"39457";"202100039457";5;"17:55";"1";"33";"2";"1";"1";3;44;0
"39458";"202100039458";5;"15:25";"1";"33";"2";"3";"1";3;44;0
"39459";"202100039459";5;"15:00";"1";"33";"2";"6";"1";3;44;-1
"39460";"202100039460";5;"06:40";"1";"31";"2";"1";"1";2;43;0
"39461";"202100039461";5;"12:45";"1";"13";"1";"1";"1";6;43;5
"39462";"202100039462";5;"16:15";"1";"13";"2";"1";"1";3;43;5
"39463";"202100039463";5;"18:00";"1";"13";"2";"1";"2";2;43;5
"39464";"202100039464";5;"14:30";"1";"13";"2";"1";"1";1;43;5
"39465";"202100039465";5;"10:20";"1";"13";"2";"1";"1";6;43;5
"39466";"202100039466";5;"10:20";"1";"13";"2";"1";"1";6;43;5
"39467";"202100039467";5;"11:15";"1";"13";"2";"1";"1";2;43;5
"39468";"202100039468";5;"16:00";"1";"06";"2";"1";"1";6;43;7
"39469";"202100039469";5;"17:00";"1";"06";"2";"2";"1";5;43;6
"39470";"202100039470";5;"17:50";"1";"75";"2";"1";"1";4;48;2
"39471";"202100039471";5;"01:44";"4";"75";"2";"3";"1";2;48;2
"39472";"202100039472";5;"12:42";"1";"75";"2";"1";"1";6;48;2
"39473";"202100039473";5;"08:00";"1";"75";"2";"1";"8";3;48;2
"39474";"202100039474";5;"18:30";"1";"75";"2";"1";"2";3;48;2
"39475";"202100039475";5;"16:10";"1";"75";"2";"4";"2";3;48;2
"39476";"202100039476";5;"06:40";"1";"75";"2";"5";"1";3;48;2
"39477";"202100039477";5;"15:36";"1";"75";"2";"2";"2";3;48;2
"39478";"202100039478";5;"19:45";"1";"75";"2";"7";"1";7;48;2
"39479";"202100039479";5;"20:50";"1";"75";"2";"2";"2";7;48;2
"39480";"202100039480";5;"10:00";"1";"75";"2";"2";"1";3;48;2
"39481";"202100039481";5;"17:36";"1";"94";"2";"9";"2";6;48;2
"39482";"202100039482";5;"07:31";"1";"94";"2";"1";"1";3;48;2
"39483";"202100039483";5;"14:50";"1";"93";"2";"1";"1";6;48;2
"39484";"202100039484";5;"11:44";"1";"93";"2";"9";"8";3;48;2
"39485";"202100039485";5;"16:30";"1";"93";"2";"6";"1";1;48;2
"39486";"202100039486";5;"09:40";"1";"93";"2";"1";"1";2;48;2
"39487";"202100039487";5;"19:25";"1";"93";"2";"9";"1";3;48;2
"39488";"202100039488";5;"01:30";"5";"92";"2";"1";"1";6;48;2
"39489";"202100039489";5;"07:21";"2";"92";"2";"1";"1";5;48;2
"39490";"202100039490";5;"20:13";"1";"92";"2";"2";"1";3;48;2
"39491";"202100039491";5;"18:50";"3";"974";"1";"9";"1";6;-20;55
"39492";"202100039492";5;"11:25";"1";"2A";"1";"1";"1";2;41;8
"39493";"202100039493";5;"07:00";"1";"49";"1";"2";"1";1;47;0
"39494";"202100039494";5;"23:40";"5";"972";"1";"1";"1";1;14;-60
"39495";"202100039495";5;"18:55";"1";"67";"2";"1";"1";3;48;7
"39496";"202100039496";5;"17:42";"1";"60";"1";"1";"2";1;49;2
"39497";"202100039497";5;"18:00";"1";"62";"1";"2";"1";3;50;2
"39498";"202100039498";5;"16:35";"1";"74";"1";"1";"3";3;45;5
"39499";"202100039499";5;"17:40";"1";"69";"2";"1";"1";1;45;4
"39500";"202100039500";5;"13:55";"1";"11";"1";"1";"1";6;43;3
"39501";"202100039501";5;"18:08";"1";"61";"1";"1";"1";3;48;0
"39502";"202100039502";5;"15:10";"1";"49";"2";"1";"1";3;47;0
"39503";"202100039503";5;"17:25";"1";"12";"1";"1";"1";1;44;2
"39504";"202100039504";5;"11:45";"1";"12";"1";"1";"1";6;44;3
"39505";"202100039505";5;"17:20";"1";"47";"1";"1";"8";6;44;0
"39506";"202100039506";5;"13:46";"1";"39";"1";"1";"2";5;46;6
"39507";"202100039507";5;"16:55";"1";"31";"1";"2";"1";1;43;1
"39508";"202100039508";5;"09:30";"1";"84";"1";"1";"6";7;44;5
"39509";"202100039509";5;"16:50";"1";"03";"2";"6";"2";2;46;2
"39510";"202100039510";5;"17:25";"1";"26";"1";"3";"1";3;45;5
"39511";"202100039511";5;"03:20";"3";"58";"2";"1";"1";6;47;2
"39512";"202100039512";5;"16:10";"1";"53";"2";"1";"1";6;48;0
"39513";"202100039513";5;"11:20";"1";"17";"2";"9";"1";1;45;-1
"39514";"202100039514";5;"12:10";"1";"17";"1";"1";"1";6;46;0
"39515";"202100039515";5;"20:33";"1";"37";"1";"2";"1";3;47;0
"39516";"202100039516";5;"09:10";"1";"31";"1";"1";"1";1;43;1
"39517";"202100039517";5;"14:25";"1";"49";"1";"1";"1";1;47;0
"39518";"202100039518";5;"18:16";"1";"55";"1";"3";"1";3;49;5
"39519";"202100039519";5;"06:00";"1";"971";"1";"1";"7";3;16;-61
"39520";"202100039520";5;"10:45";"1";"77";"1";"1";"4";2;48;2
"39521";"202100039521";5;"11:00";"1";"77";"1";"1";"4";3;48;2
"39522";"202100039522";5;"10:00";"1";"987";"1";"1";"1";5;-17;-149
"39523";"202100039523";5;"14:25";"1";"974";"2";"1";"1";1;-20;55
"39524";"202100039524";5;"10:45";"1";"978";"2";"1";"1";1;18;-63
"39525";"202100039525";5;"14:40";"1";"77";"2";"1";"1";1;48;2
"39526";"202100039526";5;"14:15";"1";"78";"1";"1";"2";5;48;2
"39527";"202100039527";5;"19:45";"1";"2B";"1";"1";"1";3;42;9
"39528";"202100039528";5;"19:40";"2";"66";"2";"9";"1";1;42;2
"39529";"202100039529";5;"15:00";"1";"34";"1";"1";"1";3;43;3
"39530";"202100039530";5;"17:15";"1";"89";"2";"2";"1";3;47;3
"39531";"202100039531";5;"20:45";"1";"89";"2";"1";"1";1;47;3
"39532";"202100039532";3;"15:35";"1";"73";"2";"1";"1";3;45;6
"39533";"202100039533";5;"08:23";"1";"13";"1";"1";"1";4;43;5
"39534";"202100039534";5;"14:00";"1";"13";"1";"1";"1";5;43;5
"39535";"202100039535";5;"18:25";"1";"13";"1";"1";"1";5;43;5
"39536";"202100039536";5;"07:40";"1";"13";"1";"1";"1";4;43;5
"39537";"202100039537";5;"02:45";"3";"54";"1";"1";"8";2;48;6
"39538";"202100039538";5;"13:20";"1";"94";"1";"1";"1";2;48;2
"39539";"202100039539";5;"10:45";"1";"77";"1";"1";"1";6;48;2
"39540";"202100039540";5;"07:33";"1";"92";"1";"1";"1";3;48;2
"39541";"202100039541";5;"20:00";"1";"93";"1";"1";"2";6;48;2
"39542";"202100039542";5;"09:15";"2";"95";"1";"1";"1";4;48;2
"39543";"202100039543";5;"16:15";"1";"95";"1";"1";"2";2;49;2
"39544";"202100039544";5;"13:50";"1";"93";"1";"1";"1";6;48;2
"39545";"202100039545";5;"16:00";"1";"94";"1";"1";"1";4;48;2
"39546";"202100039546";5;"00:00";"4";"68";"2";"1";"2";6;47;7
"39547";"202100039547";5;"13:50";"1";"68";"2";"9";"1";6;47;7
"39548";"202100039548";5;"13:05";"1";"93";"2";"1";"2";6;48;2
"39549";"202100039549";5;"11:51";"1";"987";"2";"2";"1";3;-17;-149
"39550";"202100039550";5;"10:40";"1";"976";"2";"1";"1";6;-12;45
"39551";"202100039551";5;"17:50";"1";"67";"1";"1";"2";4;48;7
"39552";"202100039552";2;"08:10";"5";"60";"2";"1";"2";6;49;2
"39553";"202100039553";5;"17:05";"1";"974";"2";"1";"1";6;-20;55
"39554";"202100039554";5;"17:50";"1";"973";"2";"1";"1";3;4;-52
"39555";"202100039555";5;"15:10";"1";"69";"2";"9";"2";6;45;4
"39556";"202100039556";5;"14:15";"1";"69";"2";"1";"2";3;45;4
"39557";"202100039557";5;"20:10";"5";"972";"1";"1";"1";5;14;-61
"39558";"202100039558";5;"12:50";"1";"971";"1";"1";"1";1;16;-61
"39559";"202100039559";5;"14:30";"1";"91";"2";"1";"3";3;48;2
"39560";"202100039560";5;"22:50";"3";"91";"2";"1";"3";7;48;2
"39561";"202100039561";5;"13:13";"1";"87";"2";"2";"1";2;45;1
"39562";"202100039562";5;"18:15";"1";"76";"1";"1";"1";6;49;0
"39563";"202100039563";5;"13:14";"1";"72";"2";"1";"2";2;48;0
"39564";"202100039564";5;"12:25";"1";"69";"2";"1";"1";6;45;4
"39565";"202100039565";5;"18:00";"1";"68";"2";"9";"1";3;48;7
"39566";"202100039566";5;"17:10";"1";"67";"2";"1";"1";6;48;7
"39567";"202100039567";5;"10:20";"1";"67";"2";"4";"1";3;48;7
"39568";"202100039568";5;"08:30";"1";"66";"1";"1";"1";6;42;2
"39569";"202100039569";5;"07:50";"1";"64";"2";"3";"1";2;43;0
"39570";"202100039570";5;"13:43";"1";"63";"2";"4";"1";3;45;3
"39571";"202100039571";4;"10:00";"1";"59";"2";"1";"1";5;50;3
"39572";"202100039572";5;"13:15";"1";"56";"2";"3";"1";2;47;-3
"39573";"202100039573";5;"14:00";"1";"51";"2";"1";"1";7;49;4
"39574";"202100039574";5;"11:52";"1";"49";"2";"5";"1";3;47;0
"39575";"202100039575";5;"16:35";"1";"42";"2";"1";"1";3;45;4
"39576";"202100039576";5;"16:33";"1";"42";"2";"6";"1";6;45;4
"39577";"202100039577";5;"19:00";"1";"41";"2";"1";"2";7;47;1
"39578";"202100039578";5;"09:25";"1";"37";"2";"1";"8";6;47;0
"39579";"202100039579";4;"08:00";"1";"36";"2";"3";"1";3;46;1
"39580";"202100039580";5;"16:45";"1";"35";"1";"1";"1";4;48;-1
"39581";"202100039581";5;"11:15";"1";"35";"1";"1";"2";3;48;-1
"39582";"202100039582";5;"17:20";"1";"33";"2";"1";"1";3;44;0
"39583";"202100039583";5;"01:50";"5";"33";"2";"2";"1";3;44;0
"39584";"202100039584";5;"12:40";"1";"33";"2";"3";"1";3;44;-1
"39585";"202100039585";5;"19:00";"1";"30";"2";"1";"1";6;43;4
"39586";"202100039586";5;"15:14";"1";"19";"1";"1";"1";7;45;1
"39587";"202100039587";5;"07:50";"1";"17";"1";"6";"1";6;46;-1
"39588";"202100039588";5;"19:10";"1";"13";"1";"1";"1";7;43;4
"39589";"202100039589";5;"16:30";"1";"13";"1";"3";"1";3;43;4
"39590";"202100039590";5;"18:00";"1";"13";"2";"1";"1";3;43;5
"39591";"202100039591";5;"06:20";"1";"13";"2";"1";"1";3;43;5
"39592";"202100039592";5;"17:40";"1";"13";"2";"1";"1";3;43;5
"39593";"202100039593";5;"16:22";"1";"10";"2";"1";"1";6;48;4
"39594";"202100039594";5;"14:30";"1";"06";"1";"1";"1";5;43;7
"39595";"202100039595";5;"16:48";"1";"05";"2";"1";"2";7;44;6
"39596";"202100039596";5;"13:51";"1";"05";"2";"1";"1";2;44;6
"39597";"202100039597";5;"15:50";"1";"75";"2";"1";"1";2;48;2
"39598";"202100039598";5;"19:00";"1";"75";"2";"1";"2";7;48;2
"39599";"202100039599";5;"15:45";"1";"75";"2";"1";"1";6;48;2
"39600";"202100039600";5;"18:07";"1";"75";"2";"2";"1";3;48;2
"39601";"202100039601";5;"18:40";"1";"75";"2";"4";"8";6;48;2
"39602";"202100039602";5;"11:56";"1";"75";"2";"3";"2";6;48;2
"39603";"202100039603";5;"21:00";"2";"75";"2";"1";"2";2;48;2
"39604";"202100039604";5;"01:05";"5";"75";"2";"5";"8";6;48;2
"39605";"202100039605";5;"09:50";"1";"75";"2";"1";"1";6;48;2
"39606";"202100039606";5;"17:03";"1";"75";"2";"1";"8";2;48;2
"39607";"202100039607";5;"14:30";"1";"75";"2";"2";"8";3;48;2
"39608";"202100039608";5;"13:35";"1";"75";"2";"2";"2";3;48;2
"39609";"202100039609";5;"08:35";"1";"75";"2";"3";"2";6;48;2
"39610";"202100039610";5;"17:15";"1";"75";"2";"2";"1";6;48;2
"39611";"202100039611";5;"08:38";"1";"75";"2";"2";"8";6;48;2
"39612";"202100039612";5;"15:45";"1";"75";"2";"2";"2";2;48;2
"39613";"202100039613";5;"14:50";"1";"75";"2";"2";"1";7;48;2
"39614";"202100039614";5;"17:35";"1";"94";"2";"1";"1";7;48;2
"39615";"202100039615";5;"19:30";"1";"94";"2";"1";"1";2;48;2
"39616";"202100039616";5;"08:40";"1";"94";"2";"1";"2";4;48;2
"39617";"202100039617";5;"17:00";"1";"77";"1";"9";"2";3;49;2
"39618";"202100039618";5;"19:55";"1";"92";"2";"3";"1";3;48;2
"39619";"202100039619";5;"11:20";"1";"92";"2";"1";"2";1;48;2
"39620";"202100039620";5;"15:35";"1";"92";"2";"1";"2";2;48;2
"39621";"202100039621";5;"20:00";"1";"92";"2";"1";"1";6;48;2
"39622";"202100039622";5;"21:15";"2";"92";"2";"1";"1";3;48;2
"39623";"202100039623";5;"18:50";"2";"92";"2";"3";"1";2;48;2
"39624";"202100039624";5;"15:20";"1";"92";"2";"3";"1";3;48;2
"39625";"202100039625";5;"09:44";"1";"92";"2";"1";"8";6;48;2
"39626";"202100039626";5;"14:20";"1";"85";"1";"1";"1";3;46;-1
"39627";"202100039627";5;"19:25";"2";"17";"2";"1";"1";2;46;-1
"39628";"202100039628";5;"00:45";"3";"84";"1";"1";"1";1;43;4
"39629";"202100039629";5;"09:10";"1";"40";"2";"1";"1";6;43;-1
"39630";"202100039630";5;"20:00";"1";"06";"2";"1";"1";7;43;7
"39631";"202100039631";5;"07:35";"2";"29";"1";"1";"8";6;48;-4
"39632";"202100039632";5;"22:00";"5";"84";"1";"1";"1";7;44;4
"39633";"202100039633";5;"17:00";"1";"65";"2";"3";"2";3;43;0
"39634";"202100039634";5;"11:48";"1";"62";"1";"3";"1";6;50;2
"39635";"202100039635";5;"07:15";"1";"2A";"2";"1";"1";3;41;8
"39636";"202100039636";5;"13:15";"1";"2A";"2";"1";"1";2;41;8
"39637";"202100039637";5;"08:40";"1";"65";"2";"2";"7";3;43;0
"39638";"202100039638";5;"17:30";"1";"11";"1";"1";"1";2;43;2
"39639";"202100039639";5;"16:15";"1";"71";"1";"1";"1";2;46;4
"39640";"202100039640";5;"06:00";"3";"89";"1";"1";"3";6;48;3
"39641";"202100039641";5;"21:30";"3";"63";"1";"1";"8";6;45;2
"39642";"202100039642";5;"07:00";"1";"63";"1";"2";"1";3;45;3
"39643";"202100039643";5;"13:46";"1";"25";"2";"1";"3";6;47;6
"39644";"202100039644";5;"17:00";"1";"31";"1";"1";"1";1;43;0
"39645";"202100039645";5;"09:00";"1";"72";"1";"1";"1";7;48;0
"39646";"202100039646";5;"14:45";"1";"14";"1";"1";"1";1;49;0
"39647";"202100039647";5;"08:55";"1";"50";"2";"1";"1";6;48;-1
"39648";"202100039648";5;"11:30";"1";"73";"2";"6";"1";6;45;6
"39649";"202100039649";5;"21:10";"2";"53";"1";"1";"2";7;47;0
"39650";"202100039650";5;"20:30";"2";"85";"1";"1";"2";6;46;-1
"39651";"202100039651";4;"17:45";"1";"17";"2";"1";"1";1;45;0
"39652";"202100039652";5;"07:34";"1";"67";"2";"1";"2";6;48;7
"39653";"202100039653";5;"06:55";"2";"24";"1";"1";"8";6;44;0
"39654";"202100039654";5;"14:59";"1";"86";"1";"1";"1";2;46;0
"39655";"202100039655";5;"07:30";"1";"77";"1";"1";"2";6;48;2
"39656";"202100039656";5;"22:45";"3";"977";"2";"1";"1";3;17;-62
"39657";"202100039657";5;"12:10";"1";"45";"2";"1";"8";6;48;2
"39658";"202100039658";5;"08:55";"1";"26";"1";"1";"8";2;45;4
"39659";"202100039659";5;"17:45";"1";"71";"2";"4";"1";1;46;4
"39660";"202100039660";5;"16:35";"1";"63";"1";"1";"1";5;45;3
"39661";"202100039661";5;"18:43";"1";"86";"2";"2";"1";3;47;0
"39662";"202100039662";5;"06:45";"2";"33";"2";"1";"2";7;45;-1
"39663";"202100039663";5;"08:52";"1";"60";"1";"1";"1";2;49;2
"39664";"202100039664";5;"08:10";"1";"60";"1";"1";"1";4;49;2
"39665";"202100039665";5;"10:50";"1";"33";"1";"1";"2";4;44;0
"39666";"202100039666";5;"17:21";"1";"91";"1";"1";"1";5;48;2
"39667";"202100039667";5;"13:41";"1";"91";"1";"1";"3";4;48;2
"39668";"202100039668";5;"06:15";"1";"91";"1";"1";"2";6;48;2
"39669";"202100039669";5;"22:16";"3";"91";"1";"1";"2";5;48;2
"39670";"202100039670";5;"07:15";"1";"95";"1";"1";"2";6;48;2
"39671";"202100039671";5;"22:30";"3";"95";"1";"1";"2";6;48;2
"39672";"202100039672";5;"21:30";"3";"95";"1";"1";"2";6;49;2
"39673";"202100039673";5;"22:35";"3";"92";"1";"1";"2";2;48;2
"39674";"202100039674";5;"22:30";"3";"95";"1";"1";"2";6;48;2
"39675";"202100039675";5;"20:10";"1";"95";"1";"1";"2";3;49;2
"39676";"202100039676";5;"08:40";"1";"95";"1";"1";"1";6;48;2
"39677";"202100039677";5;"00:10";"4";"93";"1";"1";"2";6;48;2
"39678";"202100039678";5;"11:50";"1";"93";"1";"1";"8";4;48;2
"39679";"202100039679";5;"08:00";"1";"94";"1";"1";"1";4;48;2
"39680";"202100039680";5;"12:25";"1";"976";"2";"1";"1";5;-12;45
"39681";"202100039681";5;"20:10";"1";"69";"2";"2";"1";3;45;4
"39682";"202100039682";5;"04:40";"5";"69";"2";"2";"1";3;45;4
"39683";"202100039683";5;"15:14";"1";"95";"2";"2";"1";3;48;2
"39684";"202100039684";5;"18:55";"1";"91";"2";"3";"2";3;48;2
"39685";"202100039685";5;"21:00";"1";"76";"2";"9";"1";3;49;1
"39686";"202100039686";5;"14:40";"1";"76";"1";"1";"1";7;49;1
"39687";"202100039687";5;"13:10";"1";"72";"2";"1";"1";6;48;0
"39688";"202100039688";5;"16:45";"1";"69";"2";"6";"1";7;45;4
"39689";"202100039689";5;"16:20";"1";"64";"2";"6";"2";7;43;-1
"39690";"202100039690";5;"12:26";"1";"60";"2";"1";"1";6;49;2
"39691";"202100039691";5;"14:39";"1";"54";"2";"2";"1";6;48;6
"39692";"202100039692";5;"09:50";"1";"54";"2";"1";"1";3;48;6
"39693";"202100039693";5;"17:10";"1";"45";"2";"3";"1";6;47;1
"39694";"202100039694";5;"06:24";"5";"45";"2";"2";"1";7;47;1
"39695";"202100039695";5;"13:30";"1";"32";"1";"8";"8";7;43;0
"39696";"202100039696";5;"16:45";"1";"31";"1";"1";"2";6;43;1
"39697";"202100039697";5;"13:00";"1";"31";"2";"3";"3";1;43;1
"39698";"202100039698";5;"11:58";"1";"17";"2";"9";"3";6;45;-1
"39699";"202100039699";5;"22:45";"3";"13";"1";"1";"3";7;43;5
"39700";"202100039700";5;"17:40";"1";"13";"2";"2";"2";6;43;5
"39701";"202100039701";5;"10:40";"1";"13";"2";"1";"1";3;43;5
"39702";"202100039702";5;"16:15";"1";"75";"2";"1";"8";2;48;2
"39703";"202100039703";5;"09:00";"1";"75";"2";"4";"2";6;48;2
"39704";"202100039704";5;"04:40";"5";"75";"2";"1";"2";2;48;2
"39705";"202100039705";5;"14:09";"1";"75";"2";"2";"2";2;48;2
"39706";"202100039706";5;"21:05";"2";"75";"2";"2";"2";3;48;2
"39707";"202100039707";5;"14:15";"1";"75";"2";"3";"2";4;48;2
"39708";"202100039708";5;"18:50";"1";"75";"2";"3";"8";3;48;2
"39709";"202100039709";5;"15:50";"1";"75";"2";"3";"1";6;48;2
"39710";"202100039710";5;"14:10";"1";"75";"2";"1";"1";3;48;2
"39711";"202100039711";5;"16:00";"1";"75";"2";"3";"1";2;48;2
"39712";"202100039712";5;"19:50";"1";"75";"2";"3";"2";3;48;2
"39713";"202100039713";5;"16:20";"1";"75";"2";"1";"8";6;48;2
"39714";"202100039714";5;"15:10";"1";"75";"2";"3";"1";2;48;2
"39715";"202100039715";5;"14:52";"1";"75";"2";"5";"3";3;48;2
"39716";"202100039716";5;"18:45";"1";"75";"2";"2";"3";3;48;2
"39717";"202100039717";5;"21:45";"5";"75";"2";"2";"8";3;48;2
"39718";"202100039718";5;"19:00";"1";"75";"2";"7";"2";2;48;2
"39719";"202100039719";5;"14:05";"1";"75";"2";"1";"2";3;48;2
"39720";"202100039720";5;"16:30";"1";"75";"2";"3";"1";4;48;2
"39721";"202100039721";5;"18:40";"1";"75";"2";"2";"2";7;48;2
"39722";"202100039722";5;"13:25";"1";"75";"2";"2";"2";7;48;2
"39723";"202100039723";5;"16:40";"1";"94";"2";"3";"1";3;48;2
"39724";"202100039724";5;"19:00";"1";"94";"2";"1";"8";6;48;2
"39725";"202100039725";5;"19:30";"1";"94";"1";"9";"2";5;48;2
"39726";"202100039726";5;"06:50";"2";"93";"2";"3";"1";3;48;2
"39727";"202100039727";5;"18:50";"1";"93";"2";"2";"2";3;48;2
"39728";"202100039728";5;"14:10";"1";"93";"2";"2";"1";3;48;2
"39729";"202100039729";5;"09:50";"1";"93";"2";"9";"1";3;48;2
"39730";"202100039730";5;"18:45";"1";"93";"2";"1";"2";6;48;2
"39731";"202100039731";5;"19:40";"2";"92";"2";"9";"3";7;48;2
"39732";"202100039732";5;"22:00";"5";"92";"2";"2";"1";3;48;2
"39733";"202100039733";5;"19:34";"1";"92";"2";"2";"3";7;48;2