"";"Num_Acc";"mois";"hrmn";"lum";"dep";"agg";"int";"atm";"col";"lat";"long"
"39734";"202100039734";5;"18:40";"1";"95";"1";"1";"3";6;49;2
"39735";"202100039735";5;"18:24";"1";"47";"2";"2";"8";3;44;0
"39736";"202100039736";5;"15:30";"1";"08";"2";"1";"2";6;49;4
"39737";"202100039737";5;"10:35";"1";"06";"1";"4";"1";3;43;7
"39738";"202100039738";5;"06:15";"2";"26";"1";"1";"1";2;44;4
"39739";"202100039739";5;"14:40";"1";"30";"1";"1";"1";7;44;4
"39740";"202100039740";5;"11:55";"1";"77";"1";"1";"2";6;48;3
"39741";"202100039741";5;"21:50";"5";"37";"1";"1";"1";2;47;0
"39742";"202100039742";5;"16:25";"1";"79";"2";"2";"1";3;46;0
"39743";"202100039743";5;"15:20";"1";"71";"2";"1";"2";6;46;4
"39744";"202100039744";5;"04:30";"3";"35";"1";"1";"2";7;48;-1
"39745";"202100039745";5;"16:46";"1";"35";"1";"1";"3";4;48;-1
"39746";"202100039746";5;"17:45";"1";"29";"1";"3";"1";3;47;-4
"39747";"202100039747";5;"21:21";"2";"31";"1";"1";"2";6;43;1
"39748";"202100039748";5;"06:35";"2";"54";"1";"1";"2";1;49;5
"39749";"202100039749";5;"17:40";"1";"14";"1";"1";"2";6;49;0
"39750";"202100039750";5;"13:35";"1";"45";"1";"1";"6";4;48;2
"39751";"202100039751";5;"11:50";"1";"18";"1";"1";"2";1;46;2
"39752";"202100039752";5;"09:30";"1";"43";"1";"9";"2";7;44;4
"39753";"202100039753";5;"10:45";"1";"36";"1";"1";"3";3;46;1
"39754";"202100039754";5;"17:15";"1";"24";"1";"4";"1";7;44;1
"39755";"202100039755";5;"09:30";"1";"27";"1";"1";"1";6;49;0
"39756";"202100039756";5;"16:40";"1";"17";"1";"1";"1";7;45;0
"39757";"202100039757";5;"10:15";"1";"68";"2";"3";"1";3;47;7
"39758";"202100039758";5;"18:50";"1";"49";"1";"1";"8";6;47;0
"39759";"202100039759";5;"11:10";"1";"33";"1";"1";"2";4;44;0
"39760";"202100039760";5;"02:00";"3";"13";"1";"9";"2";6;43;5
"39761";"202100039761";5;"18:30";"5";"987";"1";"3";"1";1;-17;-149
"39762";"202100039762";5;"21:30";"3";"988";"1";"1";"1";1;-22;166
"39763";"202100039763";5;"07:00";"1";"973";"2";"1";"1";6;5;-54
"39764";"202100039764";5;"17:06";"1";"978";"2";"1";"1";7;18;-63
"39765";"202100039765";5;"13:15";"1";"977";"1";"1";"1";7;17;-62
"39766";"202100039766";5;"17:40";"1";"78";"2";"1";"2";3;48;1
"39767";"202100039767";5;"17:15";"1";"78";"2";"1";"3";1;49;1
"39768";"202100039768";5;"16:30";"1";"66";"1";"1";"1";2;42;3
"39769";"202100039769";5;"17:15";"1";"84";"2";"6";"1";3;44;5
"39770";"202100039770";5;"15:40";"1";"13";"1";"1";"1";1;43;5
"39771";"202100039771";5;"01:40";"3";"71";"2";"1";"1";6;46;4
"39772";"202100039772";5;"16:41";"1";"54";"1";"1";"1";6;48;6
"39773";"202100039773";5;"19:35";"1";"38";"1";"1";"1";2;45;5
"39774";"202100039774";4;"11:00";"1";"38";"2";"1";"1";7;45;5
"39775";"202100039775";5;"07:30";"1";"22";"1";"1";"1";7;48;-2
"39776";"202100039776";5;"17:55";"1";"35";"1";"1";"2";1;48;-1
"39777";"202100039777";5;"14:45";"1";"60";"1";"6";"1";7;49;2
"39778";"202100039778";5;"16:45";"1";"60";"2";"1";"2";6;49;2
"39779";"202100039779";5;"17:45";"1";"60";"1";"1";"2";6;49;2
"39780";"202100039780";5;"11:45";"1";"13";"1";"1";"1";2;43;5
"39781";"202100039781";5;"17:15";"1";"13";"1";"1";"1";2;43;5
"39782";"202100039782";5;"11:45";"1";"67";"1";"1";"1";3;48;7
"39783";"202100039783";5;"18:40";"1";"33";"1";"1";"1";4;44;0
"39784";"202100039784";5;"14:30";"1";"91";"1";"1";"1";2;48;2
"39785";"202100039785";5;"12:15";"1";"91";"1";"1";"2";7;48;2
"39786";"202100039786";5;"14:30";"1";"94";"1";"1";"1";4;48;2
"39787";"202100039787";5;"06:30";"1";"94";"1";"1";"1";6;48;2
"39788";"202100039788";5;"20:07";"1";"91";"1";"1";"2";3;48;2
"39789";"202100039789";5;"19:05";"1";"92";"1";"1";"3";6;48;2
"39790";"202100039790";5;"18:10";"1";"92";"1";"1";"3";2;48;2
"39791";"202100039791";5;"23:45";"3";"78";"1";"1";"2";3;48;2
"39792";"202100039792";5;"18:45";"1";"94";"1";"1";"1";4;48;2
"39793";"202100039793";5;"17:00";"1";"94";"1";"9";"2";2;48;2
"39794";"202100039794";5;"16:15";"1";"77";"1";"1";"1";6;48;2
"39795";"202100039795";5;"18:30";"1";"77";"1";"1";"2";6;48;2
"39796";"202100039796";5;"14:45";"1";"94";"1";"1";"1";5;48;2
"39797";"202100039797";5;"23:30";"3";"976";"2";"1";"1";6;-12;45
"39798";"202100039798";5;"12:50";"1";"974";"1";"1";"1";6;-20;55
"39799";"202100039799";5;"12:44";"1";"973";"1";"1";"2";7;4;-52
"39800";"202100039800";5;"19:20";"2";"69";"2";"2";"2";3;45;4
"39801";"202100039801";5;"14:30";"1";"69";"2";"2";"2";3;45;4
"39802";"202100039802";5;"11:30";"1";"972";"2";"1";"1";2;14;-61
"39803";"202100039803";5;"19:00";"1";"69";"2";"2";"2";1;45;4
"39804";"202100039804";5;"15:07";"1";"69";"2";"2";"2";1;45;4
"39805";"202100039805";5;"11:25";"1";"2B";"2";"1";"1";1;42;9
"39806";"202100039806";5;"19:40";"1";"2B";"2";"6";"1";3;42;9
"39807";"202100039807";5;"08:45";"1";"91";"2";"9";"2";3;48;2
"39808";"202100039808";5;"23:22";"5";"91";"2";"1";"2";6;48;2
"39809";"202100039809";5;"20:15";"1";"91";"2";"1";"2";3;48;2
"39810";"202100039810";5;"18:33";"1";"82";"1";"1";"2";6;44;1
"39811";"202100039811";5;"19:00";"1";"77";"2";"1";"1";2;48;2
"39812";"202100039812";5;"17:40";"1";"74";"2";"7";"1";3;46;6
"39813";"202100039813";5;"11:40";"1";"68";"2";"2";"2";1;47;7
"39814";"202100039814";5;"00:15";"5";"59";"2";"1";"1";2;50;3
"39815";"202100039815";5;"18:00";"1";"59";"2";"2";"1";3;50;3
"39816";"202100039816";4;"14:30";"1";"57";"2";"1";"1";3;49;6
"39817";"202100039817";5;"18:25";"1";"51";"2";"1";"8";7;49;4
"39818";"202100039818";5;"18:35";"1";"51";"2";"1";"1";2;49;4
"39819";"202100039819";5;"15:20";"1";"51";"2";"3";"2";1;49;4
"39820";"202100039820";5;"11:56";"1";"49";"2";"2";"1";6;47;0
"39821";"202100039821";5;"12:00";"1";"41";"2";"1";"8";6;47;1
"39822";"202100039822";5;"18:00";"1";"31";"2";"1";"1";7;43;1
"39823";"202100039823";5;"22:20";"5";"29";"2";"1";"1";3;48;-4
"39824";"202100039824";5;"15:45";"1";"27";"1";"1";"8";3;49;1
"39825";"202100039825";5;"19:28";"1";"25";"2";"2";"2";3;47;6
"39826";"202100039826";5;"15:50";"1";"19";"2";"1";"2";5;45;2
"39827";"202100039827";5;"02:05";"3";"19";"1";"1";"2";6;45;1
"39828";"202100039828";5;"16:25";"1";"14";"2";"3";"1";3;49;0
"39829";"202100039829";5;"03:15";"5";"13";"2";"1";"1";7;43;5
"39830";"202100039830";5;"06:45";"2";"13";"2";"2";"1";3;43;5
"39831";"202100039831";5;"05:00";"2";"13";"2";"1";"1";7;43;5
"39832";"202100039832";5;"17:20";"1";"07";"2";"1";"1";3;44;4
"39833";"202100039833";5;"08:15";"1";"06";"2";"2";"1";6;43;7
"39834";"202100039834";5;"19:30";"1";"06";"2";"1";"1";6;43;7
"39835";"202100039835";5;"19:47";"1";"06";"2";"1";"1";6;43;6
"39836";"202100039836";5;"12:02";"1";"75";"2";"2";"1";3;48;2
"39837";"202100039837";5;"19:20";"1";"75";"2";"3";"8";4;48;2
"39838";"202100039838";5;"08:20";"1";"75";"2";"7";"2";3;48;2
"39839";"202100039839";5;"16:30";"1";"75";"2";"4";"1";7;48;2
"39840";"202100039840";5;"17:15";"1";"75";"2";"2";"1";3;48;2
"39841";"202100039841";5;"12:30";"1";"75";"2";"1";"2";6;48;2
"39842";"202100039842";5;"15:00";"1";"75";"2";"1";"1";4;48;2
"39843";"202100039843";5;"13:25";"1";"75";"2";"1";"2";3;48;2
"39844";"202100039844";5;"18:17";"1";"75";"2";"5";"2";3;48;2
"39845";"202100039845";5;"17:00";"1";"75";"2";"1";"2";7;48;2
"39846";"202100039846";5;"05:55";"2";"94";"2";"6";"2";3;48;2
"39847";"202100039847";5;"18:35";"1";"94";"2";"2";"2";2;48;2
"39848";"202100039848";5;"11:40";"1";"94";"2";"3";"2";3;48;2
"39849";"202100039849";5;"05:15";"5";"94";"2";"1";"1";6;48;2
"39850";"202100039850";5;"13:10";"1";"93";"2";"2";"2";3;48;2
"39851";"202100039851";5;"13:05";"1";"93";"2";"2";"3";3;48;2
"39852";"202100039852";5;"20:25";"1";"93";"2";"1";"1";2;48;2
"39853";"202100039853";5;"19:55";"1";"92";"2";"1";"2";6;48;2
"39854";"202100039854";5;"16:40";"1";"92";"2";"1";"8";2;48;2
"39855";"202100039855";5;"15:50";"1";"92";"2";"1";"4";2;48;2
"39856";"202100039856";5;"18:25";"1";"34";"1";"1";"8";1;43;3
"39857";"202100039857";5;"00:10";"5";"45";"1";"1";"1";6;47;2
"39858";"202100039858";5;"17:20";"1";"33";"2";"1";"1";7;44;0
"39859";"202100039859";5;"05:30";"2";"54";"1";"1";"1";7;49;5
"39860";"202100039860";5;"10:00";"1";"19";"1";"1";"2";7;45;1
"39861";"202100039861";5;"15:30";"1";"23";"2";"6";"1";3;46;1
"39862";"202100039862";5;"11:05";"1";"62";"1";"3";"1";6;50;2
"39863";"202100039863";5;"22:15";"3";"77";"1";"1";"3";6;48;3
"39864";"202100039864";5;"12:00";"1";"83";"1";"1";"1";6;43;6
"39865";"202100039865";5;"21:15";"2";"51";"2";"3";"1";3;49;4
"39866";"202100039866";5;"22:20";"3";"19";"1";"1";"2";6;44;1
"39867";"202100039867";5;"10:30";"1";"2B";"1";"1";"1";-1;42;9
"39868";"202100039868";5;"19:20";"1";"34";"1";"1";"2";1;43;3
"39869";"202100039869";5;"14:10";"1";"68";"1";"1";"2";6;47;7
"39870";"202100039870";5;"11:15";"1";"31";"1";"1";"2";6;43;1
"39871";"202100039871";5;"22:10";"5";"02";"2";"1";"2";6;49;3
"39872";"202100039872";5;"09:20";"1";"15";"1";"1";"2";7;45;2
"39873";"202100039873";5;"17:55";"1";"54";"1";"1";"3";7;48;6
"39874";"202100039874";5;"20:45";"2";"06";"2";"1";"1";6;43;7
"39875";"202100039875";5;"18:20";"1";"43";"1";"1";"8";7;45;4
"39876";"202100039876";5;"16:39";"1";"85";"2";"4";"1";3;46;0
"39877";"202100039877";5;"19:40";"1";"27";"1";"1";"2";6;49;0
"39878";"202100039878";5;"19:15";"1";"17";"2";"2";"1";3;45;-1
"39879";"202100039879";5;"10:35";"1";"37";"1";"2";"1";3;47;0
"39880";"202100039880";5;"18:00";"1";"30";"1";"1";"2";7;44;3
"39881";"202100039881";5;"19:25";"1";"88";"2";"3";"3";3;47;6
"39882";"202100039882";5;"16:15";"1";"11";"1";"1";"2";3;43;1
"39883";"202100039883";5;"01:45";"5";"976";"1";"1";"1";1;-12;45
"39884";"202100039884";5;"16:30";"1";"971";"1";"1";"1";7;16;-61
"39885";"202100039885";5;"12:00";"1";"971";"1";"1";"2";1;16;-61
"39886";"202100039886";5;"23:30";"3";"78";"1";"1";"1";6;48;1
"39887";"202100039887";5;"20:50";"3";"83";"1";"1";"1";7;43;6
"39888";"202100039888";5;"11:10";"1";"71";"1";"3";"3";3;46;4
"39889";"202100039889";5;"22:35";"3";"88";"1";"1";"1";6;48;5
"39890";"202100039890";5;"13:10";"1";"26";"1";"1";"1";1;45;5
"39891";"202100039891";5;"18:20";"1";"26";"1";"1";"1";6;45;5
"39892";"202100039892";5;"11:30";"1";"69";"2";"2";"1";3;45;4
"39893";"202100039893";5;"14:50";"1";"79";"1";"3";"2";6;46;0
"39894";"202100039894";5;"00:05";"5";"60";"2";"6";"1";6;49;2
"39895";"202100039895";5;"14:40";"1";"13";"1";"1";"2";2;43;5
"39896";"202100039896";5;"21:10";"3";"42";"1";"1";"1";3;45;4
"39897";"202100039897";5;"19:05";"1";"94";"1";"1";"1";6;48;2
"39898";"202100039898";5;"15:15";"1";"91";"1";"1";"1";2;48;2
"39899";"202100039899";5;"12:00";"1";"94";"1";"1";"2";6;48;2
"39900";"202100039900";5;"18:50";"1";"92";"1";"1";"2";6;48;2
"39901";"202100039901";5;"16:25";"1";"95";"1";"1";"2";6;49;2
"39902";"202100039902";5;"04:15";"4";"93";"1";"1";"1";2;48;2
"39903";"202100039903";5;"09:40";"1";"77";"1";"1";"2";2;48;2
"39904";"202100039904";2;"19:22";"5";"75";"2";"3";"1";3;48;2
"39905";"202100039905";5;"06:00";"1";"988";"2";"2";"1";1;-22;166
"39906";"202100039906";5;"14:30";"1";"988";"2";"3";"1";4;-22;166
"39907";"202100039907";5;"17:30";"2";"974";"1";"1";"1";6;-21;55
"39908";"202100039908";5;"14:30";"1";"69";"2";"1";"1";2;45;4
"39909";"202100039909";5;"11:35";"1";"972";"2";"1";"1";2;14;-61
"39910";"202100039910";5;"17:40";"1";"69";"2";"1";"1";3;45;4
"39911";"202100039911";5;"20:15";"5";"69";"2";"1";"1";1;45;4
"39912";"202100039912";5;"23:15";"5";"69";"2";"3";"8";3;45;4
"39913";"202100039913";5;"11:50";"1";"69";"2";"1";"1";6;45;4
"39914";"202100039914";5;"18:10";"1";"2B";"2";"1";"1";4;42;9
"39915";"202100039915";5;"14:30";"1";"971";"2";"9";"1";3;16;-61
"39916";"202100039916";5;"11:20";"1";"91";"1";"1";"2";2;48;2
"39917";"202100039917";5;"10:37";"1";"87";"2";"2";"1";6;45;1
"39918";"202100039918";5;"11:51";"1";"87";"2";"2";"1";3;45;1
"39919";"202100039919";5;"20:15";"1";"83";"2";"3";"1";1;43;5
"39920";"202100039920";5;"15:30";"1";"83";"2";"6";"1";6;43;5
"39921";"202100039921";5;"15:00";"1";"83";"1";"2";"1";3;43;6
"39922";"202100039922";5;"17:00";"1";"77";"2";"9";"1";6;48;2
"39923";"202100039923";5;"11:00";"1";"72";"2";"6";"1";2;48;0
"39924";"202100039924";5;"21:05";"1";"69";"2";"2";"8";3;45;4
"39925";"202100039925";5;"22:30";"5";"69";"2";"1";"1";4;45;4
"39926";"202100039926";5;"18:40";"1";"67";"2";"3";"1";3;48;7
"39927";"202100039927";5;"17:00";"1";"64";"2";"2";"1";3;43;0
"39928";"202100039928";5;"14:30";"1";"64";"2";"1";"8";2;43;-1
"39929";"202100039929";5;"20:15";"2";"64";"2";"1";"2";7;43;-1
"39930";"202100039930";5;"12:18";"1";"63";"2";"1";"1";6;45;3
"39931";"202100039931";5;"18:35";"1";"63";"2";"1";"1";6;45;3
"39932";"202100039932";4;"17:30";"1";"62";"2";"3";"1";3;50;2
"39933";"202100039933";5;"12:00";"1";"60";"2";"6";"1";3;49;2
"39934";"202100039934";5;"11:00";"1";"57";"1";"2";"1";6;49;6
"39935";"202100039935";5;"17:04";"1";"57";"2";"1";"1";6;49;6
"39936";"202100039936";5;"13:20";"1";"50";"2";"2";"2";3;49;-1
"39937";"202100039937";5;"13:56";"1";"50";"2";"1";"1";6;49;-1
"39938";"202100039938";5;"09:40";"1";"49";"2";"2";"1";6;47;0
"39939";"202100039939";5;"15:25";"1";"45";"2";"3";"1";3;47;1
"39940";"202100039940";5;"18:00";"1";"44";"2";"1";"1";2;47;-2
"39941";"202100039941";5;"11:00";"1";"44";"2";"1";"2";6;47;-2
"39942";"202100039942";5;"15:45";"1";"37";"2";"6";"2";6;47;0
"39943";"202100039943";5;"17:53";"1";"37";"2";"2";"1";6;47;0
"39944";"202100039944";5;"09:08";"1";"37";"2";"3";"1";3;47;0
"39945";"202100039945";5;"15:54";"1";"33";"2";"1";"1";6;44;0
"39946";"202100039946";5;"14:05";"1";"32";"2";"1";"8";5;43;0
"39947";"202100039947";5;"09:25";"1";"30";"2";"1";"1";6;43;4
"39948";"202100039948";5;"17:35";"1";"29";"1";"6";"8";3;47;-3
"39949";"202100039949";5;"19:20";"1";"29";"2";"2";"1";3;48;-4
"39950";"202100039950";5;"20:25";"5";"25";"2";"1";"2";6;47;5
"39951";"202100039951";5;"12:25";"1";"14";"2";"2";"8";3;49;0
"39952";"202100039952";5;"20:38";"5";"13";"2";"1";"1";2;43;5
"39953";"202100039953";5;"11:00";"1";"13";"2";"1";"1";3;43;5
"39954";"202100039954";5;"18:10";"1";"13";"2";"1";"1";2;43;5
"39955";"202100039955";5;"17:46";"1";"11";"2";"1";"1";6;43;2
"39956";"202100039956";5;"20:30";"1";"06";"1";"1";"1";6;43;7
"39957";"202100039957";5;"11:30";"1";"06";"2";"2";"1";1;43;7
"39958";"202100039958";5;"15:35";"1";"06";"2";"1";"2";3;43;6
"39959";"202100039959";5;"12:22";"1";"05";"1";"1";"1";7;44;6
"39960";"202100039960";5;"19:34";"1";"75";"2";"1";"8";3;48;2
"39961";"202100039961";5;"16:10";"1";"75";"2";"4";"3";3;48;2
"39962";"202100039962";5;"01:40";"5";"75";"2";"7";"1";6;48;2
"39963";"202100039963";5;"15:25";"1";"94";"2";"3";"1";3;48;2
"39964";"202100039964";5;"15:50";"1";"94";"2";"3";"2";3;48;2
"39965";"202100039965";5;"09:57";"1";"94";"2";"2";"2";3;48;2
"39966";"202100039966";5;"14:10";"1";"94";"2";"1";"1";2;48;2
"39967";"202100039967";5;"06:40";"2";"94";"2";"1";"8";2;48;2
"39968";"202100039968";5;"17:45";"1";"94";"2";"1";"8";7;48;2
"39969";"202100039969";5;"11:30";"1";"93";"2";"2";"8";3;48;2
"39970";"202100039970";5;"12:40";"1";"93";"2";"1";"2";3;48;2
"39971";"202100039971";5;"16:30";"1";"93";"2";"1";"1";3;48;2
"39972";"202100039972";5;"19:45";"1";"93";"2";"1";"1";3;48;2
"39973";"202100039973";5;"01:05";"5";"92";"2";"1";"1";6;48;2
"39974";"202100039974";5;"20:10";"1";"92";"2";"2";"1";3;48;2
"39975";"202100039975";5;"18:37";"1";"92";"2";"5";"1";6;48;2
"39976";"202100039976";5;"13:10";"1";"92";"2";"1";"2";7;48;2
"39977";"202100039977";5;"00:01";"3";"92";"2";"3";"1";6;48;2
"39978";"202100039978";5;"20:10";"2";"81";"1";"1";"8";7;43;2
"39979";"202100039979";5;"11:45";"1";"95";"1";"1";"1";3;49;2
"39980";"202100039980";5;"17:45";"1";"02";"1";"1";"1";2;49;3
"39981";"202100039981";5;"11:30";"1";"43";"1";"3";"1";2;45;3
"39982";"202100039982";5;"19:45";"3";"974";"2";"1";"1";1;-21;55
"39983";"202100039983";5;"22:25";"3";"972";"2";"1";"1";7;14;-60
"39984";"202100039984";5;"00:00";"5";"83";"2";"1";"1";6;43;5
"39985";"202100039985";5;"13:55";"1";"56";"1";"2";"1";3;47;-3
"39986";"202100039986";5;"19:35";"1";"56";"1";"3";"1";7;47;-3
"39987";"202100039987";5;"10:00";"1";"77";"1";"2";"8";1;48;3
"39988";"202100039988";5;"13:40";"1";"79";"1";"1";"1";1;46;0
"39989";"202100039989";5;"17:40";"1";"79";"2";"1";"1";1;46;0
"39990";"202100039990";5;"10:55";"1";"2A";"2";"6";"3";3;41;8
"39991";"202100039991";5;"11:10";"1";"33";"1";"2";"2";3;45;0
"39992";"202100039992";5;"16:00";"1";"63";"1";"4";"3";1;45;2
"39993";"202100039993";5;"14:45";"1";"42";"1";"1";"1";7;45;4
"39994";"202100039994";5;"03:30";"3";"22";"1";"1";"2";7;48;-2
"39995";"202100039995";5;"18:50";"1";"31";"1";"1";"1";3;43;1
"39996";"202100039996";5;"10:10";"1";"84";"1";"1";"2";2;44;5
"39997";"202100039997";5;"23:30";"3";"03";"1";"1";"1";7;46;2
"39998";"202100039998";5;"17:45";"1";"50";"1";"2";"1";3;49;-1
"39999";"202100039999";5;"21:00";"1";"64";"1";"1";"1";7;43;0
"40000";"202100040000";5;"20:15";"2";"53";"1";"1";"1";6;48;0
"40001";"202100040001";5;"10:25";"1";"37";"1";"1";"1";3;47;0
"40002";"202100040002";4;"15:15";"1";"52";"2";"1";"1";3;47;5
"40003";"202100040003";5;"09:30";"1";"69";"1";"1";"2";7;46;4
"40004";"202100040004";5;"09:25";"1";"30";"1";"1";"2";7;44;4
"40005";"202100040005";5;"16:00";"1";"973";"1";"1";"2";1;5;-53
"40006";"202100040006";5;"15:55";"1";"77";"1";"2";"2";3;49;2
"40007";"202100040007";5;"13:25";"1";"66";"1";"1";"6";7;42;2
"40008";"202100040008";5;"14:10";"1";"89";"1";"1";"2";2;47;3
"40009";"202100040009";5;"21:00";"2";"38";"1";"1";"1";6;45;5
"40010";"202100040010";5;"17:45";"2";"01";"2";"6";"1";6;45;4
"40011";"202100040011";5;"17:50";"1";"17";"1";"1";"8";3;45;0
"40012";"202100040012";5;"12:05";"1";"33";"2";"6";"1";6;44;0
"40013";"202100040013";5;"12:15";"1";"59";"2";"1";"1";7;50;3
"40014";"202100040014";5;"18:15";"1";"59";"1";"1";"2";6;50;2
"40015";"202100040015";5;"19:25";"1";"83";"1";"1";"1";6;43;5
"40016";"202100040016";5;"19:55";"1";"69";"1";"1";"1";7;45;4
"40017";"202100040017";5;"19:05";"1";"59";"1";"1";"1";2;50;3
"40018";"202100040018";5;"21:05";"1";"91";"2";"1";"1";6;48;2
"40019";"202100040019";5;"23:24";"3";"92";"1";"1";"1";6;48;2
"40020";"202100040020";5;"14:55";"2";"95";"1";"1";"3";6;48;2
"40021";"202100040021";5;"13:50";"1";"93";"1";"1";"3";7;48;2
"40022";"202100040022";5;"21:40";"3";"95";"1";"1";"1";3;49;2
"40023";"202100040023";5;"08:00";"1";"976";"1";"1";"1";6;-12;45
"40024";"202100040024";5;"19:05";"1";"92";"2";"1";"1";6;48;2
"40025";"202100040025";5;"18:20";"2";"988";"2";"1";"1";7;-22;166
"40026";"202100040026";5;"16:05";"1";"976";"2";"1";"1";1;-12;45
"40027";"202100040027";5;"07:20";"1";"974";"1";"1";"1";3;-21;55
"40028";"202100040028";5;"19:35";"5";"973";"2";"1";"8";3;4;-52
"40029";"202100040029";5;"16:50";"1";"973";"2";"2";"8";3;4;-52
"40030";"202100040030";5;"14:15";"1";"973";"2";"1";"1";3;4;-52
"40031";"202100040031";5;"11:44";"1";"973";"2";"1";"1";3;4;-52
"40032";"202100040032";5;"23:40";"5";"69";"2";"3";"1";3;45;4
"40033";"202100040033";5;"09:10";"1";"972";"1";"6";"1";2;14;-61
"40034";"202100040034";5;"11:15";"1";"95";"2";"1";"1";6;48;2
"40035";"202100040035";5;"16:34";"1";"95";"2";"1";"1";2;48;2
"40036";"202100040036";5;"17:37";"1";"91";"2";"1";"2";7;48;2
"40037";"202100040037";5;"12:30";"1";"91";"2";"1";"1";3;48;2
"40038";"202100040038";5;"12:45";"1";"91";"2";"1";"1";2;48;2
"40039";"202100040039";5;"17:45";"1";"86";"2";"3";"2";3;46;0
"40040";"202100040040";5;"11:00";"1";"83";"1";"1";"1";4;43;6
"40041";"202100040041";5;"18:20";"1";"78";"2";"5";"8";3;48;2
"40042";"202100040042";5;"05:25";"2";"74";"2";"1";"1";6;46;6
"40043";"202100040043";5;"15:50";"1";"71";"1";"3";"1";2;46;4
"40044";"202100040044";5;"16:35";"1";"69";"2";"2";"2";7;45;4
"40045";"202100040045";5;"19:09";"1";"64";"2";"3";"8";3;43;0
"40046";"202100040046";5;"18:51";"1";"54";"2";"1";"1";3;48;6
"40047";"202100040047";5;"15:24";"1";"49";"2";"6";"1";6;47;0
"40048";"202100040048";5;"19:05";"1";"46";"1";"1";"2";1;44;1
"40049";"202100040049";5;"17:00";"1";"42";"2";"3";"1";3;46;4
"40050";"202100040050";5;"20:00";"1";"37";"2";"3";"8";7;47;0
"40051";"202100040051";5;"12:00";"1";"35";"1";"1";"1";4;48;-1
"40052";"202100040052";5;"11:15";"1";"33";"2";"3";"2";7;44;-1
"40053";"202100040053";5;"12:10";"1";"31";"2";"1";"1";6;43;1
"40054";"202100040054";5;"17:10";"1";"29";"2";"1";"1";3;48;-3
"40055";"202100040055";5;"17:10";"1";"29";"2";"3";"1";1;48;-4
"40056";"202100040056";5;"17:20";"1";"26";"1";"1";"1";3;44;4
"40057";"202100040057";5;"16:55";"1";"18";"2";"1";"1";3;47;2
"40058";"202100040058";5;"15:00";"1";"14";"1";"2";"2";3;49;0
"40059";"202100040059";5;"21:00";"5";"13";"2";"1";"1";7;43;5
"40060";"202100040060";5;"15:30";"1";"13";"2";"2";"1";3;43;5
"40061";"202100040061";5;"16:45";"1";"13";"2";"1";"1";3;43;5
"40062";"202100040062";5;"16:55";"1";"13";"1";"9";"1";3;43;4
"40063";"202100040063";4;"05:30";"3";"09";"1";"1";"2";3;42;1
"40064";"202100040064";5;"17:20";"1";"06";"2";"3";"1";3;43;7
"40065";"202100040065";5;"16:20";"1";"03";"2";"1";"1";3;46;3
"40066";"202100040066";5;"14:00";"1";"75";"2";"1";"1";7;48;2
"40067";"202100040067";5;"11:45";"1";"75";"2";"1";"1";2;48;2
"40068";"202100040068";5;"10:00";"1";"75";"2";"3";"1";3;48;2
"40069";"202100040069";5;"01:10";"5";"75";"2";"3";"1";3;48;2
"40070";"202100040070";5;"11:10";"1";"75";"2";"2";"1";6;48;2
"40071";"202100040071";5;"19:05";"1";"75";"2";"7";"1";5;48;2
"40072";"202100040072";5;"18:45";"1";"75";"2";"2";"1";2;48;2
"40073";"202100040073";5;"19:43";"1";"75";"2";"3";"1";3;48;2
"40074";"202100040074";5;"13:30";"1";"94";"2";"1";"1";3;48;2
"40075";"202100040075";5;"18:45";"1";"94";"2";"1";"1";1;48;2
"40076";"202100040076";5;"21:30";"5";"93";"2";"1";"1";6;48;2
"40077";"202100040077";5;"11:00";"1";"93";"2";"1";"1";2;48;2
"40078";"202100040078";5;"18:50";"1";"92";"2";"9";"1";3;48;2
"40079";"202100040079";5;"16:00";"1";"92";"2";"3";"1";2;48;2
"40080";"202100040080";5;"17:00";"1";"92";"2";"3";"8";3;48;2
"40081";"202100040081";5;"19:30";"2";"92";"2";"2";"1";3;48;2
"40082";"202100040082";5;"20:10";"2";"92";"2";"1";"1";2;48;2
"40083";"202100040083";5;"15:15";"1";"81";"2";"3";"1";1;43;2
"40084";"202100040084";5;"15:25";"1";"972";"1";"1";"1";1;14;-60
"40085";"202100040085";5;"14:00";"1";"26";"1";"1";"1";4;44;4
"40086";"202100040086";5;"09:55";"1";"55";"1";"1";"1";7;49;5
"40087";"202100040087";5;"04:00";"3";"21";"1";"1";"2";2;47;4
"40088";"202100040088";5;"18:05";"1";"65";"2";"1";"1";1;43;0
"40089";"202100040089";5;"21:30";"2";"58";"1";"1";"2";6;47;2
"40090";"202100040090";5;"13:55";"1";"56";"1";"1";"1";1;47;-3
"40091";"202100040091";5;"14:00";"1";"11";"1";"1";"1";1;42;2
"40092";"202100040092";5;"15:00";"1";"55";"2";"1";"1";7;49;5
"40093";"202100040093";5;"13:15";"1";"47";"1";"1";"1";3;44;0
"40094";"202100040094";5;"18:45";"1";"22";"1";"1";"1";7;48;-2
"40095";"202100040095";5;"20:30";"2";"39";"1";"1";"1";6;46;5
"40096";"202100040096";5;"02:25";"5";"25";"2";"1";"1";6;47;6
"40097";"202100040097";5;"19:55";"1";"25";"2";"1";"1";7;47;5
"40098";"202100040098";5;"13:00";"1";"31";"2";"1";"1";3;43;1