"";"Num_Acc";"mois";"hrmn";"lum";"dep";"agg";"int";"atm";"col";"lat";"long"
"40099";"202100040099";5;"19:00";"1";"38";"1";"1";"1";6;45;5
"40100";"202100040100";5;"12:40";"1";"01";"1";"3";"2";1;46;5
"40101";"202100040101";5;"14:50";"1";"06";"2";"1";"1";6;43;7
"40102";"202100040102";5;"12:10";"1";"06";"2";"1";"1";6;43;6
"40103";"202100040103";5;"13:40";"1";"05";"2";"9";"1";4;44;5
"40104";"202100040104";5;"16:10";"1";"45";"2";"3";"1";3;48;2
"40105";"202100040105";5;"18:30";"1";"73";"1";"1";"1";1;45;5
"40106";"202100040106";5;"07:15";"1";"10";"1";"1";"2";7;48;4
"40107";"202100040107";5;"12:00";"1";"16";"1";"1";"1";6;45;0
"40108";"202100040108";5;"15:15";"1";"53";"1";"1";"8";1;47;0
"40109";"202100040109";5;"20:50";"2";"21";"2";"1";"2";6;47;5
"40110";"202100040110";5;"18:00";"1";"04";"2";"1";"1";6;43;6
"40111";"202100040111";5;"17:30";"1";"52";"1";"3";"2";1;48;5
"40112";"202100040112";5;"00:00";"3";"68";"1";"1";"1";2;47;7
"40113";"202100040113";5;"08:01";"1";"57";"1";"1";"1";2;48;7
"40114";"202100040114";5;"06:45";"1";"30";"1";"1";"1";2;43;4
"40115";"202100040115";5;"10:15";"1";"988";"1";"1";"1";6;-21;165
"40116";"202100040116";5;"15:30";"1";"974";"1";"1";"1";1;-20;55
"40117";"202100040117";5;"15:35";"1";"971";"2";"1";"1";6;16;-61
"40118";"202100040118";5;"10:30";"1";"29";"2";"1";"8";2;47;-3
"40119";"202100040119";5;"18:00";"2";"13";"2";"6";"1";1;43;4
"40120";"202100040120";4;"07:20";"1";"13";"2";"1";"1";2;43;5
"40121";"202100040121";5;"05:38";"5";"13";"1";"4";"1";3;43;4
"40122";"202100040122";5;"11:48";"1";"38";"1";"1";"1";6;45;5
"40123";"202100040123";5;"16:50";"1";"38";"1";"1";"1";7;45;5
"40124";"202100040124";5;"12:00";"1";"69";"2";"2";"1";6;45;4
"40125";"202100040125";5;"18:25";"1";"72";"2";"1";"1";3;47;0
"40126";"202100040126";5;"19:15";"1";"72";"1";"2";"2";3;47;0
"40127";"202100040127";5;"16:30";"1";"22";"1";"2";"1";3;48;-1
"40128";"202100040128";5;"10:00";"1";"27";"2";"3";"8";6;49;1
"40129";"202100040129";5;"16:45";"1";"13";"1";"1";"1";4;43;5
"40130";"202100040130";5;"17:25";"1";"69";"1";"1";"1";4;45;4
"40131";"202100040131";5;"19:30";"1";"78";"1";"4";"1";6;48;1
"40132";"202100040132";5;"17:30";"1";"78";"1";"1";"1";4;48;2
"40133";"202100040133";5;"19:50";"1";"95";"1";"1";"2";6;49;2
"40134";"202100040134";5;"18:25";"1";"95";"1";"1";"2";7;49;2
"40135";"202100040135";5;"19:20";"1";"94";"1";"1";"1";6;48;2
"40136";"202100040136";5;"09:00";"1";"988";"1";"6";"1";3;-22;166
"40137";"202100040137";5;"16:00";"1";"974";"1";"1";"1";2;-21;55
"40138";"202100040138";5;"10:30";"1";"974";"2";"1";"1";2;-20;55
"40139";"202100040139";5;"21:10";"5";"973";"2";"2";"1";6;4;-52
"40140";"202100040140";5;"22:50";"5";"69";"2";"3";"1";3;45;4
"40141";"202100040141";5;"17:40";"1";"69";"2";"9";"8";3;45;4
"40142";"202100040142";5;"15:00";"1";"69";"2";"2";"1";3;45;4
"40143";"202100040143";5;"14:00";"1";"69";"2";"1";"1";2;45;4
"40144";"202100040144";5;"07:50";"1";"69";"2";"2";"1";7;45;4
"40145";"202100040145";5;"06:05";"2";"69";"2";"2";"1";3;45;4
"40146";"202100040146";5;"19:30";"1";"69";"2";"9";"1";7;45;4
"40147";"202100040147";5;"10:45";"1";"971";"1";"6";"1";3;16;-61
"40148";"202100040148";5;"16:45";"1";"91";"2";"1";"1";3;48;2
"40149";"202100040149";5;"07:46";"1";"87";"2";"3";"2";6;45;1
"40150";"202100040150";5;"08:20";"1";"86";"1";"1";"2";3;46;0
"40151";"202100040151";5;"11:10";"1";"83";"2";"1";"1";6;43;5
"40152";"202100040152";5;"09:25";"1";"83";"1";"1";"8";6;43;6
"40153";"202100040153";5;"00:05";"3";"81";"1";"1";"1";7;43;2
"40154";"202100040154";5;"19:30";"1";"77";"2";"1";"1";2;48;2
"40155";"202100040155";5;"10:10";"1";"76";"2";"3";"1";2;49;1
"40156";"202100040156";5;"10:00";"1";"72";"2";"2";"1";3;48;0
"40157";"202100040157";5;"15:30";"1";"71";"2";"1";"1";7;46;4
"40158";"202100040158";5;"15:20";"1";"69";"2";"1";"1";2;45;4
"40159";"202100040159";5;"17:30";"1";"67";"2";"1";"1";3;48;7
"40160";"202100040160";5;"22:17";"5";"65";"2";"2";"1";3;43;0
"40161";"202100040161";5;"18:00";"1";"64";"2";"1";"8";2;43;0
"40162";"202100040162";5;"17:50";"1";"64";"2";"3";"2";3;43;0
"40163";"202100040163";5;"14:45";"1";"64";"2";"1";"8";6;43;0
"40164";"202100040164";5;"05:55";"5";"64";"2";"1";"1";7;43;-1
"40165";"202100040165";5;"22:12";"3";"63";"1";"6";"1";6;45;3
"40166";"202100040166";5;"14:59";"1";"63";"2";"2";"1";3;45;3
"40167";"202100040167";5;"11:13";"1";"63";"2";"2";"1";6;45;3
"40168";"202100040168";5;"03:30";"3";"62";"2";"1";"1";7;50;2
"40169";"202100040169";4;"12:15";"1";"62";"2";"1";"1";6;50;2
"40170";"202100040170";5;"17:15";"1";"61";"2";"9";"1";2;48;0
"40171";"202100040171";5;"17:20";"1";"60";"1";"6";"1";3;49;2
"40172";"202100040172";5;"02:52";"3";"57";"2";"1";"1";6;49;6
"40173";"202100040173";5;"09:10";"1";"56";"1";"1";"2";4;47;-3
"40174";"202100040174";5;"10:57";"1";"56";"2";"2";"1";3;47;-3
"40175";"202100040175";5;"19:00";"1";"54";"2";"2";"1";3;48;6
"40176";"202100040176";5;"14:00";"1";"53";"2";"1";"1";2;48;0
"40177";"202100040177";5;"15:01";"1";"51";"2";"1";"1";3;49;4
"40178";"202100040178";5;"14:06";"1";"49";"2";"1";"1";7;47;0
"40179";"202100040179";5;"19:15";"1";"49";"2";"1";"1";7;47;0
"40180";"202100040180";5;"12:46";"1";"49";"2";"3";"1";3;47;0
"40181";"202100040181";5;"16:40";"1";"44";"2";"4";"1";3;47;-2
"40182";"202100040182";5;"17:00";"1";"44";"2";"1";"1";2;47;-1
"40183";"202100040183";5;"13:50";"1";"42";"1";"1";"1";6;45;4
"40184";"202100040184";5;"07:25";"1";"42";"2";"5";"5";3;45;4
"40185";"202100040185";5;"15:30";"1";"37";"2";"1";"1";2;47;0
"40186";"202100040186";5;"10:50";"1";"37";"2";"1";"2";7;47;0
"40187";"202100040187";5;"17:49";"1";"37";"2";"2";"1";6;47;0
"40188";"202100040188";5;"18:45";"2";"35";"1";"1";"8";2;48;-1
"40189";"202100040189";5;"06:10";"5";"35";"2";"1";"1";3;48;-1
"40190";"202100040190";5;"19:00";"1";"35";"2";"2";"1";6;48;-1
"40191";"202100040191";5;"19:15";"1";"33";"2";"3";"1";3;44;0
"40192";"202100040192";5;"16:15";"1";"33";"2";"3";"1";2;44;0
"40193";"202100040193";5;"15:03";"1";"32";"2";"3";"8";3;43;0
"40194";"202100040194";4;"14:24";"1";"29";"2";"1";"1";3;48;-4
"40195";"202100040195";4;"08:30";"1";"29";"2";"9";"1";1;48;-4
"40196";"202100040196";5;"12:35";"1";"27";"2";"1";"1";2;49;1
"40197";"202100040197";5;"12:45";"1";"27";"2";"1";"1";3;49;1
"40198";"202100040198";5;"16:05";"1";"27";"2";"3";"2";1;49;1
"40199";"202100040199";5;"14:30";"1";"26";"2";"1";"8";6;44;4
"40200";"202100040200";5;"20:36";"1";"17";"1";"1";"1";2;46;-1
"40201";"202100040201";5;"16:30";"1";"17";"2";"1";"1";4;46;-1
"40202";"202100040202";5;"18:30";"1";"14";"2";"1";"1";3;49;0
"40203";"202100040203";5;"20:00";"2";"13";"2";"1";"1";4;43;5
"40204";"202100040204";5;"07:40";"1";"13";"2";"1";"1";4;43;5
"40205";"202100040205";5;"17:00";"1";"13";"2";"1";"1";2;43;5
"40206";"202100040206";5;"19:00";"1";"13";"2";"1";"1";6;43;5
"40207";"202100040207";5;"17:40";"1";"13";"2";"1";"2";6;43;5
"40208";"202100040208";5;"13:10";"1";"13";"2";"1";"1";2;43;5
"40209";"202100040209";5;"17:05";"1";"11";"2";"1";"1";2;43;2
"40210";"202100040210";5;"17:27";"1";"10";"2";"1";"2";6;48;4
"40211";"202100040211";5;"05:35";"1";"06";"1";"1";"1";6;43;6
"40212";"202100040212";5;"19:15";"2";"06";"2";"1";"1";3;43;7
"40213";"202100040213";5;"08:00";"1";"06";"2";"6";"1";2;43;7
"40214";"202100040214";5;"08:25";"1";"75";"2";"1";"1";2;48;2
"40215";"202100040215";5;"07:40";"1";"75";"2";"1";"1";3;48;2
"40216";"202100040216";5;"16:50";"1";"75";"2";"1";"1";4;48;2
"40217";"202100040217";5;"18:57";"1";"75";"2";"4";"1";6;48;2
"40218";"202100040218";5;"09:00";"1";"75";"2";"3";"1";3;48;2
"40219";"202100040219";5;"19:50";"1";"75";"2";"2";"1";3;48;2
"40220";"202100040220";5;"18:05";"1";"75";"2";"2";"1";6;48;2
"40221";"202100040221";5;"15:20";"1";"75";"2";"4";"1";3;48;2
"40222";"202100040222";5;"11:20";"1";"75";"2";"2";"1";6;48;2
"40223";"202100040223";5;"12:20";"1";"75";"2";"2";"1";2;48;2
"40224";"202100040224";5;"15:20";"1";"75";"2";"7";"8";2;48;2
"40225";"202100040225";5;"13:20";"1";"75";"2";"2";"1";7;48;2
"40226";"202100040226";5;"06:42";"1";"75";"2";"2";"1";3;48;2
"40227";"202100040227";5;"17:45";"1";"94";"2";"1";"1";2;48;2
"40228";"202100040228";5;"18:45";"1";"94";"2";"1";"1";6;48;2
"40229";"202100040229";5;"20:53";"1";"94";"2";"1";"1";3;48;2
"40230";"202100040230";5;"16:50";"1";"94";"2";"9";"2";2;48;2
"40231";"202100040231";5;"01:50";"5";"93";"2";"5";"1";6;48;2
"40232";"202100040232";5;"17:00";"1";"93";"2";"1";"1";3;48;2
"40233";"202100040233";5;"13:45";"1";"93";"2";"2";"1";3;48;2
"40234";"202100040234";5;"07:55";"1";"93";"2";"1";"1";2;48;2
"40235";"202100040235";5;"07:15";"1";"93";"2";"1";"1";3;48;2
"40236";"202100040236";5;"15:10";"1";"92";"2";"1";"1";6;48;2
"40237";"202100040237";5;"16:00";"1";"92";"2";"1";"1";3;48;2
"40238";"202100040238";5;"15:15";"1";"92";"2";"2";"1";3;48;2
"40239";"202100040239";5;"19:45";"1";"92";"2";"1";"1";7;48;2
"40240";"202100040240";5;"19:40";"1";"92";"2";"2";"1";3;48;2
"40241";"202100040241";5;"00:10";"5";"92";"2";"3";"1";6;48;2
"40242";"202100040242";5;"17:30";"1";"92";"2";"3";"1";3;48;2
"40243";"202100040243";5;"16:15";"1";"11";"1";"1";"1";2;43;2
"40244";"202100040244";5;"18:37";"1";"68";"2";"7";"1";1;47;7
"40245";"202100040245";5;"17:25";"1";"86";"1";"1";"2";7;46;0
"40246";"202100040246";5;"21:47";"3";"42";"1";"1";"2";6;46;3
"40247";"202100040247";5;"16:15";"1";"51";"1";"1";"1";7;49;4
"40248";"202100040248";5;"01:16";"3";"56";"1";"1";"1";6;48;-3
"40249";"202100040249";5;"16:15";"1";"81";"1";"1";"2";7;44;1
"40250";"202100040250";5;"04:50";"3";"11";"1";"4";"1";6;43;2
"40251";"202100040251";5;"17:30";"1";"11";"2";"1";"1";6;43;2
"40252";"202100040252";5;"04:30";"3";"11";"1";"1";"1";6;43;2
"40253";"202100040253";5;"08:55";"1";"63";"1";"3";"1";2;45;3
"40254";"202100040254";5;"12:40";"1";"55";"1";"1";"2";7;49;5
"40255";"202100040255";5;"13:50";"1";"49";"1";"1";"1";6;47;0
"40256";"202100040256";5;"11:00";"1";"42";"1";"1";"1";1;45;4
"40257";"202100040257";5;"06:15";"2";"47";"2";"6";"1";7;44;0
"40258";"202100040258";5;"18:15";"1";"86";"1";"1";"2";7;46;0
"40259";"202100040259";5;"17:23";"1";"44";"1";"1";"1";3;47;-1
"40260";"202100040260";3;"18:30";"1";"35";"2";"6";"1";3;48;-1
"40261";"202100040261";5;"22:50";"3";"31";"1";"1";"2";6;43;0
"40262";"202100040262";5;"22:45";"3";"01";"2";"1";"1";1;46;5
"40263";"202100040263";5;"19:03";"1";"70";"2";"1";"1";7;47;5
"40264";"202100040264";5;"21:45";"3";"58";"1";"1";"2";1;46;3
"40265";"202100040265";5;"05:20";"3";"72";"1";"1";"2";2;47;0
"40266";"202100040266";5;"17:45";"1";"06";"1";"1";"1";7;43;6
"40267";"202100040267";5;"09:45";"1";"14";"1";"1";"1";7;49;0
"40268";"202100040268";5;"16:45";"1";"50";"2";"1";"1";3;48;0
"40269";"202100040269";5;"21:45";"5";"60";"1";"1";"1";6;49;1
"40270";"202100040270";5;"07:10";"1";"64";"1";"1";"1";5;43;0
"40271";"202100040271";5;"17:00";"1";"43";"2";"6";"1";3;45;4
"40272";"202100040272";5;"11:15";"1";"07";"1";"1";"1";3;44;4
"40273";"202100040273";5;"13:05";"1";"53";"1";"1";"1";2;48;0
"40274";"202100040274";5;"15:30";"1";"04";"1";"1";"1";7;43;6
"40275";"202100040275";5;"16:00";"1";"85";"2";"6";"1";7;46;0
"40276";"202100040276";5;"03:17";"3";"17";"1";"1";"1";6;46;0
"40277";"202100040277";5;"17:00";"1";"30";"1";"1";"1";7;44;3
"40278";"202100040278";5;"22:45";"5";"30";"1";"1";"1";6;44;4
"40279";"202100040279";5;"13:10";"1";"30";"1";"1";"1";3;44;4
"40280";"202100040280";5;"13:30";"1";"24";"1";"1";"8";1;44;1
"40281";"202100040281";5;"15:15";"1";"74";"1";"1";"1";2;45;6
"40282";"202100040282";5;"15:00";"1";"06";"1";"1";"1";6;43;6
"40283";"202100040283";5;"11:14";"1";"972";"2";"1";"1";7;14;-60
"40284";"202100040284";5;"19:25";"1";"28";"2";"1";"1";6;48;1
"40285";"202100040285";5;"19:40";"1";"77";"1";"1";"1";1;48;2
"40286";"202100040286";5;"07:30";"1";"68";"1";"1";"1";4;48;7
"40287";"202100040287";5;"08:35";"1";"60";"2";"6";"8";6;49;2
"40288";"202100040288";5;"13:50";"1";"13";"1";"1";"1";4;43;5
"40289";"202100040289";5;"16:10";"1";"33";"1";"1";"2";2;44;0
"40290";"202100040290";5;"03:15";"3";"91";"1";"1";"1";7;48;2
"40291";"202100040291";5;"17:00";"1";"91";"1";"1";"1";2;48;2
"40292";"202100040292";5;"19:10";"1";"92";"1";"1";"1";5;48;2
"40293";"202100040293";5;"11:50";"1";"93";"1";"1";"1";4;48;2
"40294";"202100040294";5;"17:40";"1";"94";"1";"1";"1";2;48;2
"40295";"202100040295";4;"11:00";"1";"78";"2";"4";"1";6;48;2
"40296";"202100040296";2;"21:45";"5";"06";"2";"1";"1";3;43;7
"40297";"202100040297";2;"10:30";"1";"06";"2";"9";"7";6;43;7
"40298";"202100040298";2;"14:40";"1";"03";"2";"1";"1";6;46;3
"40299";"202100040299";2;"11:48";"1";"03";"2";"2";"1";6;46;3
"40300";"202100040300";2;"16:00";"1";"94";"2";"9";"1";6;48;2
"40301";"202100040301";5;"08:35";"1";"974";"1";"1";"1";1;-21;55
"40302";"202100040302";5;"07:15";"1";"974";"1";"1";"1";3;-21;55
"40303";"202100040303";5;"19:10";"3";"974";"2";"1";"1";1;-20;55
"40304";"202100040304";5;"13:20";"1";"974";"2";"9";"1";3;-20;55
"40305";"202100040305";5;"17:45";"1";"974";"2";"1";"1";2;-20;55
"40306";"202100040306";5;"20:22";"5";"973";"1";"6";"2";2;4;-52
"40307";"202100040307";5;"20:10";"2";"69";"2";"1";"8";7;45;4
"40308";"202100040308";5;"19:45";"1";"69";"2";"2";"1";3;45;4
"40309";"202100040309";5;"18:15";"1";"69";"2";"2";"1";3;45;4
"40310";"202100040310";5;"15:50";"1";"69";"2";"9";"2";3;45;4
"40311";"202100040311";5;"08:20";"1";"69";"2";"2";"2";3;45;4
"40312";"202100040312";5;"16:40";"1";"972";"1";"1";"1";3;14;-61
"40313";"202100040313";5;"22:00";"5";"69";"2";"1";"3";7;45;4
"40314";"202100040314";5;"19:55";"2";"91";"2";"2";"1";3;48;2
"40315";"202100040315";5;"16:15";"1";"88";"2";"4";"2";6;48;6
"40316";"202100040316";5;"08:00";"1";"87";"2";"1";"2";2;45;1
"40317";"202100040317";5;"05:10";"5";"87";"2";"1";"1";6;45;1
"40318";"202100040318";5;"20:15";"2";"81";"2";"2";"1";3;43;2
"40319";"202100040319";5;"07:40";"1";"80";"1";"1";"2";6;49;2
"40320";"202100040320";5;"16:30";"1";"80";"2";"1";"8";6;49;2
"40321";"202100040321";5;"12:40";"1";"74";"2";"1";"2";3;45;6
"40322";"202100040322";5;"13:15";"1";"69";"2";"3";"1";3;45;5
"40323";"202100040323";5;"05:05";"5";"69";"2";"6";"2";3;46;4
"40324";"202100040324";5;"17:15";"1";"68";"2";"3";"2";3;48;7
"40325";"202100040325";5;"20:00";"2";"67";"2";"8";"1";2;48;7
"40326";"202100040326";5;"12:30";"1";"67";"2";"1";"1";2;48;7
"40327";"202100040327";5;"13:50";"1";"64";"2";"1";"1";7;43;-1
"40328";"202100040328";5;"08:00";"1";"64";"2";"6";"1";3;43;-1
"40329";"202100040329";5;"15:40";"1";"63";"2";"2";"3";6;45;3
"40330";"202100040330";5;"07:39";"1";"63";"2";"2";"1";2;45;3
"40331";"202100040331";5;"15:25";"1";"63";"2";"1";"1";6;45;3
"40332";"202100040332";5;"16:56";"1";"63";"2";"1";"1";6;45;3
"40333";"202100040333";4;"11:30";"1";"62";"2";"1";"1";3;50;2
"40334";"202100040334";5;"16:55";"1";"60";"2";"1";"7";6;49;2
"40335";"202100040335";5;"13:45";"1";"59";"2";"1";"1";6;50;2
"40336";"202100040336";5;"17:00";"1";"57";"2";"1";"1";6;49;6
"40337";"202100040337";5;"07:50";"1";"51";"2";"7";"1";7;49;4
"40338";"202100040338";5;"15:37";"1";"49";"2";"1";"1";3;47;0
"40339";"202100040339";5;"11:13";"1";"49";"2";"1";"1";3;47;0
"40340";"202100040340";5;"17:05";"1";"45";"2";"1";"1";3;47;1
"40341";"202100040341";5;"17:45";"1";"45";"1";"3";"1";7;47;2
"40342";"202100040342";5;"18:45";"1";"35";"2";"3";"1";3;48;-1
"40343";"202100040343";5;"09:25";"1";"34";"1";"1";"1";2;43;3
"40344";"202100040344";5;"09:25";"1";"33";"2";"4";"1";3;44;0
"40345";"202100040345";5;"15:00";"1";"33";"2";"3";"1";6;44;0
"40346";"202100040346";5;"23:29";"5";"33";"2";"2";"2";3;44;0
"40347";"202100040347";5;"15:22";"1";"32";"2";"1";"1";2;43;0
"40348";"202100040348";5;"08:45";"1";"29";"2";"6";"1";3;48;-4
"40349";"202100040349";5;"08:40";"1";"26";"2";"6";"2";3;44;4
"40350";"202100040350";5;"16:40";"1";"19";"2";"3";"1";6;45;1
"40351";"202100040351";5;"16:25";"1";"14";"2";"1";"1";6;49;0
"40352";"202100040352";5;"23:35";"3";"14";"1";"1";"6";7;49;0
"40353";"202100040353";5;"02:17";"5";"13";"2";"1";"1";6;43;5
"40354";"202100040354";5;"17:00";"1";"13";"2";"1";"1";5;43;5
"40355";"202100040355";5;"12:40";"1";"13";"2";"1";"1";1;43;5
"40356";"202100040356";5;"08:30";"1";"13";"2";"1";"1";2;43;5
"40357";"202100040357";5;"08:30";"1";"13";"2";"1";"1";3;43;5
"40358";"202100040358";5;"14:30";"1";"13";"2";"1";"3";2;43;5
"40359";"202100040359";5;"07:40";"1";"11";"2";"1";"2";4;43;2
"40360";"202100040360";5;"16:25";"1";"06";"2";"1";"1";3;43;6
"40361";"202100040361";5;"15:40";"1";"06";"2";"9";"2";2;43;6
"40362";"202100040362";5;"10:50";"1";"06";"2";"1";"2";6;43;7
"40363";"202100040363";5;"08:00";"1";"03";"2";"3";"8";3;46;2
"40364";"202100040364";5;"12:00";"1";"75";"2";"1";"1";6;48;2
"40365";"202100040365";5;"17:30";"1";"75";"2";"4";"1";3;48;2
"40366";"202100040366";5;"13:10";"1";"75";"2";"3";"1";3;48;2
"40367";"202100040367";5;"09:00";"1";"75";"2";"3";"1";2;48;2
"40368";"202100040368";5;"19:30";"1";"75";"2";"1";"1";6;48;2
"40369";"202100040369";5;"08:45";"1";"75";"2";"3";"8";6;48;2
"40370";"202100040370";5;"17:40";"1";"75";"2";"2";"1";6;48;2
"40371";"202100040371";5;"17:40";"1";"75";"2";"3";"1";6;48;2
"40372";"202100040372";5;"13:57";"1";"75";"2";"1";"2";6;48;2
"40373";"202100040373";5;"09:00";"1";"75";"2";"2";"1";3;48;2
"40374";"202100040374";5;"08:26";"1";"75";"2";"2";"1";3;48;2
"40375";"202100040375";5;"22:05";"5";"94";"2";"2";"1";3;48;2
"40376";"202100040376";5;"12:30";"1";"94";"2";"2";"1";3;48;2
"40377";"202100040377";5;"17:00";"1";"94";"2";"1";"1";2;48;2
"40378";"202100040378";5;"15:10";"1";"94";"2";"1";"2";7;48;2
"40379";"202100040379";5;"17:50";"1";"93";"2";"1";"1";3;48;2
"40380";"202100040380";5;"17:21";"1";"93";"2";"1";"1";3;48;2
"40381";"202100040381";5;"13:25";"1";"93";"2";"1";"8";6;48;2
"40382";"202100040382";5;"16:40";"1";"93";"2";"1";"1";6;48;2
"40383";"202100040383";5;"09:15";"1";"93";"2";"1";"1";6;48;2
"40384";"202100040384";5;"19:50";"1";"93";"2";"3";"1";2;48;2
"40385";"202100040385";5;"11:39";"1";"93";"2";"9";"1";6;48;2
"40386";"202100040386";5;"18:20";"1";"93";"2";"1";"8";3;48;2
"40387";"202100040387";5;"12:34";"1";"93";"2";"1";"1";6;48;2
"40388";"202100040388";5;"20:50";"2";"92";"2";"1";"1";3;48;2
"40389";"202100040389";5;"16:50";"1";"92";"2";"4";"8";6;48;2
"40390";"202100040390";5;"17:50";"1";"02";"1";"1";"1";7;50;3
"40391";"202100040391";5;"13:10";"1";"06";"2";"1";"1";6;43;7
"40392";"202100040392";5;"15:20";"1";"18";"1";"1";"2";1;47;2
"40393";"202100040393";5;"14:15";"1";"59";"2";"9";"1";6;50;3
"40394";"202100040394";5;"16:50";"1";"59";"2";"1";"1";1;50;3
"40395";"202100040395";5;"08:09";"1";"19";"1";"1";"1";1;45;2
"40396";"202100040396";5;"19:00";"1";"56";"2";"1";"1";7;47;-3
"40397";"202100040397";5;"19:50";"1";"56";"2";"2";"2";3;47;-2
"40398";"202100040398";5;"02:00";"3";"2B";"2";"1";"1";7;42;8
"40399";"202100040399";5;"18:25";"1";"71";"1";"1";"1";6;46;5
"40400";"202100040400";5;"08:00";"1";"71";"1";"3";"1";6;46;4
"40401";"202100040401";5;"09:50";"1";"63";"1";"2";"3";1;45;2
"40402";"202100040402";4;"18:45";"1";"61";"1";"1";"1";7;48;0
"40403";"202100040403";5;"12:16";"1";"42";"1";"1";"1";1;45;4
"40404";"202100040404";5;"13:30";"1";"42";"1";"2";"3";6;45;4
"40405";"202100040405";5;"08:35";"1";"46";"1";"1";"2";6;44;1
"40406";"202100040406";5;"11:30";"1";"29";"1";"2";"1";3;48;-4
"40407";"202100040407";5;"15:25";"1";"72";"1";"3";"1";1;47;0
"40408";"202100040408";5;"15:10";"1";"60";"1";"1";"1";2;49;3
"40409";"202100040409";5;"14:15";"1";"64";"1";"1";"1";1;43;0
"40410";"202100040410";5;"17:00";"1";"18";"1";"1";"1";1;46;2
"40411";"202100040411";5;"19:00";"1";"27";"1";"1";"1";1;49;0
"40412";"202100040412";5;"23:45";"3";"87";"1";"1";"1";6;46;0
"40413";"202100040413";5;"08:55";"1";"87";"2";"3";"3";3;45;1
"40414";"202100040414";5;"14:45";"1";"30";"2";"1";"1";6;43;4
"40415";"202100040415";5;"21:40";"3";"76";"1";"1";"2";7;49;0
"40416";"202100040416";5;"12:56";"1";"30";"1";"1";"1";2;43;4
"40417";"202100040417";5;"07:00";"1";"30";"1";"9";"1";6;43;4
"40418";"202100040418";5;"09:05";"1";"975";"2";"1";"1";3;46;-56
"40419";"202100040419";3;"17:20";"1";"971";"2";"1";"1";6;16;-61
"40420";"202100040420";5;"17:05";"1";"13";"1";"1";"1";1;43;4
"40421";"202100040421";5;"03:30";"3";"57";"1";"1";"1";6;49;6
"40422";"202100040422";5;"12:30";"1";"38";"1";"1";"1";1;45;4
"40423";"202100040423";5;"12:20";"1";"65";"1";"1";"1";7;42;0
"40424";"202100040424";5;"15:15";"1";"80";"1";"1";"1";7;49;2
"40425";"202100040425";5;"16:23";"1";"13";"1";"1";"1";4;43;5
"40426";"202100040426";5;"15:35";"1";"33";"1";"1";"1";2;44;0
"40427";"202100040427";5;"17:45";"1";"92";"1";"1";"1";6;48;2
"40428";"202100040428";5;"01:30";"3";"92";"1";"1";"2";4;48;2
"40429";"202100040429";5;"20:40";"2";"95";"1";"1";"1";2;48;2
"40430";"202100040430";5;"15:20";"1";"95";"1";"1";"1";2;48;2
"40431";"202100040431";5;"09:05";"1";"93";"1";"1";"1";3;48;2
"40432";"202100040432";5;"08:30";"1";"93";"1";"1";"1";3;48;2
"40433";"202100040433";5;"06:50";"1";"95";"1";"1";"1";5;48;2
"40434";"202100040434";5;"07:00";"1";"95";"1";"1";"2";6;48;2
"40435";"202100040435";5;"07:35";"1";"94";"1";"1";"1";4;48;2
"40436";"202100040436";5;"14:00";"1";"94";"1";"1";"1";3;48;2
"40437";"202100040437";2;"11:30";"1";"19";"2";"3";"1";3;45;1
"40438";"202100040438";2;"14:00";"1";"09";"1";"3";"3";3;43;1
"40439";"202100040439";5;"13:40";"1";"976";"2";"1";"1";2;-12;45
"40440";"202100040440";5;"06:40";"1";"976";"2";"1";"2";2;-12;45
"40441";"202100040441";5;"14:15";"1";"974";"2";"1";"1";3;-20;55
"40442";"202100040442";5;"10:20";"1";"974";"1";"1";"1";2;-20;55
"40443";"202100040443";5;"12:10";"1";"974";"1";"9";"1";3;-20;55
"40444";"202100040444";5;"12:42";"1";"973";"2";"1";"1";2;4;-52
"40445";"202100040445";5;"08:55";"1";"973";"2";"1";"1";2;4;-52
"40446";"202100040446";5;"08:55";"1";"973";"2";"1";"1";3;4;-52
"40447";"202100040447";5;"18:00";"1";"69";"2";"1";"3";3;45;4
"40448";"202100040448";5;"17:25";"1";"69";"2";"1";"3";6;45;4
"40449";"202100040449";5;"16:30";"1";"69";"2";"1";"3";3;45;4
"40450";"202100040450";5;"13:20";"1";"69";"2";"3";"3";7;45;4
"40451";"202100040451";5;"18:45";"1";"69";"2";"9";"1";6;45;4
"40452";"202100040452";5;"19:02";"1";"2B";"2";"1";"8";3;42;9
"40453";"202100040453";5;"08:35";"1";"95";"2";"1";"1";3;49;2
"40454";"202100040454";5;"14:40";"1";"91";"2";"1";"8";6;48;2
"40455";"202100040455";5;"10:00";"1";"90";"2";"9";"1";3;47;6
"40456";"202100040456";5;"17:23";"1";"87";"2";"1";"1";6;45;1
"40457";"202100040457";5;"18:53";"1";"87";"2";"3";"1";3;45;1
"40458";"202100040458";5;"10:50";"1";"86";"2";"3";"2";3;46;0
"40459";"202100040459";5;"18:00";"1";"86";"2";"1";"1";3;46;0
"40460";"202100040460";5;"22:45";"5";"83";"2";"3";"1";3;43;5
"40461";"202100040461";5;"09:50";"1";"81";"2";"4";"1";3;43;2
"40462";"202100040462";5;"00:22";"5";"78";"2";"2";"2";3;48;2
"40463";"202100040463";5;"13:25";"1";"78";"2";"3";"1";6;48;2