"";"Num_Acc";"mois";"hrmn";"lum";"dep";"agg";"int";"atm";"col";"lat";"long"
"40464";"202100040464";5;"15:00";"1";"76";"1";"1";"1";5;49;1
"40465";"202100040465";5;"00:55";"5";"76";"2";"1";"1";6;49;0
"40466";"202100040466";5;"14:40";"1";"71";"2";"1";"1";6;46;4
"40467";"202100040467";5;"02:40";"5";"69";"2";"2";"1";3;45;4
"40468";"202100040468";5;"13:50";"1";"69";"2";"2";"3";3;45;4
"40469";"202100040469";5;"07:40";"1";"64";"2";"1";"1";2;43;-1
"40470";"202100040470";5;"16:15";"1";"64";"2";"1";"1";2;43;-1
"40471";"202100040471";5;"09:10";"1";"64";"2";"1";"1";3;43;-1
"40472";"202100040472";5;"14:52";"1";"63";"2";"3";"1";3;45;3
"40473";"202100040473";5;"15:30";"1";"59";"1";"1";"1";3;50;3
"40474";"202100040474";5;"14:25";"1";"59";"1";"6";"1";6;50;3
"40475";"202100040475";5;"18:10";"1";"57";"2";"3";"2";6;49;6
"40476";"202100040476";5;"05:45";"4";"56";"2";"1";"1";6;47;-3
"40477";"202100040477";5;"09:55";"1";"54";"2";"2";"1";3;48;6
"40478";"202100040478";5;"18:30";"1";"38";"2";"2";"1";3;45;5
"40479";"202100040479";5;"13:36";"1";"37";"2";"1";"1";7;47;0
"40480";"202100040480";5;"12:45";"1";"37";"2";"1";"1";6;47;0
"40481";"202100040481";5;"17:20";"1";"35";"2";"1";"1";6;48;-1
"40482";"202100040482";5;"17:45";"1";"35";"1";"1";"1";4;48;-1
"40483";"202100040483";5;"16:40";"1";"33";"2";"2";"1";3;44;0
"40484";"202100040484";5;"08:20";"1";"33";"2";"3";"1";3;44;0
"40485";"202100040485";5;"13:50";"1";"33";"2";"3";"1";3;44;-1
"40486";"202100040486";5;"09:01";"1";"32";"2";"1";"1";2;43;0
"40487";"202100040487";5;"17:00";"1";"31";"2";"1";"1";6;43;1
"40488";"202100040488";5;"13:00";"1";"29";"2";"1";"1";1;47;-4
"40489";"202100040489";5;"08:39";"1";"29";"2";"1";"1";3;47;-4
"40490";"202100040490";5;"15:05";"1";"27";"2";"9";"1";3;49;1
"40491";"202100040491";5;"22:45";"5";"13";"2";"2";"1";3;43;5
"40492";"202100040492";5;"09:00";"1";"13";"2";"1";"2";3;43;5
"40493";"202100040493";5;"13:15";"1";"06";"2";"1";"2";6;43;7
"40494";"202100040494";5;"14:20";"1";"06";"2";"1";"2";7;43;6
"40495";"202100040495";5;"23:05";"5";"06";"2";"1";"8";3;43;7
"40496";"202100040496";5;"22:20";"5";"05";"2";"1";"1";6;44;6
"40497";"202100040497";5;"17:00";"1";"05";"2";"3";"1";3;44;6
"40498";"202100040498";5;"18:35";"1";"75";"2";"1";"1";3;48;2
"40499";"202100040499";5;"15:00";"1";"75";"2";"1";"1";4;48;2
"40500";"202100040500";5;"14:20";"1";"75";"2";"1";"1";3;48;2
"40501";"202100040501";5;"14:26";"1";"75";"2";"2";"7";3;48;2
"40502";"202100040502";5;"05:38";"1";"75";"2";"7";"2";3;48;2
"40503";"202100040503";5;"11:00";"1";"75";"2";"1";"1";3;48;2
"40504";"202100040504";5;"15:15";"1";"75";"2";"7";"8";3;48;2
"40505";"202100040505";5;"14:40";"1";"75";"2";"2";"1";3;48;2
"40506";"202100040506";5;"12:55";"1";"75";"2";"1";"1";3;48;2
"40507";"202100040507";5;"16:15";"1";"75";"2";"2";"1";3;48;2
"40508";"202100040508";5;"14:50";"1";"75";"2";"2";"1";6;48;2
"40509";"202100040509";5;"11:05";"1";"75";"2";"2";"1";6;48;2
"40510";"202100040510";5;"16:10";"1";"75";"2";"1";"1";3;48;2
"40511";"202100040511";5;"23:45";"5";"75";"2";"2";"1";3;48;2
"40512";"202100040512";5;"13:30";"1";"75";"2";"3";"1";6;48;2
"40513";"202100040513";5;"11:45";"1";"75";"2";"4";"1";3;48;2
"40514";"202100040514";5;"12:20";"1";"75";"2";"3";"1";1;48;2
"40515";"202100040515";5;"19:10";"2";"94";"2";"1";"2";6;48;2
"40516";"202100040516";5;"17:20";"1";"94";"2";"9";"8";6;48;2
"40517";"202100040517";5;"04:30";"5";"94";"2";"9";"2";2;48;2
"40518";"202100040518";5;"10:10";"1";"94";"2";"1";"8";6;48;2
"40519";"202100040519";5;"01:13";"3";"94";"2";"1";"1";6;48;2
"40520";"202100040520";5;"18:45";"1";"91";"2";"1";"1";2;48;2
"40521";"202100040521";5;"04:00";"5";"94";"2";"1";"3";7;48;2
"40522";"202100040522";5;"08:45";"1";"94";"2";"1";"1";6;48;2
"40523";"202100040523";5;"07:25";"1";"94";"2";"1";"2";4;48;2
"40524";"202100040524";5;"18:25";"1";"93";"2";"1";"1";3;48;2
"40525";"202100040525";5;"00:30";"5";"93";"2";"9";"1";3;48;2
"40526";"202100040526";5;"19:10";"1";"93";"2";"2";"1";3;48;2
"40527";"202100040527";5;"18:50";"1";"93";"2";"1";"2";6;48;2
"40528";"202100040528";5;"14:15";"1";"92";"2";"1";"1";7;48;2
"40529";"202100040529";5;"16:51";"1";"92";"2";"7";"1";3;48;2
"40530";"202100040530";5;"08:20";"1";"92";"2";"3";"2";6;48;2
"40531";"202100040531";5;"04:42";"5";"92";"2";"3";"2";2;48;2
"40532";"202100040532";5;"17:50";"1";"92";"2";"1";"1";3;48;2
"40533";"202100040533";5;"16:30";"1";"92";"2";"1";"1";6;48;2
"40534";"202100040534";5;"18:40";"1";"92";"2";"3";"1";6;48;2
"40535";"202100040535";5;"19:49";"1";"92";"2";"1";"1";4;48;2
"40536";"202100040536";4;"18:45";"1";"92";"2";"3";"1";6;48;2
"40537";"202100040537";5;"08:00";"1";"2A";"1";"1";"3";6;41;9
"40538";"202100040538";5;"17:15";"1";"73";"1";"1";"8";6;45;5
"40539";"202100040539";5;"10:50";"1";"73";"1";"1";"1";7;45;5
"40540";"202100040540";5;"03:45";"3";"09";"2";"1";"1";6;43;1
"40541";"202100040541";5;"14:00";"1";"974";"1";"1";"1";1;-21;55
"40542";"202100040542";5;"15:40";"1";"972";"1";"3";"1";3;14;-60
"40543";"202100040543";5;"11:55";"1";"972";"2";"1";"2";1;14;-60
"40544";"202100040544";5;"08:45";"1";"29";"1";"1";"1";2;48;-4
"40545";"202100040545";5;"19:50";"2";"58";"1";"1";"2";1;47;3
"40546";"202100040546";5;"17:19";"1";"38";"2";"2";"3";3;45;5
"40547";"202100040547";5;"10:29";"1";"62";"1";"1";"1";6;50;2
"40548";"202100040548";5;"15:00";"1";"31";"2";"1";"1";6;43;1
"40549";"202100040549";5;"11:45";"1";"57";"2";"1";"2";6;49;6
"40550";"202100040550";5;"16:30";"1";"19";"1";"1";"1";1;45;2
"40551";"202100040551";4;"19:45";"1";"65";"2";"1";"1";2;43;0
"40552";"202100040552";5;"16:15";"1";"63";"1";"1";"6";7;45;3
"40553";"202100040553";5;"10:30";"1";"76";"1";"1";"1";3;49;1
"40554";"202100040554";5;"13:43";"1";"35";"2";"1";"1";6;48;-1
"40555";"202100040555";5;"12:45";"1";"14";"1";"9";"1";1;49;0
"40556";"202100040556";5;"06:35";"2";"83";"2";"1";"2";6;43;6
"40557";"202100040557";3;"17:55";"1";"64";"2";"1";"1";7;43;-1
"40558";"202100040558";5;"16:30";"1";"21";"1";"2";"1";3;47;4
"40559";"202100040559";5;"16:50";"1";"40";"1";"1";"7";6;43;-1
"40560";"202100040560";5;"20:00";"1";"17";"1";"1";"1";6;46;0
"40561";"202100040561";5;"05:30";"5";"87";"1";"1";"3";6;45;0
"40562";"202100040562";5;"15:45";"1";"52";"1";"1";"1";1;48;5
"40563";"202100040563";5;"07:45";"1";"24";"2";"1";"1";6;44;0
"40564";"202100040564";5;"13:00";"1";"34";"1";"1";"3";2;43;4
"40565";"202100040565";5;"13:25";"1";"33";"2";"9";"1";3;44;-1
"40566";"202100040566";5;"19:45";"5";"971";"2";"1";"1";7;16;-61
"40567";"202100040567";5;"13:45";"1";"971";"2";"2";"1";3;16;-61
"40568";"202100040568";5;"22:50";"5";"84";"2";"1";"1";6;43;5
"40569";"202100040569";5;"11:45";"1";"71";"1";"1";"1";7;46;4
"40570";"202100040570";5;"18:15";"1";"88";"2";"9";"2";3;48;5
"40571";"202100040571";5;"11:50";"1";"57";"1";"9";"1";1;49;6
"40572";"202100040572";5;"16:00";"1";"74";"2";"1";"2";6;46;6
"40573";"202100040573";5;"06:00";"2";"73";"1";"1";"1";6;45;7
"40574";"202100040574";5;"15:10";"1";"38";"1";"1";"1";7;45;4
"40575";"202100040575";5;"12:30";"1";"09";"1";"1";"1";6;43;1
"40576";"202100040576";5;"07:25";"1";"86";"1";"1";"2";3;46;0
"40577";"202100040577";5;"15:15";"1";"76";"1";"1";"1";7;49;0
"40578";"202100040578";5;"17:30";"1";"13";"1";"1";"2";7;43;5
"40579";"202100040579";5;"16:20";"1";"13";"1";"1";"2";4;43;5
"40580";"202100040580";5;"12:30";"1";"91";"1";"1";"1";4;48;2
"40581";"202100040581";5;"12:05";"1";"91";"1";"1";"2";3;48;2
"40582";"202100040582";5;"06:30";"1";"94";"1";"1";"1";3;48;2
"40583";"202100040583";5;"01:30";"4";"92";"1";"1";"2";6;48;2
"40584";"202100040584";5;"07:30";"1";"94";"1";"1";"8";4;48;2
"40585";"202100040585";1;"08:00";"1";"28";"1";"1";"8";7;48;1
"40586";"202100040586";5;"06:45";"1";"988";"2";"3";"1";1;-22;166
"40587";"202100040587";5;"07:05";"1";"988";"2";"3";"1";3;-22;166
"40588";"202100040588";5;"17:50";"5";"988";"2";"3";"1";6;-22;166
"40589";"202100040589";5;"16:23";"1";"988";"2";"3";"2";3;-22;166
"40590";"202100040590";5;"13:40";"1";"974";"1";"1";"1";3;-20;55
"40591";"202100040591";5;"21:50";"5";"973";"2";"1";"1";3;4;-52
"40592";"202100040592";5;"19:57";"2";"69";"2";"2";"1";3;45;4
"40593";"202100040593";5;"17:20";"1";"69";"2";"3";"1";3;45;4
"40594";"202100040594";5;"19:45";"1";"69";"2";"1";"1";3;45;4
"40595";"202100040595";5;"13:45";"1";"972";"1";"9";"1";7;14;-60
"40596";"202100040596";5;"10:43";"1";"972";"1";"1";"1";7;14;-61
"40597";"202100040597";5;"12:44";"1";"69";"2";"1";"1";2;45;4
"40598";"202100040598";5;"12:30";"1";"971";"2";"1";"1";2;15;-61
"40599";"202100040599";5;"15:30";"1";"95";"2";"1";"1";3;48;2
"40600";"202100040600";5;"22:45";"5";"91";"1";"2";"1";3;48;2
"40601";"202100040601";5;"17:15";"1";"83";"1";"9";"1";3;43;6
"40602";"202100040602";5;"16:40";"1";"76";"2";"3";"1";3;49;1
"40603";"202100040603";5;"16:50";"1";"74";"2";"1";"1";2;45;6
"40604";"202100040604";5;"16:54";"1";"68";"2";"1";"1";1;47;7
"40605";"202100040605";5;"15:55";"1";"64";"2";"1";"1";3;43;-1
"40606";"202100040606";4;"19:00";"1";"62";"2";"1";"1";6;50;2
"40607";"202100040607";5;"21:20";"5";"59";"2";"2";"8";3;50;3
"40608";"202100040608";5;"20:50";"5";"49";"2";"1";"1";2;47;0
"40609";"202100040609";5;"15:33";"1";"47";"1";"1";"1";7;44;0
"40610";"202100040610";5;"18:25";"1";"33";"2";"1";"3";7;44;-1
"40611";"202100040611";5;"16:15";"1";"33";"1";"1";"8";7;44;-1
"40612";"202100040612";5;"02:05";"3";"29";"1";"1";"1";7;48;-3
"40613";"202100040613";5;"17:00";"1";"29";"1";"1";"8";6;47;-3
"40614";"202100040614";5;"16:30";"1";"13";"2";"2";"1";3;43;5
"40615";"202100040615";5;"23:52";"5";"13";"2";"1";"1";6;43;5
"40616";"202100040616";5;"19:00";"1";"13";"2";"1";"1";5;43;5
"40617";"202100040617";5;"17:25";"1";"13";"2";"1";"1";4;43;5
"40618";"202100040618";5;"09:15";"1";"13";"2";"9";"1";3;43;4
"40619";"202100040619";5;"14:00";"1";"12";"2";"2";"1";3;44;2
"40620";"202100040620";5;"14:33";"1";"06";"2";"3";"1";1;43;7
"40621";"202100040621";5;"12:00";"1";"06";"2";"1";"1";6;43;7
"40622";"202100040622";5;"17:25";"1";"06";"2";"1";"1";3;43;6
"40623";"202100040623";5;"17:40";"1";"75";"2";"1";"1";3;48;2
"40624";"202100040624";5;"13:20";"1";"75";"2";"1";"1";2;48;2
"40625";"202100040625";5;"18:55";"1";"75";"2";"6";"1";2;48;2
"40626";"202100040626";5;"11:20";"1";"75";"2";"2";"1";3;48;2
"40627";"202100040627";5;"16:25";"1";"75";"2";"3";"1";6;48;2
"40628";"202100040628";5;"14:10";"1";"75";"2";"1";"1";3;48;2
"40629";"202100040629";5;"20:54";"1";"75";"2";"2";"8";3;48;2
"40630";"202100040630";5;"18:45";"1";"94";"2";"9";"8";3;48;2
"40631";"202100040631";5;"20:10";"2";"94";"2";"1";"1";3;48;2
"40632";"202100040632";5;"19:45";"1";"93";"2";"1";"1";1;48;2
"40633";"202100040633";5;"15:00";"1";"93";"2";"1";"1";3;48;2
"40634";"202100040634";5;"23:30";"5";"93";"1";"1";"1";2;48;2
"40635";"202100040635";5;"19:21";"1";"93";"2";"5";"1";3;48;2
"40636";"202100040636";5;"13:00";"1";"93";"2";"1";"1";6;48;2
"40637";"202100040637";5;"16:20";"1";"92";"2";"5";"1";1;48;2
"40638";"202100040638";5;"08:00";"1";"95";"2";"6";"1";6;49;2
"40639";"202100040639";5;"10:40";"1";"11";"1";"1";"1";6;42;2
"40640";"202100040640";5;"23:56";"3";"12";"1";"1";"2";6;44;1
"40641";"202100040641";5;"05:30";"3";"24";"1";"3";"8";3;45;0
"40642";"202100040642";5;"20:20";"5";"973";"2";"1";"3";7;3;-54
"40643";"202100040643";5;"17:50";"1";"71";"1";"1";"7";3;46;3
"40644";"202100040644";5;"19:50";"2";"31";"2";"1";"2";6;43;1
"40645";"202100040645";4;"16:50";"1";"57";"1";"1";"1";7;48;6
"40646";"202100040646";5;"07:35";"1";"972";"2";"6";"1";6;14;-61
"40647";"202100040647";5;"12:45";"1";"17";"2";"9";"1";1;46;-1
"40648";"202100040648";5;"17:30";"1";"58";"1";"1";"1";7;47;3
"40649";"202100040649";5;"14:50";"1";"38";"1";"1";"6";7;45;5
"40650";"202100040650";5;"16:30";"1";"65";"1";"1";"1";7;43;0
"40651";"202100040651";5;"14:00";"1";"23";"1";"1";"1";3;45;2
"40652";"202100040652";5;"22:25";"5";"19";"1";"1";"1";6;45;1
"40653";"202100040653";5;"17:20";"1";"76";"1";"2";"1";7;49;1
"40654";"202100040654";5;"16:30";"1";"2A";"1";"1";"1";3;41;8
"40655";"202100040655";5;"05:40";"2";"80";"2";"1";"2";7;49;2
"40656";"202100040656";5;"15:00";"1";"32";"1";"4";"1";6;43;0
"40657";"202100040657";5;"16:45";"1";"11";"1";"1";"1";6;42;2
"40658";"202100040658";5;"11:50";"1";"63";"1";"1";"1";7;45;2
"40659";"202100040659";5;"18:45";"1";"49";"1";"2";"8";3;47;0
"40660";"202100040660";5;"08:55";"1";"34";"1";"1";"2";1;43;3
"40661";"202100040661";5;"14:10";"1";"68";"1";"1";"2";1;47;7
"40662";"202100040662";2;"20:00";"3";"22";"2";"1";"1";7;48;-3
"40663";"202100040663";5;"12:00";"1";"25";"1";"1";"1";7;47;5
"40664";"202100040664";5;"13:20";"1";"44";"2";"1";"1";6;47;-1
"40665";"202100040665";5;"07:30";"1";"44";"1";"4";"7";1;47;-2
"40666";"202100040666";5;"08:50";"1";"29";"1";"2";"2";3;48;-3
"40667";"202100040667";5;"07:40";"1";"02";"2";"1";"8";6;49;3
"40668";"202100040668";5;"18:56";"1";"50";"2";"1";"1";7;49;-1
"40669";"202100040669";5;"09:50";"1";"50";"1";"2";"1";5;49;-1
"40670";"202100040670";5;"08:20";"1";"83";"1";"1";"2";6;43;6
"40671";"202100040671";5;"14:10";"1";"09";"1";"1";"8";7;42;1
"40672";"202100040672";5;"15:45";"1";"73";"1";"1";"1";6;45;5
"40673";"202100040673";5;"10:25";"1";"73";"1";"1";"1";6;45;5
"40674";"202100040674";5;"16:20";"1";"43";"1";"3";"1";3;45;4
"40675";"202100040675";5;"20:25";"2";"10";"1";"1";"1";7;48;3
"40676";"202100040676";5;"15:50";"1";"10";"2";"1";"1";3;48;3
"40677";"202100040677";5;"19:00";"1";"53";"1";"3";"1";6;47;0
"40678";"202100040678";5;"10:30";"1";"85";"2";"2";"1";3;46;-1
"40679";"202100040679";5;"19:30";"1";"85";"2";"1";"2";6;46;-1
"40680";"202100040680";5;"08:40";"1";"85";"1";"1";"1";2;46;-1
"40681";"202100040681";5;"19:00";"1";"27";"1";"3";"1";1;48;0
"40682";"202100040682";5;"17:30";"1";"28";"1";"1";"1";1;48;0
"40683";"202100040683";5;"15:50";"1";"37";"2";"1";"1";3;47;0
"40684";"202100040684";5;"17:30";"1";"67";"2";"1";"1";7;48;7
"40685";"202100040685";5;"16:15";"1";"76";"1";"9";"2";3;49;0
"40686";"202100040686";5;"20:10";"2";"34";"1";"1";"1";7;43;3
"40687";"202100040687";5;"05:30";"2";"68";"1";"1";"1";2;47;7
"40688";"202100040688";5;"02:23";"3";"987";"1";"1";"3";7;-16;-151
"40689";"202100040689";5;"18:00";"3";"988";"1";"1";"1";7;-22;166
"40690";"202100040690";5;"14:00";"1";"971";"2";"1";"1";3;16;-61
"40691";"202100040691";5;"18:40";"1";"66";"1";"9";"8";1;42;2
"40692";"202100040692";5;"18:50";"1";"13";"1";"1";"1";2;43;5
"40693";"202100040693";5;"17:30";"1";"13";"1";"1";"1";6;43;4
"40694";"202100040694";5;"12:00";"1";"70";"1";"1";"2";1;47;5
"40695";"202100040695";5;"09:45";"1";"68";"2";"3";"1";3;48;7
"40696";"202100040696";5;"13:40";"1";"57";"1";"1";"1";7;49;7
"40697";"202100040697";5;"14:50";"1";"73";"1";"1";"1";1;45;5
"40698";"202100040698";5;"18:10";"1";"26";"1";"1";"1";7;45;4
"40699";"202100040699";5;"17:15";"1";"69";"1";"1";"3";3;46;4
"40700";"202100040700";4;"15:00";"1";"31";"1";"1";"1";2;43;1
"40701";"202100040701";5;"17:48";"1";"13";"1";"1";"1";5;43;5
"40702";"202100040702";5;"01:10";"3";"13";"1";"1";"1";2;43;5
"40703";"202100040703";5;"21:30";"5";"13";"1";"1";"1";2;43;5
"40704";"202100040704";5;"19:00";"1";"13";"1";"1";"1";2;43;5
"40705";"202100040705";5;"23:10";"3";"69";"1";"1";"1";2;45;4
"40706";"202100040706";5;"17:00";"1";"33";"1";"1";"2";4;44;0
"40707";"202100040707";5;"15:20";"1";"91";"1";"1";"1";4;48;2
"40708";"202100040708";5;"12:40";"1";"94";"1";"1";"1";2;48;2
"40709";"202100040709";5;"22:05";"3";"91";"1";"1";"1";2;48;2
"40710";"202100040710";5;"19:10";"1";"78";"1";"1";"1";5;48;2
"40711";"202100040711";5;"16:45";"1";"92";"1";"1";"1";2;48;2
"40712";"202100040712";5;"20:45";"1";"95";"1";"1";"1";7;49;2
"40713";"202100040713";5;"18:00";"1";"93";"1";"1";"1";5;48;2
"40714";"202100040714";5;"14:00";"1";"95";"1";"1";"1";2;48;2
"40715";"202100040715";5;"09:30";"1";"93";"1";"1";"2";4;48;2
"40716";"202100040716";5;"02:30";"3";"95";"1";"1";"1";6;49;2
"40717";"202100040717";5;"18:30";"1";"94";"1";"1";"1";4;48;2
"40718";"202100040718";5;"14:15";"1";"77";"1";"1";"1";2;48;2
"40719";"202100040719";5;"13:00";"1";"988";"2";"9";"1";3;-22;166
"40720";"202100040720";5;"13:30";"1";"973";"2";"1";"1";3;4;-52
"40721";"202100040721";5;"02:00";"5";"69";"2";"1";"1";7;45;4
"40722";"202100040722";5;"14:35";"1";"69";"2";"2";"1";1;45;4
"40723";"202100040723";5;"15:30";"1";"972";"2";"1";"1";6;14;-61
"40724";"202100040724";5;"10:40";"1";"972";"2";"1";"1";6;14;-61
"40725";"202100040725";5;"12:00";"1";"69";"2";"1";"1";3;45;4
"40726";"202100040726";5;"14:00";"1";"69";"1";"6";"1";6;45;4
"40727";"202100040727";5;"18:55";"1";"95";"2";"7";"1";6;49;2
"40728";"202100040728";5;"22:35";"3";"78";"1";"3";"1";3;49;2
"40729";"202100040729";5;"18:57";"1";"77";"1";"1";"1";5;48;2
"40730";"202100040730";5;"18:50";"1";"77";"2";"1";"1";7;48;2
"40731";"202100040731";5;"17:10";"1";"77";"2";"1";"1";6;48;2
"40732";"202100040732";5;"02:50";"5";"72";"2";"1";"1";7;47;0
"40733";"202100040733";5;"16:20";"1";"71";"2";"1";"1";3;46;4
"40734";"202100040734";5;"21:00";"5";"69";"2";"1";"1";6;45;4
"40735";"202100040735";5;"20:22";"2";"69";"2";"2";"1";6;45;4
"40736";"202100040736";5;"08:43";"1";"69";"2";"6";"1";6;45;4
"40737";"202100040737";5;"17:45";"1";"69";"2";"9";"1";3;45;4
"40738";"202100040738";5;"18:30";"1";"64";"2";"1";"1";3;43;-1
"40739";"202100040739";5;"12:35";"1";"64";"2";"2";"1";3;43;-1
"40740";"202100040740";5;"10:15";"1";"61";"2";"1";"7";6;48;0
"40741";"202100040741";5;"10:30";"1";"59";"2";"2";"2";6;50;3
"40742";"202100040742";5;"11:00";"1";"59";"2";"9";"1";3;50;3
"40743";"202100040743";5;"20:16";"1";"56";"2";"3";"1";3;47;-3
"40744";"202100040744";5;"19:40";"1";"51";"2";"3";"1";3;49;4
"40745";"202100040745";5;"17:55";"1";"50";"2";"1";"1";2;48;-1
"40746";"202100040746";5;"12:20";"1";"38";"2";"1";"1";3;45;5
"40747";"202100040747";5;"05:00";"5";"38";"2";"1";"1";3;45;5
"40748";"202100040748";5;"17:15";"1";"35";"2";"6";"1";2;48;-1
"40749";"202100040749";5;"16:50";"1";"35";"2";"9";"1";6;48;-1
"40750";"202100040750";5;"18:10";"1";"34";"2";"3";"1";3;43;3
"40751";"202100040751";5;"20:45";"1";"33";"2";"6";"1";3;44;0
"40752";"202100040752";5;"15:40";"1";"33";"2";"1";"1";6;44;-1
"40753";"202100040753";5;"12:25";"1";"31";"2";"9";"1";2;43;1
"40754";"202100040754";5;"09:10";"1";"30";"2";"6";"1";3;43;4
"40755";"202100040755";5;"14:55";"1";"24";"2";"1";"1";6;44;0
"40756";"202100040756";5;"21:20";"5";"13";"2";"1";"1";1;43;5
"40757";"202100040757";5;"20:15";"1";"13";"2";"3";"1";3;43;5
"40758";"202100040758";5;"03:30";"5";"13";"2";"9";"1";6;43;5
"40759";"202100040759";5;"17:45";"1";"13";"2";"1";"1";6;43;5
"40760";"202100040760";5;"18:20";"1";"10";"1";"1";"1";7;48;4
"40761";"202100040761";5;"18:30";"1";"75";"2";"1";"1";4;48;2
"40762";"202100040762";5;"16:35";"1";"75";"2";"1";"1";2;48;2
"40763";"202100040763";5;"20:13";"2";"75";"2";"1";"1";6;48;2
"40764";"202100040764";5;"19:50";"1";"75";"2";"1";"1";6;48;2
"40765";"202100040765";5;"17:00";"1";"75";"2";"2";"1";2;48;2
"40766";"202100040766";5;"05:00";"5";"75";"2";"4";"1";7;48;2
"40767";"202100040767";5;"21:40";"5";"75";"2";"2";"1";3;48;2
"40768";"202100040768";5;"18:15";"1";"75";"2";"3";"1";3;48;2
"40769";"202100040769";5;"23:15";"3";"75";"2";"3";"1";6;48;2
"40770";"202100040770";5;"18:45";"1";"75";"2";"1";"1";3;48;2
"40771";"202100040771";5;"18:35";"1";"75";"2";"1";"1";4;48;2
"40772";"202100040772";5;"18:50";"1";"75";"2";"3";"1";7;48;2
"40773";"202100040773";5;"18:15";"1";"75";"2";"3";"1";3;48;2
"40774";"202100040774";5;"20:45";"2";"75";"2";"3";"1";3;48;2
"40775";"202100040775";5;"17:05";"1";"94";"2";"1";"1";6;48;2
"40776";"202100040776";5;"19:50";"1";"93";"2";"1";"1";6;48;2
"40777";"202100040777";5;"17:15";"1";"93";"2";"2";"1";6;48;2
"40778";"202100040778";5;"12:20";"1";"92";"2";"1";"1";3;48;2
"40779";"202100040779";5;"11:00";"1";"92";"2";"2";"1";3;48;2
"40780";"202100040780";5;"16:50";"1";"92";"2";"1";"1";3;48;2
"40781";"202100040781";5;"13:55";"1";"08";"2";"3";"1";3;49;4
"40782";"202100040782";5;"16:30";"1";"2A";"1";"1";"1";3;41;8
"40783";"202100040783";5;"12:20";"1";"2A";"1";"1";"1";7;42;8
"40784";"202100040784";5;"00:14";"3";"76";"1";"1";"1";7;49;1
"40785";"202100040785";5;"16:00";"1";"81";"1";"1";"1";7;43;2
"40786";"202100040786";5;"15:15";"1";"51";"2";"1";"1";1;49;4
"40787";"202100040787";5;"10:50";"1";"34";"1";"1";"1";3;43;3
"40788";"202100040788";5;"16:20";"1";"37";"1";"1";"1";2;47;0
"40789";"202100040789";5;"20:32";"1";"77";"1";"1";"1";6;48;2
"40790";"202100040790";5;"17:25";"1";"57";"1";"1";"1";7;48;7
"40791";"202100040791";5;"19:15";"1";"51";"1";"1";"1";5;48;3
"40792";"202100040792";5;"16:45";"1";"56";"1";"3";"1";3;47;-3
"40793";"202100040793";5;"16:45";"1";"74";"1";"1";"1";1;45;6
"40794";"202100040794";5;"16:25";"1";"67";"1";"1";"1";6;48;7
"40795";"202100040795";5;"11:45";"1";"76";"1";"4";"1";7;49;0
"40796";"202100040796";5;"10:45";"1";"65";"1";"1";"1";6;43;0
"40797";"202100040797";5;"01:08";"3";"81";"1";"1";"1";7;43;2
"40798";"202100040798";5;"15:30";"1";"76";"1";"1";"1";7;50;1
"40799";"202100040799";5;"10:50";"1";"12";"1";"1";"1";6;43;2
"40800";"202100040800";5;"18:10";"1";"42";"1";"3";"1";3;45;4
"40801";"202100040801";5;"11:50";"1";"46";"1";"1";"1";6;44;1
"40802";"202100040802";5;"14:20";"1";"68";"2";"3";"1";2;47;7
"40803";"202100040803";5;"10:30";"1";"22";"1";"1";"1";7;48;-3
"40804";"202100040804";5;"07:05";"1";"25";"1";"1";"1";7;47;6
"40805";"202100040805";5;"15:40";"1";"44";"2";"1";"1";7;47;-1
"40806";"202100040806";5;"12:55";"1";"38";"1";"1";"1";6;45;5
"40807";"202100040807";5;"13:00";"1";"38";"1";"1";"1";6;44;5
"40808";"202100040808";5;"17:25";"1";"03";"2";"3";"1";1;46;3
"40809";"202100040809";5;"13:35";"1";"03";"1";"1";"1";6;46;2
"40810";"202100040810";5;"10:50";"1";"85";"1";"9";"1";6;46;-1
"40811";"202100040811";5;"15:00";"1";"70";"1";"3";"1";2;47;6
"40812";"202100040812";5;"09:30";"1";"05";"2";"1";"1";6;44;5
"40813";"202100040813";5;"17:40";"1";"64";"1";"1";"1";7;43;0
"40814";"202100040814";5;"13:50";"1";"18";"1";"1";"1";6;46;2
"40815";"202100040815";5;"19:30";"1";"18";"1";"1";"1";7;46;2
"40816";"202100040816";5;"14:30";"1";"43";"2";"1";"1";1;45;4
"40817";"202100040817";5;"17:30";"1";"43";"1";"1";"1";7;45;4
"40818";"202100040818";5;"02:10";"3";"53";"1";"1";"8";6;48;0
"40819";"202100040819";5;"17:00";"1";"53";"1";"1";"1";2;47;-1
"40820";"202100040820";4;"13:02";"1";"21";"1";"1";"2";6;47;5
"40821";"202100040821";5;"18:45";"1";"21";"1";"1";"1";6;47;4
"40822";"202100040822";5;"10:55";"1";"85";"2";"3";"1";3;46;-1
"40823";"202100040823";5;"08:45";"1";"37";"1";"1";"1";6;47;1
"40824";"202100040824";5;"10:30";"1";"30";"1";"1";"1";7;44;3
"40825";"202100040825";5;"18:30";"1";"88";"1";"1";"1";7;47;6
"40826";"202100040826";5;"17:40";"1";"30";"1";"1";"1";7;43;4
"40827";"202100040827";5;"14:30";"1";"67";"1";"1";"1";6;48;7