"";"Num_Acc";"mois";"hrmn";"lum";"dep";"agg";"int";"atm";"col";"lat";"long"
"40828";"202100040828";5;"17:21";"1";"13";"2";"1";"1";1;43;5
"40829";"202100040829";4;"17:25";"1";"11";"1";"1";"1";1;43;2
"40830";"202100040830";5;"07:00";"1";"28";"1";"1";"1";6;48;1
"40831";"202100040831";5;"23:00";"5";"987";"2";"1";"1";1;-17;-149
"40832";"202100040832";5;"14:30";"1";"978";"2";"9";"1";1;18;-63
"40833";"202100040833";5;"18:00";"1";"77";"1";"1";"1";1;49;2
"40834";"202100040834";5;"15:35";"1";"77";"2";"1";"1";6;48;2
"40835";"202100040835";5;"09:35";"1";"95";"2";"1";"1";6;49;2
"40836";"202100040836";5;"11:15";"1";"2A";"1";"1";"1";6;41;9
"40837";"202100040837";5;"22:40";"5";"66";"2";"1";"1";6;42;2
"40838";"202100040838";5;"20:20";"1";"30";"2";"6";"1";6;43;4
"40839";"202100040839";5;"00:30";"3";"11";"1";"1";"6";6;43;1
"40840";"202100040840";5;"18:30";"1";"34";"2";"3";"1";1;43;3
"40841";"202100040841";5;"11:01";"1";"83";"1";"3";"1";3;43;5
"40842";"202100040842";5;"15:00";"1";"06";"1";"1";"1";7;43;7
"40843";"202100040843";5;"13:35";"1";"04";"2";"9";"1";3;43;6
"40844";"202100040844";5;"20:15";"1";"73";"1";"1";"1";7;45;6
"40845";"202100040845";5;"19:10";"1";"42";"2";"1";"1";3;45;4
"40846";"202100040846";5;"14:45";"1";"38";"2";"1";"1";5;45;5
"40847";"202100040847";5;"18:55";"1";"01";"2";"2";"1";3;45;4
"40848";"202100040848";5;"11:00";"1";"01";"1";"1";"1";3;45;5
"40849";"202100040849";5;"15:30";"1";"69";"2";"1";"1";2;46;4
"40850";"202100040850";5;"18:05";"1";"65";"2";"1";"1";1;43;0
"40851";"202100040851";5;"15:30";"1";"60";"2";"1";"1";6;49;2
"40852";"202100040852";5;"18:47";"1";"13";"1";"1";"1";4;43;5
"40853";"202100040853";5;"17:40";"1";"13";"1";"1";"1";4;43;5
"40854";"202100040854";5;"18:38";"1";"13";"1";"1";"1";3;43;5
"40855";"202100040855";4;"17:00";"1";"69";"1";"1";"1";3;45;4
"40856";"202100040856";5;"05:40";"2";"69";"1";"1";"1";2;45;4
"40857";"202100040857";5;"19:45";"1";"91";"1";"1";"1";3;48;2
"40858";"202100040858";5;"17:30";"1";"91";"1";"1";"1";4;48;2
"40859";"202100040859";5;"20:00";"1";"92";"1";"1";"1";5;48;2
"40860";"202100040860";5;"18:55";"1";"92";"1";"1";"1";2;48;2
"40861";"202100040861";5;"12:20";"1";"77";"1";"1";"1";4;48;2
"40862";"202100040862";5;"09:20";"1";"94";"1";"1";"1";2;48;2
"40863";"202100040863";2;"15:30";"1";"18";"2";"2";"1";3;47;2
"40864";"202100040864";5;"14:31";"1";"75";"2";"7";"1";6;48;2
"40865";"202100040865";2;"10:45";"1";"75";"2";"1";"1";1;48;2
"40866";"202100040866";5;"13:35";"1";"988";"2";"3";"1";3;-22;166
"40867";"202100040867";5;"13:50";"1";"974";"2";"2";"1";3;-20;55
"40868";"202100040868";5;"09:13";"1";"973";"2";"1";"1";6;4;-52
"40869";"202100040869";5;"22:15";"5";"69";"2";"2";"1";3;45;4
"40870";"202100040870";5;"19:15";"1";"69";"2";"1";"1";3;45;4
"40871";"202100040871";5;"19:30";"3";"972";"1";"1";"8";4;14;-61
"40872";"202100040872";5;"01:20";"5";"69";"2";"1";"1";6;45;4
"40873";"202100040873";5;"20:20";"1";"69";"2";"3";"1";1;45;4
"40874";"202100040874";5;"20:15";"2";"69";"2";"1";"1";2;45;4
"40875";"202100040875";5;"13:55";"1";"2B";"2";"1";"1";3;42;9
"40876";"202100040876";5;"11:25";"1";"971";"2";"1";"1";3;16;-61
"40877";"202100040877";5;"14:00";"1";"91";"2";"1";"2";7;48;2
"40878";"202100040878";5;"19:00";"2";"91";"2";"9";"1";3;48;2
"40879";"202100040879";5;"08:30";"1";"91";"2";"1";"1";6;48;2
"40880";"202100040880";5;"19:20";"1";"91";"2";"1";"1";2;48;2
"40881";"202100040881";5;"04:11";"4";"87";"2";"1";"1";6;45;1
"40882";"202100040882";5;"12:05";"1";"86";"2";"1";"1";6;46;0
"40883";"202100040883";5;"18:15";"1";"83";"2";"9";"1";3;43;5
"40884";"202100040884";5;"10:55";"1";"83";"2";"1";"1";2;43;6
"40885";"202100040885";5;"21:34";"3";"82";"1";"1";"1";2;44;1
"40886";"202100040886";5;"17:05";"1";"80";"2";"1";"1";6;49;2
"40887";"202100040887";5;"17:26";"1";"80";"2";"1";"1";3;49;2
"40888";"202100040888";5;"18:15";"1";"77";"2";"1";"1";3;48;2
"40889";"202100040889";5;"18:34";"1";"76";"2";"1";"1";6;49;1
"40890";"202100040890";3;"12:45";"1";"76";"2";"1";"1";6;49;1
"40891";"202100040891";5;"19:00";"1";"73";"2";"1";"1";3;45;5
"40892";"202100040892";5;"09:00";"1";"69";"1";"1";"2";6;45;4
"40893";"202100040893";5;"10:05";"1";"67";"2";"8";"1";6;48;7
"40894";"202100040894";5;"20:10";"2";"67";"2";"1";"2";1;48;7
"40895";"202100040895";5;"16:52";"1";"64";"2";"3";"1";2;43;0
"40896";"202100040896";5;"07:55";"1";"64";"2";"3";"1";3;43;0
"40897";"202100040897";4;"16:10";"1";"63";"2";"2";"1";6;45;3
"40898";"202100040898";5;"21:18";"1";"60";"2";"2";"1";3;49;2
"40899";"202100040899";5;"13:25";"1";"60";"2";"6";"1";6;49;2
"40900";"202100040900";4;"13:40";"1";"59";"2";"3";"1";3;50;3
"40901";"202100040901";5;"10:20";"1";"56";"2";"6";"1";3;47;-2
"40902";"202100040902";5;"14:20";"1";"54";"1";"1";"1";6;48;5
"40903";"202100040903";5;"12:25";"1";"54";"2";"1";"1";3;48;6
"40904";"202100040904";5;"08:10";"1";"54";"2";"2";"1";3;48;6
"40905";"202100040905";5;"17:15";"1";"54";"2";"2";"3";3;48;6
"40906";"202100040906";5;"15:55";"1";"51";"2";"1";"1";7;49;4
"40907";"202100040907";5;"07:35";"1";"51";"2";"6";"1";3;49;3
"40908";"202100040908";5;"16:10";"1";"50";"2";"1";"1";6;49;-1
"40909";"202100040909";5;"12:30";"1";"50";"2";"1";"1";3;49;-1
"40910";"202100040910";5;"12:25";"1";"49";"2";"1";"1";3;47;0
"40911";"202100040911";5;"12:07";"1";"47";"2";"2";"1";3;44;0
"40912";"202100040912";5;"15:55";"1";"47";"2";"6";"1";3;44;0
"40913";"202100040913";5;"16:00";"1";"44";"2";"1";"1";2;47;-2
"40914";"202100040914";5;"14:00";"1";"42";"2";"3";"1";3;45;4
"40915";"202100040915";5;"20:30";"2";"38";"2";"1";"1";1;45;5
"40916";"202100040916";5;"09:45";"1";"38";"2";"3";"2";6;45;5
"40917";"202100040917";5;"12:35";"1";"37";"2";"4";"1";6;47;0
"40918";"202100040918";5;"08:30";"1";"37";"2";"1";"1";2;47;0
"40919";"202100040919";5;"08:20";"1";"37";"2";"6";"1";6;47;0
"40920";"202100040920";5;"17:05";"1";"37";"2";"1";"1";4;47;0
"40921";"202100040921";5;"15:35";"1";"37";"2";"1";"1";2;47;0
"40922";"202100040922";5;"13:10";"1";"37";"2";"6";"8";6;47;0
"40923";"202100040923";5;"10:00";"1";"37";"2";"9";"1";7;47;0
"40924";"202100040924";5;"09:25";"1";"35";"2";"1";"1";3;48;-1
"40925";"202100040925";5;"21:45";"5";"34";"2";"2";"1";3;43;3
"40926";"202100040926";5;"12:50";"1";"33";"2";"2";"1";3;44;0
"40927";"202100040927";5;"16:55";"1";"33";"2";"3";"1";3;44;0
"40928";"202100040928";4;"14:00";"2";"33";"1";"1";"4";6;44;0
"40929";"202100040929";5;"16:54";"1";"31";"2";"1";"1";3;43;1
"40930";"202100040930";4;"20:55";"3";"30";"1";"1";"1";6;43;4
"40931";"202100040931";5;"11:40";"1";"18";"2";"3";"1";3;47;2
"40932";"202100040932";5;"18:45";"1";"15";"2";"1";"1";3;44;2
"40933";"202100040933";5;"20:25";"1";"14";"2";"2";"1";6;49;0
"40934";"202100040934";5;"21:21";"5";"13";"2";"2";"1";3;43;5
"40935";"202100040935";5;"23:00";"5";"13";"2";"9";"1";2;43;5
"40936";"202100040936";5;"14:30";"1";"13";"2";"3";"1";3;43;5
"40937";"202100040937";5;"08:15";"1";"13";"2";"3";"1";6;43;5
"40938";"202100040938";5;"21:55";"5";"13";"2";"2";"1";3;43;5
"40939";"202100040939";5;"16:26";"1";"13";"2";"1";"1";1;43;5
"40940";"202100040940";5;"11:00";"1";"13";"2";"1";"1";2;43;5
"40941";"202100040941";5;"17:01";"1";"11";"2";"9";"1";3;43;3
"40942";"202100040942";5;"16:35";"1";"11";"2";"1";"1";2;43;2
"40943";"202100040943";5;"17:45";"1";"11";"2";"1";"1";4;43;2
"40944";"202100040944";5;"16:30";"1";"06";"2";"1";"1";3;43;6
"40945";"202100040945";5;"14:30";"1";"06";"2";"1";"1";1;43;7
"40946";"202100040946";5;"10:50";"1";"75";"2";"1";"1";3;48;2
"40947";"202100040947";5;"14:30";"1";"75";"2";"2";"1";3;48;2
"40948";"202100040948";5;"13:25";"1";"75";"2";"1";"1";2;48;2
"40949";"202100040949";5;"11:50";"1";"75";"2";"2";"2";3;48;2
"40950";"202100040950";5;"12:40";"1";"75";"2";"7";"8";2;48;2
"40951";"202100040951";5;"20:40";"2";"75";"2";"1";"1";3;48;2
"40952";"202100040952";5;"07:50";"1";"75";"2";"2";"1";6;48;2
"40953";"202100040953";5;"14:10";"1";"75";"2";"1";"1";3;48;2
"40954";"202100040954";2;"09:16";"1";"75";"2";"7";"1";3;48;2
"40955";"202100040955";5;"17:15";"1";"75";"2";"2";"1";3;48;2
"40956";"202100040956";5;"16:55";"1";"75";"2";"3";"1";7;48;2
"40957";"202100040957";5;"08:30";"1";"75";"2";"1";"1";7;48;2
"40958";"202100040958";5;"15:00";"1";"94";"2";"3";"1";3;48;2
"40959";"202100040959";5;"18:00";"1";"94";"2";"1";"1";3;48;2
"40960";"202100040960";5;"15:50";"1";"94";"2";"2";"1";3;48;2
"40961";"202100040961";5;"19:50";"1";"94";"2";"1";"1";3;48;2
"40962";"202100040962";5;"19:20";"1";"94";"2";"1";"1";3;48;2
"40963";"202100040963";5;"09:08";"1";"94";"2";"2";"1";1;48;2
"40964";"202100040964";5;"07:08";"1";"94";"2";"1";"2";3;48;2
"40965";"202100040965";5;"20:00";"1";"95";"1";"1";"2";2;49;2
"40966";"202100040966";5;"18:35";"1";"93";"2";"3";"1";3;48;2
"40967";"202100040967";5;"16:58";"1";"93";"2";"1";"1";2;48;2
"40968";"202100040968";5;"20:10";"2";"93";"2";"6";"2";6;48;2
"40969";"202100040969";5;"15:00";"1";"93";"2";"1";"1";3;48;2
"40970";"202100040970";5;"17:20";"1";"93";"2";"1";"1";3;48;2
"40971";"202100040971";5;"18:00";"1";"93";"2";"1";"1";6;48;2
"40972";"202100040972";5;"11:15";"1";"93";"2";"1";"1";3;48;2
"40973";"202100040973";5;"18:25";"1";"93";"2";"1";"1";6;48;2
"40974";"202100040974";5;"15:10";"1";"93";"2";"1";"1";6;48;2
"40975";"202100040975";5;"07:50";"1";"93";"2";"1";"1";6;48;2
"40976";"202100040976";5;"12:55";"1";"92";"2";"3";"1";2;48;2
"40977";"202100040977";5;"15:05";"1";"92";"2";"1";"1";6;48;2
"40978";"202100040978";5;"16:48";"1";"92";"2";"1";"1";6;48;2
"40979";"202100040979";5;"17:45";"1";"92";"2";"1";"1";3;48;2
"40980";"202100040980";5;"15:05";"1";"92";"2";"1";"1";1;48;2
"40981";"202100040981";5;"15:20";"1";"39";"1";"1";"1";3;46;5
"40982";"202100040982";5;"18:20";"1";"80";"1";"1";"1";1;50;2
"40983";"202100040983";5;"12:40";"1";"17";"1";"1";"1";7;45;0
"40984";"202100040984";5;"17:00";"1";"14";"1";"1";"1";1;48;0
"40985";"202100040985";5;"14:05";"1";"76";"1";"2";"1";3;49;1
"40986";"202100040986";5;"19:30";"1";"79";"2";"1";"1";7;46;0
"40987";"202100040987";5;"12:45";"1";"2A";"1";"1";"1";2;41;8
"40988";"202100040988";5;"16:45";"1";"80";"2";"1";"7";2;49;2
"40989";"202100040989";5;"11:05";"1";"32";"2";"1";"1";6;43;0
"40990";"202100040990";5;"15:10";"1";"89";"2";"4";"1";2;48;3
"40991";"202100040991";5;"13:30";"1";"42";"1";"1";"1";1;45;4
"40992";"202100040992";5;"12:42";"1";"34";"1";"1";"1";1;43;3
"40993";"202100040993";5;"13:00";"1";"44";"1";"3";"1";3;47;-1
"40994";"202100040994";5;"16:25";"1";"31";"2";"1";"1";6;43;1
"40995";"202100040995";5;"11:30";"1";"38";"1";"1";"1";5;45;5
"40996";"202100040996";5;"19:30";"1";"02";"1";"1";"1";7;49;3
"40997";"202100040997";5;"17:40";"1";"14";"2";"1";"1";5;49;0
"40998";"202100040998";5;"07:45";"1";"14";"1";"1";"1";7;49;0
"40999";"202100040999";5;"14:18";"1";"05";"1";"1";"1";3;44;6
"41000";"202100041000";5;"19:05";"1";"50";"1";"1";"1";3;48;-1
"41001";"202100041001";5;"11:45";"1";"83";"1";"1";"1";3;43;6
"41002";"202100041002";5;"14:45";"1";"83";"1";"1";"1";3;43;6
"41003";"202100041003";5;"15:05";"1";"60";"2";"1";"1";1;49;2
"41004";"202100041004";5;"14:45";"1";"64";"2";"1";"1";7;43;-1
"41005";"202100041005";5;"15:27";"1";"64";"1";"1";"1";7;43;-1
"41006";"202100041006";5;"14:00";"1";"21";"1";"3";"2";1;47;4
"41007";"202100041007";5;"04:00";"4";"85";"2";"1";"1";6;47;-1
"41008";"202100041008";5;"18:45";"1";"48";"2";"1";"1";6;44;3
"41009";"202100041009";5;"21:15";"2";"67";"1";"1";"1";3;48;7
"41010";"202100041010";5;"08:40";"1";"91";"2";"2";"2";5;48;2
"41011";"202100041011";5;"18:30";"1";"13";"1";"3";"1";3;43;4
"41012";"202100041012";5;"12:20";"1";"17";"1";"1";"7";3;45;0
"41013";"202100041013";4;"18:00";"2";"988";"2";"1";"3";2;-22;166
"41014";"202100041014";5;"09:35";"1";"974";"1";"6";"1";3;-21;55
"41015";"202100041015";4;"22:40";"3";"95";"1";"1";"1";1;49;2
"41016";"202100041016";5;"21:25";"5";"78";"2";"1";"1";6;48;1
"41017";"202100041017";5;"18:55";"1";"78";"2";"3";"1";3;48;1
"41018";"202100041018";5;"09:15";"1";"2B";"2";"6";"1";1;42;9
"41019";"202100041019";5;"19:15";"1";"66";"1";"1";"1";1;42;2
"41020";"202100041020";5;"11:20";"1";"34";"1";"4";"1";1;43;3
"41021";"202100041021";5;"11:35";"1";"34";"1";"1";"1";2;43;3
"41022";"202100041022";5;"14:45";"1";"05";"1";"1";"1";7;44;5
"41023";"202100041023";5;"18:45";"1";"67";"2";"3";"1";3;48;7
"41024";"202100041024";5;"00:40";"3";"55";"1";"1";"1";6;48;5
"41025";"202100041025";4;"14:30";"1";"57";"1";"1";"1";3;49;6
"41026";"202100041026";5;"19:00";"1";"03";"1";"2";"1";1;46;2
"41027";"202100041027";5;"23:00";"3";"81";"1";"1";"1";6;43;1
"41028";"202100041028";5;"17:30";"1";"64";"1";"1";"1";6;43;0
"41029";"202100041029";5;"13:05";"1";"14";"1";"1";"6";6;49;0
"41030";"202100041030";5;"13:50";"1";"29";"1";"1";"1";1;48;-4
"41031";"202100041031";5;"12:30";"1";"60";"1";"1";"1";6;49;2
"41032";"202100041032";5;"18:20";"1";"13";"1";"1";"1";4;43;5
"41033";"202100041033";5;"14:30";"1";"13";"1";"1";"1";3;43;5
"41034";"202100041034";5;"19:00";"1";"13";"1";"1";"1";2;43;5
"41035";"202100041035";5;"13:10";"1";"13";"1";"1";"1";4;43;5
"41036";"202100041036";5;"09:20";"1";"13";"1";"1";"1";2;43;5
"41037";"202100041037";5;"07:45";"1";"13";"1";"1";"1";2;43;5
"41038";"202100041038";5;"14:55";"1";"83";"1";"1";"1";2;43;6
"41039";"202100041039";4;"18:55";"1";"69";"1";"1";"1";6;45;4
"41040";"202100041040";5;"15:45";"1";"59";"1";"1";"1";2;50;3
"41041";"202100041041";5;"18:30";"1";"94";"1";"1";"1";2;48;2
"41042";"202100041042";5;"15:40";"1";"78";"1";"1";"1";2;48;2
"41043";"202100041043";5;"18:00";"1";"93";"1";"1";"1";2;48;2
"41044";"202100041044";5;"16:37";"1";"93";"1";"1";"1";2;48;2
"41045";"202100041045";5;"13:18";"1";"976";"2";"3";"1";3;-12;45
"41046";"202100041046";5;"08:30";"1";"974";"2";"1";"1";6;-21;55
"41047";"202100041047";5;"16:30";"1";"974";"1";"1";"1";7;-20;55
"41048";"202100041048";5;"19:32";"4";"973";"2";"1";"2";2;4;-52
"41049";"202100041049";5;"14:35";"1";"973";"2";"1";"1";2;4;-52
"41050";"202100041050";5;"12:13";"1";"973";"2";"2";"1";6;4;-52
"41051";"202100041051";5;"21:00";"5";"69";"2";"1";"2";1;45;4
"41052";"202100041052";5;"16:20";"1";"69";"2";"2";"2";3;45;4
"41053";"202100041053";5;"19:30";"1";"69";"2";"1";"1";7;45;4
"41054";"202100041054";5;"12:05";"1";"69";"2";"1";"2";5;45;4
"41055";"202100041055";5;"16:00";"1";"69";"2";"2";"1";3;45;4
"41056";"202100041056";5;"15:15";"1";"69";"2";"1";"2";6;45;4
"41057";"202100041057";5;"19:10";"1";"69";"2";"1";"7";1;45;4
"41058";"202100041058";5;"17:30";"1";"69";"2";"1";"1";3;45;4
"41059";"202100041059";5;"07:45";"1";"2B";"1";"1";"1";4;42;9
"41060";"202100041060";5;"19:45";"3";"971";"1";"3";"1";3;16;-61
"41061";"202100041061";5;"06:45";"1";"971";"1";"3";"1";3;16;-61
"41062";"202100041062";5;"14:30";"1";"95";"2";"1";"3";6;48;2
"41063";"202100041063";5;"11:26";"1";"95";"2";"3";"1";5;49;2
"41064";"202100041064";5;"17:40";"1";"91";"1";"1";"1";2;48;2
"41065";"202100041065";5;"01:40";"5";"91";"2";"6";"2";6;48;2
"41066";"202100041066";5;"20:30";"2";"91";"2";"1";"2";6;48;2
"41067";"202100041067";5;"17:40";"1";"91";"1";"1";"2";3;48;2
"41068";"202100041068";5;"21:06";"5";"87";"2";"2";"1";3;45;1
"41069";"202100041069";5;"08:01";"1";"87";"2";"1";"2";6;45;1
"41070";"202100041070";5;"14:45";"1";"85";"2";"1";"1";1;46;-1
"41071";"202100041071";5;"08:20";"1";"83";"2";"1";"1";1;43;6
"41072";"202100041072";5;"10:35";"1";"79";"2";"3";"2";7;46;0
"41073";"202100041073";5;"19:40";"1";"78";"2";"1";"3";6;48;2
"41074";"202100041074";5;"16:11";"1";"78";"2";"1";"2";1;48;2
"41075";"202100041075";5;"10:50";"1";"78";"2";"2";"2";6;48;2
"41076";"202100041076";5;"17:20";"1";"77";"1";"2";"8";7;48;3
"41077";"202100041077";5;"23:20";"3";"76";"2";"9";"3";6;49;1
"41078";"202100041078";5;"20:40";"1";"76";"2";"3";"1";3;49;1
"41079";"202100041079";5;"13:50";"1";"76";"2";"1";"2";6;49;1
"41080";"202100041080";5;"16:15";"1";"76";"1";"2";"1";3;49;1
"41081";"202100041081";5;"15:55";"1";"69";"2";"1";"2";6;45;4
"41082";"202100041082";5;"13:59";"1";"68";"2";"2";"3";6;47;7
"41083";"202100041083";5;"18:22";"1";"66";"2";"3";"1";3;42;2
"41084";"202100041084";5;"13:15";"1";"64";"2";"3";"1";3;43;0
"41085";"202100041085";5;"15:00";"1";"64";"2";"1";"1";5;43;-1
"41086";"202100041086";5;"09:45";"1";"64";"2";"1";"2";2;43;-1
"41087";"202100041087";5;"14:10";"1";"63";"2";"1";"1";6;45;3
"41088";"202100041088";5;"08:10";"1";"60";"2";"7";"1";6;49;2
"41089";"202100041089";5;"05:15";"5";"59";"2";"9";"1";6;50;3
"41090";"202100041090";5;"20:37";"1";"59";"2";"1";"1";1;50;3
"41091";"202100041091";5;"18:40";"1";"56";"2";"3";"1";3;47;-3
"41092";"202100041092";5;"17:00";"1";"56";"2";"6";"1";2;47;-3
"41093";"202100041093";5;"15:12";"1";"54";"2";"1";"2";6;48;6
"41094";"202100041094";5;"09:40";"1";"53";"2";"1";"2";7;48;0
"41095";"202100041095";5;"17:45";"1";"51";"2";"1";"2";2;49;4
"41096";"202100041096";5;"14:05";"1";"51";"2";"1";"2";2;49;4
"41097";"202100041097";5;"07:55";"1";"51";"2";"1";"1";6;49;4
"41098";"202100041098";5;"06:40";"2";"51";"2";"1";"8";3;49;3
"41099";"202100041099";5;"18:40";"1";"50";"2";"1";"1";6;49;-1
"41100";"202100041100";5;"14:15";"1";"50";"2";"2";"1";1;49;-1
"41101";"202100041101";4;"19:50";"1";"49";"2";"1";"1";3;47;0
"41102";"202100041102";5;"12:21";"1";"49";"2";"1";"1";6;47;0
"41103";"202100041103";5;"18:08";"1";"45";"2";"3";"1";2;47;1
"41104";"202100041104";5;"15:39";"1";"45";"2";"1";"3";7;48;2
"41105";"202100041105";5;"07:40";"1";"44";"1";"1";"2";7;47;-1
"41106";"202100041106";4;"17:00";"1";"42";"2";"1";"1";1;45;4
"41107";"202100041107";5;"08:05";"1";"41";"2";"1";"1";4;47;1
"41108";"202100041108";5;"15:39";"1";"37";"2";"3";"2";6;47;0
"41109";"202100041109";5;"13:23";"1";"37";"2";"1";"2";7;47;0
"41110";"202100041110";5;"17:50";"1";"33";"2";"1";"2";6;44;0
"41111";"202100041111";5;"14:30";"1";"33";"2";"8";"1";3;44;-1
"41112";"202100041112";5;"15:50";"1";"31";"2";"1";"1";3;43;1
"41113";"202100041113";4;"17:55";"1";"30";"2";"1";"1";6;43;4
"41114";"202100041114";4;"19:05";"1";"29";"2";"1";"1";3;48;-4
"41115";"202100041115";5;"06:28";"2";"29";"2";"6";"2";2;48;-4
"41116";"202100041116";5;"06:15";"5";"29";"2";"2";"2";1;48;-4
"41117";"202100041117";5;"13:10";"1";"29";"2";"6";"2";3;48;-4
"41118";"202100041118";5;"09:35";"1";"27";"2";"1";"2";3;49;1
"41119";"202100041119";5;"08:00";"2";"27";"2";"2";"3";6;49;1
"41120";"202100041120";4;"16:15";"1";"18";"1";"2";"7";3;47;2
"41121";"202100041121";5;"17:10";"1";"14";"2";"3";"1";3;49;0
"41122";"202100041122";5;"18:50";"1";"13";"2";"3";"1";1;43;5
"41123";"202100041123";5;"20:20";"1";"13";"2";"2";"1";4;43;5
"41124";"202100041124";5;"11:32";"1";"13";"2";"1";"1";6;43;5
"41125";"202100041125";5;"14:30";"1";"11";"2";"2";"1";3;43;2
"41126";"202100041126";5;"13:50";"1";"09";"2";"1";"1";3;43;1
"41127";"202100041127";5;"08:20";"1";"07";"1";"1";"1";2;44;4
"41128";"202100041128";5;"08:19";"1";"06";"2";"1";"1";7;43;7
"41129";"202100041129";5;"11:30";"1";"06";"2";"9";"1";6;43;6
"41130";"202100041130";5;"08:25";"1";"03";"2";"1";"3";5;46;3
"41131";"202100041131";5;"17:10";"1";"01";"2";"2";"1";5;46;5
"41132";"202100041132";4;"12:45";"1";"01";"2";"2";"2";3;46;5
"41133";"202100041133";5;"17:40";"1";"75";"2";"1";"1";2;48;2
"41134";"202100041134";5;"15:20";"1";"75";"2";"2";"2";6;48;2
"41135";"202100041135";5;"13:30";"1";"75";"2";"1";"2";2;48;2
"41136";"202100041136";5;"20:45";"2";"75";"2";"5";"2";3;48;2
"41137";"202100041137";5;"08:50";"1";"75";"2";"5";"2";2;48;2
"41138";"202100041138";5;"20:15";"5";"75";"2";"2";"2";3;48;2
"41139";"202100041139";5;"13:00";"1";"75";"2";"1";"1";3;48;2
"41140";"202100041140";5;"12:00";"1";"75";"2";"2";"3";3;48;2
"41141";"202100041141";5;"16:25";"1";"75";"2";"2";"8";3;48;2
"41142";"202100041142";5;"12:10";"1";"75";"2";"3";"2";2;48;2
"41143";"202100041143";5;"12:09";"1";"75";"2";"7";"3";2;48;2
"41144";"202100041144";5;"12:05";"1";"75";"2";"3";"3";3;48;2
"41145";"202100041145";5;"10:15";"1";"75";"2";"1";"2";3;48;2
"41146";"202100041146";5;"16:50";"1";"75";"2";"3";"1";4;48;2
"41147";"202100041147";5;"13:10";"1";"75";"2";"2";"2";3;48;2
"41148";"202100041148";5;"13:50";"1";"94";"2";"2";"2";3;48;2
"41149";"202100041149";5;"18:50";"1";"94";"2";"1";"2";7;48;2
"41150";"202100041150";5;"11:10";"1";"94";"2";"1";"2";3;48;2
"41151";"202100041151";5;"21:45";"5";"94";"2";"2";"1";3;48;2
"41152";"202100041152";5;"16:25";"1";"93";"2";"1";"2";4;48;2
"41153";"202100041153";5;"12:00";"1";"93";"2";"1";"2";2;48;2
"41154";"202100041154";5;"13:00";"1";"93";"2";"3";"2";3;48;2
"41155";"202100041155";5;"13:15";"1";"93";"2";"9";"2";3;48;2
"41156";"202100041156";5;"14:01";"1";"93";"2";"1";"1";3;48;2
"41157";"202100041157";5;"17:10";"1";"93";"2";"1";"2";1;48;2
"41158";"202100041158";5;"20:36";"1";"93";"2";"1";"2";3;48;2
"41159";"202100041159";5;"07:40";"1";"92";"2";"3";"2";3;48;2
"41160";"202100041160";5;"19:05";"1";"92";"2";"1";"2";7;48;2
"41161";"202100041161";5;"18:10";"1";"92";"2";"1";"8";1;48;2
"41162";"202100041162";5;"08:55";"1";"92";"2";"1";"2";7;48;2
"41163";"202100041163";5;"19:15";"1";"92";"2";"2";"1";3;48;2
"41164";"202100041164";5;"01:16";"5";"92";"2";"9";"1";3;48;2
"41165";"202100041165";5;"09:27";"1";"92";"2";"1";"2";5;48;2
"41166";"202100041166";5;"09:25";"1";"92";"2";"7";"8";6;48;2
"41167";"202100041167";5;"08:00";"1";"92";"2";"1";"2";2;48;2
"41168";"202100041168";5;"12:30";"1";"976";"1";"9";"1";3;-12;45
"41169";"202100041169";5;"10:00";"1";"47";"1";"2";"1";3;44;0
"41170";"202100041170";5;"13:30";"1";"2A";"1";"1";"1";7;42;8
"41171";"202100041171";5;"18:20";"1";"66";"1";"1";"8";4;42;2
"41172";"202100041172";5;"16:20";"1";"95";"2";"1";"1";3;49;2
"41173";"202100041173";5;"14:23";"1";"06";"2";"1";"1";1;43;7
"41174";"202100041174";5;"18:55";"1";"28";"2";"1";"2";3;48;1
"41175";"202100041175";5;"13:15";"1";"974";"1";"1";"1";2;-21;55
"41176";"202100041176";5;"14:00";"1";"85";"1";"1";"1";1;46;-1
"41177";"202100041177";5;"12:40";"1";"62";"1";"1";"1";6;50;2
"41178";"202100041178";4;"17:38";"1";"56";"1";"1";"1";2;47;-2
"41179";"202100041179";5;"13:25";"1";"56";"2";"3";"1";3;47;-2
"41180";"202100041180";5;"04:55";"3";"56";"1";"1";"1";6;47;-2
"41181";"202100041181";4;"18:30";"1";"2A";"2";"1";"1";3;41;8
"41182";"202100041182";5;"20:45";"2";"81";"1";"1";"1";6;43;1
"41183";"202100041183";5;"17:00";"1";"89";"1";"1";"3";5;47;3
"41184";"202100041184";5;"17:55";"1";"63";"1";"2";"1";7;46;3
"41185";"202100041185";5;"13:30";"1";"61";"2";"4";"2";6;48;0
"41186";"202100041186";5;"19:13";"1";"42";"1";"1";"1";1;45;4
"41187";"202100041187";5;"02:15";"4";"41";"1";"1";"1";6;47;1
"41188";"202100041188";5;"19:05";"1";"39";"1";"2";"1";3;46;5
"41189";"202100041189";5;"21:38";"5";"38";"2";"1";"1";1;45;5
"41190";"202100041190";5;"18:15";"1";"38";"2";"1";"1";3;45;5
"41191";"202100041191";5;"18:45";"1";"03";"1";"2";"1";2;46;3
"41192";"202100041192";5;"17:05";"1";"26";"1";"1";"1";3;44;4