"";"Num_Acc";"mois";"hrmn";"lum";"dep";"agg";"int";"atm";"col";"lat";"long"
"41193";"202100041193";5;"14:00";"1";"58";"1";"1";"1";6;46;3
"41194";"202100041194";5;"08:20";"1";"54";"1";"1";"1";6;48;5
"41195";"202100041195";5;"13:45";"1";"14";"2";"3";"1";3;49;0
"41196";"202100041196";5;"15:10";"1";"50";"1";"1";"1";7;49;-1
"41197";"202100041197";5;"17:55";"1";"50";"1";"1";"1";7;49;-1
"41198";"202100041198";5;"08:45";"1";"60";"1";"6";"1";3;49;1
"41199";"202100041199";5;"21:00";"2";"53";"1";"1";"1";6;48;0
"41200";"202100041200";5;"00:24";"3";"21";"1";"1";"1";6;47;5
"41201";"202100041201";4;"18:30";"1";"95";"2";"1";"1";6;49;2
"41202";"202100041202";5;"16:21";"1";"69";"2";"1";"1";6;45;4
"41203";"202100041203";4;"17:50";"1";"01";"1";"1";"2";6;45;5
"41204";"202100041204";5;"07:45";"1";"987";"2";"2";"1";3;-17;-149
"41205";"202100041205";5;"12:45";"1";"38";"2";"3";"2";3;45;5
"41206";"202100041206";5;"23:30";"3";"02";"2";"1";"1";6;49;3
"41207";"202100041207";5;"16:00";"1";"987";"1";"1";"1";3;-17;-149
"41208";"202100041208";5;"08:18";"1";"974";"1";"1";"1";2;-20;55
"41209";"202100041209";5;"10:10";"1";"88";"1";"1";"1";1;48;6
"41210";"202100041210";5;"19:00";"1";"57";"2";"2";"1";1;49;6
"41211";"202100041211";5;"05:15";"3";"74";"1";"1";"2";1;45;6
"41212";"202100041212";4;"18:35";"1";"38";"2";"9";"1";1;45;5
"41213";"202100041213";5;"17:50";"1";"31";"2";"1";"1";3;43;1
"41214";"202100041214";5;"06:35";"2";"33";"1";"1";"1";2;44;0
"41215";"202100041215";5;"16:45";"1";"33";"1";"1";"1";1;44;0
"41216";"202100041216";5;"07:40";"1";"33";"2";"3";"1";1;44;0
"41217";"202100041217";5;"12:00";"1";"22";"2";"1";"1";7;48;-3
"41218";"202100041218";5;"03:44";"3";"60";"1";"1";"1";1;49;2
"41219";"202100041219";5;"17:29";"1";"60";"1";"1";"1";2;49;2
"41220";"202100041220";5;"08:50";"1";"59";"1";"6";"1";3;50;3
"41221";"202100041221";5;"17:50";"1";"13";"1";"1";"1";4;43;5
"41222";"202100041222";5;"18:00";"1";"13";"1";"1";"1";2;43;5
"41223";"202100041223";5;"19:00";"1";"94";"1";"1";"1";4;48;2
"41224";"202100041224";5;"18:10";"1";"94";"1";"1";"1";7;48;2
"41225";"202100041225";5;"15:45";"1";"92";"1";"1";"2";2;48;2
"41226";"202100041226";5;"14:05";"1";"94";"1";"1";"2";3;48;2
"41227";"202100041227";5;"09:30";"1";"91";"1";"1";"2";7;48;2
"41228";"202100041228";5;"07:35";"1";"94";"1";"1";"2";6;48;2
"41229";"202100041229";5;"15:35";"1";"78";"1";"1";"1";6;48;2
"41230";"202100041230";5;"10:10";"1";"78";"1";"1";"2";2;48;2
"41231";"202100041231";5;"09:55";"1";"92";"1";"1";"2";7;48;2
"41232";"202100041232";5;"18:30";"1";"93";"1";"1";"2";2;48;2
"41233";"202100041233";5;"18:50";"1";"92";"1";"1";"2";4;48;2
"41234";"202100041234";5;"16:00";"1";"95";"1";"1";"2";5;49;2
"41235";"202100041235";5;"15:15";"1";"93";"1";"1";"2";2;48;2
"41236";"202100041236";5;"13:10";"1";"95";"1";"1";"3";6;49;2
"41237";"202100041237";5;"08:30";"1";"95";"1";"1";"2";4;48;2
"41238";"202100041238";5;"09:45";"1";"95";"1";"1";"2";6;49;2
"41239";"202100041239";5;"18:10";"1";"95";"1";"1";"1";3;49;2
"41240";"202100041240";5;"14:10";"1";"976";"2";"1";"1";6;-12;45
"41241";"202100041241";5;"21:30";"5";"60";"2";"3";"1";3;49;2
"41242";"202100041242";3;"09:30";"1";"38";"2";"3";"1";6;45;5
"41243";"202100041243";5;"17:40";"1";"976";"2";"1";"1";6;-12;45
"41244";"202100041244";5;"18:30";"3";"974";"1";"3";"1";1;-21;55
"41245";"202100041245";5;"17:15";"1";"974";"2";"1";"1";1;-21;55
"41246";"202100041246";5;"12:20";"1";"974";"2";"9";"1";6;-20;55
"41247";"202100041247";5;"18:36";"4";"973";"2";"2";"1";3;4;-52
"41248";"202100041248";5;"20:15";"2";"69";"2";"1";"1";3;45;4
"41249";"202100041249";5;"07:50";"1";"69";"2";"2";"2";3;45;4
"41250";"202100041250";5;"12:18";"1";"972";"1";"1";"1";4;14;-61
"41251";"202100041251";5;"18:20";"2";"972";"1";"1";"1";6;14;-60
"41252";"202100041252";5;"09:30";"1";"69";"2";"2";"1";3;45;4
"41253";"202100041253";5;"07:30";"1";"69";"2";"3";"2";3;45;4
"41254";"202100041254";5;"07:00";"1";"69";"1";"1";"2";1;45;4
"41255";"202100041255";5;"22:40";"3";"95";"1";"1";"1";2;48;2
"41256";"202100041256";5;"16:25";"1";"91";"2";"1";"2";3;48;2
"41257";"202100041257";5;"14:10";"1";"91";"2";"4";"1";2;48;2
"41258";"202100041258";5;"15:00";"1";"87";"2";"3";"1";6;45;1
"41259";"202100041259";5;"16:03";"1";"87";"2";"1";"1";6;45;1
"41260";"202100041260";5;"11:16";"1";"78";"2";"3";"1";6;48;2
"41261";"202100041261";5;"13:45";"1";"77";"2";"1";"1";2;48;2
"41262";"202100041262";5;"07:10";"1";"76";"2";"1";"1";3;49;1
"41263";"202100041263";5;"12:30";"1";"76";"2";"1";"1";6;49;1
"41264";"202100041264";5;"13:15";"1";"69";"2";"1";"1";6;45;4
"41265";"202100041265";5;"18:05";"1";"69";"2";"2";"1";6;45;4
"41266";"202100041266";5;"10:20";"1";"66";"2";"9";"1";6;42;2
"41267";"202100041267";5;"08:34";"1";"65";"2";"6";"2";3;43;0
"41268";"202100041268";5;"10:05";"1";"64";"2";"9";"2";3;43;-1
"41269";"202100041269";5;"09:47";"1";"64";"2";"1";"2";7;43;-1
"41270";"202100041270";5;"08:30";"1";"64";"2";"1";"2";7;43;-1
"41271";"202100041271";5;"18:55";"1";"64";"2";"6";"1";3;43;-1
"41272";"202100041272";5;"18:41";"1";"64";"2";"1";"1";7;43;-1
"41273";"202100041273";5;"18:51";"1";"64";"2";"3";"1";3;43;-1
"41274";"202100041274";5;"13:27";"1";"63";"2";"2";"1";3;45;3
"41275";"202100041275";5;"12:29";"1";"63";"2";"1";"1";2;45;3
"41276";"202100041276";5;"15:13";"1";"63";"2";"6";"1";7;45;3
"41277";"202100041277";4;"22:05";"5";"59";"2";"1";"1";6;50;3
"41278";"202100041278";5;"20:40";"2";"56";"2";"6";"1";6;47;-3
"41279";"202100041279";5;"18:15";"1";"54";"2";"1";"1";2;48;6
"41280";"202100041280";5;"21:10";"1";"50";"2";"1";"1";1;49;-1
"41281";"202100041281";5;"18:42";"1";"45";"2";"1";"2";3;47;2
"41282";"202100041282";5;"22:30";"5";"37";"2";"1";"8";7;47;0
"41283";"202100041283";5;"20:00";"1";"37";"2";"3";"2";7;47;0
"41284";"202100041284";5;"19:06";"1";"37";"2";"1";"2";6;47;0
"41285";"202100041285";5;"16:00";"1";"35";"2";"1";"1";6;48;-1
"41286";"202100041286";5;"20:14";"1";"34";"2";"2";"1";3;43;3
"41287";"202100041287";5;"17:50";"1";"33";"2";"9";"1";3;44;0
"41288";"202100041288";5;"09:45";"1";"33";"2";"2";"1";6;44;-1
"41289";"202100041289";5;"14:20";"1";"31";"2";"1";"1";2;43;1
"41290";"202100041290";4;"19:10";"1";"31";"2";"1";"1";6;43;1
"41291";"202100041291";5;"22:40";"5";"31";"2";"1";"1";6;43;1
"41292";"202100041292";5;"09:47";"1";"29";"2";"1";"1";1;48;-4
"41293";"202100041293";5;"10:00";"1";"26";"2";"1";"1";6;44;4
"41294";"202100041294";5;"08:10";"1";"25";"2";"1";"1";3;47;6
"41295";"202100041295";5;"19:25";"1";"24";"2";"9";"1";6;44;0
"41296";"202100041296";5;"16:50";"1";"17";"2";"1";"3";5;45;-1
"41297";"202100041297";5;"17:40";"1";"13";"2";"1";"1";2;43;5
"41298";"202100041298";5;"18:30";"1";"13";"2";"4";"1";3;43;5
"41299";"202100041299";5;"09:25";"1";"13";"2";"2";"2";3;43;5
"41300";"202100041300";5;"18:30";"1";"12";"2";"4";"1";3;44;3
"41301";"202100041301";5;"16:48";"1";"10";"1";"1";"3";4;48;4
"41302";"202100041302";5;"08:40";"1";"10";"2";"1";"2";6;48;4
"41303";"202100041303";5;"07:05";"1";"10";"2";"2";"2";6;48;4
"41304";"202100041304";5;"16:30";"1";"06";"2";"1";"1";6;43;7
"41305";"202100041305";5;"19:25";"1";"06";"2";"1";"1";3;43;7
"41306";"202100041306";5;"17:50";"1";"75";"2";"1";"2";4;48;2
"41307";"202100041307";5;"17:45";"1";"75";"2";"4";"1";2;48;2
"41308";"202100041308";5;"14:40";"1";"75";"2";"4";"1";3;48;2
"41309";"202100041309";5;"19:30";"1";"75";"2";"1";"1";4;48;2
"41310";"202100041310";5;"10:10";"1";"75";"2";"2";"1";6;48;2
"41311";"202100041311";5;"20:00";"1";"75";"2";"2";"1";6;48;2
"41312";"202100041312";5;"20:00";"1";"75";"2";"2";"1";3;48;2
"41313";"202100041313";5;"11:30";"1";"75";"2";"2";"2";5;48;2
"41314";"202100041314";5;"08:45";"1";"75";"2";"7";"2";6;48;2
"41315";"202100041315";5;"10:20";"1";"75";"2";"4";"1";7;48;2
"41316";"202100041316";5;"18:15";"1";"75";"2";"2";"1";6;48;2
"41317";"202100041317";5;"13:25";"1";"75";"2";"3";"2";3;48;2
"41318";"202100041318";5;"15:10";"1";"75";"2";"1";"2";2;48;2
"41319";"202100041319";5;"07:40";"1";"75";"2";"4";"1";2;48;2
"41320";"202100041320";5;"09:15";"1";"75";"2";"3";"1";6;48;2
"41321";"202100041321";5;"19:30";"1";"75";"2";"3";"1";3;48;2
"41322";"202100041322";5;"21:15";"5";"75";"2";"5";"1";2;48;2
"41323";"202100041323";5;"15:10";"1";"75";"2";"2";"1";5;48;2
"41324";"202100041324";5;"11:35";"1";"75";"2";"2";"1";3;48;2
"41325";"202100041325";5;"23:40";"5";"94";"2";"2";"1";1;48;2
"41326";"202100041326";5;"10:10";"1";"94";"2";"3";"1";1;48;2
"41327";"202100041327";5;"07:43";"1";"94";"2";"2";"1";3;48;2
"41328";"202100041328";5;"16:30";"1";"94";"2";"1";"2";3;48;2
"41329";"202100041329";5;"13:50";"1";"94";"2";"1";"1";2;48;2
"41330";"202100041330";5;"10:30";"1";"94";"2";"1";"1";4;48;2
"41331";"202100041331";5;"09:00";"1";"93";"2";"1";"1";6;48;2
"41332";"202100041332";4;"00:15";"5";"93";"2";"1";"1";6;48;2
"41333";"202100041333";5;"13:52";"1";"92";"2";"1";"2";7;48;2
"41334";"202100041334";5;"17:28";"1";"92";"2";"1";"1";3;48;2
"41335";"202100041335";5;"16:55";"1";"92";"2";"1";"1";6;48;2
"41336";"202100041336";5;"09:15";"1";"92";"2";"1";"1";3;48;2
"41337";"202100041337";5;"13:05";"1";"92";"2";"1";"1";6;48;2
"41338";"202100041338";5;"15:55";"1";"92";"2";"1";"1";2;48;2
"41339";"202100041339";5;"08:55";"1";"92";"2";"1";"1";6;48;2
"41340";"202100041340";5;"21:10";"5";"92";"2";"6";"1";3;48;2
"41341";"202100041341";5;"08:15";"1";"39";"1";"1";"8";1;46;5
"41342";"202100041342";5;"12:05";"1";"80";"1";"1";"2";1;50;2
"41343";"202100041343";5;"13:50";"1";"80";"2";"2";"1";6;50;2
"41344";"202100041344";5;"12:10";"1";"2A";"1";"1";"7";3;42;8
"41345";"202100041345";5;"18:56";"1";"81";"1";"1";"1";6;43;2
"41346";"202100041346";5;"19:00";"5";"972";"2";"3";"2";1;14;-60
"41347";"202100041347";5;"06:10";"3";"38";"2";"3";"1";3;45;5
"41348";"202100041348";5;"15:45";"1";"30";"1";"3";"1";6;44;4
"41349";"202100041349";5;"20:45";"3";"57";"1";"1";"2";7;49;6
"41350";"202100041350";5;"10:50";"1";"51";"1";"2";"2";3;49;4
"41351";"202100041351";5;"09:40";"1";"51";"1";"1";"2";7;49;4
"41352";"202100041352";5;"15:25";"1";"19";"1";"3";"3";3;45;1
"41353";"202100041353";5;"10:20";"1";"69";"2";"2";"2";3;45;4
"41354";"202100041354";5;"17:29";"1";"11";"1";"1";"1";3;43;3
"41355";"202100041355";5;"16:15";"1";"71";"2";"3";"1";6;46;4
"41356";"202100041356";5;"08:45";"1";"63";"1";"2";"2";5;45;3
"41357";"202100041357";5;"15:00";"1";"47";"2";"6";"1";3;44;0
"41358";"202100041358";4;"10:00";"1";"44";"1";"2";"1";3;47;-1
"41359";"202100041359";5;"14:30";"1";"31";"1";"2";"1";3;43;1
"41360";"202100041360";5;"16:25";"1";"01";"1";"1";"2";5;46;5
"41361";"202100041361";5;"09:20";"1";"83";"2";"1";"1";2;43;6
"41362";"202100041362";5;"15:00";"1";"45";"2";"3";"2";6;47;1
"41363";"202100041363";5;"11:10";"1";"64";"2";"1";"1";3;43;-1
"41364";"202100041364";5;"15:00";"1";"18";"1";"1";"1";3;47;2
"41365";"202100041365";5;"12:00";"1";"27";"1";"1";"2";7;49;1
"41366";"202100041366";5;"20:00";"1";"23";"2";"1";"1";6;46;2
"41367";"202100041367";5;"16:45";"1";"30";"1";"4";"1";6;43;4
"41368";"202100041368";5;"07:15";"1";"53";"1";"2";"8";3;47;-1
"41369";"202100041369";5;"08:30";"1";"80";"1";"1";"1";2;49;2
"41370";"202100041370";5;"13:50";"1";"31";"1";"1";"1";4;43;1
"41371";"202100041371";5;"07:20";"1";"24";"1";"2";"1";3;44;0
"41372";"202100041372";5;"14:30";"1";"33";"2";"1";"2";1;44;-1
"41373";"202100041373";5;"19:30";"1";"2A";"2";"1";"1";1;41;9
"41374";"202100041374";4;"16:52";"1";"34";"1";"1";"2";6;43;3
"41375";"202100041375";3;"17:15";"1";"84";"1";"9";"7";3;43;4
"41376";"202100041376";4;"11:55";"1";"06";"2";"6";"1";3;43;7
"41377";"202100041377";5;"15:15";"1";"04";"1";"1";"1";1;43;5
"41378";"202100041378";5;"13:30";"1";"57";"1";"1";"2";6;49;6
"41379";"202100041379";5;"14:11";"1";"73";"2";"3";"2";6;45;6
"41380";"202100041380";5;"09:00";"1";"01";"1";"9";"2";6;46;5
"41381";"202100041381";5;"07:30";"1";"44";"1";"2";"3";3;47;-2
"41382";"202100041382";5;"17:00";"1";"22";"1";"9";"1";2;48;-2
"41383";"202100041383";5;"14:00";"1";"59";"2";"3";"1";3;50;3
"41384";"202100041384";5;"22:07";"5";"13";"1";"1";"1";7;43;5
"41385";"202100041385";5;"21:20";"3";"13";"1";"1";"1";7;43;5
"41386";"202100041386";5;"18:11";"1";"33";"1";"1";"1";4;44;0
"41387";"202100041387";5;"08:45";"1";"33";"1";"1";"1";3;44;0
"41388";"202100041388";5;"16:40";"1";"33";"1";"1";"1";4;44;0
"41389";"202100041389";5;"19:35";"1";"92";"2";"1";"1";7;48;2
"41390";"202100041390";5;"07:40";"1";"91";"1";"1";"1";2;48;2
"41391";"202100041391";5;"10:50";"1";"91";"1";"1";"1";3;48;2
"41392";"202100041392";5;"11:00";"1";"91";"1";"1";"1";2;48;2
"41393";"202100041393";5;"08:00";"1";"91";"1";"1";"1";2;48;2
"41394";"202100041394";5;"17:10";"1";"78";"1";"1";"1";4;48;2
"41395";"202100041395";5;"13:30";"1";"95";"1";"1";"2";3;49;2
"41396";"202100041396";5;"17:50";"1";"95";"1";"1";"1";6;49;2
"41397";"202100041397";5;"17:55";"1";"93";"1";"1";"1";4;48;2
"41398";"202100041398";3;"07:25";"1";"69";"1";"1";"1";3;45;4
"41399";"202100041399";5;"10:20";"1";"75";"2";"1";"1";4;48;2
"41400";"202100041400";5;"13:39";"1";"75";"2";"2";"1";3;48;2
"41401";"202100041401";5;"08:28";"1";"75";"2";"1";"8";3;48;2
"41402";"202100041402";5;"14:55";"1";"75";"2";"3";"1";3;48;2
"41403";"202100041403";5;"19:00";"1";"75";"2";"2";"1";6;48;2
"41404";"202100041404";5;"17:30";"1";"75";"2";"3";"1";6;48;2
"41405";"202100041405";5;"09:00";"1";"75";"2";"2";"2";6;48;2
"41406";"202100041406";5;"11:30";"1";"75";"2";"2";"1";3;48;2
"41407";"202100041407";5;"16:20";"1";"75";"2";"3";"1";3;48;2
"41408";"202100041408";5;"11:45";"1";"75";"2";"2";"1";3;48;2
"41409";"202100041409";5;"20:20";"2";"75";"2";"1";"1";3;48;2
"41410";"202100041410";5;"19:41";"1";"75";"2";"2";"1";3;48;2
"41411";"202100041411";5;"17:55";"1";"75";"2";"1";"1";3;48;2
"41412";"202100041412";5;"14:25";"1";"75";"2";"7";"1";3;48;2
"41413";"202100041413";5;"13:00";"1";"75";"2";"1";"1";6;48;2
"41414";"202100041414";5;"23:00";"5";"75";"2";"1";"1";7;48;2
"41415";"202100041415";5;"19:00";"1";"93";"2";"1";"1";2;48;2
"41416";"202100041416";5;"17:00";"1";"93";"2";"1";"1";3;48;2
"41417";"202100041417";5;"01:55";"5";"93";"2";"3";"1";6;48;2
"41418";"202100041418";5;"19:20";"1";"93";"2";"9";"1";3;48;2
"41419";"202100041419";5;"08:30";"1";"93";"2";"2";"8";3;48;2
"41420";"202100041420";5;"17:44";"1";"93";"2";"1";"1";3;48;2
"41421";"202100041421";5;"18:40";"1";"93";"2";"1";"1";6;48;2
"41422";"202100041422";5;"18:20";"1";"93";"2";"1";"8";6;48;2
"41423";"202100041423";5;"13:55";"1";"92";"2";"6";"1";3;48;2
"41424";"202100041424";5;"08:10";"1";"92";"2";"1";"6";6;48;2
"41425";"202100041425";5;"08:15";"1";"92";"2";"9";"1";3;48;2
"41426";"202100041426";5;"10:15";"1";"92";"2";"1";"1";3;48;2
"41427";"202100041427";5;"13:05";"1";"92";"2";"3";"1";3;48;2
"41428";"202100041428";5;"20:15";"1";"92";"2";"2";"1";3;48;2
"41429";"202100041429";5;"16:45";"1";"92";"2";"1";"1";3;48;2
"41430";"202100041430";5;"16:02";"1";"92";"2";"3";"2";3;48;2
"41431";"202100041431";5;"21:00";"2";"92";"2";"6";"1";3;48;2
"41432";"202100041432";5;"08:45";"1";"92";"2";"1";"2";5;48;2
"41433";"202100041433";5;"20:00";"1";"92";"2";"3";"1";2;48;2
"41434";"202100041434";5;"18:50";"1";"01";"1";"2";"1";1;45;5
"41435";"202100041435";5;"14:43";"1";"26";"1";"1";"1";3;45;4
"41436";"202100041436";5;"22:15";"3";"25";"1";"1";"2";6;47;6
"41437";"202100041437";5;"15:45";"1";"43";"1";"1";"1";4;45;3
"41438";"202100041438";5;"05:00";"3";"11";"1";"9";"2";7;43;2
"41439";"202100041439";5;"07:00";"1";"33";"2";"2";"1";1;44;0
"41440";"202100041440";5;"16:10";"1";"17";"1";"3";"1";1;45;0
"41441";"202100041441";5;"15:15";"1";"81";"1";"1";"8";7;43;2
"41442";"202100041442";5;"09:00";"1";"974";"2";"3";"1";3;-21;55
"41443";"202100041443";5;"20:00";"3";"972";"1";"1";"1";1;14;-60
"41444";"202100041444";5;"19:45";"1";"28";"1";"1";"1";7;48;1
"41445";"202100041445";5;"14:30";"1";"2B";"1";"1";"1";7;42;8
"41446";"202100041446";5;"11:30";"1";"33";"2";"3";"1";1;45;0
"41447";"202100041447";5;"07:20";"2";"33";"2";"1";"2";1;44;0
"41448";"202100041448";5;"15:45";"1";"71";"1";"1";"1";6;46;4
"41449";"202100041449";5;"22:00";"3";"63";"1";"1";"1";6;45;3
"41450";"202100041450";4;"16:30";"1";"31";"2";"1";"1";6;42;0
"41451";"202100041451";4;"16:30";"1";"38";"1";"1";"1";6;45;5
"41452";"202100041452";5;"22:15";"5";"02";"2";"1";"1";6;49;3
"41453";"202100041453";5;"05:55";"3";"03";"1";"1";"2";7;46;3
"41454";"202100041454";3;"14:50";"1";"83";"1";"1";"1";3;43;5
"41455";"202100041455";5;"15:43";"1";"60";"1";"1";"1";2;49;2
"41456";"202100041456";4;"13:15";"1";"07";"1";"1";"1";3;44;4
"41457";"202100041457";4;"09:30";"1";"17";"1";"2";"1";6;45;0
"41458";"202100041458";5;"15:10";"1";"52";"2";"2";"2";1;47;5
"41459";"202100041459";5;"12:35";"1";"52";"1";"2";"2";3;48;5
"41460";"202100041460";5;"08:50";"1";"13";"1";"1";"2";1;43;5
"41461";"202100041461";5;"10:00";"1";"34";"1";"1";"1";3;43;4
"41462";"202100041462";5;"20:00";"1";"77";"1";"1";"1";7;48;2
"41463";"202100041463";5;"08:10";"1";"89";"1";"1";"1";5;47;3
"41464";"202100041464";5;"14:35";"1";"89";"2";"1";"1";7;47;3
"41465";"202100041465";5;"17:25";"1";"38";"2";"3";"1";2;45;5
"41466";"202100041466";5;"15:45";"1";"01";"1";"1";"1";3;45;5
"41467";"202100041467";5;"18:06";"1";"79";"1";"4";"1";3;46;0
"41468";"202100041468";5;"08:40";"1";"44";"2";"1";"7";6;47;-1
"41469";"202100041469";5;"18:00";"1";"59";"1";"1";"1";7;50;2
"41470";"202100041470";5;"18:00";"1";"13";"1";"1";"1";4;43;5
"41471";"202100041471";5;"07:55";"1";"13";"1";"1";"1";5;43;5
"41472";"202100041472";5;"07:35";"1";"83";"1";"1";"1";2;43;5
"41473";"202100041473";5;"11:25";"1";"33";"1";"1";"1";6;44;0
"41474";"202100041474";5;"19:07";"1";"91";"1";"1";"1";6;48;2
"41475";"202100041475";5;"15:15";"1";"91";"1";"1";"2";6;48;2
"41476";"202100041476";5;"16:30";"1";"94";"1";"1";"1";7;48;2
"41477";"202100041477";5;"09:25";"1";"91";"1";"1";"1";2;48;2
"41478";"202100041478";5;"09:00";"1";"92";"1";"1";"1";3;48;2
"41479";"202100041479";5;"12:30";"1";"93";"1";"1";"1";2;48;2
"41480";"202100041480";5;"09:30";"1";"95";"1";"1";"1";4;49;2
"41481";"202100041481";5;"09:45";"1";"77";"1";"1";"8";7;48;2
"41482";"202100041482";5;"13:10";"1";"94";"1";"1";"1";4;48;2
"41483";"202100041483";5;"08:45";"1";"976";"2";"1";"1";6;-12;45
"41484";"202100041484";5;"15:05";"1";"971";"2";"1";"1";6;16;-61
"41485";"202100041485";5;"12:55";"1";"83";"1";"1";"1";6;43;5
"41486";"202100041486";3;"08:45";"1";"38";"2";"3";"1";6;45;5
"41487";"202100041487";1;"14:30";"1";"13";"2";"1";"1";3;43;5
"41488";"202100041488";3;"15:45";"1";"78";"2";"3";"1";6;48;2
"41489";"202100041489";3;"12:35";"1";"42";"2";"9";"1";6;45;4
"41490";"202100041490";2;"17:50";"1";"59";"2";"2";"1";3;50;3
"41491";"202100041491";5;"15:35";"1";"976";"2";"3";"1";3;-12;45
"41492";"202100041492";4;"18:20";"5";"974";"2";"1";"1";1;-21;55
"41493";"202100041493";5;"20:30";"4";"974";"2";"1";"1";7;-20;55
"41494";"202100041494";5;"12:50";"1";"973";"2";"1";"1";5;4;-52
"41495";"202100041495";5;"08:10";"1";"973";"2";"2";"1";3;4;-52
"41496";"202100041496";5;"07:10";"1";"973";"2";"9";"3";6;4;-52
"41497";"202100041497";5;"08:45";"1";"69";"2";"1";"1";7;45;4
"41498";"202100041498";5;"08:05";"1";"69";"2";"2";"1";3;45;4
"41499";"202100041499";5;"23:20";"5";"972";"2";"9";"1";6;14;-61
"41500";"202100041500";5;"18:00";"1";"69";"2";"1";"1";6;45;4
"41501";"202100041501";5;"08:40";"1";"69";"2";"1";"1";6;45;4
"41502";"202100041502";5;"15:10";"1";"971";"1";"1";"1";6;16;-61
"41503";"202100041503";5;"12:10";"1";"971";"1";"1";"1";6;16;-61
"41504";"202100041504";5;"08:30";"1";"95";"2";"1";"1";2;48;2
"41505";"202100041505";5;"15:20";"1";"91";"2";"9";"1";2;48;2
"41506";"202100041506";5;"03:56";"5";"87";"2";"1";"1";6;45;1
"41507";"202100041507";4;"16:50";"1";"87";"2";"1";"1";6;45;1
"41508";"202100041508";4;"17:28";"1";"87";"2";"1";"1";2;45;1
"41509";"202100041509";5;"08:30";"1";"86";"1";"1";"1";3;46;0
"41510";"202100041510";4;"12:15";"1";"83";"2";"1";"1";3;43;5
"41511";"202100041511";5;"14:47";"1";"76";"1";"1";"1";6;49;1
"41512";"202100041512";5;"14:10";"1";"76";"2";"9";"1";6;49;1
"41513";"202100041513";4;"13:40";"1";"76";"1";"6";"1";7;49;0
"41514";"202100041514";5;"16:10";"1";"76";"2";"6";"1";3;49;1
"41515";"202100041515";4;"15:45";"1";"71";"2";"6";"1";3;46;4
"41516";"202100041516";5;"19:50";"1";"71";"2";"1";"1";3;46;4
"41517";"202100041517";5;"14:20";"1";"69";"2";"6";"1";7;45;4
"41518";"202100041518";5;"15:00";"1";"69";"2";"3";"1";3;45;4
"41519";"202100041519";5;"01:00";"5";"67";"2";"4";"2";3;48;7
"41520";"202100041520";4;"18:30";"1";"67";"2";"1";"1";2;48;7
"41521";"202100041521";5;"14:05";"1";"64";"2";"2";"1";3;43;0
"41522";"202100041522";5;"17:30";"1";"64";"2";"1";"1";7;43;-1
"41523";"202100041523";5;"16:30";"1";"64";"2";"6";"1";3;43;-1
"41524";"202100041524";4;"18:39";"1";"63";"2";"6";"1";3;45;3
"41525";"202100041525";4;"22:48";"5";"63";"2";"2";"1";3;45;3
"41526";"202100041526";5;"16:13";"1";"59";"2";"2";"1";3;50;3
"41527";"202100041527";4;"20:03";"1";"56";"2";"2";"1";3;47;-3
"41528";"202100041528";4;"10:55";"1";"56";"2";"3";"1";3;47;-3
"41529";"202100041529";5;"16:15";"1";"51";"2";"1";"1";4;49;4
"41530";"202100041530";5;"19:25";"1";"51";"2";"1";"1";7;49;4
"41531";"202100041531";3;"09:05";"1";"42";"2";"1";"1";6;45;4
"41532";"202100041532";5;"09:45";"1";"37";"2";"3";"1";3;47;0
"41533";"202100041533";5;"09:12";"1";"37";"2";"3";"1";4;47;0
"41534";"202100041534";5;"10:31";"1";"37";"2";"2";"1";1;47;0
"41535";"202100041535";4;"17:30";"1";"34";"2";"3";"1";3;43;3
"41536";"202100041536";5;"17:35";"1";"31";"2";"1";"1";5;43;1
"41537";"202100041537";5;"11:15";"1";"31";"2";"3";"1";3;43;1
"41538";"202100041538";5;"09:10";"1";"31";"2";"1";"1";6;43;1
"41539";"202100041539";5;"07:10";"2";"28";"2";"1";"7";2;48;1
"41540";"202100041540";5;"08:25";"1";"27";"2";"1";"1";2;49;1
"41541";"202100041541";5;"12:10";"1";"26";"1";"1";"1";2;44;4
"41542";"202100041542";5;"22:45";"5";"25";"2";"2";"1";3;47;6
"41543";"202100041543";4;"09:30";"1";"24";"2";"2";"2";3;45;0
"41544";"202100041544";4;"18:25";"1";"18";"2";"3";"1";3;47;2
"41545";"202100041545";5;"17:00";"1";"16";"2";"3";"1";3;45;0
"41546";"202100041546";5;"16:45";"1";"11";"2";"2";"1";3;43;2
"41547";"202100041547";5;"10:00";"1";"06";"2";"1";"1";6;43;6
"41548";"202100041548";4;"14:26";"1";"05";"2";"1";"2";6;44;6
"41549";"202100041549";5;"17:05";"1";"75";"2";"1";"1";2;48;2
"41550";"202100041550";5;"14:00";"1";"75";"2";"2";"1";3;48;2
"41551";"202100041551";5;"12:11";"1";"75";"2";"2";"1";3;48;2
"41552";"202100041552";5;"14:20";"1";"75";"2";"7";"1";6;48;2
"41553";"202100041553";5;"14:00";"1";"75";"2";"2";"1";6;48;2
"41554";"202100041554";5;"17:48";"1";"75";"2";"2";"1";6;48;2
"41555";"202100041555";5;"09:20";"1";"75";"2";"2";"1";3;48;2
"41556";"202100041556";5;"09:15";"1";"75";"2";"7";"1";5;48;2
"41557";"202100041557";5;"18:50";"1";"75";"2";"3";"1";3;48;2