"";"Num_Acc";"mois";"hrmn";"lum";"dep";"agg";"int";"atm";"col";"lat";"long"
"41558";"202100041558";5;"19:45";"1";"75";"2";"3";"1";3;48;2
"41559";"202100041559";5;"09:00";"1";"75";"2";"7";"1";1;48;2
"41560";"202100041560";5;"11:58";"1";"75";"2";"1";"8";6;48;2
"41561";"202100041561";5;"10:35";"1";"75";"2";"2";"7";6;48;2
"41562";"202100041562";5;"18:05";"1";"94";"2";"1";"1";3;48;2
"41563";"202100041563";5;"19:00";"2";"94";"2";"9";"1";4;48;2
"41564";"202100041564";5;"16:00";"1";"94";"2";"1";"1";6;48;2
"41565";"202100041565";5;"08:15";"1";"94";"1";"1";"1";4;48;2
"41566";"202100041566";5;"18:00";"1";"93";"2";"1";"1";3;48;2
"41567";"202100041567";5;"14:20";"1";"93";"2";"1";"1";3;48;2
"41568";"202100041568";5;"08:30";"1";"93";"2";"9";"1";5;48;2
"41569";"202100041569";5;"17:10";"1";"93";"2";"1";"1";2;48;2
"41570";"202100041570";5;"18:15";"1";"93";"2";"1";"1";3;48;2
"41571";"202100041571";5;"21:25";"5";"93";"2";"9";"1";3;48;2
"41572";"202100041572";5;"05:55";"1";"93";"2";"2";"1";1;48;2
"41573";"202100041573";5;"14:20";"1";"93";"2";"3";"1";6;48;2
"41574";"202100041574";5;"17:00";"1";"93";"2";"1";"2";6;48;2
"41575";"202100041575";5;"11:09";"1";"93";"2";"2";"1";3;48;2
"41576";"202100041576";5;"20:00";"1";"93";"2";"1";"1";1;48;2
"41577";"202100041577";5;"21:00";"2";"92";"2";"1";"1";1;48;2
"41578";"202100041578";5;"10:30";"1";"92";"2";"1";"1";4;48;2
"41579";"202100041579";5;"07:55";"1";"92";"2";"1";"1";7;48;2
"41580";"202100041580";5;"14:40";"1";"92";"2";"1";"1";6;48;2
"41581";"202100041581";5;"10:00";"1";"92";"2";"1";"1";6;48;2
"41582";"202100041582";5;"19:30";"1";"44";"1";"1";"1";1;47;-1
"41583";"202100041583";5;"17:45";"1";"74";"2";"1";"1";1;45;6
"41584";"202100041584";5;"15:00";"1";"42";"1";"1";"1";7;46;3
"41585";"202100041585";5;"10:30";"1";"62";"2";"1";"1";7;50;2
"41586";"202100041586";5;"18:45";"1";"56";"1";"3";"1";3;48;-2
"41587";"202100041587";5;"09:35";"1";"76";"1";"1";"6";6;49;1
"41588";"202100041588";5;"17:55";"1";"82";"1";"1";"1";3;44;1
"41589";"202100041589";5;"16:50";"1";"89";"2";"2";"1";3;47;3
"41590";"202100041590";5;"15:00";"1";"61";"2";"1";"1";6;48;0
"41591";"202100041591";5;"08:55";"2";"42";"2";"2";"1";1;45;4
"41592";"202100041592";5;"22:40";"3";"41";"1";"1";"1";6;47;1
"41593";"202100041593";4;"16:30";"1";"68";"2";"9";"1";5;47;7
"41594";"202100041594";5;"15:30";"1";"22";"2";"1";"1";2;48;-3
"41595";"202100041595";5;"07:30";"1";"31";"2";"1";"1";3;43;1
"41596";"202100041596";5;"09:40";"1";"38";"1";"2";"1";3;45;5
"41597";"202100041597";5;"11:40";"1";"70";"1";"1";"1";6;47;6
"41598";"202100041598";5;"18:50";"1";"72";"1";"1";"1";7;48;0
"41599";"202100041599";5;"11:44";"1";"72";"1";"1";"2";1;47;0
"41600";"202100041600";5;"15:30";"1";"05";"1";"2";"1";4;44;6
"41601";"202100041601";5;"19:45";"2";"83";"1";"1";"1";6;43;6
"41602";"202100041602";5;"04:50";"3";"60";"1";"1";"1";6;49;2
"41603";"202100041603";5;"18:45";"1";"04";"1";"1";"1";7;43;6
"41604";"202100041604";5;"16:00";"1";"04";"1";"1";"1";2;44;5
"41605";"202100041605";5;"16:49";"1";"27";"2";"2";"1";6;49;0
"41606";"202100041606";5;"10:45";"1";"31";"1";"1";"1";4;43;1
"41607";"202100041607";5;"15:30";"1";"42";"1";"4";"1";6;45;4
"41608";"202100041608";5;"09:45";"1";"988";"1";"1";"3";6;-21;165
"41609";"202100041609";4;"20:17";"3";"988";"1";"1";"1";6;-22;166
"41610";"202100041610";5;"11:45";"1";"84";"2";"6";"3";3;43;5
"41611";"202100041611";5;"18:15";"1";"83";"1";"1";"1";3;43;6
"41612";"202100041612";5;"10:15";"1";"83";"2";"9";"1";2;43;6
"41613";"202100041613";5;"16:40";"1";"13";"1";"1";"1";1;43;5
"41614";"202100041614";5;"15:10";"1";"89";"2";"1";"1";1;47;3
"41615";"202100041615";3;"13:25";"1";"73";"2";"6";"1";3;45;6
"41616";"202100041616";5;"17:30";"1";"42";"1";"1";"1";6;45;4
"41617";"202100041617";5;"14:30";"1";"38";"2";"3";"1";6;45;4
"41618";"202100041618";5;"10:50";"1";"69";"2";"9";"1";3;46;4
"41619";"202100041619";5;"17:50";"1";"79";"2";"2";"2";2;46;0
"41620";"202100041620";5;"08:20";"1";"85";"2";"9";"7";6;46;-1
"41621";"202100041621";5;"06:05";"2";"57";"1";"1";"3";1;49;6
"41622";"202100041622";5;"21:45";"3";"13";"1";"1";"1";3;43;5
"41623";"202100041623";5;"23:35";"3";"13";"1";"1";"1";6;43;5
"41624";"202100041624";5;"16:33";"1";"13";"1";"1";"2";5;43;5
"41625";"202100041625";5;"07:15";"1";"59";"1";"1";"1";6;50;3
"41626";"202100041626";5;"15:25";"1";"94";"1";"1";"1";2;48;2
"41627";"202100041627";5;"11:05";"1";"91";"1";"1";"1";2;48;2
"41628";"202100041628";5;"07:45";"1";"94";"1";"1";"1";2;48;2
"41629";"202100041629";5;"22:30";"4";"92";"1";"1";"1";6;48;2
"41630";"202100041630";5;"10:34";"1";"93";"1";"1";"1";2;48;2
"41631";"202100041631";5;"10:15";"1";"77";"1";"1";"1";6;48;2
"41632";"202100041632";5;"09:15";"1";"77";"1";"1";"1";2;48;2
"41633";"202100041633";5;"04:20";"3";"94";"1";"1";"1";6;48;2
"41634";"202100041634";3;"13:12";"1";"94";"2";"1";"3";4;48;2
"41635";"202100041635";2;"18:00";"1";"76";"2";"1";"1";6;49;1
"41636";"202100041636";2;"18:00";"5";"92";"2";"2";"1";3;48;2
"41637";"202100041637";3;"04:40";"5";"77";"2";"9";"8";6;48;2
"41638";"202100041638";3;"16:30";"1";"21";"2";"1";"2";6;47;5
"41639";"202100041639";3;"11:00";"1";"80";"2";"1";"1";6;50;1
"41640";"202100041640";4;"19:50";"1";"62";"2";"6";"1";2;50;1
"41641";"202100041641";4;"15:20";"1";"13";"2";"1";"1";6;43;5
"41642";"202100041642";4;"16:00";"1";"93";"2";"9";"1";5;48;2
"41643";"202100041643";4;"14:05";"1";"76";"2";"2";"1";6;49;0
"41644";"202100041644";4;"16:00";"1";"29";"2";"2";"1";6;48;-4
"41645";"202100041645";4;"18:55";"1";"38";"2";"1";"1";6;45;5
"41646";"202100041646";4;"21:40";"5";"976";"2";"1";"1";6;-12;45
"41647";"202100041647";4;"18:31";"1";"76";"2";"2";"1";6;49;0
"41648";"202100041648";4;"13:30";"1";"92";"2";"3";"1";3;48;2
"41649";"202100041649";4;"17:10";"1";"76";"2";"1";"1";6;49;0
"41650";"202100041650";4;"17:10";"1";"93";"2";"1";"1";6;48;2
"41651";"202100041651";5;"21:04";"5";"69";"2";"2";"1";3;45;4
"41652";"202100041652";5;"17:15";"1";"69";"2";"3";"1";1;45;4
"41653";"202100041653";5;"01:00";"5";"69";"2";"2";"2";3;45;4
"41654";"202100041654";5;"11:50";"1";"69";"2";"2";"2";3;45;4
"41655";"202100041655";5;"15:10";"1";"972";"1";"1";"1";3;14;-61
"41656";"202100041656";5;"11:10";"1";"972";"1";"1";"1";5;14;-61
"41657";"202100041657";5;"16:47";"1";"69";"2";"1";"1";6;45;4
"41658";"202100041658";5;"15:45";"1";"95";"2";"2";"1";1;49;2
"41659";"202100041659";5;"21:45";"5";"91";"2";"9";"1";7;48;2
"41660";"202100041660";5;"15:50";"1";"91";"2";"3";"1";3;48;2
"41661";"202100041661";5;"18:15";"1";"83";"2";"1";"1";5;43;5
"41662";"202100041662";4;"22:10";"5";"83";"2";"3";"1";3;43;5
"41663";"202100041663";5;"10:20";"1";"77";"2";"2";"8";3;48;2
"41664";"202100041664";5;"21:40";"3";"76";"1";"1";"1";6;49;1
"41665";"202100041665";4;"09:35";"1";"62";"1";"1";"1";7;50;1
"41666";"202100041666";5;"17:10";"1";"45";"2";"1";"1";6;47;1
"41667";"202100041667";5;"16:30";"1";"33";"2";"2";"1";1;44;0
"41668";"202100041668";5;"08:35";"1";"33";"2";"6";"1";3;44;0
"41669";"202100041669";4;"12:25";"1";"33";"2";"1";"1";6;44;0
"41670";"202100041670";5;"18:37";"1";"29";"1";"1";"1";7;48;-4
"41671";"202100041671";4;"12:15";"1";"29";"2";"1";"1";6;47;-3
"41672";"202100041672";5;"16:05";"1";"27";"1";"1";"1";6;49;1
"41673";"202100041673";5;"23:05";"5";"18";"2";"1";"1";3;47;2
"41674";"202100041674";5;"19:00";"1";"17";"1";"1";"1";7;46;-1
"41675";"202100041675";5;"00:00";"5";"13";"2";"1";"1";6;43;5
"41676";"202100041676";4;"17:00";"1";"13";"2";"1";"1";2;43;5
"41677";"202100041677";5;"17:30";"1";"13";"2";"9";"1";7;43;5
"41678";"202100041678";5;"08:00";"1";"13";"2";"1";"1";6;43;5
"41679";"202100041679";4;"16:20";"1";"07";"1";"6";"2";7;44;4
"41680";"202100041680";4;"21:10";"5";"75";"2";"2";"1";3;48;2
"41681";"202100041681";5;"15:30";"1";"75";"2";"2";"8";3;48;2
"41682";"202100041682";5;"11:15";"1";"75";"2";"1";"1";3;48;2
"41683";"202100041683";5;"11:15";"1";"75";"2";"1";"1";3;48;2
"41684";"202100041684";5;"14:05";"1";"75";"2";"1";"8";6;48;2
"41685";"202100041685";5;"14:17";"1";"75";"2";"3";"1";3;48;2
"41686";"202100041686";5;"17:30";"1";"75";"2";"3";"2";3;48;2
"41687";"202100041687";5;"17:15";"1";"75";"2";"2";"1";3;48;2
"41688";"202100041688";5;"09:35";"1";"75";"2";"3";"2";2;48;2
"41689";"202100041689";5;"17:00";"1";"75";"2";"4";"2";3;48;2
"41690";"202100041690";5;"13:30";"1";"75";"2";"4";"1";6;48;2
"41691";"202100041691";5;"16:30";"1";"75";"2";"4";"2";3;48;2
"41692";"202100041692";5;"19:25";"1";"75";"2";"2";"1";6;48;2
"41693";"202100041693";5;"10:00";"1";"75";"2";"3";"8";6;48;2
"41694";"202100041694";5;"20:50";"5";"94";"2";"9";"1";3;48;2
"41695";"202100041695";5;"18:25";"1";"94";"2";"1";"1";6;48;2
"41696";"202100041696";5;"17:45";"1";"93";"2";"9";"1";3;48;2
"41697";"202100041697";5;"18:15";"1";"93";"2";"2";"1";6;48;2
"41698";"202100041698";5;"11:20";"1";"93";"2";"1";"1";6;48;2
"41699";"202100041699";5;"16:45";"1";"93";"2";"6";"1";3;48;2
"41700";"202100041700";5;"10:35";"1";"92";"2";"6";"1";6;48;2
"41701";"202100041701";5;"07:00";"1";"28";"1";"2";"1";3;48;1
"41702";"202100041702";4;"07:20";"1";"974";"2";"3";"1";3;-21;55
"41703";"202100041703";4;"16:45";"1";"27";"1";"2";"1";3;48;1
"41704";"202100041704";5;"07:49";"1";"26";"1";"1";"1";2;44;4
"41705";"202100041705";5;"18:45";"2";"69";"1";"4";"1";6;45;4
"41706";"202100041706";5;"08:55";"1";"23";"1";"1";"1";2;46;1
"41707";"202100041707";4;"13:45";"1";"67";"2";"3";"1";3;48;7
"41708";"202100041708";5;"20:45";"2";"61";"1";"1";"1";1;48;0
"41709";"202100041709";5;"11:15";"1";"46";"2";"2";"1";1;44;1
"41710";"202100041710";5;"12:00";"1";"39";"1";"1";"1";6;47;5
"41711";"202100041711";4;"18:45";"1";"35";"2";"4";"1";1;48;-1
"41712";"202100041712";5;"17:55";"1";"35";"1";"1";"1";6;48;-1
"41713";"202100041713";5;"07:50";"1";"03";"1";"1";"1";6;46;3
"41714";"202100041714";4;"15:30";"1";"72";"2";"1";"1";3;47;0
"41715";"202100041715";5;"13:10";"1";"14";"2";"1";"1";6;48;0
"41716";"202100041716";5;"08:00";"1";"14";"2";"6";"7";3;49;0
"41717";"202100041717";5;"13:15";"1";"14";"2";"1";"1";3;49;0
"41718";"202100041718";5;"17:30";"1";"18";"1";"2";"1";3;46;2
"41719";"202100041719";5;"15:40";"1";"17";"1";"1";"1";6;45;-1
"41720";"202100041720";5;"19:15";"1";"37";"1";"2";"1";3;47;0
"41721";"202100041721";5;"18:00";"1";"30";"1";"1";"1";6;43;4
"41722";"202100041722";5;"00:34";"3";"52";"1";"1";"1";6;47;5
"41723";"202100041723";5;"13:05";"1";"08";"2";"1";"1";6;49;4
"41724";"202100041724";5;"09:15";"1";"72";"1";"1";"1";2;47;0
"41725";"202100041725";5;"11:40";"1";"33";"1";"1";"1";7;44;0
"41726";"202100041726";5;"16:00";"1";"64";"1";"1";"1";3;43;0
"41727";"202100041727";4;"20:45";"3";"67";"1";"1";"8";2;48;7
"41728";"202100041728";5;"16:15";"1";"77";"1";"1";"1";6;48;2
"41729";"202100041729";5;"07:30";"1";"28";"1";"1";"1";3;48;1
"41730";"202100041730";4;"18:15";"2";"987";"1";"1";"1";3;-17;-149
"41731";"202100041731";4;"12:30";"1";"972";"1";"9";"1";6;14;-60
"41732";"202100041732";5;"10:45";"1";"95";"2";"6";"1";3;49;1
"41733";"202100041733";4;"15:15";"1";"66";"1";"9";"1";3;42;2
"41734";"202100041734";5;"08:50";"1";"71";"1";"3";"1";3;46;4
"41735";"202100041735";5;"17:45";"1";"10";"1";"1";"1";7;48;4
"41736";"202100041736";4;"03:00";"3";"38";"1";"1";"2";5;45;5
"41737";"202100041737";5;"16:35";"1";"40";"2";"9";"1";6;44;-1
"41738";"202100041738";5;"12:30";"1";"53";"1";"1";"1";3;48;0
"41739";"202100041739";5;"12:20";"1";"13";"1";"1";"2";7;43;5
"41740";"202100041740";5;"12:24";"1";"13";"1";"1";"3";2;43;5
"41741";"202100041741";4;"19:40";"2";"13";"1";"1";"2";2;43;5
"41742";"202100041742";5;"18:09";"1";"13";"1";"1";"3";2;43;5
"41743";"202100041743";5;"17:21";"1";"13";"1";"1";"3";2;43;5
"41744";"202100041744";5;"11:45";"1";"13";"1";"1";"2";6;43;5
"41745";"202100041745";5;"02:15";"3";"13";"1";"1";"1";1;43;5
"41746";"202100041746";4;"07:40";"1";"13";"1";"1";"1";4;43;5
"41747";"202100041747";5;"16:45";"1";"91";"1";"1";"1";3;48;2
"41748";"202100041748";5;"13:40";"1";"91";"1";"1";"8";6;48;2
"41749";"202100041749";5;"20:20";"2";"95";"1";"1";"1";6;49;2
"41750";"202100041750";5;"16:00";"1";"93";"1";"1";"1";2;48;2
"41751";"202100041751";5;"22:30";"4";"95";"1";"1";"2";1;49;2
"41752";"202100041752";5;"19:15";"1";"94";"1";"1";"1";4;48;2
"41753";"202100041753";5;"08:45";"1";"77";"1";"1";"1";7;48;2
"41754";"202100041754";5;"01:10";"5";"94";"1";"1";"1";6;48;2
"41755";"202100041755";4;"21:10";"5";"38";"2";"1";"1";6;45;5
"41756";"202100041756";4;"10:15";"1";"38";"2";"1";"1";6;45;5
"41757";"202100041757";4;"14:48";"1";"976";"2";"1";"1";6;-12;45
"41758";"202100041758";4;"16:40";"1";"68";"2";"1";"1";6;47;7
"41759";"202100041759";4;"19:40";"1";"75";"2";"3";"1";6;48;2
"41760";"202100041760";4;"19:38";"5";"973";"2";"3";"1";3;4;-52
"41761";"202100041761";4;"10:25";"1";"59";"2";"2";"1";6;50;3
"41762";"202100041762";4;"16:35";"1";"95";"2";"1";"1";1;48;2
"41763";"202100041763";4;"14:25";"1";"73";"2";"6";"1";6;45;6
"41764";"202100041764";4;"18:50";"1";"11";"2";"1";"1";3;43;2
"41765";"202100041765";4;"10:45";"1";"06";"2";"9";"1";6;43;7
"41766";"202100041766";4;"20:10";"2";"69";"2";"1";"1";6;45;4
"41767";"202100041767";4;"18:15";"1";"91";"2";"1";"1";3;48;2
"41768";"202100041768";4;"18:30";"1";"03";"2";"1";"1";6;46;3
"41769";"202100041769";4;"12:40";"1";"61";"2";"1";"1";6;48;0
"41770";"202100041770";4;"12:30";"1";"976";"2";"1";"1";6;-12;45
"41771";"202100041771";2;"08:51";"1";"93";"2";"1";"1";6;48;2
"41772";"202100041772";1;"21:30";"5";"73";"2";"3";"1";3;45;5
"41773";"202100041773";5;"20:45";"5";"988";"2";"6";"1";6;-22;166
"41774";"202100041774";5;"18:50";"5";"974";"1";"1";"1";7;-21;55
"41775";"202100041775";5;"14:55";"1";"973";"2";"1";"1";7;4;-52
"41776";"202100041776";5;"10:55";"1";"973";"2";"1";"1";7;4;-52
"41777";"202100041777";5;"12:41";"1";"69";"2";"1";"3";1;45;4
"41778";"202100041778";3;"07:15";"1";"971";"1";"9";"1";6;16;-61
"41779";"202100041779";5;"16:26";"1";"95";"2";"1";"2";1;48;2
"41780";"202100041780";4;"22:15";"5";"91";"2";"1";"1";7;48;2
"41781";"202100041781";5;"21:35";"5";"91";"2";"1";"1";4;48;2
"41782";"202100041782";5;"06:05";"2";"83";"2";"2";"2";3;43;5
"41783";"202100041783";5;"17:30";"1";"77";"1";"6";"1";1;48;2
"41784";"202100041784";5;"14:30";"1";"77";"1";"1";"1";1;48;2
"41785";"202100041785";5;"21:20";"5";"76";"2";"1";"9";7;49;0
"41786";"202100041786";5;"20:10";"1";"76";"2";"1";"1";5;49;1
"41787";"202100041787";4;"14:54";"1";"65";"2";"6";"2";3;43;0
"41788";"202100041788";4;"16:25";"1";"65";"2";"1";"1";3;43;0
"41789";"202100041789";4;"12:00";"1";"65";"2";"1";"1";3;43;0
"41790";"202100041790";4;"17:11";"1";"65";"2";"1";"2";2;43;0
"41791";"202100041791";5;"13:10";"1";"64";"2";"9";"1";3;43;0
"41792";"202100041792";5;"21:45";"5";"60";"2";"3";"1";3;49;2
"41793";"202100041793";4;"22:50";"5";"59";"2";"1";"1";1;50;3
"41794";"202100041794";4;"17:10";"1";"59";"1";"1";"1";2;50;2
"41795";"202100041795";5;"04:45";"5";"51";"2";"1";"1";7;49;4
"41796";"202100041796";4;"15:35";"1";"51";"2";"7";"1";3;48;4
"41797";"202100041797";5;"20:45";"1";"35";"2";"1";"1";7;48;-1
"41798";"202100041798";5;"14:15";"1";"35";"2";"6";"1";3;48;-1
"41799";"202100041799";5;"08:00";"1";"33";"2";"1";"1";4;44;0
"41800";"202100041800";4;"20:15";"3";"31";"2";"1";"1";3;43;1
"41801";"202100041801";4;"21:15";"1";"29";"1";"1";"1";6;48;-4
"41802";"202100041802";5;"12:00";"1";"14";"2";"1";"1";6;49;0
"41803";"202100041803";4;"22:39";"5";"13";"2";"1";"1";3;43;5
"41804";"202100041804";5;"16:45";"1";"10";"1";"1";"1";7;48;4
"41805";"202100041805";5;"08:00";"1";"06";"2";"1";"2";1;43;6
"41806";"202100041806";4;"19:00";"1";"75";"2";"1";"1";3;48;2
"41807";"202100041807";4;"02:05";"4";"75";"2";"4";"1";7;48;2
"41808";"202100041808";4;"17:00";"1";"75";"2";"2";"1";6;48;2
"41809";"202100041809";5;"11:15";"1";"75";"2";"2";"8";3;48;2
"41810";"202100041810";5;"14:15";"1";"75";"2";"3";"8";3;48;2
"41811";"202100041811";5;"09:00";"1";"75";"2";"2";"8";3;48;2
"41812";"202100041812";5;"20:20";"2";"75";"2";"7";"1";3;48;2
"41813";"202100041813";5;"13:20";"1";"75";"2";"4";"2";3;48;2
"41814";"202100041814";5;"11:50";"1";"75";"2";"2";"1";6;48;2
"41815";"202100041815";5;"17:30";"1";"75";"2";"6";"1";1;48;2
"41816";"202100041816";5;"14:00";"1";"75";"2";"2";"2";3;48;2
"41817";"202100041817";5;"01:40";"5";"75";"2";"1";"1";6;48;2
"41818";"202100041818";5;"17:05";"1";"75";"2";"1";"2";6;48;2
"41819";"202100041819";4;"10:30";"1";"75";"2";"2";"1";3;48;2
"41820";"202100041820";5;"00:24";"5";"75";"2";"4";"1";2;48;2
"41821";"202100041821";5;"17:25";"1";"75";"2";"2";"8";6;48;2
"41822";"202100041822";5;"18:00";"1";"94";"2";"1";"1";3;48;2
"41823";"202100041823";4;"11:30";"1";"94";"2";"2";"1";3;48;2
"41824";"202100041824";5;"17:00";"1";"93";"2";"1";"2";3;48;2
"41825";"202100041825";5;"17:15";"1";"93";"2";"1";"2";5;48;2
"41826";"202100041826";5;"17:20";"1";"93";"2";"3";"2";6;48;2
"41827";"202100041827";5;"20:40";"2";"93";"2";"2";"1";3;48;2
"41828";"202100041828";5;"20:00";"1";"93";"2";"1";"1";2;48;2
"41829";"202100041829";4;"18:00";"1";"93";"2";"9";"1";6;48;2
"41830";"202100041830";4;"22:39";"5";"92";"2";"1";"1";6;48;2
"41831";"202100041831";5;"11:00";"1";"92";"2";"1";"2";2;48;2
"41832";"202100041832";5;"04:00";"3";"29";"1";"1";"1";6;48;-4
"41833";"202100041833";5;"06:00";"2";"47";"1";"1";"1";6;44;0
"41834";"202100041834";5;"16:40";"1";"16";"1";"1";"1";7;45;0
"41835";"202100041835";5;"10:10";"1";"41";"1";"1";"1";7;47;1
"41836";"202100041836";4;"10:57";"1";"06";"2";"2";"1";6;43;7
"41837";"202100041837";4;"19:15";"1";"64";"1";"4";"1";7;43;0
"41838";"202100041838";5;"20:45";"1";"40";"1";"1";"1";7;44;0
"41839";"202100041839";5;"20:20";"2";"57";"2";"1";"1";1;49;6
"41840";"202100041840";5;"01:30";"3";"80";"2";"1";"1";7;49;2
"41841";"202100041841";5;"20:00";"1";"71";"2";"1";"1";7;46;5
"41842";"202100041842";5;"15:50";"1";"89";"1";"1";"1";7;47;3
"41843";"202100041843";4;"17:00";"1";"61";"1";"1";"1";7;48;0
"41844";"202100041844";5;"19:00";"1";"61";"1";"1";"1";6;48;0
"41845";"202100041845";5;"16:25";"1";"39";"1";"1";"3";6;46;6
"41846";"202100041846";5;"18:15";"1";"44";"1";"1";"1";1;47;-1
"41847";"202100041847";5;"20:40";"2";"24";"1";"1";"1";1;44;0
"41848";"202100041848";5;"19:30";"1";"27";"2";"1";"1";6;49;0
"41849";"202100041849";5;"16:25";"1";"27";"1";"1";"8";6;49;0
"41850";"202100041850";5;"19:55";"1";"37";"1";"4";"1";6;47;0
"41851";"202100041851";5;"01:30";"3";"08";"1";"1";"1";7;49;4
"41852";"202100041852";5;"01:06";"3";"21";"1";"1";"1";6;47;5
"41853";"202100041853";5;"17:40";"1";"60";"1";"1";"1";6;49;2
"41854";"202100041854";5;"13:00";"1";"27";"1";"1";"1";6;49;0
"41855";"202100041855";4;"12:20";"1";"67";"2";"1";"2";3;48;7
"41856";"202100041856";3;"19:15";"3";"01";"1";"1";"1";6;46;5
"41857";"202100041857";5;"16:10";"1";"81";"2";"1";"1";7;43;1
"41858";"202100041858";5;"17:30";"1";"81";"1";"1";"2";7;43;2
"41859";"202100041859";5;"18:45";"1";"64";"1";"1";"1";5;43;0
"41860";"202100041860";5;"17:00";"1";"29";"1";"2";"7";2;48;-4
"41861";"202100041861";5;"17:40";"1";"59";"2";"1";"1";6;50;3
"41862";"202100041862";4;"20:00";"1";"91";"1";"1";"1";4;48;2
"41863";"202100041863";5;"08:00";"1";"78";"1";"1";"1";3;48;2
"41864";"202100041864";4;"21:30";"3";"78";"1";"1";"1";6;48;1
"41865";"202100041865";4;"22:49";"5";"94";"1";"1";"1";6;48;2
"41866";"202100041866";4;"16:20";"1";"94";"1";"1";"1";4;48;2
"41867";"202100041867";4;"17:05";"1";"974";"2";"3";"1";6;-20;55
"41868";"202100041868";4;"13:00";"1";"974";"2";"1";"1";4;-20;55
"41869";"202100041869";4;"15:00";"1";"974";"1";"1";"2";4;-20;55
"41870";"202100041870";4;"12:25";"1";"973";"2";"9";"1";3;4;-52
"41871";"202100041871";4;"11:50";"1";"69";"2";"2";"3";6;45;4
"41872";"202100041872";4;"09:00";"1";"69";"2";"1";"2";2;45;4
"41873";"202100041873";4;"16:50";"1";"69";"2";"1";"8";7;45;4
"41874";"202100041874";4;"16:50";"1";"69";"2";"1";"1";3;45;4
"41875";"202100041875";4;"21:00";"3";"95";"2";"2";"1";3;48;2
"41876";"202100041876";4;"16:20";"1";"95";"2";"3";"1";6;48;2
"41877";"202100041877";4;"11:55";"1";"91";"2";"2";"1";3;48;2
"41878";"202100041878";4;"08:40";"1";"88";"2";"1";"3";7;48;6
"41879";"202100041879";4;"15:21";"1";"87";"2";"3";"1";3;45;1
"41880";"202100041880";4;"12:30";"1";"86";"2";"3";"1";6;46;0
"41881";"202100041881";4;"18:15";"1";"86";"1";"2";"1";3;46;0
"41882";"202100041882";4;"18:20";"1";"81";"2";"1";"1";3;43;2
"41883";"202100041883";4;"13:46";"1";"76";"2";"2";"1";7;49;1
"41884";"202100041884";4;"19:10";"1";"72";"2";"3";"2";3;47;0
"41885";"202100041885";4;"23:20";"5";"69";"2";"1";"1";2;45;4
"41886";"202100041886";4;"13:20";"1";"69";"2";"3";"2";6;45;4
"41887";"202100041887";4;"19:01";"1";"67";"1";"1";"1";3;48;7
"41888";"202100041888";4;"12:09";"1";"64";"2";"1";"1";3;43;-1
"41889";"202100041889";4;"18:35";"1";"59";"2";"5";"8";3;50;3
"41890";"202100041890";4;"19:45";"1";"59";"2";"3";"1";3;50;3
"41891";"202100041891";4;"18:25";"1";"57";"2";"2";"1";3;48;7
"41892";"202100041892";4;"16:00";"1";"54";"1";"1";"1";3;48;6
"41893";"202100041893";4;"12:50";"1";"54";"2";"3";"1";3;48;6
"41894";"202100041894";4;"11:10";"1";"53";"2";"1";"1";7;48;0
"41895";"202100041895";4;"17:55";"1";"52";"2";"1";"1";3;48;5
"41896";"202100041896";4;"13:24";"1";"51";"2";"1";"1";3;49;4
"41897";"202100041897";4;"09:45";"1";"45";"2";"1";"1";2;47;1
"41898";"202100041898";4;"18:35";"1";"45";"2";"1";"1";2;47;1
"41899";"202100041899";4;"08:35";"1";"43";"2";"4";"2";7;45;3
"41900";"202100041900";4;"21:15";"3";"37";"2";"1";"1";2;47;0
"41901";"202100041901";4;"10:40";"1";"37";"2";"1";"1";6;47;0
"41902";"202100041902";4;"10:27";"1";"36";"2";"6";"1";3;46;1
"41903";"202100041903";4;"19:00";"1";"35";"2";"1";"1";3;48;-1
"41904";"202100041904";4;"17:20";"1";"35";"1";"1";"1";7;48;-1
"41905";"202100041905";4;"12:40";"1";"35";"2";"6";"1";3;48;-1
"41906";"202100041906";4;"19:00";"1";"34";"2";"9";"1";2;43;3
"41907";"202100041907";4;"18:05";"1";"33";"2";"1";"2";1;44;0
"41908";"202100041908";4;"02:50";"5";"25";"2";"2";"1";3;47;6
"41909";"202100041909";4;"09:30";"1";"25";"2";"3";"3";6;47;5
"41910";"202100041910";4;"08:30";"1";"21";"2";"9";"1";3;47;5
"41911";"202100041911";4;"08:25";"1";"19";"2";"1";"3";2;45;1
"41912";"202100041912";4;"18:20";"1";"17";"1";"1";"1";7;46;-1
"41913";"202100041913";4;"17:15";"1";"15";"2";"9";"1";2;44;2
"41914";"202100041914";4;"16:30";"1";"13";"2";"1";"8";6;43;5
"41915";"202100041915";5;"00:30";"5";"13";"2";"2";"1";3;43;5
"41916";"202100041916";4;"14:35";"1";"13";"2";"1";"8";1;43;5
"41917";"202100041917";4;"14:55";"1";"13";"2";"1";"1";3;43;5
"41918";"202100041918";4;"13:00";"1";"13";"2";"3";"1";3;43;5
"41919";"202100041919";4;"07:30";"1";"11";"2";"1";"2";7;43;2
"41920";"202100041920";4;"06:40";"1";"06";"2";"9";"1";6;43;7
"41921";"202100041921";4;"19:55";"2";"06";"2";"6";"8";3;43;6
"41922";"202100041922";4;"10:00";"1";"06";"2";"1";"1";2;43;7