"";"Num_Acc";"mois";"hrmn";"lum";"dep";"agg";"int";"atm";"col";"lat";"long"
"41923";"202100041923";4;"10:00";"1";"06";"2";"9";"1";1;43;7
"41924";"202100041924";4;"12:30";"1";"75";"2";"2";"1";3;48;2
"41925";"202100041925";4;"09:05";"1";"75";"2";"4";"1";3;48;2
"41926";"202100041926";4;"19:40";"2";"75";"2";"3";"1";3;48;2
"41927";"202100041927";4;"11:08";"1";"75";"2";"1";"1";3;48;2
"41928";"202100041928";4;"15:30";"1";"75";"2";"3";"1";6;48;2
"41929";"202100041929";4;"16:45";"1";"75";"2";"1";"1";3;48;2
"41930";"202100041930";4;"09:30";"1";"75";"2";"7";"1";3;48;2
"41931";"202100041931";4;"11:10";"1";"75";"2";"2";"1";3;48;2
"41932";"202100041932";4;"18:45";"1";"75";"2";"3";"1";6;48;2
"41933";"202100041933";4;"16:20";"1";"75";"2";"5";"1";6;48;2
"41934";"202100041934";4;"13:20";"1";"75";"2";"2";"1";1;48;2
"41935";"202100041935";4;"11:20";"1";"75";"2";"4";"1";6;48;2
"41936";"202100041936";4;"19:10";"1";"94";"2";"1";"1";3;48;2
"41937";"202100041937";4;"18:00";"1";"94";"2";"2";"1";3;48;2
"41938";"202100041938";4;"08:30";"1";"94";"2";"1";"1";3;48;2
"41939";"202100041939";4;"13:55";"1";"94";"2";"1";"1";6;48;2
"41940";"202100041940";4;"19:27";"1";"94";"2";"1";"1";6;48;2
"41941";"202100041941";4;"18:15";"1";"94";"2";"1";"1";2;48;2
"41942";"202100041942";4;"10:50";"1";"94";"2";"1";"1";6;48;2
"41943";"202100041943";4;"09:15";"1";"94";"2";"1";"1";2;48;2
"41944";"202100041944";4;"17:41";"1";"93";"2";"1";"1";3;48;2
"41945";"202100041945";4;"10:00";"1";"93";"2";"3";"1";3;48;2
"41946";"202100041946";4;"20:00";"1";"93";"2";"1";"1";3;48;2
"41947";"202100041947";4;"11:45";"1";"93";"2";"2";"1";3;48;2
"41948";"202100041948";4;"18:50";"1";"93";"2";"2";"1";3;48;2
"41949";"202100041949";4;"14:15";"1";"93";"2";"1";"1";6;48;2
"41950";"202100041950";4;"18:45";"1";"93";"2";"1";"1";3;48;2
"41951";"202100041951";4;"16:40";"1";"93";"2";"2";"1";3;48;2
"41952";"202100041952";4;"13:25";"1";"92";"2";"3";"1";3;48;2
"41953";"202100041953";4;"14:05";"1";"92";"2";"1";"1";3;48;2
"41954";"202100041954";4;"16:30";"1";"92";"2";"1";"1";3;48;2
"41955";"202100041955";4;"09:45";"1";"92";"2";"2";"1";3;48;2
"41956";"202100041956";4;"01:00";"5";"92";"2";"1";"1";6;48;2
"41957";"202100041957";4;"19:00";"1";"92";"2";"1";"1";3;48;2
"41958";"202100041958";4;"13:35";"1";"92";"2";"9";"1";3;48;2
"41959";"202100041959";4;"07:10";"2";"92";"2";"1";"1";3;48;2
"41960";"202100041960";4;"21:00";"2";"92";"2";"9";"1";2;48;2
"41961";"202100041961";5;"03:20";"3";"45";"1";"1";"3";6;47;2
"41962";"202100041962";5;"17:55";"1";"81";"2";"1";"3";1;43;2
"41963";"202100041963";5;"02:15";"5";"06";"2";"1";"1";7;43;7
"41964";"202100041964";5;"12:05";"1";"72";"2";"1";"1";3;47;0
"41965";"202100041965";4;"20:45";"2";"38";"2";"1";"2";6;45;5
"41966";"202100041966";5;"11:40";"1";"58";"2";"1";"1";7;46;3
"41967";"202100041967";3;"18:10";"1";"83";"1";"1";"1";6;43;6
"41968";"202100041968";5;"15:30";"1";"09";"1";"1";"2";3;43;1
"41969";"202100041969";4;"17:35";"1";"43";"1";"1";"1";7;45;3
"41970";"202100041970";5;"15:20";"1";"10";"1";"3";"1";1;48;3
"41971";"202100041971";5;"12:20";"1";"04";"2";"1";"2";6;44;5
"41972";"202100041972";4;"09:55";"1";"978";"1";"1";"1";3;18;-63
"41973";"202100041973";5;"00:15";"3";"987";"1";"1";"1";1;-17;-149
"41974";"202100041974";4;"08:00";"1";"2A";"1";"1";"1";6;41;9
"41975";"202100041975";4;"22:00";"3";"66";"1";"6";"8";6;42;3
"41976";"202100041976";4;"18:30";"1";"30";"1";"1";"1";6;44;3
"41977";"202100041977";4;"18:28";"1";"84";"2";"1";"2";1;43;4
"41978";"202100041978";5;"09:45";"1";"54";"2";"1";"8";7;48;6
"41979";"202100041979";5;"15:30";"1";"74";"1";"1";"2";6;46;6
"41980";"202100041980";4;"16:00";"1";"01";"1";"2";"2";2;45;5
"41981";"202100041981";3;"18:15";"2";"81";"2";"1";"2";2;43;1
"41982";"202100041982";5;"11:30";"1";"33";"2";"1";"8";2;44;0
"41983";"202100041983";4;"18:30";"1";"33";"1";"1";"1";6;44;0
"41984";"202100041984";4;"14:00";"1";"35";"1";"2";"1";2;48;-1
"41985";"202100041985";5;"18:00";"1";"60";"2";"2";"2";2;49;2
"41986";"202100041986";4;"15:59";"1";"13";"1";"1";"1";7;43;5
"41987";"202100041987";4;"10:15";"1";"13";"1";"1";"3";3;43;5
"41988";"202100041988";4;"11:50";"1";"13";"1";"1";"3";2;43;5
"41989";"202100041989";4;"06:15";"2";"33";"1";"1";"2";2;44;0
"41990";"202100041990";4;"15:00";"1";"62";"1";"1";"1";6;50;2
"41991";"202100041991";4;"20:00";"1";"59";"1";"1";"1";2;50;3
"41992";"202100041992";4;"03:20";"3";"59";"1";"1";"1";6;50;2
"41993";"202100041993";4;"08:00";"1";"59";"1";"1";"2";2;50;3
"41994";"202100041994";4;"17:00";"1";"93";"1";"1";"1";2;48;2
"41995";"202100041995";4;"13:45";"1";"974";"2";"2";"1";3;-20;55
"41996";"202100041996";4;"08:00";"1";"974";"2";"1";"2";6;-20;55
"41997";"202100041997";4;"20:07";"5";"973";"2";"1";"2";3;4;-52
"41998";"202100041998";4;"11:40";"1";"973";"2";"9";"3";3;4;-52
"41999";"202100041999";4;"10:41";"1";"972";"2";"1";"2";6;14;-60
"42000";"202100042000";4;"21:40";"5";"69";"2";"2";"2";3;45;4
"42001";"202100042001";4;"20:45";"5";"69";"2";"1";"2";3;45;4
"42002";"202100042002";4;"17:00";"1";"95";"2";"3";"1";3;48;2
"42003";"202100042003";4;"01:55";"5";"95";"2";"2";"1";3;48;2
"42004";"202100042004";4;"09:15";"1";"91";"2";"3";"1";3;48;2
"42005";"202100042005";4;"09:45";"1";"91";"2";"1";"8";2;48;2
"42006";"202100042006";4;"12:54";"1";"86";"2";"2";"1";3;46;0
"42007";"202100042007";4;"22:56";"5";"82";"1";"1";"1";7;44;1
"42008";"202100042008";4;"20:00";"1";"80";"2";"1";"1";2;49;2
"42009";"202100042009";4;"08:15";"1";"80";"2";"1";"1";6;49;2
"42010";"202100042010";4;"17:25";"1";"79";"2";"2";"1";3;46;0
"42011";"202100042011";4;"14:05";"1";"78";"2";"2";"1";3;48;2
"42012";"202100042012";4;"09:40";"1";"78";"1";"1";"1";2;48;2
"42013";"202100042013";4;"15:30";"1";"72";"2";"1";"1";6;47;0
"42014";"202100042014";4;"14:10";"1";"69";"1";"6";"2";2;45;5
"42015";"202100042015";4;"17:15";"1";"67";"2";"8";"8";3;48;7
"42016";"202100042016";4;"13:45";"1";"67";"2";"1";"1";6;48;7
"42017";"202100042017";4;"10:52";"1";"66";"1";"9";"8";2;42;2
"42018";"202100042018";4;"00:40";"5";"63";"2";"1";"1";6;45;3
"42019";"202100042019";4;"15:20";"1";"63";"2";"3";"1";3;45;3
"42020";"202100042020";4;"14:21";"1";"57";"2";"4";"1";6;48;7
"42021";"202100042021";4;"12:27";"1";"54";"2";"3";"1";4;48;6
"42022";"202100042022";4;"17:26";"1";"54";"2";"2";"1";6;48;6
"42023";"202100042023";4;"15:40";"1";"52";"2";"1";"1";7;48;4
"42024";"202100042024";4;"15:15";"1";"51";"2";"1";"1";7;49;4
"42025";"202100042025";4;"10:15";"1";"50";"2";"2";"1";6;49;-1
"42026";"202100042026";4;"12:50";"1";"49";"2";"2";"1";2;47;0
"42027";"202100042027";4;"09:55";"1";"49";"2";"2";"1";6;47;0
"42028";"202100042028";4;"16:50";"1";"45";"2";"3";"1";3;47;1
"42029";"202100042029";4;"13:55";"1";"45";"2";"1";"1";3;47;1
"42030";"202100042030";4;"08:34";"1";"44";"2";"3";"1";1;47;-1
"42031";"202100042031";4;"20:50";"5";"38";"2";"3";"1";1;45;5
"42032";"202100042032";4;"17:50";"1";"35";"2";"1";"1";3;48;-1
"42033";"202100042033";4;"00:30";"5";"34";"2";"9";"2";6;43;3
"42034";"202100042034";4;"14:33";"1";"33";"2";"2";"1";6;44;0
"42035";"202100042035";4;"06:30";"5";"33";"2";"1";"1";6;44;0
"42036";"202100042036";4;"15:46";"1";"29";"2";"1";"1";1;47;-3
"42037";"202100042037";4;"08:25";"1";"29";"2";"7";"1";3;48;-4
"42038";"202100042038";4;"20:00";"2";"26";"2";"1";"2";1;44;4
"42039";"202100042039";4;"11:20";"1";"18";"2";"1";"2";3;47;2
"42040";"202100042040";4;"18:45";"1";"18";"2";"3";"1";3;47;2
"42041";"202100042041";4;"07:20";"1";"17";"2";"6";"1";3;45;-1
"42042";"202100042042";4;"15:55";"1";"17";"1";"1";"1";3;46;-1
"42043";"202100042043";4;"13:35";"1";"17";"2";"1";"1";3;46;-1
"42044";"202100042044";4;"17:05";"1";"14";"2";"1";"1";6;49;0
"42045";"202100042045";4;"07:30";"2";"13";"2";"1";"8";3;43;5
"42046";"202100042046";4;"14:50";"1";"10";"2";"1";"1";7;48;4
"42047";"202100042047";4;"19:20";"1";"07";"1";"1";"1";7;44;4
"42048";"202100042048";4;"21:28";"5";"06";"2";"2";"1";3;43;7
"42049";"202100042049";4;"13:20";"1";"05";"2";"6";"2";3;44;6
"42050";"202100042050";4;"20:10";"2";"01";"2";"2";"3";3;46;5
"42051";"202100042051";4;"08:31";"1";"75";"2";"1";"1";3;48;2
"42052";"202100042052";4;"13:15";"1";"75";"2";"3";"1";3;48;2
"42053";"202100042053";4;"19:50";"2";"75";"2";"7";"1";6;48;2
"42054";"202100042054";4;"16:50";"1";"75";"2";"4";"1";3;48;2
"42055";"202100042055";4;"12:20";"1";"75";"2";"3";"1";6;48;2
"42056";"202100042056";4;"02:15";"5";"75";"2";"2";"1";3;48;2
"42057";"202100042057";4;"18:30";"1";"75";"2";"1";"1";3;48;2
"42058";"202100042058";4;"11:25";"1";"75";"2";"3";"8";7;48;2
"42059";"202100042059";4;"08:01";"1";"75";"2";"4";"1";2;48;2
"42060";"202100042060";4;"11:20";"1";"75";"2";"1";"1";3;48;2
"42061";"202100042061";4;"15:45";"1";"75";"2";"3";"1";3;48;2
"42062";"202100042062";4;"11:00";"1";"75";"2";"2";"1";7;48;2
"42063";"202100042063";4;"16:45";"1";"94";"2";"3";"1";3;48;2
"42064";"202100042064";4;"15:10";"1";"94";"2";"6";"8";2;48;2
"42065";"202100042065";4;"18:50";"1";"94";"2";"3";"1";3;48;2
"42066";"202100042066";4;"08:45";"1";"94";"2";"1";"1";3;48;2
"42067";"202100042067";4;"15:55";"1";"94";"2";"9";"1";3;48;2
"42068";"202100042068";4;"22:20";"5";"94";"2";"3";"1";3;48;2
"42069";"202100042069";4;"16:55";"1";"93";"2";"6";"1";6;48;2
"42070";"202100042070";4;"12:20";"1";"93";"2";"2";"1";3;48;2
"42071";"202100042071";4;"12:08";"1";"93";"1";"9";"1";3;48;2
"42072";"202100042072";4;"17:15";"1";"93";"2";"2";"1";3;48;2
"42073";"202100042073";4;"19:00";"1";"93";"2";"1";"1";3;48;2
"42074";"202100042074";4;"12:35";"1";"93";"2";"1";"8";1;48;2
"42075";"202100042075";4;"18:35";"1";"92";"2";"1";"1";3;48;2
"42076";"202100042076";4;"18:30";"1";"92";"2";"1";"2";6;48;2
"42077";"202100042077";4;"14:25";"1";"92";"2";"1";"1";2;48;2
"42078";"202100042078";4;"22:35";"5";"92";"2";"1";"1";7;48;2
"42079";"202100042079";4;"13:55";"1";"92";"2";"1";"1";3;48;2
"42080";"202100042080";4;"09:40";"1";"92";"2";"6";"1";3;48;2
"42081";"202100042081";4;"13:20";"1";"92";"2";"2";"1";3;48;2
"42082";"202100042082";3;"10:00";"1";"67";"1";"1";"8";6;48;7
"42083";"202100042083";4;"18:00";"1";"30";"2";"9";"1";6;43;4
"42084";"202100042084";4;"22:10";"5";"74";"2";"6";"2";6;46;6
"42085";"202100042085";4;"08:50";"1";"57";"1";"3";"2";3;48;6
"42086";"202100042086";4;"18:10";"1";"51";"2";"6";"1";7;49;4
"42087";"202100042087";4;"21:15";"3";"74";"1";"6";"3";6;46;5
"42088";"202100042088";4;"15:50";"1";"76";"2";"7";"1";6;49;0
"42089";"202100042089";4;"16:30";"1";"2B";"1";"1";"1";6;42;9
"42090";"202100042090";4;"18:45";"1";"32";"2";"1";"1";6;43;0
"42091";"202100042091";4;"09:30";"1";"71";"2";"7";"3";6;46;5
"42092";"202100042092";4;"10:45";"1";"89";"1";"9";"1";3;47;3
"42093";"202100042093";4;"06:50";"2";"61";"1";"1";"1";7;48;0
"42094";"202100042094";4;"13:15";"1";"61";"1";"9";"1";3;48;0
"42095";"202100042095";4;"10:40";"1";"49";"1";"2";"1";3;47;0
"42096";"202100042096";4;"19:15";"1";"49";"2";"2";"1";3;47;0
"42097";"202100042097";4;"14:45";"1";"34";"1";"2";"1";5;43;3
"42098";"202100042098";4;"18:15";"1";"44";"1";"2";"1";3;47;-2
"42099";"202100042099";4;"15:45";"1";"44";"2";"2";"1";2;47;-1
"42100";"202100042100";4;"19:35";"1";"35";"1";"1";"1";6;47;-1
"42101";"202100042101";4;"15:35";"1";"72";"1";"1";"1";1;47;0
"42102";"202100042102";4;"15:35";"1";"05";"2";"3";"2";3;44;6
"42103";"202100042103";4;"15:30";"1";"50";"1";"1";"1";1;48;0
"42104";"202100042104";4;"13:22";"1";"18";"1";"1";"2";6;46;2
"42105";"202100042105";4;"05:40";"5";"43";"2";"2";"1";3;45;3
"42106";"202100042106";4;"12:40";"1";"07";"1";"1";"2";1;44;4
"42107";"202100042107";4;"17:45";"1";"04";"2";"1";"1";7;43;6
"42108";"202100042108";4;"12:30";"1";"27";"2";"3";"1";3;49;0
"42109";"202100042109";4;"10:00";"1";"27";"2";"1";"1";3;49;0
"42110";"202100042110";4;"18:54";"1";"06";"1";"6";"1";3;43;7
"42111";"202100042111";4;"07:02";"2";"69";"1";"1";"3";2;45;4
"42112";"202100042112";4;"17:45";"1";"95";"1";"1";"1";4;49;2
"42113";"202100042113";4;"18:05";"1";"95";"1";"1";"1";4;49;2
"42114";"202100042114";4;"17:15";"1";"68";"2";"3";"1";3;47;7
"42115";"202100042115";4;"15:50";"1";"971";"2";"9";"1";3;16;-61
"42116";"202100042116";4;"08:30";"1";"978";"1";"1";"1";7;18;-63
"42117";"202100042117";4;"16:00";"1";"21";"2";"3";"1";6;47;5
"42118";"202100042118";4;"05:30";"3";"29";"1";"3";"1";7;47;-3
"42119";"202100042119";4;"16:15";"1";"41";"1";"1";"2";5;47;1
"42120";"202100042120";4;"17:30";"1";"77";"2";"1";"1";6;49;2
"42121";"202100042121";4;"15:25";"1";"95";"2";"1";"1";6;49;2
"42122";"202100042122";4;"08:00";"1";"78";"1";"1";"1";1;48;1
"42123";"202100042123";4;"17:30";"1";"2A";"1";"3";"1";1;41;9
"42124";"202100042124";4;"08:40";"1";"83";"2";"3";"1";3;43;6
"42125";"202100042125";4;"18:05";"1";"89";"2";"1";"1";3;47;3
"42126";"202100042126";4;"04:45";"4";"89";"2";"2";"1";4;47;3
"42127";"202100042127";3;"00:25";"3";"54";"1";"1";"8";7;48;6
"42128";"202100042128";4;"18:20";"1";"73";"1";"1";"8";1;45;6
"42129";"202100042129";4;"12:35";"1";"01";"2";"1";"2";1;45;5
"42130";"202100042130";4;"17:55";"1";"87";"1";"2";"1";3;45;1
"42131";"202100042131";3;"09:45";"1";"33";"2";"1";"1";6;44;0
"42132";"202100042132";4;"11:27";"1";"85";"2";"1";"1";6;46;-2
"42133";"202100042133";4;"17:45";"1";"44";"2";"1";"1";2;47;-1
"42134";"202100042134";4;"17:00";"1";"22";"1";"1";"1";2;48;-3
"42135";"202100042135";4;"16:50";"1";"22";"2";"1";"1";7;48;-2
"42136";"202100042136";4;"14:45";"1";"57";"2";"3";"1";1;49;6
"42137";"202100042137";4;"16:40";"1";"02";"1";"1";"1";7;49;3
"42138";"202100042138";4;"11:00";"1";"13";"1";"1";"3";7;43;5
"42139";"202100042139";4;"09:00";"1";"13";"1";"1";"2";3;43;5
"42140";"202100042140";4;"05:00";"3";"13";"1";"1";"1";5;43;5
"42141";"202100042141";4;"17:15";"1";"67";"1";"1";"1";3;48;7
"42142";"202100042142";4;"11:15";"1";"67";"1";"1";"1";3;48;7
"42143";"202100042143";4;"17:00";"1";"33";"1";"1";"2";2;44;0
"42144";"202100042144";4;"12:25";"1";"59";"1";"1";"1";6;50;3
"42145";"202100042145";4;"10:00";"1";"91";"1";"1";"1";2;48;2
"42146";"202100042146";4;"15:45";"1";"93";"1";"1";"1";2;48;2
"42147";"202100042147";4;"18:30";"1";"94";"1";"1";"1";2;48;2
"42148";"202100042148";2;"20:47";"5";"36";"2";"3";"1";3;46;1
"42149";"202100042149";2;"09:50";"1";"36";"1";"1";"1";3;46;1
"42150";"202100042150";4;"15:00";"1";"974";"1";"9";"1";2;-21;55
"42151";"202100042151";4;"07:12";"2";"974";"2";"9";"3";1;-20;55
"42152";"202100042152";4;"08:05";"1";"973";"2";"2";"1";3;4;-52
"42153";"202100042153";4;"18:40";"1";"69";"2";"2";"1";3;45;4
"42154";"202100042154";4;"19:25";"1";"69";"2";"1";"1";3;45;4
"42155";"202100042155";4;"18:50";"1";"69";"2";"3";"1";2;45;4
"42156";"202100042156";4;"09:00";"1";"971";"2";"1";"1";2;16;-61
"42157";"202100042157";4;"12:00";"1";"971";"2";"9";"1";3;16;-61
"42158";"202100042158";4;"18:00";"1";"91";"2";"1";"1";3;48;2
"42159";"202100042159";4;"17:40";"1";"90";"2";"2";"1";3;47;6
"42160";"202100042160";4;"11:08";"1";"87";"2";"1";"1";7;45;1
"42161";"202100042161";4;"14:00";"1";"86";"2";"1";"1";3;46;0
"42162";"202100042162";4;"18:10";"1";"84";"2";"1";"1";3;43;4
"42163";"202100042163";4;"17:30";"1";"83";"2";"1";"1";6;43;6
"42164";"202100042164";4;"16:25";"1";"79";"2";"1";"1";7;46;0
"42165";"202100042165";4;"23:30";"3";"78";"1";"1";"1";6;48;1
"42166";"202100042166";4;"08:05";"1";"76";"2";"2";"1";6;49;0
"42167";"202100042167";4;"13:30";"1";"76";"1";"1";"1";6;49;0
"42168";"202100042168";4;"10:55";"1";"76";"2";"3";"1";3;49;0
"42169";"202100042169";4;"08:15";"1";"69";"2";"2";"1";6;45;4
"42170";"202100042170";4;"17:00";"1";"67";"2";"3";"1";3;48;7
"42171";"202100042171";4;"10:24";"1";"63";"2";"2";"2";3;45;3
"42172";"202100042172";4;"01:31";"5";"63";"2";"2";"1";3;45;3
"42173";"202100042173";4;"18:30";"1";"62";"2";"1";"1";2;50;1
"42174";"202100042174";4;"13:45";"1";"59";"2";"1";"1";6;50;3
"42175";"202100042175";4;"12:10";"1";"59";"2";"2";"1";3;50;3
"42176";"202100042176";4;"07:10";"2";"53";"1";"6";"1";7;48;0
"42177";"202100042177";4;"02:20";"3";"50";"2";"1";"1";6;49;-1
"42178";"202100042178";4;"14:25";"1";"50";"2";"1";"1";6;49;-1
"42179";"202100042179";4;"17:58";"1";"47";"2";"1";"1";6;44;0
"42180";"202100042180";4;"14:35";"1";"45";"2";"6";"2";6;47;1
"42181";"202100042181";4;"08:50";"1";"44";"1";"1";"1";6;47;-2
"42182";"202100042182";4;"14:30";"1";"38";"2";"6";"8";3;45;4
"42183";"202100042183";4;"17:20";"1";"37";"2";"3";"1";6;47;0
"42184";"202100042184";4;"08:55";"1";"37";"2";"1";"1";7;47;0
"42185";"202100042185";2;"15:06";"1";"36";"2";"1";"1";6;46;1
"42186";"202100042186";4;"18:55";"1";"35";"2";"3";"1";6;48;-1
"42187";"202100042187";4;"16:10";"1";"33";"2";"3";"1";6;44;0
"42188";"202100042188";4;"18:25";"1";"33";"2";"1";"1";3;44;-1
"42189";"202100042189";4;"07:30";"2";"33";"2";"1";"8";3;44;-1
"42190";"202100042190";4;"03:45";"5";"31";"2";"9";"1";3;43;1
"42191";"202100042191";4;"19:40";"1";"30";"2";"6";"1";6;44;4
"42192";"202100042192";4;"17:20";"1";"29";"2";"1";"1";1;47;-4
"42193";"202100042193";4;"20:20";"2";"25";"1";"1";"1";6;46;6
"42194";"202100042194";4;"16:45";"1";"18";"2";"3";"2";3;47;2
"42195";"202100042195";4;"16:28";"1";"17";"2";"1";"1";3;46;-1
"42196";"202100042196";4;"15:04";"1";"17";"2";"3";"1";3;46;-1
"42197";"202100042197";4;"14:40";"1";"14";"2";"1";"1";6;49;0
"42198";"202100042198";4;"18:50";"1";"13";"2";"1";"1";3;43;5
"42199";"202100042199";4;"16:25";"1";"13";"2";"1";"8";2;43;5
"42200";"202100042200";4;"18:40";"1";"13";"2";"1";"1";3;43;5
"42201";"202100042201";4;"00:00";"5";"11";"2";"9";"2";6;43;2
"42202";"202100042202";4;"19:01";"1";"10";"2";"6";"1";3;48;4
"42203";"202100042203";4;"13:15";"1";"07";"2";"6";"2";7;44;4
"42204";"202100042204";4;"18:10";"1";"07";"1";"6";"1";7;44;4
"42205";"202100042205";4;"19:50";"2";"06";"2";"1";"2";6;43;7
"42206";"202100042206";4;"09:00";"1";"06";"2";"1";"1";2;43;7
"42207";"202100042207";4;"18:30";"1";"75";"2";"1";"8";3;48;2
"42208";"202100042208";4;"11:10";"1";"75";"2";"1";"1";2;48;2
"42209";"202100042209";4;"20:55";"1";"75";"2";"2";"1";6;48;2
"42210";"202100042210";4;"20:20";"1";"75";"2";"2";"1";3;48;2
"42211";"202100042211";4;"14:50";"1";"75";"2";"2";"1";3;48;2
"42212";"202100042212";4;"13:50";"1";"75";"2";"7";"1";6;48;2
"42213";"202100042213";4;"13:10";"1";"75";"2";"2";"1";3;48;2
"42214";"202100042214";4;"01:45";"5";"75";"2";"2";"1";3;48;2
"42215";"202100042215";4;"12:45";"1";"75";"2";"7";"1";1;48;2
"42216";"202100042216";4;"09:00";"1";"75";"2";"2";"1";3;48;2
"42217";"202100042217";4;"12:34";"1";"94";"2";"1";"1";6;48;2
"42218";"202100042218";4;"05:45";"5";"94";"2";"1";"1";1;48;2
"42219";"202100042219";4;"19:00";"1";"94";"2";"1";"1";6;48;2
"42220";"202100042220";4;"19:00";"1";"94";"2";"1";"1";6;48;2
"42221";"202100042221";4;"18:52";"1";"93";"2";"7";"2";2;48;2
"42222";"202100042222";4;"23:15";"5";"93";"2";"2";"1";3;48;2
"42223";"202100042223";4;"16:10";"1";"93";"2";"3";"1";1;48;2
"42224";"202100042224";4;"10:00";"1";"93";"2";"1";"1";3;48;2
"42225";"202100042225";4;"11:00";"1";"93";"2";"1";"1";6;48;2
"42226";"202100042226";4;"12:15";"1";"93";"2";"1";"1";3;48;2
"42227";"202100042227";4;"16:22";"1";"93";"2";"1";"1";5;48;2
"42228";"202100042228";4;"20:05";"1";"92";"2";"1";"1";6;48;2
"42229";"202100042229";4;"17:50";"1";"92";"2";"1";"1";2;48;2
"42230";"202100042230";4;"13:30";"1";"92";"2";"2";"1";3;48;2
"42231";"202100042231";4;"14:00";"1";"92";"2";"1";"1";3;48;2
"42232";"202100042232";4;"09:35";"1";"92";"2";"1";"1";2;48;2
"42233";"202100042233";4;"07:15";"1";"92";"2";"1";"1";3;48;2
"42234";"202100042234";4;"11:00";"1";"92";"2";"3";"7";6;48;2
"42235";"202100042235";4;"23:10";"5";"92";"2";"1";"1";6;48;2
"42236";"202100042236";4;"07:50";"1";"92";"2";"1";"1";3;48;2
"42237";"202100042237";4;"21:50";"5";"33";"2";"1";"1";1;44;0
"42238";"202100042238";4;"16:00";"1";"62";"2";"9";"1";7;50;1
"42239";"202100042239";4;"16:30";"1";"56";"2";"1";"1";7;47;-2
"42240";"202100042240";4;"19:00";"1";"56";"1";"1";"1";1;47;-3
"42241";"202100042241";4;"12:00";"1";"2B";"2";"3";"1";3;42;9
"42242";"202100042242";4;"14:10";"1";"61";"1";"1";"1";7;48;0
"42243";"202100042243";4;"13:25";"1";"49";"1";"1";"1";7;47;0
"42244";"202100042244";4;"14:40";"1";"25";"1";"1";"8";1;47;6
"42245";"202100042245";4;"16:54";"1";"44";"1";"1";"1";6;46;-1
"42246";"202100042246";4;"16:00";"1";"44";"2";"6";"1";3;47;-1
"42247";"202100042247";4;"15:25";"1";"29";"1";"1";"1";6;48;-4
"42248";"202100042248";4;"13:10";"1";"03";"1";"2";"2";3;46;3
"42249";"202100042249";4;"12:35";"1";"14";"2";"3";"1";3;49;0
"42250";"202100042250";4;"03:00";"3";"14";"1";"1";"1";6;49;0
"42251";"202100042251";4;"09:00";"1";"87";"2";"9";"1";3;45;0
"42252";"202100042252";4;"07:50";"2";"30";"1";"1";"2";6;44;4
"42253";"202100042253";4;"13:00";"1";"987";"1";"1";"1";2;-17;-149
"42254";"202100042254";4;"07:40";"1";"973";"1";"1";"1";1;4;-52
"42255";"202100042255";4;"16:25";"1";"91";"2";"2";"1";3;48;2
"42256";"202100042256";4;"08:30";"1";"2B";"2";"1";"1";4;42;9
"42257";"202100042257";4;"11:15";"1";"11";"2";"1";"2";6;43;1
"42258";"202100042258";4;"11:35";"1";"34";"2";"3";"1";2;43;3
"42259";"202100042259";4;"08:40";"1";"34";"1";"1";"3";1;43;3
"42260";"202100042260";4;"17:45";"1";"58";"1";"1";"2";6;47;3
"42261";"202100042261";4;"08:15";"1";"88";"2";"1";"1";6;48;6
"42262";"202100042262";3;"10:40";"1";"74";"2";"1";"1";1;45;6
"42263";"202100042263";4;"10:10";"1";"38";"2";"1";"1";6;45;5
"42264";"202100042264";4;"08:45";"1";"81";"2";"7";"2";3;43;1
"42265";"202100042265";4;"21:15";"5";"09";"1";"1";"1";6;43;1
"42266";"202100042266";4;"17:35";"1";"09";"1";"1";"2";1;42;1
"42267";"202100042267";4;"15:55";"1";"64";"1";"1";"3";7;43;0
"42268";"202100042268";4;"19:16";"1";"33";"2";"3";"1";3;44;0
"42269";"202100042269";4;"16:55";"1";"85";"2";"1";"1";7;46;-1
"42270";"202100042270";4;"05:00";"3";"14";"2";"2";"1";2;49;0
"42271";"202100042271";4;"12:37";"1";"60";"2";"1";"1";3;49;2
"42272";"202100042272";4;"07:50";"1";"59";"1";"6";"7";3;50;3
"42273";"202100042273";4;"09:10";"1";"13";"1";"1";"3";6;43;5
"42274";"202100042274";4;"09:35";"1";"13";"1";"1";"2";6;43;5
"42275";"202100042275";4;"00:10";"5";"69";"1";"1";"1";2;45;4
"42276";"202100042276";4;"12:20";"1";"78";"1";"1";"1";2;48;2
"42277";"202100042277";4;"18:30";"1";"95";"1";"1";"1";5;49;2
"42278";"202100042278";4;"15:55";"1";"93";"1";"1";"1";5;48;2
"42279";"202100042279";2;"15:42";"1";"66";"2";"1";"1";2;42;2
"42280";"202100042280";2;"15:10";"1";"59";"2";"1";"1";6;50;3
"42281";"202100042281";4;"15:32";"1";"974";"1";"1";"8";3;-21;55
"42282";"202100042282";4;"17:50";"2";"974";"2";"2";"1";5;-20;55
"42283";"202100042283";4;"11:00";"1";"973";"2";"9";"3";7;4;-52
"42284";"202100042284";4;"08:15";"1";"973";"2";"9";"8";6;4;-52
"42285";"202100042285";4;"11:58";"1";"69";"2";"1";"1";6;45;4
"42286";"202100042286";4;"20:36";"1";"95";"2";"1";"1";1;48;2
"42287";"202100042287";4;"10:45";"1";"95";"2";"1";"7";3;48;2