"";"Num_Acc";"mois";"hrmn";"lum";"dep";"agg";"int";"atm";"col";"lat";"long"
"42288";"202100042288";4;"17:25";"1";"91";"1";"3";"1";4;48;2
"42289";"202100042289";4;"14:45";"1";"91";"2";"1";"1";6;48;2
"42290";"202100042290";4;"09:25";"1";"91";"2";"1";"1";2;48;2
"42291";"202100042291";4;"13:40";"1";"83";"2";"1";"8";3;43;5
"42292";"202100042292";4;"18:40";"1";"78";"2";"6";"1";7;48;1
"42293";"202100042293";4;"15:15";"1";"77";"2";"6";"1";2;48;3
"42294";"202100042294";4;"19:45";"1";"76";"2";"1";"1";1;49;0
"42295";"202100042295";4;"21:15";"5";"73";"2";"1";"1";5;45;5
"42296";"202100042296";4;"17:15";"1";"69";"2";"1";"1";6;45;5
"42297";"202100042297";4;"10:40";"1";"66";"2";"3";"2";6;42;2
"42298";"202100042298";4;"16:40";"1";"65";"2";"1";"1";1;43;0
"42299";"202100042299";4;"19:16";"1";"64";"2";"2";"1";3;43;0
"42300";"202100042300";4;"18:00";"1";"64";"2";"1";"2";6;43;-1
"42301";"202100042301";4;"12:00";"1";"63";"2";"1";"1";2;45;3
"42302";"202100042302";4;"18:21";"1";"63";"2";"2";"1";2;45;3
"42303";"202100042303";4;"13:37";"1";"63";"2";"2";"1";3;45;3
"42304";"202100042304";4;"22:33";"3";"60";"2";"3";"1";3;49;2
"42305";"202100042305";4;"23:00";"5";"59";"2";"1";"1";6;50;3
"42306";"202100042306";4;"10:28";"1";"57";"2";"1";"1";7;49;6
"42307";"202100042307";4;"18:05";"1";"51";"2";"2";"1";3;49;4
"42308";"202100042308";4;"16:26";"1";"50";"1";"6";"1";3;48;-1
"42309";"202100042309";4;"22:40";"3";"49";"1";"1";"1";7;47;0
"42310";"202100042310";4;"16:00";"1";"49";"2";"1";"1";6;47;0
"42311";"202100042311";4;"09:26";"1";"49";"2";"1";"1";3;47;0
"42312";"202100042312";4;"13:10";"1";"45";"2";"2";"1";3;47;1
"42313";"202100042313";4;"07:40";"1";"45";"2";"1";"1";4;47;1
"42314";"202100042314";4;"10:45";"1";"44";"2";"1";"1";6;47;-2
"42315";"202100042315";4;"09:10";"1";"35";"2";"6";"1";3;48;-1
"42316";"202100042316";4;"18:10";"1";"34";"2";"2";"1";3;43;3
"42317";"202100042317";4;"11:05";"1";"33";"2";"1";"1";3;44;-1
"42318";"202100042318";4;"19:30";"1";"31";"2";"3";"1";3;43;1
"42319";"202100042319";4;"14:30";"1";"31";"2";"1";"1";3;43;1
"42320";"202100042320";4;"08:30";"1";"31";"2";"1";"1";6;43;1
"42321";"202100042321";4;"16:35";"1";"31";"2";"6";"2";3;43;0
"42322";"202100042322";4;"22:15";"3";"30";"2";"2";"1";6;43;4
"42323";"202100042323";4;"13:45";"1";"29";"2";"3";"1";3;47;-4
"42324";"202100042324";4;"11:30";"1";"29";"2";"1";"1";6;47;-4
"42325";"202100042325";4;"07:51";"1";"29";"2";"1";"1";7;47;-4
"42326";"202100042326";4;"16:45";"1";"28";"2";"1";"1";3;48;1
"42327";"202100042327";4;"19:55";"1";"27";"2";"3";"1";6;49;1
"42328";"202100042328";4;"09:18";"1";"17";"1";"1";"1";4;46;-1
"42329";"202100042329";4;"17:42";"1";"14";"2";"2";"1";3;49;0
"42330";"202100042330";4;"22:30";"4";"13";"2";"1";"1";6;43;5
"42331";"202100042331";4;"19:00";"2";"13";"2";"1";"1";6;43;5
"42332";"202100042332";4;"18:30";"1";"10";"2";"1";"1";3;48;4
"42333";"202100042333";4;"17:45";"1";"10";"2";"9";"1";6;48;4
"42334";"202100042334";4;"13:15";"1";"10";"2";"6";"1";3;48;4
"42335";"202100042335";4;"09:28";"1";"10";"2";"2";"7";6;48;4
"42336";"202100042336";4;"08:30";"1";"07";"2";"1";"1";3;44;4
"42337";"202100042337";4;"15:10";"1";"06";"2";"1";"8";3;43;7
"42338";"202100042338";4;"09:45";"1";"06";"2";"1";"2";2;43;6
"42339";"202100042339";4;"16:45";"1";"06";"2";"1";"2";5;43;7
"42340";"202100042340";4;"11:14";"1";"05";"1";"1";"8";6;44;6
"42341";"202100042341";4;"19:25";"1";"05";"2";"3";"1";3;44;6
"42342";"202100042342";4;"14:10";"1";"05";"1";"6";"1";7;44;6
"42343";"202100042343";4;"08:00";"1";"75";"2";"2";"1";3;48;2
"42344";"202100042344";4;"17:20";"1";"75";"2";"1";"1";2;48;2
"42345";"202100042345";4;"09:10";"1";"75";"2";"1";"1";7;48;2
"42346";"202100042346";4;"23:50";"5";"75";"2";"1";"1";3;48;2
"42347";"202100042347";4;"15:35";"1";"75";"2";"5";"1";3;48;2
"42348";"202100042348";4;"12:00";"1";"75";"2";"3";"1";7;48;2
"42349";"202100042349";4;"18:45";"1";"75";"2";"1";"1";3;48;2
"42350";"202100042350";4;"19:05";"1";"75";"2";"7";"1";3;48;2
"42351";"202100042351";4;"20:25";"2";"75";"2";"7";"1";3;48;2
"42352";"202100042352";4;"17:15";"1";"75";"2";"2";"1";3;48;2
"42353";"202100042353";4;"09:35";"1";"75";"2";"1";"1";6;48;2
"42354";"202100042354";4;"16:50";"1";"75";"2";"2";"1";3;48;2
"42355";"202100042355";4;"10:20";"1";"75";"2";"3";"1";3;48;2
"42356";"202100042356";4;"17:30";"1";"75";"2";"2";"1";3;48;2
"42357";"202100042357";4;"15:40";"1";"75";"2";"3";"1";6;48;2
"42358";"202100042358";4;"14:45";"1";"75";"2";"4";"1";7;48;2
"42359";"202100042359";4;"17:00";"1";"75";"2";"3";"1";7;48;2
"42360";"202100042360";4;"19:55";"1";"75";"2";"7";"1";6;48;2
"42361";"202100042361";4;"18:40";"1";"75";"2";"5";"1";6;48;2
"42362";"202100042362";4;"10:40";"1";"75";"2";"2";"1";6;48;2
"42363";"202100042363";4;"08:00";"1";"94";"2";"3";"1";6;48;2
"42364";"202100042364";4;"19:00";"1";"94";"2";"2";"1";3;48;2
"42365";"202100042365";4;"12:00";"1";"94";"2";"6";"1";1;48;2
"42366";"202100042366";4;"20:40";"2";"94";"2";"9";"1";3;48;2
"42367";"202100042367";4;"16:30";"1";"93";"2";"3";"7";3;49;2
"42368";"202100042368";4;"20:00";"1";"93";"2";"9";"1";3;48;2
"42369";"202100042369";4;"08:12";"1";"93";"2";"1";"1";1;48;2
"42370";"202100042370";4;"08:30";"1";"93";"2";"1";"1";3;48;2
"42371";"202100042371";4;"07:55";"1";"93";"2";"3";"1";3;48;2
"42372";"202100042372";4;"21:15";"5";"93";"2";"4";"1";3;48;2
"42373";"202100042373";4;"14:00";"1";"93";"2";"1";"7";6;48;2
"42374";"202100042374";4;"13:00";"1";"93";"2";"1";"1";3;48;2
"42375";"202100042375";4;"11:30";"1";"92";"2";"2";"1";2;48;2
"42376";"202100042376";4;"18:20";"1";"92";"2";"1";"1";6;48;2
"42377";"202100042377";4;"17:00";"1";"92";"2";"1";"1";6;48;2
"42378";"202100042378";4;"08:00";"1";"92";"2";"1";"1";6;48;2
"42379";"202100042379";4;"18:50";"1";"92";"2";"2";"1";6;48;2
"42380";"202100042380";4;"19:30";"1";"92";"2";"3";"1";2;48;2
"42381";"202100042381";4;"16:10";"1";"92";"2";"1";"1";3;48;2
"42382";"202100042382";4;"17:45";"1";"47";"2";"4";"1";1;44;0
"42383";"202100042383";4;"17:15";"1";"23";"1";"2";"1";3;46;1
"42384";"202100042384";4;"18:10";"1";"58";"2";"2";"1";3;47;2
"42385";"202100042385";4;"18:40";"1";"59";"1";"1";"1";6;50;2
"42386";"202100042386";4;"22:30";"3";"30";"1";"1";"2";7;44;4
"42387";"202100042387";4;"08:10";"1";"55";"1";"2";"1";3;48;5
"42388";"202100042388";4;"03:15";"3";"44";"2";"6";"1";6;47;-1
"42389";"202100042389";4;"11:30";"1";"44";"2";"2";"1";3;47;-1
"42390";"202100042390";4;"14:15";"1";"29";"1";"1";"1";6;48;-3
"42391";"202100042391";4;"18:40";"1";"31";"1";"1";"1";5;43;1
"42392";"202100042392";4;"12:24";"1";"02";"1";"2";"1";3;49;3
"42393";"202100042393";4;"11:20";"1";"06";"2";"6";"1";3;43;6
"42394";"202100042394";4;"17:20";"1";"14";"2";"1";"1";7;49;0
"42395";"202100042395";4;"15:45";"1";"05";"1";"3";"2";3;44;5
"42396";"202100042396";4;"18:10";"1";"60";"1";"2";"1";2;49;1
"42397";"202100042397";3;"20:10";"3";"73";"1";"3";"1";3;45;5
"42398";"202100042398";4;"18:30";"1";"28";"1";"1";"1";7;48;1
"42399";"202100042399";4;"01:00";"3";"87";"1";"1";"8";6;45;0
"42400";"202100042400";4;"18:30";"1";"37";"1";"2";"7";3;47;0
"42401";"202100042401";4;"20:50";"5";"06";"2";"1";"2";1;43;7
"42402";"202100042402";3;"10:45";"1";"976";"2";"1";"1";6;-12;45
"42403";"202100042403";3;"15:00";"1";"27";"1";"1";"1";7;49;0
"42404";"202100042404";4;"16:00";"1";"69";"2";"1";"1";7;45;4
"42405";"202100042405";4;"14:10";"1";"976";"1";"1";"1";1;-12;45
"42406";"202100042406";4;"13:30";"1";"77";"1";"1";"1";7;49;2
"42407";"202100042407";4;"08:16";"1";"77";"2";"3";"1";1;48;2
"42408";"202100042408";4;"15:30";"1";"91";"2";"1";"1";3;48;2
"42409";"202100042409";4;"11:30";"1";"78";"1";"1";"1";6;48;1
"42410";"202100042410";4;"08:35";"1";"19";"1";"9";"2";1;45;1
"42411";"202100042411";4;"07:30";"1";"87";"2";"9";"1";1;45;1
"42412";"202100042412";4;"08:05";"1";"14";"1";"1";"5";7;49;0
"42413";"202100042413";4;"20:45";"3";"13";"1";"1";"2";1;43;5
"42414";"202100042414";4;"08:40";"1";"59";"1";"1";"2";4;50;3
"42415";"202100042415";4;"17:30";"1";"91";"1";"1";"1";4;48;2
"42416";"202100042416";4;"09:50";"1";"91";"1";"1";"1";5;48;2
"42417";"202100042417";4;"05:20";"3";"91";"1";"1";"1";7;48;2
"42418";"202100042418";4;"19:05";"1";"94";"1";"1";"1";3;48;2
"42419";"202100042419";4;"12:20";"1";"93";"1";"1";"1";2;48;2
"42420";"202100042420";4;"16:45";"1";"60";"1";"1";"1";2;49;2
"42421";"202100042421";4;"19:05";"1";"94";"1";"1";"1";6;48;2
"42422";"202100042422";4;"09:00";"1";"75";"1";"1";"1";2;48;2
"42423";"202100042423";4;"17:35";"5";"988";"2";"1";"2";2;-22;166
"42424";"202100042424";4;"17:02";"1";"988";"1";"1";"1";2;-22;166
"42425";"202100042425";4;"17:35";"1";"974";"2";"1";"1";2;-20;55
"42426";"202100042426";4;"06:00";"3";"974";"2";"6";"1";3;-20;55
"42427";"202100042427";4;"12:50";"1";"974";"2";"1";"1";2;-20;55
"42428";"202100042428";4;"19:30";"1";"69";"2";"3";"1";3;45;4
"42429";"202100042429";4;"10:25";"1";"972";"2";"1";"1";6;14;-61
"42430";"202100042430";4;"19:00";"1";"69";"2";"9";"1";6;45;4
"42431";"202100042431";4;"18:45";"5";"971";"2";"1";"1";4;16;-61
"42432";"202100042432";4;"14:00";"1";"95";"2";"1";"1";6;49;2
"42433";"202100042433";4;"16:45";"1";"91";"2";"1";"1";2;48;2
"42434";"202100042434";4;"15:20";"1";"91";"2";"1";"1";2;48;2
"42435";"202100042435";4;"20:01";"1";"87";"2";"1";"1";6;45;1
"42436";"202100042436";4;"20:03";"1";"87";"2";"3";"1";7;45;1
"42437";"202100042437";4;"18:41";"1";"87";"2";"3";"1";2;45;1
"42438";"202100042438";4;"19:00";"1";"87";"1";"1";"1";7;45;1
"42439";"202100042439";4;"15:45";"1";"87";"2";"1";"1";7;45;1
"42440";"202100042440";4;"17:11";"1";"80";"1";"2";"1";3;49;2
"42441";"202100042441";4;"20:35";"1";"78";"2";"9";"1";2;48;2
"42442";"202100042442";4;"02:25";"5";"77";"2";"3";"1";3;48;2
"42443";"202100042443";4;"18:25";"1";"76";"2";"1";"1";1;49;1
"42444";"202100042444";4;"18:00";"1";"76";"2";"1";"1";4;49;1
"42445";"202100042445";4;"11:40";"1";"76";"2";"2";"1";3;49;0
"42446";"202100042446";4;"22:25";"5";"76";"2";"1";"1";6;49;0
"42447";"202100042447";4;"16:30";"1";"76";"2";"1";"1";7;49;0
"42448";"202100042448";4;"14:30";"1";"76";"2";"1";"1";6;49;0
"42449";"202100042449";3;"16:05";"1";"74";"2";"1";"1";6;45;6
"42450";"202100042450";4;"16:15";"1";"69";"2";"5";"1";3;45;4
"42451";"202100042451";4;"12:00";"1";"69";"2";"6";"1";3;46;4
"42452";"202100042452";4;"20:09";"5";"69";"2";"3";"1";3;45;4
"42453";"202100042453";4;"10:20";"1";"67";"2";"1";"1";2;48;7
"42454";"202100042454";4;"20:20";"2";"67";"2";"3";"1";3;48;7
"42455";"202100042455";4;"17:30";"1";"66";"2";"1";"1";3;42;2
"42456";"202100042456";3;"17:35";"1";"65";"2";"3";"2";3;43;0
"42457";"202100042457";3;"13:20";"1";"65";"2";"3";"1";3;43;0
"42458";"202100042458";4;"17:15";"1";"64";"2";"1";"2";7;43;-1
"42459";"202100042459";4;"23:15";"5";"63";"2";"1";"1";3;45;3
"42460";"202100042460";2;"18:10";"1";"62";"2";"1";"1";7;50;2
"42461";"202100042461";4;"09:40";"1";"59";"2";"1";"1";6;50;3
"42462";"202100042462";4;"19:05";"1";"59";"1";"8";"1";6;50;2
"42463";"202100042463";4;"17:50";"1";"56";"2";"3";"1";3;47;-3
"42464";"202100042464";4;"20:35";"2";"52";"2";"1";"1";6;48;4
"42465";"202100042465";4;"17:05";"1";"51";"2";"9";"1";3;49;3
"42466";"202100042466";4;"06:15";"2";"50";"2";"1";"1";7;49;-1
"42467";"202100042467";4;"10:30";"1";"45";"2";"9";"1";3;47;1
"42468";"202100042468";4;"09:45";"1";"44";"2";"1";"1";3;47;-1
"42469";"202100042469";4;"18:00";"1";"42";"2";"1";"8";3;45;4
"42470";"202100042470";4;"12:20";"1";"38";"2";"1";"1";6;45;5
"42471";"202100042471";4;"15:00";"1";"38";"2";"2";"2";3;45;5
"42472";"202100042472";4;"17:10";"1";"37";"2";"3";"1";6;47;0
"42473";"202100042473";4;"12:20";"1";"37";"2";"6";"1";6;47;0
"42474";"202100042474";4;"08:58";"1";"37";"2";"1";"1";6;47;0
"42475";"202100042475";4;"15:45";"1";"33";"2";"1";"2";3;44;0
"42476";"202100042476";4;"12:35";"1";"28";"1";"1";"1";6;48;1
"42477";"202100042477";4;"10:05";"1";"28";"2";"9";"1";6;48;1
"42478";"202100042478";4;"18:20";"1";"27";"2";"1";"1";3;49;1
"42479";"202100042479";4;"14:20";"1";"27";"2";"1";"1";7;49;1
"42480";"202100042480";4;"08:15";"1";"25";"1";"1";"1";2;46;6
"42481";"202100042481";4;"16:52";"1";"25";"2";"1";"1";2;47;6
"42482";"202100042482";4;"20:30";"1";"21";"2";"3";"1";3;47;5
"42483";"202100042483";4;"17:22";"1";"17";"2";"9";"1";6;46;-1
"42484";"202100042484";4;"18:15";"1";"14";"1";"2";"1";3;49;0
"42485";"202100042485";4;"18:45";"1";"13";"2";"1";"1";5;43;5
"42486";"202100042486";4;"17:30";"1";"13";"2";"1";"2";3;43;5
"42487";"202100042487";4;"16:50";"1";"13";"2";"3";"2";3;43;5
"42488";"202100042488";4;"14:20";"1";"13";"2";"1";"1";1;43;5
"42489";"202100042489";4;"19:20";"1";"11";"2";"2";"1";3;43;2
"42490";"202100042490";4;"11:06";"1";"10";"2";"3";"9";3;48;4
"42491";"202100042491";4;"10:08";"1";"05";"1";"1";"1";7;44;6
"42492";"202100042492";4;"09:05";"1";"05";"2";"1";"1";5;44;6
"42493";"202100042493";4;"11:35";"1";"75";"2";"3";"1";3;48;2
"42494";"202100042494";4;"19:25";"1";"75";"2";"1";"1";2;48;2
"42495";"202100042495";4;"17:00";"1";"75";"2";"3";"1";6;48;2
"42496";"202100042496";4;"10:40";"1";"75";"2";"2";"1";6;48;2
"42497";"202100042497";4;"16:50";"1";"75";"2";"1";"1";3;48;2
"42498";"202100042498";4;"15:00";"1";"75";"2";"3";"1";7;48;2
"42499";"202100042499";4;"12:30";"1";"75";"2";"3";"1";5;48;2
"42500";"202100042500";4;"12:00";"1";"75";"2";"2";"1";3;48;2
"42501";"202100042501";4;"08:40";"1";"75";"2";"1";"1";3;48;2
"42502";"202100042502";4;"16:10";"1";"75";"2";"3";"1";3;48;2
"42503";"202100042503";4;"13:10";"1";"75";"2";"2";"1";3;48;2
"42504";"202100042504";4;"18:40";"1";"75";"2";"2";"1";6;48;2
"42505";"202100042505";4;"14:35";"1";"75";"2";"1";"1";2;48;2
"42506";"202100042506";4;"18:52";"1";"75";"2";"7";"1";5;48;2
"42507";"202100042507";4;"08:00";"1";"75";"2";"2";"1";7;48;2
"42508";"202100042508";4;"13:10";"1";"75";"2";"2";"1";3;48;2
"42509";"202100042509";4;"18:00";"1";"94";"2";"2";"1";3;48;2
"42510";"202100042510";4;"18:55";"1";"94";"2";"1";"1";7;48;2
"42511";"202100042511";4;"10:40";"1";"94";"2";"1";"1";2;48;2
"42512";"202100042512";4;"03:52";"5";"93";"2";"2";"1";3;48;2
"42513";"202100042513";4;"18:44";"1";"93";"2";"1";"1";1;48;2
"42514";"202100042514";4;"19:20";"1";"93";"2";"3";"1";3;48;2
"42515";"202100042515";4;"16:45";"1";"93";"2";"1";"1";6;48;2
"42516";"202100042516";4;"18:40";"1";"92";"2";"5";"1";3;48;2
"42517";"202100042517";4;"17:00";"1";"92";"2";"7";"1";3;48;2
"42518";"202100042518";4;"08:00";"1";"35";"1";"1";"7";1;47;-2
"42519";"202100042519";4;"15:40";"1";"68";"1";"1";"1";6;48;7
"42520";"202100042520";4;"04:45";"5";"972";"2";"1";"1";6;14;-60
"42521";"202100042521";4;"11:25";"1";"59";"2";"2";"1";3;50;3
"42522";"202100042522";3;"11:35";"1";"79";"2";"1";"1";6;46;0
"42523";"202100042523";4;"11:00";"1";"80";"1";"1";"1";1;49;2
"42524";"202100042524";4;"14:30";"1";"82";"1";"1";"2";2;44;0
"42525";"202100042525";4;"00:00";"3";"11";"2";"1";"2";6;42;2
"42526";"202100042526";4;"13:40";"1";"63";"2";"1";"1";6;45;3
"42527";"202100042527";4;"17:50";"1";"61";"1";"1";"1";7;48;0
"42528";"202100042528";4;"19:00";"1";"49";"2";"2";"1";3;47;0
"42529";"202100042529";4;"08:00";"1";"49";"2";"1";"1";6;47;0
"42530";"202100042530";4;"11:50";"1";"42";"2";"1";"1";6;45;4
"42531";"202100042531";4;"17:30";"1";"68";"2";"2";"1";3;47;7
"42532";"202100042532";4;"18:58";"1";"29";"1";"2";"1";3;47;-3
"42533";"202100042533";4;"18:05";"1";"01";"1";"1";"1";1;46;5
"42534";"202100042534";4;"15:45";"1";"70";"1";"3";"7";3;47;5
"42535";"202100042535";4;"14:45";"1";"58";"1";"1";"1";1;46;3
"42536";"202100042536";4;"18:25";"1";"14";"1";"1";"1";6;49;0
"42537";"202100042537";4;"11:55";"1";"05";"1";"1";"1";7;44;6
"42538";"202100042538";4;"16:15";"1";"50";"1";"1";"1";7;49;-1
"42539";"202100042539";4;"11:00";"1";"45";"1";"1";"1";3;47;2
"42540";"202100042540";4;"10:47";"1";"10";"2";"1";"1";7;48;3
"42541";"202100042541";4;"16:40";"1";"53";"1";"1";"1";1;48;0
"42542";"202100042542";4;"18:25";"1";"53";"2";"1";"1";3;47;0
"42543";"202100042543";3;"17:55";"1";"40";"2";"1";"1";3;43;-1
"42544";"202100042544";4;"18:10";"1";"28";"2";"1";"1";3;48;1
"42545";"202100042545";4;"15:09";"1";"01";"1";"1";"1";7;46;5
"42546";"202100042546";4;"17:00";"1";"34";"2";"1";"1";7;43;3
"42547";"202100042547";4;"06:30";"2";"07";"1";"1";"1";7;44;3
"42548";"202100042548";4;"10:55";"1";"24";"1";"1";"1";1;44;0
"42549";"202100042549";4;"08:45";"1";"976";"1";"1";"1";1;-12;45
"42550";"202100042550";4;"08:25";"1";"34";"2";"1";"1";3;43;3
"42551";"202100042551";4;"18:00";"1";"84";"1";"6";"1";3;43;5
"42552";"202100042552";4;"16:05";"1";"04";"2";"1";"1";6;43;5
"42553";"202100042553";4;"09:20";"1";"13";"2";"1";"1";1;43;5
"42554";"202100042554";4;"17:20";"1";"58";"2";"1";"1";2;47;3
"42555";"202100042555";4;"12:50";"1";"88";"1";"1";"1";7;48;6
"42556";"202100042556";4;"16:30";"1";"38";"1";"1";"1";4;45;5
"42557";"202100042557";4;"15:00";"1";"49";"1";"1";"1";6;47;-1
"42558";"202100042558";4;"12:10";"1";"49";"1";"3";"1";3;47;0
"42559";"202100042559";4;"18:30";"1";"14";"2";"2";"7";3;49;0
"42560";"202100042560";4;"17:00";"1";"22";"2";"1";"7";3;48;-2
"42561";"202100042561";4;"15:40";"1";"76";"2";"1";"1";7;49;0
"42562";"202100042562";4;"15:00";"1";"13";"2";"1";"1";2;43;5
"42563";"202100042563";4;"12:37";"1";"13";"1";"1";"3";2;43;5
"42564";"202100042564";4;"09:15";"1";"33";"1";"1";"1";2;44;0
"42565";"202100042565";4;"18:21";"1";"59";"1";"1";"1";6;50;3
"42566";"202100042566";4;"19:15";"1";"91";"1";"1";"1";2;48;2
"42567";"202100042567";4;"07:50";"1";"92";"1";"1";"1";2;48;2
"42568";"202100042568";4;"18:00";"1";"94";"1";"1";"1";4;48;2
"42569";"202100042569";4;"07:45";"1";"94";"1";"1";"1";3;48;2
"42570";"202100042570";4;"07:20";"1";"988";"1";"1";"1";5;-22;166
"42571";"202100042571";4;"17:30";"1";"974";"1";"1";"1";3;-21;55
"42572";"202100042572";4;"11:25";"1";"974";"1";"1";"1";4;-20;55
"42573";"202100042573";4;"13:00";"1";"973";"2";"1";"2";7;4;-52
"42574";"202100042574";4;"03:55";"3";"972";"1";"1";"1";6;14;-60
"42575";"202100042575";4;"17:34";"1";"69";"2";"1";"1";3;45;4
"42576";"202100042576";4;"17:31";"1";"2B";"1";"1";"1";3;42;9
"42577";"202100042577";4;"21:12";"5";"971";"2";"1";"1";6;16;-61
"42578";"202100042578";4;"16:13";"1";"91";"2";"1";"1";2;48;2
"42579";"202100042579";4;"06:20";"1";"91";"1";"1";"1";3;48;2
"42580";"202100042580";4;"19:00";"1";"91";"2";"1";"1";6;48;2
"42581";"202100042581";4;"14:25";"1";"81";"2";"2";"1";3;43;2
"42582";"202100042582";4;"15:40";"1";"76";"2";"2";"1";3;49;1
"42583";"202100042583";4;"18:00";"1";"69";"2";"1";"1";2;45;4
"42584";"202100042584";4;"16:10";"1";"64";"2";"1";"1";6;43;-1
"42585";"202100042585";4;"18:45";"1";"64";"2";"1";"1";2;43;-1
"42586";"202100042586";4;"17:30";"1";"46";"2";"2";"1";3;44;1
"42587";"202100042587";4;"16:35";"1";"45";"2";"1";"1";6;47;1
"42588";"202100042588";4;"15:30";"1";"45";"2";"3";"1";1;47;1
"42589";"202100042589";4;"18:15";"1";"37";"2";"3";"1";6;47;0
"42590";"202100042590";4;"10:15";"1";"37";"2";"2";"1";6;47;0
"42591";"202100042591";4;"18:55";"1";"35";"1";"1";"1";6;48;-1
"42592";"202100042592";4;"17:20";"1";"33";"2";"2";"2";3;44;-1
"42593";"202100042593";4;"22:40";"5";"31";"2";"3";"1";3;43;1
"42594";"202100042594";4;"22:50";"5";"31";"2";"2";"1";3;43;1
"42595";"202100042595";4;"13:40";"1";"29";"2";"1";"1";1;47;-4
"42596";"202100042596";4;"12:15";"1";"27";"2";"1";"1";7;49;1
"42597";"202100042597";4;"17:55";"1";"27";"2";"1";"1";2;49;1
"42598";"202100042598";4;"23:50";"5";"13";"2";"1";"1";7;43;5
"42599";"202100042599";4;"10:40";"1";"13";"2";"1";"1";6;43;5
"42600";"202100042600";4;"16:00";"1";"07";"1";"6";"1";3;44;4
"42601";"202100042601";4;"02:40";"5";"75";"2";"2";"1";3;48;2
"42602";"202100042602";4;"12:50";"1";"75";"2";"2";"1";3;48;2
"42603";"202100042603";4;"10:45";"1";"75";"2";"2";"1";3;48;2
"42604";"202100042604";4;"07:30";"1";"75";"2";"4";"1";6;48;2
"42605";"202100042605";4;"17:42";"1";"75";"2";"1";"1";3;48;2
"42606";"202100042606";4;"19:30";"1";"94";"2";"9";"1";1;48;2
"42607";"202100042607";4;"15:00";"1";"94";"2";"1";"1";2;48;2
"42608";"202100042608";4;"19:05";"1";"94";"2";"3";"1";3;48;2
"42609";"202100042609";4;"01:05";"5";"93";"2";"4";"1";3;48;2
"42610";"202100042610";4;"18:00";"1";"93";"2";"9";"1";6;48;2
"42611";"202100042611";4;"12:35";"1";"92";"2";"3";"1";6;48;2
"42612";"202100042612";4;"11:42";"1";"92";"2";"1";"1";7;48;2
"42613";"202100042613";4;"15:15";"1";"92";"2";"1";"1";7;48;2
"42614";"202100042614";4;"10:20";"1";"92";"2";"6";"7";7;48;2
"42615";"202100042615";4;"23:40";"3";"92";"2";"3";"1";3;48;2
"42616";"202100042616";4;"13:20";"1";"92";"2";"3";"1";3;48;2
"42617";"202100042617";4;"16:55";"1";"92";"2";"3";"1";5;48;2
"42618";"202100042618";4;"13:00";"1";"35";"1";"1";"1";1;47;-1
"42619";"202100042619";4;"18:09";"1";"80";"1";"1";"1";7;50;2
"42620";"202100042620";4;"15:50";"1";"22";"1";"2";"1";3;48;-2
"42621";"202100042621";4;"13:20";"1";"41";"1";"1";"1";6;47;1
"42622";"202100042622";4;"06:40";"2";"11";"1";"1";"1";6;43;1
"42623";"202100042623";4;"14:10";"1";"45";"2";"1";"1";6;48;2
"42624";"202100042624";4;"16:00";"1";"33";"2";"3";"1";4;44;0
"42625";"202100042625";4;"16:00";"1";"42";"1";"1";"1";3;45;4
"42626";"202100042626";4;"18:30";"1";"57";"1";"1";"1";2;48;6
"42627";"202100042627";4;"16:40";"1";"974";"2";"9";"8";3;-21;55
"42628";"202100042628";4;"08:25";"1";"34";"1";"1";"1";6;43;3
"42629";"202100042629";4;"15:05";"1";"62";"2";"1";"1";7;50;2
"42630";"202100042630";4;"12:15";"1";"69";"1";"1";"8";1;45;4
"42631";"202100042631";4;"15:40";"1";"83";"1";"1";"1";6;43;6
"42632";"202100042632";4;"19:30";"3";"51";"1";"1";"1";7;48;3
"42633";"202100042633";4;"02:00";"3";"19";"1";"9";"1";7;45;1
"42634";"202100042634";4;"15:00";"1";"31";"1";"1";"3";6;43;1
"42635";"202100042635";4;"19:00";"1";"2B";"1";"1";"1";6;42;9
"42636";"202100042636";4;"17:30";"1";"33";"1";"1";"1";6;45;-1
"42637";"202100042637";4;"19:30";"1";"14";"1";"1";"1";7;49;0
"42638";"202100042638";4;"12:00";"1";"05";"1";"1";"1";7;44;6
"42639";"202100042639";4;"18:45";"1";"50";"1";"2";"1";4;49;-1
"42640";"202100042640";4;"10:06";"1";"64";"2";"6";"8";3;43;-1
"42641";"202100042641";4;"17:30";"1";"18";"2";"5";"1";1;47;2
"42642";"202100042642";4;"16:30";"1";"28";"1";"9";"1";7;48;1
"42643";"202100042643";4;"11:49";"1";"974";"2";"6";"1";3;-21;55
"42644";"202100042644";4;"18:30";"5";"987";"2";"1";"1";6;-17;-149
"42645";"202100042645";4;"06:35";"2";"02";"1";"1";"1";6;49;3
"42646";"202100042646";4;"18:00";"1";"27";"1";"1";"1";6;49;1
"42647";"202100042647";4;"08:00";"1";"987";"2";"1";"1";6;-17;-149
"42648";"202100042648";4;"13:37";"1";"13";"2";"6";"1";1;43;5
"42649";"202100042649";4;"18:40";"1";"77";"1";"1";"1";7;48;2
"42650";"202100042650";4;"18:20";"1";"91";"1";"1";"1";1;48;2
"42651";"202100042651";4;"15:20";"1";"70";"2";"1";"1";1;47;5
"42652";"202100042652";4;"20:13";"1";"74";"1";"1";"1";6;46;6