"";"Num_Acc";"mois";"hrmn";"lum";"dep";"agg";"int";"atm";"col";"lat";"long"
"42653";"202100042653";4;"19:30";"3";"01";"1";"1";"1";7;45;5
"42654";"202100042654";4;"17:15";"1";"13";"1";"1";"1";3;43;5
"42655";"202100042655";4;"01:36";"3";"13";"1";"1";"1";3;43;5
"42656";"202100042656";4;"22:00";"3";"69";"1";"1";"1";2;45;4
"42657";"202100042657";4;"20:30";"2";"69";"1";"1";"1";4;45;4
"42658";"202100042658";4;"00:50";"3";"42";"1";"1";"1";6;45;4
"42659";"202100042659";4;"16:25";"1";"57";"1";"1";"1";6;49;6
"42660";"202100042660";4;"20:39";"1";"92";"1";"1";"1";3;48;2
"42661";"202100042661";4;"18:40";"1";"93";"1";"1";"1";6;48;2
"42662";"202100042662";4;"16:30";"1";"93";"1";"1";"1";6;48;2
"42663";"202100042663";4;"06:00";"2";"77";"1";"1";"1";6;48;2
"42664";"202100042664";4;"17:20";"1";"988";"2";"6";"1";2;-22;166
"42665";"202100042665";4;"18:00";"3";"988";"2";"2";"1";3;-22;166
"42666";"202100042666";4;"18:40";"3";"974";"1";"1";"2";2;-21;55
"42667";"202100042667";4;"22:30";"5";"69";"2";"2";"1";3;45;4
"42668";"202100042668";4;"17:50";"1";"69";"2";"1";"1";1;45;4
"42669";"202100042669";4;"08:55";"1";"972";"1";"1";"1";3;14;-60
"42670";"202100042670";4;"11:50";"1";"971";"1";"1";"1";1;16;-61
"42671";"202100042671";4;"11:10";"1";"971";"2";"1";"1";6;16;-61
"42672";"202100042672";4;"09:00";"1";"971";"2";"1";"1";3;16;-61
"42673";"202100042673";4;"13:50";"1";"91";"1";"1";"1";7;48;2
"42674";"202100042674";4;"01:05";"5";"83";"2";"2";"1";3;43;5
"42675";"202100042675";4;"08:08";"1";"79";"2";"2";"1";2;46;0
"42676";"202100042676";4;"15:30";"1";"78";"1";"1";"1";2;48;2
"42677";"202100042677";4;"11:30";"1";"77";"2";"1";"1";6;48;2
"42678";"202100042678";4;"16:25";"1";"74";"2";"1";"1";6;46;6
"42679";"202100042679";4;"23:40";"3";"71";"1";"1";"1";6;46;4
"42680";"202100042680";4;"18:55";"1";"71";"1";"1";"1";6;46;4
"42681";"202100042681";4;"21:30";"3";"71";"1";"6";"1";6;46;4
"42682";"202100042682";4;"15:40";"1";"64";"2";"3";"1";3;43;0
"42683";"202100042683";4;"18:20";"1";"60";"2";"9";"1";7;49;2
"42684";"202100042684";4;"22:15";"5";"54";"2";"4";"1";3;48;6
"42685";"202100042685";4;"18:45";"1";"49";"2";"2";"1";3;47;0
"42686";"202100042686";4;"14:30";"1";"47";"2";"1";"7";6;44;0
"42687";"202100042687";4;"15:20";"1";"35";"2";"1";"1";6;48;-1
"42688";"202100042688";4;"19:00";"1";"35";"2";"1";"1";3;48;-1
"42689";"202100042689";4;"10:30";"1";"17";"1";"1";"1";7;46;-1
"42690";"202100042690";4;"22:50";"5";"13";"2";"1";"1";2;43;5
"42691";"202100042691";4;"15:00";"1";"13";"2";"1";"1";3;43;5
"42692";"202100042692";4;"13:20";"1";"13";"2";"1";"1";6;43;5
"42693";"202100042693";4;"12:10";"1";"07";"1";"1";"1";6;44;4
"42694";"202100042694";4;"17:30";"5";"75";"2";"1";"1";4;48;2
"42695";"202100042695";4;"19:45";"1";"75";"2";"4";"1";1;48;2
"42696";"202100042696";4;"18:19";"1";"75";"2";"2";"1";6;48;2
"42697";"202100042697";4;"13:15";"1";"75";"2";"4";"1";6;48;2
"42698";"202100042698";4;"10:20";"1";"75";"2";"2";"1";3;48;2
"42699";"202100042699";4;"13:10";"1";"75";"2";"1";"1";4;48;2
"42700";"202100042700";4;"11:15";"1";"75";"2";"7";"1";3;48;2
"42701";"202100042701";4;"15:55";"1";"75";"2";"3";"1";6;48;2
"42702";"202100042702";4;"13:00";"1";"75";"2";"3";"1";3;48;2
"42703";"202100042703";4;"12:20";"1";"75";"2";"1";"1";3;48;2
"42704";"202100042704";4;"10:45";"1";"75";"2";"1";"1";3;48;2
"42705";"202100042705";4;"19:00";"1";"75";"2";"4";"1";3;48;2
"42706";"202100042706";4;"15:55";"1";"75";"2";"3";"1";3;48;2
"42707";"202100042707";4;"16:26";"1";"75";"2";"3";"1";2;48;2
"42708";"202100042708";4;"15:45";"1";"75";"2";"5";"1";2;48;2
"42709";"202100042709";4;"19:15";"1";"94";"2";"1";"1";6;48;2
"42710";"202100042710";4;"17:45";"1";"94";"2";"1";"1";6;48;2
"42711";"202100042711";4;"18:45";"1";"94";"2";"1";"1";6;48;2
"42712";"202100042712";4;"20:00";"1";"94";"2";"1";"1";6;48;2
"42713";"202100042713";4;"20:05";"1";"93";"2";"6";"1";6;48;2
"42714";"202100042714";4;"17:30";"1";"93";"2";"1";"1";2;48;2
"42715";"202100042715";4;"14:00";"1";"93";"2";"1";"1";4;48;2
"42716";"202100042716";4;"18:30";"1";"93";"2";"3";"1";6;48;2
"42717";"202100042717";4;"17:55";"1";"93";"2";"1";"1";6;48;2
"42718";"202100042718";4;"14:40";"1";"93";"2";"1";"1";6;48;2
"42719";"202100042719";4;"18:55";"1";"92";"2";"1";"1";2;48;2
"42720";"202100042720";4;"15:00";"1";"92";"2";"9";"1";3;48;2
"42721";"202100042721";4;"01:30";"5";"92";"2";"1";"1";6;48;2
"42722";"202100042722";4;"23:45";"5";"92";"2";"1";"1";6;48;2
"42723";"202100042723";4;"18:35";"1";"92";"2";"2";"1";3;48;2
"42724";"202100042724";4;"17:20";"1";"92";"2";"3";"1";2;48;2
"42725";"202100042725";4;"18:20";"1";"92";"2";"1";"1";6;48;2
"42726";"202100042726";4;"21:50";"5";"973";"2";"1";"1";3;3;-54
"42727";"202100042727";4;"18:20";"1";"33";"1";"1";"1";6;44;0
"42728";"202100042728";4;"16:55";"1";"18";"1";"1";"1";7;47;2
"42729";"202100042729";4;"12:01";"1";"01";"1";"1";"1";2;45;4
"42730";"202100042730";4;"17:55";"1";"67";"1";"1";"1";6;48;7
"42731";"202100042731";4;"19:50";"1";"17";"1";"1";"1";7;46;-1
"42732";"202100042732";4;"17:30";"1";"62";"2";"2";"1";1;50;2
"42733";"202100042733";4;"17:30";"1";"57";"1";"1";"1";1;49;6
"42734";"202100042734";4;"18:00";"1";"74";"2";"1";"1";1;45;6
"42735";"202100042735";4;"16:36";"1";"74";"1";"1";"1";3;45;5
"42736";"202100042736";4;"16:10";"1";"76";"1";"1";"1";6;49;0
"42737";"202100042737";4;"14:20";"1";"79";"1";"1";"1";7;46;0
"42738";"202100042738";4;"17:19";"1";"80";"1";"1";"1";6;50;2
"42739";"202100042739";4;"16:30";"1";"69";"2";"3";"1";3;46;4
"42740";"202100042740";4;"16:40";"1";"81";"2";"1";"1";6;43;2
"42741";"202100042741";4;"03:00";"3";"81";"1";"1";"1";6;43;2
"42742";"202100042742";4;"17:30";"1";"11";"1";"1";"1";7;42;2
"42743";"202100042743";4;"14:05";"1";"63";"1";"1";"1";1;46;2
"42744";"202100042744";4;"17:35";"1";"49";"1";"6";"1";2;47;0
"42745";"202100042745";4;"18:15";"1";"12";"1";"1";"1";6;44;2
"42746";"202100042746";4;"16:10";"1";"25";"1";"1";"7";6;47;6
"42747";"202100042747";4;"17:30";"1";"25";"2";"1";"1";7;47;6
"42748";"202100042748";4;"12:00";"1";"25";"1";"2";"1";3;47;5
"42749";"202100042749";4;"11:30";"1";"29";"1";"2";"1";1;48;-3
"42750";"202100042750";4;"16:30";"1";"38";"2";"1";"1";7;45;4
"42751";"202100042751";4;"21:30";"5";"38";"1";"1";"1";1;44;5
"42752";"202100042752";4;"15:30";"1";"03";"1";"1";"1";6;46;3
"42753";"202100042753";4;"19:00";"3";"03";"1";"1";"1";7;46;2
"42754";"202100042754";4;"19:25";"2";"72";"2";"9";"7";3;48;0
"42755";"202100042755";4;"15:36";"1";"06";"2";"1";"1";6;43;7
"42756";"202100042756";4;"13:55";"1";"60";"1";"1";"1";7;49;2
"42757";"202100042757";4;"10:50";"1";"60";"2";"1";"1";6;49;2
"42758";"202100042758";4;"11:15";"1";"45";"1";"1";"1";3;47;2
"42759";"202100042759";4;"08:30";"1";"64";"2";"1";"8";7;43;-1
"42760";"202100042760";4;"06:40";"2";"64";"1";"1";"1";6;43;-1
"42761";"202100042761";4;"16:17";"1";"73";"2";"1";"7";6;45;5
"42762";"202100042762";3;"09:00";"1";"85";"1";"1";"1";6;46;-1
"42763";"202100042763";4;"15:20";"1";"28";"1";"3";"1";3;48;1
"42764";"202100042764";4;"16:31";"1";"45";"1";"1";"1";6;47;2
"42765";"202100042765";4;"19:10";"2";"13";"1";"3";"1";3;43;5
"42766";"202100042766";4;"20:10";"2";"95";"2";"1";"1";6;49;2
"42767";"202100042767";4;"02:00";"3";"13";"1";"1";"1";7;43;5
"42768";"202100042768";4;"15:57";"1";"72";"1";"1";"1";6;48;0
"42769";"202100042769";4;"15:25";"1";"69";"1";"1";"1";3;45;4
"42770";"202100042770";4;"07:50";"1";"95";"2";"1";"1";2;49;2
"42771";"202100042771";4;"01:50";"3";"988";"1";"3";"1";1;-22;166
"42772";"202100042772";3;"10:30";"1";"977";"2";"1";"1";3;17;-62
"42773";"202100042773";4;"18:00";"1";"91";"1";"1";"1";7;48;2
"42774";"202100042774";4;"14:45";"1";"91";"2";"2";"1";1;48;2
"42775";"202100042775";4;"21:25";"3";"78";"1";"1";"1";7;49;1
"42776";"202100042776";4;"16:30";"1";"2A";"1";"1";"1";7;41;9
"42777";"202100042777";4;"17:00";"1";"34";"1";"1";"1";6;43;3
"42778";"202100042778";4;"18:45";"1";"83";"1";"1";"1";1;43;5
"42779";"202100042779";4;"16:40";"1";"13";"1";"1";"1";1;43;5
"42780";"202100042780";4;"13:10";"1";"88";"1";"1";"1";7;48;5
"42781";"202100042781";4;"11:40";"1";"03";"1";"1";"1";6;46;3
"42782";"202100042782";4;"13:00";"1";"26";"1";"1";"1";6;45;5
"42783";"202100042783";4;"16:00";"1";"01";"2";"2";"1";3;46;6
"42784";"202100042784";4;"00:20";"3";"79";"1";"1";"1";7;46;0
"42785";"202100042785";4;"16:55";"1";"33";"2";"1";"1";6;45;0
"42786";"202100042786";4;"18:30";"1";"33";"1";"1";"1";6;44;0
"42787";"202100042787";4;"16:00";"1";"14";"1";"1";"1";6;49;0
"42788";"202100042788";4;"20:40";"2";"35";"2";"1";"1";6;48;-1
"42789";"202100042789";4;"15:25";"1";"60";"1";"1";"1";7;49;2
"42790";"202100042790";4;"18:10";"1";"60";"1";"1";"1";7;49;1
"42791";"202100042791";4;"14:50";"1";"62";"1";"1";"1";2;50;1
"42792";"202100042792";4;"19:20";"1";"13";"1";"1";"1";6;43;5
"42793";"202100042793";4;"11:15";"1";"91";"1";"1";"1";6;48;2
"42794";"202100042794";4;"08:00";"1";"91";"1";"1";"1";1;48;2
"42795";"202100042795";4;"20:05";"1";"91";"1";"1";"1";6;48;2
"42796";"202100042796";4;"17:10";"1";"93";"1";"1";"1";2;48;2
"42797";"202100042797";4;"13:30";"1";"95";"1";"1";"1";6;49;2
"42798";"202100042798";4;"03:20";"3";"92";"1";"1";"1";2;48;2
"42799";"202100042799";4;"10:15";"1";"93";"1";"1";"1";4;48;2
"42800";"202100042800";4;"06:28";"1";"976";"2";"1";"1";2;-12;45
"42801";"202100042801";4;"20:35";"3";"974";"1";"9";"8";7;-21;55
"42802";"202100042802";4;"19:35";"3";"974";"2";"9";"1";3;-20;55
"42803";"202100042803";4;"16:00";"1";"974";"2";"1";"1";3;-20;55
"42804";"202100042804";4;"16:52";"1";"973";"2";"1";"2";7;4;-52
"42805";"202100042805";4;"12:50";"1";"973";"2";"2";"1";3;4;-52
"42806";"202100042806";4;"10:05";"1";"973";"2";"1";"1";3;4;-52
"42807";"202100042807";4;"19:00";"1";"69";"2";"1";"1";6;45;4
"42808";"202100042808";4;"19:30";"1";"69";"2";"2";"7";3;45;4
"42809";"202100042809";4;"17:15";"1";"69";"2";"2";"1";1;45;4
"42810";"202100042810";4;"15:00";"1";"972";"2";"1";"1";3;14;-60
"42811";"202100042811";4;"21:35";"5";"69";"2";"2";"1";3;45;4
"42812";"202100042812";4;"12:25";"1";"69";"2";"3";"1";1;45;4
"42813";"202100042813";4;"20:00";"1";"69";"2";"2";"1";3;45;4
"42814";"202100042814";4;"08:40";"1";"971";"1";"1";"1";2;16;-61
"42815";"202100042815";4;"17:05";"1";"91";"2";"1";"1";7;48;2
"42816";"202100042816";4;"05:55";"5";"91";"2";"3";"1";6;48;2
"42817";"202100042817";4;"17:40";"1";"91";"2";"1";"1";6;48;2
"42818";"202100042818";4;"21:25";"2";"91";"2";"1";"1";3;48;2
"42819";"202100042819";4;"18:25";"1";"90";"2";"8";"1";6;47;6
"42820";"202100042820";2;"14:05";"1";"88";"1";"1";"1";7;48;6
"42821";"202100042821";4;"20:17";"1";"87";"2";"1";"1";6;45;1
"42822";"202100042822";4;"11:50";"1";"85";"1";"1";"1";3;46;-1
"42823";"202100042823";4;"09:15";"1";"82";"2";"1";"1";3;44;1
"42824";"202100042824";4;"17:05";"1";"80";"2";"1";"1";1;49;2
"42825";"202100042825";4;"17:34";"1";"80";"2";"1";"1";6;49;2
"42826";"202100042826";4;"14:20";"1";"78";"2";"2";"1";3;48;2
"42827";"202100042827";4;"16:30";"1";"78";"2";"1";"1";2;48;2
"42828";"202100042828";4;"18:53";"1";"76";"2";"2";"1";3;49;1
"42829";"202100042829";4;"08:10";"1";"76";"2";"2";"1";3;49;1
"42830";"202100042830";4;"02:10";"5";"76";"2";"1";"1";6;49;1
"42831";"202100042831";4;"21:15";"3";"76";"2";"3";"1";7;49;1
"42832";"202100042832";4;"10:45";"1";"76";"2";"1";"1";7;49;0
"42833";"202100042833";4;"19:50";"1";"74";"1";"1";"1";7;46;6
"42834";"202100042834";4;"20:15";"1";"72";"2";"1";"1";3;47;0
"42835";"202100042835";4;"18:20";"1";"71";"2";"2";"1";3;46;4
"42836";"202100042836";4;"08:28";"1";"71";"2";"1";"1";1;46;4
"42837";"202100042837";4;"18:20";"1";"69";"2";"3";"1";3;45;4
"42838";"202100042838";4;"10:50";"1";"68";"2";"2";"1";3;47;7
"42839";"202100042839";4;"16:25";"1";"68";"2";"1";"1";6;48;7
"42840";"202100042840";4;"14:50";"1";"68";"2";"1";"1";6;48;7
"42841";"202100042841";4;"12:50";"1";"67";"2";"8";"1";3;48;7
"42842";"202100042842";4;"16:00";"1";"67";"2";"8";"1";1;48;7
"42843";"202100042843";4;"14:33";"1";"67";"2";"8";"1";1;48;7
"42844";"202100042844";4;"12:22";"1";"66";"2";"1";"1";6;42;2
"42845";"202100042845";4;"19:05";"1";"66";"2";"1";"1";6;42;2
"42846";"202100042846";4;"18:35";"1";"66";"2";"1";"1";6;42;2
"42847";"202100042847";4;"15:00";"1";"66";"2";"1";"1";3;42;2
"42848";"202100042848";4;"10:47";"1";"65";"2";"1";"1";6;43;0
"42849";"202100042849";4;"09:45";"1";"64";"2";"1";"1";3;43;-1
"42850";"202100042850";4;"18:45";"1";"64";"2";"6";"1";3;43;0
"42851";"202100042851";4;"16:20";"1";"64";"2";"3";"1";3;43;0
"42852";"202100042852";4;"17:20";"1";"64";"2";"2";"1";3;43;0
"42853";"202100042853";4;"12:30";"1";"64";"2";"6";"1";3;43;-1
"42854";"202100042854";4;"17:10";"1";"62";"1";"1";"1";3;50;1
"42855";"202100042855";4;"14:40";"1";"62";"2";"1";"1";1;50;1
"42856";"202100042856";4;"13:50";"1";"62";"2";"1";"1";3;50;2
"42857";"202100042857";4;"16:42";"1";"61";"2";"1";"1";2;48;0
"42858";"202100042858";4;"19:30";"1";"60";"2";"1";"1";6;49;2
"42859";"202100042859";4;"18:25";"1";"60";"2";"1";"1";6;49;2
"42860";"202100042860";4;"20:15";"1";"59";"2";"3";"1";1;50;3
"42861";"202100042861";4;"15:55";"1";"59";"1";"1";"1";1;50;3
"42862";"202100042862";4;"17:50";"1";"59";"2";"9";"1";7;50;3
"42863";"202100042863";4;"18:45";"1";"59";"2";"2";"1";3;50;3
"42864";"202100042864";4;"18:32";"1";"57";"2";"2";"1";5;49;6
"42865";"202100042865";4;"17:05";"1";"56";"2";"6";"1";2;47;-2
"42866";"202100042866";4;"20:23";"1";"56";"2";"1";"1";6;47;-3
"42867";"202100042867";4;"19:25";"1";"56";"2";"3";"1";3;47;-3
"42868";"202100042868";4;"12:55";"1";"54";"2";"2";"1";3;48;6
"42869";"202100042869";4;"12:32";"1";"51";"2";"6";"1";7;49;4
"42870";"202100042870";4;"11:30";"1";"49";"1";"3";"1";3;47;0
"42871";"202100042871";4;"18:31";"1";"49";"2";"1";"1";7;47;0
"42872";"202100042872";4;"13:22";"1";"49";"2";"6";"1";3;47;0
"42873";"202100042873";4;"18:40";"1";"42";"2";"1";"1";5;45;4
"42874";"202100042874";4;"18:50";"1";"38";"2";"1";"1";6;45;5
"42875";"202100042875";4;"19:47";"1";"37";"2";"1";"1";7;47;0
"42876";"202100042876";4;"14:11";"1";"37";"2";"2";"1";6;47;0
"42877";"202100042877";4;"14:45";"1";"37";"2";"1";"7";6;47;0
"42878";"202100042878";4;"09:00";"1";"37";"2";"3";"1";6;47;0
"42879";"202100042879";4;"10:50";"1";"37";"2";"6";"1";6;47;0
"42880";"202100042880";4;"15:40";"1";"33";"2";"1";"1";4;44;0
"42881";"202100042881";4;"16:51";"1";"33";"2";"1";"1";6;44;-1
"42882";"202100042882";4;"10:00";"1";"31";"2";"2";"1";3;43;1
"42883";"202100042883";4;"09:30";"1";"29";"2";"6";"1";3;48;-4
"42884";"202100042884";4;"10:55";"1";"27";"2";"3";"1";3;49;1
"42885";"202100042885";3;"14:17";"1";"27";"1";"1";"1";1;49;1
"42886";"202100042886";4;"15:15";"1";"27";"2";"3";"1";3;49;1
"42887";"202100042887";4;"18:33";"1";"25";"2";"3";"1";2;47;6
"42888";"202100042888";4;"17:20";"1";"19";"2";"1";"1";7;45;1
"42889";"202100042889";4;"23:05";"5";"13";"2";"1";"1";3;43;5
"42890";"202100042890";4;"21:30";"5";"13";"2";"2";"1";3;43;5
"42891";"202100042891";4;"20:21";"2";"13";"2";"1";"1";7;43;5
"42892";"202100042892";4;"12:30";"1";"13";"2";"1";"1";3;43;5
"42893";"202100042893";4;"23:20";"5";"13";"2";"3";"1";6;43;5
"42894";"202100042894";4;"18:10";"1";"11";"2";"1";"1";7;43;2
"42895";"202100042895";4;"16:10";"1";"10";"2";"3";"1";3;48;4
"42896";"202100042896";4;"16:15";"1";"10";"2";"1";"1";5;48;4
"42897";"202100042897";4;"10:37";"1";"10";"2";"1";"1";3;48;4
"42898";"202100042898";4;"18:40";"1";"08";"1";"1";"1";6;49;4
"42899";"202100042899";4;"17:15";"1";"07";"1";"1";"1";7;44;4
"42900";"202100042900";4;"12:17";"1";"06";"2";"9";"1";3;43;7
"42901";"202100042901";4;"17:24";"1";"05";"1";"1";"1";7;44;6
"42902";"202100042902";4;"18:20";"1";"75";"2";"4";"1";2;48;2
"42903";"202100042903";4;"15:45";"1";"75";"2";"1";"1";5;48;2
"42904";"202100042904";4;"16:55";"1";"75";"2";"1";"1";2;48;2
"42905";"202100042905";4;"20:06";"1";"75";"2";"2";"1";6;48;2
"42906";"202100042906";4;"13:10";"1";"75";"2";"1";"1";6;48;2
"42907";"202100042907";4;"09:40";"1";"75";"2";"1";"1";2;48;2
"42908";"202100042908";4;"00:10";"5";"75";"2";"5";"1";6;48;2
"42909";"202100042909";4;"14:00";"1";"75";"2";"2";"1";3;48;2
"42910";"202100042910";4;"19:45";"1";"75";"2";"7";"1";6;48;2
"42911";"202100042911";4;"19:45";"1";"75";"2";"1";"1";1;48;2
"42912";"202100042912";4;"11:50";"1";"75";"2";"3";"1";2;48;2
"42913";"202100042913";4;"11:15";"1";"75";"2";"1";"1";6;48;2
"42914";"202100042914";4;"09:45";"1";"75";"2";"2";"1";2;48;2
"42915";"202100042915";4;"22:10";"5";"75";"2";"3";"1";2;48;2
"42916";"202100042916";4;"13:22";"1";"75";"2";"2";"1";6;48;2
"42917";"202100042917";4;"20:05";"1";"75";"2";"3";"1";3;48;2
"42918";"202100042918";4;"09:16";"1";"75";"2";"2";"1";6;48;2
"42919";"202100042919";4;"12:50";"1";"94";"2";"1";"1";6;48;2
"42920";"202100042920";4;"18:50";"1";"94";"2";"2";"1";3;48;2
"42921";"202100042921";4;"18:05";"1";"94";"2";"3";"1";1;48;2
"42922";"202100042922";4;"09:50";"1";"94";"2";"1";"1";3;48;2
"42923";"202100042923";4;"08:30";"1";"94";"2";"2";"1";4;48;2
"42924";"202100042924";4;"21:20";"5";"94";"2";"1";"1";1;48;2
"42925";"202100042925";4;"07:57";"1";"94";"2";"1";"1";3;48;2
"42926";"202100042926";4;"16:00";"1";"94";"2";"1";"1";6;48;2
"42927";"202100042927";4;"05:20";"5";"93";"2";"2";"1";3;48;2
"42928";"202100042928";4;"17:05";"1";"93";"2";"9";"1";3;48;2
"42929";"202100042929";4;"10:45";"1";"93";"2";"2";"1";6;48;2
"42930";"202100042930";4;"14:20";"1";"93";"2";"1";"1";3;48;2
"42931";"202100042931";4;"10:30";"1";"93";"2";"3";"1";6;48;2
"42932";"202100042932";4;"09:00";"1";"93";"2";"3";"1";6;48;2
"42933";"202100042933";4;"18:20";"1";"93";"2";"5";"1";3;48;2
"42934";"202100042934";4;"16:30";"1";"92";"2";"1";"1";2;48;2
"42935";"202100042935";4;"14:45";"1";"92";"2";"3";"1";3;48;2
"42936";"202100042936";4;"21:10";"5";"92";"2";"3";"1";2;48;2
"42937";"202100042937";4;"15:00";"1";"92";"2";"1";"1";1;48;2
"42938";"202100042938";4;"13:25";"1";"92";"2";"2";"1";3;48;2
"42939";"202100042939";4;"13:35";"1";"92";"2";"3";"1";3;48;2
"42940";"202100042940";4;"11:54";"1";"92";"2";"2";"1";6;48;2
"42941";"202100042941";4;"17:35";"1";"47";"1";"1";"1";7;44;0
"42942";"202100042942";4;"17:51";"1";"31";"2";"1";"1";1;43;1
"42943";"202100042943";4;"18:30";"1";"68";"2";"1";"1";1;48;7
"42944";"202100042944";4;"18:20";"1";"69";"2";"3";"1";3;45;5
"42945";"202100042945";4;"15:05";"1";"972";"1";"1";"1";1;14;-60
"42946";"202100042946";4;"12:58";"1";"88";"2";"2";"1";3;48;7
"42947";"202100042947";4;"17:20";"1";"51";"2";"1";"1";7;49;4
"42948";"202100042948";4;"15:30";"1";"84";"2";"1";"1";3;43;5
"42949";"202100042949";4;"11:15";"1";"71";"1";"1";"1";5;46;4
"42950";"202100042950";4;"14:50";"1";"38";"1";"1";"1";6;44;5
"42951";"202100042951";4;"19:50";"1";"77";"1";"1";"1";6;48;3
"42952";"202100042952";4;"12:00";"1";"51";"2";"2";"1";3;48;4
"42953";"202100042953";4;"11:35";"1";"76";"1";"3";"1";3;49;1
"42954";"202100042954";4;"11:50";"1";"79";"1";"1";"1";1;46;0
"42955";"202100042955";4;"18:05";"1";"80";"1";"2";"1";3;49;2
"42956";"202100042956";4;"17:50";"1";"69";"1";"1";"1";1;46;4
"42957";"202100042957";4;"00:15";"3";"71";"1";"1";"1";6;46;4
"42958";"202100042958";4;"16:50";"1";"71";"2";"1";"1";7;46;4
"42959";"202100042959";4;"18:45";"1";"61";"1";"3";"1";3;48;0
"42960";"202100042960";4;"08:20";"1";"12";"1";"1";"1";7;44;2
"42961";"202100042961";4;"09:30";"1";"42";"1";"4";"1";3;45;4
"42962";"202100042962";4;"01:50";"3";"42";"1";"1";"1";6;45;4
"42963";"202100042963";4;"01:30";"3";"44";"1";"1";"1";2;47;-1
"42964";"202100042964";4;"15:25";"1";"35";"1";"1";"1";6;48;-1
"42965";"202100042965";4;"17:45";"1";"31";"1";"1";"1";1;43;1
"42966";"202100042966";4;"12:10";"1";"84";"2";"1";"1";2;43;5
"42967";"202100042967";4;"16:05";"1";"15";"1";"2";"1";1;44;2
"42968";"202100042968";4;"16:45";"1";"70";"2";"1";"1";6;47;6
"42969";"202100042969";4;"01:40";"3";"58";"1";"1";"1";6;47;3
"42970";"202100042970";4;"09:15";"1";"27";"1";"1";"1";1;49;0
"42971";"202100042971";4;"18:00";"1";"27";"1";"2";"1";6;49;0
"42972";"202100042972";4;"18:05";"1";"30";"1";"3";"1";6;43;4
"42973";"202100042973";4;"09:10";"1";"24";"1";"4";"1";7;44;1
"42974";"202100042974";4;"00:40";"3";"13";"1";"1";"1";6;43;5
"42975";"202100042975";4;"14:30";"1";"13";"1";"1";"1";6;43;5
"42976";"202100042976";4;"07:45";"1";"13";"1";"1";"1";4;43;5
"42977";"202100042977";4;"17:15";"1";"13";"2";"1";"1";5;43;5
"42978";"202100042978";4;"14:18";"1";"91";"1";"1";"1";7;48;2
"42979";"202100042979";4;"18:10";"1";"78";"2";"1";"1";6;48;1
"42980";"202100042980";4;"18:37";"1";"2A";"2";"3";"1";3;41;9
"42981";"202100042981";4;"14:30";"1";"06";"1";"1";"7";3;43;7
"42982";"202100042982";4;"17:15";"1";"68";"2";"2";"1";6;47;7
"42983";"202100042983";4;"13:00";"1";"55";"1";"1";"1";2;49;5
"42984";"202100042984";4;"10:50";"1";"69";"1";"1";"1";6;45;4
"42985";"202100042985";4;"20:30";"1";"86";"1";"2";"1";3;47;0
"42986";"202100042986";4;"15:37";"1";"64";"2";"1";"1";7;43;0
"42987";"202100042987";4;"11:20";"1";"33";"1";"3";"1";3;44;0
"42988";"202100042988";4;"21:00";"3";"35";"1";"1";"1";1;47;-1
"42989";"202100042989";4;"01:40";"4";"02";"2";"9";"1";6;49;3
"42990";"202100042990";4;"01:15";"3";"59";"1";"1";"1";6;50;3
"42991";"202100042991";4;"13:45";"1";"13";"1";"1";"1";4;43;5
"42992";"202100042992";4;"16:35";"5";"92";"1";"1";"9";6;48;2
"42993";"202100042993";4;"18:45";"1";"95";"1";"1";"1";6;48;2
"42994";"202100042994";2;"11:00";"1";"31";"1";"1";"6";7;43;1
"42995";"202100042995";2;"09:20";"1";"31";"2";"9";"1";3;43;1
"42996";"202100042996";4;"15:00";"1";"988";"2";"1";"2";2;-22;166
"42997";"202100042997";4;"13:12";"1";"973";"2";"1";"1";7;4;-52
"42998";"202100042998";4;"17:45";"1";"973";"2";"9";"1";3;4;-52
"42999";"202100042999";4;"11:00";"1";"2B";"2";"1";"2";2;42;9
"43000";"202100043000";4;"22:15";"5";"95";"2";"2";"1";3;48;2
"43001";"202100043001";4;"18:20";"1";"95";"2";"1";"7";6;48;2
"43002";"202100043002";4;"21:10";"2";"91";"2";"9";"1";3;48;2
"43003";"202100043003";4;"12:01";"1";"87";"2";"2";"1";3;45;1
"43004";"202100043004";4;"09:55";"1";"86";"2";"1";"1";6;46;0
"43005";"202100043005";4;"19:15";"1";"83";"2";"2";"1";3;43;5
"43006";"202100043006";4;"12:55";"1";"81";"2";"3";"1";3;43;2
"43007";"202100043007";4;"13:55";"1";"80";"2";"1";"1";3;49;2
"43008";"202100043008";4;"13:45";"1";"78";"2";"1";"1";3;48;2
"43009";"202100043009";4;"09:40";"1";"78";"2";"1";"2";2;48;1
"43010";"202100043010";2;"17:34";"1";"76";"2";"1";"1";2;49;1
"43011";"202100043011";4;"15:10";"1";"71";"1";"1";"1";7;46;4
"43012";"202100043012";4;"17:25";"1";"69";"2";"8";"1";3;45;4
"43013";"202100043013";3;"12:37";"1";"68";"2";"9";"1";6;48;7
"43014";"202100043014";4;"07:55";"1";"64";"2";"1";"1";7;43;-1
"43015";"202100043015";4;"23:20";"5";"64";"2";"1";"1";7;43;-1
"43016";"202100043016";4;"16:40";"1";"64";"2";"1";"1";7;43;-1
"43017";"202100043017";4;"19:10";"1";"64";"2";"1";"1";7;43;-1