"";"Num_Acc";"mois";"hrmn";"lum";"dep";"agg";"int";"atm";"col";"lat";"long"
"43018";"202100043018";4;"14:40";"1";"60";"2";"1";"1";3;49;2
"43019";"202100043019";3;"15:40";"1";"59";"2";"4";"2";1;50;3
"43020";"202100043020";3;"22:25";"5";"58";"2";"6";"1";3;46;3
"43021";"202100043021";4;"03:25";"5";"56";"2";"1";"1";6;47;-3
"43022";"202100043022";4;"20:32";"1";"56";"2";"3";"1";3;47;-3
"43023";"202100043023";4;"11:05";"1";"54";"2";"1";"1";6;48;6
"43024";"202100043024";4;"21:37";"5";"54";"2";"1";"1";6;48;6
"43025";"202100043025";4;"16:57";"1";"51";"2";"6";"1";3;49;4
"43026";"202100043026";4;"13:35";"1";"50";"2";"4";"1";3;49;-1
"43027";"202100043027";4;"11:20";"1";"49";"2";"1";"1";3;47;0
"43028";"202100043028";4;"14:35";"1";"45";"2";"1";"1";6;47;1
"43029";"202100043029";4;"19:20";"1";"42";"2";"2";"1";3;45;4
"43030";"202100043030";4;"10:55";"1";"37";"2";"6";"1";2;47;0
"43031";"202100043031";4;"15:50";"1";"35";"2";"2";"1";1;48;-1
"43032";"202100043032";4;"15:30";"1";"35";"2";"1";"1";6;48;-1
"43033";"202100043033";4;"19:10";"1";"34";"2";"2";"1";3;43;3
"43034";"202100043034";4;"18:00";"1";"33";"2";"1";"1";4;44;0
"43035";"202100043035";4;"22:55";"5";"31";"2";"3";"1";3;43;1
"43036";"202100043036";4;"12:15";"1";"31";"2";"1";"1";7;43;0
"43037";"202100043037";4;"08:25";"1";"28";"2";"2";"1";5;48;1
"43038";"202100043038";4;"16:20";"1";"27";"2";"1";"1";6;49;1
"43039";"202100043039";4;"17:45";"1";"26";"2";"1";"1";4;44;4
"43040";"202100043040";4;"18:20";"1";"17";"2";"1";"1";7;46;-1
"43041";"202100043041";4;"23:00";"5";"13";"2";"6";"1";7;43;5
"43042";"202100043042";4;"16:00";"1";"13";"2";"1";"1";2;43;5
"43043";"202100043043";4;"15:00";"1";"13";"2";"1";"1";6;43;5
"43044";"202100043044";4;"08:25";"1";"13";"2";"3";"1";3;43;5
"43045";"202100043045";4;"11:05";"1";"13";"1";"9";"1";3;43;4
"43046";"202100043046";4;"13:23";"1";"10";"2";"3";"1";3;48;4
"43047";"202100043047";4;"02:00";"5";"08";"2";"1";"1";6;49;4
"43048";"202100043048";4;"16:15";"1";"06";"2";"2";"1";3;43;7
"43049";"202100043049";4;"09:55";"1";"06";"2";"1";"1";2;43;7
"43050";"202100043050";4;"13:00";"1";"06";"2";"9";"1";4;43;7
"43051";"202100043051";4;"11:08";"1";"02";"1";"1";"1";6;49;3
"43052";"202100043052";4;"16:30";"1";"75";"2";"1";"1";2;48;2
"43053";"202100043053";4;"20:53";"2";"75";"2";"2";"8";6;48;2
"43054";"202100043054";4;"19:40";"1";"75";"2";"5";"1";2;48;2
"43055";"202100043055";4;"08:50";"1";"75";"2";"2";"1";6;48;2
"43056";"202100043056";4;"20:30";"2";"75";"2";"2";"1";3;48;2
"43057";"202100043057";4;"13:05";"1";"75";"2";"1";"1";6;48;2
"43058";"202100043058";4;"14:20";"1";"75";"2";"2";"1";3;48;2
"43059";"202100043059";4;"12:55";"1";"75";"2";"4";"1";6;48;2
"43060";"202100043060";4;"19:45";"1";"75";"2";"2";"1";3;48;2
"43061";"202100043061";4;"15:45";"1";"75";"2";"1";"1";3;48;2
"43062";"202100043062";4;"13:55";"1";"75";"2";"1";"1";6;48;2
"43063";"202100043063";4;"18:00";"1";"75";"2";"3";"1";7;48;2
"43064";"202100043064";4;"13:45";"1";"94";"2";"1";"1";7;48;2
"43065";"202100043065";4;"18:30";"1";"94";"2";"6";"2";3;48;2
"43066";"202100043066";4;"19:45";"1";"94";"2";"1";"1";3;48;2
"43067";"202100043067";4;"23:10";"5";"94";"2";"2";"1";3;48;2
"43068";"202100043068";4;"19:35";"2";"94";"2";"1";"1";6;48;2
"43069";"202100043069";4;"17:58";"1";"94";"2";"3";"1";3;48;2
"43070";"202100043070";4;"12:40";"1";"94";"2";"3";"1";3;48;2
"43071";"202100043071";4;"09:30";"1";"93";"2";"1";"1";5;48;2
"43072";"202100043072";4;"16:45";"1";"93";"2";"3";"1";3;48;2
"43073";"202100043073";4;"18:35";"1";"93";"2";"1";"1";2;48;2
"43074";"202100043074";4;"18:15";"1";"92";"2";"6";"1";6;48;2
"43075";"202100043075";4;"15:45";"1";"92";"2";"1";"1";6;48;2
"43076";"202100043076";4;"10:55";"1";"92";"2";"6";"1";3;48;2
"43077";"202100043077";4;"17:45";"1";"92";"2";"1";"1";3;48;2
"43078";"202100043078";4;"20:30";"1";"92";"2";"2";"1";3;48;2
"43079";"202100043079";4;"17:00";"1";"35";"2";"9";"1";3;47;-1
"43080";"202100043080";4;"02:00";"3";"47";"1";"1";"1";6;44;0
"43081";"202100043081";4;"21:10";"3";"86";"2";"6";"1";6;46;0
"43082";"202100043082";4;"10:45";"1";"84";"2";"9";"1";1;44;5
"43083";"202100043083";3;"17:00";"1";"51";"2";"1";"1";7;49;4
"43084";"202100043084";4;"03:35";"3";"41";"1";"1";"1";3;47;1
"43085";"202100043085";4;"17:20";"1";"56";"1";"2";"1";3;48;-2
"43086";"202100043086";4;"17:15";"1";"59";"2";"1";"1";7;50;2
"43087";"202100043087";4;"15:20";"1";"74";"2";"6";"1";3;45;6
"43088";"202100043088";4;"17:40";"1";"76";"1";"3";"1";2;49;0
"43089";"202100043089";4;"18:20";"1";"81";"2";"2";"1";3;44;2
"43090";"202100043090";4;"14:15";"1";"32";"1";"1";"1";2;43;1
"43091";"202100043091";4;"17:20";"1";"47";"2";"1";"1";2;44;0
"43092";"202100043092";4;"12:30";"1";"86";"1";"9";"1";2;46;0
"43093";"202100043093";4;"16:50";"1";"34";"1";"6";"1";7;43;3
"43094";"202100043094";4;"15:15";"1";"29";"1";"6";"1";6;48;-4
"43095";"202100043095";4;"15:55";"1";"29";"1";"3";"7";1;48;-4
"43096";"202100043096";4;"12:40";"1";"58";"2";"1";"1";6;47;3
"43097";"202100043097";4;"18:40";"1";"72";"1";"1";"1";7;48;0
"43098";"202100043098";4;"17:24";"1";"05";"2";"3";"1";1;44;6
"43099";"202100043099";4;"15:20";"1";"21";"1";"2";"1";3;47;4
"43100";"202100043100";4;"16:00";"1";"17";"1";"1";"1";7;45;0
"43101";"202100043101";4;"07:30";"1";"04";"1";"9";"1";6;43;5
"43102";"202100043102";4;"16:00";"1";"33";"1";"1";"1";6;44;0
"43103";"202100043103";4;"09:40";"1";"51";"1";"1";"1";7;49;4
"43104";"202100043104";4;"10:00";"1";"976";"2";"1";"1";6;-12;45
"43105";"202100043105";4;"16:00";"1";"13";"1";"1";"1";2;43;5
"43106";"202100043106";4;"15:50";"1";"41";"1";"1";"1";3;47;1
"43107";"202100043107";4;"16:10";"1";"66";"1";"1";"1";3;42;2
"43108";"202100043108";4;"14:00";"1";"34";"1";"3";"1";5;43;3
"43109";"202100043109";4;"14:00";"1";"07";"1";"1";"1";1;44;4
"43110";"202100043110";4;"13:20";"1";"33";"1";"1";"1";1;44;0
"43111";"202100043111";4;"18:20";"1";"85";"1";"1";"1";3;46;-1
"43112";"202100043112";4;"19:25";"1";"85";"1";"1";"1";2;46;-1
"43113";"202100043113";4;"10:00";"1";"29";"2";"6";"1";3;48;-4
"43114";"202100043114";4;"18:45";"2";"29";"1";"1";"1";7;47;-4
"43115";"202100043115";4;"19:20";"1";"27";"1";"3";"1";1;48;1
"43116";"202100043116";4;"08:25";"1";"60";"2";"9";"1";2;49;2
"43117";"202100043117";4;"20:06";"1";"13";"1";"1";"1";6;43;5
"43118";"202100043118";4;"09:00";"1";"13";"1";"1";"1";6;43;5
"43119";"202100043119";4;"12:20";"1";"69";"1";"1";"1";2;45;4
"43120";"202100043120";4;"13:00";"1";"78";"1";"1";"1";6;48;1
"43121";"202100043121";4;"08:00";"1";"93";"1";"1";"1";3;48;2
"43122";"202100043122";4;"13:40";"1";"77";"1";"1";"1";2;48;2
"43123";"202100043123";4;"15:15";"1";"974";"2";"2";"1";7;-20;55
"43124";"202100043124";4;"09:05";"1";"974";"2";"2";"1";3;-20;55
"43125";"202100043125";4;"16:05";"1";"974";"1";"1";"8";3;-20;55
"43126";"202100043126";4;"10:30";"1";"974";"2";"1";"1";6;-20;55
"43127";"202100043127";4;"21:20";"5";"973";"2";"6";"1";3;4;-52
"43128";"202100043128";4;"07:25";"1";"973";"2";"3";"1";3;4;-52
"43129";"202100043129";4;"13:00";"1";"972";"1";"1";"1";2;14;-60
"43130";"202100043130";4;"09:45";"1";"972";"2";"3";"1";3;14;-61
"43131";"202100043131";4;"16:50";"1";"69";"2";"3";"1";6;45;4
"43132";"202100043132";4;"14:44";"1";"69";"2";"1";"8";6;45;4
"43133";"202100043133";4;"09:05";"1";"69";"2";"6";"1";3;45;4
"43134";"202100043134";4;"17:10";"1";"2B";"2";"1";"1";2;42;9
"43135";"202100043135";3;"15:00";"1";"971";"1";"9";"1";6;16;-61
"43136";"202100043136";4;"16:23";"1";"2A";"1";"1";"2";3;41;8
"43137";"202100043137";4;"10:53";"1";"95";"2";"9";"1";6;48;2
"43138";"202100043138";4;"22:55";"5";"91";"2";"2";"1";3;48;2
"43139";"202100043139";4;"15:51";"1";"87";"2";"2";"1";2;45;1
"43140";"202100043140";4;"09:22";"1";"83";"2";"9";"1";6;43;5
"43141";"202100043141";4;"09:00";"1";"80";"2";"1";"1";6;49;2
"43142";"202100043142";4;"11:00";"1";"78";"2";"2";"1";6;48;2
"43143";"202100043143";1;"18:40";"5";"69";"2";"1";"2";6;45;4
"43144";"202100043144";4;"18:45";"1";"67";"2";"1";"1";2;48;7
"43145";"202100043145";4;"09:30";"1";"66";"2";"9";"1";3;42;2
"43146";"202100043146";4;"18:00";"1";"64";"2";"1";"1";2;43;0
"43147";"202100043147";4;"17:20";"1";"64";"2";"1";"1";3;43;-1
"43148";"202100043148";4;"17:30";"1";"64";"2";"6";"1";1;43;-1
"43149";"202100043149";3;"09:25";"1";"62";"1";"4";"2";3;50;2
"43150";"202100043150";4;"08:10";"1";"61";"2";"2";"1";3;48;0
"43151";"202100043151";4;"14:35";"1";"60";"2";"1";"1";5;49;2
"43152";"202100043152";4;"16:32";"1";"59";"2";"1";"1";2;50;3
"43153";"202100043153";4;"17:10";"1";"59";"2";"1";"7";3;50;3
"43154";"202100043154";4;"11:00";"1";"59";"1";"1";"1";5;50;3
"43155";"202100043155";4;"16:10";"1";"56";"2";"1";"1";7;47;-3
"43156";"202100043156";4;"07:50";"1";"56";"1";"1";"1";7;47;-3
"43157";"202100043157";4;"18:00";"1";"56";"2";"1";"1";3;47;-3
"43158";"202100043158";4;"15:40";"1";"50";"2";"3";"1";1;49;-1
"43159";"202100043159";4;"08:15";"1";"50";"1";"1";"1";1;49;-1
"43160";"202100043160";4;"14:25";"1";"49";"2";"1";"1";6;47;0
"43161";"202100043161";4;"18:27";"1";"49";"2";"1";"1";2;47;0
"43162";"202100043162";4;"16:47";"1";"49";"2";"1";"1";3;47;0
"43163";"202100043163";4;"12:20";"1";"45";"2";"3";"1";2;47;1
"43164";"202100043164";4;"19:50";"1";"44";"2";"1";"1";3;47;-1
"43165";"202100043165";4;"18:30";"1";"42";"2";"2";"2";5;45;4
"43166";"202100043166";4;"18:40";"1";"37";"1";"1";"1";3;47;0
"43167";"202100043167";4;"17:10";"1";"37";"2";"2";"1";3;47;0
"43168";"202100043168";4;"20:20";"2";"35";"2";"1";"1";3;48;-1
"43169";"202100043169";4;"09:20";"1";"35";"2";"3";"1";2;48;-1
"43170";"202100043170";4;"12:15";"1";"34";"2";"1";"1";1;43;3
"43171";"202100043171";4;"14:10";"1";"34";"2";"3";"1";3;43;3
"43172";"202100043172";4;"11:21";"1";"33";"2";"3";"1";4;44;0
"43173";"202100043173";4;"18:10";"1";"31";"2";"1";"1";3;43;1
"43174";"202100043174";4;"11:55";"1";"31";"2";"1";"1";3;43;1
"43175";"202100043175";4;"11:45";"1";"29";"2";"1";"1";4;48;-4
"43176";"202100043176";4;"16:30";"1";"23";"2";"3";"1";3;46;1
"43177";"202100043177";4;"18:25";"1";"22";"2";"6";"1";2;48;-2
"43178";"202100043178";4;"17:17";"1";"17";"2";"1";"1";5;46;-1
"43179";"202100043179";4;"14:00";"1";"16";"2";"1";"1";1;45;0
"43180";"202100043180";4;"23:28";"5";"13";"2";"1";"1";2;43;5
"43181";"202100043181";4;"20:00";"2";"13";"2";"1";"1";6;43;5
"43182";"202100043182";4;"19:45";"5";"13";"2";"1";"1";3;43;5
"43183";"202100043183";4;"17:25";"1";"13";"2";"1";"1";3;43;5
"43184";"202100043184";4;"16:45";"1";"13";"2";"1";"1";6;43;5
"43185";"202100043185";4;"07:45";"1";"13";"2";"1";"1";7;43;5
"43186";"202100043186";4;"17:37";"1";"13";"2";"2";"1";1;43;5
"43187";"202100043187";4;"19:00";"1";"13";"2";"3";"1";3;43;5
"43188";"202100043188";4;"14:19";"1";"11";"2";"1";"1";3;43;3
"43189";"202100043189";4;"17:08";"1";"11";"2";"2";"1";6;43;2
"43190";"202100043190";4;"16:53";"1";"06";"2";"9";"1";3;43;7
"43191";"202100043191";4;"14:50";"1";"75";"2";"1";"1";2;48;2
"43192";"202100043192";4;"19:10";"1";"75";"2";"2";"1";3;48;2
"43193";"202100043193";4;"12:15";"1";"75";"2";"4";"1";3;48;2
"43194";"202100043194";4;"15:17";"1";"75";"2";"2";"1";6;48;2
"43195";"202100043195";4;"12:05";"1";"75";"2";"3";"1";3;48;2
"43196";"202100043196";4;"05:55";"2";"75";"2";"2";"1";3;48;2
"43197";"202100043197";4;"09:20";"1";"75";"2";"2";"1";3;48;2
"43198";"202100043198";4;"13:20";"1";"75";"2";"4";"2";2;48;2
"43199";"202100043199";4;"16:00";"1";"75";"2";"4";"1";3;48;2
"43200";"202100043200";4;"16:10";"1";"75";"2";"5";"1";3;48;2
"43201";"202100043201";4;"14:10";"1";"75";"2";"4";"1";3;48;2
"43202";"202100043202";4;"16:10";"1";"75";"2";"3";"1";7;48;2
"43203";"202100043203";4;"13:00";"1";"75";"2";"1";"1";3;48;2
"43204";"202100043204";4;"19:00";"1";"75";"2";"2";"1";3;48;2
"43205";"202100043205";4;"12:30";"1";"75";"2";"1";"1";6;48;2
"43206";"202100043206";4;"14:17";"1";"75";"2";"7";"1";5;48;2
"43207";"202100043207";4;"18:50";"1";"94";"2";"1";"1";3;48;2
"43208";"202100043208";4;"17:09";"1";"94";"2";"1";"1";2;48;2
"43209";"202100043209";4;"20:30";"1";"93";"1";"1";"1";1;48;2
"43210";"202100043210";4;"14:55";"1";"93";"2";"1";"1";1;48;2
"43211";"202100043211";4;"19:52";"1";"93";"1";"1";"1";3;48;2
"43212";"202100043212";4;"16:40";"1";"92";"2";"1";"1";6;48;2
"43213";"202100043213";4;"10:30";"1";"92";"2";"2";"1";3;48;2
"43214";"202100043214";4;"17:19";"1";"92";"2";"1";"2";2;48;2
"43215";"202100043215";4;"19:20";"1";"92";"2";"9";"1";3;48;2
"43216";"202100043216";4;"17:00";"1";"92";"2";"1";"1";3;48;2
"43217";"202100043217";4;"07:45";"1";"92";"2";"7";"1";3;48;2
"43218";"202100043218";4;"19:50";"1";"92";"2";"2";"1";3;48;2
"43219";"202100043219";4;"14:45";"1";"92";"2";"1";"1";5;48;2
"43220";"202100043220";4;"07:30";"1";"92";"2";"2";"1";3;48;2
"43221";"202100043221";4;"11:15";"1";"92";"2";"1";"1";3;48;2
"43222";"202100043222";4;"15:00";"1";"974";"2";"1";"1";3;-21;55
"43223";"202100043223";4;"13:30";"1";"62";"1";"1";"1";6;50;2
"43224";"202100043224";4;"19:25";"1";"95";"1";"1";"1";2;49;2
"43225";"202100043225";4;"18:55";"1";"17";"2";"1";"1";3;45;0
"43226";"202100043226";4;"09:11";"1";"06";"2";"4";"1";3;43;7
"43227";"202100043227";4;"23:30";"3";"18";"1";"1";"1";6;47;2
"43228";"202100043228";4;"13:15";"1";"29";"1";"1";"1";1;48;-4
"43229";"202100043229";4;"17:40";"1";"14";"1";"1";"1";6;48;0
"43230";"202100043230";4;"08:15";"1";"38";"1";"1";"1";1;45;5
"43231";"202100043231";4;"19:40";"1";"41";"1";"1";"1";2;47;1
"43232";"202100043232";4;"13:40";"1";"68";"2";"1";"1";2;47;7
"43233";"202100043233";4;"13:00";"1";"41";"1";"1";"1";2;47;1
"43234";"202100043234";4;"19:40";"1";"56";"1";"1";"1";6;47;-3
"43235";"202100043235";4;"12:20";"1";"56";"1";"1";"1";7;47;-2
"43236";"202100043236";4;"18:20";"1";"2B";"2";"1";"1";6;42;9
"43237";"202100043237";4;"09:50";"1";"82";"1";"3";"1";3;43;1
"43238";"202100043238";4;"16:15";"1";"65";"2";"3";"1";6;43;0
"43239";"202100043239";4;"17:00";"1";"63";"1";"3";"1";3;45;3
"43240";"202100043240";4;"18:45";"1";"61";"1";"1";"1";7;48;0
"43241";"202100043241";4;"17:10";"1";"61";"1";"1";"1";1;48;0
"43242";"202100043242";4;"18:30";"1";"47";"1";"1";"1";7;44;0
"43243";"202100043243";4;"16:50";"1";"68";"1";"1";"1";7;47;7
"43244";"202100043244";4;"16:50";"1";"39";"1";"1";"1";1;47;5
"43245";"202100043245";4;"19:45";"1";"44";"1";"1";"1";7;46;-1
"43246";"202100043246";4;"16:30";"1";"29";"1";"3";"1";1;48;-4
"43247";"202100043247";4;"17:20";"1";"29";"2";"2";"1";3;48;-4
"43248";"202100043248";4;"17:40";"1";"31";"1";"1";"1";5;43;1
"43249";"202100043249";4;"17:50";"1";"84";"2";"1";"1";3;43;5
"43250";"202100043250";4;"18:20";"1";"03";"1";"1";"1";6;46;2
"43251";"202100043251";2;"11:30";"1";"03";"1";"2";"1";3;46;2
"43252";"202100043252";4;"15:50";"1";"54";"2";"1";"1";7;48;6
"43253";"202100043253";4;"13:57";"1";"06";"1";"9";"1";5;43;7
"43254";"202100043254";4;"17:55";"1";"60";"1";"2";"1";3;49;2
"43255";"202100043255";4;"14:00";"1";"45";"2";"3";"1";3;47;1
"43256";"202100043256";4;"18:15";"1";"18";"1";"1";"1";7;46;2
"43257";"202100043257";4;"15:00";"1";"43";"1";"1";"2";1;45;4
"43258";"202100043258";4;"17:00";"1";"10";"1";"1";"7";6;48;4
"43259";"202100043259";4;"10:20";"1";"07";"2";"6";"1";3;44;4
"43260";"202100043260";4;"19:07";"1";"21";"1";"1";"1";7;47;4
"43261";"202100043261";4;"10:20";"1";"04";"1";"1";"1";7;43;6
"43262";"202100043262";4;"18:14";"1";"04";"1";"1";"1";7;44;6
"43263";"202100043263";4;"03:45";"5";"27";"2";"1";"1";6;49;1
"43264";"202100043264";4;"21:30";"3";"87";"1";"1";"1";6;45;0
"43265";"202100043265";4;"12:50";"1";"30";"1";"1";"1";6;43;4
"43266";"202100043266";4;"17:15";"1";"987";"2";"1";"7";7;-17;-149
"43267";"202100043267";4;"16:15";"1";"06";"1";"1";"1";3;43;7
"43268";"202100043268";4;"16:45";"1";"31";"2";"1";"1";6;43;1
"43269";"202100043269";4;"14:00";"1";"38";"1";"1";"8";7;45;5
"43270";"202100043270";4;"05:30";"3";"974";"1";"1";"1";3;-21;55
"43271";"202100043271";4;"13:40";"1";"971";"1";"1";"1";6;15;-61
"43272";"202100043272";4;"07:00";"2";"95";"1";"1";"1";6;49;1
"43273";"202100043273";4;"17:45";"1";"66";"1";"1";"8";3;42;2
"43274";"202100043274";4;"13:50";"1";"34";"2";"3";"7";3;43;3
"43275";"202100043275";4;"11:27";"1";"13";"2";"9";"1";3;43;4
"43276";"202100043276";4;"18:45";"1";"13";"1";"3";"7";3;43;5
"43277";"202100043277";4;"10:56";"1";"21";"1";"1";"7";6;47;5
"43278";"202100043278";4;"15:35";"1";"88";"2";"1";"1";7;48;6
"43279";"202100043279";4;"02:40";"3";"55";"1";"1";"1";6;48;5
"43280";"202100043280";4;"19:35";"1";"03";"1";"1";"1";6;46;3
"43281";"202100043281";3;"21:40";"3";"38";"2";"1";"1";1;45;4
"43282";"202100043282";4;"16:00";"1";"26";"1";"1";"1";3;45;4
"43283";"202100043283";4;"23:41";"5";"72";"2";"6";"1";2;47;0
"43284";"202100043284";4;"14:38";"1";"72";"1";"1";"1";6;47;0
"43285";"202100043285";4;"16:55";"1";"27";"2";"3";"1";1;49;1
"43286";"202100043286";4;"13:45";"1";"76";"1";"1";"1";1;49;0
"43287";"202100043287";4;"14:15";"1";"60";"1";"1";"1";1;49;2
"43288";"202100043288";4;"21:45";"3";"59";"1";"1";"1";2;50;3
"43289";"202100043289";4;"19:30";"1";"59";"1";"2";"1";3;50;3
"43290";"202100043290";4;"20:47";"2";"13";"1";"1";"1";3;43;5
"43291";"202100043291";4;"02:03";"3";"91";"1";"1";"1";6;48;2
"43292";"202100043292";4;"16:27";"1";"93";"1";"1";"1";5;48;2
"43293";"202100043293";3;"15:33";"1";"06";"2";"1";"1";7;43;7
"43294";"202100043294";2;"11:56";"1";"05";"2";"1";"1";6;44;6
"43295";"202100043295";4;"17:50";"5";"988";"2";"3";"1";3;-22;166
"43296";"202100043296";4;"20:10";"1";"69";"2";"1";"1";7;45;4
"43297";"202100043297";4;"17:20";"1";"69";"2";"1";"1";2;45;4
"43298";"202100043298";4;"15:50";"1";"69";"2";"2";"1";3;45;4
"43299";"202100043299";4;"10:25";"1";"972";"2";"1";"3";4;14;-61
"43300";"202100043300";4;"16:20";"1";"972";"1";"9";"1";3;14;-61
"43301";"202100043301";4;"18:07";"1";"2B";"2";"3";"1";3;42;9
"43302";"202100043302";4;"16:30";"1";"971";"2";"3";"1";3;16;-61
"43303";"202100043303";4;"00:30";"5";"95";"2";"1";"1";6;48;2
"43304";"202100043304";4;"19:15";"1";"95";"1";"1";"1";2;49;2
"43305";"202100043305";4;"12:30";"1";"95";"2";"6";"1";3;49;2
"43306";"202100043306";4;"13:00";"1";"87";"2";"1";"1";7;45;1
"43307";"202100043307";4;"09:20";"1";"87";"2";"3";"1";3;45;1
"43308";"202100043308";4;"16:00";"1";"86";"2";"1";"1";2;46;0
"43309";"202100043309";4;"12:00";"1";"83";"2";"1";"3";6;43;5
"43310";"202100043310";4;"16:50";"1";"80";"2";"1";"1";6;49;2
"43311";"202100043311";4;"15:40";"1";"80";"2";"1";"1";3;49;2
"43312";"202100043312";4;"18:50";"1";"77";"2";"1";"1";6;48;2
"43313";"202100043313";4;"19:10";"1";"74";"2";"2";"1";3;46;6
"43314";"202100043314";4;"12:20";"1";"72";"2";"1";"1";1;48;0
"43315";"202100043315";4;"18:35";"1";"68";"2";"9";"1";3;47;7
"43316";"202100043316";4;"07:45";"1";"67";"2";"4";"2";3;48;7
"43317";"202100043317";4;"11:05";"1";"67";"2";"1";"1";6;48;7
"43318";"202100043318";4;"01:10";"5";"67";"2";"8";"1";6;48;7
"43319";"202100043319";4;"16:49";"1";"67";"2";"1";"1";3;48;7
"43320";"202100043320";4;"17:00";"1";"66";"2";"3";"1";3;42;2
"43321";"202100043321";4;"18:55";"1";"59";"2";"9";"1";1;50;3
"43322";"202100043322";4;"00:41";"5";"57";"2";"1";"1";2;49;6
"43323";"202100043323";4;"14:15";"1";"56";"2";"1";"1";7;47;-3
"43324";"202100043324";4;"12:10";"1";"53";"2";"2";"1";3;48;0
"43325";"202100043325";4;"07:30";"1";"50";"2";"3";"1";3;49;-1
"43326";"202100043326";4;"20:15";"1";"49";"2";"1";"1";6;47;0
"43327";"202100043327";4;"17:40";"1";"49";"2";"1";"1";3;47;0
"43328";"202100043328";4;"17:14";"1";"49";"2";"1";"1";7;47;0
"43329";"202100043329";4;"08:00";"1";"42";"2";"9";"1";3;45;4
"43330";"202100043330";4;"20:15";"1";"42";"2";"3";"8";3;46;4
"43331";"202100043331";4;"11:50";"1";"38";"2";"3";"1";6;45;5
"43332";"202100043332";4;"17:10";"1";"33";"2";"2";"1";6;44;0
"43333";"202100043333";4;"16:55";"1";"33";"2";"2";"1";6;44;0
"43334";"202100043334";4;"20:25";"2";"30";"1";"1";"1";2;43;4
"43335";"202100043335";4;"22:40";"5";"25";"2";"4";"1";7;47;6
"43336";"202100043336";4;"16:55";"1";"15";"2";"1";"1";6;44;2
"43337";"202100043337";4;"18:45";"1";"14";"2";"1";"1";3;49;0
"43338";"202100043338";4;"21:00";"5";"13";"2";"1";"1";1;43;5
"43339";"202100043339";4;"14:15";"1";"13";"2";"1";"1";3;43;5
"43340";"202100043340";4;"18:30";"2";"13";"2";"2";"1";1;43;5
"43341";"202100043341";4;"08:30";"1";"10";"2";"2";"1";3;48;4
"43342";"202100043342";4;"16:34";"1";"08";"2";"3";"1";3;49;4
"43343";"202100043343";4;"07:05";"1";"06";"1";"3";"1";3;43;7
"43344";"202100043344";4;"17:35";"1";"75";"2";"1";"1";3;48;2
"43345";"202100043345";4;"15:00";"1";"75";"2";"4";"1";3;48;2
"43346";"202100043346";4;"16:00";"1";"75";"2";"1";"1";6;48;2
"43347";"202100043347";4;"17:00";"1";"75";"2";"1";"1";2;48;2
"43348";"202100043348";4;"23:30";"5";"75";"2";"2";"1";3;48;2
"43349";"202100043349";4;"16:45";"1";"75";"2";"3";"1";6;48;2
"43350";"202100043350";4;"14:40";"1";"75";"2";"2";"1";6;48;2
"43351";"202100043351";4;"09:20";"1";"75";"2";"2";"1";3;48;2
"43352";"202100043352";4;"12:20";"1";"75";"2";"1";"1";6;48;2
"43353";"202100043353";4;"09:05";"1";"75";"2";"1";"1";6;48;2
"43354";"202100043354";4;"12:40";"1";"94";"2";"1";"1";6;48;2
"43355";"202100043355";4;"19:10";"1";"94";"2";"6";"1";7;48;2
"43356";"202100043356";4;"20:15";"1";"94";"2";"1";"1";3;48;2
"43357";"202100043357";4;"20:00";"1";"94";"2";"2";"1";3;48;2
"43358";"202100043358";4;"14:15";"1";"93";"2";"1";"1";6;48;2
"43359";"202100043359";4;"20:00";"1";"93";"2";"2";"1";3;48;2
"43360";"202100043360";4;"17:20";"1";"93";"2";"1";"1";6;48;2
"43361";"202100043361";4;"18:10";"1";"93";"2";"2";"1";3;48;2
"43362";"202100043362";4;"09:50";"1";"93";"2";"1";"1";6;48;2
"43363";"202100043363";4;"20:10";"1";"93";"2";"1";"1";6;48;2
"43364";"202100043364";4;"19:25";"1";"93";"2";"5";"1";1;48;2
"43365";"202100043365";4;"16:00";"1";"93";"2";"9";"1";3;48;2
"43366";"202100043366";4;"20:30";"2";"93";"2";"1";"1";1;48;2
"43367";"202100043367";4;"09:00";"1";"93";"2";"2";"1";3;48;2
"43368";"202100043368";4;"18:20";"1";"93";"2";"1";"1";6;48;2
"43369";"202100043369";4;"09:00";"1";"93";"2";"1";"1";3;48;2
"43370";"202100043370";4;"18:00";"1";"92";"2";"2";"1";3;48;2
"43371";"202100043371";4;"19:20";"1";"92";"2";"5";"1";3;48;2
"43372";"202100043372";4;"20:15";"2";"92";"2";"3";"1";1;48;2
"43373";"202100043373";4;"17:15";"1";"92";"2";"1";"1";3;48;2
"43374";"202100043374";4;"14:40";"1";"92";"2";"3";"1";3;48;2
"43375";"202100043375";4;"17:35";"1";"92";"2";"1";"1";3;48;2
"43376";"202100043376";4;"12:20";"1";"92";"2";"4";"1";3;48;2
"43377";"202100043377";4;"18:55";"1";"31";"2";"3";"1";3;43;1
"43378";"202100043378";4;"08:00";"1";"44";"1";"1";"1";6;47;-1
"43379";"202100043379";4;"17:44";"1";"31";"2";"6";"1";3;43;1
"43380";"202100043380";4;"18:40";"1";"51";"2";"1";"1";7;49;3
"43381";"202100043381";4;"15:45";"1";"49";"2";"1";"1";6;47;0
"43382";"202100043382";4;"11:10";"1";"38";"1";"2";"1";2;45;5