"";"Num_Acc";"mois";"hrmn";"lum";"dep";"agg";"int";"atm";"col";"lat";"long"
"43383";"202100043383";4;"13:50";"1";"02";"2";"2";"1";3;49;3
"43384";"202100043384";4;"10:00";"1";"18";"1";"1";"1";2;46;2
"43385";"202100043385";4;"14:25";"1";"16";"2";"1";"1";6;45;0
"43386";"202100043386";4;"19:35";"2";"07";"1";"1";"1";6;44;4
"43387";"202100043387";4;"12:19";"1";"27";"1";"1";"1";6;49;1
"43388";"202100043388";4;"18:45";"2";"23";"1";"1";"3";1;45;2
"43389";"202100043389";4;"18:40";"1";"77";"1";"2";"1";3;48;3
"43390";"202100043390";4;"05:15";"3";"84";"1";"9";"1";3;44;4
"43391";"202100043391";4;"16:00";"1";"13";"2";"3";"1";7;43;5
"43392";"202100043392";4;"16:50";"1";"89";"2";"1";"1";6;47;3
"43393";"202100043393";4;"18:30";"1";"74";"1";"1";"1";7;46;6
"43394";"202100043394";4;"17:05";"1";"07";"1";"1";"1";6;45;4
"43395";"202100043395";4;"23:20";"3";"02";"1";"1";"1";7;49;3
"43396";"202100043396";4;"14:15";"1";"13";"1";"1";"1";3;43;5
"43397";"202100043397";4;"16:26";"1";"13";"1";"1";"1";5;43;5
"43398";"202100043398";4;"07:40";"1";"13";"2";"1";"1";7;43;5
"43399";"202100043399";4;"20:36";"1";"13";"1";"1";"1";6;43;5
"43400";"202100043400";4;"16:50";"1";"67";"1";"1";"1";4;48;7
"43401";"202100043401";4;"18:05";"1";"67";"1";"1";"1";4;48;7
"43402";"202100043402";4;"17:22";"1";"91";"1";"1";"1";5;48;2
"43403";"202100043403";4;"17:10";"1";"78";"1";"1";"1";4;48;2
"43404";"202100043404";4;"21:05";"3";"93";"1";"1";"1";2;48;2
"43405";"202100043405";4;"23:05";"5";"988";"2";"1";"1";6;-22;166
"43406";"202100043406";3;"11:00";"1";"976";"2";"1";"1";6;-12;45
"43407";"202100043407";4;"12:55";"1";"974";"2";"1";"1";7;-20;55
"43408";"202100043408";4;"11:35";"1";"974";"2";"1";"8";1;-20;55
"43409";"202100043409";4;"18:05";"5";"974";"1";"1";"8";1;-20;55
"43410";"202100043410";4;"18:55";"5";"973";"2";"1";"2";7;4;-52
"43411";"202100043411";4;"09:36";"1";"973";"2";"1";"1";6;4;-52
"43412";"202100043412";4;"08:20";"1";"973";"2";"2";"1";6;4;-52
"43413";"202100043413";4;"07:14";"2";"973";"1";"1";"2";6;4;-52
"43414";"202100043414";4;"18:05";"1";"69";"2";"2";"1";3;45;4
"43415";"202100043415";4;"16:15";"1";"69";"2";"9";"1";4;45;4
"43416";"202100043416";4;"23:25";"5";"95";"2";"1";"1";1;48;2
"43417";"202100043417";4;"15:25";"1";"95";"2";"1";"1";7;49;2
"43418";"202100043418";4;"09:00";"1";"91";"2";"3";"1";6;48;2
"43419";"202100043419";4;"19:45";"1";"91";"2";"1";"1";4;48;2
"43420";"202100043420";4;"21:20";"5";"84";"2";"1";"1";1;44;4
"43421";"202100043421";4;"11:20";"1";"84";"2";"1";"1";6;44;5
"43422";"202100043422";4;"16:30";"1";"84";"2";"1";"1";2;43;4
"43423";"202100043423";4;"19:25";"1";"80";"1";"1";"1";4;49;2
"43424";"202100043424";4;"18:10";"1";"78";"2";"2";"1";3;48;2
"43425";"202100043425";3;"15:00";"1";"78";"2";"2";"1";6;48;2
"43426";"202100043426";4;"22:05";"5";"76";"1";"1";"1";6;49;0
"43427";"202100043427";4;"14:30";"1";"76";"2";"2";"1";3;49;0
"43428";"202100043428";4;"12:15";"1";"76";"2";"3";"1";2;49;0
"43429";"202100043429";4;"12:10";"1";"67";"2";"1";"1";6;48;7
"43430";"202100043430";4;"12:53";"1";"66";"2";"3";"1";3;42;2
"43431";"202100043431";4;"18:05";"1";"65";"2";"3";"1";3;43;0
"43432";"202100043432";4;"10:30";"1";"64";"2";"3";"1";3;43;0
"43433";"202100043433";4;"19:05";"1";"64";"2";"2";"1";3;43;0
"43434";"202100043434";4;"00:15";"5";"59";"2";"6";"1";3;50;2
"43435";"202100043435";4;"20:00";"1";"59";"2";"1";"1";1;50;3
"43436";"202100043436";3;"17:50";"1";"57";"2";"1";"1";6;48;7
"43437";"202100043437";4;"15:30";"1";"51";"2";"1";"1";7;49;4
"43438";"202100043438";4;"14:56";"1";"49";"2";"1";"1";2;47;0
"43439";"202100043439";4;"14:05";"1";"49";"2";"1";"1";5;47;0
"43440";"202100043440";4;"07:31";"2";"49";"2";"1";"1";3;47;0
"43441";"202100043441";4;"18:20";"1";"47";"2";"2";"1";2;44;0
"43442";"202100043442";3;"14:37";"1";"38";"2";"1";"1";6;45;5
"43443";"202100043443";4;"22:00";"5";"35";"2";"2";"1";3;48;-1
"43444";"202100043444";4;"11:55";"1";"34";"2";"1";"1";6;43;3
"43445";"202100043445";4;"15:25";"1";"33";"2";"3";"1";3;44;0
"43446";"202100043446";4;"11:20";"1";"33";"2";"9";"1";2;44;0
"43447";"202100043447";4;"06:30";"3";"33";"2";"6";"1";3;44;-1
"43448";"202100043448";4;"19:45";"1";"30";"2";"1";"1";1;44;4
"43449";"202100043449";4;"16:55";"1";"29";"1";"2";"1";3;47;-3
"43450";"202100043450";4;"09:15";"1";"28";"2";"3";"1";3;48;1
"43451";"202100043451";4;"15:35";"1";"24";"2";"3";"1";3;45;0
"43452";"202100043452";4;"11:00";"1";"24";"2";"2";"1";3;45;0
"43453";"202100043453";4;"06:21";"2";"21";"2";"9";"1";3;47;5
"43454";"202100043454";4;"12:20";"1";"13";"2";"2";"1";3;43;5
"43455";"202100043455";4;"11:20";"1";"11";"1";"6";"1";6;43;2
"43456";"202100043456";4;"11:35";"1";"10";"2";"1";"1";6;48;4
"43457";"202100043457";4;"19:55";"1";"07";"2";"6";"1";7;44;4
"43458";"202100043458";4;"10:03";"1";"06";"2";"7";"1";6;43;7
"43459";"202100043459";4;"09:00";"1";"06";"2";"1";"1";2;43;6
"43460";"202100043460";4;"17:45";"1";"05";"2";"1";"2";1;44;6
"43461";"202100043461";4;"05:00";"5";"75";"2";"1";"1";6;48;2
"43462";"202100043462";4;"17:10";"1";"75";"2";"1";"8";2;48;2
"43463";"202100043463";4;"14:18";"1";"75";"2";"1";"1";6;48;2
"43464";"202100043464";4;"19:20";"1";"75";"2";"2";"1";3;48;2
"43465";"202100043465";4;"17:30";"1";"75";"2";"1";"1";2;48;2
"43466";"202100043466";4;"19:20";"1";"75";"2";"2";"1";3;48;2
"43467";"202100043467";4;"16:30";"1";"75";"2";"1";"1";3;48;2
"43468";"202100043468";4;"14:20";"1";"75";"2";"3";"1";3;48;2
"43469";"202100043469";4;"12:30";"1";"75";"2";"3";"1";6;48;2
"43470";"202100043470";4;"16:45";"1";"94";"2";"1";"1";6;48;2
"43471";"202100043471";4;"16:10";"1";"94";"2";"9";"1";3;48;2
"43472";"202100043472";4;"08:50";"1";"94";"2";"3";"1";1;48;2
"43473";"202100043473";4;"11:37";"1";"94";"2";"1";"1";2;48;2
"43474";"202100043474";4;"17:25";"1";"93";"2";"1";"1";2;48;2
"43475";"202100043475";4;"08:30";"1";"93";"2";"2";"1";3;48;2
"43476";"202100043476";4;"15:45";"1";"93";"2";"6";"1";6;48;2
"43477";"202100043477";4;"21:00";"5";"92";"2";"6";"1";3;48;2
"43478";"202100043478";4;"17:03";"1";"92";"2";"2";"1";6;48;2
"43479";"202100043479";4;"13:45";"1";"92";"2";"2";"1";3;48;2
"43480";"202100043480";4;"18:20";"1";"92";"2";"6";"1";3;48;2
"43481";"202100043481";4;"14:00";"1";"92";"2";"1";"1";6;48;2
"43482";"202100043482";4;"14:38";"1";"92";"2";"1";"1";2;48;2
"43483";"202100043483";4;"17:50";"5";"974";"2";"3";"2";3;-21;55
"43484";"202100043484";4;"17:45";"1";"12";"1";"1";"1";3;44;2
"43485";"202100043485";4;"07:50";"1";"06";"2";"3";"1";3;43;7
"43486";"202100043486";4;"08:50";"1";"62";"1";"1";"5";6;50;2
"43487";"202100043487";4;"15:22";"1";"19";"2";"1";"1";2;45;1
"43488";"202100043488";4;"17:40";"1";"19";"2";"1";"1";1;45;1
"43489";"202100043489";4;"18:15";"1";"56";"2";"1";"1";7;47;-3
"43490";"202100043490";4;"16:00";"1";"59";"1";"1";"7";1;50;2
"43491";"202100043491";4;"15:10";"1";"76";"2";"3";"1";2;49;0
"43492";"202100043492";4;"13:20";"1";"80";"1";"2";"1";3;50;1
"43493";"202100043493";4;"12:43";"1";"80";"1";"1";"1";6;49;1
"43494";"202100043494";4;"16:18";"1";"32";"1";"1";"1";1;43;0
"43495";"202100043495";4;"15:00";"1";"71";"2";"1";"1";6;46;5
"43496";"202100043496";4;"15:40";"1";"71";"1";"1";"1";2;46;4
"43497";"202100043497";4;"17:55";"1";"89";"2";"1";"1";6;48;3
"43498";"202100043498";4;"17:50";"1";"61";"1";"1";"7";2;48;0
"43499";"202100043499";4;"00:35";"3";"61";"1";"1";"1";7;48;0
"43500";"202100043500";4;"17:15";"1";"49";"1";"1";"1";7;47;0
"43501";"202100043501";4;"09:45";"1";"12";"2";"4";"1";6;44;2
"43502";"202100043502";4;"16:35";"1";"42";"1";"1";"1";6;45;3
"43503";"202100043503";4;"16:00";"1";"46";"1";"2";"1";3;44;1
"43504";"202100043504";4;"12:00";"1";"25";"1";"1";"1";7;47;6
"43505";"202100043505";4;"03:45";"3";"38";"1";"6";"1";6;45;5
"43506";"202100043506";4;"11:00";"1";"50";"2";"3";"1";3;48;-1
"43507";"202100043507";4;"14:40";"1";"64";"1";"9";"1";3;43;-1
"43508";"202100043508";4;"14:45";"1";"07";"2";"2";"1";2;44;4
"43509";"202100043509";3;"15:30";"1";"27";"1";"3";"1";3;48;0
"43510";"202100043510";3;"14:35";"1";"28";"2";"4";"1";3;48;1
"43511";"202100043511";4;"15:00";"1";"37";"1";"2";"1";1;47;0
"43512";"202100043512";4;"13:30";"1";"30";"1";"9";"1";6;44;4
"43513";"202100043513";4;"12:55";"1";"24";"1";"1";"1";1;44;0
"43514";"202100043514";4;"17:30";"1";"06";"1";"1";"2";7;43;7
"43515";"202100043515";3;"21:10";"3";"67";"1";"4";"1";3;48;7
"43516";"202100043516";4;"17:40";"2";"987";"1";"1";"1";7;-17;-149
"43517";"202100043517";4;"01:00";"5";"84";"2";"1";"1";3;43;4
"43518";"202100043518";4;"07:40";"1";"89";"1";"1";"1";1;47;3
"43519";"202100043519";4;"19:00";"2";"71";"1";"2";"1";3;46;4
"43520";"202100043520";4;"17:06";"1";"42";"1";"4";"1";6;45;4
"43521";"202100043521";4;"16:40";"1";"38";"1";"1";"1";6;45;5
"43522";"202100043522";4;"18:06";"1";"26";"2";"3";"1";5;45;5
"43523";"202100043523";4;"18:25";"1";"07";"1";"1";"1";3;45;4
"43524";"202100043524";4;"18:20";"1";"69";"1";"1";"1";1;45;4
"43525";"202100043525";4;"18:30";"1";"85";"2";"4";"1";6;46;0
"43526";"202100043526";4;"15:25";"1";"85";"1";"1";"1";3;46;0
"43527";"202100043527";4;"12:50";"1";"85";"1";"1";"1";6;46;-1
"43528";"202100043528";4;"17:05";"1";"29";"2";"1";"1";1;48;-4
"43529";"202100043529";4;"09:00";"1";"62";"1";"1";"5";1;50;2
"43530";"202100043530";4;"18:00";"1";"93";"1";"1";"1";3;48;2
"43531";"202100043531";4;"14:25";"1";"95";"1";"1";"1";3;48;2
"43532";"202100043532";4;"04:05";"5";"973";"2";"1";"2";7;4;-52
"43533";"202100043533";4;"16:30";"1";"69";"2";"2";"1";3;45;4
"43534";"202100043534";4;"07:20";"1";"972";"2";"1";"1";6;14;-61
"43535";"202100043535";4;"19:00";"1";"81";"2";"2";"1";3;43;2
"43536";"202100043536";4;"09:00";"1";"77";"1";"1";"1";2;48;2
"43537";"202100043537";4;"21:15";"3";"73";"1";"1";"1";2;45;6
"43538";"202100043538";4;"18:20";"1";"64";"2";"1";"1";1;43;-1
"43539";"202100043539";4;"15:30";"1";"62";"2";"3";"1";3;50;1
"43540";"202100043540";4;"14:30";"1";"42";"1";"1";"8";3;45;4
"43541";"202100043541";4;"07:30";"1";"38";"2";"1";"1";6;45;5
"43542";"202100043542";4;"19:20";"1";"33";"2";"2";"1";3;44;0
"43543";"202100043543";4;"12:20";"1";"33";"2";"2";"1";6;44;-1
"43544";"202100043544";4;"19:55";"2";"31";"2";"9";"1";3;43;1
"43545";"202100043545";4;"05:50";"5";"29";"2";"3";"1";3;48;-4
"43546";"202100043546";4;"18:25";"1";"27";"2";"2";"1";3;49;1
"43547";"202100043547";4;"19:30";"2";"13";"2";"3";"1";3;43;5
"43548";"202100043548";4;"16:25";"1";"13";"2";"3";"1";3;43;5
"43549";"202100043549";4;"12:58";"1";"13";"2";"1";"1";3;43;5
"43550";"202100043550";4;"16:00";"1";"13";"2";"1";"1";3;43;5
"43551";"202100043551";4;"13:00";"1";"13";"2";"1";"1";6;43;4
"43552";"202100043552";4;"10:00";"1";"13";"2";"9";"1";6;43;5
"43553";"202100043553";4;"17:05";"1";"06";"2";"2";"8";1;43;7
"43554";"202100043554";4;"16:35";"1";"03";"2";"9";"1";6;46;2
"43555";"202100043555";4;"18:40";"1";"02";"2";"6";"1";7;49;3
"43556";"202100043556";4;"14:30";"1";"75";"2";"3";"1";3;48;2
"43557";"202100043557";4;"20:00";"1";"75";"2";"4";"1";3;48;2
"43558";"202100043558";4;"01:20";"5";"75";"2";"2";"1";7;48;2
"43559";"202100043559";4;"16:40";"1";"75";"2";"1";"1";6;48;2
"43560";"202100043560";4;"20:20";"2";"94";"2";"1";"1";3;48;2
"43561";"202100043561";4;"16:05";"1";"94";"2";"2";"1";3;48;2
"43562";"202100043562";4;"12:50";"1";"94";"2";"2";"1";3;48;2
"43563";"202100043563";4;"21:00";"5";"93";"2";"9";"1";3;48;2
"43564";"202100043564";4;"18:00";"1";"93";"2";"9";"1";6;48;2
"43565";"202100043565";4;"19:30";"1";"93";"2";"2";"1";3;48;2
"43566";"202100043566";4;"20:20";"1";"93";"2";"1";"1";7;48;2
"43567";"202100043567";4;"20:00";"1";"93";"2";"1";"1";3;48;2
"43568";"202100043568";4;"18:05";"1";"92";"2";"2";"1";3;48;2
"43569";"202100043569";4;"07:10";"1";"92";"2";"1";"1";6;48;2
"43570";"202100043570";4;"11:15";"1";"92";"2";"1";"1";6;48;2
"43571";"202100043571";4;"20:15";"1";"09";"1";"1";"1";7;43;1
"43572";"202100043572";4;"15:55";"1";"88";"2";"1";"1";3;48;6
"43573";"202100043573";4;"17:20";"1";"91";"1";"1";"1";6;48;2
"43574";"202100043574";4;"13:00";"1";"69";"1";"1";"1";4;45;4
"43575";"202100043575";4;"18:30";"1";"84";"2";"1";"1";1;44;4
"43576";"202100043576";4;"16:25";"1";"95";"1";"1";"1";2;49;2
"43577";"202100043577";4;"15:00";"1";"56";"1";"1";"1";7;48;-3
"43578";"202100043578";4;"11:20";"1";"56";"2";"1";"1";6;47;-2
"43579";"202100043579";4;"20:10";"2";"71";"2";"1";"1";7;46;4
"43580";"202100043580";4;"08:41";"1";"49";"1";"4";"1";2;47;0
"43581";"202100043581";4;"17:55";"1";"22";"1";"1";"1";1;48;-3
"43582";"202100043582";4;"19:00";"1";"44";"1";"1";"1";1;47;-1
"43583";"202100043583";4;"14:20";"1";"38";"2";"1";"1";1;45;5
"43584";"202100043584";4;"14:55";"1";"38";"2";"1";"1";3;45;5
"43585";"202100043585";4;"10:25";"1";"01";"1";"1";"1";2;46;5
"43586";"202100043586";4;"18:50";"1";"72";"2";"9";"1";7;48;0
"43587";"202100043587";4;"14:45";"1";"72";"2";"1";"1";6;48;0
"43588";"202100043588";4;"11:15";"1";"60";"1";"2";"1";3;49;1
"43589";"202100043589";4;"01:55";"3";"53";"1";"1";"1";7;48;0
"43590";"202100043590";4;"08:00";"1";"21";"1";"1";"1";6;47;5
"43591";"202100043591";4;"16:00";"1";"85";"1";"1";"1";7;46;-1
"43592";"202100043592";4;"15:00";"1";"27";"2";"1";"1";1;49;0
"43593";"202100043593";4;"19:10";"1";"24";"1";"1";"1";6;44;0
"43594";"202100043594";4;"00:10";"4";"988";"1";"1";"2";6;-22;166
"43595";"202100043595";1;"07:25";"4";"77";"1";"4";"2";7;48;2
"43596";"202100043596";3;"10:50";"1";"84";"1";"1";"6";1;44;4
"43597";"202100043597";4;"12:15";"1";"67";"2";"1";"1";6;48;7
"43598";"202100043598";4;"19:00";"1";"38";"2";"6";"1";6;45;4
"43599";"202100043599";4;"15:45";"1";"33";"1";"1";"1";2;44;0
"43600";"202100043600";4;"11:50";"1";"14";"2";"1";"1";2;49;0
"43601";"202100043601";4;"16:30";"1";"76";"1";"1";"1";3;49;0
"43602";"202100043602";4;"04:35";"3";"60";"1";"1";"1";7;49;2
"43603";"202100043603";4;"11:30";"1";"13";"1";"1";"2";7;43;5
"43604";"202100043604";4;"15:00";"1";"13";"1";"1";"2";3;43;5
"43605";"202100043605";4;"19:05";"1";"94";"1";"1";"1";6;48;2
"43606";"202100043606";4;"07:50";"1";"91";"1";"1";"1";6;48;2
"43607";"202100043607";4;"16:45";"1";"95";"1";"1";"1";6;49;2
"43608";"202100043608";4;"11:30";"1";"95";"1";"1";"1";6;48;2
"43609";"202100043609";4;"03:45";"5";"974";"2";"1";"1";1;-20;55
"43610";"202100043610";4;"12:18";"1";"973";"2";"3";"1";3;4;-52
"43611";"202100043611";4;"05:55";"2";"973";"1";"7";"2";3;4;-52
"43612";"202100043612";4;"12:15";"1";"972";"1";"1";"1";3;14;-61
"43613";"202100043613";4;"16:15";"1";"91";"2";"1";"1";3;48;2
"43614";"202100043614";4;"18:35";"1";"91";"2";"1";"1";1;48;2
"43615";"202100043615";4;"13:10";"1";"91";"2";"1";"1";6;48;2
"43616";"202100043616";4;"21:17";"5";"91";"2";"9";"1";3;48;2
"43617";"202100043617";4;"15:10";"1";"77";"1";"1";"1";3;48;2
"43618";"202100043618";4;"13:14";"1";"74";"2";"1";"1";6;45;6
"43619";"202100043619";4;"16:50";"1";"72";"2";"2";"9";1;47;0
"43620";"202100043620";4;"20:10";"2";"69";"2";"1";"1";7;45;4
"43621";"202100043621";4;"16:25";"1";"65";"2";"2";"1";3;43;0
"43622";"202100043622";4;"14:05";"1";"65";"2";"2";"1";3;43;0
"43623";"202100043623";4;"14:44";"1";"65";"2";"1";"1";6;43;0
"43624";"202100043624";4;"18:30";"1";"64";"2";"3";"1";5;43;-1
"43625";"202100043625";4;"15:10";"1";"64";"2";"1";"1";2;43;-1
"43626";"202100043626";4;"13:45";"1";"61";"2";"2";"1";3;48;0
"43627";"202100043627";4;"18:35";"1";"56";"2";"6";"1";3;47;-3
"43628";"202100043628";4;"17:45";"1";"56";"2";"6";"1";2;47;-3
"43629";"202100043629";4;"14:00";"1";"45";"2";"3";"1";3;47;1
"43630";"202100043630";4;"17:05";"1";"45";"2";"9";"1";2;47;1
"43631";"202100043631";4;"11:30";"1";"37";"2";"1";"1";2;47;0
"43632";"202100043632";4;"19:45";"1";"34";"2";"1";"1";1;43;3
"43633";"202100043633";4;"16:00";"1";"34";"2";"6";"1";3;43;3
"43634";"202100043634";4;"14:30";"1";"33";"2";"4";"1";3;44;0
"43635";"202100043635";4;"18:45";"1";"33";"2";"1";"1";6;44;-1
"43636";"202100043636";4;"20:07";"2";"29";"2";"2";"1";3;48;-4
"43637";"202100043637";4;"16:40";"1";"28";"2";"9";"1";3;48;1
"43638";"202100043638";4;"14:25";"1";"27";"2";"1";"1";1;49;1
"43639";"202100043639";4;"15:00";"1";"14";"2";"1";"1";7;49;0
"43640";"202100043640";4;"23:30";"5";"13";"2";"6";"1";3;43;5
"43641";"202100043641";4;"12:32";"1";"13";"2";"1";"2";2;43;5
"43642";"202100043642";4;"10:30";"1";"13";"2";"1";"2";2;43;5
"43643";"202100043643";4;"14:00";"1";"06";"2";"3";"1";2;43;7
"43644";"202100043644";4;"19:00";"1";"04";"2";"3";"8";3;43;5
"43645";"202100043645";4;"22:54";"5";"75";"2";"5";"1";3;48;2
"43646";"202100043646";4;"10:00";"1";"75";"2";"7";"1";3;48;2
"43647";"202100043647";4;"16:00";"1";"75";"2";"2";"1";3;48;2
"43648";"202100043648";4;"08:35";"1";"75";"2";"5";"1";6;48;2
"43649";"202100043649";4;"18:40";"1";"75";"2";"1";"1";3;48;2
"43650";"202100043650";4;"19:20";"1";"75";"2";"2";"1";3;48;2
"43651";"202100043651";4;"16:40";"1";"75";"2";"4";"1";2;48;2
"43652";"202100043652";4;"16:20";"1";"75";"2";"3";"1";2;48;2
"43653";"202100043653";4;"19:05";"1";"75";"2";"2";"1";2;48;2
"43654";"202100043654";4;"20:35";"2";"94";"2";"1";"1";1;48;2
"43655";"202100043655";4;"04:55";"5";"94";"2";"2";"1";3;48;2
"43656";"202100043656";4;"18:30";"1";"94";"2";"1";"1";3;48;2
"43657";"202100043657";4;"13:00";"1";"94";"2";"1";"1";6;48;2
"43658";"202100043658";4;"19:30";"1";"94";"2";"9";"1";3;48;2
"43659";"202100043659";4;"10:15";"1";"94";"2";"3";"1";3;48;2
"43660";"202100043660";4;"19:30";"1";"94";"2";"1";"1";2;48;2
"43661";"202100043661";4;"15:00";"1";"93";"2";"1";"1";3;48;2
"43662";"202100043662";4;"21:15";"5";"93";"2";"2";"1";3;48;2
"43663";"202100043663";4;"15:30";"1";"93";"2";"2";"7";3;48;2
"43664";"202100043664";4;"21:15";"5";"92";"2";"9";"1";6;48;2
"43665";"202100043665";4;"12:17";"1";"92";"2";"1";"1";6;48;2
"43666";"202100043666";4;"23:05";"5";"92";"2";"4";"1";3;48;2
"43667";"202100043667";4;"11:30";"1";"92";"2";"6";"1";6;48;2
"43668";"202100043668";4;"21:22";"3";"44";"1";"1";"1";6;47;-1
"43669";"202100043669";4;"07:15";"1";"60";"2";"1";"1";6;49;2
"43670";"202100043670";4;"12:00";"1";"49";"1";"1";"1";1;47;-1
"43671";"202100043671";4;"08:10";"1";"47";"1";"1";"1";1;44;0
"43672";"202100043672";4;"17:55";"1";"01";"2";"1";"7";6;45;5
"43673";"202100043673";4;"16:40";"1";"60";"1";"1";"1";7;49;2
"43674";"202100043674";3;"15:50";"1";"83";"2";"6";"1";2;43;6
"43675";"202100043675";4;"00:00";"3";"79";"1";"1";"1";7;46;0
"43676";"202100043676";4;"20:00";"1";"60";"2";"1";"1";1;49;2
"43677";"202100043677";4;"13:30";"1";"80";"1";"2";"1";3;49;2
"43678";"202100043678";4;"14:53";"1";"32";"1";"2";"1";3;43;0
"43679";"202100043679";4;"07:15";"1";"63";"1";"1";"1";6;45;2
"43680";"202100043680";4;"19:30";"1";"61";"1";"1";"1";7;48;0
"43681";"202100043681";4;"17:30";"1";"55";"2";"1";"1";6;48;5
"43682";"202100043682";4;"20:00";"3";"25";"1";"1";"1";3;47;6
"43683";"202100043683";4;"10:45";"1";"31";"2";"9";"1";6;43;1
"43684";"202100043684";4;"16:00";"1";"38";"1";"1";"1";7;45;5
"43685";"202100043685";4;"17:15";"1";"58";"2";"1";"1";3;46;3
"43686";"202100043686";4;"16:50";"1";"06";"1";"1";"1";7;43;7
"43687";"202100043687";4;"05:30";"3";"14";"1";"1";"1";6;48;0
"43688";"202100043688";4;"15:20";"1";"50";"1";"2";"1";3;48;-1
"43689";"202100043689";4;"17:45";"1";"60";"1";"1";"1";7;49;2
"43690";"202100043690";4;"23:45";"5";"60";"2";"1";"1";6;49;2
"43691";"202100043691";4;"17:30";"1";"10";"1";"1";"1";7;48;4
"43692";"202100043692";4;"16:15";"1";"07";"1";"1";"1";1;44;4
"43693";"202100043693";4;"16:05";"1";"07";"2";"3";"1";1;44;4
"43694";"202100043694";4;"16:50";"1";"37";"2";"3";"1";6;47;0
"43695";"202100043695";4;"10:50";"1";"30";"1";"1";"1";7;43;4
"43696";"202100043696";4;"03:50";"3";"48";"1";"1";"1";6;44;3
"43697";"202100043697";4;"11:55";"1";"48";"1";"1";"1";6;44;3
"43698";"202100043698";4;"14:40";"1";"88";"1";"1";"1";2;48;5
"43699";"202100043699";4;"20:00";"1";"77";"1";"1";"1";6;48;2
"43700";"202100043700";4;"16:10";"1";"95";"1";"1";"1";6;49;2
"43701";"202100043701";4;"04:20";"3";"988";"1";"1";"1";6;-21;165
"43702";"202100043702";4;"20:15";"1";"95";"2";"1";"1";6;49;2
"43703";"202100043703";4;"18:10";"1";"78";"1";"1";"1";7;48;1
"43704";"202100043704";4;"06:50";"2";"2A";"1";"1";"1";2;41;9
"43705";"202100043705";4;"18:15";"1";"83";"2";"1";"1";3;43;6
"43706";"202100043706";4;"12:10";"1";"13";"1";"1";"1";2;43;4
"43707";"202100043707";4;"22:50";"3";"89";"1";"1";"1";6;47;3
"43708";"202100043708";4;"14:50";"1";"21";"2";"4";"1";3;47;5
"43709";"202100043709";4;"06:15";"2";"67";"2";"1";"1";6;48;7
"43710";"202100043710";4;"11:45";"1";"38";"1";"1";"1";6;45;5
"43711";"202100043711";4;"14:11";"1";"07";"1";"1";"1";6;44;4
"43712";"202100043712";4;"13:45";"1";"69";"1";"3";"1";6;46;4
"43713";"202100043713";4;"15:50";"1";"40";"2";"2";"1";3;44;-1
"43714";"202100043714";4;"17:30";"1";"53";"2";"1";"1";3;48;0
"43715";"202100043715";4;"05:45";"3";"50";"1";"1";"1";6;48;-1
"43716";"202100043716";4;"17:30";"1";"76";"1";"1";"1";1;49;0
"43717";"202100043717";4;"09:45";"1";"60";"2";"1";"1";1;49;1
"43718";"202100043718";4;"13:40";"1";"13";"1";"1";"1";3;43;5
"43719";"202100043719";4;"09:58";"1";"13";"1";"1";"2";7;43;5
"43720";"202100043720";4;"07:10";"2";"13";"1";"1";"3";3;43;5
"43721";"202100043721";4;"14:20";"1";"13";"1";"1";"1";2;43;5
"43722";"202100043722";4;"19:00";"1";"91";"1";"1";"1";3;48;2
"43723";"202100043723";4;"19:00";"1";"94";"1";"1";"1";3;48;2
"43724";"202100043724";4;"13:15";"1";"94";"1";"1";"1";4;48;2
"43725";"202100043725";4;"06:20";"2";"92";"1";"1";"1";4;48;2
"43726";"202100043726";4;"14:04";"1";"93";"1";"1";"1";2;48;2
"43727";"202100043727";4;"15:10";"1";"95";"1";"1";"1";2;48;2
"43728";"202100043728";4;"00:20";"4";"93";"1";"1";"1";2;48;2
"43729";"202100043729";4;"09:00";"1";"95";"1";"1";"1";3;48;2
"43730";"202100043730";4;"02:50";"5";"988";"2";"3";"2";2;-22;166
"43731";"202100043731";4;"16:30";"1";"988";"2";"1";"2";2;-22;166
"43732";"202100043732";4;"09:00";"1";"974";"1";"6";"1";6;-21;55
"43733";"202100043733";4;"18:33";"3";"974";"2";"1";"1";6;-20;55
"43734";"202100043734";4;"22:10";"5";"974";"2";"1";"1";3;-20;55
"43735";"202100043735";4;"15:00";"1";"973";"2";"1";"1";3;4;-52
"43736";"202100043736";4;"10:05";"1";"973";"2";"1";"1";7;4;-52
"43737";"202100043737";4;"13:45";"1";"69";"2";"3";"1";5;45;4
"43738";"202100043738";4;"05:45";"5";"69";"2";"1";"1";5;45;4
"43739";"202100043739";4;"22:05";"5";"972";"1";"1";"1";3;14;-61
"43740";"202100043740";4;"17:50";"1";"69";"2";"9";"1";2;45;4
"43741";"202100043741";4;"08:18";"1";"971";"1";"3";"1";3;16;-61
"43742";"202100043742";4;"11:20";"1";"971";"1";"1";"1";1;16;-61
"43743";"202100043743";4;"19:30";"2";"95";"2";"1";"1";1;48;2
"43744";"202100043744";4;"13:30";"1";"91";"2";"1";"8";6;48;2
"43745";"202100043745";3;"07:15";"2";"91";"2";"1";"1";1;48;2
"43746";"202100043746";4;"10:15";"1";"91";"2";"1";"1";6;48;2
"43747";"202100043747";4;"17:15";"1";"86";"2";"1";"1";3;46;0