"";"Num_Acc";"mois";"hrmn";"lum";"dep";"agg";"int";"atm";"col";"lat";"long"
"43748";"202100043748";3;"18:25";"1";"84";"1";"9";"1";3;44;5
"43749";"202100043749";4;"11:20";"1";"80";"2";"1";"1";2;49;2
"43750";"202100043750";4;"21:00";"2";"80";"2";"1";"1";6;49;2
"43751";"202100043751";4;"23:00";"5";"76";"2";"7";"1";7;49;1
"43752";"202100043752";4;"14:47";"1";"76";"1";"1";"1";1;49;0
"43753";"202100043753";4;"15:30";"1";"71";"1";"9";"1";3;46;4
"43754";"202100043754";4;"22:10";"5";"69";"2";"1";"1";2;45;4
"43755";"202100043755";1;"08:50";"1";"68";"2";"9";"9";6;47;7
"43756";"202100043756";4;"16:11";"1";"66";"2";"3";"1";3;42;2
"43757";"202100043757";4;"08:05";"1";"66";"1";"1";"1";6;42;2
"43758";"202100043758";4;"19:29";"1";"65";"2";"2";"1";3;43;0
"43759";"202100043759";4;"17:10";"1";"64";"2";"5";"1";3;43;0
"43760";"202100043760";4;"12:15";"1";"64";"2";"2";"1";3;43;-1
"43761";"202100043761";4;"12:40";"1";"64";"2";"1";"1";7;43;-1
"43762";"202100043762";4;"09:45";"1";"64";"2";"2";"1";6;43;-1
"43763";"202100043763";4;"17:35";"1";"64";"2";"1";"1";2;43;-1
"43764";"202100043764";2;"08:15";"1";"63";"2";"1";"1";6;45;3
"43765";"202100043765";4;"12:10";"1";"61";"2";"2";"1";3;48;0
"43766";"202100043766";4;"15:00";"1";"59";"2";"3";"1";6;50;3
"43767";"202100043767";4;"14:35";"1";"56";"2";"2";"1";2;47;-3
"43768";"202100043768";4;"16:20";"1";"51";"2";"2";"1";3;49;4
"43769";"202100043769";4;"04:10";"5";"50";"2";"3";"1";2;49;-1
"43770";"202100043770";4;"17:15";"1";"42";"2";"1";"1";2;45;4
"43771";"202100043771";4;"19:30";"1";"35";"2";"2";"1";3;48;-1
"43772";"202100043772";4;"22:30";"5";"33";"2";"1";"1";2;44;0
"43773";"202100043773";4;"07:50";"1";"33";"2";"1";"1";3;44;0
"43774";"202100043774";4;"16:19";"1";"31";"2";"1";"1";3;43;1
"43775";"202100043775";4;"15:47";"1";"29";"1";"3";"1";4;47;-3
"43776";"202100043776";4;"18:15";"1";"29";"2";"1";"1";2;48;-4
"43777";"202100043777";4;"13:22";"1";"29";"2";"1";"1";3;48;-4
"43778";"202100043778";4;"17:05";"1";"22";"1";"6";"1";3;48;-2
"43779";"202100043779";4;"05:15";"3";"18";"1";"1";"1";3;47;2
"43780";"202100043780";4;"12:10";"1";"16";"2";"1";"1";7;45;0
"43781";"202100043781";4;"20:40";"3";"13";"2";"1";"2";7;43;5
"43782";"202100043782";4;"23:00";"5";"13";"2";"1";"1";2;43;5
"43783";"202100043783";4;"17:50";"1";"13";"2";"9";"2";3;43;5
"43784";"202100043784";4;"14:26";"1";"10";"2";"1";"1";3;48;4
"43785";"202100043785";4;"15:42";"1";"10";"2";"1";"1";3;48;4
"43786";"202100043786";4;"00:50";"5";"75";"2";"1";"1";4;48;2
"43787";"202100043787";4;"18:30";"2";"75";"2";"1";"1";2;48;2
"43788";"202100043788";4;"18:40";"1";"75";"2";"1";"1";2;48;2
"43789";"202100043789";4;"17:45";"1";"75";"2";"1";"1";3;48;2
"43790";"202100043790";4;"13:15";"1";"75";"2";"1";"8";6;48;2
"43791";"202100043791";4;"09:40";"1";"75";"2";"5";"1";3;48;2
"43792";"202100043792";4;"08:40";"1";"75";"2";"4";"1";3;48;2
"43793";"202100043793";4;"07:35";"1";"75";"2";"2";"1";3;48;2
"43794";"202100043794";4;"12:40";"1";"75";"2";"2";"1";6;48;2
"43795";"202100043795";4;"17:00";"1";"75";"2";"1";"1";3;48;2
"43796";"202100043796";4;"12:05";"1";"75";"2";"7";"1";3;48;2
"43797";"202100043797";4;"21:25";"5";"75";"2";"2";"1";3;48;2
"43798";"202100043798";4;"22:45";"5";"75";"2";"2";"1";3;48;2
"43799";"202100043799";4;"18:00";"1";"75";"2";"3";"1";6;48;2
"43800";"202100043800";4;"17:10";"1";"94";"2";"2";"1";3;48;2
"43801";"202100043801";4;"10:30";"1";"94";"2";"1";"1";6;48;2
"43802";"202100043802";4;"18:55";"1";"94";"2";"1";"1";7;48;2
"43803";"202100043803";4;"20:00";"1";"94";"2";"1";"1";5;48;2
"43804";"202100043804";4;"08:45";"1";"94";"2";"1";"1";1;48;2
"43805";"202100043805";4;"18:35";"1";"94";"2";"3";"1";3;48;2
"43806";"202100043806";4;"11:15";"1";"94";"2";"1";"1";6;48;2
"43807";"202100043807";4;"13:20";"1";"93";"2";"3";"8";2;48;2
"43808";"202100043808";4;"16:40";"1";"93";"2";"1";"1";1;48;2
"43809";"202100043809";4;"16:00";"1";"93";"2";"1";"1";3;48;2
"43810";"202100043810";4;"18:30";"1";"93";"2";"1";"1";6;48;2
"43811";"202100043811";4;"18:15";"1";"92";"2";"1";"1";7;48;2
"43812";"202100043812";4;"18:10";"1";"92";"2";"1";"1";2;48;2
"43813";"202100043813";4;"17:55";"1";"92";"2";"1";"1";3;48;2
"43814";"202100043814";4;"17:50";"1";"92";"2";"3";"1";6;48;2
"43815";"202100043815";4;"19:52";"1";"92";"2";"1";"1";6;48;2
"43816";"202100043816";4;"18:25";"1";"92";"2";"1";"1";3;48;2
"43817";"202100043817";4;"11:50";"1";"974";"1";"1";"1";2;-20;55
"43818";"202100043818";4;"13:00";"1";"62";"1";"1";"1";3;50;2
"43819";"202100043819";4;"15:20";"1";"36";"2";"1";"8";6;47;1
"43820";"202100043820";4;"12:10";"1";"87";"1";"1";"1";4;46;1
"43821";"202100043821";4;"15:30";"1";"89";"2";"1";"1";2;48;3
"43822";"202100043822";4;"18:20";"1";"51";"2";"2";"1";3;49;3
"43823";"202100043823";4;"00:45";"3";"60";"1";"6";"1";7;49;2
"43824";"202100043824";4;"13:38";"1";"29";"1";"1";"1";7;48;-4
"43825";"202100043825";4;"16:40";"1";"44";"1";"1";"1";6;47;-1
"43826";"202100043826";4;"20:00";"1";"35";"2";"6";"1";3;48;-1
"43827";"202100043827";4;"18:45";"1";"29";"1";"4";"1";3;48;-3
"43828";"202100043828";4;"15:15";"1";"29";"2";"3";"1";3;48;-4
"43829";"202100043829";4;"20:33";"2";"02";"1";"1";"1";1;49;3
"43830";"202100043830";4;"19:00";"1";"18";"1";"1";"1";7;47;2
"43831";"202100043831";4;"17:50";"1";"07";"1";"1";"1";7;44;4
"43832";"202100043832";4;"16:00";"1";"53";"1";"1";"1";1;48;0
"43833";"202100043833";4;"03:00";"3";"85";"1";"1";"1";6;46;-1
"43834";"202100043834";4;"09:30";"1";"85";"2";"1";"1";6;46;-1
"43835";"202100043835";4;"17:30";"1";"30";"1";"1";"1";6;43;4
"43836";"202100043836";4;"22:00";"3";"06";"1";"1";"1";5;43;6
"43837";"202100043837";4;"09:35";"1";"974";"1";"1";"8";3;-20;55
"43838";"202100043838";4;"15:55";"1";"974";"2";"3";"1";3;-20;55
"43839";"202100043839";3;"10:00";"1";"971";"1";"2";"1";3;16;-61
"43840";"202100043840";3;"12:40";"1";"29";"1";"1";"1";1;47;-3
"43841";"202100043841";4;"14:29";"1";"2B";"2";"3";"1";1;42;8
"43842";"202100043842";4;"14:40";"1";"73";"1";"1";"1";6;45;6
"43843";"202100043843";4;"18:22";"1";"46";"1";"1";"1";1;44;2
"43844";"202100043844";4;"19:55";"1";"32";"1";"3";"1";3;43;0
"43845";"202100043845";4;"13:41";"1";"60";"2";"1";"1";6;49;2
"43846";"202100043846";4;"10:25";"1";"13";"1";"1";"2";3;43;5
"43847";"202100043847";4;"08:13";"1";"13";"1";"1";"1";2;43;5
"43848";"202100043848";4;"12:50";"1";"33";"1";"1";"1";6;44;0
"43849";"202100043849";4;"14:45";"1";"91";"1";"1";"1";2;48;2
"43850";"202100043850";4;"21:10";"2";"93";"1";"1";"1";6;48;2
"43851";"202100043851";4;"18:35";"1";"93";"1";"1";"1";4;48;2
"43852";"202100043852";4;"14:00";"1";"93";"1";"1";"1";4;48;2
"43853";"202100043853";4;"23:40";"5";"93";"1";"1";"1";1;48;2
"43854";"202100043854";4;"17:30";"1";"94";"1";"9";"1";3;48;2
"43855";"202100043855";4;"06:00";"5";"94";"1";"1";"1";6;48;2
"43856";"202100043856";4;"18:10";"2";"974";"1";"1";"2";3;-21;55
"43857";"202100043857";4;"11:20";"1";"974";"2";"2";"1";3;-20;55
"43858";"202100043858";4;"09:05";"1";"972";"2";"3";"1";6;14;-61
"43859";"202100043859";4;"08:40";"1";"69";"2";"3";"1";3;45;4
"43860";"202100043860";4;"14:45";"1";"971";"1";"1";"1";1;16;-61
"43861";"202100043861";4;"12:33";"1";"971";"2";"1";"1";6;16;-61
"43862";"202100043862";4;"17:40";"1";"84";"2";"3";"1";1;44;4
"43863";"202100043863";4;"16:05";"1";"78";"2";"9";"1";6;48;2
"43864";"202100043864";4;"14:20";"1";"78";"1";"1";"1";3;48;2
"43865";"202100043865";4;"04:15";"5";"77";"2";"7";"1";6;48;2
"43866";"202100043866";4;"18:45";"1";"76";"2";"6";"2";3;49;0
"43867";"202100043867";4;"06:10";"2";"74";"2";"1";"1";6;46;6
"43868";"202100043868";4;"10:50";"1";"64";"2";"1";"7";7;43;-1
"43869";"202100043869";4;"19:25";"1";"64";"2";"3";"1";3;43;-1
"43870";"202100043870";4;"16:15";"1";"64";"2";"1";"1";2;43;-1
"43871";"202100043871";4;"17:10";"1";"64";"2";"3";"1";3;43;-1
"43872";"202100043872";4;"14:30";"1";"62";"2";"1";"1";6;50;2
"43873";"202100043873";4;"13:00";"1";"59";"2";"1";"1";3;50;3
"43874";"202100043874";4;"07:45";"1";"59";"2";"1";"1";6;50;3
"43875";"202100043875";4;"14:37";"1";"57";"2";"1";"2";6;49;6
"43876";"202100043876";4;"18:20";"1";"51";"2";"2";"1";1;49;4
"43877";"202100043877";4;"16:32";"1";"51";"2";"1";"1";3;49;4
"43878";"202100043878";4;"16:22";"1";"51";"2";"3";"1";7;48;4
"43879";"202100043879";4;"09:10";"1";"50";"2";"1";"1";6;49;-1
"43880";"202100043880";4;"02:35";"5";"47";"2";"3";"1";4;44;0
"43881";"202100043881";4;"11:10";"1";"45";"2";"6";"1";3;48;2
"43882";"202100043882";4;"02:15";"3";"44";"1";"1";"9";6;47;-1
"43883";"202100043883";4;"17:35";"1";"42";"2";"9";"1";5;46;4
"43884";"202100043884";4;"11:45";"1";"37";"2";"1";"1";6;47;0
"43885";"202100043885";4;"17:10";"1";"35";"2";"1";"1";2;48;-1
"43886";"202100043886";2;"12:30";"1";"35";"2";"2";"2";3;48;-1
"43887";"202100043887";4;"09:45";"1";"31";"2";"1";"1";3;43;0
"43888";"202100043888";4;"20:45";"1";"30";"2";"1";"1";6;43;4
"43889";"202100043889";4;"20:00";"1";"29";"2";"1";"1";3;48;-4
"43890";"202100043890";4;"17:45";"1";"29";"2";"2";"1";3;48;-4
"43891";"202100043891";4;"08:35";"1";"29";"2";"3";"1";3;48;-4
"43892";"202100043892";4;"16:10";"1";"27";"2";"1";"1";2;49;1
"43893";"202100043893";4;"06:50";"3";"26";"1";"1";"1";6;44;4
"43894";"202100043894";4;"16:15";"1";"25";"2";"5";"1";6;46;6
"43895";"202100043895";4;"12:00";"1";"17";"1";"1";"1";7;46;-1
"43896";"202100043896";4;"21:30";"5";"13";"2";"1";"1";5;43;4
"43897";"202100043897";4;"17:35";"1";"13";"2";"9";"1";2;43;5
"43898";"202100043898";4;"19:00";"1";"13";"2";"1";"1";3;43;5
"43899";"202100043899";4;"07:40";"1";"13";"2";"3";"1";1;43;5
"43900";"202100043900";4;"21:50";"5";"13";"2";"1";"1";3;43;5
"43901";"202100043901";4;"04:50";"5";"10";"2";"1";"1";6;48;4
"43902";"202100043902";4;"10:30";"1";"09";"2";"3";"1";3;42;1
"43903";"202100043903";4;"18:00";"1";"06";"2";"1";"1";2;43;7
"43904";"202100043904";4;"15:45";"1";"75";"2";"1";"1";2;48;2
"43905";"202100043905";4;"16:00";"1";"75";"2";"2";"1";7;48;2
"43906";"202100043906";4;"15:20";"1";"75";"2";"1";"1";3;48;2
"43907";"202100043907";4;"09:30";"1";"75";"2";"3";"1";3;48;2
"43908";"202100043908";4;"09:30";"1";"75";"2";"1";"1";2;48;2
"43909";"202100043909";4;"18:10";"1";"75";"2";"1";"1";4;48;2
"43910";"202100043910";4;"15:15";"1";"75";"2";"2";"1";3;48;2
"43911";"202100043911";4;"12:30";"1";"75";"2";"3";"1";6;48;2
"43912";"202100043912";4;"09:26";"1";"75";"2";"4";"1";6;48;2
"43913";"202100043913";4;"22:20";"5";"75";"2";"3";"1";2;48;2
"43914";"202100043914";4;"13:30";"1";"75";"2";"1";"1";3;48;2
"43915";"202100043915";4;"11:55";"1";"75";"2";"2";"1";6;48;2
"43916";"202100043916";4;"19:35";"2";"75";"2";"2";"8";6;48;2
"43917";"202100043917";4;"06:15";"2";"75";"2";"4";"1";6;48;2
"43918";"202100043918";4;"16:45";"1";"94";"2";"2";"1";6;48;2
"43919";"202100043919";4;"18:45";"1";"94";"2";"1";"1";3;48;2
"43920";"202100043920";4;"15:50";"1";"94";"2";"1";"1";3;48;2
"43921";"202100043921";4;"05:07";"5";"94";"2";"1";"1";2;48;2
"43922";"202100043922";4;"19:48";"1";"94";"2";"1";"1";2;48;2
"43923";"202100043923";4;"17:20";"1";"94";"2";"6";"1";6;48;2
"43924";"202100043924";4;"14:50";"1";"94";"2";"2";"1";3;48;2
"43925";"202100043925";4;"19:40";"1";"94";"2";"1";"1";2;48;2
"43926";"202100043926";4;"17:30";"1";"94";"2";"1";"1";2;48;2
"43927";"202100043927";4;"17:45";"1";"93";"2";"1";"1";6;48;2
"43928";"202100043928";4;"07:00";"1";"93";"2";"9";"1";6;48;2
"43929";"202100043929";4;"18:15";"1";"93";"2";"2";"1";3;48;2
"43930";"202100043930";4;"11:50";"1";"93";"2";"1";"1";1;48;2
"43931";"202100043931";4;"11:50";"1";"93";"2";"1";"1";1;48;2
"43932";"202100043932";4;"13:50";"1";"93";"2";"3";"1";3;48;2
"43933";"202100043933";4;"00:15";"5";"93";"2";"1";"1";6;48;2
"43934";"202100043934";4;"13:05";"1";"92";"2";"1";"1";6;48;2
"43935";"202100043935";4;"11:50";"1";"92";"2";"9";"1";6;48;2
"43936";"202100043936";4;"16:00";"1";"92";"2";"1";"1";1;48;2
"43937";"202100043937";4;"17:00";"1";"92";"2";"2";"1";6;48;2
"43938";"202100043938";4;"11:20";"1";"92";"2";"1";"1";3;48;2
"43939";"202100043939";4;"20:30";"1";"92";"2";"3";"1";6;48;2
"43940";"202100043940";4;"11:45";"1";"92";"2";"1";"1";6;48;2
"43941";"202100043941";4;"16:15";"1";"92";"2";"1";"1";6;48;2
"43942";"202100043942";4;"21:10";"2";"92";"2";"2";"1";3;48;2
"43943";"202100043943";4;"09:30";"1";"92";"2";"1";"1";3;48;2
"43944";"202100043944";4;"13:55";"1";"60";"1";"2";"1";3;49;2
"43945";"202100043945";3;"22:10";"3";"51";"1";"1";"1";7;48;4
"43946";"202100043946";4;"15:55";"1";"01";"2";"1";"1";1;45;5
"43947";"202100043947";4;"14:00";"1";"43";"1";"9";"1";6;45;3
"43948";"202100043948";4;"19:30";"1";"33";"1";"1";"7";6;44;0
"43949";"202100043949";4;"17:40";"1";"06";"2";"1";"1";3;43;7
"43950";"202100043950";4;"05:50";"3";"68";"1";"1";"1";2;48;7
"43951";"202100043951";4;"10:00";"1";"35";"1";"1";"1";2;47;-1
"43952";"202100043952";4;"17:00";"1";"974";"2";"1";"3";2;-21;55
"43953";"202100043953";4;"16:14";"1";"06";"1";"1";"1";7;43;6
"43954";"202100043954";4;"17:00";"1";"83";"1";"1";"1";3;43;6
"43955";"202100043955";4;"14:00";"1";"69";"1";"1";"1";3;45;4
"43956";"202100043956";4;"18:30";"1";"89";"1";"1";"1";6;48;3
"43957";"202100043957";4;"14:30";"1";"51";"1";"9";"1";7;48;3
"43958";"202100043958";4;"07:50";"1";"77";"1";"1";"1";6;48;3
"43959";"202100043959";4;"04:00";"3";"49";"2";"1";"1";6;47;0
"43960";"202100043960";4;"13:00";"1";"49";"1";"1";"1";1;47;0
"43961";"202100043961";4;"20:30";"5";"42";"1";"1";"1";6;45;3
"43962";"202100043962";1;"08:00";"2";"47";"1";"1";"1";6;44;0
"43963";"202100043963";4;"13:00";"1";"44";"2";"1";"1";6;47;-1
"43964";"202100043964";4;"13:40";"1";"29";"2";"6";"1";6;47;-4
"43965";"202100043965";4;"19:00";"1";"38";"1";"1";"3";1;45;4
"43966";"202100043966";4;"15:31";"1";"02";"1";"2";"1";3;49;3
"43967";"202100043967";4;"08:50";"1";"03";"1";"1";"1";6;46;2
"43968";"202100043968";3;"08:38";"1";"72";"2";"1";"1";2;48;0
"43969";"202100043969";4;"22:30";"3";"64";"1";"1";"1";7;43;-1
"43970";"202100043970";4;"16:20";"1";"73";"2";"9";"1";3;45;5
"43971";"202100043971";4;"10:45";"1";"40";"1";"2";"7";3;43;0
"43972";"202100043972";4;"17:15";"1";"31";"2";"6";"1";3;43;1
"43973";"202100043973";4;"11:00";"1";"06";"1";"1";"1";7;43;7
"43974";"202100043974";4;"16:20";"1";"44";"1";"1";"1";1;47;-1
"43975";"202100043975";4;"15:00";"1";"13";"1";"3";"1";2;43;5
"43976";"202100043976";4;"02:42";"5";"13";"1";"1";"1";1;43;4
"43977";"202100043977";4;"15:40";"1";"68";"2";"1";"1";7;47;7
"43978";"202100043978";4;"19:20";"1";"13";"1";"1";"1";7;43;5
"43979";"202100043979";4;"20:00";"1";"84";"2";"1";"1";6;44;4
"43980";"202100043980";4;"14:23";"1";"68";"2";"1";"1";3;47;7
"43981";"202100043981";4;"14:50";"1";"68";"1";"1";"1";7;48;7
"43982";"202100043982";4;"10:55";"1";"54";"1";"1";"1";1;48;5
"43983";"202100043983";4;"21:30";"3";"38";"1";"1";"1";6;45;4
"43984";"202100043984";4;"11:15";"1";"17";"2";"2";"1";3;45;-1
"43985";"202100043985";4;"16:15";"1";"85";"1";"1";"1";6;46;-2
"43986";"202100043986";4;"07:30";"1";"44";"1";"4";"1";3;47;-2
"43987";"202100043987";3;"08:35";"2";"76";"1";"3";"2";1;49;1
"43988";"202100043988";4;"09:15";"1";"60";"2";"2";"1";3;49;2
"43989";"202100043989";4;"08:19";"1";"13";"1";"1";"1";1;43;5
"43990";"202100043990";4;"18:37";"1";"13";"1";"1";"1";4;43;5
"43991";"202100043991";4;"09:45";"1";"13";"1";"1";"1";6;43;5
"43992";"202100043992";3;"18:30";"1";"33";"1";"1";"1";4;44;0
"43993";"202100043993";4;"08:50";"1";"91";"1";"1";"1";2;48;2
"43994";"202100043994";4;"19:10";"1";"93";"1";"1";"1";4;48;2
"43995";"202100043995";4;"17:30";"1";"93";"1";"1";"1";3;48;2
"43996";"202100043996";4;"16:00";"1";"95";"1";"1";"1";6;48;2
"43997";"202100043997";4;"17:05";"1";"94";"1";"1";"1";2;48;2
"43998";"202100043998";4;"06:30";"3";"94";"1";"1";"1";4;48;2
"43999";"202100043999";4;"14:10";"1";"976";"1";"9";"1";5;-12;45
"44000";"202100044000";4;"15:30";"1";"974";"2";"1";"1";6;-20;55
"44001";"202100044001";4;"20:00";"3";"974";"2";"1";"2";2;-20;55
"44002";"202100044002";4;"13:20";"1";"69";"2";"2";"1";6;45;4
"44003";"202100044003";4;"08:57";"1";"972";"1";"1";"1";2;14;-61
"44004";"202100044004";4;"23:20";"5";"69";"2";"2";"1";3;45;4
"44005";"202100044005";4;"14:20";"1";"69";"2";"5";"1";3;45;4
"44006";"202100044006";4;"16:35";"1";"95";"2";"1";"1";6;48;2
"44007";"202100044007";4;"15:40";"1";"91";"2";"9";"1";6;48;2
"44008";"202100044008";4;"14:25";"1";"89";"2";"2";"1";3;47;3
"44009";"202100044009";4;"12:40";"1";"86";"2";"6";"1";3;46;0
"44010";"202100044010";4;"16:30";"1";"83";"1";"1";"1";6;43;6
"44011";"202100044011";4;"11:35";"1";"77";"1";"1";"1";4;48;2
"44012";"202100044012";4;"18:00";"1";"72";"2";"1";"1";3;47;0
"44013";"202100044013";4;"13:50";"1";"72";"2";"1";"1";2;47;0
"44014";"202100044014";4;"15:55";"1";"71";"2";"1";"1";6;46;4
"44015";"202100044015";4;"17:30";"1";"67";"2";"1";"1";6;48;7
"44016";"202100044016";4;"07:45";"1";"66";"1";"6";"1";2;42;2
"44017";"202100044017";4;"20:45";"2";"66";"2";"1";"1";1;42;2
"44018";"202100044018";4;"20:35";"2";"64";"2";"1";"1";6;43;-1
"44019";"202100044019";4;"08:55";"1";"64";"2";"3";"1";3;43;-1
"44020";"202100044020";4;"11:34";"1";"63";"2";"3";"1";2;45;3
"44021";"202100044021";4;"20:30";"2";"59";"2";"9";"1";3;50;3
"44022";"202100044022";4;"16:20";"1";"56";"2";"1";"1";7;47;-3
"44023";"202100044023";4;"13:52";"1";"56";"2";"1";"1";7;47;-3
"44024";"202100044024";4;"10:04";"1";"49";"2";"1";"1";5;47;0
"44025";"202100044025";4;"18:15";"2";"42";"1";"1";"1";6;45;4
"44026";"202100044026";4;"18:50";"1";"34";"2";"1";"1";1;43;3
"44027";"202100044027";4;"07:00";"1";"34";"2";"1";"1";3;43;3
"44028";"202100044028";4;"18:45";"1";"33";"2";"3";"1";2;44;0
"44029";"202100044029";4;"19:30";"1";"30";"2";"1";"1";6;43;4
"44030";"202100044030";4;"18:10";"1";"29";"2";"6";"1";2;48;-4
"44031";"202100044031";4;"06:55";"2";"27";"2";"2";"1";3;49;1
"44032";"202100044032";4;"17:38";"1";"17";"2";"2";"1";3;46;-1
"44033";"202100044033";4;"04:15";"5";"13";"2";"1";"1";3;43;5
"44034";"202100044034";4;"18:40";"1";"13";"2";"9";"7";4;43;5
"44035";"202100044035";4;"15:30";"1";"13";"2";"1";"8";1;43;5
"44036";"202100044036";4;"22:24";"5";"10";"2";"1";"1";2;48;4
"44037";"202100044037";4;"10:40";"1";"06";"2";"3";"1";3;43;7
"44038";"202100044038";3;"18:50";"1";"02";"2";"6";"1";6;49;3
"44039";"202100044039";4;"15:20";"1";"75";"2";"1";"1";6;48;2
"44040";"202100044040";4;"20:40";"5";"75";"2";"1";"1";2;48;2
"44041";"202100044041";4;"09:05";"1";"75";"2";"1";"1";7;48;2
"44042";"202100044042";4;"13:30";"1";"75";"2";"3";"1";3;48;2
"44043";"202100044043";4;"19:31";"2";"75";"2";"3";"1";1;48;2
"44044";"202100044044";4;"15:00";"1";"75";"2";"1";"1";3;48;2
"44045";"202100044045";4;"08:45";"1";"75";"2";"1";"1";3;48;2
"44046";"202100044046";4;"17:54";"1";"75";"2";"1";"1";2;48;2
"44047";"202100044047";4;"17:00";"1";"75";"2";"3";"1";7;48;2
"44048";"202100044048";4;"19:15";"2";"75";"2";"5";"1";3;48;2
"44049";"202100044049";4;"14:25";"1";"75";"2";"5";"1";1;48;2
"44050";"202100044050";4;"11:20";"1";"75";"2";"7";"1";6;48;2
"44051";"202100044051";4;"18:55";"2";"75";"2";"3";"1";2;48;2
"44052";"202100044052";4;"12:00";"1";"75";"2";"4";"1";6;48;2
"44053";"202100044053";4;"10:00";"1";"75";"2";"2";"1";3;48;2
"44054";"202100044054";4;"19:30";"1";"94";"2";"3";"1";3;48;2
"44055";"202100044055";4;"16:45";"1";"94";"2";"1";"1";3;48;2
"44056";"202100044056";4;"09:00";"1";"93";"1";"1";"1";3;49;2
"44057";"202100044057";4;"17:10";"1";"93";"2";"9";"1";3;48;2
"44058";"202100044058";4;"18:10";"1";"93";"2";"3";"1";6;48;2
"44059";"202100044059";4;"13:15";"1";"93";"2";"9";"1";1;48;2
"44060";"202100044060";4;"07:53";"1";"93";"2";"1";"1";2;48;2
"44061";"202100044061";4;"16:55";"1";"93";"2";"2";"1";3;48;2
"44062";"202100044062";4;"07:00";"1";"93";"2";"2";"1";6;48;2
"44063";"202100044063";4;"21:50";"5";"92";"2";"1";"1";2;48;2
"44064";"202100044064";4;"14:45";"1";"92";"2";"1";"1";6;48;2
"44065";"202100044065";4;"19:50";"1";"92";"2";"3";"7";3;48;2
"44066";"202100044066";4;"19:15";"1";"92";"2";"1";"1";3;48;2
"44067";"202100044067";4;"17:15";"1";"60";"1";"3";"1";3;49;2
"44068";"202100044068";4;"17:45";"1";"976";"1";"1";"1";1;-12;45
"44069";"202100044069";4;"12:10";"1";"12";"1";"1";"1";1;44;2
"44070";"202100044070";4;"15:45";"1";"49";"1";"3";"1";7;47;0
"44071";"202100044071";4;"17:00";"1";"68";"1";"1";"1";6;48;7
"44072";"202100044072";4;"14:50";"1";"68";"2";"3";"1";3;48;7
"44073";"202100044073";4;"11:30";"1";"11";"2";"3";"1";6;43;2
"44074";"202100044074";4;"18:30";"5";"971";"2";"1";"1";5;15;-61
"44075";"202100044075";4;"10:25";"1";"59";"2";"1";"2";6;50;2
"44076";"202100044076";4;"17:30";"1";"57";"1";"1";"2";1;49;6
"44077";"202100044077";4;"08:44";"1";"91";"2";"1";"1";4;48;2
"44078";"202100044078";4;"09:45";"1";"79";"1";"2";"1";3;46;0
"44079";"202100044079";4;"15:50";"1";"65";"1";"1";"1";7;43;0
"44080";"202100044080";4;"20:20";"2";"32";"1";"1";"7";6;43;0
"44081";"202100044081";4;"07:30";"1";"32";"1";"1";"1";3;43;0
"44082";"202100044082";4;"11:45";"1";"71";"1";"1";"1";7;46;4
"44083";"202100044083";4;"08:50";"1";"22";"1";"1";"1";1;48;-3
"44084";"202100044084";4;"15:32";"1";"39";"2";"2";"1";3;46;5
"44085";"202100044085";4;"12:00";"1";"25";"2";"1";"1";6;47;6
"44086";"202100044086";3;"08:50";"1";"29";"1";"2";"1";2;48;-4
"44087";"202100044087";4;"19:25";"1";"50";"1";"1";"7";1;48;-1
"44088";"202100044088";4;"21:10";"2";"50";"1";"1";"1";6;48;-1
"44089";"202100044089";4;"01:30";"3";"21";"2";"4";"1";6;47;4
"44090";"202100044090";4;"10:11";"1";"27";"1";"1";"1";5;49;0
"44091";"202100044091";4;"19:27";"1";"30";"1";"1";"1";5;44;4
"44092";"202100044092";4;"15:15";"1";"48";"1";"1";"1";7;44;3
"44093";"202100044093";4;"11:20";"1";"69";"2";"3";"1";3;45;4
"44094";"202100044094";4;"17:40";"1";"21";"1";"1";"1";6;47;4
"44095";"202100044095";4;"11:00";"1";"95";"1";"1";"1";1;49;1
"44096";"202100044096";4;"11:30";"1";"84";"1";"1";"9";7;43;4
"44097";"202100044097";4;"08:00";"1";"57";"2";"3";"7";6;49;6
"44098";"202100044098";4;"08:30";"1";"01";"2";"6";"1";6;45;4
"44099";"202100044099";4;"18:26";"1";"01";"1";"1";"1";7;46;6
"44100";"202100044100";4;"11:20";"1";"69";"2";"1";"1";1;45;4
"44101";"202100044101";4;"07:30";"2";"16";"1";"1";"1";2;45;0
"44102";"202100044102";4;"16:17";"1";"60";"1";"1";"1";2;49;2
"44103";"202100044103";4;"08:55";"1";"59";"1";"1";"1";3;50;2
"44104";"202100044104";4;"08:40";"1";"13";"1";"1";"1";7;43;5
"44105";"202100044105";4;"11:00";"1";"91";"1";"1";"1";3;48;2
"44106";"202100044106";4;"16:30";"1";"92";"1";"9";"1";2;48;2
"44107";"202100044107";4;"18:00";"1";"95";"1";"1";"1";2;49;2
"44108";"202100044108";4;"15:10";"1";"988";"2";"3";"2";3;-22;166
"44109";"202100044109";4;"10:15";"1";"974";"1";"3";"1";3;-21;55
"44110";"202100044110";4;"10:10";"1";"974";"1";"1";"1";1;-20;55
"44111";"202100044111";4;"08:40";"1";"974";"1";"1";"1";4;-20;55
"44112";"202100044112";4;"12:55";"1";"974";"2";"1";"1";7;-20;55