"";"Num_Acc";"mois";"hrmn";"lum";"dep";"agg";"int";"atm";"col";"lat";"long"
"44113";"202100044113";4;"12:10";"1";"974";"2";"9";"1";3;-20;55
"44114";"202100044114";4;"12:00";"1";"973";"2";"1";"1";3;4;-52
"44115";"202100044115";4;"23:35";"1";"973";"2";"3";"1";6;4;-52
"44116";"202100044116";4;"19:50";"3";"972";"1";"1";"1";6;14;-60
"44117";"202100044117";4;"20:00";"1";"69";"2";"1";"1";6;45;4
"44118";"202100044118";4;"15:15";"1";"69";"2";"2";"1";3;45;4
"44119";"202100044119";4;"14:00";"1";"69";"2";"3";"1";3;45;4
"44120";"202100044120";4;"13:05";"1";"971";"1";"1";"1";2;16;-61
"44121";"202100044121";4;"11:57";"1";"95";"2";"1";"1";6;48;2
"44122";"202100044122";4;"16:55";"1";"95";"2";"1";"1";3;49;2
"44123";"202100044123";4;"15:30";"1";"91";"2";"1";"1";6;48;2
"44124";"202100044124";4;"09:30";"1";"91";"2";"9";"1";3;48;2
"44125";"202100044125";4;"18:03";"2";"91";"2";"3";"1";6;48;2
"44126";"202100044126";3;"17:41";"1";"84";"2";"1";"1";6;43;5
"44127";"202100044127";4;"10:15";"3";"79";"2";"1";"1";6;46;0
"44128";"202100044128";4;"18:20";"1";"78";"2";"2";"1";3;48;2
"44129";"202100044129";4;"15:42";"1";"77";"2";"8";"1";6;48;2
"44130";"202100044130";4;"08:10";"1";"72";"2";"2";"1";3;48;0
"44131";"202100044131";4;"19:00";"1";"69";"2";"3";"1";3;45;4
"44132";"202100044132";3;"17:55";"1";"69";"2";"2";"1";3;45;4
"44133";"202100044133";4;"11:13";"1";"68";"2";"2";"1";1;47;7
"44134";"202100044134";4;"07:35";"2";"67";"2";"3";"1";2;48;7
"44135";"202100044135";4;"09:39";"1";"66";"2";"1";"1";2;42;2
"44136";"202100044136";4;"12:35";"1";"64";"2";"1";"1";7;43;-1
"44137";"202100044137";4;"11:25";"1";"64";"2";"1";"1";2;43;-1
"44138";"202100044138";2;"14:00";"1";"62";"2";"1";"1";7;50;2
"44139";"202100044139";4;"18:15";"1";"61";"1";"6";"1";7;48;0
"44140";"202100044140";4;"21:25";"5";"59";"2";"2";"1";5;50;3
"44141";"202100044141";4;"20:15";"2";"59";"2";"2";"1";3;50;3
"44142";"202100044142";4;"21:25";"2";"56";"2";"1";"1";6;47;-3
"44143";"202100044143";4;"18:43";"1";"56";"2";"1";"1";6;47;-3
"44144";"202100044144";4;"20:06";"2";"56";"2";"4";"1";6;47;-3
"44145";"202100044145";4;"13:15";"1";"56";"2";"6";"2";6;47;-3
"44146";"202100044146";4;"06:40";"4";"56";"2";"1";"1";6;47;-3
"44147";"202100044147";4;"08:30";"1";"50";"2";"1";"1";6;48;-1
"44148";"202100044148";4;"15:20";"1";"44";"2";"2";"1";3;47;-2
"44149";"202100044149";4;"16:06";"1";"37";"2";"9";"1";6;47;0
"44150";"202100044150";4;"08:50";"1";"35";"2";"2";"1";2;48;-1
"44151";"202100044151";4;"18:45";"1";"18";"2";"1";"1";3;47;2
"44152";"202100044152";4;"19:34";"1";"17";"2";"6";"1";3;46;-1
"44153";"202100044153";4;"20:00";"2";"13";"2";"1";"1";5;43;5
"44154";"202100044154";4;"09:40";"1";"13";"2";"1";"1";3;43;5
"44155";"202100044155";4;"10:50";"1";"07";"2";"1";"1";6;44;4
"44156";"202100044156";4;"09:00";"1";"06";"2";"1";"7";3;43;6
"44157";"202100044157";4;"04:40";"5";"01";"2";"5";"1";3;46;5
"44158";"202100044158";4;"07:30";"1";"75";"2";"1";"1";2;48;2
"44159";"202100044159";4;"12:40";"1";"75";"2";"2";"1";3;48;2
"44160";"202100044160";4;"08:40";"1";"75";"2";"1";"1";6;48;2
"44161";"202100044161";4;"20:35";"5";"75";"2";"2";"1";1;48;2
"44162";"202100044162";4;"19:00";"1";"75";"2";"1";"1";3;48;2
"44163";"202100044163";4;"12:45";"1";"75";"2";"3";"1";7;48;2
"44164";"202100044164";4;"15:20";"1";"75";"2";"3";"1";3;48;2
"44165";"202100044165";4;"14:33";"1";"75";"2";"1";"1";3;48;2
"44166";"202100044166";4;"16:00";"1";"75";"2";"4";"1";2;48;2
"44167";"202100044167";4;"17:00";"1";"75";"2";"1";"1";7;48;2
"44168";"202100044168";4;"10:50";"1";"75";"2";"1";"1";6;48;2
"44169";"202100044169";4;"09:20";"1";"75";"2";"2";"1";3;48;2
"44170";"202100044170";4;"16:35";"1";"75";"2";"2";"1";3;48;2
"44171";"202100044171";4;"13:50";"1";"75";"2";"2";"1";3;48;2
"44172";"202100044172";4;"14:30";"1";"94";"2";"1";"1";2;48;2
"44173";"202100044173";4;"07:45";"1";"94";"2";"1";"1";2;48;2
"44174";"202100044174";4;"12:40";"1";"94";"2";"1";"1";2;48;2
"44175";"202100044175";4;"23:15";"5";"93";"2";"5";"1";3;48;2
"44176";"202100044176";4;"17:26";"1";"93";"2";"2";"1";6;48;2
"44177";"202100044177";4;"13:00";"1";"93";"2";"3";"1";3;48;2
"44178";"202100044178";4;"12:25";"1";"93";"2";"1";"1";6;48;2
"44179";"202100044179";4;"12:35";"1";"92";"2";"1";"1";2;48;2
"44180";"202100044180";4;"22:51";"5";"92";"2";"3";"9";3;48;2
"44181";"202100044181";4;"14:15";"1";"92";"2";"5";"1";3;48;2
"44182";"202100044182";4;"12:14";"1";"92";"2";"2";"1";3;48;2
"44183";"202100044183";4;"19:30";"2";"92";"2";"1";"1";3;48;2
"44184";"202100044184";4;"14:20";"1";"92";"2";"3";"1";3;48;2
"44185";"202100044185";4;"12:40";"1";"92";"2";"1";"1";6;48;2
"44186";"202100044186";4;"14:00";"1";"92";"2";"3";"1";3;48;2
"44187";"202100044187";4;"08:32";"1";"92";"2";"1";"1";6;48;2
"44188";"202100044188";4;"14:30";"1";"16";"1";"1";"1";7;45;0
"44189";"202100044189";3;"07:20";"2";"974";"2";"3";"1";6;-21;55
"44190";"202100044190";4;"12:10";"1";"30";"1";"3";"1";3;43;4
"44191";"202100044191";4;"13:00";"1";"35";"1";"1";"4";1;48;-1
"44192";"202100044192";4;"17:30";"1";"2B";"2";"1";"1";1;42;9
"44193";"202100044193";4;"11:30";"1";"80";"2";"1";"1";1;49;2
"44194";"202100044194";4;"18:45";"1";"49";"1";"4";"1";2;47;0
"44195";"202100044195";4;"18:50";"1";"41";"2";"9";"1";6;47;1
"44196";"202100044196";4;"08:00";"2";"34";"1";"1";"7";1;43;3
"44197";"202100044197";4;"17:40";"1";"02";"2";"1";"1";7;49;3
"44198";"202100044198";4;"18:45";"1";"01";"2";"1";"1";1;46;4
"44199";"202100044199";4;"08:30";"1";"60";"1";"1";"7";1;49;2
"44200";"202100044200";4;"15:00";"1";"07";"1";"1";"1";6;44;4
"44201";"202100044201";4;"10:40";"1";"24";"2";"1";"1";1;45;1
"44202";"202100044202";4;"14:15";"1";"04";"1";"1";"1";7;43;6
"44203";"202100044203";4;"18:25";"1";"28";"1";"2";"1";3;48;1
"44204";"202100044204";4;"00:15";"3";"988";"1";"1";"1";7;-22;166
"44205";"202100044205";4;"16:55";"1";"72";"1";"1";"1";6;47;0
"44206";"202100044206";4;"06:45";"2";"38";"1";"1";"1";2;45;5
"44207";"202100044207";4;"00:15";"3";"45";"1";"1";"1";4;48;2
"44208";"202100044208";4;"06:30";"2";"972";"1";"1";"2";5;14;-60
"44209";"202100044209";4;"12:40";"1";"78";"2";"3";"1";1;48;1
"44210";"202100044210";4;"17:15";"1";"78";"1";"3";"1";3;49;1
"44211";"202100044211";4;"07:45";"1";"13";"1";"3";"1";3;43;4
"44212";"202100044212";3;"16:30";"1";"67";"2";"3";"1";6;49;7
"44213";"202100044213";3;"19:00";"2";"88";"2";"1";"1";1;48;5
"44214";"202100044214";4;"17:30";"1";"38";"2";"9";"1";6;45;5
"44215";"202100044215";4;"16:25";"1";"76";"2";"1";"1";6;49;0
"44216";"202100044216";4;"11:25";"1";"60";"1";"1";"1";7;49;2
"44217";"202100044217";4;"12:41";"1";"80";"1";"1";"1";7;49;2
"44218";"202100044218";4;"08:00";"1";"13";"1";"1";"1";2;43;5
"44219";"202100044219";4;"18:07";"1";"33";"1";"1";"1";2;44;0
"44220";"202100044220";4;"17:45";"1";"33";"1";"1";"1";2;44;0
"44221";"202100044221";4;"08:30";"1";"91";"1";"1";"1";3;48;2
"44222";"202100044222";4;"20:45";"3";"78";"1";"1";"1";6;48;2
"44223";"202100044223";4;"18:35";"1";"95";"1";"1";"1";2;48;2
"44224";"202100044224";4;"13:15";"1";"93";"1";"1";"1";3;48;2
"44225";"202100044225";4;"09:00";"1";"95";"1";"1";"1";2;48;2
"44226";"202100044226";4;"12:50";"1";"93";"1";"1";"1";5;48;2
"44227";"202100044227";4;"09:40";"1";"93";"1";"1";"1";2;48;2
"44228";"202100044228";4;"18:00";"1";"77";"1";"1";"1";7;48;2
"44229";"202100044229";4;"16:00";"1";"93";"1";"1";"1";5;48;2
"44230";"202100044230";4;"09:45";"1";"77";"1";"1";"1";2;48;2
"44231";"202100044231";4;"09:00";"1";"77";"1";"1";"1";6;48;2
"44232";"202100044232";4;"07:50";"2";"94";"1";"1";"1";3;48;2
"44233";"202100044233";1;"03:45";"5";"59";"2";"1";"4";2;50;3
"44234";"202100044234";4;"20:20";"3";"976";"1";"1";"1";3;-12;45
"44235";"202100044235";2;"12:34";"1";"976";"2";"1";"1";6;-12;45
"44236";"202100044236";2;"18:00";"2";"976";"2";"1";"1";6;-12;45
"44237";"202100044237";4;"14:10";"1";"974";"1";"1";"2";7;-21;55
"44238";"202100044238";4;"18:55";"1";"69";"2";"1";"1";2;45;4
"44239";"202100044239";4;"16:00";"1";"69";"2";"9";"1";6;45;4
"44240";"202100044240";4;"16:50";"1";"972";"1";"1";"2";6;14;-60
"44241";"202100044241";4;"18:10";"2";"972";"1";"1";"1";2;14;-60
"44242";"202100044242";4;"18:40";"1";"69";"2";"1";"1";2;45;4
"44243";"202100044243";4;"17:40";"2";"971";"2";"9";"1";6;16;-61
"44244";"202100044244";4;"07:20";"2";"95";"2";"9";"8";6;48;2
"44245";"202100044245";4;"15:20";"1";"91";"2";"1";"1";3;48;2
"44246";"202100044246";4;"10:40";"1";"86";"2";"1";"1";3;46;0
"44247";"202100044247";4;"17:45";"1";"83";"2";"9";"1";1;43;6
"44248";"202100044248";4;"15:30";"1";"80";"2";"1";"1";6;49;2
"44249";"202100044249";4;"14:30";"1";"76";"2";"2";"1";3;49;1
"44250";"202100044250";4;"11:10";"1";"67";"2";"1";"2";6;48;7
"44251";"202100044251";4;"15:13";"1";"66";"2";"1";"1";3;42;2
"44252";"202100044252";4;"16:55";"1";"64";"2";"6";"1";3;43;0
"44253";"202100044253";4;"06:19";"2";"63";"2";"2";"1";3;45;3
"44254";"202100044254";4;"16:39";"1";"63";"2";"1";"1";4;45;3
"44255";"202100044255";2;"10:30";"1";"63";"2";"1";"1";6;45;3
"44256";"202100044256";2;"07:21";"3";"63";"2";"2";"2";3;45;3
"44257";"202100044257";2;"20:00";"5";"63";"2";"2";"1";3;45;3
"44258";"202100044258";2;"10:38";"1";"63";"2";"1";"1";4;45;3
"44259";"202100044259";2;"15:36";"1";"63";"2";"1";"1";3;45;3
"44260";"202100044260";2;"12:20";"1";"63";"2";"1";"1";6;45;3
"44261";"202100044261";4;"13:45";"1";"61";"2";"4";"1";2;48;0
"44262";"202100044262";4;"09:55";"1";"61";"2";"6";"1";7;48;0
"44263";"202100044263";4;"09:45";"1";"61";"2";"4";"1";1;48;0
"44264";"202100044264";4;"21:25";"5";"59";"2";"3";"8";6;50;3
"44265";"202100044265";4;"17:05";"1";"59";"1";"1";"1";6;50;3
"44266";"202100044266";4;"05:40";"5";"59";"2";"2";"1";3;50;3
"44267";"202100044267";4;"16:40";"1";"54";"2";"6";"1";3;48;6
"44268";"202100044268";4;"18:11";"1";"51";"2";"3";"1";2;49;4
"44269";"202100044269";4;"11:30";"1";"51";"2";"3";"2";1;49;4
"44270";"202100044270";4;"18:03";"1";"49";"2";"1";"1";3;47;0
"44271";"202100044271";4;"13:01";"1";"45";"2";"2";"1";3;47;1
"44272";"202100044272";4;"08:35";"1";"45";"2";"1";"1";2;47;1
"44273";"202100044273";4;"20:00";"1";"45";"1";"1";"1";6;47;2
"44274";"202100044274";4;"22:15";"5";"44";"2";"2";"1";3;47;-2
"44275";"202100044275";4;"09:30";"1";"37";"2";"2";"1";2;47;0
"44276";"202100044276";4;"07:55";"1";"35";"2";"1";"1";6;48;-1
"44277";"202100044277";4;"17:47";"1";"33";"2";"1";"1";3;44;0
"44278";"202100044278";4;"14:45";"1";"33";"2";"3";"1";3;44;0
"44279";"202100044279";4;"21:30";"5";"27";"2";"1";"2";1;49;1
"44280";"202100044280";4;"11:13";"1";"17";"2";"1";"1";6;46;-1
"44281";"202100044281";4;"16:15";"1";"16";"2";"3";"1";3;45;0
"44282";"202100044282";4;"15:30";"1";"13";"2";"4";"6";4;43;5
"44283";"202100044283";4;"16:00";"1";"13";"2";"1";"1";6;43;5
"44284";"202100044284";4;"14:40";"1";"13";"2";"1";"1";2;43;4
"44285";"202100044285";4;"21:10";"5";"13";"2";"3";"2";1;43;5
"44286";"202100044286";4;"20:40";"5";"11";"2";"2";"1";5;43;3
"44287";"202100044287";4;"10:35";"1";"11";"2";"2";"1";3;43;2
"44288";"202100044288";4;"06:30";"2";"06";"2";"1";"2";6;43;7
"44289";"202100044289";4;"18:45";"1";"05";"2";"1";"1";2;44;6
"44290";"202100044290";4;"13:06";"1";"05";"2";"9";"1";6;44;6
"44291";"202100044291";4;"14:25";"1";"75";"2";"1";"1";4;48;2
"44292";"202100044292";4;"13:30";"1";"75";"2";"5";"8";2;48;2
"44293";"202100044293";4;"18:35";"1";"75";"2";"7";"8";3;48;2
"44294";"202100044294";4;"08:50";"1";"75";"2";"3";"1";3;48;2
"44295";"202100044295";4;"08:20";"1";"75";"2";"1";"1";3;48;2
"44296";"202100044296";4;"10:50";"1";"75";"2";"1";"1";3;48;2
"44297";"202100044297";4;"18:30";"1";"75";"2";"2";"1";3;48;2
"44298";"202100044298";4;"12:30";"1";"75";"2";"2";"1";2;48;2
"44299";"202100044299";4;"18:30";"1";"75";"2";"1";"1";6;48;2
"44300";"202100044300";4;"11:20";"1";"75";"2";"2";"1";3;48;2
"44301";"202100044301";4;"09:39";"1";"75";"2";"2";"1";3;48;2
"44302";"202100044302";4;"16:20";"1";"75";"2";"3";"8";6;48;2
"44303";"202100044303";4;"10:45";"1";"75";"2";"3";"1";6;48;2
"44304";"202100044304";4;"21:35";"5";"75";"2";"2";"3";2;48;2
"44305";"202100044305";4;"11:59";"1";"94";"2";"1";"1";6;48;2
"44306";"202100044306";4;"15:30";"1";"93";"2";"1";"8";6;48;2
"44307";"202100044307";4;"14:00";"1";"93";"2";"2";"1";3;48;2
"44308";"202100044308";4;"17:55";"1";"93";"2";"1";"1";6;48;2
"44309";"202100044309";4;"18:45";"1";"93";"2";"1";"1";5;48;2
"44310";"202100044310";4;"10:50";"1";"93";"2";"1";"1";6;48;2
"44311";"202100044311";4;"18:40";"2";"93";"2";"1";"1";6;48;2
"44312";"202100044312";4;"17:15";"1";"93";"2";"1";"1";3;48;2
"44313";"202100044313";4;"18:45";"1";"93";"2";"1";"1";6;48;2
"44314";"202100044314";4;"11:45";"1";"93";"2";"1";"1";6;48;2
"44315";"202100044315";4;"09:45";"1";"92";"2";"1";"1";6;48;2
"44316";"202100044316";4;"23:13";"5";"92";"2";"1";"1";3;48;2
"44317";"202100044317";4;"16:36";"1";"92";"2";"2";"1";6;48;2
"44318";"202100044318";3;"14:10";"1";"92";"2";"1";"1";3;48;2
"44319";"202100044319";4;"21:15";"5";"92";"2";"2";"1";3;48;2
"44320";"202100044320";4;"18:10";"1";"37";"2";"3";"1";2;47;0
"44321";"202100044321";4;"07:45";"1";"33";"2";"2";"7";3;44;0
"44322";"202100044322";4;"14:20";"1";"56";"2";"2";"1";3;47;-2
"44323";"202100044323";4;"15:30";"1";"55";"1";"1";"1";7;48;5
"44324";"202100044324";4;"17:00";"1";"22";"1";"1";"7";3;48;-3
"44325";"202100044325";4;"18:55";"1";"25";"1";"1";"1";5;47;5
"44326";"202100044326";4;"11:30";"1";"31";"2";"2";"1";3;43;1
"44327";"202100044327";4;"08:20";"1";"84";"1";"1";"1";6;43;5
"44328";"202100044328";4;"10:30";"1";"14";"2";"6";"1";2;49;0
"44329";"202100044329";4;"17:40";"1";"50";"2";"1";"1";6;49;-1
"44330";"202100044330";4;"19:30";"2";"18";"1";"1";"1";6;46;2
"44331";"202100044331";4;"08:30";"1";"10";"1";"2";"1";6;48;4
"44332";"202100044332";4;"18:10";"1";"07";"2";"1";"1";6;44;4
"44333";"202100044333";4;"14:30";"1";"07";"2";"1";"6";3;44;4
"44334";"202100044334";4;"18:20";"1";"21";"1";"1";"1";6;47;4
"44335";"202100044335";4;"18:20";"1";"40";"2";"3";"7";2;44;-1
"44336";"202100044336";2;"09:30";"1";"973";"1";"1";"1";1;4;-52
"44337";"202100044337";4;"09:30";"1";"76";"1";"1";"1";2;49;0
"44338";"202100044338";4;"11:00";"1";"01";"1";"1";"1";6;46;5
"44339";"202100044339";4;"02:15";"3";"988";"2";"1";"2";7;-20;164
"44340";"202100044340";4;"09:30";"1";"45";"1";"1";"1";6;47;2
"44341";"202100044341";4;"15:10";"1";"11";"1";"1";"1";7;43;2
"44342";"202100044342";4;"05:30";"3";"74";"1";"1";"1";7;46;6
"44343";"202100044343";4;"18:45";"2";"07";"1";"1";"1";6;45;4
"44344";"202100044344";4;"14:00";"1";"69";"1";"1";"1";1;45;4
"44345";"202100044345";4;"01:00";"3";"44";"1";"1";"1";7;47;-1
"44346";"202100044346";4;"15:20";"1";"60";"1";"1";"1";6;49;2
"44347";"202100044347";4;"08:40";"1";"60";"1";"1";"7";3;49;2
"44348";"202100044348";4;"20:10";"3";"62";"1";"1";"1";6;50;2
"44349";"202100044349";4;"16:00";"1";"93";"1";"1";"1";2;48;2
"44350";"202100044350";4;"11:00";"1";"95";"1";"1";"1";2;48;2
"44351";"202100044351";4;"19:35";"5";"974";"1";"1";"1";1;-20;55
"44352";"202100044352";4;"15:35";"1";"972";"2";"1";"1";6;14;-61
"44353";"202100044353";4;"18:15";"1";"69";"2";"1";"2";7;45;4
"44354";"202100044354";4;"11:45";"1";"69";"2";"2";"1";3;45;4
"44355";"202100044355";4;"11:55";"1";"69";"2";"1";"1";6;45;4
"44356";"202100044356";4;"17:05";"1";"2A";"2";"1";"1";2;41;8
"44357";"202100044357";4;"20:27";"5";"91";"2";"1";"2";7;48;2
"44358";"202100044358";4;"20:00";"5";"69";"2";"3";"3";3;45;4
"44359";"202100044359";4;"03:40";"5";"69";"2";"9";"1";7;45;4
"44360";"202100044360";4;"13:00";"1";"65";"2";"2";"2";1;43;0
"44361";"202100044361";4;"09:50";"1";"65";"2";"7";"1";6;43;0
"44362";"202100044362";4;"15:30";"1";"42";"2";"1";"1";6;46;4
"44363";"202100044363";4;"13:20";"1";"35";"1";"1";"4";4;48;-1
"44364";"202100044364";4;"17:30";"1";"31";"2";"1";"2";3;43;1
"44365";"202100044365";4;"17:35";"1";"31";"2";"1";"1";3;43;1
"44366";"202100044366";4;"12:30";"1";"21";"2";"4";"1";3;47;5
"44367";"202100044367";4;"12:30";"1";"75";"2";"3";"8";6;48;2
"44368";"202100044368";4;"01:50";"5";"75";"2";"3";"2";7;48;2
"44369";"202100044369";4;"20:45";"3";"75";"2";"2";"1";1;48;2
"44370";"202100044370";4;"01:30";"5";"75";"2";"2";"2";3;48;2
"44371";"202100044371";4;"20:10";"5";"75";"2";"3";"3";2;48;2
"44372";"202100044372";4;"16:15";"1";"94";"2";"1";"1";2;48;2
"44373";"202100044373";4;"23:20";"5";"94";"2";"1";"2";1;48;2
"44374";"202100044374";4;"21:40";"5";"94";"2";"9";"1";3;48;2
"44375";"202100044375";4;"14:30";"1";"93";"1";"1";"1";3;48;2
"44376";"202100044376";4;"17:38";"1";"93";"2";"1";"1";6;48;2
"44377";"202100044377";4;"13:05";"1";"93";"2";"3";"1";3;48;2
"44378";"202100044378";4;"04:55";"5";"92";"2";"1";"2";6;48;2
"44379";"202100044379";4;"18:00";"1";"11";"1";"1";"3";2;43;2
"44380";"202100044380";4;"19:20";"2";"81";"1";"1";"1";6;43;2
"44381";"202100044381";4;"15:50";"1";"71";"1";"1";"3";7;46;4
"44382";"202100044382";4;"13:55";"1";"59";"2";"1";"8";6;50;2
"44383";"202100044383";4;"19:15";"1";"85";"2";"1";"1";3;46;-1
"44384";"202100044384";4;"20:30";"5";"30";"2";"1";"2";7;44;4
"44385";"202100044385";4;"13:55";"1";"23";"1";"1";"1";7;46;1
"44386";"202100044386";4;"18:00";"1";"47";"1";"1";"1";6;44;0
"44387";"202100044387";4;"13:00";"1";"34";"1";"1";"1";7;43;3
"44388";"202100044388";3;"16:55";"1";"34";"2";"1";"1";3;43;3
"44389";"202100044389";4;"09:07";"1";"91";"2";"6";"9";1;48;2
"44390";"202100044390";4;"16:30";"1";"62";"1";"3";"1";1;50;1
"44391";"202100044391";4;"11:40";"1";"56";"1";"1";"2";6;47;-2
"44392";"202100044392";4;"17:00";"1";"82";"1";"6";"1";6;43;1
"44393";"202100044393";4;"15:35";"1";"32";"1";"1";"1";7;43;0
"44394";"202100044394";4;"15:15";"1";"11";"1";"1";"3";7;43;2
"44395";"202100044395";4;"19:30";"2";"11";"1";"1";"1";6;43;2
"44396";"202100044396";4;"08:15";"1";"11";"1";"9";"1";5;43;2
"44397";"202100044397";4;"18:15";"1";"63";"2";"3";"1";3;45;3
"44398";"202100044398";4;"17:00";"1";"63";"1";"1";"1";7;45;3
"44399";"202100044399";4;"18:15";"1";"63";"1";"1";"1";3;45;3
"44400";"202100044400";4;"15:10";"1";"68";"1";"4";"1";7;47;7
"44401";"202100044401";4;"09:45";"1";"22";"1";"1";"4";1;48;-3
"44402";"202100044402";4;"18:00";"1";"39";"1";"1";"1";1;46;5
"44403";"202100044403";4;"15:10";"1";"54";"1";"1";"3";6;48;6
"44404";"202100044404";4;"09:10";"1";"83";"2";"1";"8";6;43;6
"44405";"202100044405";4;"18:40";"1";"60";"2";"1";"1";3;49;1
"44406";"202100044406";4;"10:33";"1";"10";"1";"1";"2";6;48;3
"44407";"202100044407";4;"16:10";"1";"16";"1";"1";"1";6;46;0
"44408";"202100044408";4;"11:10";"1";"40";"2";"6";"1";6;43;-1
"44409";"202100044409";4;"07:05";"2";"24";"1";"1";"9";1;45;0
"44410";"202100044410";3;"16:07";"1";"39";"1";"1";"1";7;46;5
"44411";"202100044411";4;"21:00";"3";"988";"1";"1";"3";6;-22;166
"44412";"202100044412";4;"17:45";"1";"35";"1";"1";"1";1;48;-1
"44413";"202100044413";4;"13:00";"1";"35";"1";"1";"1";2;48;-1
"44414";"202100044414";4;"00:30";"3";"30";"1";"1";"2";6;43;4
"44415";"202100044415";4;"12:15";"1";"77";"2";"4";"1";3;48;3
"44416";"202100044416";4;"22:00";"3";"95";"1";"1";"1";2;49;2
"44417";"202100044417";4;"13:15";"1";"26";"1";"1";"1";6;45;4
"44418";"202100044418";4;"12:43";"1";"52";"1";"1";"1";1;48;5
"44419";"202100044419";3;"14:50";"1";"68";"1";"1";"1";7;47;7
"44420";"202100044420";4;"12:35";"1";"68";"2";"1";"1";2;47;7
"44421";"202100044421";4;"15:30";"1";"55";"2";"2";"1";6;48;5
"44422";"202100044422";4;"08:00";"1";"85";"1";"1";"1";6;46;-1
"44423";"202100044423";4;"17:00";"1";"60";"2";"1";"1";3;49;2
"44424";"202100044424";3;"07:35";"1";"13";"1";"1";"1";6;43;5
"44425";"202100044425";4;"15:11";"1";"13";"1";"1";"1";2;43;5
"44426";"202100044426";4;"14:55";"1";"33";"1";"1";"1";4;44;0
"44427";"202100044427";4;"11:06";"1";"94";"1";"9";"2";6;48;2
"44428";"202100044428";4;"23:00";"3";"91";"1";"1";"3";6;48;2
"44429";"202100044429";4;"09:20";"1";"78";"1";"1";"2";6;48;1
"44430";"202100044430";4;"16:00";"1";"95";"1";"1";"2";5;49;2
"44431";"202100044431";4;"08:40";"1";"95";"1";"1";"2";6;49;2
"44432";"202100044432";4;"07:50";"1";"95";"1";"1";"2";7;49;2
"44433";"202100044433";4;"08:00";"2";"95";"1";"1";"2";2;49;2
"44434";"202100044434";4;"11:30";"1";"95";"1";"1";"2";6;49;2
"44435";"202100044435";4;"10:35";"1";"94";"1";"1";"2";6;48;2
"44436";"202100044436";4;"09:20";"1";"94";"1";"1";"2";3;48;2
"44437";"202100044437";4;"00:30";"5";"94";"1";"1";"2";4;48;2
"44438";"202100044438";4;"18:00";"1";"77";"1";"1";"2";7;48;2
"44439";"202100044439";2;"14:45";"1";"43";"2";"3";"1";6;45;3
"44440";"202100044440";1;"19:30";"5";"92";"2";"1";"1";1;48;2
"44441";"202100044441";4;"21:20";"5";"974";"2";"1";"1";6;-21;55
"44442";"202100044442";4;"19:05";"5";"973";"2";"1";"2";3;4;-52
"44443";"202100044443";4;"22:35";"5";"69";"1";"1";"1";7;45;4
"44444";"202100044444";4;"18:25";"1";"69";"2";"2";"8";3;45;4
"44445";"202100044445";4;"07:40";"1";"972";"1";"1";"1";6;14;-61
"44446";"202100044446";4;"11:55";"1";"95";"2";"2";"2";6;48;2
"44447";"202100044447";4;"14:55";"1";"91";"1";"1";"2";3;48;2
"44448";"202100044448";4;"13:35";"1";"91";"2";"1";"2";7;48;2
"44449";"202100044449";4;"06:40";"5";"91";"2";"1";"2";3;48;2
"44450";"202100044450";4;"20:50";"5";"91";"2";"1";"3";6;48;2
"44451";"202100044451";4;"17:35";"1";"86";"2";"4";"1";3;46;0
"44452";"202100044452";4;"14:20";"1";"82";"2";"1";"1";3;43;1
"44453";"202100044453";4;"00:55";"5";"76";"2";"3";"2";6;49;1
"44454";"202100044454";4;"02:30";"5";"74";"2";"4";"1";6;46;6
"44455";"202100044455";4;"21:25";"5";"72";"2";"1";"2";2;47;0
"44456";"202100044456";4;"18:20";"1";"62";"1";"1";"1";1;50;2
"44457";"202100044457";4;"11:35";"1";"54";"2";"4";"1";3;48;6
"44458";"202100044458";4;"19:30";"2";"49";"2";"1";"1";7;47;0
"44459";"202100044459";4;"18:30";"1";"35";"1";"1";"2";6;48;-1
"44460";"202100044460";4;"15:10";"1";"34";"2";"1";"2";3;43;3
"44461";"202100044461";4;"12:50";"1";"33";"2";"1";"1";2;44;0
"44462";"202100044462";4;"14:00";"1";"31";"2";"1";"1";3;43;1
"44463";"202100044463";4;"11:45";"1";"25";"2";"2";"1";3;46;6
"44464";"202100044464";4;"18:55";"1";"19";"2";"2";"1";3;45;1
"44465";"202100044465";4;"11:00";"1";"14";"2";"1";"3";2;49;0
"44466";"202100044466";4;"22:15";"3";"13";"2";"1";"3";7;43;5
"44467";"202100044467";4;"21:50";"5";"13";"2";"1";"2";2;43;5
"44468";"202100044468";4;"18:30";"1";"13";"2";"1";"2";6;43;5
"44469";"202100044469";4;"15:55";"1";"13";"2";"1";"8";3;43;5
"44470";"202100044470";4;"17:40";"1";"13";"2";"1";"1";3;43;5
"44471";"202100044471";4;"00:30";"5";"13";"2";"1";"1";6;43;5
"44472";"202100044472";4;"17:40";"1";"10";"2";"1";"1";7;48;4
"44473";"202100044473";4;"13:35";"1";"75";"2";"1";"1";2;48;2
"44474";"202100044474";4;"11:55";"1";"75";"2";"1";"1";7;48;2
"44475";"202100044475";4;"13:55";"1";"75";"2";"1";"1";4;48;2
"44476";"202100044476";4;"16:40";"1";"75";"2";"2";"1";2;48;2
"44477";"202100044477";4;"15:02";"1";"75";"2";"2";"1";6;48;2