"";"Num_Acc";"mois";"hrmn";"lum";"dep";"agg";"int";"atm";"col";"lat";"long"
"44478";"202100044478";4;"02:52";"5";"75";"2";"3";"8";6;48;2
"44479";"202100044479";4;"06:10";"5";"75";"2";"4";"2";3;48;2
"44480";"202100044480";4;"03:40";"5";"75";"2";"2";"3";3;48;2
"44481";"202100044481";4;"17:30";"1";"75";"2";"1";"1";6;48;2
"44482";"202100044482";4;"21:35";"5";"75";"2";"4";"3";6;48;2
"44483";"202100044483";4;"10:15";"1";"75";"2";"1";"2";3;48;2
"44484";"202100044484";4;"09:10";"1";"75";"2";"5";"2";3;48;2
"44485";"202100044485";4;"15:30";"1";"75";"2";"1";"2";3;48;2
"44486";"202100044486";4;"06:17";"5";"75";"2";"1";"2";6;48;2
"44487";"202100044487";4;"02:30";"5";"75";"2";"1";"2";7;48;2
"44488";"202100044488";4;"22:05";"5";"75";"2";"2";"2";3;48;2
"44489";"202100044489";4;"16:00";"1";"94";"2";"2";"1";3;48;2
"44490";"202100044490";4;"10:15";"1";"94";"2";"1";"1";6;48;2
"44491";"202100044491";4;"14:50";"1";"93";"2";"1";"2";3;48;2
"44492";"202100044492";4;"15:30";"1";"92";"2";"1";"2";7;48;2
"44493";"202100044493";4;"10:25";"1";"92";"2";"1";"1";2;48;2
"44494";"202100044494";4;"16:05";"1";"92";"2";"1";"1";2;48;2
"44495";"202100044495";3;"12:15";"1";"37";"1";"1";"1";7;47;0
"44496";"202100044496";4;"10:50";"1";"86";"1";"1";"1";6;46;0
"44497";"202100044497";4;"17:00";"1";"972";"2";"1";"1";7;14;-60
"44498";"202100044498";4;"13:15";"1";"52";"1";"1";"3";6;47;5
"44499";"202100044499";4;"23:45";"3";"974";"1";"1";"1";1;-21;55
"44500";"202100044500";4;"07:20";"2";"06";"1";"1";"8";7;43;6
"44501";"202100044501";4;"01:50";"5";"66";"2";"1";"1";7;42;2
"44502";"202100044502";4;"16:10";"1";"76";"1";"1";"1";7;49;0
"44503";"202100044503";4;"08:45";"1";"80";"1";"2";"2";7;49;1
"44504";"202100044504";4;"03:00";"3";"82";"1";"1";"1";6;43;1
"44505";"202100044505";4;"00:10";"3";"63";"1";"1";"1";6;45;3
"44506";"202100044506";4;"17:20";"1";"12";"2";"4";"1";3;44;2
"44507";"202100044507";4;"00:40";"3";"39";"1";"1";"1";6;46;5
"44508";"202100044508";4;"12:40";"1";"85";"2";"1";"1";6;46;-1
"44509";"202100044509";4;"22:30";"3";"17";"1";"1";"2";7;45;0
"44510";"202100044510";4;"07:00";"3";"17";"1";"1";"1";7;45;0
"44511";"202100044511";4;"02:40";"3";"37";"1";"1";"1";6;47;0
"44512";"202100044512";4;"15:45";"1";"987";"2";"1";"1";3;-17;-149
"44513";"202100044513";4;"19:15";"1";"06";"1";"1";"2";6;43;7
"44514";"202100044514";4;"11:45";"1";"988";"1";"1";"1";6;-21;165
"44515";"202100044515";4;"05:10";"3";"977";"2";"1";"1";1;17;-62
"44516";"202100044516";4;"15:50";"1";"18";"2";"7";"1";6;46;2
"44517";"202100044517";4;"18:40";"1";"45";"1";"1";"1";1;48;2
"44518";"202100044518";4;"16:00";"1";"91";"2";"7";"2";6;48;2
"44519";"202100044519";4;"14:30";"1";"78";"1";"1";"2";6;48;1
"44520";"202100044520";4;"17:27";"1";"2B";"1";"1";"8";7;42;9
"44521";"202100044521";4;"15:32";"1";"04";"1";"1";"8";6;44;6
"44522";"202100044522";4;"14:00";"1";"13";"1";"1";"1";1;43;4
"44523";"202100044523";4;"02:15";"3";"81";"1";"1";"1";7;43;2
"44524";"202100044524";4;"06:20";"3";"33";"2";"1";"2";6;44;0
"44525";"202100044525";4;"20:15";"2";"35";"2";"1";"2";6;47;-1
"44526";"202100044526";4;"02:07";"3";"33";"1";"1";"1";6;44;0
"44527";"202100044527";4;"18:35";"1";"91";"1";"1";"3";7;48;2
"44528";"202100044528";4;"08:06";"1";"91";"1";"1";"2";6;48;2
"44529";"202100044529";4;"16:20";"1";"92";"1";"1";"2";6;48;2
"44530";"202100044530";4;"05:50";"3";"78";"1";"1";"2";6;48;2
"44531";"202100044531";4;"01:55";"3";"92";"1";"1";"2";3;48;2
"44532";"202100044532";4;"10:50";"1";"93";"1";"1";"2";7;48;2
"44533";"202100044533";4;"01:20";"3";"95";"1";"1";"2";2;48;2
"44534";"202100044534";4;"18:15";"1";"77";"1";"1";"8";6;48;2
"44535";"202100044535";4;"16:20";"1";"974";"2";"1";"1";6;-20;55
"44536";"202100044536";4;"15:40";"1";"69";"2";"2";"1";3;45;4
"44537";"202100044537";4;"10:10";"1";"69";"2";"2";"1";6;45;4
"44538";"202100044538";4;"18:40";"5";"972";"1";"1";"1";3;14;-60
"44539";"202100044539";4;"17:00";"1";"972";"2";"3";"1";3;14;-61
"44540";"202100044540";4;"18:35";"5";"972";"1";"1";"1";4;14;-61
"44541";"202100044541";4;"07:45";"2";"69";"2";"6";"1";2;45;4
"44542";"202100044542";4;"16:25";"1";"971";"2";"1";"1";2;16;-61
"44543";"202100044543";4;"22:20";"5";"91";"2";"1";"2";2;48;2
"44544";"202100044544";4;"12:04";"1";"89";"1";"1";"1";1;48;3
"44545";"202100044545";4;"18:20";"1";"88";"2";"1";"1";3;48;6
"44546";"202100044546";4;"20:00";"1";"83";"2";"1";"1";7;43;5
"44547";"202100044547";4;"17:40";"1";"79";"2";"1";"1";4;46;0
"44548";"202100044548";4;"10:30";"1";"78";"2";"1";"1";6;48;2
"44549";"202100044549";4;"14:08";"1";"78";"2";"1";"1";3;48;2
"44550";"202100044550";4;"18:33";"1";"78";"2";"1";"1";3;49;1
"44551";"202100044551";4;"17:52";"1";"78";"2";"2";"1";3;49;1
"44552";"202100044552";4;"12:30";"1";"77";"2";"3";"1";6;48;2
"44553";"202100044553";4;"18:50";"1";"72";"2";"1";"2";6;47;0
"44554";"202100044554";4;"04:40";"3";"72";"2";"2";"1";3;47;0
"44555";"202100044555";4;"08:50";"1";"72";"2";"1";"1";6;48;0
"44556";"202100044556";4;"15:15";"1";"71";"2";"1";"1";6;46;4
"44557";"202100044557";4;"08:53";"1";"69";"2";"3";"6";3;45;4
"44558";"202100044558";4;"15:25";"1";"69";"2";"1";"1";6;45;4
"44559";"202100044559";4;"17:20";"1";"67";"2";"1";"1";3;48;7
"44560";"202100044560";4;"15:00";"1";"64";"2";"1";"1";2;43;-1
"44561";"202100044561";4;"06:43";"2";"63";"2";"2";"1";3;45;3
"44562";"202100044562";4;"12:26";"1";"56";"2";"2";"1";3;47;-3
"44563";"202100044563";4;"11:10";"1";"56";"1";"2";"1";3;47;-3
"44564";"202100044564";4;"16:15";"1";"54";"2";"3";"1";6;48;6
"44565";"202100044565";4;"07:50";"1";"54";"2";"1";"1";6;48;6
"44566";"202100044566";4;"17:40";"1";"53";"2";"1";"8";3;48;0
"44567";"202100044567";4;"16:50";"1";"50";"2";"2";"1";2;49;-1
"44568";"202100044568";4;"16:20";"1";"37";"2";"1";"1";7;47;0
"44569";"202100044569";4;"11:50";"1";"35";"2";"2";"1";2;48;-1
"44570";"202100044570";4;"19:30";"1";"35";"1";"1";"1";2;48;-1
"44571";"202100044571";4;"10:10";"1";"34";"2";"1";"1";6;43;3
"44572";"202100044572";4;"16:25";"1";"33";"1";"1";"1";6;44;-1
"44573";"202100044573";4;"18:10";"1";"31";"2";"3";"1";3;43;1
"44574";"202100044574";4;"17:05";"1";"29";"2";"1";"1";7;48;-4
"44575";"202100044575";4;"07:45";"1";"17";"1";"1";"2";2;46;-1
"44576";"202100044576";4;"16:10";"1";"17";"2";"3";"1";3;45;0
"44577";"202100044577";4;"18:00";"1";"13";"2";"1";"1";2;43;5
"44578";"202100044578";4;"19:30";"2";"13";"2";"4";"1";1;43;5
"44579";"202100044579";4;"12:45";"1";"13";"2";"1";"1";1;43;5
"44580";"202100044580";4;"09:00";"1";"13";"2";"1";"1";3;43;5
"44581";"202100044581";4;"07:15";"1";"13";"2";"9";"1";3;43;5
"44582";"202100044582";4;"18:50";"1";"10";"2";"2";"7";3;48;4
"44583";"202100044583";4;"15:30";"1";"07";"1";"1";"1";7;44;4
"44584";"202100044584";4;"19:00";"1";"06";"2";"2";"1";3;43;7
"44585";"202100044585";4;"19:00";"1";"06";"2";"1";"1";1;43;7
"44586";"202100044586";4;"16:55";"1";"01";"1";"2";"1";3;46;5
"44587";"202100044587";4;"11:40";"1";"75";"2";"1";"1";6;48;2
"44588";"202100044588";4;"06:29";"2";"75";"2";"2";"1";3;48;2
"44589";"202100044589";4;"00:50";"5";"75";"2";"7";"1";6;48;2
"44590";"202100044590";4;"18:05";"1";"75";"2";"2";"2";6;48;2
"44591";"202100044591";4;"14:20";"1";"75";"2";"1";"1";6;48;2
"44592";"202100044592";4;"11:00";"1";"75";"2";"2";"1";4;48;2
"44593";"202100044593";4;"20:15";"5";"75";"2";"2";"2";2;48;2
"44594";"202100044594";4;"13:15";"1";"75";"2";"1";"1";3;48;2
"44595";"202100044595";4;"19:05";"1";"75";"2";"2";"1";6;48;2
"44596";"202100044596";4;"19:40";"2";"75";"2";"2";"2";7;48;2
"44597";"202100044597";4;"09:40";"1";"75";"2";"5";"1";3;48;2
"44598";"202100044598";4;"16:20";"1";"94";"2";"3";"1";1;48;2
"44599";"202100044599";4;"14:30";"1";"94";"2";"2";"1";3;48;2
"44600";"202100044600";4;"10:15";"1";"94";"2";"9";"1";3;48;2
"44601";"202100044601";4;"08:30";"1";"94";"2";"1";"1";1;48;2
"44602";"202100044602";4;"14:25";"1";"94";"2";"1";"1";2;48;2
"44603";"202100044603";4;"16:50";"1";"94";"2";"1";"1";1;48;2
"44604";"202100044604";4;"12:20";"1";"94";"2";"1";"1";2;48;2
"44605";"202100044605";4;"19:40";"5";"94";"2";"1";"3";6;48;2
"44606";"202100044606";4;"19:00";"2";"94";"2";"1";"1";6;48;2
"44607";"202100044607";4;"16:00";"1";"93";"2";"1";"1";2;48;2
"44608";"202100044608";4;"10:53";"1";"93";"2";"1";"1";6;48;2
"44609";"202100044609";4;"21:20";"5";"93";"2";"1";"2";3;48;2
"44610";"202100044610";4;"15:44";"1";"93";"2";"1";"1";1;48;2
"44611";"202100044611";4;"22:15";"5";"93";"2";"1";"1";1;48;2
"44612";"202100044612";4;"15:52";"1";"92";"2";"1";"1";3;48;2
"44613";"202100044613";4;"08:50";"1";"92";"2";"1";"1";6;48;2
"44614";"202100044614";4;"10:00";"1";"92";"2";"1";"1";6;48;2
"44615";"202100044615";4;"18:55";"1";"92";"2";"1";"1";6;48;2
"44616";"202100044616";4;"13:10";"1";"92";"2";"3";"1";3;48;2
"44617";"202100044617";4;"20:35";"5";"92";"2";"2";"3";3;48;2
"44618";"202100044618";4;"02:30";"5";"54";"2";"1";"1";6;48;6
"44619";"202100044619";4;"13:55";"1";"76";"1";"1";"3";6;49;1
"44620";"202100044620";4;"08:10";"1";"58";"1";"1";"2";6;47;3
"44621";"202100044621";3;"07:55";"1";"71";"2";"1";"1";7;46;4
"44622";"202100044622";4;"16:00";"1";"63";"1";"1";"7";1;46;2
"44623";"202100044623";4;"11:00";"1";"39";"2";"2";"1";3;47;5
"44624";"202100044624";4;"12:00";"1";"44";"2";"2";"1";7;47;-1
"44625";"202100044625";4;"10:42";"1";"31";"2";"1";"1";7;43;1
"44626";"202100044626";4;"16:15";"1";"02";"2";"3";"1";1;49;3
"44627";"202100044627";4;"17:30";"1";"84";"1";"3";"1";3;43;5
"44628";"202100044628";4;"20:00";"1";"85";"1";"6";"1";1;46;-1
"44629";"202100044629";4;"20:00";"1";"50";"1";"1";"1";1;49;-1
"44630";"202100044630";4;"12:08";"1";"16";"2";"1";"1";6;45;0
"44631";"202100044631";4;"08:10";"1";"17";"1";"1";"1";3;46;0
"44632";"202100044632";2;"14:00";"1";"06";"1";"1";"1";3;43;6
"44633";"202100044633";4;"18:45";"3";"973";"1";"1";"1";6;4;-52
"44634";"202100044634";4;"16:45";"1";"77";"1";"2";"1";3;48;2
"44635";"202100044635";4;"18:05";"1";"11";"1";"1";"2";3;43;2
"44636";"202100044636";4;"15:40";"1";"83";"1";"1";"1";6;43;5
"44637";"202100044637";3;"12:00";"1";"67";"1";"3";"1";3;48;7
"44638";"202100044638";4;"18:45";"1";"01";"1";"1";"1";2;45;5
"44639";"202100044639";4;"16:27";"1";"81";"1";"1";"1";2;43;1
"44640";"202100044640";4;"14:05";"1";"64";"1";"3";"1";3;43;0
"44641";"202100044641";4;"09:30";"1";"49";"1";"1";"1";3;47;0
"44642";"202100044642";4;"10:10";"1";"91";"1";"1";"1";2;48;2
"44643";"202100044643";4;"23:45";"3";"91";"1";"1";"1";2;48;2
"44644";"202100044644";4;"16:30";"1";"92";"1";"1";"1";4;48;2
"44645";"202100044645";4;"05:15";"5";"78";"1";"1";"1";2;48;1
"44646";"202100044646";4;"14:30";"1";"93";"1";"1";"1";5;48;2
"44647";"202100044647";4;"14:00";"1";"93";"1";"1";"1";3;48;2
"44648";"202100044648";4;"13:00";"1";"92";"1";"1";"1";4;48;2
"44649";"202100044649";4;"09:00";"1";"94";"1";"1";"1";2;48;2
"44650";"202100044650";1;"14:40";"1";"22";"2";"2";"2";3;48;-2
"44651";"202100044651";4;"14:53";"1";"988";"2";"2";"1";3;-22;166
"44652";"202100044652";4;"12:00";"1";"974";"1";"2";"1";7;-20;55
"44653";"202100044653";4;"14:45";"1";"974";"1";"1";"1";3;-20;55
"44654";"202100044654";4;"20:15";"5";"973";"2";"1";"1";1;4;-52
"44655";"202100044655";4;"22:10";"5";"69";"2";"2";"1";3;45;4
"44656";"202100044656";4;"14:45";"1";"69";"2";"1";"1";3;45;4
"44657";"202100044657";4;"14:25";"1";"69";"2";"2";"1";1;45;4
"44658";"202100044658";3;"11:00";"1";"95";"2";"1";"1";6;49;2
"44659";"202100044659";4;"18:30";"1";"91";"2";"1";"1";2;48;2
"44660";"202100044660";4;"19:15";"1";"91";"2";"3";"1";3;48;2
"44661";"202100044661";4;"16:47";"1";"87";"2";"1";"1";7;45;1
"44662";"202100044662";4;"10:15";"1";"87";"2";"1";"1";6;45;1
"44663";"202100044663";4;"16:30";"1";"83";"2";"9";"1";3;43;5
"44664";"202100044664";4;"19:00";"1";"73";"1";"1";"1";3;45;6
"44665";"202100044665";4;"18:10";"1";"71";"2";"2";"1";3;46;4
"44666";"202100044666";4;"16:05";"1";"69";"2";"1";"1";6;45;4
"44667";"202100044667";4;"08:02";"1";"69";"2";"2";"1";4;45;4
"44668";"202100044668";4;"09:05";"1";"66";"2";"3";"1";3;42;2
"44669";"202100044669";4;"16:22";"1";"65";"2";"2";"1";1;43;0
"44670";"202100044670";4;"17:05";"1";"64";"2";"3";"1";3;43;-1
"44671";"202100044671";4;"14:00";"1";"64";"2";"2";"1";3;43;0
"44672";"202100044672";4;"09:15";"1";"64";"2";"1";"1";3;43;-1
"44673";"202100044673";4;"11:45";"1";"63";"2";"2";"1";3;45;3
"44674";"202100044674";4;"10:55";"1";"63";"2";"2";"1";3;45;3
"44675";"202100044675";4;"21:37";"5";"63";"2";"2";"1";3;45;3
"44676";"202100044676";4;"20:49";"5";"63";"2";"1";"1";3;45;3
"44677";"202100044677";4;"11:55";"1";"60";"2";"1";"1";3;49;2
"44678";"202100044678";4;"18:21";"1";"56";"2";"1";"1";6;47;-3
"44679";"202100044679";4;"18:45";"1";"54";"2";"2";"1";6;48;6
"44680";"202100044680";4;"16:00";"1";"51";"2";"6";"1";2;49;4
"44681";"202100044681";4;"14:30";"1";"51";"2";"2";"1";1;49;4
"44682";"202100044682";4;"11:30";"1";"50";"2";"1";"1";2;49;-1
"44683";"202100044683";4;"18:30";"1";"50";"2";"1";"1";2;49;-1
"44684";"202100044684";4;"13:50";"1";"49";"1";"2";"1";3;47;0
"44685";"202100044685";4;"10:15";"1";"49";"2";"1";"1";3;47;0
"44686";"202100044686";4;"19:10";"1";"49";"2";"1";"1";1;47;0
"44687";"202100044687";4;"03:47";"5";"49";"2";"1";"1";6;47;0
"44688";"202100044688";4;"15:30";"1";"49";"2";"1";"1";2;47;0
"44689";"202100044689";3;"18:30";"1";"45";"2";"1";"1";6;47;1
"44690";"202100044690";4;"10:05";"1";"38";"2";"1";"1";6;45;5
"44691";"202100044691";3;"15:15";"1";"34";"2";"1";"1";6;43;3
"44692";"202100044692";4;"12:30";"1";"33";"2";"4";"1";6;44;0
"44693";"202100044693";4;"16:20";"1";"33";"2";"6";"1";3;44;0
"44694";"202100044694";4;"14:30";"1";"33";"2";"2";"1";3;44;-1
"44695";"202100044695";4;"20:30";"5";"30";"2";"1";"1";3;43;4
"44696";"202100044696";2;"09:55";"1";"27";"2";"1";"1";6;49;1
"44697";"202100044697";4;"12:50";"1";"24";"2";"1";"1";1;45;0
"44698";"202100044698";3;"18:14";"1";"19";"2";"1";"1";3;45;1
"44699";"202100044699";4;"15:40";"1";"19";"2";"1";"1";3;45;1
"44700";"202100044700";4;"18:00";"1";"14";"2";"2";"1";3;49;0
"44701";"202100044701";4;"15:00";"1";"13";"1";"6";"1";3;43;4
"44702";"202100044702";4;"09:26";"1";"12";"2";"4";"1";6;44;2
"44703";"202100044703";4;"17:35";"1";"10";"2";"3";"1";3;48;4
"44704";"202100044704";4;"16:05";"1";"10";"2";"1";"1";2;48;4
"44705";"202100044705";3;"09:10";"1";"05";"2";"1";"1";6;44;6
"44706";"202100044706";4;"21:05";"5";"75";"2";"1";"1";7;48;2
"44707";"202100044707";4;"22:15";"5";"75";"2";"5";"1";3;48;2
"44708";"202100044708";4;"13:30";"1";"75";"2";"1";"1";6;48;2
"44709";"202100044709";4;"15:45";"1";"75";"2";"2";"1";3;48;2
"44710";"202100044710";4;"08:55";"1";"75";"2";"7";"1";2;48;2
"44711";"202100044711";4;"08:00";"1";"75";"2";"7";"7";3;48;2
"44712";"202100044712";4;"17:30";"1";"75";"2";"2";"1";6;48;2
"44713";"202100044713";4;"11:05";"1";"75";"2";"2";"1";7;48;2
"44714";"202100044714";4;"15:30";"1";"75";"2";"1";"1";6;48;2
"44715";"202100044715";4;"18:50";"1";"75";"2";"7";"1";2;48;2
"44716";"202100044716";4;"17:30";"1";"75";"2";"3";"1";3;48;2
"44717";"202100044717";4;"13:20";"1";"75";"2";"1";"1";3;48;2
"44718";"202100044718";4;"15:56";"1";"75";"2";"4";"1";2;48;2
"44719";"202100044719";4;"15:10";"1";"75";"2";"4";"1";4;48;2
"44720";"202100044720";4;"20:50";"5";"75";"2";"3";"1";3;48;2
"44721";"202100044721";4;"12:30";"1";"94";"2";"2";"1";3;48;2
"44722";"202100044722";4;"15:40";"1";"94";"2";"1";"1";3;48;2
"44723";"202100044723";4;"14:15";"1";"94";"2";"1";"1";6;48;2
"44724";"202100044724";4;"12:55";"1";"94";"2";"1";"1";6;48;2
"44725";"202100044725";4;"20:15";"2";"94";"2";"1";"1";3;48;2
"44726";"202100044726";4;"09:45";"1";"94";"2";"1";"1";2;48;2
"44727";"202100044727";4;"07:05";"1";"93";"2";"1";"1";3;48;2
"44728";"202100044728";4;"16:45";"1";"93";"2";"1";"1";6;48;2
"44729";"202100044729";4;"18:45";"1";"93";"2";"1";"1";3;48;2
"44730";"202100044730";4;"16:15";"1";"92";"2";"1";"1";3;48;2
"44731";"202100044731";4;"09:30";"1";"62";"1";"2";"1";3;50;2
"44732";"202100044732";4;"13:45";"1";"62";"1";"1";"1";3;50;2
"44733";"202100044733";4;"06:56";"2";"56";"1";"1";"1";6;47;-2
"44734";"202100044734";4;"10:45";"1";"67";"2";"1";"1";6;48;7
"44735";"202100044735";4;"13:45";"1";"76";"2";"1";"7";7;49;1
"44736";"202100044736";4;"15:30";"1";"80";"1";"1";"1";7;49;2
"44737";"202100044737";4;"12:45";"1";"80";"1";"1";"1";6;49;1
"44738";"202100044738";4;"08:30";"1";"71";"2";"3";"1";6;46;4
"44739";"202100044739";4;"18:30";"1";"71";"2";"4";"1";1;46;4
"44740";"202100044740";4;"10:00";"1";"63";"1";"1";"1";6;45;3
"44741";"202100044741";4;"13:55";"1";"55";"2";"3";"1";1;48;5
"44742";"202100044742";4;"18:55";"1";"68";"1";"3";"1";3;47;7
"44743";"202100044743";4;"00:40";"5";"68";"2";"1";"1";6;47;7
"44744";"202100044744";4;"12:15";"1";"29";"2";"1";"1";4;48;-4
"44745";"202100044745";4;"16:30";"1";"02";"1";"1";"2";1;49;3
"44746";"202100044746";4;"10:20";"1";"03";"2";"3";"7";6;46;2
"44747";"202100044747";4;"17:00";"1";"03";"2";"1";"1";7;46;2
"44748";"202100044748";4;"09:00";"1";"01";"1";"2";"6";1;46;5
"44749";"202100044749";4;"15:30";"1";"01";"1";"2";"1";5;46;5
"44750";"202100044750";3;"18:10";"1";"01";"1";"3";"1";2;46;5
"44751";"202100044751";3;"19:25";"2";"43";"2";"1";"1";1;45;3
"44752";"202100044752";4;"13:15";"1";"16";"2";"1";"1";1;46;0
"44753";"202100044753";4;"15:15";"1";"07";"2";"3";"1";3;44;4
"44754";"202100044754";4;"15:20";"1";"24";"2";"1";"1";1;44;0
"44755";"202100044755";1;"13:15";"1";"37";"2";"1";"1";6;46;0
"44756";"202100044756";4;"05:00";"5";"30";"1";"6";"5";7;43;4
"44757";"202100044757";4;"11:20";"1";"08";"1";"1";"1";7;49;4
"44758";"202100044758";4;"18:50";"1";"88";"2";"2";"7";3;48;6
"44759";"202100044759";3;"07:20";"1";"03";"1";"1";"1";2;46;2
"44760";"202100044760";4;"08:20";"1";"44";"1";"1";"5";5;47;-1
"44761";"202100044761";4;"15:15";"1";"988";"1";"1";"2";5;-21;166
"44762";"202100044762";4;"08:20";"1";"974";"1";"3";"1";6;-21;55
"44763";"202100044763";4;"21:30";"3";"37";"1";"1";"1";6;47;0
"44764";"202100044764";3;"12:35";"1";"66";"1";"1";"6";1;42;3
"44765";"202100044765";3;"14:48";"1";"66";"2";"1";"1";2;42;3
"44766";"202100044766";4;"16:20";"1";"06";"2";"1";"1";1;43;7
"44767";"202100044767";4;"11:45";"1";"13";"1";"1";"1";5;43;5
"44768";"202100044768";4;"18:35";"1";"54";"1";"1";"1";7;48;6
"44769";"202100044769";4;"12:30";"1";"38";"2";"1";"1";6;45;5
"44770";"202100044770";4;"07:45";"1";"07";"2";"1";"1";6;45;4
"44771";"202100044771";4;"18:01";"1";"69";"1";"1";"1";1;45;4
"44772";"202100044772";4;"06:45";"5";"29";"2";"6";"1";6;48;-4
"44773";"202100044773";4;"13:05";"1";"29";"1";"9";"1";3;48;-4
"44774";"202100044774";4;"17:15";"1";"13";"1";"1";"1";3;43;5
"44775";"202100044775";4;"13:15";"1";"13";"1";"1";"1";3;43;5
"44776";"202100044776";3;"06:45";"1";"69";"1";"1";"1";2;45;4
"44777";"202100044777";4;"07:30";"1";"59";"1";"1";"1";6;50;2
"44778";"202100044778";4;"17:19";"1";"92";"1";"1";"1";3;48;2
"44779";"202100044779";4;"12:09";"1";"92";"1";"1";"1";2;48;2
"44780";"202100044780";4;"21:20";"5";"78";"1";"1";"1";3;48;2
"44781";"202100044781";4;"16:10";"1";"93";"1";"1";"1";2;48;2
"44782";"202100044782";4;"12:35";"1";"92";"1";"1";"1";3;48;2
"44783";"202100044783";4;"19:45";"2";"93";"1";"1";"1";3;48;2
"44784";"202100044784";4;"19:40";"2";"93";"1";"1";"1";2;48;2
"44785";"202100044785";2;"23:50";"3";"76";"2";"1";"1";6;49;1
"44786";"202100044786";4;"10:17";"1";"988";"2";"2";"1";3;-22;166
"44787";"202100044787";4;"07:38";"1";"974";"1";"1";"1";1;-21;55
"44788";"202100044788";4;"16:35";"1";"974";"2";"6";"1";6;-20;55
"44789";"202100044789";4;"08:05";"1";"974";"2";"2";"1";6;-20;55
"44790";"202100044790";4;"12:15";"1";"69";"2";"2";"1";2;45;4
"44791";"202100044791";4;"08:58";"1";"69";"2";"4";"1";2;45;4
"44792";"202100044792";4;"17:06";"1";"972";"1";"1";"1";4;14;-61
"44793";"202100044793";4;"10:10";"1";"972";"2";"2";"1";5;14;-61
"44794";"202100044794";4;"17:45";"1";"69";"2";"6";"1";7;45;4
"44795";"202100044795";4;"09:05";"1";"971";"2";"1";"1";6;16;-61
"44796";"202100044796";4;"18:30";"1";"91";"2";"2";"1";6;48;2
"44797";"202100044797";4;"18:05";"1";"91";"2";"9";"1";3;48;2
"44798";"202100044798";4;"16:42";"1";"87";"2";"1";"1";7;45;1
"44799";"202100044799";4;"09:26";"1";"87";"2";"6";"1";7;45;1
"44800";"202100044800";4;"17:40";"1";"86";"2";"2";"1";3;46;0
"44801";"202100044801";4;"17:20";"1";"74";"2";"1";"1";6;46;6
"44802";"202100044802";4;"17:20";"1";"72";"2";"1";"1";7;47;0
"44803";"202100044803";4;"19:00";"1";"72";"2";"3";"1";1;47;0
"44804";"202100044804";4;"07:45";"2";"69";"2";"1";"1";7;45;4
"44805";"202100044805";4;"12:00";"1";"69";"1";"3";"1";2;45;4
"44806";"202100044806";4;"16:00";"1";"67";"2";"3";"4";6;48;7
"44807";"202100044807";4;"12:14";"1";"65";"2";"1";"1";6;43;0
"44808";"202100044808";4;"12:55";"1";"64";"2";"6";"1";3;43;0
"44809";"202100044809";4;"10:10";"1";"64";"2";"1";"1";3;43;0
"44810";"202100044810";2;"10:10";"1";"64";"2";"6";"1";6;43;0
"44811";"202100044811";4;"16:30";"1";"64";"2";"1";"1";7;43;-1
"44812";"202100044812";4;"14:15";"1";"64";"2";"1";"1";1;43;-1
"44813";"202100044813";4;"16:01";"1";"63";"2";"6";"1";3;45;3
"44814";"202100044814";4;"09:10";"1";"56";"2";"2";"1";3;47;-3
"44815";"202100044815";4;"11:45";"1";"54";"2";"2";"1";6;48;6
"44816";"202100044816";4;"16:00";"1";"54";"1";"1";"1";2;48;6
"44817";"202100044817";4;"13:35";"1";"52";"1";"1";"1";3;48;5
"44818";"202100044818";4;"10:53";"1";"51";"2";"1";"1";3;49;3
"44819";"202100044819";4;"15:00";"1";"50";"2";"1";"1";6;49;-1
"44820";"202100044820";4;"15:30";"1";"49";"2";"1";"1";3;47;0
"44821";"202100044821";4;"09:40";"1";"45";"2";"1";"1";2;47;1
"44822";"202100044822";4;"15:30";"1";"42";"2";"3";"1";2;46;4
"44823";"202100044823";4;"05:10";"2";"41";"2";"3";"1";1;47;1
"44824";"202100044824";4;"08:50";"1";"35";"2";"9";"1";7;48;-1
"44825";"202100044825";4;"19:23";"1";"34";"2";"1";"1";2;43;3
"44826";"202100044826";4;"17:40";"1";"33";"2";"2";"1";6;44;0
"44827";"202100044827";4;"17:15";"1";"31";"2";"1";"1";3;43;1
"44828";"202100044828";4;"17:52";"1";"31";"2";"6";"1";3;43;1
"44829";"202100044829";4;"09:20";"1";"17";"2";"1";"1";5;46;-1
"44830";"202100044830";4;"06:30";"2";"13";"2";"1";"1";2;43;5
"44831";"202100044831";4;"15:45";"1";"75";"2";"1";"1";2;48;2
"44832";"202100044832";4;"13:49";"1";"75";"2";"2";"1";3;48;2
"44833";"202100044833";4;"16:50";"1";"75";"2";"4";"1";3;48;2
"44834";"202100044834";4;"11:05";"1";"75";"2";"1";"1";3;48;2
"44835";"202100044835";4;"13:30";"1";"75";"2";"1";"1";6;48;2
"44836";"202100044836";4;"07:50";"2";"75";"2";"2";"1";6;48;2
"44837";"202100044837";4;"11:50";"1";"75";"2";"3";"1";6;48;2
"44838";"202100044838";4;"19:15";"1";"75";"2";"2";"1";2;48;2
"44839";"202100044839";4;"08:45";"1";"75";"2";"3";"1";3;48;2
"44840";"202100044840";4;"13:00";"1";"94";"2";"1";"1";2;48;2
"44841";"202100044841";4;"10:00";"1";"94";"2";"9";"1";6;48;2