"";"Num_Acc";"mois";"hrmn";"lum";"dep";"agg";"int";"atm";"col";"lat";"long"
"44842";"202100044842";4;"17:00";"1";"94";"2";"1";"2";3;48;2
"44843";"202100044843";4;"03:54";"5";"94";"2";"9";"1";2;48;2
"44844";"202100044844";4;"07:50";"1";"94";"2";"1";"1";7;48;2
"44845";"202100044845";4;"00:10";"5";"94";"2";"3";"1";3;48;2
"44846";"202100044846";4;"21:00";"3";"94";"2";"3";"1";6;48;2
"44847";"202100044847";4;"11:00";"1";"93";"2";"1";"1";3;48;2
"44848";"202100044848";4;"03:30";"5";"93";"2";"3";"1";1;48;2
"44849";"202100044849";4;"17:25";"1";"93";"2";"1";"1";6;48;2
"44850";"202100044850";4;"13:10";"1";"93";"2";"7";"1";3;48;2
"44851";"202100044851";4;"18:00";"1";"93";"2";"1";"1";6;48;2
"44852";"202100044852";4;"15:30";"1";"92";"2";"1";"1";4;48;2
"44853";"202100044853";4;"18:15";"1";"92";"2";"2";"1";6;48;2
"44854";"202100044854";4;"08:50";"1";"92";"2";"3";"1";3;48;2
"44855";"202100044855";4;"21:30";"5";"92";"2";"3";"1";3;48;2
"44856";"202100044856";4;"10:40";"1";"92";"2";"6";"1";2;48;2
"44857";"202100044857";3;"15:11";"1";"31";"1";"1";"1";7;43;1
"44858";"202100044858";4;"09:00";"1";"86";"1";"1";"1";1;46;0
"44859";"202100044859";4;"15:20";"1";"06";"2";"1";"1";1;43;6
"44860";"202100044860";4;"12:00";"1";"85";"2";"2";"1";6;46;-1
"44861";"202100044861";4;"11:38";"1";"62";"2";"2";"1";3;50;2
"44862";"202100044862";4;"16:45";"1";"56";"1";"1";"1";3;47;-2
"44863";"202100044863";4;"12:00";"1";"56";"1";"2";"1";3;47;-2
"44864";"202100044864";4;"13:30";"1";"76";"2";"1";"7";1;49;0
"44865";"202100044865";4;"15:00";"1";"2A";"2";"1";"1";1;41;8
"44866";"202100044866";4;"16:00";"1";"82";"1";"3";"1";3;44;1
"44867";"202100044867";4;"14:45";"1";"33";"2";"1";"1";6;44;0
"44868";"202100044868";4;"16:47";"1";"61";"2";"3";"1";3;48;0
"44869";"202100044869";4;"03:30";"3";"61";"1";"1";"5";7;48;0
"44870";"202100044870";3;"00:30";"3";"12";"1";"1";"1";6;44;2
"44871";"202100044871";4;"11:30";"1";"47";"1";"3";"1";3;44;0
"44872";"202100044872";4;"03:20";"3";"47";"1";"1";"1";7;44;0
"44873";"202100044873";4;"14:10";"1";"41";"1";"1";"7";3;47;1
"44874";"202100044874";4;"11:30";"1";"34";"1";"2";"1";3;43;3
"44875";"202100044875";3;"11:45";"1";"34";"1";"1";"1";6;43;3
"44876";"202100044876";4;"09:50";"1";"44";"1";"1";"1";1;47;-2
"44877";"202100044877";4;"13:55";"1";"44";"1";"1";"1";2;47;-1
"44878";"202100044878";4;"20:10";"2";"35";"1";"1";"1";7;48;-2
"44879";"202100044879";4;"13:10";"1";"38";"1";"1";"1";7;45;5
"44880";"202100044880";4;"12:00";"1";"02";"2";"1";"1";1;49;3
"44881";"202100044881";4;"18:05";"1";"03";"2";"3";"1";3;46;3
"44882";"202100044882";4;"17:25";"1";"01";"1";"3";"7";3;45;5
"44883";"202100044883";4;"12:32";"1";"72";"1";"1";"1";6;47;0
"44884";"202100044884";4;"09:50";"1";"06";"2";"9";"1";6;43;6
"44885";"202100044885";4;"17:15";"1";"60";"1";"1";"1";2;49;2
"44886";"202100044886";4;"14:00";"1";"43";"1";"1";"1";7;45;3
"44887";"202100044887";4;"13:15";"1";"43";"2";"3";"1";3;44;3
"44888";"202100044888";4;"16:20";"1";"16";"1";"2";"1";3;45;0
"44889";"202100044889";3;"19:00";"1";"48";"1";"3";"1";3;44;3
"44890";"202100044890";4;"15:25";"1";"13";"1";"4";"1";3;43;5
"44891";"202100044891";4;"04:00";"2";"01";"1";"1";"1";6;46;5
"44892";"202100044892";4;"05:20";"3";"01";"1";"1";"1";2;46;5
"44893";"202100044893";4;"18:05";"1";"31";"2";"1";"7";6;43;1
"44894";"202100044894";4;"04:30";"3";"988";"1";"1";"1";6;-20;164
"44895";"202100044895";4;"19:30";"3";"971";"1";"1";"1";6;15;-61
"44896";"202100044896";4;"09:40";"1";"978";"2";"1";"1";1;18;-63
"44897";"202100044897";4;"19:00";"2";"977";"1";"1";"1";1;17;-62
"44898";"202100044898";4;"10:30";"1";"64";"2";"3";"1";3;43;-1
"44899";"202100044899";4;"08:00";"1";"50";"1";"1";"1";2;48;-1
"44900";"202100044900";4;"15:30";"1";"93";"1";"1";"1";2;48;2
"44901";"202100044901";4;"08:45";"1";"94";"1";"1";"1";2;48;2
"44902";"202100044902";4;"08:15";"1";"94";"1";"1";"1";7;48;2
"44903";"202100044903";2;"08:45";"2";"64";"2";"1";"2";6;43;-1
"44904";"202100044904";1;"10:50";"1";"64";"2";"2";"2";6;43;-1
"44905";"202100044905";4;"06:45";"1";"974";"2";"6";"1";3;-20;55
"44906";"202100044906";4;"19:30";"4";"973";"2";"1";"8";3;4;-52
"44907";"202100044907";4;"08:50";"1";"69";"2";"3";"1";6;45;4
"44908";"202100044908";4;"07:27";"1";"972";"1";"1";"1";7;14;-61
"44909";"202100044909";4;"18:50";"1";"69";"2";"2";"1";3;45;4
"44910";"202100044910";4;"17:40";"1";"69";"2";"1";"1";3;45;4
"44911";"202100044911";4;"13:36";"1";"971";"1";"9";"1";6;16;-61
"44912";"202100044912";3;"21:21";"5";"971";"1";"9";"1";6;16;-61
"44913";"202100044913";4;"18:15";"1";"95";"2";"9";"1";6;49;2
"44914";"202100044914";4;"15:29";"1";"87";"2";"1";"1";6;45;1
"44915";"202100044915";4;"18:25";"1";"85";"2";"1";"1";3;46;-1
"44916";"202100044916";4;"19:20";"1";"85";"2";"1";"1";2;46;-1
"44917";"202100044917";4;"18:10";"1";"85";"2";"1";"1";6;46;-1
"44918";"202100044918";4;"11:18";"1";"83";"2";"1";"1";7;43;6
"44919";"202100044919";4;"12:50";"1";"79";"2";"1";"1";7;46;0
"44920";"202100044920";4;"15:00";"1";"78";"2";"1";"1";1;48;2
"44921";"202100044921";3;"11:45";"1";"78";"2";"5";"1";3;48;2
"44922";"202100044922";4;"22:20";"5";"76";"1";"2";"1";6;49;0
"44923";"202100044923";4;"17:45";"1";"76";"2";"3";"1";3;49;0
"44924";"202100044924";4;"17:45";"1";"76";"1";"1";"1";2;49;0
"44925";"202100044925";4;"10:00";"1";"69";"2";"1";"1";6;45;4
"44926";"202100044926";4;"21:45";"5";"69";"2";"5";"1";3;45;4
"44927";"202100044927";4;"15:40";"1";"67";"2";"1";"1";6;48;7
"44928";"202100044928";4;"12:30";"1";"67";"2";"1";"1";6;48;7
"44929";"202100044929";4;"11:20";"1";"67";"2";"1";"1";2;48;7
"44930";"202100044930";4;"11:25";"1";"66";"2";"1";"1";6;42;2
"44931";"202100044931";3;"13:30";"1";"66";"1";"6";"1";3;42;2
"44932";"202100044932";4;"14:15";"1";"65";"2";"4";"1";3;43;0
"44933";"202100044933";2;"13:00";"1";"64";"2";"1";"8";6;43;-1
"44934";"202100044934";4;"18:30";"1";"64";"2";"3";"1";3;43;-1
"44935";"202100044935";4;"15:55";"1";"64";"2";"1";"1";7;43;-1
"44936";"202100044936";4;"09:35";"1";"62";"2";"3";"1";6;50;1
"44937";"202100044937";4;"08:20";"1";"58";"2";"1";"1";7;46;3
"44938";"202100044938";4;"17:05";"1";"58";"2";"1";"1";6;46;3
"44939";"202100044939";2;"21:25";"5";"58";"2";"1";"1";7;47;3
"44940";"202100044940";4;"17:19";"1";"57";"2";"1";"1";6;49;6
"44941";"202100044941";4;"17:25";"1";"56";"2";"3";"1";7;47;-3
"44942";"202100044942";4;"15:40";"1";"56";"2";"1";"1";3;47;-3
"44943";"202100044943";4;"08:20";"1";"56";"2";"1";"1";2;47;-3
"44944";"202100044944";4;"17:00";"1";"50";"2";"3";"1";3;48;-1
"44945";"202100044945";4;"15:10";"1";"45";"2";"1";"1";3;47;1
"44946";"202100044946";4;"09:20";"1";"37";"2";"1";"1";2;47;0
"44947";"202100044947";4;"01:00";"5";"37";"2";"3";"1";3;47;0
"44948";"202100044948";4;"17:45";"1";"35";"1";"1";"1";6;48;-1
"44949";"202100044949";4;"12:15";"1";"35";"1";"9";"1";3;48;-1
"44950";"202100044950";4;"14:30";"1";"33";"2";"2";"1";3;44;0
"44951";"202100044951";4;"05:57";"5";"32";"2";"1";"1";6;43;0
"44952";"202100044952";4;"16:52";"1";"32";"2";"1";"1";7;43;0
"44953";"202100044953";4;"16:55";"1";"30";"2";"1";"1";6;44;4
"44954";"202100044954";4;"09:30";"1";"29";"2";"6";"9";3;47;-4
"44955";"202100044955";3;"12:20";"1";"28";"1";"1";"1";7;48;1
"44956";"202100044956";4;"16:45";"1";"27";"1";"1";"1";7;49;1
"44957";"202100044957";4;"17:17";"1";"26";"1";"9";"1";4;44;4
"44958";"202100044958";4;"16:17";"1";"17";"2";"1";"1";6;45;-1
"44959";"202100044959";4;"18:55";"1";"13";"2";"1";"1";6;43;5
"44960";"202100044960";3;"16:25";"1";"13";"1";"3";"1";3;43;5
"44961";"202100044961";3;"11:30";"1";"13";"2";"1";"1";3;43;5
"44962";"202100044962";4;"22:20";"5";"13";"2";"2";"1";3;43;5
"44963";"202100044963";4;"16:40";"1";"13";"2";"1";"1";3;43;5
"44964";"202100044964";4;"10:20";"1";"13";"2";"3";"1";3;43;5
"44965";"202100044965";4;"17:21";"1";"11";"2";"1";"1";1;43;3
"44966";"202100044966";4;"18:30";"1";"11";"2";"1";"1";3;43;2
"44967";"202100044967";4;"14:10";"1";"08";"2";"1";"1";1;49;4
"44968";"202100044968";4;"11:08";"1";"05";"2";"3";"1";3;44;6
"44969";"202100044969";4;"10:57";"1";"05";"2";"1";"1";3;44;6
"44970";"202100044970";4;"16:29";"1";"05";"2";"1";"1";4;44;6
"44971";"202100044971";4;"14:24";"1";"05";"2";"1";"1";7;44;6
"44972";"202100044972";4;"23:50";"5";"75";"2";"2";"1";3;48;2
"44973";"202100044973";4;"00:20";"5";"75";"2";"4";"1";6;48;2
"44974";"202100044974";4;"18:00";"1";"75";"2";"3";"1";6;48;2
"44975";"202100044975";4;"21:35";"5";"75";"2";"4";"1";3;48;2
"44976";"202100044976";4;"16:20";"1";"75";"2";"1";"2";2;48;2
"44977";"202100044977";4;"08:45";"1";"75";"2";"2";"1";3;48;2
"44978";"202100044978";4;"17:25";"1";"94";"2";"1";"4";6;48;2
"44979";"202100044979";4;"14:05";"1";"94";"2";"1";"1";2;48;2
"44980";"202100044980";4;"13:15";"1";"94";"2";"1";"1";3;48;2
"44981";"202100044981";4;"11:45";"1";"94";"2";"1";"1";6;48;2
"44982";"202100044982";4;"21:08";"5";"93";"2";"1";"1";3;48;2
"44983";"202100044983";4;"09:20";"1";"93";"2";"2";"1";1;48;2
"44984";"202100044984";4;"09:13";"1";"93";"2";"1";"1";3;48;2
"44985";"202100044985";4;"13:10";"1";"93";"2";"2";"1";3;48;2
"44986";"202100044986";4;"03:40";"5";"93";"2";"1";"8";6;48;2
"44987";"202100044987";4;"17:40";"1";"93";"2";"1";"1";3;48;2
"44988";"202100044988";4;"15:15";"1";"93";"2";"9";"1";3;48;2
"44989";"202100044989";4;"13:30";"1";"92";"2";"3";"1";3;48;2
"44990";"202100044990";4;"18:00";"1";"92";"2";"2";"1";3;48;2
"44991";"202100044991";4;"20:35";"2";"92";"2";"1";"1";3;48;2
"44992";"202100044992";4;"19:43";"1";"92";"2";"7";"1";3;48;2
"44993";"202100044993";4;"10:00";"1";"92";"2";"6";"1";3;48;2
"44994";"202100044994";4;"18:50";"1";"22";"1";"1";"1";3;48;-2
"44995";"202100044995";4;"17:40";"1";"74";"2";"3";"1";3;45;6
"44996";"202100044996";4;"07:10";"2";"974";"2";"2";"1";3;-21;55
"44997";"202100044997";4;"15:35";"1";"80";"1";"1";"1";7;49;1
"44998";"202100044998";4;"08:40";"1";"29";"1";"6";"1";3;48;-3
"44999";"202100044999";4;"18:55";"1";"31";"1";"1";"1";5;43;1
"45000";"202100045000";4;"18:45";"1";"50";"2";"1";"1";7;49;-1
"45001";"202100045001";4;"09:30";"1";"07";"2";"1";"1";6;44;4
"45002";"202100045002";4;"07:24";"2";"73";"1";"1";"4";1;45;6
"45003";"202100045003";4;"14:00";"1";"973";"1";"3";"3";3;5;-52
"45004";"202100045004";4;"17:50";"1";"84";"1";"1";"1";5;43;4
"45005";"202100045005";4;"15:50";"1";"13";"1";"1";"1";3;43;5
"45006";"202100045006";4;"07:35";"1";"68";"1";"4";"8";1;47;7
"45007";"202100045007";4;"20:20";"2";"02";"2";"9";"1";6;49;3
"45008";"202100045008";4;"22:49";"3";"13";"1";"1";"1";6;43;5
"45009";"202100045009";4;"08:15";"1";"91";"1";"1";"1";3;48;2
"45010";"202100045010";4;"07:50";"2";"92";"1";"1";"1";2;48;2
"45011";"202100045011";4;"07:40";"2";"78";"1";"1";"1";2;48;1
"45012";"202100045012";4;"19:30";"1";"94";"1";"1";"1";5;48;2
"45013";"202100045013";4;"17:00";"1";"94";"1";"1";"1";4;48;2
"45014";"202100045014";4;"16:05";"1";"35";"2";"1";"1";6;48;-1
"45015";"202100045015";4;"11:00";"1";"974";"1";"1";"1";6;-21;55
"45016";"202100045016";4;"17:30";"1";"69";"2";"2";"1";3;45;4
"45017";"202100045017";4;"19:00";"1";"69";"2";"2";"1";3;45;4
"45018";"202100045018";4;"16:20";"1";"69";"2";"2";"1";1;45;4
"45019";"202100045019";4;"19:00";"2";"2B";"2";"1";"1";1;42;9
"45020";"202100045020";4;"14:45";"1";"91";"2";"1";"2";6;48;2
"45021";"202100045021";4;"19:20";"1";"81";"1";"6";"1";3;43;2
"45022";"202100045022";4;"05:59";"5";"78";"2";"2";"1";3;48;1
"45023";"202100045023";4;"14:01";"1";"69";"2";"9";"1";3;45;4
"45024";"202100045024";4;"11:50";"1";"54";"2";"1";"1";2;48;6
"45025";"202100045025";4;"16:36";"1";"49";"2";"1";"1";3;47;0
"45026";"202100045026";4;"13:40";"1";"35";"2";"1";"1";6;48;-1
"45027";"202100045027";4;"13:10";"1";"29";"2";"6";"1";3;48;-4
"45028";"202100045028";4;"16:15";"1";"13";"2";"1";"1";5;43;5
"45029";"202100045029";4;"16:30";"1";"13";"2";"1";"1";3;43;5
"45030";"202100045030";4;"15:39";"1";"13";"2";"1";"1";2;43;5
"45031";"202100045031";4;"14:30";"1";"13";"2";"1";"1";4;43;5
"45032";"202100045032";4;"11:20";"1";"13";"2";"1";"1";3;43;5
"45033";"202100045033";4;"22:21";"5";"10";"2";"1";"1";6;48;4
"45034";"202100045034";4;"17:25";"1";"75";"2";"4";"1";6;48;2
"45035";"202100045035";4;"16:00";"1";"75";"2";"7";"2";3;48;2
"45036";"202100045036";4;"14:03";"1";"75";"2";"3";"2";6;48;2
"45037";"202100045037";4;"13:53";"1";"75";"2";"2";"2";3;48;2
"45038";"202100045038";4;"16:45";"1";"75";"2";"2";"1";3;48;2
"45039";"202100045039";4;"16:49";"1";"94";"2";"2";"1";6;48;2
"45040";"202100045040";4;"16:00";"1";"94";"2";"1";"1";6;48;2
"45041";"202100045041";4;"14:15";"1";"94";"2";"1";"2";2;48;2
"45042";"202100045042";4;"18:35";"1";"93";"2";"1";"1";3;48;2
"45043";"202100045043";4;"18:30";"1";"93";"2";"9";"1";6;48;2
"45044";"202100045044";4;"02:30";"5";"93";"2";"6";"1";6;48;2
"45045";"202100045045";4;"21:37";"5";"92";"2";"1";"1";7;48;2
"45046";"202100045046";4;"14:20";"1";"92";"2";"2";"2";3;48;2
"45047";"202100045047";4;"17:27";"1";"92";"2";"1";"1";2;48;2
"45048";"202100045048";4;"19:10";"1";"92";"2";"4";"1";3;48;2
"45049";"202100045049";4;"08:20";"1";"35";"2";"1";"1";6;48;-1
"45050";"202100045050";4;"16:45";"1";"18";"1";"1";"1";7;47;2
"45051";"202100045051";4;"14:45";"1";"11";"2";"3";"1";2;43;2
"45052";"202100045052";4;"18:00";"1";"63";"1";"1";"1";1;45;2
"45053";"202100045053";4;"12:07";"1";"63";"2";"1";"1";7;45;3
"45054";"202100045054";4;"03:30";"3";"85";"1";"3";"1";6;46;-1
"45055";"202100045055";4;"15:35";"1";"38";"1";"1";"1";1;44;5
"45056";"202100045056";4;"17:25";"1";"74";"1";"1";"1";2;45;5
"45057";"202100045057";4;"15:30";"1";"11";"1";"1";"1";2;43;2
"45058";"202100045058";4;"10:20";"1";"71";"1";"1";"1";1;46;4
"45059";"202100045059";4;"15:25";"1";"46";"2";"4";"1";6;44;1
"45060";"202100045060";3;"17:25";"2";"34";"1";"4";"7";1;43;3
"45061";"202100045061";4;"19:00";"1";"68";"2";"1";"1";6;47;7
"45062";"202100045062";3;"18:45";"5";"68";"2";"1";"1";4;47;7
"45063";"202100045063";2;"16:30";"1";"39";"2";"3";"1";3;46;6
"45064";"202100045064";4;"13:05";"1";"25";"1";"1";"1";6;47;6
"45065";"202100045065";4;"16:50";"1";"31";"1";"6";"1";7;43;1
"45066";"202100045066";4;"07:15";"1";"31";"1";"1";"1";6;43;1
"45067";"202100045067";4;"09:50";"1";"70";"1";"1";"1";4;47;5
"45068";"202100045068";4;"15:40";"1";"26";"1";"1";"6";1;44;4
"45069";"202100045069";4;"14:55";"1";"14";"1";"1";"1";7;49;0
"45070";"202100045070";4;"06:30";"2";"45";"1";"1";"9";6;48;2
"45071";"202100045071";4;"10:50";"1";"07";"2";"6";"1";3;45;4
"45072";"202100045072";4;"17:45";"1";"53";"2";"3";"1";6;47;0
"45073";"202100045073";4;"10:30";"1";"28";"2";"1";"1";6;48;1
"45074";"202100045074";4;"17:50";"1";"48";"1";"1";"1";7;44;3
"45075";"202100045075";4;"09:58";"1";"95";"2";"1";"1";3;49;2
"45076";"202100045076";4;"11:15";"1";"07";"1";"1";"1";7;44;4
"45077";"202100045077";4;"16:55";"1";"11";"1";"1";"1";6;43;2
"45078";"202100045078";4;"21:15";"5";"976";"1";"1";"1";1;-12;45
"45079";"202100045079";4;"16:45";"1";"988";"1";"1";"7";6;-22;166
"45080";"202100045080";4;"14:45";"1";"986";"2";"9";"1";7;-13;-176
"45081";"202100045081";4;"17:45";"1";"95";"2";"7";"1";3;49;1
"45082";"202100045082";3;"19:20";"2";"66";"1";"1";"1";1;42;2
"45083";"202100045083";4;"09:45";"1";"34";"1";"2";"1";5;43;3
"45084";"202100045084";4;"05:50";"3";"34";"1";"1";"1";6;43;3
"45085";"202100045085";4;"13:50";"1";"04";"1";"1";"1";7;44;6
"45086";"202100045086";4;"06:45";"3";"13";"1";"1";"1";6;43;5
"45087";"202100045087";4;"16:40";"1";"68";"1";"1";"1";1;48;7
"45088";"202100045088";4;"00:00";"3";"07";"1";"1";"9";6;44;4
"45089";"202100045089";4;"12:15";"1";"65";"2";"9";"8";2;43;0
"45090";"202100045090";4;"17:00";"1";"17";"2";"6";"1";3;45;0
"45091";"202100045091";4;"19:30";"2";"59";"1";"1";"1";6;50;3
"45092";"202100045092";4;"18:49";"1";"13";"1";"1";"1";4;43;5
"45093";"202100045093";4;"18:10";"1";"91";"1";"1";"1";7;48;2
"45094";"202100045094";4;"15:30";"1";"94";"1";"1";"1";6;48;2
"45095";"202100045095";4;"19:00";"1";"93";"1";"1";"1";3;48;2
"45096";"202100045096";4;"23:30";"3";"77";"1";"1";"1";6;48;2
"45097";"202100045097";4;"13:10";"1";"54";"2";"1";"1";6;48;6
"45098";"202100045098";4;"06:25";"5";"13";"2";"1";"1";6;43;4
"45099";"202100045099";4;"17:24";"1";"06";"2";"9";"1";6;43;7
"45100";"202100045100";4;"16:50";"1";"59";"2";"2";"1";6;50;3
"45101";"202100045101";4;"17:30";"1";"21";"2";"1";"1";6;47;4
"45102";"202100045102";3;"20:40";"2";"08";"2";"1";"1";6;49;4
"45103";"202100045103";4;"18:50";"1";"94";"2";"1";"1";6;48;2
"45104";"202100045104";1;"04:16";"5";"972";"1";"1";"1";5;14;-61
"45105";"202100045105";4;"16:45";"1";"06";"2";"1";"1";6;43;7
"45106";"202100045106";3;"12:30";"1";"93";"2";"9";"1";3;48;2
"45107";"202100045107";3;"17:00";"1";"92";"2";"2";"1";6;48;2
"45108";"202100045108";4;"16:20";"1";"976";"2";"1";"1";3;-12;45
"45109";"202100045109";4;"06:05";"2";"973";"2";"1";"1";7;4;-52
"45110";"202100045110";4;"15:50";"1";"69";"2";"1";"1";2;45;4
"45111";"202100045111";3;"20:00";"5";"972";"1";"1";"1";7;14;-61
"45112";"202100045112";4;"11:55";"1";"972";"2";"1";"1";2;14;-61
"45113";"202100045113";4;"18:46";"1";"69";"2";"1";"1";7;45;4
"45114";"202100045114";4;"11:50";"1";"971";"1";"1";"1";6;16;-61
"45115";"202100045115";4;"16:15";"1";"91";"2";"1";"1";6;48;2
"45116";"202100045116";3;"17:30";"1";"91";"2";"1";"1";3;48;2
"45117";"202100045117";4;"20:25";"5";"83";"2";"2";"1";1;43;5
"45118";"202100045118";4;"19:10";"1";"83";"2";"1";"1";3;43;5
"45119";"202100045119";4;"12:45";"1";"83";"2";"6";"1";3;43;6
"45120";"202100045120";4;"08:45";"1";"77";"1";"1";"1";7;48;2
"45121";"202100045121";4;"17:30";"1";"77";"2";"1";"1";7;48;2
"45122";"202100045122";3;"20:30";"5";"69";"2";"2";"1";3;45;4
"45123";"202100045123";4;"08:30";"1";"59";"2";"2";"1";5;50;2
"45124";"202100045124";4;"16:50";"1";"50";"2";"1";"1";1;48;-1
"45125";"202100045125";4;"14:56";"1";"38";"2";"3";"1";3;45;4
"45126";"202100045126";4;"16:10";"1";"35";"1";"1";"1";6;48;-1
"45127";"202100045127";4;"16:20";"1";"35";"2";"6";"1";6;48;-1
"45128";"202100045128";4;"11:00";"1";"33";"2";"3";"7";3;44;0
"45129";"202100045129";4;"17:10";"1";"30";"1";"2";"1";6;44;4
"45130";"202100045130";4;"17:30";"2";"29";"1";"1";"1";2;47;-4
"45131";"202100045131";4;"16:39";"1";"25";"2";"4";"1";3;47;6
"45132";"202100045132";4;"01:00";"5";"13";"2";"1";"1";3;43;5
"45133";"202100045133";4;"15:00";"1";"13";"2";"1";"1";6;43;5
"45134";"202100045134";4;"19:00";"1";"13";"2";"1";"1";2;43;5
"45135";"202100045135";4;"13:30";"1";"13";"2";"1";"1";3;43;5
"45136";"202100045136";4;"18:32";"1";"10";"2";"3";"1";3;48;4
"45137";"202100045137";4;"12:40";"1";"06";"2";"1";"1";3;43;7
"45138";"202100045138";4;"18:15";"1";"03";"2";"1";"1";3;46;2
"45139";"202100045139";4;"20:36";"5";"75";"2";"1";"1";3;48;2
"45140";"202100045140";4;"14:30";"1";"75";"2";"1";"1";7;48;2
"45141";"202100045141";4;"20:00";"1";"75";"2";"1";"1";3;48;2
"45142";"202100045142";4;"18:25";"1";"75";"2";"1";"1";6;48;2
"45143";"202100045143";4;"12:40";"1";"75";"2";"2";"1";5;48;2
"45144";"202100045144";4;"16:06";"1";"75";"2";"3";"1";6;48;2
"45145";"202100045145";4;"14:09";"1";"75";"2";"3";"1";6;48;2
"45146";"202100045146";4;"22:24";"5";"94";"2";"1";"1";2;48;2
"45147";"202100045147";4;"17:15";"1";"94";"2";"2";"1";3;48;2
"45148";"202100045148";4;"21:30";"5";"94";"2";"1";"1";3;48;2
"45149";"202100045149";4;"19:05";"1";"94";"2";"1";"1";2;48;2
"45150";"202100045150";4;"14:00";"1";"94";"2";"9";"1";3;48;2
"45151";"202100045151";4;"16:30";"1";"94";"2";"9";"1";2;48;2
"45152";"202100045152";4;"13:40";"1";"93";"2";"2";"1";3;48;2
"45153";"202100045153";4;"18:25";"1";"93";"2";"2";"1";3;48;2
"45154";"202100045154";4;"20:11";"2";"93";"1";"9";"1";2;48;2
"45155";"202100045155";4;"19:45";"2";"93";"2";"1";"1";2;48;2
"45156";"202100045156";4;"08:30";"1";"93";"2";"2";"1";3;48;2
"45157";"202100045157";4;"01:05";"3";"93";"2";"3";"1";3;48;2
"45158";"202100045158";4;"08:20";"1";"93";"2";"6";"1";6;48;2
"45159";"202100045159";4;"10:20";"1";"93";"2";"2";"1";3;48;2
"45160";"202100045160";4;"18:25";"1";"92";"2";"1";"1";2;48;2
"45161";"202100045161";4;"21:04";"2";"92";"2";"1";"1";1;48;2
"45162";"202100045162";4;"12:36";"1";"92";"2";"2";"1";3;48;2
"45163";"202100045163";4;"20:45";"5";"67";"2";"4";"1";6;48;7
"45164";"202100045164";4;"10:55";"1";"48";"1";"1";"1";6;44;3
"45165";"202100045165";4;"20:40";"3";"30";"1";"1";"1";7;43;4
"45166";"202100045166";4;"16:45";"1";"57";"1";"3";"1";1;48;6
"45167";"202100045167";4;"00:15";"3";"59";"1";"1";"1";6;50;3
"45168";"202100045168";4;"11:30";"1";"82";"1";"2";"7";3;43;1
"45169";"202100045169";4;"19:10";"1";"33";"1";"1";"1";7;45;0
"45170";"202100045170";4;"20:10";"1";"33";"1";"2";"1";6;44;0
"45171";"202100045171";3;"15:30";"1";"71";"2";"1";"1";1;46;5
"45172";"202100045172";4;"15:30";"1";"61";"1";"1";"1";7;48;0
"45173";"202100045173";4;"17:00";"1";"12";"1";"1";"1";1;44;2
"45174";"202100045174";4;"10:30";"1";"39";"1";"1";"1";6;47;5
"45175";"202100045175";4;"09:30";"1";"44";"2";"1";"1";6;47;-2
"45176";"202100045176";4;"19:00";"1";"35";"1";"1";"1";7;48;-1
"45177";"202100045177";4;"11:40";"1";"35";"1";"2";"1";3;48;-1
"45178";"202100045178";4;"22:08";"5";"29";"2";"1";"1";6;48;-4
"45179";"202100045179";4;"18:15";"1";"64";"1";"1";"1";7;43;-1
"45180";"202100045180";4;"13:45";"1";"43";"1";"3";"1";3;44;3
"45181";"202100045181";4;"19:00";"2";"27";"2";"1";"1";7;48;1
"45182";"202100045182";4;"15:55";"1";"27";"2";"1";"1";6;48;1
"45183";"202100045183";4;"19:30";"1";"30";"1";"1";"1";7;44;4
"45184";"202100045184";4;"08:30";"1";"978";"2";"1";"1";1;18;-63
"45185";"202100045185";4;"11:15";"1";"74";"2";"1";"1";3;46;6
"45186";"202100045186";4;"19:25";"1";"49";"1";"1";"1";6;47;0
"45187";"202100045187";4;"21:40";"3";"987";"1";"1";"1";7;-17;-149
"45188";"202100045188";4;"10:15";"1";"987";"1";"1";"1";1;-17;-149
"45189";"202100045189";4;"08:15";"1";"976";"2";"1";"1";6;-12;45
"45190";"202100045190";4;"10:50";"1";"37";"1";"2";"1";3;47;0
"45191";"202100045191";4;"12:30";"1";"11";"1";"1";"1";1;43;2
"45192";"202100045192";4;"10:10";"1";"34";"1";"1";"7";3;43;3
"45193";"202100045193";4;"18:30";"1";"34";"1";"1";"1";2;43;3
"45194";"202100045194";4;"17:30";"1";"34";"1";"1";"1";5;43;3
"45195";"202100045195";4;"17:23";"1";"13";"1";"1";"1";1;43;5
"45196";"202100045196";4;"12:27";"1";"26";"1";"1";"1";6;44;4
"45197";"202100045197";4;"16:50";"1";"56";"1";"1";"1";6;47;-2
"45198";"202100045198";4;"00:15";"3";"80";"1";"1";"1";7;50;1
"45199";"202100045199";4;"12:05";"1";"13";"1";"1";"1";5;43;5
"45200";"202100045200";4;"02:15";"3";"13";"1";"1";"1";6;43;5
"45201";"202100045201";4;"06:45";"2";"13";"1";"1";"1";4;43;5
"45202";"202100045202";4;"15:50";"1";"95";"1";"1";"1";6;49;2
"45203";"202100045203";4;"20:20";"2";"94";"1";"1";"1";6;48;2
"45204";"202100045204";3;"11:34";"1";"44";"2";"9";"1";6;47;-1
"45205";"202100045205";4;"16:00";"1";"974";"2";"9";"1";1;-21;55
"45206";"202100045206";4;"16:15";"1";"69";"2";"8";"7";3;45;4