"";"Num_Acc";"mois";"hrmn";"lum";"dep";"agg";"int";"atm";"col";"lat";"long"
"45207";"202100045207";4;"13:50";"1";"69";"2";"3";"1";6;45;4
"45208";"202100045208";4;"19:30";"3";"972";"1";"1";"1";6;14;-60
"45209";"202100045209";4;"12:30";"1";"972";"2";"1";"1";2;14;-61
"45210";"202100045210";4;"16:44";"1";"69";"2";"3";"1";1;45;4
"45211";"202100045211";4;"16:20";"1";"69";"2";"2";"1";3;45;4
"45212";"202100045212";4;"18:30";"1";"69";"2";"1";"1";4;45;4
"45213";"202100045213";4;"08:50";"1";"69";"2";"1";"1";3;45;4
"45214";"202100045214";3;"20:30";"5";"69";"2";"5";"1";3;45;4
"45215";"202100045215";4;"11:40";"1";"91";"2";"6";"1";3;48;2
"45216";"202100045216";4;"22:40";"5";"91";"2";"1";"1";1;48;2
"45217";"202100045217";4;"19:45";"1";"91";"2";"2";"1";3;48;2
"45218";"202100045218";4;"14:25";"1";"83";"2";"2";"1";3;43;6
"45219";"202100045219";4;"13:05";"1";"82";"2";"1";"1";3;44;1
"45220";"202100045220";4;"11:00";"1";"71";"2";"2";"1";3;46;4
"45221";"202100045221";4;"15:50";"1";"71";"2";"1";"1";2;46;4
"45222";"202100045222";4;"18:55";"1";"61";"2";"9";"1";7;48;0
"45223";"202100045223";4;"15:25";"1";"61";"2";"6";"1";3;48;0
"45224";"202100045224";4;"22:55";"5";"59";"2";"1";"1";1;50;3
"45225";"202100045225";4;"09:55";"1";"50";"2";"1";"1";2;49;-1
"45226";"202100045226";4;"15:48";"1";"49";"2";"1";"1";3;47;0
"45227";"202100045227";3;"17:00";"1";"42";"2";"1";"1";6;45;4
"45228";"202100045228";4;"16:30";"1";"35";"1";"1";"1";2;48;-1
"45229";"202100045229";4;"12:30";"1";"33";"2";"3";"1";3;44;0
"45230";"202100045230";4;"11:15";"1";"26";"2";"1";"1";6;44;4
"45231";"202100045231";4;"08:00";"1";"22";"2";"3";"1";3;48;-3
"45232";"202100045232";4;"14:15";"1";"14";"1";"1";"1";2;49;0
"45233";"202100045233";4;"14:50";"1";"13";"2";"1";"1";2;43;5
"45234";"202100045234";3;"11:15";"1";"13";"2";"1";"1";6;43;5
"45235";"202100045235";4;"09:30";"1";"13";"2";"1";"1";6;43;5
"45236";"202100045236";3;"13:50";"1";"12";"2";"1";"1";2;44;3
"45237";"202100045237";4;"10:45";"1";"01";"2";"6";"1";6;46;5
"45238";"202100045238";4;"16:15";"1";"75";"2";"2";"1";3;48;2
"45239";"202100045239";4;"20:00";"5";"75";"2";"2";"1";3;48;2
"45240";"202100045240";4;"19:10";"1";"75";"2";"3";"1";3;48;2
"45241";"202100045241";4;"23:15";"5";"75";"2";"1";"1";6;48;2
"45242";"202100045242";4;"21:20";"5";"75";"2";"2";"1";5;48;2
"45243";"202100045243";4;"19:15";"1";"75";"2";"3";"1";3;48;2
"45244";"202100045244";4;"19:20";"1";"75";"2";"2";"1";6;48;2
"45245";"202100045245";4;"13:30";"1";"75";"2";"2";"1";1;48;2
"45246";"202100045246";4;"21:42";"5";"75";"2";"2";"1";3;48;2
"45247";"202100045247";4;"17:00";"1";"75";"2";"2";"1";2;48;2
"45248";"202100045248";4;"20:15";"5";"75";"2";"7";"1";6;48;2
"45249";"202100045249";4;"12:55";"1";"75";"2";"2";"1";3;48;2
"45250";"202100045250";4;"17:58";"1";"94";"2";"1";"1";3;48;2
"45251";"202100045251";4;"14:30";"1";"94";"2";"1";"1";2;48;2
"45252";"202100045252";4;"16:30";"1";"94";"2";"9";"7";1;48;2
"45253";"202100045253";4;"16:11";"1";"94";"2";"2";"1";3;48;2
"45254";"202100045254";4;"19:55";"1";"93";"2";"1";"1";6;48;2
"45255";"202100045255";4;"16:00";"1";"93";"2";"9";"1";2;48;2
"45256";"202100045256";4;"18:08";"1";"93";"2";"2";"1";3;48;2
"45257";"202100045257";4;"20:15";"5";"93";"2";"2";"1";3;48;2
"45258";"202100045258";4;"16:10";"1";"93";"2";"1";"1";1;48;2
"45259";"202100045259";4;"02:20";"5";"93";"2";"1";"1";6;48;2
"45260";"202100045260";4;"17:45";"1";"93";"2";"1";"1";6;48;2
"45261";"202100045261";4;"18:20";"1";"92";"2";"1";"1";3;48;2
"45262";"202100045262";4;"16:00";"1";"92";"2";"1";"1";3;48;2
"45263";"202100045263";4;"11:15";"1";"92";"2";"2";"1";3;48;2
"45264";"202100045264";4;"20:20";"2";"92";"2";"1";"1";3;48;2
"45265";"202100045265";4;"14:30";"1";"92";"2";"1";"1";3;48;2
"45266";"202100045266";4;"10:30";"1";"83";"1";"1";"1";5;43;6
"45267";"202100045267";4;"16:00";"1";"51";"1";"1";"1";7;48;4
"45268";"202100045268";4;"15:55";"1";"24";"1";"2";"1";2;45;0
"45269";"202100045269";4;"14:30";"1";"38";"1";"2";"1";3;45;4
"45270";"202100045270";4;"16:40";"1";"41";"1";"1";"1";6;47;1
"45271";"202100045271";4;"15:50";"1";"68";"2";"1";"1";3;48;7
"45272";"202100045272";4;"11:30";"1";"974";"1";"1";"1";1;-21;55
"45273";"202100045273";4;"16:10";"1";"01";"1";"2";"1";3;46;4
"45274";"202100045274";4;"11:30";"1";"76";"2";"2";"1";6;49;1
"45275";"202100045275";4;"18:20";"1";"42";"2";"1";"1";3;45;4
"45276";"202100045276";4;"18:45";"1";"71";"1";"2";"1";3;46;4
"45277";"202100045277";4;"15:12";"1";"19";"1";"1";"1";6;45;2
"45278";"202100045278";3;"12:45";"1";"56";"1";"1";"1";3;47;-2
"45279";"202100045279";4;"18:45";"1";"74";"1";"4";"1";2;45;6
"45280";"202100045280";4;"11:55";"1";"74";"2";"1";"1";2;45;6
"45281";"202100045281";4;"06:30";"1";"2B";"2";"1";"1";6;42;9
"45282";"202100045282";4;"03:15";"3";"49";"1";"1";"1";6;47;0
"45283";"202100045283";4;"17:25";"1";"12";"2";"4";"1";6;44;2
"45284";"202100045284";4;"18:55";"1";"42";"1";"1";"1";3;46;4
"45285";"202100045285";4;"18:24";"1";"47";"2";"1";"1";6;44;0
"45286";"202100045286";4;"11:50";"1";"47";"2";"6";"1";4;44;0
"45287";"202100045287";4;"11:10";"1";"44";"1";"1";"1";3;47;-2
"45288";"202100045288";4;"15:15";"1";"44";"1";"1";"1";4;47;-1
"45289";"202100045289";4;"12:00";"1";"44";"1";"3";"1";1;47;-2
"45290";"202100045290";3;"08:00";"1";"35";"2";"3";"1";1;48;-1
"45291";"202100045291";3;"15:15";"1";"35";"1";"1";"1";7;48;-1
"45292";"202100045292";4;"17:15";"1";"29";"1";"2";"7";3;47;-3
"45293";"202100045293";4;"14:50";"1";"02";"1";"2";"1";3;49;3
"45294";"202100045294";4;"18:40";"1";"01";"2";"1";"1";6;46;4
"45295";"202100045295";4;"15:30";"1";"26";"1";"1";"1";1;44;4
"45296";"202100045296";4;"12:10";"1";"54";"1";"1";"1";7;48;6
"45297";"202100045297";4;"11:50";"1";"54";"1";"1";"1";1;48;6
"45298";"202100045298";4;"14:45";"1";"06";"2";"6";"1";7;43;7
"45299";"202100045299";4;"19:10";"1";"14";"1";"2";"1";2;48;0
"45300";"202100045300";4;"18:15";"1";"14";"2";"1";"1";7;49;0
"45301";"202100045301";4;"17:30";"1";"05";"1";"1";"1";6;44;5
"45302";"202100045302";4;"17:25";"1";"64";"2";"1";"1";7;43;0
"45303";"202100045303";4;"13:56";"1";"10";"1";"1";"1";6;48;3
"45304";"202100045304";4;"19:25";"1";"36";"1";"1";"7";7;46;1
"45305";"202100045305";4;"12:00";"1";"16";"2";"1";"1";6;45;0
"45306";"202100045306";4;"15:30";"1";"16";"1";"1";"7";6;45;0
"45307";"202100045307";4;"15:30";"1";"16";"1";"1";"1";1;45;0
"45308";"202100045308";4;"17:15";"1";"07";"1";"1";"1";7;44;4
"45309";"202100045309";4;"15:00";"1";"07";"1";"1";"1";7;44;4
"45310";"202100045310";4;"18:30";"1";"24";"2";"1";"1";6;45;0
"45311";"202100045311";4;"15:50";"1";"17";"1";"1";"1";5;45;-1
"45312";"202100045312";4;"23:30";"3";"48";"1";"1";"1";7;44;3
"45313";"202100045313";4;"07:30";"2";"48";"1";"1";"1";6;44;3
"45314";"202100045314";4;"13:50";"1";"48";"1";"1";"1";7;44;3
"45315";"202100045315";4;"16:45";"1";"88";"2";"1";"7";6;48;5
"45316";"202100045316";4;"17:45";"1";"88";"1";"3";"1";3;48;6
"45317";"202100045317";4;"20:30";"5";"971";"2";"9";"1";6;16;-61
"45318";"202100045318";4;"13:15";"1";"17";"1";"1";"1";3;45;0
"45319";"202100045319";4;"17:20";"1";"33";"2";"1";"1";3;44;-1
"45320";"202100045320";4;"17:00";"1";"34";"1";"3";"1";3;43;4
"45321";"202100045321";4;"16:45";"1";"34";"2";"1";"1";6;43;4
"45322";"202100045322";4;"14:39";"1";"83";"1";"1";"1";7;43;5
"45323";"202100045323";3;"13:40";"1";"83";"1";"1";"1";4;43;5
"45324";"202100045324";4;"15:00";"1";"89";"1";"1";"1";4;47;3
"45325";"202100045325";4;"16:05";"1";"52";"2";"3";"1";7;47;5
"45326";"202100045326";4;"16:45";"1";"42";"1";"1";"1";7;45;3
"45327";"202100045327";4;"21:10";"3";"33";"1";"6";"1";7;44;0
"45328";"202100045328";4;"16:20";"1";"60";"1";"1";"1";6;49;2
"45329";"202100045329";4;"07:13";"2";"80";"1";"1";"1";6;49;2
"45330";"202100045330";4;"15:00";"1";"62";"1";"1";"1";6;50;2
"45331";"202100045331";4;"15:22";"1";"13";"1";"1";"1";6;43;5
"45332";"202100045332";4;"14:53";"1";"13";"1";"1";"1";7;43;5
"45333";"202100045333";4;"04:30";"5";"33";"1";"1";"1";6;44;0
"45334";"202100045334";4;"20:00";"1";"91";"1";"1";"1";7;48;2
"45335";"202100045335";4;"19:20";"1";"91";"1";"1";"1";3;48;2
"45336";"202100045336";4;"21:00";"3";"78";"1";"1";"1";7;48;2
"45337";"202100045337";4;"22:05";"5";"93";"1";"1";"1";2;48;2
"45338";"202100045338";1;"16:24";"1";"05";"2";"1";"2";2;44;6
"45339";"202100045339";1;"18:02";"5";"05";"2";"1";"1";6;44;6
"45340";"202100045340";4;"11:35";"1";"974";"2";"1";"1";6;-20;55
"45341";"202100045341";4;"07:30";"1";"974";"1";"1";"1";4;-20;55
"45342";"202100045342";3;"16:30";"1";"974";"2";"1";"8";1;-20;55
"45343";"202100045343";3;"15:15";"1";"974";"2";"3";"2";3;-20;55
"45344";"202100045344";4;"20:22";"5";"973";"2";"1";"2";6;4;-52
"45345";"202100045345";4;"15:27";"1";"973";"2";"1";"1";3;4;-52
"45346";"202100045346";4;"22:00";"5";"973";"2";"2";"1";3;4;-52
"45347";"202100045347";4;"15:15";"1";"69";"2";"1";"1";6;45;4
"45348";"202100045348";4;"06:40";"2";"69";"2";"2";"1";3;45;4
"45349";"202100045349";4;"10:40";"1";"972";"1";"1";"1";6;14;-61
"45350";"202100045350";2;"22:15";"5";"69";"2";"1";"1";7;45;4
"45351";"202100045351";4;"19:20";"1";"91";"2";"1";"1";3;48;2
"45352";"202100045352";4;"19:00";"1";"91";"2";"1";"1";6;48;2
"45353";"202100045353";4;"10:16";"1";"91";"2";"1";"1";3;48;2
"45354";"202100045354";4;"16:45";"1";"91";"1";"1";"1";6;48;2
"45355";"202100045355";4;"15:25";"1";"91";"1";"9";"1";5;48;2
"45356";"202100045356";3;"23:05";"3";"90";"1";"1";"2";6;47;6
"45357";"202100045357";4;"17:03";"1";"87";"2";"2";"1";6;45;1
"45358";"202100045358";4;"07:18";"5";"87";"2";"2";"1";3;45;1
"45359";"202100045359";4;"16:55";"1";"83";"2";"1";"7";6;43;6
"45360";"202100045360";4;"17:20";"1";"83";"2";"1";"1";3;43;6
"45361";"202100045361";4;"17:56";"1";"80";"2";"1";"1";4;49;2
"45362";"202100045362";4;"17:30";"1";"80";"2";"1";"1";4;49;2
"45363";"202100045363";3;"10:51";"1";"78";"2";"2";"1";3;48;2
"45364";"202100045364";4;"00:50";"5";"78";"2";"1";"1";6;48;2
"45365";"202100045365";4;"13:20";"1";"74";"2";"3";"1";3;46;6
"45366";"202100045366";4;"07:59";"1";"74";"2";"9";"1";2;46;6
"45367";"202100045367";4;"12:46";"1";"72";"2";"1";"1";3;48;0
"45368";"202100045368";4;"18:55";"1";"71";"2";"1";"1";3;46;4
"45369";"202100045369";4;"13:00";"1";"71";"2";"1";"1";6;46;4
"45370";"202100045370";4;"18:15";"1";"71";"1";"9";"1";3;46;4
"45371";"202100045371";4;"18:30";"1";"64";"2";"3";"1";2;43;0
"45372";"202100045372";4;"15:45";"1";"64";"2";"9";"1";3;43;0
"45373";"202100045373";4;"15:45";"1";"64";"2";"9";"1";7;43;-1
"45374";"202100045374";4;"20:01";"5";"63";"2";"2";"1";2;45;3
"45375";"202100045375";4;"18:04";"1";"63";"2";"1";"1";6;45;3
"45376";"202100045376";3;"16:30";"1";"62";"2";"1";"1";6;50;2
"45377";"202100045377";3;"09:05";"1";"59";"1";"1";"8";1;50;3
"45378";"202100045378";4;"15:30";"1";"59";"2";"1";"1";6;50;3
"45379";"202100045379";3;"13:55";"1";"59";"2";"1";"1";3;50;3
"45380";"202100045380";4;"19:00";"2";"56";"1";"1";"1";2;47;-3
"45381";"202100045381";4;"13:55";"1";"51";"2";"3";"1";3;49;3
"45382";"202100045382";4;"13:45";"1";"51";"2";"2";"1";3;49;4
"45383";"202100045383";4;"18:45";"1";"50";"2";"2";"1";3;49;-1
"45384";"202100045384";4;"08:55";"1";"50";"2";"4";"1";2;49;-1
"45385";"202100045385";4;"18:02";"1";"49";"2";"1";"1";6;47;0
"45386";"202100045386";3;"05:36";"5";"49";"2";"1";"1";6;47;0
"45387";"202100045387";3;"11:10";"1";"49";"2";"1";"1";6;47;0
"45388";"202100045388";4;"21:00";"5";"47";"2";"1";"1";6;44;0
"45389";"202100045389";4;"09:05";"1";"47";"2";"4";"1";3;44;0
"45390";"202100045390";4;"12:00";"1";"45";"2";"1";"1";6;47;1
"45391";"202100045391";4;"08:55";"1";"45";"2";"2";"1";3;47;1
"45392";"202100045392";4;"18:00";"1";"44";"2";"1";"1";6;47;-1
"45393";"202100045393";4;"19:40";"1";"41";"2";"1";"1";1;47;1
"45394";"202100045394";4;"08:30";"1";"37";"2";"6";"1";7;47;0
"45395";"202100045395";4;"07:36";"1";"37";"2";"1";"1";7;47;0
"45396";"202100045396";4;"22:57";"5";"37";"2";"1";"1";6;47;0
"45397";"202100045397";4;"16:30";"1";"37";"2";"1";"1";7;47;0
"45398";"202100045398";4;"15:44";"1";"37";"2";"1";"1";6;47;0
"45399";"202100045399";4;"18:44";"1";"33";"2";"4";"1";2;44;0
"45400";"202100045400";4;"08:55";"1";"33";"2";"1";"1";3;44;0
"45401";"202100045401";4;"18:40";"1";"30";"2";"1";"1";3;44;4
"45402";"202100045402";4;"17:41";"1";"29";"2";"1";"1";6;47;-3
"45403";"202100045403";4;"12:30";"1";"29";"2";"1";"1";3;48;-4
"45404";"202100045404";4;"13:53";"1";"25";"2";"1";"1";4;47;6
"45405";"202100045405";3;"17:00";"1";"22";"2";"1";"1";3;48;-2
"45406";"202100045406";4;"19:15";"1";"18";"1";"3";"1";3;47;2
"45407";"202100045407";4;"15:30";"1";"14";"2";"6";"1";3;49;0
"45408";"202100045408";4;"01:15";"5";"13";"2";"1";"1";6;43;5
"45409";"202100045409";4;"16:30";"1";"13";"2";"1";"1";1;43;5
"45410";"202100045410";4;"09:05";"1";"13";"2";"9";"1";3;43;5
"45411";"202100045411";3;"19:00";"1";"13";"2";"3";"1";3;43;5
"45412";"202100045412";4;"15:42";"1";"10";"2";"1";"1";6;48;4
"45413";"202100045413";4;"08:59";"1";"10";"1";"1";"1";2;48;4
"45414";"202100045414";4;"12:20";"1";"10";"2";"1";"1";6;48;4
"45415";"202100045415";4;"10:25";"1";"06";"2";"1";"1";6;43;7
"45416";"202100045416";4;"13:25";"1";"06";"2";"1";"1";3;43;6
"45417";"202100045417";4;"13:15";"1";"06";"2";"9";"1";6;43;7
"45418";"202100045418";4;"16:10";"1";"75";"2";"1";"1";5;48;2
"45419";"202100045419";4;"11:10";"1";"75";"2";"1";"1";3;48;2
"45420";"202100045420";4;"19:40";"1";"75";"2";"2";"1";3;48;2
"45421";"202100045421";4;"10:25";"1";"75";"2";"7";"1";3;48;2
"45422";"202100045422";4;"16:30";"1";"75";"2";"3";"1";6;48;2
"45423";"202100045423";4;"07:55";"1";"75";"2";"4";"1";3;48;2
"45424";"202100045424";4;"18:05";"1";"75";"2";"2";"1";4;48;2
"45425";"202100045425";4;"10:50";"1";"75";"2";"3";"1";3;48;2
"45426";"202100045426";4;"08:00";"1";"75";"2";"2";"1";6;48;2
"45427";"202100045427";4;"17:30";"1";"75";"2";"2";"1";3;48;2
"45428";"202100045428";4;"15:00";"1";"75";"2";"2";"1";6;48;2
"45429";"202100045429";4;"11:43";"1";"75";"2";"2";"1";3;48;2
"45430";"202100045430";4;"18:15";"1";"75";"2";"1";"1";6;48;2
"45431";"202100045431";4;"02:30";"5";"75";"2";"1";"1";7;48;2
"45432";"202100045432";4;"18:30";"1";"75";"2";"7";"1";6;48;2
"45433";"202100045433";4;"15:40";"1";"75";"2";"2";"1";6;48;2
"45434";"202100045434";3;"17:45";"1";"75";"2";"3";"1";7;48;2
"45435";"202100045435";4;"14:45";"1";"94";"2";"2";"1";3;48;2
"45436";"202100045436";4;"20:50";"5";"94";"2";"3";"1";3;48;2
"45437";"202100045437";4;"17:35";"1";"94";"2";"1";"1";3;48;2
"45438";"202100045438";4;"16:15";"1";"94";"2";"1";"1";6;48;2
"45439";"202100045439";4;"15:05";"1";"94";"2";"1";"1";6;48;2
"45440";"202100045440";4;"16:35";"1";"94";"2";"9";"1";3;48;2
"45441";"202100045441";4;"21:20";"1";"94";"2";"2";"1";3;48;2
"45442";"202100045442";4;"13:45";"1";"93";"2";"3";"1";6;48;2
"45443";"202100045443";4;"21:50";"5";"93";"2";"1";"1";6;48;2
"45444";"202100045444";4;"12:34";"1";"93";"2";"1";"1";2;48;2
"45445";"202100045445";4;"13:42";"1";"93";"2";"3";"1";3;48;2
"45446";"202100045446";4;"09:50";"1";"93";"2";"1";"1";6;48;2
"45447";"202100045447";4;"19:45";"1";"93";"2";"1";"1";3;48;2
"45448";"202100045448";4;"16:00";"1";"93";"2";"3";"1";3;48;2
"45449";"202100045449";4;"13:00";"1";"93";"2";"3";"1";3;48;2
"45450";"202100045450";4;"09:47";"1";"93";"2";"1";"1";2;48;2
"45451";"202100045451";4;"01:50";"5";"93";"2";"1";"1";6;48;2
"45452";"202100045452";4;"16:00";"1";"93";"2";"3";"1";3;48;2
"45453";"202100045453";4;"12:03";"1";"93";"2";"1";"1";5;48;2
"45454";"202100045454";4;"08:30";"1";"92";"2";"2";"1";3;48;2
"45455";"202100045455";3;"08:30";"1";"92";"2";"1";"1";2;48;2
"45456";"202100045456";4;"09:40";"1";"92";"2";"1";"1";3;48;2
"45457";"202100045457";4;"08:45";"1";"92";"2";"1";"1";6;48;2
"45458";"202100045458";4;"14:10";"1";"92";"2";"1";"1";2;48;2
"45459";"202100045459";4;"14:30";"1";"92";"2";"1";"1";3;48;2
"45460";"202100045460";4;"16:25";"1";"92";"2";"1";"1";6;48;2
"45461";"202100045461";4;"15:20";"1";"92";"2";"3";"1";1;48;2
"45462";"202100045462";4;"18:20";"1";"92";"2";"3";"1";3;48;2
"45463";"202100045463";4;"19:00";"3";"974";"2";"1";"1";1;-21;55
"45464";"202100045464";4;"18:20";"1";"35";"1";"1";"1";1;48;-1
"45465";"202100045465";4;"10:15";"1";"26";"1";"1";"6";1;45;5
"45466";"202100045466";4;"19:25";"1";"83";"1";"1";"1";6;43;6
"45467";"202100045467";4;"16:20";"1";"01";"1";"1";"1";1;46;5
"45468";"202100045468";3;"23:30";"3";"971";"2";"1";"2";6;15;-61
"45469";"202100045469";4;"12:15";"1";"34";"1";"1";"1";2;43;3
"45470";"202100045470";4;"16:45";"1";"56";"1";"3";"1";1;47;-3
"45471";"202100045471";4;"16:30";"1";"77";"2";"1";"1";7;48;3
"45472";"202100045472";2;"17:10";"1";"82";"2";"3";"1";3;44;1
"45473";"202100045473";4;"17:30";"1";"63";"2";"2";"1";3;45;3
"45474";"202100045474";4;"16:34";"1";"29";"1";"9";"1";1;48;-4
"45475";"202100045475";4;"12:10";"1";"68";"2";"3";"1";3;47;7
"45476";"202100045476";4;"00:20";"3";"44";"1";"1";"1";6;46;-1
"45477";"202100045477";4;"14:00";"1";"44";"2";"6";"1";3;47;-1
"45478";"202100045478";3;"18:50";"1";"29";"1";"2";"1";3;48;-3
"45479";"202100045479";4;"15:00";"1";"29";"2";"1";"1";6;48;-3
"45480";"202100045480";4;"16:25";"1";"29";"1";"4";"1";2;48;-4
"45481";"202100045481";4;"15:15";"1";"31";"1";"2";"1";3;43;0
"45482";"202100045482";4;"16:40";"1";"31";"2";"1";"1";6;43;1
"45483";"202100045483";3;"16:45";"1";"38";"1";"1";"1";7;45;6
"45484";"202100045484";4;"12:55";"1";"38";"2";"1";"1";2;45;5
"45485";"202100045485";4;"14:00";"1";"26";"2";"3";"6";1;44;4
"45486";"202100045486";4;"10:40";"1";"54";"2";"1";"1";6;48;6
"45487";"202100045487";4;"05:45";"3";"50";"1";"1";"1";6;49;-1
"45488";"202100045488";3;"15:30";"1";"07";"1";"1";"1";7;44;4
"45489";"202100045489";4;"16:15";"1";"24";"1";"1";"1";1;44;1
"45490";"202100045490";4;"14:15";"1";"24";"1";"1";"1";4;45;1
"45491";"202100045491";4;"10:15";"1";"30";"1";"2";"1";3;43;4
"45492";"202100045492";4;"21:10";"3";"30";"1";"1";"1";3;44;4
"45493";"202100045493";4;"22:14";"3";"88";"1";"1";"1";6;48;6
"45494";"202100045494";4;"23:15";"3";"85";"2";"1";"1";6;46;0
"45495";"202100045495";4;"22:20";"3";"10";"1";"9";"1";6;48;3
"45496";"202100045496";4;"21:50";"5";"13";"2";"2";"1";3;43;5
"45497";"202100045497";3;"08:00";"1";"38";"1";"1";"1";1;45;5
"45498";"202100045498";3;"19:05";"3";"988";"1";"3";"1";6;-22;166
"45499";"202100045499";4;"07:00";"1";"976";"2";"1";"1";3;-12;45
"45500";"202100045500";4;"19:45";"2";"18";"2";"1";"7";6;46;2
"45501";"202100045501";4;"15:29";"1";"83";"1";"1";"1";6;43;5
"45502";"202100045502";4;"12:25";"1";"13";"2";"2";"1";1;43;5
"45503";"202100045503";4;"10:25";"1";"89";"1";"1";"1";2;47;3
"45504";"202100045504";4;"10:25";"1";"89";"1";"1";"1";1;47;3
"45505";"202100045505";4;"18:30";"1";"10";"1";"1";"1";6;48;4
"45506";"202100045506";3;"16:40";"1";"67";"2";"1";"1";7;48;7
"45507";"202100045507";4;"15:08";"1";"67";"1";"1";"1";6;48;7
"45508";"202100045508";4;"15:08";"1";"38";"2";"1";"1";6;45;5
"45509";"202100045509";4;"18:10";"1";"26";"2";"1";"1";1;45;4
"45510";"202100045510";4;"17:40";"1";"69";"2";"7";"1";7;45;4
"45511";"202100045511";3;"20:50";"3";"31";"2";"1";"1";6;43;1
"45512";"202100045512";4;"08:05";"1";"17";"1";"2";"1";3;45;0
"45513";"202100045513";4;"10:15";"1";"56";"2";"1";"1";6;47;-2
"45514";"202100045514";4;"16:30";"1";"22";"1";"1";"1";1;48;-1
"45515";"202100045515";4;"19:45";"1";"80";"2";"4";"1";6;49;2
"45516";"202100045516";4;"16:30";"1";"13";"1";"1";"1";3;43;5
"45517";"202100045517";4;"17:05";"1";"13";"1";"1";"1";2;43;5
"45518";"202100045518";3;"16:19";"1";"13";"1";"1";"1";2;43;5
"45519";"202100045519";4;"18:00";"1";"69";"1";"1";"1";2;45;4
"45520";"202100045520";4;"09:40";"1";"69";"1";"1";"1";3;45;4
"45521";"202100045521";4;"08:45";"1";"33";"1";"1";"1";3;44;0
"45522";"202100045522";4;"16:05";"1";"91";"1";"1";"1";3;48;2
"45523";"202100045523";4;"15:05";"1";"94";"1";"1";"1";4;48;2
"45524";"202100045524";4;"07:20";"1";"92";"1";"1";"1";3;48;2
"45525";"202100045525";4;"01:15";"3";"78";"1";"1";"1";6;48;2
"45526";"202100045526";4;"17:45";"1";"95";"1";"1";"1";3;48;2
"45527";"202100045527";4;"21:10";"5";"94";"1";"1";"1";6;48;2
"45528";"202100045528";1;"16:10";"1";"95";"2";"1";"1";6;48;2
"45529";"202100045529";1;"07:35";"2";"76";"2";"2";"2";6;49;0
"45530";"202100045530";4;"12:00";"1";"976";"2";"1";"1";7;-12;45
"45531";"202100045531";4;"10:40";"1";"974";"1";"1";"1";2;-20;55
"45532";"202100045532";4;"15:25";"1";"973";"2";"1";"1";2;4;-52
"45533";"202100045533";4;"11:17";"1";"973";"2";"9";"1";6;4;-52
"45534";"202100045534";3;"15:05";"1";"973";"2";"1";"1";3;4;-52
"45535";"202100045535";4;"16:00";"1";"69";"2";"1";"1";2;45;4
"45536";"202100045536";4;"15:45";"1";"69";"2";"2";"1";3;45;4
"45537";"202100045537";4;"15:05";"1";"69";"2";"1";"1";3;45;4
"45538";"202100045538";4;"13:50";"1";"69";"2";"2";"1";1;45;4
"45539";"202100045539";4;"12:15";"1";"972";"1";"6";"1";4;14;-61
"45540";"202100045540";3;"21:05";"5";"972";"1";"1";"1";2;14;-61
"45541";"202100045541";4;"13:35";"1";"972";"1";"1";"1";6;14;-61
"45542";"202100045542";3;"11:45";"1";"972";"1";"2";"1";3;14;-61
"45543";"202100045543";4;"16:30";"1";"69";"2";"1";"7";3;45;4
"45544";"202100045544";4;"16:10";"1";"69";"2";"3";"1";6;45;4
"45545";"202100045545";4;"15:40";"1";"971";"1";"1";"1";4;16;-61
"45546";"202100045546";3;"17:00";"1";"971";"1";"1";"1";3;16;-61
"45547";"202100045547";3;"22:00";"5";"971";"2";"1";"1";6;16;-61
"45548";"202100045548";3;"16:00";"1";"971";"1";"6";"1";5;16;-61
"45549";"202100045549";4;"08:40";"1";"91";"2";"1";"1";3;48;2
"45550";"202100045550";3;"13:00";"1";"91";"2";"2";"1";3;48;2
"45551";"202100045551";4;"07:47";"1";"90";"2";"1";"1";3;47;6
"45552";"202100045552";3;"13:55";"1";"89";"2";"1";"1";2;48;3
"45553";"202100045553";2;"16:25";"1";"30";"2";"1";"1";6;43;4
"45554";"202100045554";3;"13:25";"1";"83";"2";"4";"1";3;43;5
"45555";"202100045555";3;"13:30";"1";"80";"2";"1";"1";6;49;2
"45556";"202100045556";4;"09:00";"1";"79";"2";"1";"1";7;46;0
"45557";"202100045557";3;"11:30";"1";"78";"2";"1";"1";6;48;2
"45558";"202100045558";4;"09:10";"1";"78";"2";"2";"1";3;48;2
"45559";"202100045559";4;"14:05";"1";"77";"2";"1";"1";3;48;2
"45560";"202100045560";4;"19:00";"1";"76";"2";"3";"1";3;49;1
"45561";"202100045561";3;"08:02";"1";"74";"2";"1";"1";6;45;6
"45562";"202100045562";4;"19:30";"1";"72";"2";"1";"1";6;48;0
"45563";"202100045563";4;"10:15";"1";"72";"2";"6";"1";3;48;0
"45564";"202100045564";3;"10:30";"1";"72";"2";"1";"1";3;48;0
"45565";"202100045565";3;"10:48";"1";"69";"1";"1";"1";3;45;4
"45566";"202100045566";4;"13:40";"1";"69";"2";"1";"1";1;45;4
"45567";"202100045567";3;"06:00";"5";"69";"2";"3";"1";3;45;4
"45568";"202100045568";4;"14:45";"1";"67";"2";"1";"1";6;48;7
"45569";"202100045569";4;"07:50";"1";"65";"2";"1";"1";6;43;0
"45570";"202100045570";3;"16:45";"1";"64";"2";"1";"1";7;43;-1