"";"Num_Acc";"mois";"hrmn";"lum";"dep";"agg";"int";"atm";"col";"lat";"long"
"45571";"202100045571";3;"14:30";"1";"64";"2";"2";"1";5;43;-1
"45572";"202100045572";3;"13:45";"1";"64";"2";"9";"1";6;43;-1
"45573";"202100045573";3;"11:20";"1";"64";"2";"9";"1";6;43;-1
"45574";"202100045574";3;"21:18";"5";"63";"2";"5";"1";3;45;3
"45575";"202100045575";3;"17:29";"1";"63";"2";"2";"1";3;45;3
"45576";"202100045576";3;"21:40";"5";"59";"2";"2";"1";3;50;3
"45577";"202100045577";3;"03:00";"5";"59";"2";"9";"1";6;50;3
"45578";"202100045578";3;"13:50";"1";"59";"2";"1";"1";3;51;2
"45579";"202100045579";3;"17:10";"1";"57";"2";"3";"1";3;49;6
"45580";"202100045580";3;"17:35";"1";"57";"2";"3";"1";5;49;6
"45581";"202100045581";4;"18:20";"1";"54";"2";"2";"1";3;48;6
"45582";"202100045582";4;"14:15";"1";"54";"2";"2";"1";3;48;6
"45583";"202100045583";3;"17:50";"1";"54";"2";"1";"1";4;48;6
"45584";"202100045584";3;"14:25";"1";"54";"1";"1";"1";6;48;6
"45585";"202100045585";3;"19:45";"3";"53";"1";"1";"1";7;48;0
"45586";"202100045586";3;"07:20";"2";"49";"2";"1";"1";6;47;0
"45587";"202100045587";3;"08:20";"1";"49";"2";"3";"1";3;47;0
"45588";"202100045588";3;"14:40";"1";"45";"2";"2";"1";6;47;1
"45589";"202100045589";4;"10:40";"1";"45";"2";"1";"1";3;47;2
"45590";"202100045590";4;"09:15";"1";"44";"1";"1";"1";2;47;-1
"45591";"202100045591";3;"17:10";"1";"43";"1";"1";"1";7;45;3
"45592";"202100045592";4;"17:00";"1";"38";"2";"1";"1";6;45;5
"45593";"202100045593";3;"14:00";"1";"37";"2";"3";"1";6;47;0
"45594";"202100045594";3;"14:20";"1";"37";"2";"2";"1";6;47;0
"45595";"202100045595";4;"07:45";"1";"35";"2";"2";"1";3;48;-1
"45596";"202100045596";3;"13:35";"1";"34";"2";"4";"1";3;43;3
"45597";"202100045597";4;"07:50";"2";"32";"2";"1";"1";3;43;0
"45598";"202100045598";4;"21:20";"5";"31";"2";"9";"1";6;43;1
"45599";"202100045599";4;"00:40";"5";"31";"2";"1";"1";7;43;1
"45600";"202100045600";3;"13:15";"1";"31";"2";"1";"1";3;43;1
"45601";"202100045601";4;"02:25";"5";"29";"2";"1";"1";7;48;-4
"45602";"202100045602";4;"21:10";"5";"27";"2";"1";"1";6;49;1
"45603";"202100045603";3;"11:27";"1";"23";"2";"9";"1";6;46;1
"45604";"202100045604";3;"18:51";"1";"19";"2";"1";"1";2;45;1
"45605";"202100045605";3;"17:30";"1";"13";"1";"1";"2";1;43;5
"45606";"202100045606";4;"18:25";"1";"13";"2";"1";"1";6;43;5
"45607";"202100045607";4;"17:20";"1";"13";"2";"1";"1";1;43;5
"45608";"202100045608";4;"07:50";"2";"13";"2";"1";"1";3;43;5
"45609";"202100045609";4;"09:00";"1";"13";"2";"1";"1";6;43;5
"45610";"202100045610";4;"08:30";"1";"13";"2";"1";"1";3;43;5
"45611";"202100045611";4;"17:45";"1";"13";"1";"1";"1";1;43;5
"45612";"202100045612";4;"13:20";"1";"13";"2";"1";"1";6;43;5
"45613";"202100045613";3;"10:00";"1";"12";"2";"1";"1";6;44;2
"45614";"202100045614";3;"14:45";"1";"11";"2";"6";"1";3;43;2
"45615";"202100045615";4;"15:50";"1";"06";"2";"1";"1";6;43;7
"45616";"202100045616";4;"18:15";"1";"06";"2";"3";"1";3;43;7
"45617";"202100045617";4;"18:30";"1";"06";"2";"9";"1";3;43;7
"45618";"202100045618";4;"14:43";"1";"06";"2";"1";"1";2;43;7
"45619";"202100045619";4;"15:39";"1";"03";"2";"3";"1";3;46;2
"45620";"202100045620";4;"11:27";"1";"75";"2";"1";"1";6;48;2
"45621";"202100045621";3;"20:48";"5";"75";"2";"2";"1";3;48;2
"45622";"202100045622";3;"12:30";"1";"75";"2";"5";"1";6;48;2
"45623";"202100045623";4;"11:30";"1";"75";"2";"2";"1";6;48;2
"45624";"202100045624";4;"13:50";"1";"75";"2";"1";"1";3;48;2
"45625";"202100045625";4;"11:45";"1";"75";"2";"1";"1";3;48;2
"45626";"202100045626";3;"19:30";"1";"75";"2";"2";"1";2;48;2
"45627";"202100045627";3;"18:15";"1";"75";"2";"2";"1";3;48;2
"45628";"202100045628";3;"17:05";"1";"75";"2";"2";"1";7;48;2
"45629";"202100045629";4;"22:40";"5";"75";"2";"2";"1";6;48;2
"45630";"202100045630";4;"18:45";"1";"75";"2";"1";"1";6;48;2
"45631";"202100045631";3;"19:40";"1";"75";"2";"3";"1";3;48;2
"45632";"202100045632";4;"09:40";"1";"75";"2";"2";"1";3;48;2
"45633";"202100045633";4;"14:25";"1";"75";"2";"7";"1";3;48;2
"45634";"202100045634";4;"12:10";"1";"75";"2";"3";"1";6;48;2
"45635";"202100045635";4;"13:20";"1";"75";"2";"3";"1";3;48;2
"45636";"202100045636";4;"09:00";"1";"75";"2";"4";"1";6;48;2
"45637";"202100045637";4;"18:35";"1";"75";"2";"3";"1";3;48;2
"45638";"202100045638";4;"14:05";"1";"75";"2";"2";"1";2;48;2
"45639";"202100045639";4;"13:30";"1";"75";"2";"2";"1";3;48;2
"45640";"202100045640";3;"14:35";"1";"75";"2";"3";"1";2;48;2
"45641";"202100045641";4;"17:45";"1";"94";"2";"6";"1";3;48;2
"45642";"202100045642";4;"10:10";"1";"94";"2";"9";"1";3;48;2
"45643";"202100045643";3;"18:30";"1";"94";"2";"1";"1";2;48;2
"45644";"202100045644";4;"12:30";"1";"94";"2";"1";"1";6;48;2
"45645";"202100045645";4;"11:30";"1";"94";"2";"9";"1";3;48;2
"45646";"202100045646";4;"19:44";"1";"94";"2";"1";"1";3;48;2
"45647";"202100045647";4;"08:20";"1";"94";"2";"2";"1";3;48;2
"45648";"202100045648";4;"06:30";"3";"94";"2";"4";"1";3;48;2
"45649";"202100045649";4;"14:30";"1";"93";"2";"1";"1";6;48;2
"45650";"202100045650";4;"17:19";"1";"93";"2";"1";"1";2;48;2
"45651";"202100045651";4;"05:05";"2";"93";"2";"1";"1";6;48;2
"45652";"202100045652";3;"11:20";"1";"93";"2";"9";"1";6;48;2
"45653";"202100045653";4;"22:30";"5";"93";"2";"6";"1";6;48;2
"45654";"202100045654";4;"19:10";"1";"93";"2";"9";"1";3;48;2
"45655";"202100045655";3;"10:30";"1";"93";"2";"1";"1";6;48;2
"45656";"202100045656";4;"00:00";"5";"93";"2";"3";"1";1;48;2
"45657";"202100045657";4;"22:10";"5";"93";"2";"1";"1";3;48;2
"45658";"202100045658";3;"20:25";"2";"93";"2";"1";"1";3;48;2
"45659";"202100045659";4;"12:40";"1";"93";"2";"1";"1";6;48;2
"45660";"202100045660";4;"13:36";"1";"93";"2";"1";"1";2;48;2
"45661";"202100045661";4;"07:35";"1";"92";"2";"3";"1";3;48;2
"45662";"202100045662";4;"18:13";"2";"92";"2";"3";"1";2;48;2
"45663";"202100045663";3;"08:10";"1";"92";"2";"7";"1";7;48;2
"45664";"202100045664";3;"22:40";"5";"92";"2";"1";"1";7;48;2
"45665";"202100045665";4;"15:30";"1";"92";"2";"1";"1";1;48;2
"45666";"202100045666";4;"19:15";"1";"92";"2";"3";"1";3;48;2
"45667";"202100045667";4;"17:20";"1";"92";"2";"4";"1";5;48;2
"45668";"202100045668";4;"07:00";"1";"974";"2";"1";"1";3;-21;55
"45669";"202100045669";4;"12:00";"1";"67";"2";"1";"1";6;48;7
"45670";"202100045670";4;"17:37";"1";"06";"1";"1";"7";7;43;7
"45671";"202100045671";4;"16:00";"1";"34";"1";"1";"1";7;43;3
"45672";"202100045672";4;"09:59";"1";"22";"1";"1";"1";4;48;-3
"45673";"202100045673";3;"13:20";"1";"62";"1";"1";"1";6;50;2
"45674";"202100045674";3;"17:30";"1";"62";"2";"1";"1";3;50;2
"45675";"202100045675";3;"11:30";"1";"56";"1";"1";"7";6;47;-3
"45676";"202100045676";4;"13:30";"1";"74";"1";"2";"1";2;45;6
"45677";"202100045677";4;"20:30";"3";"79";"1";"1";"1";7;46;0
"45678";"202100045678";3;"14:35";"1";"80";"2";"4";"1";3;49;2
"45679";"202100045679";3;"17:15";"1";"33";"1";"1";"7";7;44;0
"45680";"202100045680";1;"18:30";"2";"61";"1";"1";"1";7;48;0
"45681";"202100045681";4;"16:10";"1";"12";"1";"1";"1";6;44;2
"45682";"202100045682";3;"17:48";"1";"31";"1";"1";"1";1;43;1
"45683";"202100045683";3;"14:15";"1";"26";"1";"1";"1";6;44;5
"45684";"202100045684";4;"13:45";"1";"72";"1";"1";"1";6;48;0
"45685";"202100045685";3;"21:00";"5";"06";"2";"1";"1";7;43;6
"45686";"202100045686";3;"14:05";"1";"14";"1";"1";"1";5;49;0
"45687";"202100045687";4;"16:15";"1";"64";"1";"1";"1";6;43;0
"45688";"202100045688";4;"16:20";"1";"18";"1";"1";"1";1;46;2
"45689";"202100045689";4;"07:40";"2";"16";"1";"1";"1";6;45;0
"45690";"202100045690";4;"14:30";"1";"04";"1";"1";"1";6;44;5
"45691";"202100045691";4;"09:45";"1";"10";"1";"1";"1";7;48;4
"45692";"202100045692";4;"14:35";"1";"31";"1";"1";"1";6;43;1
"45693";"202100045693";4;"15:30";"1";"68";"2";"3";"1";3;47;7
"45694";"202100045694";4;"17:15";"1";"45";"1";"6";"1";6;47;2
"45695";"202100045695";3;"14:30";"1";"91";"1";"6";"7";2;48;2
"45696";"202100045696";4;"18:19";"1";"66";"1";"1";"1";3;42;2
"45697";"202100045697";4;"08:15";"1";"34";"2";"2";"1";3;43;4
"45698";"202100045698";4;"12:45";"1";"74";"1";"1";"1";1;46;6
"45699";"202100045699";3;"14:15";"1";"73";"2";"6";"1";2;45;5
"45700";"202100045700";3;"14:51";"1";"73";"2";"1";"1";2;45;6
"45701";"202100045701";4;"00:30";"5";"38";"1";"1";"1";6;45;4
"45702";"202100045702";4;"16:20";"1";"38";"2";"3";"1";6;45;4
"45703";"202100045703";4;"02:25";"3";"26";"1";"1";"1";7;44;5
"45704";"202100045704";3;"10:15";"1";"69";"2";"2";"1";6;45;4
"45705";"202100045705";4;"15:40";"1";"33";"2";"3";"1";3;44;0
"45706";"202100045706";3;"18:15";"1";"33";"2";"6";"1";3;44;0
"45707";"202100045707";3;"20:56";"3";"33";"2";"6";"1";6;44;0
"45708";"202100045708";4;"17:25";"1";"50";"1";"1";"1";1;49;-1
"45709";"202100045709";3;"07:40";"1";"27";"1";"1";"7";2;49;1
"45710";"202100045710";4;"16:40";"1";"59";"2";"1";"1";7;50;2
"45711";"202100045711";3;"14:45";"1";"59";"2";"1";"1";6;50;2
"45712";"202100045712";4;"08:50";"1";"13";"1";"1";"1";2;43;5
"45713";"202100045713";4;"06:25";"3";"13";"1";"1";"1";6;43;5
"45714";"202100045714";3;"23:00";"5";"69";"1";"1";"1";2;45;4
"45715";"202100045715";3;"19:40";"2";"59";"1";"1";"1";6;50;3
"45716";"202100045716";3;"18:45";"1";"91";"1";"1";"1";4;48;2
"45717";"202100045717";3;"23:45";"3";"95";"1";"1";"1";7;49;2
"45718";"202100045718";4;"09:10";"1";"77";"1";"1";"1";7;48;2
"45719";"202100045719";3;"17:00";"1";"77";"1";"1";"1";3;48;2
"45720";"202100045720";3;"17:55";"1";"65";"2";"1";"1";6;43;0
"45721";"202100045721";3;"13:55";"1";"82";"2";"1";"1";6;44;1
"45722";"202100045722";3;"13:10";"1";"33";"2";"1";"1";6;44;0
"45723";"202100045723";3;"12:15";"1";"32";"2";"1";"1";-1;43;0
"45724";"202100045724";1;"14:00";"1";"25";"2";"3";"2";6;47;6
"45725";"202100045725";3;"16:50";"1";"974";"2";"6";"2";7;-20;55
"45726";"202100045726";3;"09:00";"1";"974";"2";"1";"1";2;-20;55
"45727";"202100045727";3;"12:00";"1";"973";"2";"2";"1";6;4;-52
"45728";"202100045728";4;"02:00";"5";"69";"2";"2";"1";6;45;4
"45729";"202100045729";3;"09:55";"1";"972";"1";"9";"1";1;14;-60
"45730";"202100045730";1;"14:10";"1";"972";"1";"9";"1";3;14;-61
"45731";"202100045731";3;"18:20";"1";"69";"2";"1";"1";7;45;4
"45732";"202100045732";3;"19:35";"5";"69";"2";"3";"2";7;45;4
"45733";"202100045733";3;"17:55";"1";"2A";"2";"1";"1";6;41;8
"45734";"202100045734";3;"07:40";"1";"91";"2";"6";"1";3;48;2
"45735";"202100045735";3;"17:40";"1";"86";"2";"6";"1";3;46;0
"45736";"202100045736";3;"09:05";"1";"83";"2";"1";"1";6;43;6
"45737";"202100045737";3;"11:55";"1";"80";"2";"1";"1";6;49;2
"45738";"202100045738";3;"08:45";"1";"78";"2";"2";"1";3;48;1
"45739";"202100045739";3;"14:37";"1";"77";"2";"3";"1";3;48;2
"45740";"202100045740";3;"15:20";"1";"71";"2";"2";"1";3;46;4
"45741";"202100045741";3;"18:50";"1";"69";"2";"2";"1";3;45;4
"45742";"202100045742";3;"18:20";"1";"68";"2";"9";"1";6;48;7
"45743";"202100045743";3;"17:15";"1";"67";"2";"8";"1";3;48;7
"45744";"202100045744";3;"15:20";"1";"66";"1";"1";"1";4;42;2
"45745";"202100045745";3;"11:35";"1";"66";"2";"2";"1";1;42;2
"45746";"202100045746";3;"13:53";"1";"66";"2";"1";"1";6;42;2
"45747";"202100045747";3;"11:45";"1";"64";"2";"2";"1";3;43;0
"45748";"202100045748";3;"07:45";"1";"64";"2";"1";"1";3;43;-1
"45749";"202100045749";3;"14:20";"1";"64";"2";"1";"1";3;43;-1
"45750";"202100045750";3;"14:55";"1";"64";"2";"1";"1";2;43;-1
"45751";"202100045751";3;"06:50";"2";"63";"2";"2";"1";3;45;3
"45752";"202100045752";2;"15:15";"1";"62";"2";"1";"1";2;50;2
"45753";"202100045753";3;"17:35";"1";"62";"1";"1";"1";1;50;2
"45754";"202100045754";3;"03:30";"5";"59";"2";"2";"1";3;50;3
"45755";"202100045755";3;"21:45";"3";"54";"1";"1";"1";7;48;5
"45756";"202100045756";3;"17:40";"1";"51";"2";"1";"7";6;49;4
"45757";"202100045757";3;"12:55";"1";"50";"2";"2";"1";4;49;-1
"45758";"202100045758";3;"15:30";"1";"49";"2";"1";"1";3;47;0
"45759";"202100045759";3;"13:35";"1";"49";"2";"1";"1";7;47;0
"45760";"202100045760";3;"12:20";"1";"45";"2";"3";"1";3;47;2
"45761";"202100045761";3;"15:35";"1";"45";"2";"2";"1";7;47;2
"45762";"202100045762";3;"17:13";"1";"42";"2";"1";"2";1;45;4
"45763";"202100045763";3;"18:04";"1";"37";"1";"1";"1";6;47;0
"45764";"202100045764";3;"13:05";"1";"35";"1";"6";"1";2;48;-1
"45765";"202100045765";3;"17:40";"1";"34";"1";"1";"1";6;43;3
"45766";"202100045766";3;"11:10";"1";"34";"2";"1";"1";6;43;3
"45767";"202100045767";3;"16:35";"1";"33";"1";"1";"1";3;44;0
"45768";"202100045768";3;"17:40";"1";"33";"2";"1";"1";2;44;-1
"45769";"202100045769";3;"13:45";"1";"31";"2";"2";"1";3;43;1
"45770";"202100045770";3;"15:30";"1";"25";"2";"6";"7";6;46;6
"45771";"202100045771";3;"15:45";"1";"18";"2";"3";"1";3;47;2
"45772";"202100045772";3;"18:15";"1";"14";"2";"3";"1";3;49;0
"45773";"202100045773";3;"13:50";"1";"14";"2";"2";"1";3;49;0
"45774";"202100045774";3;"12:15";"1";"13";"1";"1";"1";7;43;4
"45775";"202100045775";3;"20:10";"5";"13";"2";"1";"1";1;43;5
"45776";"202100045776";3;"18:00";"1";"13";"2";"1";"1";2;43;5
"45777";"202100045777";3;"18:00";"1";"13";"2";"1";"1";2;43;5
"45778";"202100045778";3;"16:00";"1";"13";"2";"1";"1";2;43;5
"45779";"202100045779";3;"14:45";"1";"13";"2";"1";"1";6;43;5
"45780";"202100045780";3;"18:30";"1";"13";"2";"3";"1";3;43;5
"45781";"202100045781";3;"16:15";"1";"13";"2";"9";"1";7;43;5
"45782";"202100045782";3;"17:50";"1";"12";"2";"6";"1";7;44;2
"45783";"202100045783";3;"09:30";"1";"06";"2";"1";"1";7;43;6
"45784";"202100045784";3;"18:20";"1";"75";"2";"4";"1";3;48;2
"45785";"202100045785";3;"13:40";"1";"75";"2";"1";"1";3;48;2
"45786";"202100045786";3;"00:40";"5";"75";"2";"2";"1";3;48;2
"45787";"202100045787";3;"18:10";"1";"75";"2";"1";"1";3;48;2
"45788";"202100045788";3;"12:30";"1";"75";"2";"2";"1";3;48;2
"45789";"202100045789";3;"21:15";"5";"75";"2";"2";"1";3;48;2
"45790";"202100045790";3;"17:50";"1";"75";"2";"7";"1";7;48;2
"45791";"202100045791";3;"10:05";"1";"75";"2";"2";"1";6;48;2
"45792";"202100045792";3;"14:45";"1";"75";"2";"3";"1";6;48;2
"45793";"202100045793";3;"12:45";"1";"75";"2";"1";"1";3;48;2
"45794";"202100045794";3;"12:55";"1";"75";"2";"3";"1";3;48;2
"45795";"202100045795";3;"18:00";"1";"75";"2";"2";"1";2;48;2
"45796";"202100045796";3;"15:30";"1";"75";"2";"3";"1";6;48;2
"45797";"202100045797";3;"14:10";"1";"75";"2";"3";"1";3;48;2
"45798";"202100045798";3;"19:15";"1";"75";"2";"3";"1";2;48;2
"45799";"202100045799";3;"19:50";"1";"75";"2";"1";"1";7;48;2
"45800";"202100045800";3;"11:50";"1";"94";"2";"2";"1";3;48;2
"45801";"202100045801";3;"19:10";"2";"94";"2";"1";"1";2;48;2
"45802";"202100045802";3;"21:35";"5";"94";"2";"9";"1";1;48;2
"45803";"202100045803";3;"18:40";"1";"94";"2";"1";"1";3;48;2
"45804";"202100045804";3;"21:15";"5";"94";"2";"1";"1";7;48;2
"45805";"202100045805";3;"16:05";"1";"94";"2";"1";"1";3;48;2
"45806";"202100045806";3;"09:30";"1";"94";"2";"2";"1";3;48;2
"45807";"202100045807";3;"17:45";"1";"93";"2";"1";"1";6;48;2
"45808";"202100045808";3;"18:36";"1";"93";"2";"1";"1";3;48;2
"45809";"202100045809";3;"10:15";"1";"93";"2";"9";"1";6;48;2
"45810";"202100045810";3;"18:00";"1";"93";"2";"3";"1";3;48;2
"45811";"202100045811";3;"13:25";"1";"93";"2";"2";"1";3;48;2
"45812";"202100045812";3;"10:06";"1";"93";"2";"6";"1";3;48;2
"45813";"202100045813";3;"20:39";"5";"93";"2";"1";"1";6;48;2
"45814";"202100045814";3;"21:20";"5";"93";"2";"1";"1";6;48;2
"45815";"202100045815";3;"16:53";"1";"93";"2";"3";"1";3;48;2
"45816";"202100045816";3;"13:00";"1";"93";"2";"9";"1";2;48;2
"45817";"202100045817";3;"18:57";"1";"92";"2";"9";"1";3;48;2
"45818";"202100045818";3;"18:30";"1";"92";"2";"1";"1";3;48;2
"45819";"202100045819";3;"15:30";"1";"92";"2";"3";"1";3;48;2
"45820";"202100045820";3;"15:30";"1";"92";"2";"3";"1";6;48;2
"45821";"202100045821";3;"12:45";"1";"92";"2";"1";"1";3;48;2
"45822";"202100045822";3;"17:25";"1";"92";"2";"1";"1";3;48;2
"45823";"202100045823";3;"18:20";"1";"92";"2";"2";"1";3;48;2
"45824";"202100045824";3;"13:45";"1";"39";"1";"3";"7";3;46;5
"45825";"202100045825";3;"19:17";"2";"11";"1";"2";"1";1;43;2
"45826";"202100045826";3;"05:30";"5";"49";"2";"1";"1";1;47;0
"45827";"202100045827";3;"17:45";"1";"62";"2";"1";"7";2;50;2
"45828";"202100045828";3;"08:26";"1";"95";"2";"1";"1";3;49;2
"45829";"202100045829";3;"20:00";"2";"42";"1";"3";"1";3;46;4
"45830";"202100045830";3;"19:25";"1";"31";"2";"1";"1";1;43;1
"45831";"202100045831";3;"18:30";"1";"11";"1";"1";"1";2;43;2
"45832";"202100045832";4;"09:10";"1";"26";"1";"1";"1";2;44;4
"45833";"202100045833";3;"09:10";"1";"01";"1";"1";"1";7;46;4
"45834";"202100045834";4;"09:00";"1";"01";"2";"2";"1";3;46;6
"45835";"202100045835";4;"14:00";"1";"65";"2";"1";"1";3;43;0
"45836";"202100045836";4;"08:44";"1";"48";"1";"1";"1";2;44;3
"45837";"202100045837";4;"17:20";"1";"57";"2";"3";"1";3;49;5
"45838";"202100045838";4;"15:00";"1";"57";"1";"1";"1";7;49;6
"45839";"202100045839";3;"16:00";"1";"56";"1";"2";"1";7;47;-2
"45840";"202100045840";4;"12:12";"1";"2B";"1";"1";"1";1;42;9
"45841";"202100045841";4;"06:45";"2";"32";"1";"1";"1";6;43;0
"45842";"202100045842";3;"16:17";"1";"71";"1";"1";"1";7;46;4
"45843";"202100045843";3;"18:10";"1";"61";"2";"1";"1";7;48;0
"45844";"202100045844";4;"18:30";"1";"61";"1";"4";"1";3;48;0
"45845";"202100045845";4;"18:05";"1";"55";"2";"1";"1";1;48;5
"45846";"202100045846";4;"16:55";"1";"42";"2";"1";"1";3;46;4
"45847";"202100045847";3;"18:10";"1";"46";"1";"2";"1";3;44;1
"45848";"202100045848";3;"17:06";"1";"25";"2";"6";"1";3;47;6
"45849";"202100045849";3;"18:20";"1";"25";"1";"1";"1";7;46;6
"45850";"202100045850";3;"16:55";"1";"44";"2";"1";"1";3;47;-2
"45851";"202100045851";3;"09:35";"1";"35";"2";"4";"1";6;48;-1
"45852";"202100045852";3;"12:05";"1";"31";"1";"2";"1";3;43;0
"45853";"202100045853";4;"09:15";"1";"38";"2";"1";"1";2;45;5
"45854";"202100045854";4;"09:00";"1";"50";"2";"3";"1";1;48;-1
"45855";"202100045855";3;"16:40";"1";"50";"1";"1";"1";3;48;-1
"45856";"202100045856";4;"09:45";"1";"90";"2";"6";"1";2;47;6
"45857";"202100045857";3;"23:45";"5";"64";"2";"1";"1";7;43;-1
"45858";"202100045858";3;"18:00";"1";"43";"1";"6";"7";3;45;3
"45859";"202100045859";4;"17:30";"1";"04";"1";"1";"1";6;43;6
"45860";"202100045860";3;"13:45";"1";"17";"1";"1";"1";3;45;0
"45861";"202100045861";4;"14:20";"1";"52";"1";"1";"1";7;48;5
"45862";"202100045862";3;"17:40";"1";"08";"2";"1";"1";2;49;4
"45863";"202100045863";4;"08:50";"1";"88";"1";"9";"1";1;48;6
"45864";"202100045864";3;"14:20";"1";"69";"2";"2";"1";3;45;4
"45865";"202100045865";3;"06:45";"1";"971";"1";"1";"1";7;16;-61
"45866";"202100045866";3;"17:30";"1";"37";"2";"1";"1";7;47;0
"45867";"202100045867";4;"11:50";"1";"2A";"1";"1";"1";6;41;9
"45868";"202100045868";3;"19:20";"1";"13";"1";"6";"1";3;43;4
"45869";"202100045869";3;"07:45";"1";"89";"2";"1";"1";6;47;3
"45870";"202100045870";3;"08:50";"1";"67";"2";"1";"1";3;48;7
"45871";"202100045871";3;"18:45";"2";"67";"1";"1";"1";6;48;7
"45872";"202100045872";3;"12:15";"1";"42";"2";"3";"1";3;45;4
"45873";"202100045873";4;"15:00";"1";"38";"1";"1";"1";1;45;5
"45874";"202100045874";3;"17:30";"1";"07";"2";"1";"2";6;44;4
"45875";"202100045875";3;"17:15";"1";"69";"2";"4";"1";6;45;4
"45876";"202100045876";3;"17:45";"1";"69";"1";"3";"1";3;45;4
"45877";"202100045877";4;"11:55";"1";"16";"1";"1";"1";6;45;0
"45878";"202100045878";4;"07:30";"2";"85";"1";"1";"1";3;47;-1
"45879";"202100045879";3;"18:55";"1";"35";"2";"1";"1";7;48;-1
"45880";"202100045880";4;"13:05";"1";"27";"1";"1";"1";6;49;1
"45881";"202100045881";3;"18:00";"1";"94";"1";"1";"1";5;48;2
"45882";"202100045882";3;"13:00";"1";"75";"2";"1";"1";6;48;2
"45883";"202100045883";3;"17:10";"1";"92";"1";"1";"1";3;48;2
"45884";"202100045884";3;"17:30";"1";"92";"1";"1";"1";4;48;2
"45885";"202100045885";3;"18:30";"1";"77";"1";"1";"1";2;48;2
"45886";"202100045886";3;"21:00";"3";"94";"1";"1";"1";6;48;2
"45887";"202100045887";3;"11:30";"1";"69";"2";"9";"1";6;45;4
"45888";"202100045888";3;"14:07";"1";"84";"2";"1";"6";6;44;4
"45889";"202100045889";3;"12:05";"1";"83";"1";"1";"1";6;43;6
"45890";"202100045890";3;"09:30";"1";"38";"2";"1";"1";6;45;5
"45891";"202100045891";3;"13:25";"1";"29";"2";"9";"1";6;48;-4
"45892";"202100045892";3;"12:10";"1";"976";"2";"9";"1";6;-12;45
"45893";"202100045893";2;"07:46";"1";"976";"2";"1";"1";6;-12;45
"45894";"202100045894";3;"11:55";"1";"78";"2";"2";"1";6;48;2
"45895";"202100045895";3;"16:40";"1";"94";"1";"1";"1";2;48;2
"45896";"202100045896";1;"09:00";"1";"93";"2";"9";"2";7;48;2
"45897";"202100045897";1;"20:00";"5";"94";"1";"1";"1";2;48;2
"45898";"202100045898";3;"11:10";"1";"62";"2";"1";"1";6;50;2
"45899";"202100045899";3;"20:10";"5";"75";"2";"4";"1";4;48;2
"45900";"202100045900";3;"19:10";"3";"75";"2";"1";"1";6;48;2
"45901";"202100045901";3;"08:55";"1";"94";"2";"1";"2";1;48;2
"45902";"202100045902";2;"12:40";"1";"93";"2";"1";"2";3;48;2
"45903";"202100045903";1;"14:55";"1";"93";"2";"9";"1";3;48;2
"45904";"202100045904";3;"17:00";"1";"974";"2";"1";"1";7;-21;55
"45905";"202100045905";3;"10:10";"1";"974";"2";"1";"1";2;-20;55
"45906";"202100045906";3;"09:20";"1";"974";"1";"1";"1";2;-20;55
"45907";"202100045907";3;"11:10";"1";"974";"1";"9";"1";1;-20;55
"45908";"202100045908";3;"22:20";"5";"973";"2";"1";"1";3;4;-52
"45909";"202100045909";1;"00:01";"5";"69";"2";"2";"1";7;45;4
"45910";"202100045910";3;"16:30";"1";"69";"2";"1";"1";1;45;4
"45911";"202100045911";3;"11:15";"1";"69";"2";"2";"1";2;45;4
"45912";"202100045912";3;"21:15";"5";"69";"2";"3";"1";3;45;4
"45913";"202100045913";3;"20:50";"5";"69";"2";"1";"1";7;45;4
"45914";"202100045914";3;"12:00";"1";"2B";"2";"1";"1";-1;42;9
"45915";"202100045915";3;"23:21";"5";"95";"2";"3";"1";2;48;2
"45916";"202100045916";3;"12:30";"1";"95";"2";"1";"1";6;48;2
"45917";"202100045917";3;"13:30";"1";"91";"2";"1";"1";7;48;2
"45918";"202100045918";3;"17:09";"1";"87";"2";"2";"1";3;45;1
"45919";"202100045919";3;"21:15";"5";"86";"2";"1";"1";6;46;0
"45920";"202100045920";3;"17:40";"1";"80";"2";"1";"1";3;49;2
"45921";"202100045921";3;"15:15";"1";"80";"2";"1";"1";3;49;2
"45922";"202100045922";3;"07:35";"1";"80";"2";"3";"1";1;49;2
"45923";"202100045923";3;"13:25";"1";"78";"2";"9";"7";2;48;1
"45924";"202100045924";3;"13:45";"1";"77";"2";"9";"1";3;48;2
"45925";"202100045925";3;"13:40";"1";"72";"2";"2";"1";3;47;0
"45926";"202100045926";3;"16:20";"1";"72";"2";"6";"1";3;48;0
"45927";"202100045927";3;"12:38";"1";"72";"2";"6";"1";3;48;0
"45928";"202100045928";3;"18:50";"1";"69";"2";"2";"1";6;45;4
"45929";"202100045929";3;"19:10";"2";"67";"2";"8";"1";6;48;7
"45930";"202100045930";3;"18:50";"1";"67";"2";"3";"1";3;48;7
"45931";"202100045931";3;"12:40";"1";"67";"2";"2";"1";3;48;7
"45932";"202100045932";3;"17:05";"1";"65";"2";"1";"1";4;43;0
"45933";"202100045933";3;"14:29";"1";"65";"2";"2";"1";3;43;0
"45934";"202100045934";3;"11:50";"1";"62";"2";"1";"1";6;50;2
"45935";"202100045935";3;"09:00";"1";"59";"1";"1";"7";6;50;3
"45936";"202100045936";3;"16:15";"1";"59";"2";"6";"1";5;50;3