"";"Num_Acc";"mois";"hrmn";"lum";"dep";"agg";"int";"atm";"col";"lat";"long"
"45937";"202100045937";3;"20:10";"5";"54";"2";"1";"1";3;48;6
"45938";"202100045938";3;"12:35";"1";"54";"2";"1";"1";6;48;6
"45939";"202100045939";3;"18:55";"1";"49";"2";"1";"1";3;47;0
"45940";"202100045940";3;"07:55";"1";"45";"2";"2";"1";3;47;1
"45941";"202100045941";3;"07:40";"2";"45";"2";"1";"1";6;47;1
"45942";"202100045942";3;"18:40";"1";"44";"2";"1";"1";3;47;-1
"45943";"202100045943";3;"10:30";"1";"42";"1";"1";"1";7;45;4
"45944";"202100045944";3;"08:58";"1";"37";"2";"6";"7";6;47;0
"45945";"202100045945";3;"06:26";"5";"37";"2";"1";"1";7;47;0
"45946";"202100045946";3;"09:15";"1";"35";"2";"1";"1";3;48;-1
"45947";"202100045947";3;"17:50";"1";"33";"2";"1";"1";1;44;0
"45948";"202100045948";3;"12:40";"1";"31";"2";"9";"1";5;43;1
"45949";"202100045949";3;"03:15";"5";"31";"2";"3";"1";3;43;1
"45950";"202100045950";3;"18:00";"1";"31";"2";"1";"1";2;43;0
"45951";"202100045951";3;"11:40";"1";"29";"2";"1";"1";3;47;-4
"45952";"202100045952";3;"09:03";"1";"29";"1";"1";"1";6;48;-3
"45953";"202100045953";3;"04:00";"3";"29";"1";"1";"1";6;47;-3
"45954";"202100045954";3;"17:27";"1";"27";"2";"2";"7";1;49;1
"45955";"202100045955";3;"07:45";"2";"26";"2";"9";"1";6;44;4
"45956";"202100045956";3;"19:00";"1";"26";"2";"3";"1";3;44;4
"45957";"202100045957";3;"17:55";"1";"25";"2";"1";"1";6;47;5
"45958";"202100045958";3;"00:18";"5";"13";"2";"3";"1";1;43;5
"45959";"202100045959";3;"23:45";"5";"13";"2";"1";"1";3;43;5
"45960";"202100045960";3;"08:45";"1";"13";"2";"1";"1";6;43;4
"45961";"202100045961";3;"14:15";"1";"13";"2";"1";"1";3;43;5
"45962";"202100045962";3;"18:40";"1";"12";"2";"1";"1";2;44;3
"45963";"202100045963";3;"20:09";"1";"10";"2";"9";"1";3;48;4
"45964";"202100045964";3;"17:56";"1";"10";"2";"1";"7";2;48;4
"45965";"202100045965";3;"14:29";"1";"10";"2";"1";"1";6;48;4
"45966";"202100045966";3;"08:10";"1";"07";"2";"1";"1";2;44;4
"45967";"202100045967";3;"17:10";"1";"75";"2";"4";"1";2;48;2
"45968";"202100045968";3;"18:05";"1";"75";"2";"1";"1";3;48;2
"45969";"202100045969";3;"09:10";"1";"75";"2";"3";"1";6;48;2
"45970";"202100045970";3;"17:01";"1";"75";"2";"3";"1";3;48;2
"45971";"202100045971";3;"14:00";"1";"75";"2";"2";"1";6;48;2
"45972";"202100045972";3;"21:30";"5";"75";"2";"2";"1";3;48;2
"45973";"202100045973";3;"11:15";"1";"75";"2";"7";"1";3;48;2
"45974";"202100045974";3;"09:05";"1";"75";"2";"3";"1";3;48;2
"45975";"202100045975";3;"16:45";"1";"75";"2";"3";"1";6;48;2
"45976";"202100045976";3;"14:48";"1";"75";"2";"1";"1";3;48;2
"45977";"202100045977";3;"19:30";"2";"75";"2";"2";"1";3;48;2
"45978";"202100045978";3;"17:50";"1";"75";"2";"7";"1";3;48;2
"45979";"202100045979";3;"16:45";"1";"75";"2";"2";"1";3;48;2
"45980";"202100045980";3;"07:45";"1";"75";"2";"1";"1";2;48;2
"45981";"202100045981";3;"08:40";"1";"75";"2";"1";"1";3;48;2
"45982";"202100045982";3;"09:55";"1";"75";"2";"7";"1";6;48;2
"45983";"202100045983";3;"21:15";"5";"75";"2";"7";"1";6;48;2
"45984";"202100045984";3;"16:45";"1";"75";"2";"2";"1";6;48;2
"45985";"202100045985";3;"14:50";"1";"75";"2";"3";"1";7;48;2
"45986";"202100045986";3;"11:55";"1";"75";"2";"3";"1";6;48;2
"45987";"202100045987";3;"08:25";"1";"75";"2";"1";"1";7;48;2
"45988";"202100045988";3;"17:50";"1";"94";"2";"1";"1";6;48;2
"45989";"202100045989";3;"22:00";"5";"94";"2";"3";"1";3;48;2
"45990";"202100045990";3;"09:20";"1";"94";"2";"1";"1";3;48;2
"45991";"202100045991";3;"10:20";"1";"94";"2";"3";"1";3;48;2
"45992";"202100045992";3;"23:12";"5";"93";"2";"3";"1";3;48;2
"45993";"202100045993";3;"18:30";"1";"93";"2";"1";"1";3;48;2
"45994";"202100045994";3;"19:00";"1";"93";"2";"9";"1";1;48;2
"45995";"202100045995";3;"09:10";"1";"93";"2";"3";"1";3;48;2
"45996";"202100045996";3;"12:50";"1";"93";"2";"3";"1";3;48;2
"45997";"202100045997";3;"18:55";"1";"92";"2";"1";"1";3;48;2
"45998";"202100045998";3;"18:50";"1";"92";"2";"3";"1";3;48;2
"45999";"202100045999";3;"19:15";"1";"92";"2";"1";"1";6;48;2
"46000";"202100046000";3;"19:15";"1";"92";"2";"3";"1";5;48;2
"46001";"202100046001";3;"21:39";"4";"92";"2";"1";"1";2;48;2
"46002";"202100046002";3;"08:45";"1";"92";"2";"2";"1";3;48;2
"46003";"202100046003";3;"18:45";"1";"37";"1";"1";"1";6;47;0
"46004";"202100046004";3;"22:20";"4";"52";"2";"1";"1";6;48;4
"46005";"202100046005";3;"06:45";"1";"80";"1";"1";"1";6;50;2
"46006";"202100046006";3;"18:06";"1";"33";"2";"9";"1";6;44;0
"46007";"202100046007";3;"18:30";"1";"10";"1";"1";"1";2;48;4
"46008";"202100046008";3;"05:45";"2";"974";"2";"1";"2";3;-21;55
"46009";"202100046009";3;"15:00";"1";"84";"1";"1";"1";7;44;4
"46010";"202100046010";3;"14:00";"1";"46";"1";"1";"1";3;44;1
"46011";"202100046011";3;"23:00";"3";"37";"1";"1";"1";3;47;0
"46012";"202100046012";3;"07:05";"2";"60";"1";"1";"1";2;49;2
"46013";"202100046013";3;"17:30";"1";"33";"1";"1";"7";1;44;0
"46014";"202100046014";3;"18:50";"2";"33";"1";"3";"1";6;44;0
"46015";"202100046015";3;"13:50";"1";"89";"1";"3";"1";1;47;4
"46016";"202100046016";3;"16:20";"1";"68";"1";"1";"1";7;48;7
"46017";"202100046017";3;"10:09";"1";"25";"2";"9";"7";3;47;6
"46018";"202100046018";3;"12:00";"1";"44";"2";"1";"6";3;47;-2
"46019";"202100046019";3;"17:25";"1";"38";"2";"6";"1";3;45;5
"46020";"202100046020";3;"17:10";"1";"70";"1";"1";"1";7;47;6
"46021";"202100046021";3;"17:51";"1";"60";"2";"9";"7";6;49;2
"46022";"202100046022";3;"06:30";"2";"45";"1";"1";"1";6;47;2
"46023";"202100046023";3;"17:43";"1";"85";"1";"1";"1";2;46;-2
"46024";"202100046024";3;"18:15";"1";"27";"1";"1";"1";1;49;1
"46025";"202100046025";3;"14:40";"1";"28";"1";"2";"1";3;48;1
"46026";"202100046026";3;"18:35";"1";"37";"1";"3";"1";2;47;0
"46027";"202100046027";3;"18:10";"1";"52";"2";"3";"7";3;47;5
"46028";"202100046028";3;"16:33";"1";"08";"2";"1";"7";3;49;4
"46029";"202100046029";3;"19:05";"2";"88";"2";"1";"7";6;48;6
"46030";"202100046030";3;"17:20";"1";"76";"1";"1";"1";7;49;0
"46031";"202100046031";3;"11:30";"1";"57";"1";"1";"1";2;49;7
"46032";"202100046032";3;"11:50";"1";"45";"2";"3";"1";3;47;2
"46033";"202100046033";3;"16:15";"1";"83";"2";"1";"1";3;43;6
"46034";"202100046034";3;"13:26";"1";"70";"2";"3";"1";6;47;5
"46035";"202100046035";3;"15:30";"1";"55";"1";"1";"1";2;48;5
"46036";"202100046036";3;"10:00";"1";"38";"2";"1";"1";6;45;5
"46037";"202100046037";3;"16:20";"1";"69";"1";"1";"1";2;45;4
"46038";"202100046038";3;"15:45";"1";"31";"1";"2";"1";3;43;1
"46039";"202100046039";3;"19:30";"5";"72";"2";"9";"1";6;47;0
"46040";"202100046040";3;"15:45";"1";"14";"2";"2";"1";3;49;0
"46041";"202100046041";3;"11:20";"1";"22";"2";"1";"1";2;48;-3
"46042";"202100046042";3;"14:05";"1";"60";"1";"3";"7";3;49;2
"46043";"202100046043";3;"17:30";"1";"60";"2";"9";"1";1;49;2
"46044";"202100046044";3;"16:30";"1";"60";"1";"1";"1";4;49;2
"46045";"202100046045";3;"18:15";"1";"60";"1";"4";"1";3;49;2
"46046";"202100046046";3;"08:15";"1";"59";"1";"1";"1";7;50;2
"46047";"202100046047";3;"15:20";"1";"13";"1";"1";"1";7;43;5
"46048";"202100046048";3;"08:24";"1";"13";"1";"1";"1";3;43;5
"46049";"202100046049";3;"13:30";"1";"13";"1";"1";"1";7;43;5
"46050";"202100046050";3;"09:45";"1";"33";"1";"1";"1";4;44;0
"46051";"202100046051";3;"16:35";"1";"91";"1";"1";"1";7;48;2
"46052";"202100046052";3;"21:00";"3";"93";"1";"1";"1";2;48;2
"46053";"202100046053";3;"19:20";"1";"93";"1";"1";"1";5;48;2
"46054";"202100046054";3;"10:55";"1";"95";"1";"1";"1";2;49;2
"46055";"202100046055";3;"17:50";"1";"94";"1";"1";"1";2;48;2
"46056";"202100046056";3;"08:00";"1";"93";"1";"1";"1";5;48;2
"46057";"202100046057";3;"18:30";"1";"94";"1";"1";"1";4;48;2
"46058";"202100046058";1;"05:35";"2";"976";"2";"1";"1";6;-12;45
"46059";"202100046059";3;"07:10";"1";"974";"2";"2";"1";1;-21;55
"46060";"202100046060";3;"08:35";"1";"973";"2";"1";"1";6;4;-52
"46061";"202100046061";3;"14:20";"1";"69";"2";"2";"1";3;45;4
"46062";"202100046062";3;"15:10";"1";"69";"2";"2";"1";3;45;4
"46063";"202100046063";3;"13:30";"1";"69";"2";"2";"1";3;45;4
"46064";"202100046064";3;"15:20";"1";"69";"2";"6";"1";3;45;4
"46065";"202100046065";3;"20:20";"5";"971";"1";"1";"1";3;16;-61
"46066";"202100046066";3;"15:30";"1";"95";"2";"1";"7";6;48;2
"46067";"202100046067";3;"08:25";"1";"95";"2";"1";"1";6;49;2
"46068";"202100046068";3;"20:50";"5";"83";"2";"1";"1";2;43;6
"46069";"202100046069";3;"16:40";"1";"83";"2";"6";"1";2;43;6
"46070";"202100046070";3;"15:40";"1";"77";"1";"1";"1";3;48;2
"46071";"202100046071";3;"17:40";"1";"74";"2";"1";"1";6;46;6
"46072";"202100046072";3;"16:15";"1";"72";"2";"1";"1";7;47;0
"46073";"202100046073";3;"21:00";"5";"69";"2";"3";"1";3;45;4
"46074";"202100046074";3;"19:20";"2";"69";"2";"1";"1";6;45;4
"46075";"202100046075";3;"14:00";"1";"67";"2";"1";"1";3;48;7
"46076";"202100046076";3;"13:35";"1";"66";"2";"1";"1";3;42;2
"46077";"202100046077";3;"15:20";"1";"64";"2";"3";"1";3;43;0
"46078";"202100046078";3;"15:55";"1";"64";"1";"1";"1";2;43;0
"46079";"202100046079";3;"17:50";"1";"64";"2";"1";"1";7;43;-1
"46080";"202100046080";3;"12:46";"1";"63";"2";"1";"1";6;45;3
"46081";"202100046081";3;"02:46";"5";"63";"2";"1";"1";6;45;3
"46082";"202100046082";3;"15:58";"1";"63";"2";"6";"1";3;45;3
"46083";"202100046083";3;"09:15";"1";"63";"2";"2";"1";3;45;3
"46084";"202100046084";3;"19:15";"1";"59";"2";"1";"1";6;50;3
"46085";"202100046085";3;"20:20";"5";"59";"2";"2";"1";3;50;3
"46086";"202100046086";3;"12:00";"1";"59";"2";"1";"1";6;50;3
"46087";"202100046087";3;"17:05";"1";"57";"2";"1";"1";6;49;6
"46088";"202100046088";3;"19:00";"1";"56";"2";"2";"1";3;47;-2
"46089";"202100046089";3;"21:11";"5";"56";"2";"1";"1";6;47;-3
"46090";"202100046090";3;"13:10";"1";"56";"2";"2";"1";3;47;-3
"46091";"202100046091";3;"15:55";"1";"54";"2";"3";"1";3;48;6
"46092";"202100046092";3;"17:36";"1";"51";"2";"2";"1";3;49;4
"46093";"202100046093";3;"13:25";"1";"51";"2";"1";"7";7;49;4
"46094";"202100046094";3;"11:30";"1";"51";"2";"1";"1";7;49;4
"46095";"202100046095";3;"08:05";"1";"51";"2";"3";"1";3;49;4
"46096";"202100046096";3;"05:15";"5";"50";"2";"4";"1";6;49;-1
"46097";"202100046097";3;"21:40";"3";"50";"1";"1";"1";6;49;-1
"46098";"202100046098";3;"18:20";"1";"49";"2";"1";"3";3;47;0
"46099";"202100046099";3;"12:00";"1";"49";"2";"6";"1";7;46;0
"46100";"202100046100";3;"14:00";"1";"49";"1";"3";"1";6;47;0
"46101";"202100046101";3;"14:20";"1";"49";"1";"1";"1";4;47;0
"46102";"202100046102";3;"16:25";"1";"38";"1";"1";"1";7;45;4
"46103";"202100046103";3;"23:25";"3";"38";"1";"1";"1";7;45;5
"46104";"202100046104";3;"17:00";"1";"37";"2";"1";"1";3;47;0
"46105";"202100046105";3;"13:05";"1";"37";"2";"1";"1";6;47;0
"46106";"202100046106";3;"18:50";"1";"35";"1";"3";"7";1;48;-1
"46107";"202100046107";3;"16:35";"1";"35";"2";"3";"1";3;48;-1
"46108";"202100046108";3;"13:45";"1";"35";"2";"1";"1";6;48;-1
"46109";"202100046109";3;"19:05";"1";"33";"2";"1";"1";6;44;0
"46110";"202100046110";3;"17:30";"1";"33";"2";"9";"1";3;44;-1
"46111";"202100046111";3;"08:40";"1";"29";"2";"1";"1";6;47;-4
"46112";"202100046112";3;"16:10";"1";"28";"2";"2";"1";3;48;1
"46113";"202100046113";3;"23:05";"5";"27";"2";"3";"1";6;49;1
"46114";"202100046114";3;"13:15";"1";"27";"2";"4";"1";3;49;1
"46115";"202100046115";3;"21:25";"5";"27";"2";"2";"1";1;49;1
"46116";"202100046116";3;"13:53";"1";"25";"2";"2";"1";6;46;6
"46117";"202100046117";3;"19:40";"5";"25";"2";"1";"1";6;47;6
"46118";"202100046118";3;"17:00";"1";"25";"2";"1";"1";6;47;5
"46119";"202100046119";3;"11:20";"1";"18";"2";"1";"1";1;47;2
"46120";"202100046120";3;"07:25";"2";"15";"2";"1";"1";2;44;2
"46121";"202100046121";3;"11:15";"1";"14";"2";"4";"7";3;49;0
"46122";"202100046122";3;"20:20";"2";"13";"1";"1";"1";3;43;4
"46123";"202100046123";3;"19:00";"1";"13";"2";"1";"1";1;43;5
"46124";"202100046124";3;"16:39";"1";"13";"2";"1";"1";1;43;5
"46125";"202100046125";3;"03:40";"5";"13";"2";"1";"1";2;43;5
"46126";"202100046126";3;"22:20";"5";"13";"2";"1";"1";6;43;5
"46127";"202100046127";3;"08:00";"1";"13";"2";"1";"1";4;43;4
"46128";"202100046128";3;"14:15";"1";"13";"2";"6";"1";3;43;5
"46129";"202100046129";3;"09:50";"1";"13";"2";"2";"1";3;43;5
"46130";"202100046130";3;"18:05";"1";"09";"2";"1";"1";3;42;1
"46131";"202100046131";3;"14:25";"1";"06";"2";"1";"1";7;43;7
"46132";"202100046132";3;"09:00";"1";"06";"2";"2";"1";5;43;7
"46133";"202100046133";3;"17:58";"1";"05";"2";"1";"1";6;44;6
"46134";"202100046134";3;"19:50";"5";"75";"2";"4";"1";2;48;2
"46135";"202100046135";2;"15:01";"1";"75";"2";"3";"1";2;48;2
"46136";"202100046136";3;"17:20";"1";"75";"2";"1";"1";3;48;2
"46137";"202100046137";3;"13:43";"1";"75";"2";"2";"1";3;48;2
"46138";"202100046138";3;"19:15";"1";"75";"2";"2";"1";3;48;2
"46139";"202100046139";3;"14:35";"1";"75";"2";"7";"1";2;48;2
"46140";"202100046140";3;"18:30";"1";"75";"2";"1";"1";2;48;2
"46141";"202100046141";3;"17:10";"1";"75";"2";"2";"1";6;48;2
"46142";"202100046142";3;"19:50";"1";"75";"2";"1";"1";3;48;2
"46143";"202100046143";3;"17:46";"1";"94";"2";"9";"1";3;48;2
"46144";"202100046144";3;"18:30";"1";"94";"2";"1";"1";3;48;2
"46145";"202100046145";3;"13:00";"1";"94";"2";"1";"1";2;48;2
"46146";"202100046146";3;"00:30";"5";"94";"2";"3";"1";3;48;2
"46147";"202100046147";3;"19:30";"1";"94";"2";"1";"1";3;48;2
"46148";"202100046148";3;"18:30";"1";"93";"2";"1";"1";7;48;2
"46149";"202100046149";3;"18:40";"1";"93";"2";"1";"1";6;48;2
"46150";"202100046150";3;"10:00";"1";"93";"2";"1";"1";6;48;2
"46151";"202100046151";3;"23:05";"5";"93";"2";"1";"1";1;48;2
"46152";"202100046152";3;"13:10";"1";"93";"2";"1";"1";6;48;2
"46153";"202100046153";3;"22:15";"5";"92";"2";"9";"1";3;48;2
"46154";"202100046154";3;"20:05";"5";"92";"2";"1";"1";7;48;2
"46155";"202100046155";3;"19:25";"1";"92";"2";"2";"1";6;48;2
"46156";"202100046156";3;"22:20";"5";"92";"2";"1";"1";7;48;2
"46157";"202100046157";3;"19:00";"1";"92";"2";"2";"1";3;48;2
"46158";"202100046158";3;"14:00";"1";"92";"2";"2";"1";7;48;2
"46159";"202100046159";3;"13:30";"1";"92";"2";"2";"1";3;48;2
"46160";"202100046160";3;"08:00";"2";"50";"2";"1";"7";6;48;-1
"46161";"202100046161";3;"08:25";"1";"17";"1";"2";"7";3;45;0
"46162";"202100046162";3;"07:15";"1";"91";"1";"1";"1";6;48;2
"46163";"202100046163";3;"10:15";"1";"41";"1";"1";"1";2;47;1
"46164";"202100046164";3;"15:10";"1";"95";"1";"1";"1";1;49;2
"46165";"202100046165";3;"05:45";"3";"22";"1";"1";"1";7;48;-3
"46166";"202100046166";3;"18:40";"1";"77";"1";"3";"1";2;48;3
"46167";"202100046167";3;"17:45";"1";"56";"1";"1";"1";6;47;-2
"46168";"202100046168";3;"15:10";"1";"56";"1";"1";"1";6;47;-3
"46169";"202100046169";3;"09:25";"1";"80";"1";"1";"1";2;50;1
"46170";"202100046170";3;"17:45";"1";"69";"2";"1";"1";1;45;4
"46171";"202100046171";3;"16:05";"1";"71";"2";"1";"1";3;46;5
"46172";"202100046172";3;"08:54";"1";"61";"1";"3";"1";2;48;0
"46173";"202100046173";3;"22:20";"4";"55";"2";"9";"1";7;48;5
"46174";"202100046174";3;"17:25";"1";"68";"1";"2";"1";2;47;7
"46175";"202100046175";3;"19:20";"2";"44";"1";"1";"1";6;47;-2
"46176";"202100046176";3;"18:30";"1";"29";"1";"1";"1";6;48;-3
"46177";"202100046177";3;"17:55";"1";"31";"2";"3";"1";3;43;1
"46178";"202100046178";2;"20:30";"5";"64";"2";"2";"1";6;43;-1
"46179";"202100046179";3;"07:25";"1";"10";"1";"9";"7";1;48;4
"46180";"202100046180";3;"15:00";"1";"53";"1";"2";"1";3;48;0
"46181";"202100046181";3;"08:20";"1";"85";"2";"3";"1";1;46;-1
"46182";"202100046182";3;"16:30";"1";"30";"2";"3";"1";6;43;4
"46183";"202100046183";3;"20:40";"3";"72";"1";"1";"1";6;48;0
"46184";"202100046184";3;"14:35";"1";"45";"1";"1";"1";6;47;2
"46185";"202100046185";3;"15:30";"1";"971";"2";"1";"2";7;16;-61
"46186";"202100046186";3;"14:00";"1";"988";"2";"2";"1";7;-22;166
"46187";"202100046187";3;"22:00";"3";"971";"2";"1";"1";1;16;-61
"46188";"202100046188";3;"08:50";"1";"45";"1";"1";"1";6;48;2
"46189";"202100046189";3;"08:45";"1";"34";"2";"6";"7";6;43;4
"46190";"202100046190";3;"12:40";"1";"71";"1";"1";"1";2;46;4
"46191";"202100046191";3;"11:00";"1";"67";"2";"1";"1";3;48;7
"46192";"202100046192";3;"16:00";"1";"79";"1";"3";"1";7;46;0
"46193";"202100046193";3;"15:30";"1";"14";"2";"4";"1";6;49;0
"46194";"202100046194";3;"17:20";"1";"22";"1";"3";"1";3;48;-3
"46195";"202100046195";3;"15:20";"1";"22";"1";"2";"1";2;48;-3
"46196";"202100046196";3;"08:30";"1";"60";"2";"3";"1";3;49;2
"46197";"202100046197";3;"19:35";"3";"62";"1";"1";"1";7;50;2
"46198";"202100046198";3;"19:55";"1";"59";"2";"1";"1";7;50;3
"46199";"202100046199";3;"17:55";"1";"59";"2";"4";"1";7;50;2
"46200";"202100046200";3;"18:50";"1";"13";"1";"1";"1";2;43;5
"46201";"202100046201";3;"20:20";"3";"57";"1";"1";"1";2;49;5
"46202";"202100046202";3;"15:45";"1";"91";"1";"1";"1";3;48;2
"46203";"202100046203";3;"07:09";"2";"91";"1";"1";"1";1;48;2
"46204";"202100046204";3;"07:45";"1";"78";"1";"1";"1";2;48;1
"46205";"202100046205";3;"18:10";"1";"78";"1";"1";"1";7;48;2
"46206";"202100046206";3;"19:00";"2";"78";"1";"1";"8";2;48;1
"46207";"202100046207";3;"07:30";"1";"94";"1";"1";"1";6;48;2
"46208";"202100046208";3;"19:00";"1";"69";"1";"1";"1";3;45;4
"46209";"202100046209";3;"12:20";"1";"69";"2";"6";"1";3;45;4
"46210";"202100046210";3;"14:20";"1";"972";"1";"1";"1";1;14;-60
"46211";"202100046211";3;"19:45";"5";"69";"2";"1";"1";2;45;4
"46212";"202100046212";3;"18:10";"2";"69";"2";"3";"2";3;45;4
"46213";"202100046213";3;"05:00";"5";"91";"2";"3";"1";6;48;2
"46214";"202100046214";3;"10:55";"1";"91";"2";"1";"7";2;48;2
"46215";"202100046215";3;"19:15";"1";"88";"2";"6";"1";3;48;6
"46216";"202100046216";3;"15:35";"1";"83";"2";"1";"1";6;43;5
"46217";"202100046217";3;"13:50";"1";"83";"2";"6";"1";3;43;6
"46218";"202100046218";3;"17:30";"1";"83";"2";"1";"1";6;43;6
"46219";"202100046219";3;"15:30";"1";"78";"2";"1";"1";6;48;2
"46220";"202100046220";3;"13:27";"1";"78";"2";"3";"1";6;48;1
"46221";"202100046221";3;"16:50";"1";"77";"2";"6";"1";7;48;2
"46222";"202100046222";3;"16:10";"1";"69";"2";"2";"1";3;45;4
"46223";"202100046223";3;"16:45";"1";"64";"1";"3";"1";1;43;-1
"46224";"202100046224";3;"15:10";"1";"62";"2";"1";"6";6;50;1
"46225";"202100046225";3;"12:00";"1";"62";"2";"1";"1";6;50;1
"46226";"202100046226";3;"15:50";"1";"49";"2";"2";"1";3;47;0
"46227";"202100046227";3;"12:50";"1";"35";"1";"6";"1";2;48;-1
"46228";"202100046228";3;"20:45";"5";"35";"2";"1";"1";6;48;-1
"46229";"202100046229";3;"16:45";"1";"30";"1";"3";"1";7;44;4
"46230";"202100046230";3;"20:30";"5";"13";"2";"1";"1";2;43;5
"46231";"202100046231";3;"18:50";"1";"13";"2";"1";"1";3;43;5
"46232";"202100046232";3;"17:35";"1";"13";"2";"1";"1";2;43;5
"46233";"202100046233";3;"13:40";"1";"13";"2";"2";"1";3;43;5
"46234";"202100046234";3;"20:15";"5";"13";"2";"1";"1";3;43;5
"46235";"202100046235";3;"18:10";"1";"13";"2";"1";"1";2;43;5
"46236";"202100046236";3;"15:40";"1";"13";"2";"1";"1";3;43;5
"46237";"202100046237";3;"02:40";"5";"13";"1";"1";"1";6;43;5
"46238";"202100046238";3;"17:05";"1";"13";"2";"6";"1";3;43;5
"46239";"202100046239";3;"15:45";"1";"13";"2";"9";"1";5;43;5
"46240";"202100046240";3;"18:15";"1";"02";"2";"1";"1";7;49;3
"46241";"202100046241";3;"21:00";"5";"75";"2";"4";"1";2;48;2
"46242";"202100046242";3;"20:28";"5";"75";"2";"2";"1";7;48;2
"46243";"202100046243";3;"14:40";"1";"75";"2";"3";"1";6;48;2
"46244";"202100046244";3;"17:30";"1";"75";"2";"3";"1";7;48;2
"46245";"202100046245";3;"21:50";"5";"75";"2";"5";"1";1;48;2
"46246";"202100046246";3;"13:25";"1";"75";"2";"2";"1";3;48;2
"46247";"202100046247";3;"18:10";"1";"94";"2";"1";"1";2;48;2
"46248";"202100046248";3;"15:00";"1";"94";"2";"1";"1";3;48;2
"46249";"202100046249";3;"18:50";"1";"94";"2";"1";"1";2;48;2
"46250";"202100046250";3;"11:15";"1";"94";"2";"1";"1";6;48;2
"46251";"202100046251";3;"18:30";"1";"94";"2";"2";"7";3;48;2
"46252";"202100046252";3;"11:00";"1";"94";"2";"1";"1";7;48;2
"46253";"202100046253";3;"13:20";"1";"93";"2";"9";"1";6;48;2
"46254";"202100046254";3;"19:25";"1";"93";"2";"1";"1";6;48;2
"46255";"202100046255";3;"09:07";"1";"93";"2";"1";"1";2;48;2
"46256";"202100046256";3;"07:17";"2";"92";"2";"6";"1";3;48;2
"46257";"202100046257";3;"18:15";"1";"39";"1";"1";"1";3;46;5
"46258";"202100046258";3;"19:00";"2";"47";"1";"1";"7";6;44;0
"46259";"202100046259";3;"13:50";"1";"08";"2";"1";"7";1;49;4
"46260";"202100046260";3;"11:30";"1";"972";"2";"1";"1";6;14;-61
"46261";"202100046261";3;"16:50";"1";"84";"1";"1";"1";6;44;4
"46262";"202100046262";3;"17:50";"1";"34";"1";"1";"1";2;43;3
"46263";"202100046263";3;"09:45";"1";"69";"2";"1";"1";1;45;4
"46264";"202100046264";3;"16:20";"1";"19";"1";"1";"1";7;45;1
"46265";"202100046265";3;"18:25";"1";"56";"1";"1";"1";1;47;-2
"46266";"202100046266";3;"21:15";"3";"56";"1";"1";"1";1;47;-2
"46267";"202100046267";3;"17:10";"1";"65";"2";"1";"1";2;43;0
"46268";"202100046268";3;"18:55";"1";"65";"1";"3";"1";1;43;0
"46269";"202100046269";3;"17:00";"1";"33";"1";"1";"1";7;45;0
"46270";"202100046270";3;"04:45";"3";"89";"1";"1";"1";7;48;3
"46271";"202100046271";3;"23:31";"5";"29";"1";"1";"1";7;48;-4
"46272";"202100046272";3;"18:05";"1";"44";"1";"1";"1";6;47;-1
"46273";"202100046273";3;"15:50";"1";"44";"1";"1";"1";1;47;-1
"46274";"202100046274";3;"16:15";"1";"31";"2";"1";"1";6;43;1
"46275";"202100046275";3;"16:45";"1";"02";"1";"1";"1";7;49;3
"46276";"202100046276";3;"02:00";"3";"03";"1";"1";"1";6;46;2
"46277";"202100046277";3;"16:40";"1";"15";"1";"3";"7";2;44;3
"46278";"202100046278";3;"22:30";"3";"50";"1";"2";"1";3;49;-1
"46279";"202100046279";3;"10:30";"1";"50";"1";"1";"7";2;48;0
"46280";"202100046280";3;"13:45";"1";"83";"1";"1";"1";6;43;6
"46281";"202100046281";3;"10:15";"1";"60";"1";"1";"1";6;49;3
"46282";"202100046282";3;"08:30";"1";"45";"2";"1";"1";6;48;2
"46283";"202100046283";3;"02:45";"3";"64";"1";"1";"1";7;43;-1
"46284";"202100046284";3;"10:30";"1";"64";"1";"3";"1";3;43;0
"46285";"202100046285";3;"19:30";"3";"18";"1";"1";"1";6;46;2
"46286";"202100046286";3;"14:50";"1";"07";"1";"1";"1";4;44;4
"46287";"202100046287";3;"08:30";"1";"23";"1";"1";"1";7;46;2
"46288";"202100046288";3;"04:00";"3";"37";"1";"1";"1";6;47;1
"46289";"202100046289";3;"18:30";"1";"08";"1";"1";"1";7;49;4
"46290";"202100046290";3;"19:30";"2";"33";"1";"2";"1";3;44;0
"46291";"202100046291";3;"18:40";"1";"95";"2";"1";"1";6;49;2
"46292";"202100046292";3;"17:40";"1";"24";"1";"1";"1";6;44;0
"46293";"202100046293";3;"00:30";"3";"30";"1";"2";"1";6;43;4
"46294";"202100046294";3;"08:25";"1";"74";"1";"1";"2";6;45;6
"46295";"202100046295";3;"16:30";"1";"06";"1";"1";"1";3;43;7
"46296";"202100046296";3;"04:50";"3";"34";"1";"1";"1";6;43;4
"46297";"202100046297";3;"12:00";"1";"974";"2";"1";"1";2;-21;55
"46298";"202100046298";3;"11:55";"1";"971";"2";"1";"1";3;16;-61
"46299";"202100046299";3;"20:20";"3";"77";"1";"4";"1";6;48;2
"46300";"202100046300";3;"10:00";"1";"77";"1";"2";"1";3;48;2
"46301";"202100046301";3;"14:00";"1";"95";"1";"1";"1";3;49;2