"";"Num_Acc";"mois";"hrmn";"lum";"dep";"agg";"int";"atm";"col";"lat";"long"
"46302";"202100046302";3;"12:00";"1";"66";"2";"4";"1";3;42;3
"46303";"202100046303";3;"09:30";"1";"34";"1";"1";"1";3;43;3
"46304";"202100046304";3;"17:00";"1";"13";"1";"1";"1";1;43;5
"46305";"202100046305";3;"15:50";"1";"13";"1";"1";"1";5;43;5
"46306";"202100046306";3;"15:00";"1";"13";"1";"3";"1";3;43;5
"46307";"202100046307";3;"10:15";"1";"13";"2";"1";"1";4;43;4
"46308";"202100046308";3;"15:55";"1";"70";"2";"4";"1";3;47;5
"46309";"202100046309";3;"17:05";"1";"68";"2";"1";"1";3;47;7
"46310";"202100046310";3;"15:15";"1";"38";"1";"2";"7";3;45;4
"46311";"202100046311";3;"13:40";"1";"69";"2";"3";"1";3;45;4
"46312";"202100046312";3;"17:00";"1";"65";"2";"2";"1";1;43;0
"46313";"202100046313";3;"15:20";"1";"40";"1";"1";"1";7;43;-1
"46314";"202100046314";3;"14:20";"1";"85";"1";"1";"1";1;46;-1
"46315";"202100046315";3;"06:20";"3";"44";"2";"1";"3";2;47;-1
"46316";"202100046316";3;"17:50";"1";"35";"2";"1";"1";2;47;-1
"46317";"202100046317";3;"18:24";"1";"13";"1";"1";"1";1;43;5
"46318";"202100046318";3;"16:15";"1";"13";"1";"1";"1";2;43;5
"46319";"202100046319";3;"19:55";"5";"13";"1";"1";"1";6;43;5
"46320";"202100046320";3;"18:05";"1";"13";"1";"1";"1";3;43;5
"46321";"202100046321";3;"07:10";"2";"69";"1";"1";"1";2;45;4
"46322";"202100046322";3;"16:25";"1";"67";"1";"1";"1";4;48;7
"46323";"202100046323";3;"16:00";"1";"67";"1";"1";"1";4;48;7
"46324";"202100046324";3;"08:15";"1";"33";"1";"1";"1";6;44;0
"46325";"202100046325";3;"09:00";"1";"92";"1";"1";"1";7;48;2
"46326";"202100046326";3;"19:10";"2";"93";"1";"1";"9";5;48;2
"46327";"202100046327";3;"23:40";"3";"95";"1";"1";"1";2;48;2
"46328";"202100046328";3;"19:10";"1";"95";"1";"1";"1";2;48;2
"46329";"202100046329";3;"18:30";"5";"974";"1";"1";"2";7;-20;55
"46330";"202100046330";3;"06:55";"1";"973";"2";"9";"1";3;4;-52
"46331";"202100046331";3;"19:25";"5";"69";"2";"2";"1";7;45;4
"46332";"202100046332";3;"01:40";"5";"69";"2";"2";"2";3;45;4
"46333";"202100046333";3;"04:15";"5";"69";"2";"1";"1";7;45;4
"46334";"202100046334";2;"19:15";"5";"69";"2";"1";"1";3;45;4
"46335";"202100046335";3;"15:00";"1";"95";"2";"4";"8";6;48;2
"46336";"202100046336";3;"00:35";"5";"95";"2";"6";"2";6;48;2
"46337";"202100046337";3;"16:30";"1";"91";"2";"1";"1";3;48;2
"46338";"202100046338";3;"03:00";"5";"85";"2";"1";"1";6;46;-1
"46339";"202100046339";3;"08:25";"1";"81";"2";"1";"1";1;44;2
"46340";"202100046340";3;"12:50";"1";"78";"2";"3";"1";3;48;1
"46341";"202100046341";3;"14:00";"1";"78";"1";"6";"1";7;48;1
"46342";"202100046342";3;"22:50";"5";"76";"2";"1";"1";7;49;1
"46343";"202100046343";3;"11:15";"1";"74";"2";"1";"1";2;46;6
"46344";"202100046344";3;"19:15";"5";"69";"2";"1";"1";2;45;4
"46345";"202100046345";3;"17:03";"1";"65";"1";"1";"1";4;43;0
"46346";"202100046346";3;"18:50";"1";"65";"2";"2";"1";3;43;0
"46347";"202100046347";3;"18:15";"1";"64";"2";"1";"1";2;43;-1
"46348";"202100046348";3;"16:15";"1";"64";"2";"2";"1";3;43;0
"46349";"202100046349";3;"14:30";"1";"64";"2";"1";"1";3;43;-1
"46350";"202100046350";3;"15:50";"1";"59";"1";"1";"1";3;50;3
"46351";"202100046351";3;"14:50";"1";"56";"2";"6";"1";2;47;-2
"46352";"202100046352";3;"13:15";"1";"47";"2";"3";"1";3;44;0
"46353";"202100046353";3;"19:40";"5";"37";"2";"3";"1";6;47;0
"46354";"202100046354";3;"14:25";"1";"37";"2";"1";"1";2;47;0
"46355";"202100046355";3;"09:45";"1";"15";"2";"1";"1";7;44;2
"46356";"202100046356";3;"20:00";"5";"13";"2";"1";"1";3;43;5
"46357";"202100046357";3;"12:10";"1";"13";"2";"1";"1";3;43;5
"46358";"202100046358";3;"10:50";"1";"13";"2";"1";"1";3;43;5
"46359";"202100046359";3;"21:29";"5";"13";"2";"2";"1";3;43;5
"46360";"202100046360";3;"16:20";"1";"06";"2";"3";"1";3;43;6
"46361";"202100046361";3;"21:10";"5";"06";"2";"1";"1";6;43;7
"46362";"202100046362";3;"08:15";"1";"02";"2";"1";"1";2;49;3
"46363";"202100046363";3;"12:45";"1";"75";"2";"4";"1";3;48;2
"46364";"202100046364";3;"14:45";"1";"75";"2";"2";"1";3;48;2
"46365";"202100046365";3;"20:30";"5";"75";"2";"1";"1";2;48;2
"46366";"202100046366";3;"22:10";"5";"75";"2";"7";"2";7;48;2
"46367";"202100046367";3;"16:37";"1";"75";"2";"4";"1";5;48;2
"46368";"202100046368";3;"13:25";"1";"75";"2";"3";"1";7;48;2
"46369";"202100046369";3;"19:15";"5";"75";"2";"5";"1";7;48;2
"46370";"202100046370";3;"14:15";"1";"75";"2";"1";"1";3;48;2
"46371";"202100046371";3;"22:30";"5";"75";"2";"1";"2";6;48;2
"46372";"202100046372";3;"19:55";"5";"75";"2";"5";"2";2;48;2
"46373";"202100046373";3;"17:20";"1";"75";"2";"1";"1";6;48;2
"46374";"202100046374";3;"20:55";"5";"75";"2";"3";"1";6;48;2
"46375";"202100046375";3;"10:05";"1";"75";"2";"3";"1";1;48;2
"46376";"202100046376";3;"08:40";"1";"75";"2";"1";"1";7;48;2
"46377";"202100046377";3;"11:25";"1";"75";"2";"2";"1";6;48;2
"46378";"202100046378";3;"12:15";"1";"75";"2";"3";"2";4;48;2
"46379";"202100046379";3;"15:30";"1";"75";"2";"1";"1";3;48;2
"46380";"202100046380";3;"12:40";"1";"75";"2";"1";"1";3;48;2
"46381";"202100046381";3;"09:30";"1";"75";"2";"1";"1";6;48;2
"46382";"202100046382";3;"16:50";"1";"75";"2";"1";"1";6;48;2
"46383";"202100046383";3;"09:20";"1";"75";"2";"4";"1";3;48;2
"46384";"202100046384";3;"17:10";"1";"75";"2";"7";"1";3;48;2
"46385";"202100046385";3;"08:05";"1";"75";"2";"2";"1";2;48;2
"46386";"202100046386";3;"18:30";"2";"75";"2";"3";"1";3;48;2
"46387";"202100046387";3;"11:15";"1";"75";"2";"3";"8";6;48;2
"46388";"202100046388";3;"08:45";"1";"94";"2";"1";"1";6;48;2
"46389";"202100046389";3;"16:55";"1";"94";"2";"9";"1";3;48;2
"46390";"202100046390";3;"14:05";"1";"94";"2";"9";"1";3;48;2
"46391";"202100046391";3;"12:35";"1";"94";"2";"3";"1";6;48;2
"46392";"202100046392";3;"14:50";"1";"94";"2";"1";"1";6;48;2
"46393";"202100046393";3;"17:30";"1";"94";"2";"5";"8";3;48;2
"46394";"202100046394";3;"15:55";"1";"93";"2";"2";"1";3;48;2
"46395";"202100046395";3;"15:00";"1";"93";"2";"1";"1";3;48;2
"46396";"202100046396";3;"16:00";"1";"93";"2";"3";"1";6;48;2
"46397";"202100046397";3;"15:50";"1";"93";"2";"1";"1";3;48;2
"46398";"202100046398";3;"06:26";"1";"93";"2";"2";"1";3;48;2
"46399";"202100046399";3;"02:05";"5";"93";"2";"1";"1";2;48;2
"46400";"202100046400";3;"18:30";"1";"93";"2";"2";"1";6;48;2
"46401";"202100046401";3;"18:10";"1";"93";"2";"1";"1";2;48;2
"46402";"202100046402";3;"22:15";"5";"93";"2";"3";"2";3;48;2
"46403";"202100046403";3;"11:17";"1";"92";"2";"1";"1";6;48;2
"46404";"202100046404";3;"12:50";"1";"92";"2";"1";"1";3;48;2
"46405";"202100046405";3;"18:45";"1";"92";"2";"2";"1";3;48;2
"46406";"202100046406";3;"18:06";"2";"92";"2";"1";"1";3;48;2
"46407";"202100046407";4;"16:55";"1";"92";"2";"3";"4";3;48;2
"46408";"202100046408";3;"10:40";"1";"26";"2";"1";"1";6;45;4
"46409";"202100046409";3;"23:55";"4";"22";"2";"1";"1";7;48;-2
"46410";"202100046410";3;"13:00";"1";"45";"1";"1";"1";6;48;2
"46411";"202100046411";3;"18:55";"1";"17";"1";"1";"1";7;45;0
"46412";"202100046412";3;"17:45";"1";"34";"1";"1";"1";7;43;3
"46413";"202100046413";3;"16:17";"1";"31";"1";"1";"9";3;43;1
"46414";"202100046414";3;"17:30";"1";"81";"1";"1";"2";3;43;2
"46415";"202100046415";3;"18:55";"5";"972";"2";"1";"1";3;14;-60
"46416";"202100046416";3;"08:45";"1";"63";"1";"1";"1";6;45;2
"46417";"202100046417";3;"14:30";"1";"01";"1";"1";"1";3;46;6
"46418";"202100046418";3;"06:45";"3";"35";"1";"1";"1";6;48;-1
"46419";"202100046419";3;"07:15";"2";"91";"2";"1";"1";1;48;2
"46420";"202100046420";3;"14:10";"1";"42";"2";"1";"1";7;45;4
"46421";"202100046421";3;"17:45";"1";"22";"1";"2";"1";3;48;-2
"46422";"202100046422";3;"10:40";"1";"51";"1";"1";"1";7;48;4
"46423";"202100046423";3;"15:20";"1";"59";"2";"1";"1";1;50;3
"46424";"202100046424";3;"16:15";"1";"67";"1";"1";"1";1;48;7
"46425";"202100046425";3;"18:30";"2";"2B";"1";"1";"1";5;42;8
"46426";"202100046426";3;"06:00";"3";"82";"1";"1";"1";6;44;1
"46427";"202100046427";3;"12:00";"1";"71";"1";"1";"1";6;46;4
"46428";"202100046428";3;"14:50";"1";"71";"1";"1";"1";7;46;4
"46429";"202100046429";3;"14:55";"1";"71";"2";"5";"1";7;46;4
"46430";"202100046430";3;"00:05";"3";"89";"1";"1";"1";7;48;2
"46431";"202100046431";3;"18:00";"1";"63";"1";"1";"1";1;45;3
"46432";"202100046432";3;"16:30";"1";"63";"1";"1";"1";3;45;3
"46433";"202100046433";3;"14:15";"1";"49";"2";"9";"1";1;47;0
"46434";"202100046434";3;"17:30";"1";"42";"1";"1";"1";1;45;4
"46435";"202100046435";3;"17:00";"1";"46";"1";"1";"1";6;44;1
"46436";"202100046436";3;"11:40";"1";"86";"1";"2";"1";3;46;0
"46437";"202100046437";3;"21:30";"3";"39";"1";"1";"1";6;46;5
"46438";"202100046438";3;"17:00";"1";"39";"1";"1";"1";7;46;5
"46439";"202100046439";3;"11:45";"1";"39";"2";"1";"1";1;46;5
"46440";"202100046440";3;"06:15";"3";"44";"1";"1";"1";6;47;-1
"46441";"202100046441";3;"16:45";"1";"44";"1";"2";"1";1;47;-1
"46442";"202100046442";3;"18:30";"1";"29";"1";"1";"1";6;48;-3
"46443";"202100046443";3;"17:50";"1";"29";"1";"1";"1";6;48;-3
"46444";"202100046444";3;"12:50";"1";"38";"2";"3";"1";1;45;5
"46445";"202100046445";3;"17:45";"1";"03";"1";"1";"1";6;46;2
"46446";"202100046446";3;"17:05";"1";"72";"2";"1";"1";6;48;0
"46447";"202100046447";3;"11:40";"1";"72";"1";"1";"1";7;47;0
"46448";"202100046448";3;"12:40";"1";"45";"2";"1";"1";4;47;1
"46449";"202100046449";3;"09:10";"1";"45";"2";"2";"1";3;47;2
"46450";"202100046450";3;"14:30";"1";"64";"2";"1";"1";7;43;-1
"46451";"202100046451";3;"16:45";"1";"10";"2";"9";"1";6;48;3
"46452";"202100046452";3;"16:45";"1";"16";"2";"3";"1";3;45;0
"46453";"202100046453";3;"20:00";"3";"21";"1";"1";"1";7;47;4
"46454";"202100046454";3;"11:05";"1";"24";"2";"3";"1";3;45;0
"46455";"202100046455";3;"19:45";"3";"27";"1";"1";"1";6;49;0
"46456";"202100046456";3;"13:58";"1";"17";"1";"1";"1";7;45;0
"46457";"202100046457";3;"17:45";"1";"68";"1";"1";"1";2;47;7
"46458";"202100046458";3;"16:30";"1";"95";"1";"1";"1";3;49;2
"46459";"202100046459";3;"21:40";"3";"11";"1";"1";"1";1;42;2
"46460";"202100046460";2;"11:10";"1";"973";"1";"1";"1";2;4;-52
"46461";"202100046461";3;"18:40";"3";"971";"1";"3";"1";1;16;-61
"46462";"202100046462";3;"10:45";"1";"66";"1";"1";"1";1;42;2
"46463";"202100046463";3;"14:35";"1";"83";"1";"1";"1";5;43;6
"46464";"202100046464";3;"01:20";"3";"06";"1";"1";"5";7;43;7
"46465";"202100046465";3;"03:20";"3";"25";"1";"1";"1";6;47;6
"46466";"202100046466";3;"17:40";"1";"57";"2";"1";"1";7;49;7
"46467";"202100046467";3;"05:55";"5";"74";"1";"1";"1";7;46;6
"46468";"202100046468";3;"05:45";"2";"42";"1";"1";"1";6;45;4
"46469";"202100046469";3;"04:45";"3";"38";"1";"1";"1";6;45;4
"46470";"202100046470";3;"09:45";"1";"01";"2";"1";"1";2;45;5
"46471";"202100046471";3;"17:25";"1";"69";"1";"1";"1";2;45;4
"46472";"202100046472";3;"17:00";"1";"16";"1";"1";"1";6;45;0
"46473";"202100046473";3;"14:05";"1";"33";"2";"1";"1";6;45;0
"46474";"202100046474";3;"04:10";"3";"14";"1";"1";"8";6;49;0
"46475";"202100046475";3;"11:00";"1";"33";"1";"1";"1";3;44;0
"46476";"202100046476";3;"05:40";"2";"33";"1";"1";"1";5;44;0
"46477";"202100046477";3;"18:30";"1";"78";"1";"1";"8";4;48;1
"46478";"202100046478";3;"20:00";"3";"78";"1";"1";"3";2;48;2
"46479";"202100046479";3;"18:05";"1";"78";"1";"1";"1";2;48;2
"46480";"202100046480";3;"14:15";"1";"95";"1";"1";"1";4;49;2
"46481";"202100046481";3;"12:40";"1";"95";"1";"1";"1";4;49;2
"46482";"202100046482";3;"11:00";"1";"95";"1";"1";"1";6;49;2
"46483";"202100046483";3;"13:00";"1";"93";"1";"1";"1";6;48;2
"46484";"202100046484";3;"10:00";"1";"77";"1";"1";"1";7;48;2
"46485";"202100046485";1;"14:20";"1";"91";"2";"1";"1";7;48;2
"46486";"202100046486";3;"08:00";"1";"974";"2";"1";"1";6;-20;55
"46487";"202100046487";3;"15:30";"1";"69";"2";"1";"1";6;45;4
"46488";"202100046488";3;"22:10";"3";"972";"2";"1";"1";6;14;-61
"46489";"202100046489";3;"17:30";"1";"69";"2";"1";"2";6;45;4
"46490";"202100046490";3;"12:35";"1";"971";"2";"1";"2";2;16;-61
"46491";"202100046491";3;"07:50";"1";"95";"2";"2";"1";3;48;2
"46492";"202100046492";3;"13:15";"1";"91";"2";"3";"1";1;48;2
"46493";"202100046493";3;"12:02";"1";"91";"2";"2";"1";3;48;2
"46494";"202100046494";3;"17:45";"1";"91";"2";"1";"1";4;48;2
"46495";"202100046495";3;"15:18";"1";"87";"2";"1";"1";7;45;1
"46496";"202100046496";3;"16:50";"1";"30";"2";"6";"1";6;43;4
"46497";"202100046497";3;"13:05";"1";"83";"2";"6";"1";3;43;5
"46498";"202100046498";3;"07:55";"1";"83";"2";"1";"1";6;43;6
"46499";"202100046499";3;"08:16";"1";"83";"2";"1";"1";3;43;6
"46500";"202100046500";3;"16:00";"1";"77";"1";"2";"1";3;48;2
"46501";"202100046501";3;"17:15";"1";"74";"2";"1";"1";6;46;6
"46502";"202100046502";3;"16:15";"1";"74";"2";"1";"1";6;45;6
"46503";"202100046503";3;"18:51";"1";"71";"1";"3";"1";3;46;4
"46504";"202100046504";3;"13:53";"1";"66";"2";"1";"1";6;42;2
"46505";"202100046505";3;"16:05";"1";"64";"1";"1";"1";5;43;-1
"46506";"202100046506";3;"11:15";"1";"64";"2";"3";"1";5;43;-1
"46507";"202100046507";3;"13:55";"1";"64";"2";"1";"1";3;43;0
"46508";"202100046508";3;"07:46";"1";"64";"2";"6";"1";7;43;-1
"46509";"202100046509";3;"06:37";"5";"64";"2";"3";"1";3;43;-1
"46510";"202100046510";3;"22:40";"5";"63";"2";"2";"1";3;45;3
"46511";"202100046511";3;"10:26";"1";"63";"2";"3";"1";3;45;3
"46512";"202100046512";3;"16:31";"1";"63";"2";"2";"1";3;45;3
"46513";"202100046513";3;"16:18";"1";"63";"2";"3";"1";3;45;3
"46514";"202100046514";3;"16:59";"1";"63";"2";"1";"1";1;45;3
"46515";"202100046515";3;"10:25";"1";"59";"2";"6";"1";6;50;3
"46516";"202100046516";3;"17:45";"1";"59";"2";"2";"1";3;50;3
"46517";"202100046517";3;"09:55";"1";"54";"2";"1";"1";6;48;6
"46518";"202100046518";3;"09:14";"1";"54";"2";"1";"1";6;48;6
"46519";"202100046519";3;"08:10";"1";"54";"2";"1";"1";6;48;6
"46520";"202100046520";3;"06:30";"1";"54";"2";"3";"1";2;48;6
"46521";"202100046521";3;"09:40";"1";"54";"2";"2";"1";3;48;6
"46522";"202100046522";3;"08:35";"1";"51";"2";"6";"1";3;49;4
"46523";"202100046523";3;"18:10";"1";"51";"2";"2";"1";3;49;4
"46524";"202100046524";3;"07:05";"2";"50";"2";"2";"1";3;49;-1
"46525";"202100046525";3;"13:46";"1";"49";"2";"2";"1";3;47;0
"46526";"202100046526";3;"11:40";"1";"49";"2";"4";"1";2;47;0
"46527";"202100046527";3;"05:50";"5";"49";"2";"1";"1";7;47;0
"46528";"202100046528";3;"18:23";"1";"37";"2";"2";"1";3;47;0
"46529";"202100046529";3;"15:20";"1";"37";"2";"1";"7";6;47;0
"46530";"202100046530";3;"16:15";"1";"35";"2";"1";"8";6;48;-1
"46531";"202100046531";3;"17:45";"1";"34";"2";"3";"1";3;43;3
"46532";"202100046532";3;"16:50";"1";"33";"2";"3";"1";4;44;0
"46533";"202100046533";3;"15:30";"1";"31";"2";"2";"1";3;43;1
"46534";"202100046534";3;"10:40";"1";"31";"2";"3";"1";3;43;1
"46535";"202100046535";3;"18:55";"2";"30";"2";"9";"8";3;43;4
"46536";"202100046536";3;"14:45";"1";"25";"2";"1";"1";2;46;6
"46537";"202100046537";3;"08:20";"1";"17";"2";"1";"1";1;45;-1
"46538";"202100046538";3;"08:05";"1";"15";"2";"1";"1";2;44;2
"46539";"202100046539";3;"07:50";"1";"13";"2";"3";"8";3;43;5
"46540";"202100046540";3;"22:15";"5";"13";"2";"1";"1";2;43;5
"46541";"202100046541";3;"14:50";"1";"13";"2";"1";"1";3;43;5
"46542";"202100046542";3;"11:55";"1";"13";"2";"1";"1";2;43;5
"46543";"202100046543";3;"09:20";"1";"13";"2";"2";"1";4;43;5
"46544";"202100046544";3;"23:15";"5";"13";"2";"2";"1";3;43;5
"46545";"202100046545";3;"13:55";"1";"13";"2";"1";"1";6;43;5
"46546";"202100046546";3;"09:30";"1";"09";"2";"1";"1";2;43;1
"46547";"202100046547";3;"17:00";"1";"06";"2";"1";"1";6;43;7
"46548";"202100046548";3;"07:45";"1";"06";"2";"3";"1";6;43;7
"46549";"202100046549";3;"18:10";"1";"13";"1";"1";"1";4;43;5
"46550";"202100046550";3;"19:00";"1";"13";"1";"1";"1";5;43;5
"46551";"202100046551";3;"14:55";"1";"13";"1";"1";"1";5;43;5
"46552";"202100046552";3;"19:30";"5";"69";"1";"1";"1";4;45;4
"46553";"202100046553";3;"16:30";"1";"01";"1";"1";"1";5;45;4
"46554";"202100046554";3;"21:20";"4";"33";"1";"1";"2";6;44;0
"46555";"202100046555";3;"18:15";"1";"33";"1";"1";"1";2;44;0
"46556";"202100046556";3;"16:20";"1";"78";"1";"9";"1";6;48;2
"46557";"202100046557";3;"21:30";"3";"78";"1";"1";"1";6;48;2
"46558";"202100046558";3;"15:30";"1";"94";"1";"1";"1";4;48;2
"46559";"202100046559";1;"16:10";"1";"13";"2";"1";"1";6;43;5
"46560";"202100046560";3;"17:35";"2";"976";"2";"6";"1";1;-12;45
"46561";"202100046561";3;"08:45";"1";"974";"1";"1";"7";3;-21;55
"46562";"202100046562";2;"18:25";"2";"973";"1";"1";"1";3;4;-52
"46563";"202100046563";3;"14:15";"1";"973";"2";"1";"1";3;4;-52
"46564";"202100046564";3;"18:10";"1";"69";"2";"1";"1";2;45;4
"46565";"202100046565";3;"07:40";"2";"69";"2";"1";"1";6;45;4
"46566";"202100046566";3;"06:50";"1";"972";"1";"1";"1";6;14;-61
"46567";"202100046567";3;"10:45";"1";"972";"2";"1";"1";4;14;-61
"46568";"202100046568";3;"18:30";"1";"69";"2";"9";"1";1;45;4
"46569";"202100046569";3;"03:10";"3";"69";"2";"1";"1";7;45;4
"46570";"202100046570";3;"17:40";"1";"2A";"2";"1";"1";3;41;8
"46571";"202100046571";3;"08:35";"1";"95";"2";"1";"1";6;48;2
"46572";"202100046572";3;"08:20";"1";"91";"1";"1";"1";2;48;2
"46573";"202100046573";3;"16:15";"1";"90";"1";"1";"1";1;47;6
"46574";"202100046574";3;"10:15";"1";"87";"2";"3";"2";3;45;1
"46575";"202100046575";3;"15:13";"1";"87";"2";"1";"1";2;45;1
"46576";"202100046576";3;"19:32";"2";"84";"1";"9";"1";1;44;4
"46577";"202100046577";3;"08:30";"1";"81";"2";"6";"1";6;43;2
"46578";"202100046578";3;"16:15";"1";"80";"2";"1";"1";6;49;2
"46579";"202100046579";3;"11:45";"1";"80";"1";"1";"1";2;49;2
"46580";"202100046580";3;"09:30";"1";"80";"2";"1";"1";3;49;2
"46581";"202100046581";3;"08:15";"1";"80";"2";"1";"1";3;49;2
"46582";"202100046582";3;"07:40";"1";"80";"2";"1";"1";6;49;2
"46583";"202100046583";3;"16:40";"1";"78";"2";"1";"1";6;48;2
"46584";"202100046584";3;"15:55";"1";"77";"2";"1";"1";6;48;2
"46585";"202100046585";3;"09:05";"1";"74";"2";"1";"1";2;46;6
"46586";"202100046586";3;"13:00";"1";"73";"2";"3";"1";3;45;5
"46587";"202100046587";3;"18:00";"1";"69";"2";"1";"1";4;45;4
"46588";"202100046588";3;"12:39";"1";"69";"2";"6";"1";3;45;4
"46589";"202100046589";3;"10:50";"1";"67";"2";"1";"1";3;48;7
"46590";"202100046590";3;"17:16";"1";"65";"2";"3";"1";3;43;0
"46591";"202100046591";3;"17:50";"1";"64";"2";"2";"1";3;43;0
"46592";"202100046592";3;"17:40";"1";"64";"2";"2";"1";3;43;0
"46593";"202100046593";3;"08:00";"1";"64";"2";"1";"1";2;43;-1
"46594";"202100046594";3;"21:00";"5";"62";"2";"2";"6";3;50;2
"46595";"202100046595";3;"18:20";"1";"62";"2";"6";"1";3;50;2
"46596";"202100046596";3;"12:14";"1";"59";"2";"1";"1";3;50;3
"46597";"202100046597";3;"07:50";"1";"50";"2";"1";"1";3;49;-1
"46598";"202100046598";3;"12:15";"1";"50";"2";"3";"1";3;49;-1
"46599";"202100046599";3;"08:00";"1";"49";"2";"1";"1";6;47;0
"46600";"202100046600";3;"08:55";"1";"47";"2";"1";"1";6;44;0
"46601";"202100046601";3;"17:30";"1";"45";"2";"1";"1";6;47;1
"46602";"202100046602";3;"18:00";"1";"44";"2";"1";"1";6;47;-2
"46603";"202100046603";3;"15:35";"1";"42";"1";"1";"1";6;45;4
"46604";"202100046604";1;"07:35";"3";"42";"2";"1";"1";5;45;4
"46605";"202100046605";1;"12:40";"1";"42";"2";"1";"1";6;45;4
"46606";"202100046606";3;"11:41";"1";"38";"2";"2";"1";3;45;5
"46607";"202100046607";3;"07:20";"2";"38";"2";"2";"1";3;45;5
"46608";"202100046608";3;"21:10";"5";"34";"2";"1";"1";6;43;3
"46609";"202100046609";3;"15:00";"1";"33";"2";"1";"1";4;44;0
"46610";"202100046610";3;"12:40";"1";"33";"2";"1";"2";2;44;0
"46611";"202100046611";3;"13:10";"1";"33";"2";"7";"1";1;44;0
"46612";"202100046612";3;"17:30";"1";"31";"2";"1";"1";3;43;1
"46613";"202100046613";3;"20:21";"5";"29";"2";"2";"2";3;48;-4
"46614";"202100046614";3;"17:45";"1";"29";"2";"3";"1";6;48;-4
"46615";"202100046615";3;"17:05";"1";"27";"2";"3";"1";6;49;1
"46616";"202100046616";3;"09:05";"1";"27";"2";"3";"1";3;49;1
"46617";"202100046617";3;"17:49";"1";"17";"2";"3";"1";3;46;-1
"46618";"202100046618";3;"08:50";"1";"14";"2";"1";"1";6;49;0
"46619";"202100046619";3;"21:05";"5";"13";"2";"3";"1";3;43;5
"46620";"202100046620";3;"12:30";"1";"13";"2";"1";"1";3;43;5
"46621";"202100046621";3;"09:45";"1";"13";"2";"3";"1";3;43;5
"46622";"202100046622";3;"09:30";"1";"13";"1";"1";"1";1;43;5
"46623";"202100046623";3;"17:05";"1";"10";"2";"2";"1";3;48;4
"46624";"202100046624";3;"16:50";"1";"10";"2";"1";"1";6;48;4
"46625";"202100046625";3;"18:15";"1";"09";"2";"1";"1";2;43;1
"46626";"202100046626";3;"12:20";"1";"07";"2";"1";"1";2;44;4
"46627";"202100046627";3;"17:40";"1";"06";"2";"1";"1";7;43;7
"46628";"202100046628";3;"10:50";"1";"06";"2";"1";"1";2;43;7
"46629";"202100046629";3;"12:15";"1";"75";"2";"1";"1";4;48;2
"46630";"202100046630";3;"18:00";"1";"75";"2";"1";"1";2;48;2
"46631";"202100046631";3;"08:05";"1";"75";"2";"1";"1";2;48;2
"46632";"202100046632";3;"12:54";"1";"75";"2";"1";"1";3;48;2
"46633";"202100046633";3;"20:30";"5";"75";"2";"2";"1";3;48;2
"46634";"202100046634";3;"10:10";"1";"75";"2";"1";"2";5;48;2
"46635";"202100046635";3;"19:15";"3";"75";"2";"4";"1";6;48;2
"46636";"202100046636";3;"21:10";"5";"75";"2";"2";"1";3;48;2
"46637";"202100046637";3;"08:30";"1";"75";"2";"2";"2";3;48;2
"46638";"202100046638";3;"07:55";"2";"75";"2";"2";"2";7;48;2
"46639";"202100046639";3;"13:00";"1";"75";"2";"4";"1";2;48;2
"46640";"202100046640";3;"11:35";"1";"75";"2";"1";"2";6;48;2
"46641";"202100046641";3;"14:48";"1";"75";"2";"4";"1";3;48;2
"46642";"202100046642";3;"10:25";"1";"75";"2";"1";"8";6;48;2
"46643";"202100046643";3;"20:40";"5";"75";"2";"2";"1";2;48;2
"46644";"202100046644";3;"18:00";"1";"75";"2";"1";"1";6;48;2
"46645";"202100046645";3;"09:00";"1";"75";"2";"1";"2";3;48;2
"46646";"202100046646";3;"08:45";"1";"75";"2";"1";"2";3;48;2
"46647";"202100046647";3;"16:00";"1";"75";"2";"3";"1";3;48;2
"46648";"202100046648";3;"16:00";"1";"75";"2";"3";"1";3;48;2
"46649";"202100046649";3;"17:00";"1";"94";"2";"1";"1";3;48;2
"46650";"202100046650";3;"14:40";"1";"94";"2";"1";"1";6;48;2
"46651";"202100046651";3;"14:45";"1";"94";"2";"6";"1";2;48;2
"46652";"202100046652";3;"12:20";"1";"94";"2";"1";"2";6;48;2
"46653";"202100046653";3;"09:00";"1";"94";"2";"1";"1";1;48;2
"46654";"202100046654";3;"18:20";"1";"94";"2";"1";"1";3;48;2
"46655";"202100046655";3;"19:50";"5";"94";"2";"1";"1";6;48;2
"46656";"202100046656";3;"17:40";"1";"93";"2";"1";"1";6;48;2
"46657";"202100046657";3;"10:15";"1";"93";"2";"1";"1";5;48;2
"46658";"202100046658";3;"17:00";"1";"93";"2";"1";"1";2;48;2
"46659";"202100046659";3;"08:30";"1";"93";"2";"1";"2";6;48;2
"46660";"202100046660";3;"15:47";"1";"93";"2";"9";"7";6;48;2
"46661";"202100046661";3;"07:50";"1";"93";"2";"9";"2";6;48;2
"46662";"202100046662";3;"22:04";"5";"93";"2";"1";"1";6;48;2
"46663";"202100046663";3;"08:39";"1";"93";"2";"1";"2";6;48;2
"46664";"202100046664";3;"16:15";"1";"93";"2";"1";"1";3;48;2
"46665";"202100046665";3;"17:59";"1";"92";"2";"1";"1";5;48;2
"46666";"202100046666";3;"15:15";"1";"92";"2";"3";"1";3;48;2
"46667";"202100046667";3;"21:17";"5";"92";"2";"1";"1";3;48;2