"";"Num_Acc";"mois";"hrmn";"lum";"dep";"agg";"int";"atm";"col";"lat";"long"
"46668";"202100046668";3;"18:00";"2";"92";"2";"1";"1";6;48;2
"46669";"202100046669";3;"19:40";"4";"44";"2";"1";"1";6;47;-1
"46670";"202100046670";3;"14:30";"1";"24";"1";"1";"1";6;44;0
"46671";"202100046671";3;"09:30";"1";"60";"1";"1";"2";6;49;2
"46672";"202100046672";3;"17:49";"1";"68";"2";"2";"1";3;47;7
"46673";"202100046673";3;"17:40";"1";"44";"2";"4";"1";3;47;-1
"46674";"202100046674";3;"18:00";"1";"74";"2";"1";"1";7;45;6
"46675";"202100046675";3;"07:30";"1";"21";"2";"4";"1";6;47;4
"46676";"202100046676";3;"07:00";"1";"83";"1";"1";"1";3;43;5
"46677";"202100046677";3;"18:50";"2";"30";"1";"1";"8";1;43;4
"46678";"202100046678";3;"09:30";"1";"56";"1";"1";"5";2;47;-2
"46679";"202100046679";3;"16:00";"1";"76";"1";"1";"3";7;49;0
"46680";"202100046680";3;"11:30";"1";"79";"2";"1";"1";7;46;0
"46681";"202100046681";3;"22:52";"3";"2A";"1";"1";"1";6;41;8
"46682";"202100046682";3;"23:00";"3";"2B";"1";"1";"1";6;42;9
"46683";"202100046683";3;"11:15";"1";"2B";"1";"1";"1";-1;42;9
"46684";"202100046684";3;"12:30";"1";"32";"1";"1";"1";7;43;0
"46685";"202100046685";3;"10:00";"1";"11";"1";"1";"1";3;43;2
"46686";"202100046686";3;"17:00";"1";"41";"1";"2";"1";5;47;0
"46687";"202100046687";3;"11:15";"1";"39";"1";"1";"1";3;46;5
"46688";"202100046688";3;"12:10";"1";"73";"2";"3";"1";3;45;6
"46689";"202100046689";3;"03:38";"3";"40";"2";"1";"1";6;43;-1
"46690";"202100046690";3;"22:15";"3";"17";"1";"1";"1";6;45;0
"46691";"202100046691";3;"09:35";"1";"48";"2";"1";"1";6;44;3
"46692";"202100046692";3;"15:50";"1";"52";"1";"1";"1";6;47;5
"46693";"202100046693";3;"13:15";"1";"08";"2";"1";"1";6;49;4
"46694";"202100046694";3;"13:35";"1";"35";"1";"1";"1";6;48;-1
"46695";"202100046695";3;"15:35";"1";"13";"1";"1";"1";1;43;5
"46696";"202100046696";3;"08:55";"1";"34";"1";"1";"1";3;43;3
"46697";"202100046697";3;"14:15";"1";"34";"2";"1";"1";3;43;3
"46698";"202100046698";3;"18:30";"1";"13";"2";"1";"1";3;43;5
"46699";"202100046699";3;"16:56";"1";"52";"1";"1";"1";6;47;5
"46700";"202100046700";3;"07:30";"1";"54";"1";"1";"1";4;48;6
"46701";"202100046701";3;"15:00";"1";"26";"1";"1";"8";6;44;5
"46702";"202100046702";3;"16:27";"1";"17";"1";"2";"1";1;45;0
"46703";"202100046703";3;"21:30";"3";"27";"1";"1";"1";6;49;1
"46704";"202100046704";3;"11:00";"1";"27";"2";"1";"1";7;49;1
"46705";"202100046705";3;"07:50";"1";"59";"1";"9";"1";7;50;3
"46706";"202100046706";3;"07:45";"1";"13";"1";"1";"1";4;43;5
"46707";"202100046707";3;"16:50";"1";"13";"1";"1";"1";4;43;5
"46708";"202100046708";3;"14:30";"1";"13";"1";"1";"1";6;43;5
"46709";"202100046709";3;"11:35";"1";"13";"1";"1";"1";2;43;5
"46710";"202100046710";3;"09:15";"1";"13";"1";"1";"1";4;43;5
"46711";"202100046711";3;"07:40";"1";"13";"1";"1";"1";2;43;5
"46712";"202100046712";3;"18:00";"1";"33";"1";"1";"1";2;44;0
"46713";"202100046713";3;"18:10";"1";"33";"1";"1";"1";4;44;0
"46714";"202100046714";3;"14:10";"1";"78";"1";"1";"1";2;48;1
"46715";"202100046715";3;"07:30";"2";"93";"1";"1";"2";5;48;2
"46716";"202100046716";3;"12:00";"1";"77";"1";"1";"1";2;48;2
"46717";"202100046717";3;"07:45";"1";"94";"1";"1";"2";3;48;2
"46718";"202100046718";3;"07:45";"1";"94";"1";"1";"1";6;48;2
"46719";"202100046719";3;"07:50";"1";"94";"1";"1";"1";2;48;2
"46720";"202100046720";1;"09:40";"1";"92";"2";"2";"1";6;48;2
"46721";"202100046721";1;"09:12";"1";"25";"2";"6";"1";6;47;5
"46722";"202100046722";3;"13:55";"1";"976";"2";"1";"1";2;-12;45
"46723";"202100046723";3;"19:10";"5";"974";"2";"1";"1";7;-20;55
"46724";"202100046724";3;"07:25";"1";"973";"2";"1";"1";6;4;-52
"46725";"202100046725";3;"16:00";"1";"69";"2";"1";"1";6;45;4
"46726";"202100046726";3;"10:15";"1";"69";"2";"3";"1";3;45;4
"46727";"202100046727";3;"10:45";"1";"69";"2";"3";"1";3;45;4
"46728";"202100046728";3;"18:30";"1";"972";"2";"1";"1";7;14;-61
"46729";"202100046729";3;"16:20";"1";"69";"2";"2";"1";3;45;4
"46730";"202100046730";3;"11:26";"1";"69";"2";"3";"1";3;45;4
"46731";"202100046731";3;"20:20";"5";"95";"2";"1";"1";3;48;2
"46732";"202100046732";3;"15:50";"1";"91";"2";"9";"1";3;48;2
"46733";"202100046733";3;"14:50";"1";"91";"1";"1";"1";5;48;2
"46734";"202100046734";3;"08:30";"1";"91";"2";"3";"1";3;48;2
"46735";"202100046735";3;"08:30";"1";"91";"2";"3";"7";6;48;2
"46736";"202100046736";3;"10:20";"1";"91";"2";"3";"1";3;48;2
"46737";"202100046737";3;"12:40";"1";"91";"1";"9";"1";2;48;2
"46738";"202100046738";3;"17:01";"1";"87";"2";"1";"1";6;45;1
"46739";"202100046739";3;"08:20";"1";"85";"2";"2";"1";3;46;-1
"46740";"202100046740";3;"08:40";"1";"85";"1";"1";"1";4;46;-1
"46741";"202100046741";3;"19:10";"1";"76";"2";"1";"1";6;49;1
"46742";"202100046742";3;"09:30";"1";"76";"2";"1";"2";7;49;1
"46743";"202100046743";3;"16:20";"1";"76";"2";"1";"2";1;49;1
"46744";"202100046744";3;"17:00";"1";"72";"2";"1";"1";3;48;0
"46745";"202100046745";3;"08:25";"1";"70";"2";"1";"1";6;47;6
"46746";"202100046746";3;"13:55";"1";"70";"2";"2";"1";3;47;6
"46747";"202100046747";3;"23:39";"5";"69";"2";"8";"1";6;45;4
"46748";"202100046748";3;"16:00";"1";"69";"2";"3";"1";3;45;4
"46749";"202100046749";3;"19:50";"5";"64";"2";"3";"1";3;43;0
"46750";"202100046750";3;"07:00";"2";"62";"2";"6";"1";7;50;2
"46751";"202100046751";3;"15:05";"1";"59";"2";"2";"7";6;50;3
"46752";"202100046752";3;"17:00";"1";"59";"2";"9";"1";6;51;2
"46753";"202100046753";3;"12:25";"1";"57";"2";"4";"1";3;49;6
"46754";"202100046754";3;"17:00";"1";"51";"2";"1";"1";2;49;4
"46755";"202100046755";3;"14:50";"1";"51";"2";"2";"1";3;48;4
"46756";"202100046756";2;"15:05";"1";"42";"2";"2";"1";3;45;4
"46757";"202100046757";3;"17:15";"1";"37";"2";"1";"1";7;47;0
"46758";"202100046758";3;"17:30";"1";"37";"2";"1";"1";2;47;0
"46759";"202100046759";3;"18:10";"1";"34";"2";"1";"1";1;43;3
"46760";"202100046760";3;"13:55";"1";"31";"2";"3";"1";3;43;1
"46761";"202100046761";3;"15:20";"1";"28";"2";"2";"1";1;48;1
"46762";"202100046762";3;"11:25";"1";"26";"2";"2";"1";3;44;4
"46763";"202100046763";3;"15:10";"1";"24";"2";"1";"1";6;44;0
"46764";"202100046764";3;"17:45";"1";"17";"1";"1";"1";3;46;-1
"46765";"202100046765";3;"08:05";"1";"14";"2";"1";"1";3;49;0
"46766";"202100046766";3;"13:30";"1";"13";"2";"3";"1";3;43;5
"46767";"202100046767";3;"12:30";"1";"13";"2";"1";"1";2;43;5
"46768";"202100046768";3;"10:20";"1";"13";"2";"6";"1";3;43;5
"46769";"202100046769";3;"07:35";"1";"13";"2";"3";"1";1;43;5
"46770";"202100046770";3;"18:05";"2";"13";"2";"3";"1";3;43;5
"46771";"202100046771";3;"16:50";"1";"13";"1";"1";"1";6;43;5
"46772";"202100046772";3;"10:00";"1";"09";"2";"1";"1";3;42;1
"46773";"202100046773";3;"12:10";"1";"06";"2";"2";"1";3;43;7
"46774";"202100046774";3;"18:05";"2";"06";"2";"9";"1";6;43;6
"46775";"202100046775";3;"15:00";"1";"75";"2";"1";"1";4;48;2
"46776";"202100046776";3;"12:50";"1";"75";"2";"4";"1";3;48;2
"46777";"202100046777";3;"20:00";"5";"75";"2";"3";"1";1;48;2
"46778";"202100046778";3;"08:30";"5";"75";"2";"2";"1";3;48;2
"46779";"202100046779";3;"10:55";"1";"75";"2";"1";"1";6;48;2
"46780";"202100046780";3;"08:00";"1";"75";"2";"2";"1";6;48;2
"46781";"202100046781";3;"16:25";"1";"75";"2";"2";"1";3;48;2
"46782";"202100046782";3;"11:45";"1";"75";"2";"2";"1";3;48;2
"46783";"202100046783";3;"10:55";"1";"75";"2";"2";"1";6;48;2
"46784";"202100046784";3;"13:20";"1";"75";"2";"2";"1";3;48;2
"46785";"202100046785";3;"06:45";"2";"75";"2";"1";"1";6;48;2
"46786";"202100046786";3;"16:55";"1";"75";"2";"2";"1";3;48;2
"46787";"202100046787";3;"06:10";"2";"75";"2";"4";"1";7;48;2
"46788";"202100046788";3;"19:15";"5";"75";"2";"4";"1";3;48;2
"46789";"202100046789";3;"13:40";"1";"75";"2";"2";"1";2;48;2
"46790";"202100046790";3;"12:00";"1";"75";"2";"5";"7";6;48;2
"46791";"202100046791";3;"18:05";"1";"75";"2";"3";"1";1;48;2
"46792";"202100046792";3;"16:56";"1";"75";"2";"3";"1";1;48;2
"46793";"202100046793";3;"12:55";"2";"75";"2";"2";"1";6;48;2
"46794";"202100046794";3;"20:40";"5";"94";"2";"1";"1";3;48;2
"46795";"202100046795";3;"17:20";"1";"94";"2";"9";"1";6;48;2
"46796";"202100046796";3;"12:00";"1";"94";"2";"9";"1";6;48;2
"46797";"202100046797";3;"17:40";"1";"94";"2";"1";"1";3;48;2
"46798";"202100046798";3;"18:22";"1";"94";"2";"1";"1";2;48;2
"46799";"202100046799";3;"12:50";"1";"94";"2";"1";"7";7;48;2
"46800";"202100046800";3;"17:15";"1";"94";"2";"9";"1";4;48;2
"46801";"202100046801";3;"18:28";"1";"93";"2";"1";"1";6;48;2
"46802";"202100046802";3;"12:45";"1";"93";"2";"2";"1";3;48;2
"46803";"202100046803";3;"18:07";"1";"93";"2";"1";"1";6;48;2
"46804";"202100046804";3;"09:45";"1";"93";"2";"2";"1";3;48;2
"46805";"202100046805";3;"12:50";"1";"93";"2";"3";"1";3;48;2
"46806";"202100046806";3;"07:43";"1";"93";"2";"9";"1";6;48;2
"46807";"202100046807";3;"17:00";"1";"93";"2";"1";"1";6;48;2
"46808";"202100046808";3;"16:10";"1";"93";"2";"2";"1";3;48;2
"46809";"202100046809";3;"15:15";"1";"93";"2";"1";"1";6;48;2
"46810";"202100046810";3;"17:25";"1";"92";"2";"1";"1";2;48;2
"46811";"202100046811";3;"15:15";"1";"92";"2";"2";"1";6;48;2
"46812";"202100046812";3;"15:45";"1";"92";"2";"1";"1";6;48;2
"46813";"202100046813";3;"08:00";"1";"92";"2";"3";"1";3;48;2
"46814";"202100046814";3;"11:20";"1";"43";"1";"1";"1";3;45;3
"46815";"202100046815";3;"06:45";"2";"34";"1";"1";"1";6;43;3
"46816";"202100046816";3;"05:15";"3";"60";"2";"1";"2";6;49;1
"46817";"202100046817";3;"07:10";"1";"67";"1";"3";"1";2;48;7
"46818";"202100046818";3;"16:50";"1";"974";"2";"1";"1";1;-21;55
"46819";"202100046819";3;"16:00";"1";"42";"2";"2";"7";3;46;3
"46820";"202100046820";3;"19:15";"5";"83";"1";"1";"1";1;43;6
"46821";"202100046821";3;"18:30";"1";"74";"1";"2";"1";6;46;6
"46822";"202100046822";3;"14:45";"1";"19";"1";"3";"7";5;45;2
"46823";"202100046823";3;"05:35";"3";"78";"1";"1";"2";1;48;1
"46824";"202100046824";3;"07:40";"1";"31";"2";"6";"1";6;43;1
"46825";"202100046825";3;"13:15";"1";"80";"1";"1";"1";1;49;2
"46826";"202100046826";3;"05:45";"2";"71";"1";"1";"1";6;46;4
"46827";"202100046827";3;"18:15";"1";"61";"1";"1";"1";7;48;0
"46828";"202100046828";3;"19:35";"5";"42";"2";"2";"1";3;45;4
"46829";"202100046829";3;"18:25";"1";"46";"2";"1";"1";6;44;1
"46830";"202100046830";3;"17:20";"1";"86";"1";"1";"1";1;46;0
"46831";"202100046831";3;"16:20";"1";"68";"1";"6";"1";3;47;7
"46832";"202100046832";3;"23:43";"3";"44";"1";"1";"1";6;47;-2
"46833";"202100046833";3;"19:30";"4";"44";"1";"1";"1";1;47;-1
"46834";"202100046834";3;"18:35";"1";"02";"1";"1";"1";3;49;3
"46835";"202100046835";3;"11:55";"1";"50";"1";"1";"1";7;49;-1
"46836";"202100046836";3;"09:40";"1";"10";"1";"2";"1";3;48;4
"46837";"202100046837";3;"02:00";"5";"16";"1";"1";"1";6;45;0
"46838";"202100046838";3;"17:40";"1";"07";"2";"3";"1";6;44;4
"46839";"202100046839";3;"02:00";"3";"40";"1";"1";"1";6;43;-1
"46840";"202100046840";3;"17:50";"1";"17";"1";"3";"1";2;46;0
"46841";"202100046841";3;"17:50";"1";"37";"2";"2";"1";2;47;0
"46842";"202100046842";3;"15:07";"1";"973";"2";"3";"1";1;4;-52
"46843";"202100046843";3;"09:30";"1";"37";"2";"6";"1";3;47;0
"46844";"202100046844";3;"12:42";"1";"34";"1";"1";"1";2;43;3
"46845";"202100046845";3;"18:50";"2";"04";"1";"2";"1";3;43;5
"46846";"202100046846";3;"09:00";"1";"13";"1";"1";"1";3;43;4
"46847";"202100046847";3;"16:30";"1";"13";"2";"3";"1";3;43;5
"46848";"202100046848";3;"00:00";"3";"42";"1";"1";"1";6;45;4
"46849";"202100046849";3;"11:30";"1";"33";"2";"6";"1";6;44;0
"46850";"202100046850";3;"15:30";"1";"33";"2";"6";"1";3;44;0
"46851";"202100046851";3;"15:07";"1";"33";"1";"1";"1";3;44;0
"46852";"202100046852";3;"07:50";"2";"85";"2";"6";"8";3;46;0
"46853";"202100046853";3;"04:15";"3";"60";"2";"1";"1";6;49;2
"46854";"202100046854";3;"14:00";"1";"62";"1";"1";"1";6;50;2
"46855";"202100046855";3;"08:15";"1";"13";"1";"1";"1";3;43;5
"46856";"202100046856";3;"17:25";"1";"33";"1";"1";"1";3;44;0
"46857";"202100046857";3;"11:25";"1";"33";"1";"1";"1";4;44;0
"46858";"202100046858";3;"14:50";"1";"93";"1";"1";"1";4;48;2
"46859";"202100046859";1;"14:47";"1";"81";"2";"1";"2";6;43;2
"46860";"202100046860";3;"07:50";"1";"988";"2";"3";"1";6;-22;166
"46861";"202100046861";3;"11:50";"1";"976";"2";"1";"1";2;-12;45
"46862";"202100046862";3;"09:21";"1";"974";"2";"1";"1";3;-20;55
"46863";"202100046863";3;"09:00";"1";"974";"2";"1";"1";2;-20;55
"46864";"202100046864";3;"11:10";"1";"69";"2";"3";"1";3;45;4
"46865";"202100046865";3;"08:30";"1";"69";"2";"1";"1";1;45;4
"46866";"202100046866";3;"07:40";"1";"69";"2";"3";"1";3;45;4
"46867";"202100046867";3;"11:55";"1";"972";"1";"6";"1";2;14;-60
"46868";"202100046868";3;"05:50";"2";"972";"2";"1";"1";6;14;-61
"46869";"202100046869";3;"14:02";"1";"69";"2";"1";"1";3;45;4
"46870";"202100046870";3;"18:10";"1";"95";"2";"1";"1";6;49;2
"46871";"202100046871";3;"17:50";"1";"91";"2";"3";"1";3;48;2
"46872";"202100046872";3;"07:40";"1";"91";"2";"2";"1";3;48;2
"46873";"202100046873";3;"20:30";"3";"91";"2";"1";"1";6;48;2
"46874";"202100046874";2;"17:10";"1";"89";"2";"1";"1";3;48;3
"46875";"202100046875";3;"08:49";"1";"87";"2";"1";"1";6;45;1
"46876";"202100046876";3;"10:24";"1";"87";"2";"3";"2";2;45;1
"46877";"202100046877";2;"15:50";"1";"86";"2";"1";"1";3;46;0
"46878";"202100046878";3;"11:00";"1";"83";"2";"1";"1";2;43;5
"46879";"202100046879";3;"17:10";"1";"83";"1";"1";"1";5;43;6
"46880";"202100046880";3;"14:45";"1";"83";"2";"1";"1";3;43;6
"46881";"202100046881";3;"11:50";"1";"80";"2";"1";"1";2;49;2
"46882";"202100046882";3;"15:00";"1";"80";"2";"1";"1";6;49;2
"46883";"202100046883";3;"07:30";"1";"80";"2";"1";"1";6;50;1
"46884";"202100046884";3;"08:55";"1";"78";"2";"1";"1";6;48;2
"46885";"202100046885";3;"19:20";"2";"77";"2";"1";"1";1;48;2
"46886";"202100046886";3;"17:55";"1";"77";"1";"9";"1";5;48;2
"46887";"202100046887";3;"11:55";"1";"76";"2";"1";"2";7;49;1
"46888";"202100046888";3;"16:00";"1";"76";"2";"1";"1";1;49;1
"46889";"202100046889";3;"17:45";"1";"76";"1";"4";"1";7;49;1
"46890";"202100046890";3;"17:50";"1";"76";"2";"2";"1";6;49;0
"46891";"202100046891";2;"15:20";"1";"76";"2";"3";"1";6;49;0
"46892";"202100046892";3;"13:45";"1";"74";"2";"1";"1";6;46;6
"46893";"202100046893";2;"15:00";"1";"69";"1";"1";"1";2;45;4
"46894";"202100046894";3;"19:10";"1";"67";"2";"3";"1";3;48;7
"46895";"202100046895";3;"13:55";"1";"67";"2";"3";"1";3;48;7
"46896";"202100046896";3;"07:50";"1";"66";"1";"1";"1";2;42;2
"46897";"202100046897";3;"08:50";"1";"66";"2";"1";"1";6;42;2
"46898";"202100046898";3;"17:14";"1";"65";"2";"1";"1";4;43;0
"46899";"202100046899";3;"17:35";"1";"64";"2";"1";"1";1;43;-1
"46900";"202100046900";3;"09:45";"1";"64";"2";"1";"1";1;43;-1
"46901";"202100046901";3;"17:13";"1";"64";"2";"6";"7";3;43;0
"46902";"202100046902";3;"08:30";"1";"64";"2";"3";"1";3;43;-1
"46903";"202100046903";3;"08:20";"1";"64";"2";"1";"1";6;43;-1
"46904";"202100046904";3;"18:20";"1";"63";"2";"1";"1";3;45;3
"46905";"202100046905";3;"17:37";"1";"63";"2";"3";"1";3;45;3
"46906";"202100046906";3;"16:30";"1";"59";"2";"4";"1";3;50;3
"46907";"202100046907";3;"16:55";"1";"59";"2";"1";"1";2;50;3
"46908";"202100046908";3;"16:55";"1";"54";"2";"3";"1";3;48;6
"46909";"202100046909";3;"09:50";"1";"51";"2";"3";"1";7;48;4
"46910";"202100046910";3;"17:15";"1";"49";"2";"1";"1";1;47;0
"46911";"202100046911";3;"07:55";"1";"44";"2";"2";"1";3;47;-2
"46912";"202100046912";3;"08:00";"1";"37";"2";"6";"1";6;47;0
"46913";"202100046913";3;"11:00";"1";"35";"2";"1";"1";3;48;-1
"46914";"202100046914";3;"08:27";"1";"35";"2";"1";"1";3;48;-1
"46915";"202100046915";3;"01:20";"3";"35";"1";"1";"1";6;48;-1
"46916";"202100046916";3;"09:14";"1";"33";"2";"1";"1";3;44;0
"46917";"202100046917";3;"08:49";"2";"31";"1";"1";"1";4;43;1
"46918";"202100046918";3;"12:38";"1";"31";"2";"1";"1";7;43;1
"46919";"202100046919";3;"21:42";"5";"31";"2";"1";"1";3;43;1
"46920";"202100046920";3;"14:19";"1";"31";"2";"1";"1";6;43;1
"46921";"202100046921";3;"20:40";"5";"31";"2";"3";"1";3;43;1
"46922";"202100046922";3;"21:43";"3";"31";"2";"1";"1";5;43;1
"46923";"202100046923";3;"13:32";"1";"31";"2";"1";"1";3;43;1
"46924";"202100046924";3;"13:35";"1";"31";"2";"1";"1";6;43;1
"46925";"202100046925";3;"18:43";"3";"31";"1";"1";"1";4;43;1
"46926";"202100046926";3;"18:04";"1";"31";"1";"1";"1";3;43;1
"46927";"202100046927";3;"15:25";"1";"29";"1";"6";"1";6;48;-4
"46928";"202100046928";3;"16:40";"1";"27";"1";"1";"1";7;49;1
"46929";"202100046929";3;"12:30";"1";"27";"2";"2";"1";6;49;1
"46930";"202100046930";3;"07:55";"1";"27";"2";"2";"1";3;49;1
"46931";"202100046931";3;"07:05";"1";"27";"2";"6";"1";6;49;1
"46932";"202100046932";3;"11:30";"1";"25";"2";"1";"1";2;46;6
"46933";"202100046933";3;"17:50";"1";"17";"1";"1";"1";7;46;-1
"46934";"202100046934";3;"13:30";"1";"17";"2";"3";"7";3;46;-1
"46935";"202100046935";3;"18:05";"1";"14";"2";"4";"1";6;49;0
"46936";"202100046936";3;"18:10";"1";"13";"2";"1";"1";3;43;5
"46937";"202100046937";3;"13:25";"1";"13";"2";"3";"1";5;43;5
"46938";"202100046938";3;"17:30";"2";"13";"2";"1";"1";1;43;5
"46939";"202100046939";3;"17:45";"1";"13";"2";"3";"1";3;43;4
"46940";"202100046940";3;"06:30";"2";"13";"1";"3";"1";3;43;5
"46941";"202100046941";3;"18:35";"2";"11";"2";"1";"1";3;43;3
"46942";"202100046942";3;"14:55";"1";"06";"2";"1";"1";3;43;7
"46943";"202100046943";3;"14:40";"1";"05";"2";"3";"1";3;44;6
"46944";"202100046944";3;"13:45";"1";"05";"2";"3";"1";3;44;6
"46945";"202100046945";3;"13:45";"1";"02";"2";"1";"1";6;49;3
"46946";"202100046946";3;"16:07";"1";"75";"2";"2";"1";6;48;2
"46947";"202100046947";3;"20:05";"5";"75";"2";"3";"1";6;48;2
"46948";"202100046948";3;"11:30";"1";"75";"2";"3";"1";3;48;2
"46949";"202100046949";3;"08:00";"1";"75";"2";"2";"8";7;48;2
"46950";"202100046950";3;"13:10";"1";"75";"2";"1";"1";3;48;2
"46951";"202100046951";3;"16:10";"1";"75";"2";"7";"1";2;48;2
"46952";"202100046952";3;"10:50";"1";"75";"2";"4";"1";6;48;2
"46953";"202100046953";3;"09:35";"1";"75";"2";"2";"1";3;48;2
"46954";"202100046954";3;"17:30";"1";"75";"2";"3";"1";3;48;2
"46955";"202100046955";3;"18:15";"2";"75";"2";"4";"1";2;48;2
"46956";"202100046956";3;"17:45";"1";"75";"2";"3";"1";3;48;2
"46957";"202100046957";3;"17:25";"1";"94";"2";"9";"1";3;48;2
"46958";"202100046958";3;"11:25";"1";"94";"2";"1";"1";6;48;2
"46959";"202100046959";3;"08:00";"1";"94";"2";"1";"1";6;48;2
"46960";"202100046960";3;"07:02";"2";"94";"2";"1";"1";6;48;2
"46961";"202100046961";3;"14:20";"1";"94";"2";"1";"1";2;48;2
"46962";"202100046962";3;"21:45";"5";"94";"2";"2";"1";3;48;2
"46963";"202100046963";3;"15:05";"1";"93";"2";"1";"1";6;48;2
"46964";"202100046964";3;"16:45";"1";"93";"2";"1";"1";6;48;2
"46965";"202100046965";3;"12:40";"1";"93";"2";"1";"1";3;48;2
"46966";"202100046966";3;"18:15";"1";"92";"2";"1";"1";6;48;2
"46967";"202100046967";3;"09:00";"1";"92";"2";"1";"1";3;48;2
"46968";"202100046968";3;"09:10";"1";"92";"2";"2";"1";3;48;2
"46969";"202100046969";2;"17:00";"2";"92";"2";"1";"1";6;48;2
"46970";"202100046970";3;"16:20";"1";"33";"2";"1";"1";6;44;0
"46971";"202100046971";3;"16:00";"1";"46";"1";"1";"1";3;44;1
"46972";"202100046972";3;"18:50";"2";"01";"2";"1";"1";5;45;4
"46973";"202100046973";3;"09:30";"1";"83";"2";"9";"1";3;43;6
"46974";"202100046974";3;"07:50";"1";"974";"2";"3";"1";1;-21;55
"46975";"202100046975";3;"10:45";"1";"23";"2";"1";"1";6;46;1
"46976";"202100046976";3;"10:15";"1";"79";"1";"2";"1";7;46;0
"46977";"202100046977";3;"07:40";"1";"2B";"1";"1";"1";7;41;9
"46978";"202100046978";3;"18:30";"1";"80";"2";"1";"1";7;50;2
"46979";"202100046979";3;"14:40";"1";"81";"1";"1";"1";7;43;1
"46980";"202100046980";3;"20:25";"3";"49";"1";"1";"1";6;47;0
"46981";"202100046981";3;"17:19";"1";"41";"1";"2";"1";5;47;1
"46982";"202100046982";3;"12:00";"1";"86";"1";"1";"7";1;46;0
"46983";"202100046983";3;"14:45";"1";"39";"1";"1";"1";6;46;5
"46984";"202100046984";3;"12:05";"1";"29";"2";"1";"1";2;48;-4
"46985";"202100046985";3;"16:35";"1";"31";"1";"1";"1";1;43;1
"46986";"202100046986";3;"12:10";"1";"03";"2";"3";"1";3;46;3
"46987";"202100046987";3;"10:00";"1";"50";"2";"1";"1";6;48;-1
"46988";"202100046988";3;"13:20";"1";"28";"1";"1";"1";6;48;1
"46989";"202100046989";3;"14:10";"1";"28";"2";"3";"1";3;48;1
"46990";"202100046990";3;"18:20";"1";"17";"2";"1";"1";1;45;0
"46991";"202100046991";3;"21:30";"4";"37";"1";"6";"2";6;47;0
"46992";"202100046992";3;"08:55";"1";"38";"2";"1";"1";6;45;5
"46993";"202100046993";3;"07:45";"1";"01";"1";"1";"1";2;45;5
"46994";"202100046994";3;"12:45";"1";"74";"2";"3";"1";3;45;6
"46995";"202100046995";3;"08:10";"1";"51";"2";"1";"1";4;49;4
"46996";"202100046996";3;"08:05";"1";"58";"2";"1";"1";2;46;3
"46997";"202100046997";3;"17:50";"1";"76";"1";"1";"1";7;49;1
"46998";"202100046998";3;"07:55";"1";"78";"2";"1";"1";2;48;1
"46999";"202100046999";3;"17:30";"1";"31";"2";"1";"7";6;43;1
"47000";"202100047000";3;"00:59";"3";"76";"1";"1";"1";7;49;1
"47001";"202100047001";3;"07:35";"1";"33";"1";"1";"1";4;44;0
"47002";"202100047002";3;"07:00";"1";"33";"1";"1";"1";3;44;0
"47003";"202100047003";3;"17:20";"1";"91";"1";"1";"1";4;48;2
"47004";"202100047004";3;"20:40";"3";"95";"1";"1";"1";2;49;2
"47005";"202100047005";3;"20:50";"3";"93";"1";"1";"1";2;48;2
"47006";"202100047006";3;"16:00";"1";"93";"1";"1";"1";7;48;2
"47007";"202100047007";3;"17:00";"1";"93";"1";"1";"1";2;48;2
"47008";"202100047008";3;"15:30";"1";"95";"1";"1";"1";7;49;2
"47009";"202100047009";3;"14:20";"1";"93";"1";"1";"1";3;48;2
"47010";"202100047010";3;"08:30";"1";"93";"1";"1";"1";2;48;2
"47011";"202100047011";3;"02:30";"3";"95";"1";"1";"1";6;48;2
"47012";"202100047012";3;"09:00";"1";"94";"1";"1";"1";4;48;2
"47013";"202100047013";3;"08:40";"1";"77";"1";"1";"1";6;48;2
"47014";"202100047014";3;"18:45";"1";"988";"2";"4";"1";2;-22;166
"47015";"202100047015";3;"07:55";"1";"988";"2";"3";"1";3;-22;166
"47016";"202100047016";3;"16:15";"1";"974";"1";"9";"1";3;-21;55
"47017";"202100047017";3;"12:30";"1";"69";"2";"1";"1";3;45;4
"47018";"202100047018";3;"09:20";"1";"69";"2";"2";"1";3;45;4
"47019";"202100047019";3;"15:45";"1";"972";"1";"1";"1";1;14;-60
"47020";"202100047020";3;"06:20";"1";"972";"1";"1";"1";2;14;-61
"47021";"202100047021";3;"15:00";"1";"971";"1";"1";"1";2;16;-61
"47022";"202100047022";3;"21:25";"5";"95";"2";"1";"1";2;48;2
"47023";"202100047023";3;"13:20";"1";"91";"2";"2";"1";3;48;2
"47024";"202100047024";3;"10:15";"1";"91";"2";"3";"1";3;48;2
"47025";"202100047025";3;"18:20";"1";"91";"2";"1";"1";6;48;2
"47026";"202100047026";3;"14:30";"1";"88";"2";"2";"1";3;48;6
"47027";"202100047027";3;"16:40";"1";"87";"2";"1";"1";7;45;1
"47028";"202100047028";3;"12:03";"1";"80";"2";"1";"1";6;49;2
"47029";"202100047029";3;"14:10";"1";"80";"2";"2";"1";3;49;2
"47030";"202100047030";3;"12:25";"1";"77";"1";"1";"1";1;48;2
"47031";"202100047031";3;"23:05";"5";"76";"2";"1";"1";3;49;0
"47032";"202100047032";3;"12:25";"1";"76";"2";"1";"1";3;49;1