"";"Num_Acc";"mois";"hrmn";"lum";"dep";"agg";"int";"atm";"col";"lat";"long"
"47033";"202100047033";3;"07:45";"1";"64";"2";"2";"1";3;43;0
"47034";"202100047034";3;"17:05";"1";"64";"2";"3";"1";3;43;0
"47035";"202100047035";3;"18:00";"1";"64";"2";"1";"1";6;43;0
"47036";"202100047036";3;"10:10";"1";"59";"1";"6";"1";6;50;3
"47037";"202100047037";3;"16:25";"1";"56";"1";"1";"1";7;47;-3
"47038";"202100047038";3;"05:40";"2";"45";"2";"1";"1";2;47;1
"47039";"202100047039";3;"12:09";"1";"43";"2";"1";"1";1;45;3
"47040";"202100047040";3;"16:00";"1";"42";"2";"1";"8";6;46;4
"47041";"202100047041";3;"15:30";"1";"40";"2";"3";"1";3;43;-1
"47042";"202100047042";3;"15:15";"1";"37";"2";"3";"1";3;47;0
"47043";"202100047043";3;"11:50";"1";"37";"2";"1";"1";6;47;0
"47044";"202100047044";3;"15:45";"1";"33";"2";"3";"1";2;44;0
"47045";"202100047045";3;"15:30";"1";"33";"2";"2";"1";4;44;0
"47046";"202100047046";3;"17:30";"1";"30";"2";"1";"1";6;43;4
"47047";"202100047047";3;"16:40";"1";"30";"2";"1";"1";6;44;4
"47048";"202100047048";3;"19:40";"5";"17";"2";"2";"1";3;46;-1
"47049";"202100047049";3;"08:45";"1";"15";"2";"9";"1";6;44;2
"47050";"202100047050";3;"08:25";"1";"14";"2";"1";"1";1;49;0
"47051";"202100047051";3;"11:30";"1";"09";"2";"1";"1";2;42;1
"47052";"202100047052";3;"14:45";"1";"06";"2";"1";"1";6;43;7
"47053";"202100047053";3;"10:10";"1";"06";"2";"1";"1";7;43;7
"47054";"202100047054";3;"18:08";"1";"75";"2";"3";"1";3;48;2
"47055";"202100047055";3;"14:20";"1";"75";"2";"4";"1";3;48;2
"47056";"202100047056";3;"12:20";"1";"75";"2";"4";"1";3;48;2
"47057";"202100047057";3;"19:00";"5";"75";"2";"1";"1";4;48;2
"47058";"202100047058";3;"19:45";"4";"75";"2";"2";"1";6;48;2
"47059";"202100047059";3;"14:25";"1";"75";"2";"2";"1";3;48;2
"47060";"202100047060";3;"16:45";"1";"75";"2";"2";"1";6;48;2
"47061";"202100047061";3;"16:05";"1";"94";"2";"1";"1";2;48;2
"47062";"202100047062";3;"14:30";"1";"94";"2";"2";"8";1;48;2
"47063";"202100047063";3;"13:20";"1";"93";"2";"1";"1";3;48;2
"47064";"202100047064";3;"16:40";"1";"93";"2";"2";"1";3;48;2
"47065";"202100047065";3;"13:58";"1";"92";"2";"1";"1";6;48;2
"47066";"202100047066";3;"14:10";"1";"92";"2";"1";"1";7;48;2
"47067";"202100047067";3;"19:15";"1";"92";"2";"1";"1";5;48;2
"47068";"202100047068";3;"15:15";"1";"92";"2";"1";"8";3;48;2
"47069";"202100047069";3;"06:30";"2";"44";"1";"1";"1";1;47;-1
"47070";"202100047070";3;"13:00";"1";"49";"1";"1";"1";6;47;0
"47071";"202100047071";3;"17:15";"1";"86";"1";"2";"1";3;46;0
"47072";"202100047072";3;"13:30";"1";"06";"1";"1";"1";6;43;7
"47073";"202100047073";3;"07:50";"1";"31";"1";"3";"1";3;43;1
"47074";"202100047074";3;"12:10";"1";"10";"2";"6";"1";3;48;4
"47075";"202100047075";3;"07:45";"2";"28";"1";"1";"7";2;48;1
"47076";"202100047076";3;"16:53";"1";"28";"2";"7";"1";6;48;1
"47077";"202100047077";3;"17:40";"1";"972";"2";"1";"1";6;14;-60
"47078";"202100047078";3;"17:15";"1";"84";"2";"1";"6";1;44;4
"47079";"202100047079";3;"12:55";"1";"26";"1";"1";"1";3;44;4
"47080";"202100047080";3;"09:10";"1";"83";"1";"1";"1";1;43;6
"47081";"202100047081";3;"16:55";"1";"62";"2";"1";"7";2;50;1
"47082";"202100047082";3;"12:45";"1";"30";"1";"6";"6";3;43;4
"47083";"202100047083";3;"15:45";"1";"33";"1";"2";"1";3;45;-1
"47084";"202100047084";3;"16:45";"1";"32";"2";"1";"1";6;43;0
"47085";"202100047085";3;"16:55";"1";"63";"2";"3";"1";1;45;2
"47086";"202100047086";3;"15:45";"1";"46";"2";"1";"1";6;44;1
"47087";"202100047087";3;"15:30";"1";"38";"2";"1";"1";7;45;5
"47088";"202100047088";3;"17:40";"1";"03";"1";"1";"1";4;46;3
"47089";"202100047089";3;"18:00";"1";"01";"1";"2";"7";3;46;4
"47090";"202100047090";3;"14:50";"1";"64";"2";"1";"1";6;43;0
"47091";"202100047091";3;"19:50";"3";"24";"2";"9";"1";1;45;1
"47092";"202100047092";3;"18:30";"1";"85";"1";"1";"1";7;46;-1
"47093";"202100047093";3;"12:07";"1";"30";"1";"3";"1";3;43;4
"47094";"202100047094";3;"15:00";"1";"62";"2";"1";"8";6;50;2
"47095";"202100047095";3;"07:25";"1";"974";"2";"1";"1";7;-21;55
"47096";"202100047096";3;"08:00";"1";"973";"2";"1";"2";1;5;-52
"47097";"202100047097";3;"17:25";"1";"77";"2";"3";"1";3;49;2
"47098";"202100047098";3;"16:30";"1";"2B";"1";"1";"1";1;42;9
"47099";"202100047099";3;"16:45";"1";"34";"2";"7";"1";6;43;3
"47100";"202100047100";3;"13:05";"1";"83";"1";"1";"1";1;43;5
"47101";"202100047101";3;"11:30";"1";"06";"2";"1";"1";1;43;7
"47102";"202100047102";3;"11:00";"1";"68";"1";"3";"1";3;47;7
"47103";"202100047103";3;"08:35";"1";"69";"2";"3";"1";7;45;4
"47104";"202100047104";3;"18:06";"1";"60";"1";"1";"1";2;49;2
"47105";"202100047105";3;"21:40";"5";"69";"1";"9";"1";3;45;4
"47106";"202100047106";3;"14:30";"1";"62";"1";"1";"1";4;50;2
"47107";"202100047107";3;"03:00";"3";"59";"1";"1";"1";6;50;3
"47108";"202100047108";3;"15:55";"1";"91";"1";"1";"1";2;48;2
"47109";"202100047109";3;"21:20";"5";"93";"1";"1";"1";7;48;2
"47110";"202100047110";3;"17:15";"1";"95";"1";"1";"1";6;49;2
"47111";"202100047111";3;"14:10";"1";"95";"1";"1";"1";2;48;2
"47112";"202100047112";3;"10:35";"1";"93";"1";"1";"9";2;48;2
"47113";"202100047113";3;"08:05";"1";"93";"1";"1";"1";3;48;2
"47114";"202100047114";3;"08:35";"1";"95";"1";"1";"1";4;49;2
"47115";"202100047115";3;"09:15";"1";"75";"1";"1";"1";2;48;2
"47116";"202100047116";3;"17:30";"1";"69";"2";"2";"1";3;45;4
"47117";"202100047117";3;"10:08";"1";"69";"2";"1";"1";6;45;4
"47118";"202100047118";3;"20:20";"5";"91";"2";"1";"1";6;48;2
"47119";"202100047119";3;"09:55";"1";"77";"1";"6";"1";2;48;2
"47120";"202100047120";3;"07:45";"1";"73";"2";"6";"1";3;45;6
"47121";"202100047121";3;"21:05";"5";"69";"2";"2";"1";3;45;5
"47122";"202100047122";3;"15:10";"1";"59";"1";"9";"1";3;50;3
"47123";"202100047123";3;"18:35";"1";"44";"2";"1";"1";3;47;-1
"47124";"202100047124";3;"10:10";"1";"44";"2";"3";"1";6;47;-2
"47125";"202100047125";3;"18:35";"1";"35";"2";"1";"1";3;48;-1
"47126";"202100047126";3;"02:20";"5";"35";"2";"1";"1";2;48;-1
"47127";"202100047127";3;"13:30";"1";"35";"2";"1";"1";1;48;-1
"47128";"202100047128";3;"04:00";"5";"29";"2";"1";"1";6;48;-4
"47129";"202100047129";3;"17:30";"1";"29";"2";"2";"1";3;48;-4
"47130";"202100047130";3;"14:43";"1";"25";"2";"3";"1";3;47;5
"47131";"202100047131";3;"17:00";"1";"13";"2";"1";"1";1;43;5
"47132";"202100047132";3;"13:40";"1";"13";"2";"1";"1";3;43;5
"47133";"202100047133";3;"10:50";"1";"11";"2";"1";"1";6;43;2
"47134";"202100047134";3;"10:35";"1";"07";"2";"9";"1";3;44;4
"47135";"202100047135";3;"17:00";"1";"06";"2";"6";"1";3;43;7
"47136";"202100047136";3;"15:52";"1";"75";"2";"7";"1";6;48;2
"47137";"202100047137";3;"16:10";"1";"75";"2";"2";"1";3;48;2
"47138";"202100047138";3;"16:30";"1";"75";"2";"1";"1";3;48;2
"47139";"202100047139";3;"19:10";"5";"75";"2";"2";"1";3;48;2
"47140";"202100047140";3;"11:30";"1";"75";"2";"1";"1";2;48;2
"47141";"202100047141";3;"19:50";"5";"75";"2";"1";"1";7;48;2
"47142";"202100047142";3;"14:50";"1";"75";"2";"1";"8";3;48;2
"47143";"202100047143";3;"18:10";"1";"75";"2";"1";"1";3;48;2
"47144";"202100047144";3;"12:24";"1";"94";"2";"3";"1";3;48;2
"47145";"202100047145";3;"20:45";"5";"93";"2";"1";"1";6;48;2
"47146";"202100047146";3;"20:00";"5";"92";"2";"1";"1";2;48;2
"47147";"202100047147";3;"11:20";"1";"92";"2";"3";"1";7;48;2
"47148";"202100047148";3;"15:20";"1";"83";"1";"1";"1";3;43;6
"47149";"202100047149";3;"07:00";"1";"80";"1";"9";"1";6;50;1
"47150";"202100047150";3;"18:20";"1";"11";"1";"1";"4";6;43;2
"47151";"202100047151";3;"16:20";"1";"91";"2";"1";"1";3;48;2
"47152";"202100047152";3;"17:10";"1";"72";"1";"1";"1";1;47;0
"47153";"202100047153";3;"14:30";"1";"56";"1";"1";"1";7;47;-3
"47154";"202100047154";3;"18:00";"1";"56";"2";"1";"1";6;47;-2
"47155";"202100047155";3;"12:40";"1";"74";"1";"1";"1";5;46;6
"47156";"202100047156";3;"06:55";"1";"76";"1";"2";"1";3;49;0
"47157";"202100047157";3;"19:00";"1";"32";"1";"1";"1";1;43;0
"47158";"202100047158";3;"10:00";"1";"11";"2";"8";"6";3;43;2
"47159";"202100047159";3;"13:05";"1";"71";"1";"1";"6";3;46;4
"47160";"202100047160";3;"13:50";"1";"34";"1";"1";"1";6;43;3
"47161";"202100047161";3;"17:18";"1";"44";"1";"1";"1";6;47;-1
"47162";"202100047162";3;"19:38";"3";"31";"1";"1";"1";6;43;1
"47163";"202100047163";3;"09:25";"1";"06";"2";"9";"1";6;43;6
"47164";"202100047164";3;"01:20";"5";"64";"2";"4";"1";7;43;0
"47165";"202100047165";3;"18:00";"2";"73";"2";"1";"1";1;45;6
"47166";"202100047166";3;"15:00";"1";"07";"1";"1";"1";3;44;4
"47167";"202100047167";3;"15:30";"1";"40";"2";"1";"1";6;43;-1
"47168";"202100047168";3;"15:30";"1";"24";"1";"1";"7";3;44;1
"47169";"202100047169";3;"18:50";"2";"85";"2";"3";"1";3;46;0
"47170";"202100047170";3;"14:50";"1";"52";"1";"1";"1";6;48;5
"47171";"202100047171";3;"19:10";"5";"978";"2";"1";"1";3;18;-63
"47172";"202100047172";3;"10:00";"1";"13";"2";"3";"1";1;43;5
"47173";"202100047173";3;"17:05";"1";"77";"2";"4";"1";1;48;3
"47174";"202100047174";3;"16:35";"1";"17";"2";"1";"1";1;45;0
"47175";"202100047175";3;"08:45";"1";"21";"1";"1";"1";2;46;4
"47176";"202100047176";3;"04:00";"3";"988";"1";"1";"1";1;-21;164
"47177";"202100047177";3;"18:30";"3";"971";"1";"1";"1";2;16;-61
"47178";"202100047178";3;"20:00";"3";"972";"1";"1";"1";5;14;-60
"47179";"202100047179";3;"21:40";"5";"34";"2";"6";"1";6;43;3
"47180";"202100047180";3;"15:40";"1";"13";"1";"3";"7";3;43;5
"47181";"202100047181";3;"15:45";"1";"10";"1";"1";"1";7;48;4
"47182";"202100047182";3;"17:30";"1";"69";"2";"3";"1";5;45;4
"47183";"202100047183";3;"16:30";"1";"69";"1";"1";"1";6;45;4
"47184";"202100047184";3;"19:00";"1";"17";"1";"1";"1";7;45;0
"47185";"202100047185";3;"14:00";"1";"40";"2";"1";"1";6;43;-1
"47186";"202100047186";3;"12:50";"1";"33";"2";"1";"1";6;44;0
"47187";"202100047187";3;"16:30";"1";"33";"2";"2";"1";6;44;0
"47188";"202100047188";3;"09:03";"1";"13";"1";"1";"2";3;43;5
"47189";"202100047189";3;"02:50";"3";"13";"1";"1";"1";2;43;5
"47190";"202100047190";3;"18:00";"1";"69";"1";"1";"1";3;45;4
"47191";"202100047191";3;"11:05";"1";"33";"1";"1";"1";3;44;0
"47192";"202100047192";3;"15:55";"1";"91";"1";"1";"1";6;48;2
"47193";"202100047193";3;"04:16";"3";"94";"1";"1";"1";6;48;2
"47194";"202100047194";3;"05:10";"3";"94";"1";"1";"1";2;48;2
"47195";"202100047195";3;"09:15";"1";"78";"1";"1";"1";6;48;1
"47196";"202100047196";3;"15:30";"1";"75";"1";"1";"1";2;48;2
"47197";"202100047197";3;"08:00";"1";"77";"1";"1";"1";3;48;2
"47198";"202100047198";3;"17:45";"1";"974";"1";"1";"8";6;-21;55
"47199";"202100047199";3;"14:10";"1";"974";"2";"3";"1";3;-20;55
"47200";"202100047200";3;"12:45";"1";"973";"2";"1";"1";3;4;-52
"47201";"202100047201";3;"23:30";"5";"69";"1";"1";"1";1;45;4
"47202";"202100047202";3;"21:50";"5";"69";"2";"2";"1";3;45;4
"47203";"202100047203";3;"12:20";"1";"69";"2";"2";"1";3;45;4
"47204";"202100047204";3;"09:00";"1";"69";"2";"9";"1";3;45;4
"47205";"202100047205";3;"09:00";"1";"69";"2";"1";"1";6;45;4
"47206";"202100047206";3;"12:15";"1";"2B";"1";"1";"1";4;42;9
"47207";"202100047207";2;"08:40";"1";"971";"2";"3";"1";6;16;-61
"47208";"202100047208";3;"15:03";"1";"95";"2";"1";"1";3;48;2
"47209";"202100047209";3;"17:45";"1";"91";"2";"1";"1";2;48;2
"47210";"202100047210";3;"18:00";"1";"91";"2";"9";"1";3;48;2
"47211";"202100047211";3;"18:00";"1";"86";"2";"1";"1";3;46;0
"47212";"202100047212";3;"15:15";"1";"69";"2";"3";"1";3;45;4
"47213";"202100047213";3;"08:55";"1";"69";"2";"1";"1";1;45;4
"47214";"202100047214";3;"14:40";"1";"64";"2";"1";"1";2;43;-1
"47215";"202100047215";3;"22:05";"5";"63";"2";"2";"1";3;45;3
"47216";"202100047216";3;"16:25";"1";"61";"2";"3";"1";5;48;0
"47217";"202100047217";3;"14:00";"1";"59";"2";"9";"2";6;50;3
"47218";"202100047218";3;"19:00";"1";"50";"2";"1";"1";3;49;-1
"47219";"202100047219";3;"18:15";"2";"49";"2";"1";"1";6;47;0
"47220";"202100047220";3;"15:25";"1";"45";"2";"9";"1";3;48;2
"47221";"202100047221";3;"12:50";"1";"42";"2";"1";"1";3;45;4
"47222";"202100047222";3;"11:15";"1";"37";"2";"6";"1";6;47;0
"47223";"202100047223";3;"19:15";"5";"35";"2";"1";"1";6;48;-1
"47224";"202100047224";3;"17:50";"1";"33";"2";"2";"1";3;44;0
"47225";"202100047225";3;"12:55";"1";"33";"1";"1";"1";5;44;0
"47226";"202100047226";3;"17:00";"1";"33";"2";"1";"1";5;44;-1
"47227";"202100047227";3;"15:35";"1";"29";"2";"2";"1";3;48;-4
"47228";"202100047228";3;"19:06";"1";"29";"2";"5";"1";3;48;-4
"47229";"202100047229";3;"00:15";"3";"17";"2";"1";"1";7;46;-1
"47230";"202100047230";3;"15:30";"1";"14";"2";"1";"1";6;49;0
"47231";"202100047231";3;"18:00";"1";"13";"2";"1";"1";2;43;5
"47232";"202100047232";3;"17:40";"1";"13";"2";"2";"1";3;43;5
"47233";"202100047233";3;"16:25";"1";"13";"2";"3";"1";6;43;5
"47234";"202100047234";3;"11:15";"1";"13";"2";"3";"1";3;43;5
"47235";"202100047235";3;"10:45";"1";"13";"2";"1";"1";2;43;5
"47236";"202100047236";3;"09:40";"1";"13";"2";"1";"2";1;43;5
"47237";"202100047237";3;"22:20";"5";"13";"2";"1";"1";4;43;5
"47238";"202100047238";3;"11:20";"1";"13";"2";"4";"1";3;43;5
"47239";"202100047239";3;"10:30";"1";"10";"2";"2";"1";3;48;4
"47240";"202100047240";3;"08:50";"1";"06";"2";"1";"1";5;43;7
"47241";"202100047241";3;"19:20";"3";"06";"1";"6";"1";6;43;7
"47242";"202100047242";3;"12:15";"1";"01";"2";"2";"1";3;46;5
"47243";"202100047243";3;"09:15";"1";"75";"2";"2";"1";6;48;2
"47244";"202100047244";3;"17:40";"1";"75";"2";"2";"1";6;48;2
"47245";"202100047245";3;"17:15";"1";"75";"2";"2";"1";3;48;2
"47246";"202100047246";3;"17:30";"1";"75";"2";"1";"1";6;48;2
"47247";"202100047247";3;"16:55";"1";"75";"2";"2";"1";2;48;2
"47248";"202100047248";3;"22:50";"5";"75";"2";"7";"1";6;48;2
"47249";"202100047249";3;"15:00";"1";"75";"2";"3";"1";1;48;2
"47250";"202100047250";3;"15:00";"1";"75";"2";"3";"1";3;48;2
"47251";"202100047251";3;"17:58";"1";"75";"2";"2";"1";3;48;2
"47252";"202100047252";3;"12:25";"1";"75";"2";"3";"1";2;48;2
"47253";"202100047253";3;"12:20";"1";"75";"2";"3";"1";3;48;2
"47254";"202100047254";3;"13:00";"1";"75";"2";"1";"1";6;48;2
"47255";"202100047255";3;"14:20";"1";"94";"2";"3";"1";2;48;2
"47256";"202100047256";3;"16:20";"1";"94";"2";"1";"1";2;48;2
"47257";"202100047257";3;"19:15";"5";"94";"2";"1";"1";6;48;2
"47258";"202100047258";3;"11:00";"1";"94";"2";"2";"1";2;48;2
"47259";"202100047259";3;"16:29";"1";"93";"2";"1";"1";6;48;2
"47260";"202100047260";3;"15:30";"1";"93";"2";"1";"1";3;48;2
"47261";"202100047261";3;"14:00";"1";"93";"2";"1";"1";2;48;2
"47262";"202100047262";3;"16:40";"1";"93";"2";"2";"1";3;48;2
"47263";"202100047263";3;"13:20";"1";"93";"2";"2";"1";3;48;2
"47264";"202100047264";3;"18:30";"1";"92";"2";"6";"1";3;48;2
"47265";"202100047265";3;"17:40";"1";"92";"2";"3";"1";6;48;2
"47266";"202100047266";3;"15:05";"1";"92";"2";"1";"1";6;48;2
"47267";"202100047267";3;"18:50";"2";"92";"2";"2";"1";3;48;2
"47268";"202100047268";3;"11:15";"1";"92";"2";"2";"1";2;48;2
"47269";"202100047269";3;"11:30";"1";"92";"2";"2";"1";3;48;2
"47270";"202100047270";3;"08:40";"1";"92";"2";"1";"1";3;48;2
"47271";"202100047271";3;"17:05";"1";"62";"2";"2";"7";1;50;2
"47272";"202100047272";3;"17:00";"1";"52";"1";"1";"1";7;47;5
"47273";"202100047273";3;"18:15";"1";"22";"1";"3";"7";2;48;-2
"47274";"202100047274";3;"05:20";"3";"33";"1";"1";"1";6;45;0
"47275";"202100047275";3;"19:00";"1";"17";"1";"1";"8";3;45;0
"47276";"202100047276";3;"16:00";"1";"49";"1";"3";"1";3;47;0
"47277";"202100047277";3;"16:30";"1";"974";"2";"3";"1";1;-21;55
"47278";"202100047278";3;"18:10";"1";"974";"2";"1";"1";2;-21;55
"47279";"202100047279";3;"07:59";"1";"42";"1";"1";"1";1;46;3
"47280";"202100047280";3;"17:35";"1";"41";"2";"1";"1";3;47;0
"47281";"202100047281";3;"12:46";"1";"56";"1";"1";"1";7;48;-2
"47282";"202100047282";3;"10:15";"1";"74";"2";"1";"1";6;45;6
"47283";"202100047283";3;"23:15";"5";"67";"2";"1";"1";6;48;7
"47284";"202100047284";3;"15:55";"1";"79";"2";"1";"1";6;46;0
"47285";"202100047285";3;"16:00";"1";"32";"1";"1";"1";7;43;0
"47286";"202100047286";3;"16:20";"1";"47";"2";"1";"1";2;44;0
"47287";"202100047287";3;"19:05";"2";"22";"1";"1";"1";1;48;-2
"47288";"202100047288";3;"22:30";"3";"22";"2";"1";"1";1;48;-2
"47289";"202100047289";3;"17:00";"1";"25";"1";"1";"1";1;47;6
"47290";"202100047290";3;"12:10";"1";"02";"2";"3";"1";3;49;3
"47291";"202100047291";3;"16:00";"1";"03";"1";"1";"1";7;46;3
"47292";"202100047292";3;"01:30";"3";"06";"1";"1";"1";5;44;6
"47293";"202100047293";3;"11:20";"1";"05";"1";"1";"1";7;44;6
"47294";"202100047294";3;"11:25";"1";"85";"1";"2";"1";3;46;-1
"47295";"202100047295";3;"20:00";"3";"27";"1";"1";"1";6;49;0
"47296";"202100047296";3;"16:30";"1";"17";"1";"1";"1";7;46;0
"47297";"202100047297";3;"11:00";"1";"17";"2";"3";"1";3;45;-1
"47298";"202100047298";3;"10:20";"1";"37";"1";"3";"1";3;47;0
"47299";"202100047299";3;"07:30";"1";"988";"2";"1";"1";7;-20;166
"47300";"202100047300";3;"21:00";"3";"973";"1";"1";"1";6;5;-53
"47301";"202100047301";3;"00:55";"5";"978";"2";"9";"1";3;18;-63
"47302";"202100047302";3;"16:15";"1";"89";"2";"3";"1";7;47;3
"47303";"202100047303";3;"14:05";"1";"71";"1";"1";"1";2;46;4
"47304";"202100047304";3;"08:40";"1";"67";"2";"2";"1";3;48;7
"47305";"202100047305";3;"00:25";"5";"74";"2";"6";"1";6;46;6
"47306";"202100047306";3;"18:15";"1";"26";"2";"1";"7";6;44;5
"47307";"202100047307";3;"13:45";"1";"64";"1";"1";"1";6;43;-1
"47308";"202100047308";3;"23:20";"5";"33";"2";"1";"1";6;44;0
"47309";"202100047309";3;"16:40";"1";"50";"1";"3";"7";3;49;-1
"47310";"202100047310";3;"17:15";"1";"59";"2";"6";"1";7;50;3
"47311";"202100047311";3;"18:40";"2";"13";"1";"1";"1";3;43;5
"47312";"202100047312";3;"11:05";"1";"13";"1";"1";"2";2;43;5
"47313";"202100047313";3;"07:00";"1";"13";"1";"1";"1";6;43;5
"47314";"202100047314";3;"11:45";"1";"83";"1";"1";"2";4;43;5
"47315";"202100047315";3;"07:00";"2";"94";"1";"1";"1";2;48;2
"47316";"202100047316";3;"20:35";"5";"78";"1";"1";"1";2;48;2
"47317";"202100047317";3;"21:40";"3";"95";"1";"1";"1";2;48;2
"47318";"202100047318";3;"21:00";"4";"93";"1";"1";"1";3;48;2
"47319";"202100047319";3;"00:01";"4";"93";"1";"1";"1";2;48;2
"47320";"202100047320";3;"16:00";"1";"77";"1";"1";"1";7;48;2
"47321";"202100047321";1;"08:00";"5";"62";"2";"2";"3";3;50;2
"47322";"202100047322";3;"12:10";"1";"976";"2";"1";"1";7;-12;45
"47323";"202100047323";3;"08:10";"1";"974";"2";"1";"1";6;-20;55
"47324";"202100047324";3;"13:40";"1";"69";"2";"1";"1";2;45;4
"47325";"202100047325";3;"11:30";"1";"69";"2";"1";"1";3;45;4
"47326";"202100047326";3;"17:20";"1";"972";"2";"1";"1";6;14;-61
"47327";"202100047327";3;"06:50";"1";"2A";"1";"1";"1";7;41;8
"47328";"202100047328";3;"13:35";"1";"80";"2";"1";"2";6;49;2
"47329";"202100047329";3;"18:45";"5";"76";"2";"2";"1";3;49;1
"47330";"202100047330";3;"08:30";"1";"76";"2";"2";"1";3;49;1
"47331";"202100047331";3;"11:30";"1";"73";"1";"1";"1";2;45;5
"47332";"202100047332";3;"10:35";"1";"73";"2";"1";"7";6;45;6
"47333";"202100047333";3;"17:15";"1";"72";"2";"1";"1";2;47;0
"47334";"202100047334";3;"09:45";"1";"71";"1";"1";"1";5;46;4
"47335";"202100047335";3;"13:30";"1";"66";"2";"1";"1";6;42;2
"47336";"202100047336";3;"14:20";"1";"64";"2";"1";"1";2;43;0
"47337";"202100047337";3;"13:35";"1";"64";"2";"3";"1";2;43;-1
"47338";"202100047338";3;"14:20";"1";"64";"2";"2";"1";3;43;-1
"47339";"202100047339";3;"07:45";"1";"63";"2";"1";"1";6;45;3
"47340";"202100047340";3;"17:00";"1";"59";"2";"1";"1";6;50;3
"47341";"202100047341";3;"07:50";"2";"56";"2";"4";"1";6;47;-3
"47342";"202100047342";3;"12:10";"1";"54";"2";"3";"1";3;48;6
"47343";"202100047343";3;"08:25";"1";"54";"2";"1";"1";3;48;6
"47344";"202100047344";3;"19:30";"5";"54";"2";"1";"1";6;48;6
"47345";"202100047345";3;"14:35";"1";"51";"2";"1";"1";7;49;4
"47346";"202100047346";3;"17:25";"1";"49";"2";"1";"1";7;47;0
"47347";"202100047347";3;"16:45";"1";"49";"2";"1";"1";6;47;0
"47348";"202100047348";3;"06:35";"5";"49";"2";"1";"1";2;47;0
"47349";"202100047349";3;"18:26";"2";"49";"2";"1";"1";6;47;0
"47350";"202100047350";3;"12:10";"1";"49";"2";"1";"1";6;47;0
"47351";"202100047351";3;"13:05";"1";"45";"2";"1";"1";2;47;1
"47352";"202100047352";3;"11:25";"1";"37";"2";"1";"1";7;47;0
"47353";"202100047353";3;"15:20";"1";"37";"2";"1";"1";7;47;0
"47354";"202100047354";3;"15:28";"1";"35";"1";"1";"1";2;48;-1
"47355";"202100047355";3;"18:00";"1";"33";"2";"2";"1";3;44;0
"47356";"202100047356";3;"18:00";"1";"33";"2";"3";"1";3;44;0
"47357";"202100047357";3;"15:15";"1";"33";"2";"1";"1";3;44;0
"47358";"202100047358";3;"09:15";"1";"33";"2";"6";"2";6;44;0
"47359";"202100047359";3;"07:02";"2";"33";"2";"6";"2";6;44;0
"47360";"202100047360";3;"08:00";"1";"33";"2";"3";"1";3;44;0
"47361";"202100047361";3;"09:50";"1";"31";"2";"1";"2";6;43;1
"47362";"202100047362";3;"07:15";"1";"31";"2";"1";"1";3;43;1
"47363";"202100047363";3;"13:45";"1";"29";"1";"4";"1";3;47;-3
"47364";"202100047364";3;"16:13";"1";"27";"2";"1";"1";3;49;1
"47365";"202100047365";3;"09:15";"1";"26";"2";"6";"1";2;44;4
"47366";"202100047366";3;"17:45";"1";"26";"2";"9";"1";6;44;4
"47367";"202100047367";3;"14:30";"1";"25";"2";"1";"2";6;47;6
"47368";"202100047368";3;"09:00";"1";"17";"2";"3";"1";3;45;-1
"47369";"202100047369";3;"14:55";"1";"14";"2";"1";"1";1;49;0
"47370";"202100047370";3;"18:30";"2";"13";"2";"1";"1";2;43;5
"47371";"202100047371";3;"15:45";"1";"13";"2";"1";"2";2;43;5
"47372";"202100047372";3;"09:30";"1";"13";"2";"1";"2";1;43;5
"47373";"202100047373";3;"08:50";"1";"13";"2";"1";"2";3;43;5
"47374";"202100047374";3;"08:45";"1";"13";"2";"1";"2";3;43;5
"47375";"202100047375";3;"19:45";"5";"13";"2";"3";"1";3;43;5
"47376";"202100047376";3;"19:40";"5";"13";"2";"9";"1";3;43;5
"47377";"202100047377";3;"17:10";"1";"13";"2";"1";"1";3;43;5
"47378";"202100047378";3;"09:30";"1";"11";"2";"9";"2";6;43;2
"47379";"202100047379";3;"15:34";"1";"10";"2";"1";"1";4;48;4
"47380";"202100047380";3;"17:55";"1";"10";"2";"3";"1";3;48;4
"47381";"202100047381";3;"14:00";"1";"06";"2";"1";"1";2;43;7
"47382";"202100047382";3;"22:30";"5";"75";"2";"1";"2";2;48;2
"47383";"202100047383";3;"07:30";"1";"75";"2";"1";"1";5;48;2
"47384";"202100047384";3;"22:30";"5";"75";"2";"1";"1";2;48;2
"47385";"202100047385";3;"16:37";"1";"75";"2";"7";"1";3;48;2
"47386";"202100047386";3;"09:00";"1";"75";"2";"2";"1";3;48;2
"47387";"202100047387";3;"17:28";"2";"75";"2";"4";"1";3;48;2
"47388";"202100047388";3;"15:45";"1";"75";"2";"3";"1";6;48;2
"47389";"202100047389";3;"20:36";"5";"75";"2";"2";"1";6;48;2
"47390";"202100047390";3;"11:45";"1";"75";"2";"3";"1";3;48;2
"47391";"202100047391";3;"09:15";"1";"75";"2";"2";"1";2;48;2
"47392";"202100047392";3;"12:57";"1";"75";"2";"2";"1";6;48;2
"47393";"202100047393";3;"16:25";"1";"75";"2";"2";"1";3;48;2
"47394";"202100047394";3;"13:15";"1";"75";"2";"1";"1";3;48;2
"47395";"202100047395";3;"11:05";"1";"75";"2";"2";"1";3;48;2
"47396";"202100047396";3;"14:10";"1";"75";"2";"3";"1";7;48;2
"47397";"202100047397";3;"12:50";"1";"94";"2";"1";"1";3;48;2