"";"Num_Acc";"mois";"hrmn";"lum";"dep";"agg";"int";"atm";"col";"lat";"long"
"47398";"202100047398";3;"17:30";"1";"94";"2";"9";"2";3;48;2
"47399";"202100047399";3;"09:45";"1";"94";"2";"1";"1";2;48;2
"47400";"202100047400";3;"08:10";"1";"94";"2";"2";"1";3;48;2
"47401";"202100047401";3;"06:45";"2";"93";"2";"1";"2";2;48;2
"47402";"202100047402";3;"22:40";"5";"93";"2";"1";"2";2;48;2
"47403";"202100047403";3;"11:13";"1";"93";"2";"1";"1";3;48;2
"47404";"202100047404";3;"12:45";"1";"93";"2";"1";"1";6;48;2
"47405";"202100047405";3;"21:40";"5";"93";"2";"1";"2";6;48;2
"47406";"202100047406";3;"13:00";"1";"93";"2";"1";"1";3;48;2
"47407";"202100047407";3;"19:00";"5";"93";"2";"9";"1";1;48;2
"47408";"202100047408";3;"14:20";"1";"92";"2";"3";"1";2;48;2
"47409";"202100047409";3;"04:20";"5";"92";"2";"1";"9";6;48;2
"47410";"202100047410";3;"11:54";"1";"92";"2";"3";"1";3;48;2
"47411";"202100047411";3;"13:05";"1";"92";"2";"3";"1";6;48;2
"47412";"202100047412";3;"15:25";"1";"92";"2";"1";"1";2;48;2
"47413";"202100047413";3;"11:45";"1";"92";"2";"3";"1";6;48;2
"47414";"202100047414";3;"14:30";"1";"92";"2";"1";"1";6;48;2
"47415";"202100047415";3;"13:45";"1";"974";"1";"1";"1";6;-20;55
"47416";"202100047416";3;"12:35";"1";"973";"2";"2";"1";3;3;-54
"47417";"202100047417";3;"15:40";"1";"49";"1";"1";"1";1;47;0
"47418";"202100047418";3;"11:46";"1";"83";"1";"1";"1";3;43;6
"47419";"202100047419";3;"12:55";"1";"26";"1";"1";"1";2;44;4
"47420";"202100047420";3;"17:17";"1";"67";"2";"2";"1";3;48;7
"47421";"202100047421";3;"15:40";"1";"62";"1";"1";"1";3;50;1
"47422";"202100047422";3;"18:00";"1";"85";"1";"2";"1";3;46;-1
"47423";"202100047423";3;"16:45";"1";"63";"1";"1";"4";7;45;2
"47424";"202100047424";3;"17:45";"1";"62";"2";"1";"1";6;50;2
"47425";"202100047425";3;"16:15";"1";"11";"1";"1";"1";3;43;2
"47426";"202100047426";3;"09:45";"1";"55";"1";"1";"1";2;49;5
"47427";"202100047427";3;"01:36";"3";"46";"1";"1";"1";6;44;1
"47428";"202100047428";3;"16:20";"1";"34";"2";"4";"1";3;43;3
"47429";"202100047429";3;"14:15";"1";"39";"1";"2";"1";3;46;5
"47430";"202100047430";3;"17:55";"1";"31";"2";"1";"1";2;42;0
"47431";"202100047431";3;"03:00";"3";"01";"1";"1";"1";7;46;4
"47432";"202100047432";3;"18:55";"2";"50";"1";"1";"1";1;49;-1
"47433";"202100047433";3;"03:35";"3";"90";"2";"1";"1";7;47;6
"47434";"202100047434";3;"13:45";"1";"85";"2";"6";"1";1;46;-1
"47435";"202100047435";3;"06:50";"2";"87";"1";"1";"9";6;45;0
"47436";"202100047436";3;"01:15";"5";"973";"2";"1";"1";7;4;-52
"47437";"202100047437";3;"12:30";"1";"74";"2";"6";"1";3;45;6
"47438";"202100047438";3;"19:10";"2";"79";"1";"1";"1";6;46;0
"47439";"202100047439";3;"14:50";"1";"72";"1";"1";"1";4;48;0
"47440";"202100047440";3;"18:05";"1";"45";"1";"1";"1";1;48;1
"47441";"202100047441";3;"16:50";"1";"13";"1";"1";"1";2;43;5
"47442";"202100047442";3;"05:30";"2";"988";"1";"1";"1";6;-21;165
"47443";"202100047443";3;"22:15";"5";"977";"2";"1";"1";3;17;-62
"47444";"202100047444";3;"11:20";"1";"44";"2";"1";"1";6;47;-1
"47445";"202100047445";3;"11:30";"1";"77";"2";"2";"1";3;48;2
"47446";"202100047446";3;"17:30";"1";"91";"1";"9";"1";3;48;2
"47447";"202100047447";3;"17:25";"1";"91";"2";"1";"1";6;48;2
"47448";"202100047448";2;"16:00";"1";"34";"2";"9";"1";2;43;4
"47449";"202100047449";3;"17:15";"1";"34";"1";"1";"1";2;43;3
"47450";"202100047450";3;"10:45";"1";"13";"2";"1";"2";1;43;5
"47451";"202100047451";2;"07:20";"1";"73";"1";"1";"4";3;45;6
"47452";"202100047452";3;"16:40";"1";"79";"1";"1";"1";7;46;0
"47453";"202100047453";3;"16:00";"1";"33";"2";"3";"1";1;44;0
"47454";"202100047454";3;"22:05";"5";"29";"2";"3";"1";6;48;-4
"47455";"202100047455";3;"12:15";"1";"59";"1";"1";"1";6;50;3
"47456";"202100047456";3;"16:45";"1";"13";"1";"1";"1";1;43;5
"47457";"202100047457";3;"10:17";"1";"13";"1";"1";"1";3;43;5
"47458";"202100047458";3;"18:03";"3";"69";"1";"1";"2";2;45;4
"47459";"202100047459";3;"11:00";"1";"33";"1";"1";"1";4;44;0
"47460";"202100047460";3;"08:15";"1";"33";"1";"1";"2";7;44;0
"47461";"202100047461";3;"10:30";"1";"92";"1";"1";"1";2;48;2
"47462";"202100047462";3;"08:50";"1";"92";"1";"1";"1";3;48;2
"47463";"202100047463";3;"18:30";"1";"95";"1";"1";"1";2;49;2
"47464";"202100047464";3;"03:45";"3";"92";"1";"1";"2";6;48;2
"47465";"202100047465";3;"15:00";"1";"94";"1";"1";"1";2;48;2
"47466";"202100047466";3;"08:45";"1";"93";"1";"1";"1";6;48;2
"47467";"202100047467";3;"10:49";"1";"976";"2";"1";"1";2;-12;45
"47468";"202100047468";3;"19:30";"3";"974";"1";"1";"1";1;-21;55
"47469";"202100047469";3;"16:45";"1";"974";"2";"1";"2";1;-20;55
"47470";"202100047470";3;"07:25";"1";"973";"2";"1";"1";3;4;-52
"47471";"202100047471";3;"17:30";"1";"69";"2";"2";"1";1;45;4
"47472";"202100047472";3;"14:35";"1";"69";"2";"2";"1";6;45;4
"47473";"202100047473";3;"12:30";"1";"69";"2";"3";"2";3;45;4
"47474";"202100047474";3;"16:45";"1";"972";"1";"1";"1";7;14;-61
"47475";"202100047475";3;"13:15";"1";"69";"2";"3";"1";3;45;4
"47476";"202100047476";3;"16:03";"1";"95";"2";"6";"8";6;48;2
"47477";"202100047477";3;"06:15";"5";"91";"2";"1";"1";1;48;2
"47478";"202100047478";3;"16:25";"1";"83";"1";"1";"1";5;43;6
"47479";"202100047479";3;"03:22";"5";"78";"2";"8";"1";3;48;2
"47480";"202100047480";3;"15:45";"1";"76";"2";"1";"1";3;49;1
"47481";"202100047481";3;"08:30";"1";"76";"2";"1";"1";7;49;1
"47482";"202100047482";3;"11:05";"1";"76";"2";"2";"1";3;49;1
"47483";"202100047483";1;"16:00";"1";"73";"2";"1";"2";6;45;5
"47484";"202100047484";3;"07:30";"1";"67";"2";"3";"2";3;48;7
"47485";"202100047485";3;"16:50";"1";"66";"2";"1";"1";2;42;2
"47486";"202100047486";3;"08:35";"1";"64";"2";"1";"1";1;43;0
"47487";"202100047487";3;"08:10";"1";"64";"2";"6";"8";3;43;0
"47488";"202100047488";3;"15:10";"1";"64";"2";"3";"1";2;43;-1
"47489";"202100047489";3;"18:00";"1";"64";"2";"1";"1";3;43;-1
"47490";"202100047490";3;"12:35";"1";"64";"2";"1";"1";7;43;-1
"47491";"202100047491";3;"08:06";"1";"63";"2";"2";"1";3;45;3
"47492";"202100047492";3;"19:08";"1";"63";"2";"2";"1";3;45;3
"47493";"202100047493";3;"13:57";"1";"63";"2";"2";"1";3;45;3
"47494";"202100047494";2;"15:05";"1";"59";"2";"2";"1";3;50;3
"47495";"202100047495";3;"17:15";"1";"57";"2";"1";"1";5;49;6
"47496";"202100047496";3;"18:10";"1";"56";"2";"6";"1";7;47;-3
"47497";"202100047497";3;"18:45";"2";"41";"2";"2";"1";5;47;1
"47498";"202100047498";3;"12:55";"1";"37";"1";"1";"1";7;47;0
"47499";"202100047499";3;"12:30";"1";"35";"2";"1";"1";3;48;-1
"47500";"202100047500";2;"18:15";"2";"34";"2";"1";"8";6;43;3
"47501";"202100047501";3;"17:27";"1";"33";"2";"2";"1";3;44;0
"47502";"202100047502";3;"09:15";"1";"33";"2";"1";"1";3;44;0
"47503";"202100047503";3;"11:35";"1";"29";"2";"1";"1";2;47;-4
"47504";"202100047504";3;"17:45";"1";"29";"1";"1";"1";2;47;-3
"47505";"202100047505";3;"16:35";"1";"29";"2";"1";"1";6;48;-4
"47506";"202100047506";3;"09:30";"1";"17";"2";"1";"1";2;45;0
"47507";"202100047507";3;"16:10";"1";"17";"2";"9";"1";3;45;-1
"47508";"202100047508";3;"20:50";"5";"14";"2";"2";"8";6;49;0
"47509";"202100047509";3;"19:40";"1";"14";"2";"7";"1";3;49;0
"47510";"202100047510";3;"17:15";"1";"13";"2";"1";"1";2;43;5
"47511";"202100047511";3;"17:30";"1";"13";"2";"1";"1";3;43;5
"47512";"202100047512";3;"14:30";"1";"13";"2";"1";"1";3;43;5
"47513";"202100047513";3;"16:05";"1";"11";"2";"1";"1";2;43;2
"47514";"202100047514";3;"08:06";"1";"10";"2";"9";"2";6;48;4
"47515";"202100047515";3;"09:15";"1";"06";"2";"1";"8";7;43;6
"47516";"202100047516";3;"07:36";"1";"05";"2";"3";"1";3;44;6
"47517";"202100047517";2;"14:37";"1";"05";"2";"1";"1";6;44;6
"47518";"202100047518";3;"17:15";"1";"04";"2";"1";"1";2;43;5
"47519";"202100047519";3;"15:45";"1";"75";"2";"1";"1";7;48;2
"47520";"202100047520";3;"17:50";"1";"75";"2";"2";"2";6;48;2
"47521";"202100047521";3;"16:20";"1";"75";"2";"3";"2";3;48;2
"47522";"202100047522";3;"16:00";"1";"75";"2";"1";"2";6;48;2
"47523";"202100047523";3;"17:30";"1";"75";"2";"3";"2";3;48;2
"47524";"202100047524";3;"16:45";"1";"75";"2";"5";"8";6;48;2
"47525";"202100047525";3;"16:15";"1";"75";"2";"4";"2";3;48;2
"47526";"202100047526";3;"18:20";"1";"75";"2";"1";"8";2;48;2
"47527";"202100047527";3;"07:10";"2";"75";"2";"2";"2";3;48;2
"47528";"202100047528";3;"00:30";"5";"75";"2";"4";"1";3;48;2
"47529";"202100047529";3;"18:45";"5";"75";"2";"1";"1";3;48;2
"47530";"202100047530";3;"21:05";"5";"75";"2";"3";"2";3;48;2
"47531";"202100047531";3;"08:21";"1";"75";"2";"7";"1";3;48;2
"47532";"202100047532";3;"11:45";"1";"75";"2";"1";"8";3;48;2
"47533";"202100047533";3;"16:50";"1";"75";"2";"2";"2";3;48;2
"47534";"202100047534";3;"09:00";"1";"75";"2";"2";"1";6;48;2
"47535";"202100047535";3;"11:55";"1";"94";"2";"1";"8";6;48;2
"47536";"202100047536";3;"09:30";"1";"94";"2";"1";"1";1;48;2
"47537";"202100047537";3;"12:00";"1";"94";"2";"3";"1";2;48;2
"47538";"202100047538";3;"16:15";"1";"93";"2";"1";"2";6;48;2
"47539";"202100047539";3;"12:50";"1";"93";"2";"1";"2";6;48;2
"47540";"202100047540";3;"20:50";"5";"93";"2";"2";"2";3;48;2
"47541";"202100047541";3;"20:35";"5";"93";"2";"1";"2";3;48;2
"47542";"202100047542";3;"20:46";"5";"92";"2";"9";"2";1;48;2
"47543";"202100047543";3;"13:38";"1";"92";"2";"2";"2";3;48;2
"47544";"202100047544";3;"10:25";"1";"92";"2";"5";"8";6;48;2
"47545";"202100047545";3;"17:30";"1";"92";"2";"3";"1";7;48;2
"47546";"202100047546";3;"09:10";"1";"92";"2";"3";"1";3;48;2
"47547";"202100047547";3;"07:35";"1";"86";"1";"1";"1";3;46;0
"47548";"202100047548";3;"11:15";"1";"86";"1";"3";"1";6;46;0
"47549";"202100047549";3;"20:00";"3";"80";"1";"1";"1";6;50;1
"47550";"202100047550";3;"09:30";"1";"33";"1";"1";"1";6;45;0
"47551";"202100047551";3;"19:20";"3";"81";"1";"1";"8";6;43;1
"47552";"202100047552";3;"07:45";"1";"974";"2";"1";"1";5;-21;55
"47553";"202100047553";3;"14:45";"1";"04";"1";"1";"8";6;44;6
"47554";"202100047554";3;"17:00";"1";"56";"2";"1";"1";1;47;-2
"47555";"202100047555";3;"07:00";"2";"2B";"1";"1";"1";7;41;9
"47556";"202100047556";3;"07:50";"3";"12";"1";"1";"2";6;44;2
"47557";"202100047557";3;"08:00";"1";"25";"2";"4";"1";6;46;6
"47558";"202100047558";3;"12:50";"1";"01";"1";"1";"1";4;46;4
"47559";"202100047559";3;"19:40";"3";"72";"1";"1";"1";6;48;0
"47560";"202100047560";3;"07:20";"1";"14";"2";"1";"1";5;49;0
"47561";"202100047561";3;"17:55";"1";"14";"1";"1";"7";1;49;0
"47562";"202100047562";3;"10:55";"1";"05";"1";"3";"1";3;44;6
"47563";"202100047563";3;"13:40";"1";"27";"1";"1";"2";1;49;1
"47564";"202100047564";3;"16:20";"1";"23";"1";"1";"2";7;45;2
"47565";"202100047565";3;"17:00";"1";"68";"1";"1";"2";7;47;7
"47566";"202100047566";3;"15:05";"1";"13";"1";"1";"2";1;43;5
"47567";"202100047567";3;"13:30";"1";"973";"2";"1";"1";1;4;-52
"47568";"202100047568";3;"06:30";"3";"64";"1";"1";"2";7;43;-1
"47569";"202100047569";1;"09:55";"1";"34";"1";"9";"1";2;43;3
"47570";"202100047570";3;"05:30";"1";"988";"2";"1";"1";6;-22;166
"47571";"202100047571";3;"10:15";"1";"974";"1";"1";"1";4;-20;55
"47572";"202100047572";3;"18:15";"1";"77";"1";"1";"1";3;48;2
"47573";"202100047573";3;"07:15";"1";"42";"2";"1";"1";3;45;4
"47574";"202100047574";3;"20:15";"3";"38";"1";"3";"2";3;45;4
"47575";"202100047575";3;"00:50";"3";"26";"1";"9";"1";6;44;4
"47576";"202100047576";3;"16:40";"1";"69";"2";"1";"1";1;45;4
"47577";"202100047577";3;"12:45";"1";"81";"1";"1";"5";1;43;2
"47578";"202100047578";3;"17:45";"1";"86";"1";"1";"1";1;46;0
"47579";"202100047579";3;"21:45";"3";"60";"1";"1";"2";7;49;2
"47580";"202100047580";3;"11:15";"1";"60";"2";"1";"1";6;49;2
"47581";"202100047581";3;"06:50";"2";"59";"1";"1";"1";5;50;3
"47582";"202100047582";3;"18:10";"1";"13";"1";"1";"1";2;43;5
"47583";"202100047583";3;"09:08";"1";"13";"1";"1";"1";2;43;5
"47584";"202100047584";3;"23:10";"3";"13";"1";"1";"1";3;43;5
"47585";"202100047585";3;"18:22";"2";"13";"1";"1";"1";2;43;5
"47586";"202100047586";3;"18:30";"1";"13";"2";"1";"1";4;43;5
"47587";"202100047587";3;"08:30";"1";"33";"1";"1";"1";2;44;0
"47588";"202100047588";3;"17:18";"1";"91";"1";"1";"1";5;48;2
"47589";"202100047589";3;"14:10";"1";"94";"1";"1";"1";4;48;2
"47590";"202100047590";3;"10:25";"1";"91";"1";"1";"1";4;48;2
"47591";"202100047591";3;"21:00";"3";"78";"1";"1";"2";7;48;2
"47592";"202100047592";3;"19:00";"3";"93";"1";"1";"2";6;48;2
"47593";"202100047593";3;"09:40";"1";"93";"1";"1";"2";3;48;2
"47594";"202100047594";3;"19:15";"1";"75";"1";"1";"1";4;48;2
"47595";"202100047595";3;"18:50";"3";"77";"1";"1";"2";2;48;2
"47596";"202100047596";1;"21:15";"5";"62";"2";"3";"2";3;50;2
"47597";"202100047597";3;"12:20";"1";"976";"1";"1";"1";1;-12;45
"47598";"202100047598";3;"12:35";"1";"973";"2";"1";"1";3;4;-52
"47599";"202100047599";3;"12:25";"1";"69";"2";"2";"2";6;45;4
"47600";"202100047600";3;"15:30";"1";"69";"2";"1";"2";3;45;4
"47601";"202100047601";3;"10:45";"1";"69";"2";"7";"1";2;45;4
"47602";"202100047602";3;"08:35";"1";"69";"2";"1";"8";2;45;4
"47603";"202100047603";3;"13:45";"1";"971";"2";"1";"1";3;16;-61
"47604";"202100047604";3;"14:30";"1";"971";"1";"9";"1";6;16;-61
"47605";"202100047605";3;"22:30";"5";"971";"1";"1";"1";1;16;-61
"47606";"202100047606";3;"13:30";"1";"95";"2";"3";"3";3;48;2
"47607";"202100047607";3;"18:30";"1";"87";"2";"2";"1";3;45;1
"47608";"202100047608";3;"20:28";"5";"87";"2";"2";"1";6;45;1
"47609";"202100047609";3;"16:15";"1";"87";"2";"1";"1";7;45;1
"47610";"202100047610";3;"09:06";"1";"87";"2";"1";"1";7;45;1
"47611";"202100047611";3;"19:50";"3";"86";"2";"1";"2";3;46;0
"47612";"202100047612";3;"14:05";"1";"83";"2";"1";"1";6;43;5
"47613";"202100047613";3;"15:40";"1";"79";"1";"2";"1";1;46;0
"47614";"202100047614";3;"10:20";"1";"78";"2";"9";"1";3;48;2
"47615";"202100047615";3;"08:45";"1";"77";"2";"2";"1";3;48;2
"47616";"202100047616";3;"14:30";"1";"76";"1";"6";"1";6;49;0
"47617";"202100047617";3;"14:20";"1";"71";"2";"1";"1";3;46;4
"47618";"202100047618";3;"19:30";"2";"69";"2";"3";"2";3;45;4
"47619";"202100047619";3;"07:40";"1";"64";"2";"1";"2";6;43;-1
"47620";"202100047620";3;"08:06";"1";"63";"2";"3";"1";6;45;3
"47621";"202100047621";3;"07:30";"1";"62";"2";"1";"8";3;50;2
"47622";"202100047622";3;"15:20";"1";"59";"2";"3";"2";3;50;3
"47623";"202100047623";3;"17:05";"1";"59";"2";"3";"2";3;50;3
"47624";"202100047624";3;"14:30";"1";"54";"2";"3";"2";3;48;6
"47625";"202100047625";3;"07:35";"1";"51";"2";"1";"1";7;49;4
"47626";"202100047626";3;"08:10";"1";"37";"2";"6";"1";6;47;0
"47627";"202100047627";3;"13:50";"1";"35";"2";"1";"1";6;48;-1
"47628";"202100047628";3;"14:25";"1";"34";"2";"1";"1";5;43;3
"47629";"202100047629";3;"15:20";"1";"33";"2";"6";"1";3;44;0
"47630";"202100047630";3;"13:00";"1";"32";"2";"3";"1";3;43;0
"47631";"202100047631";3;"16:03";"1";"30";"2";"1";"1";6;43;4
"47632";"202100047632";3;"18:30";"2";"27";"1";"1";"8";1;49;1
"47633";"202100047633";3;"12:16";"1";"17";"2";"3";"1";6;46;-1
"47634";"202100047634";3;"20:25";"1";"14";"2";"1";"1";7;49;0
"47635";"202100047635";3;"08:00";"1";"14";"2";"1";"1";2;49;0
"47636";"202100047636";3;"17:25";"1";"13";"2";"1";"1";6;43;5
"47637";"202100047637";3;"08:15";"1";"13";"2";"3";"1";3;43;5
"47638";"202100047638";3;"10:30";"1";"13";"2";"3";"1";3;43;5
"47639";"202100047639";3;"14:45";"1";"13";"2";"1";"1";3;43;5
"47640";"202100047640";3;"08:20";"1";"13";"2";"1";"1";3;43;5
"47641";"202100047641";3;"16:35";"1";"13";"2";"1";"1";6;43;5
"47642";"202100047642";3;"14:05";"1";"10";"2";"1";"2";7;48;4
"47643";"202100047643";3;"10:30";"1";"06";"2";"1";"1";4;43;6
"47644";"202100047644";3;"09:00";"1";"06";"1";"1";"1";3;43;7
"47645";"202100047645";3;"15:50";"1";"02";"2";"2";"1";3;49;3
"47646";"202100047646";3;"13:30";"1";"75";"2";"1";"1";2;48;2
"47647";"202100047647";3;"11:20";"1";"75";"2";"1";"2";2;48;2
"47648";"202100047648";3;"06:30";"1";"75";"2";"1";"1";3;48;2
"47649";"202100047649";3;"08:25";"1";"75";"2";"7";"2";3;48;2
"47650";"202100047650";3;"17:00";"1";"75";"2";"2";"2";6;48;2
"47651";"202100047651";3;"17:45";"2";"75";"2";"3";"2";3;48;2
"47652";"202100047652";3;"09:15";"1";"75";"2";"1";"2";7;48;2
"47653";"202100047653";3;"16:30";"1";"75";"2";"1";"3";3;48;2
"47654";"202100047654";3;"15:10";"1";"75";"2";"3";"1";2;48;2
"47655";"202100047655";3;"07:45";"1";"75";"2";"2";"1";3;48;2
"47656";"202100047656";3;"12:30";"1";"94";"2";"1";"2";2;48;2
"47657";"202100047657";3;"07:35";"2";"94";"2";"1";"2";3;48;2
"47658";"202100047658";3;"13:00";"1";"94";"2";"2";"2";5;48;2
"47659";"202100047659";3;"15:45";"1";"94";"2";"9";"2";1;48;2
"47660";"202100047660";3;"17:10";"1";"94";"2";"1";"2";1;48;2
"47661";"202100047661";3;"13:50";"1";"93";"2";"2";"1";3;48;2
"47662";"202100047662";3;"19:22";"5";"93";"2";"9";"2";3;48;2
"47663";"202100047663";3;"17:50";"1";"93";"2";"3";"1";3;48;2
"47664";"202100047664";3;"20:00";"5";"93";"2";"2";"2";3;48;2
"47665";"202100047665";3;"18:00";"1";"93";"2";"1";"2";3;48;2
"47666";"202100047666";3;"18:50";"2";"75";"2";"3";"2";6;48;2
"47667";"202100047667";3;"15:20";"1";"92";"2";"1";"2";3;48;2
"47668";"202100047668";3;"20:20";"5";"92";"2";"6";"8";6;48;2
"47669";"202100047669";3;"09:00";"1";"38";"2";"3";"1";6;45;4
"47670";"202100047670";3;"18:00";"1";"17";"2";"1";"1";7;46;-1
"47671";"202100047671";3;"09:15";"1";"71";"1";"1";"1";6;46;4
"47672";"202100047672";3;"07:12";"2";"52";"1";"1";"1";6;47;5
"47673";"202100047673";3;"16:07";"1";"74";"2";"3";"1";3;45;6
"47674";"202100047674";3;"15:00";"1";"974";"2";"6";"1";7;-21;55
"47675";"202100047675";3;"13:30";"1";"06";"1";"1";"1";1;43;6
"47676";"202100047676";3;"19:55";"5";"2A";"2";"1";"1";6;41;8
"47677";"202100047677";3;"17:40";"1";"82";"1";"1";"1";1;44;0
"47678";"202100047678";3;"16:00";"1";"34";"1";"1";"1";6;43;2
"47679";"202100047679";3;"09:50";"1";"72";"1";"1";"8";7;47;0
"47680";"202100047680";3;"08:30";"1";"50";"1";"1";"1";2;49;-1
"47681";"202100047681";3;"07:35";"1";"36";"1";"1";"1";3;46;1
"47682";"202100047682";3;"13:05";"1";"85";"1";"1";"1";6;46;-1
"47683";"202100047683";3;"12:00";"1";"74";"2";"3";"2";6;46;6
"47684";"202100047684";3;"08:40";"1";"91";"1";"1";"1";5;48;2
"47685";"202100047685";3;"11:18";"1";"78";"1";"1";"1";6;48;1
"47686";"202100047686";3;"19:40";"5";"34";"2";"1";"1";1;43;3
"47687";"202100047687";3;"14:50";"1";"68";"2";"1";"1";2;47;7
"47688";"202100047688";3;"12:50";"1";"57";"1";"1";"1";6;49;7
"47689";"202100047689";3;"02:00";"3";"85";"1";"1";"1";6;46;0
"47690";"202100047690";3;"11:00";"1";"14";"2";"1";"1";3;49;0
"47691";"202100047691";3;"07:45";"1";"13";"1";"1";"1";6;43;5
"47692";"202100047692";3;"13:05";"1";"83";"1";"1";"1";5;43;5
"47693";"202100047693";3;"21:40";"3";"91";"1";"1";"1";7;48;2
"47694";"202100047694";3;"09:40";"1";"94";"1";"1";"1";4;48;2
"47695";"202100047695";3;"07:55";"1";"91";"1";"1";"1";4;48;2
"47696";"202100047696";3;"16:12";"1";"78";"1";"1";"2";4;48;1
"47697";"202100047697";3;"08:00";"1";"92";"1";"1";"2";5;48;2
"47698";"202100047698";3;"07:00";"1";"78";"1";"1";"5";2;48;1
"47699";"202100047699";3;"21:00";"3";"93";"1";"1";"1";5;48;2
"47700";"202100047700";3;"15:30";"1";"95";"1";"1";"2";3;48;2
"47701";"202100047701";3;"11:00";"1";"95";"1";"1";"1";2;48;2
"47702";"202100047702";3;"07:00";"1";"95";"1";"1";"2";5;48;2
"47703";"202100047703";3;"15:30";"1";"94";"1";"1";"2";3;48;2
"47704";"202100047704";3;"18:40";"5";"973";"2";"1";"1";2;4;-52
"47705";"202100047705";3;"17:24";"1";"973";"2";"1";"1";6;4;-52
"47706";"202100047706";3;"10:20";"1";"973";"2";"3";"1";3;4;-52
"47707";"202100047707";3;"08:31";"1";"973";"2";"1";"1";3;4;-52
"47708";"202100047708";3;"07:34";"1";"973";"2";"1";"1";3;4;-52
"47709";"202100047709";3;"18:45";"5";"69";"2";"9";"1";3;45;4
"47710";"202100047710";3;"17:00";"1";"69";"2";"3";"1";3;45;4
"47711";"202100047711";3;"15:10";"1";"69";"2";"9";"1";6;45;4
"47712";"202100047712";3;"09:25";"1";"69";"2";"2";"1";3;45;4
"47713";"202100047713";3;"05:45";"5";"69";"2";"2";"1";3;45;4
"47714";"202100047714";3;"12:40";"1";"91";"2";"3";"1";3;48;2
"47715";"202100047715";3;"17:50";"1";"91";"2";"1";"1";6;48;2
"47716";"202100047716";3;"11:25";"1";"87";"2";"3";"1";2;45;1
"47717";"202100047717";3;"11:20";"1";"83";"2";"6";"1";2;43;6
"47718";"202100047718";3;"16:35";"1";"80";"2";"9";"1";2;49;2
"47719";"202100047719";3;"14:20";"1";"80";"2";"1";"1";1;49;2
"47720";"202100047720";3;"11:35";"1";"78";"2";"1";"1";6;48;2
"47721";"202100047721";3;"16:45";"1";"78";"2";"3";"1";6;49;1
"47722";"202100047722";3;"17:15";"1";"78";"2";"1";"1";2;49;2
"47723";"202100047723";3;"09:40";"1";"74";"2";"1";"7";6;46;6
"47724";"202100047724";3;"11:15";"1";"74";"2";"9";"1";3;46;6
"47725";"202100047725";3;"15:30";"1";"72";"2";"1";"1";2;48;0
"47726";"202100047726";3;"07:55";"1";"69";"2";"6";"1";3;45;4
"47727";"202100047727";3;"07:50";"2";"69";"1";"2";"1";3;45;4
"47728";"202100047728";3;"09:24";"1";"66";"2";"1";"1";6;42;2
"47729";"202100047729";3;"17:37";"1";"66";"2";"1";"1";6;42;2
"47730";"202100047730";3;"11:28";"1";"66";"2";"3";"1";3;42;2
"47731";"202100047731";3;"18:10";"1";"65";"2";"1";"1";6;43;0
"47732";"202100047732";3;"13:55";"1";"64";"2";"6";"1";7;43;-1
"47733";"202100047733";3;"12:42";"1";"63";"2";"1";"2";3;45;3
"47734";"202100047734";3;"18:34";"1";"63";"2";"2";"1";3;45;3
"47735";"202100047735";3;"18:27";"1";"63";"2";"1";"1";7;45;3
"47736";"202100047736";1;"11:00";"1";"62";"2";"1";"1";7;50;2
"47737";"202100047737";1;"16:00";"1";"62";"2";"3";"2";3;50;2
"47738";"202100047738";2;"17:21";"1";"58";"2";"3";"1";3;46;3
"47739";"202100047739";3;"09:49";"1";"57";"2";"1";"1";6;49;6
"47740";"202100047740";3;"12:00";"1";"54";"2";"2";"1";3;48;6
"47741";"202100047741";2;"17:32";"1";"49";"2";"1";"1";3;47;0
"47742";"202100047742";3;"12:34";"1";"38";"2";"1";"1";2;45;4
"47743";"202100047743";3;"09:35";"1";"37";"2";"1";"1";6;47;0
"47744";"202100047744";3;"11:30";"1";"37";"1";"1";"1";7;47;0
"47745";"202100047745";3;"10:25";"1";"35";"2";"2";"1";3;48;-1
"47746";"202100047746";3;"17:25";"1";"29";"1";"1";"1";6;48;-3
"47747";"202100047747";3;"08:50";"1";"14";"2";"1";"1";6;49;0
"47748";"202100047748";3;"16:50";"1";"13";"2";"1";"1";3;43;5
"47749";"202100047749";3;"16:50";"1";"13";"2";"1";"1";3;43;5
"47750";"202100047750";3;"15:00";"1";"11";"2";"1";"1";2;43;2
"47751";"202100047751";3;"08:20";"1";"06";"2";"1";"1";4;43;6
"47752";"202100047752";3;"15:50";"1";"06";"2";"1";"1";7;43;7
"47753";"202100047753";3;"16:50";"1";"976";"2";"1";"1";3;-12;45
"47754";"202100047754";3;"18:20";"2";"974";"1";"9";"1";2;-21;55
"47755";"202100047755";3;"05:50";"3";"974";"2";"1";"2";6;-20;55
"47756";"202100047756";3;"13:30";"1";"974";"1";"1";"1";3;-20;55
"47757";"202100047757";3;"15:47";"1";"973";"2";"1";"1";3;4;-52
"47758";"202100047758";3;"13:45";"1";"973";"2";"1";"1";2;4;-52
"47759";"202100047759";3;"15:40";"1";"69";"2";"1";"1";6;45;4
"47760";"202100047760";3;"16:30";"1";"69";"2";"2";"1";3;45;4
"47761";"202100047761";3;"10:30";"1";"69";"2";"2";"1";3;45;4