"";"Num_Acc";"mois";"hrmn";"lum";"dep";"agg";"int";"atm";"col";"lat";"long"
"47762";"202100047762";3;"15:30";"1";"91";"2";"9";"3";3;48;2
"47763";"202100047763";3;"15:34";"1";"87";"2";"1";"1";6;45;1
"47764";"202100047764";3;"14:40";"1";"84";"2";"1";"1";2;44;5
"47765";"202100047765";2;"07:40";"2";"30";"1";"1";"1";6;43;4
"47766";"202100047766";1;"16:40";"1";"83";"2";"1";"1";3;43;5
"47767";"202100047767";3;"17:10";"1";"83";"2";"2";"1";6;43;6
"47768";"202100047768";3;"20:10";"5";"80";"2";"3";"1";2;49;2
"47769";"202100047769";3;"20:30";"5";"78";"2";"1";"2";6;49;1
"47770";"202100047770";3;"16:32";"1";"76";"2";"2";"1";7;49;0
"47771";"202100047771";3;"21:15";"4";"76";"1";"6";"2";7;49;1
"47772";"202100047772";3;"15:50";"1";"72";"2";"1";"1";6;48;0
"47773";"202100047773";3;"14:30";"1";"72";"1";"1";"1";1;47;0
"47774";"202100047774";3;"12:30";"1";"71";"1";"1";"2";7;46;4
"47775";"202100047775";3;"18:30";"2";"69";"2";"3";"1";3;45;4
"47776";"202100047776";3;"15:15";"1";"69";"2";"1";"1";6;45;4
"47777";"202100047777";3;"10:50";"1";"69";"2";"1";"1";6;45;4
"47778";"202100047778";3;"10:04";"1";"68";"2";"2";"1";4;47;7
"47779";"202100047779";3;"07:45";"1";"67";"2";"3";"8";3;48;7
"47780";"202100047780";3;"14:37";"1";"67";"2";"8";"1";7;48;7
"47781";"202100047781";3;"14:30";"1";"67";"2";"1";"1";3;48;7
"47782";"202100047782";3;"17:39";"1";"66";"2";"1";"1";2;42;2
"47783";"202100047783";3;"07:45";"1";"64";"2";"2";"1";3;43;0
"47784";"202100047784";3;"08:05";"1";"64";"2";"1";"2";3;43;-1
"47785";"202100047785";3;"14:30";"1";"63";"2";"2";"1";2;45;3
"47786";"202100047786";3;"14:30";"1";"59";"2";"1";"2";6;50;3
"47787";"202100047787";3;"13:50";"1";"59";"2";"2";"2";3;50;3
"47788";"202100047788";3;"23:00";"5";"56";"2";"1";"1";6;47;-3
"47789";"202100047789";3;"18:00";"1";"54";"2";"2";"1";3;48;6
"47790";"202100047790";3;"12:45";"1";"51";"2";"9";"2";7;49;4
"47791";"202100047791";3;"17:39";"1";"49";"2";"1";"1";1;47;0
"47792";"202100047792";3;"17:20";"1";"47";"1";"1";"1";7;44;0
"47793";"202100047793";3;"18:05";"1";"45";"2";"1";"1";6;47;1
"47794";"202100047794";3;"07:15";"5";"41";"1";"1";"2";7;47;1
"47795";"202100047795";3;"12:10";"1";"38";"2";"1";"1";6;45;5
"47796";"202100047796";3;"15:00";"1";"35";"2";"2";"1";3;48;-1
"47797";"202100047797";3;"14:42";"1";"35";"2";"1";"1";6;48;-1
"47798";"202100047798";3;"07:50";"1";"33";"2";"2";"1";3;44;0
"47799";"202100047799";3;"07:50";"1";"33";"1";"3";"1";3;44;-1
"47800";"202100047800";3;"08:00";"1";"32";"2";"1";"8";6;43;0
"47801";"202100047801";2;"11:15";"1";"30";"2";"1";"1";6;43;4
"47802";"202100047802";3;"14:45";"1";"27";"2";"1";"8";2;49;1
"47803";"202100047803";3;"13:35";"1";"26";"2";"1";"1";6;44;4
"47804";"202100047804";3;"17:48";"1";"21";"2";"3";"1";3;47;5
"47805";"202100047805";3;"12:00";"1";"21";"2";"3";"1";5;47;5
"47806";"202100047806";3;"12:22";"1";"15";"2";"3";"1";3;44;2
"47807";"202100047807";3;"11:25";"1";"14";"2";"1";"3";6;49;0
"47808";"202100047808";3;"17:00";"1";"13";"2";"1";"1";2;43;5
"47809";"202100047809";3;"21:15";"5";"13";"2";"2";"1";1;43;5
"47810";"202100047810";3;"16:40";"1";"13";"2";"1";"1";6;43;5
"47811";"202100047811";2;"22:00";"5";"13";"2";"9";"1";3;43;5
"47812";"202100047812";3;"15:00";"1";"13";"2";"1";"1";1;43;5
"47813";"202100047813";3;"12:50";"1";"13";"2";"1";"1";3;43;5
"47814";"202100047814";3;"20:15";"3";"13";"1";"1";"1";1;43;4
"47815";"202100047815";1;"05:20";"5";"13";"1";"1";"1";1;43;5
"47816";"202100047816";3;"20:00";"5";"13";"2";"1";"1";1;43;5
"47817";"202100047817";3;"15:10";"1";"13";"2";"3";"1";3;43;5
"47818";"202100047818";3;"09:15";"1";"13";"2";"6";"1";6;43;5
"47819";"202100047819";3;"18:10";"1";"12";"2";"4";"8";3;44;3
"47820";"202100047820";3;"18:10";"1";"06";"2";"1";"1";3;43;6
"47821";"202100047821";3;"12:05";"1";"06";"1";"1";"1";6;43;6
"47822";"202100047822";3;"21:15";"5";"06";"2";"1";"1";3;43;7
"47823";"202100047823";3;"16:45";"1";"06";"2";"1";"1";5;43;7
"47824";"202100047824";3;"08:07";"1";"05";"2";"1";"1";2;44;6
"47825";"202100047825";3;"12:45";"1";"75";"2";"1";"1";3;48;2
"47826";"202100047826";3;"08:10";"1";"75";"2";"2";"1";6;48;2
"47827";"202100047827";3;"18:15";"2";"75";"2";"1";"2";7;48;2
"47828";"202100047828";3;"13:40";"1";"75";"2";"1";"2";3;48;2
"47829";"202100047829";3;"12:40";"1";"75";"2";"5";"2";6;48;2
"47830";"202100047830";3;"16:15";"1";"75";"2";"1";"2";3;48;2
"47831";"202100047831";3;"11:25";"1";"75";"2";"3";"2";6;48;2
"47832";"202100047832";3;"13:50";"1";"75";"2";"3";"2";6;48;2
"47833";"202100047833";3;"13:35";"1";"75";"2";"1";"2";6;48;2
"47834";"202100047834";3;"19:09";"5";"94";"2";"2";"2";3;48;2
"47835";"202100047835";3;"18:15";"1";"94";"2";"1";"1";2;48;2
"47836";"202100047836";3;"17:50";"1";"94";"2";"1";"2";6;48;2
"47837";"202100047837";3;"21:25";"5";"94";"2";"1";"1";2;48;2
"47838";"202100047838";3;"13:50";"1";"94";"2";"9";"8";6;48;2
"47839";"202100047839";3;"12:00";"1";"94";"2";"1";"2";6;48;2
"47840";"202100047840";3;"12:05";"1";"94";"2";"1";"2";3;48;2
"47841";"202100047841";3;"09:05";"1";"94";"2";"2";"1";3;48;2
"47842";"202100047842";3;"10:30";"1";"94";"2";"2";"2";3;48;2
"47843";"202100047843";3;"18:00";"1";"94";"2";"5";"1";1;48;2
"47844";"202100047844";3;"18:35";"1";"93";"2";"2";"2";3;48;2
"47845";"202100047845";3;"18:00";"1";"93";"2";"5";"1";3;48;2
"47846";"202100047846";3;"11:25";"1";"93";"2";"9";"2";3;48;2
"47847";"202100047847";3;"18:30";"1";"92";"2";"1";"1";2;48;2
"47848";"202100047848";3;"08:05";"2";"92";"2";"1";"1";2;48;2
"47849";"202100047849";3;"16:35";"1";"38";"2";"6";"1";3;45;4
"47850";"202100047850";3;"09:10";"1";"84";"2";"1";"1";1;44;5
"47851";"202100047851";3;"08:00";"1";"06";"1";"3";"1";1;43;7
"47852";"202100047852";3;"00:15";"3";"79";"1";"6";"2";6;46;0
"47853";"202100047853";3;"18:40";"2";"60";"2";"1";"2";7;49;2
"47854";"202100047854";3;"17:40";"1";"72";"2";"1";"1";6;47;0
"47855";"202100047855";3;"12:05";"1";"34";"2";"1";"1";6;43;3
"47856";"202100047856";3;"16:45";"1";"78";"2";"1";"8";7;48;1
"47857";"202100047857";3;"17:30";"1";"79";"1";"2";"1";3;46;0
"47858";"202100047858";2;"11:00";"1";"80";"1";"2";"1";3;50;2
"47859";"202100047859";3;"00:15";"3";"42";"1";"1";"2";7;45;4
"47860";"202100047860";3;"07:50";"1";"68";"2";"6";"1";3;47;7
"47861";"202100047861";3;"03:30";"3";"68";"1";"1";"2";7;47;7
"47862";"202100047862";3;"07:15";"2";"25";"1";"1";"5";1;47;6
"47863";"202100047863";3;"16:10";"1";"34";"1";"1";"1";2;43;3
"47864";"202100047864";3;"19:45";"5";"06";"2";"1";"1";1;43;7
"47865";"202100047865";3;"07:30";"2";"09";"1";"1";"2";1;42;1
"47866";"202100047866";3;"04:45";"5";"09";"2";"9";"1";1;42;1
"47867";"202100047867";3;"11:45";"1";"16";"2";"1";"1";6;46;0
"47868";"202100047868";3;"17:00";"1";"40";"1";"1";"1";1;43;-1
"47869";"202100047869";3;"10:45";"1";"85";"1";"1";"1";7;46;-1
"47870";"202100047870";3;"09:00";"1";"30";"1";"3";"7";3;43;4
"47871";"202100047871";3;"16:34";"1";"973";"1";"1";"7";5;4;-52
"47872";"202100047872";3;"15:45";"1";"42";"1";"1";"2";5;45;4
"47873";"202100047873";1;"07:00";"3";"69";"1";"1";"9";6;45;4
"47874";"202100047874";3;"22:20";"3";"973";"1";"1";"1";1;5;-52
"47875";"202100047875";3;"18:05";"1";"2B";"1";"1";"1";7;42;9
"47876";"202100047876";3;"17:00";"1";"89";"1";"1";"3";3;47;3
"47877";"202100047877";3;"13:30";"1";"26";"2";"2";"8";3;44;4
"47878";"202100047878";3;"08:30";"1";"81";"1";"9";"2";6;43;1
"47879";"202100047879";3;"19:45";"3";"33";"2";"6";"1";6;44;0
"47880";"202100047880";3;"11:15";"1";"33";"1";"2";"1";3;44;0
"47881";"202100047881";3;"08:20";"1";"22";"1";"1";"1";1;48;-1
"47882";"202100047882";3;"17:35";"1";"60";"2";"3";"1";3;49;2
"47883";"202100047883";3;"19:15";"3";"60";"1";"9";"1";1;49;2
"47884";"202100047884";3;"10:10";"1";"13";"1";"1";"1";2;43;5
"47885";"202100047885";3;"20:35";"3";"91";"1";"1";"2";7;48;2
"47886";"202100047886";3;"13:55";"1";"92";"1";"1";"1";5;48;2
"47887";"202100047887";3;"21:35";"3";"95";"1";"1";"1";7;48;2
"47888";"202100047888";3;"19:00";"3";"93";"1";"1";"1";3;48;2
"47889";"202100047889";3;"16:30";"1";"93";"1";"1";"1";5;48;2
"47890";"202100047890";3;"20:35";"3";"95";"1";"1";"1";2;49;2
"47891";"202100047891";3;"02:20";"3";"95";"1";"1";"1";6;49;2
"47892";"202100047892";3;"23:28";"3";"94";"1";"1";"1";2;48;2
"47893";"202100047893";3;"11:15";"1";"75";"1";"1";"1";5;48;2
"47894";"202100047894";1;"06:50";"1";"976";"2";"9";"1";6;-12;45
"47895";"202100047895";1;"11:20";"1";"976";"2";"1";"1";6;-12;45
"47896";"202100047896";3;"15:00";"1";"974";"2";"2";"1";3;-20;55
"47897";"202100047897";3;"16:58";"1";"973";"2";"1";"1";2;4;-52
"47898";"202100047898";3;"11:45";"1";"973";"1";"6";"1";3;4;-52
"47899";"202100047899";3;"08:10";"1";"973";"2";"1";"2";5;4;-52
"47900";"202100047900";3;"21:15";"5";"69";"2";"9";"2";3;45;4
"47901";"202100047901";3;"18:00";"2";"69";"2";"2";"1";7;45;4
"47902";"202100047902";3;"15:55";"1";"69";"2";"2";"1";6;45;4
"47903";"202100047903";3;"09:50";"1";"972";"1";"1";"1";6;14;-61
"47904";"202100047904";3;"19:55";"5";"972";"1";"1";"1";3;14;-61
"47905";"202100047905";3;"12:20";"1";"972";"1";"6";"1";3;14;-61
"47906";"202100047906";3;"07:40";"1";"69";"2";"1";"1";7;45;4
"47907";"202100047907";3;"12:25";"1";"971";"1";"1";"1";2;16;-61
"47908";"202100047908";3;"15:20";"1";"971";"1";"1";"1";2;16;-61
"47909";"202100047909";3;"12:40";"1";"91";"2";"3";"1";5;48;2
"47910";"202100047910";3;"17:56";"1";"91";"2";"1";"1";6;48;2
"47911";"202100047911";3;"19:40";"1";"91";"2";"3";"1";6;48;2
"47912";"202100047912";3;"17:46";"1";"87";"2";"1";"1";6;45;1
"47913";"202100047913";3;"13:40";"1";"84";"1";"1";"1";3;44;4
"47914";"202100047914";3;"17:50";"1";"81";"2";"1";"1";4;43;2
"47915";"202100047915";2;"17:14";"1";"76";"1";"1";"1";3;49;1
"47916";"202100047916";3;"12:10";"1";"73";"2";"4";"2";3;45;5
"47917";"202100047917";3;"17:20";"1";"71";"2";"2";"1";3;46;4
"47918";"202100047918";3;"13:40";"1";"64";"2";"6";"2";6;43;-1
"47919";"202100047919";3;"07:59";"1";"64";"2";"3";"8";7;43;0
"47920";"202100047920";3;"13:00";"1";"64";"2";"6";"1";7;43;-1
"47921";"202100047921";3;"21:10";"5";"63";"2";"1";"1";2;45;3
"47922";"202100047922";3;"11:14";"1";"63";"2";"1";"1";6;45;3
"47923";"202100047923";3;"17:21";"1";"63";"2";"1";"1";2;45;3
"47924";"202100047924";3;"17:45";"1";"56";"2";"1";"1";6;47;-2
"47925";"202100047925";3;"10:30";"1";"56";"2";"1";"1";2;47;-2
"47926";"202100047926";3;"12:10";"1";"54";"2";"1";"1";6;48;6
"47927";"202100047927";3;"17:05";"1";"54";"2";"2";"2";2;48;6
"47928";"202100047928";3;"14:10";"1";"54";"1";"1";"1";2;48;6
"47929";"202100047929";3;"12:00";"1";"54";"1";"1";"1";3;49;5
"47930";"202100047930";3;"17:00";"1";"53";"2";"1";"1";3;48;0
"47931";"202100047931";3;"16:25";"1";"51";"2";"1";"1";7;49;4
"47932";"202100047932";3;"21:30";"5";"50";"2";"1";"1";6;49;-1
"47933";"202100047933";3;"18:45";"1";"50";"1";"1";"8";6;49;-1
"47934";"202100047934";3;"11:00";"1";"49";"1";"6";"1";2;47;0
"47935";"202100047935";3;"01:31";"3";"45";"1";"1";"2";1;47;2
"47936";"202100047936";3;"10:20";"1";"38";"2";"2";"1";3;45;4
"47937";"202100047937";3;"09:30";"1";"38";"2";"1";"2";6;45;5
"47938";"202100047938";3;"17:55";"2";"37";"1";"1";"1";1;47;0
"47939";"202100047939";2;"14:15";"1";"34";"1";"1";"1";3;43;3
"47940";"202100047940";3;"05:00";"5";"34";"2";"1";"1";6;43;3
"47941";"202100047941";3;"13:10";"1";"34";"1";"1";"1";2;43;3
"47942";"202100047942";3;"18:15";"1";"33";"2";"6";"1";2;44;0
"47943";"202100047943";3;"07:54";"2";"29";"1";"3";"1";7;47;-4
"47944";"202100047944";3;"18:15";"2";"17";"2";"6";"1";3;45;0
"47945";"202100047945";3;"15:55";"1";"14";"2";"1";"1";2;49;0
"47946";"202100047946";3;"11:30";"1";"13";"2";"1";"1";3;43;5
"47947";"202100047947";3;"11:37";"1";"13";"2";"3";"1";3;43;5
"47948";"202100047948";3;"16:20";"1";"13";"2";"1";"1";2;43;5
"47949";"202100047949";3;"10:20";"1";"13";"1";"1";"1";1;43;5
"47950";"202100047950";3;"13:30";"1";"13";"2";"1";"1";3;43;5
"47951";"202100047951";3;"07:25";"1";"08";"2";"1";"1";3;49;4
"47952";"202100047952";3;"16:10";"1";"75";"2";"1";"8";3;48;2
"47953";"202100047953";3;"18:13";"5";"75";"2";"1";"2";6;48;2
"47954";"202100047954";3;"11:45";"1";"75";"2";"2";"2";6;48;2
"47955";"202100047955";3;"09:25";"1";"75";"2";"2";"1";3;48;2
"47956";"202100047956";3;"10:20";"1";"75";"2";"2";"1";3;48;2
"47957";"202100047957";3;"01:45";"5";"75";"2";"1";"1";1;48;2
"47958";"202100047958";3;"17:45";"1";"75";"2";"2";"8";6;48;2
"47959";"202100047959";3;"09:10";"1";"75";"2";"2";"8";3;48;2
"47960";"202100047960";3;"12:50";"1";"94";"2";"1";"1";1;48;2
"47961";"202100047961";3;"07:00";"2";"94";"2";"1";"2";2;48;2
"47962";"202100047962";3;"09:30";"1";"94";"2";"1";"2";3;48;2
"47963";"202100047963";3;"18:20";"1";"94";"2";"1";"1";6;48;2
"47964";"202100047964";3;"13:20";"1";"93";"2";"1";"2";6;48;2
"47965";"202100047965";3;"18:25";"1";"93";"2";"9";"1";3;48;2
"47966";"202100047966";3;"10:40";"1";"93";"2";"1";"1";2;48;2
"47967";"202100047967";3;"07:55";"1";"92";"2";"1";"1";6;48;2
"47968";"202100047968";3;"09:32";"1";"92";"2";"1";"2";3;48;2
"47969";"202100047969";3;"15:15";"1";"92";"2";"2";"3";3;48;2
"47970";"202100047970";3;"12:35";"1";"92";"2";"1";"1";4;48;2
"47971";"202100047971";3;"11:30";"1";"92";"2";"1";"1";6;48;2
"47972";"202100047972";3;"13:10";"1";"92";"2";"1";"1";2;48;2
"47973";"202100047973";3;"18:30";"2";"92";"2";"1";"2";3;48;2
"47974";"202100047974";3;"18:02";"1";"92";"2";"2";"1";6;48;2
"47975";"202100047975";3;"11:10";"1";"92";"2";"1";"1";6;48;2
"47976";"202100047976";3;"05:30";"2";"83";"2";"1";"1";7;43;6
"47977";"202100047977";3;"14:25";"1";"71";"1";"1";"1";2;46;4
"47978";"202100047978";3;"16:15";"1";"974";"1";"1";"1";3;-21;55
"47979";"202100047979";3;"16:30";"1";"62";"2";"2";"1";3;50;1
"47980";"202100047980";3;"17:50";"1";"11";"2";"1";"1";1;43;2
"47981";"202100047981";3;"20:15";"3";"17";"2";"1";"1";3;46;-1
"47982";"202100047982";3;"15:45";"1";"57";"1";"1";"3";6;48;7
"47983";"202100047983";3;"15:00";"1";"80";"1";"1";"1";6;49;2
"47984";"202100047984";3;"08:55";"1";"32";"2";"3";"1";3;43;0
"47985";"202100047985";3;"07:35";"2";"55";"2";"1";"8";6;49;5
"47986";"202100047986";3;"18:10";"2";"46";"1";"1";"1";1;44;1
"47987";"202100047987";3;"17:00";"1";"14";"2";"2";"1";5;49;0
"47988";"202100047988";3;"13:40";"1";"14";"2";"1";"1";6;49;0
"47989";"202100047989";3;"10:20";"1";"14";"1";"2";"1";3;49;0
"47990";"202100047990";3;"09:30";"1";"14";"1";"2";"1";3;49;0
"47991";"202100047991";3;"16:10";"1";"18";"1";"1";"1";6;47;2
"47992";"202100047992";3;"18:35";"1";"06";"1";"1";"1";7;43;7
"47993";"202100047993";3;"17:25";"1";"77";"1";"1";"2";6;48;2
"47994";"202100047994";3;"10:20";"1";"84";"1";"6";"1";3;43;4
"47995";"202100047995";3;"15:35";"1";"03";"1";"1";"2";1;46;3
"47996";"202100047996";3;"17:15";"1";"09";"2";"1";"1";2;43;1
"47997";"202100047997";3;"14:50";"1";"14";"2";"3";"1";3;48;0
"47998";"202100047998";3;"20:45";"3";"60";"1";"1";"8";6;49;2
"47999";"202100047999";3;"17:55";"1";"59";"2";"9";"1";6;50;2
"48000";"202100048000";3;"04:30";"3";"13";"1";"1";"1";7;43;5
"48001";"202100048001";3;"10:00";"1";"13";"1";"1";"1";6;43;5
"48002";"202100048002";3;"21:10";"5";"13";"1";"1";"1";6;43;5
"48003";"202100048003";3;"12:40";"1";"83";"1";"1";"1";2;43;5
"48004";"202100048004";3;"23:30";"5";"59";"2";"1";"2";6;50;3
"48005";"202100048005";3;"10:10";"1";"91";"1";"1";"1";7;48;2
"48006";"202100048006";3;"08:15";"1";"78";"1";"1";"3";6;48;1
"48007";"202100048007";3;"07:00";"1";"92";"1";"1";"3";3;48;2
"48008";"202100048008";3;"15:20";"1";"60";"1";"1";"1";6;49;2
"48009";"202100048009";3;"16:30";"1";"93";"1";"1";"2";2;48;2
"48010";"202100048010";3;"15:45";"1";"95";"1";"1";"1";2;48;2
"48011";"202100048011";3;"23:00";"3";"974";"1";"9";"1";7;-20;55
"48012";"202100048012";3;"06:03";"2";"973";"2";"1";"2";7;4;-52
"48013";"202100048013";3;"21:05";"5";"69";"2";"1";"1";3;45;4
"48014";"202100048014";3;"16:10";"1";"69";"2";"1";"1";6;45;4
"48015";"202100048015";3;"17:28";"1";"69";"2";"1";"1";6;45;4
"48016";"202100048016";3;"10:55";"1";"69";"2";"3";"1";2;45;4
"48017";"202100048017";3;"10:45";"1";"69";"2";"2";"1";3;45;4
"48018";"202100048018";2;"18:00";"2";"95";"2";"2";"2";3;48;2
"48019";"202100048019";3;"12:00";"1";"91";"2";"6";"1";6;48;2
"48020";"202100048020";3;"15:20";"1";"83";"1";"1";"1";6;43;6
"48021";"202100048021";3;"23:30";"5";"78";"2";"1";"2";7;48;2
"48022";"202100048022";3;"17:15";"1";"69";"2";"1";"1";6;45;4
"48023";"202100048023";3;"18:35";"5";"51";"2";"1";"9";4;49;4
"48024";"202100048024";3;"12:16";"1";"17";"2";"3";"1";3;46;-1
"48025";"202100048025";3;"17:10";"1";"13";"2";"9";"1";1;43;5
"48026";"202100048026";3;"14:15";"1";"13";"2";"1";"1";2;43;5
"48027";"202100048027";3;"07:00";"2";"13";"2";"6";"1";6;43;5
"48028";"202100048028";3;"16:30";"1";"13";"1";"1";"1";2;43;4
"48029";"202100048029";3;"11:55";"1";"07";"2";"2";"1";4;44;4
"48030";"202100048030";3;"20:30";"5";"75";"2";"1";"2";6;48;2
"48031";"202100048031";3;"04:03";"5";"75";"2";"3";"1";6;48;2
"48032";"202100048032";3;"15:20";"1";"75";"2";"3";"1";3;48;2
"48033";"202100048033";3;"11:57";"1";"75";"2";"7";"1";3;48;2
"48034";"202100048034";3;"20:25";"5";"75";"2";"2";"1";2;48;2
"48035";"202100048035";3;"15:20";"1";"75";"2";"7";"1";3;48;2
"48036";"202100048036";3;"12:25";"1";"75";"2";"5";"1";3;48;2
"48037";"202100048037";3;"13:00";"1";"75";"2";"5";"1";3;48;2
"48038";"202100048038";3;"17:50";"2";"75";"2";"4";"1";3;48;2
"48039";"202100048039";3;"14:00";"1";"75";"2";"3";"1";6;48;2
"48040";"202100048040";3;"23:50";"5";"75";"2";"9";"3";3;48;2
"48041";"202100048041";3;"21:40";"5";"75";"2";"3";"2";6;48;2
"48042";"202100048042";3;"18:00";"1";"75";"2";"2";"1";2;48;2
"48043";"202100048043";3;"21:15";"5";"94";"2";"1";"1";7;48;2
"48044";"202100048044";3;"17:00";"1";"94";"2";"6";"1";2;48;2
"48045";"202100048045";3;"12:00";"1";"94";"2";"1";"1";2;48;2
"48046";"202100048046";3;"00:15";"5";"93";"2";"1";"2";6;48;2
"48047";"202100048047";3;"00:21";"5";"93";"2";"9";"2";3;48;2
"48048";"202100048048";3;"23:30";"5";"93";"2";"1";"2";3;48;2
"48049";"202100048049";3;"09:50";"1";"93";"2";"1";"1";2;48;2
"48050";"202100048050";3;"11:25";"1";"92";"2";"1";"1";2;48;2
"48051";"202100048051";3;"13:50";"1";"92";"2";"3";"8";6;48;2
"48052";"202100048052";3;"11:00";"1";"92";"2";"1";"1";1;48;2
"48053";"202100048053";3;"18:00";"1";"974";"1";"1";"1";3;-21;55
"48054";"202100048054";3;"13:30";"1";"24";"1";"1";"2";1;45;0
"48055";"202100048055";3;"16:55";"1";"28";"1";"1";"1";6;48;1
"48056";"202100048056";3;"11:50";"1";"974";"1";"9";"1";5;-21;55
"48057";"202100048057";3;"13:15";"1";"55";"1";"1";"1";3;49;5
"48058";"202100048058";3;"06:15";"3";"64";"1";"1";"9";7;43;0
"48059";"202100048059";3;"17:00";"1";"29";"1";"1";"1";6;48;-4
"48060";"202100048060";3;"13:55";"1";"34";"1";"2";"1";4;43;3
"48061";"202100048061";3;"18:30";"1";"74";"1";"1";"1";6;46;6
"48062";"202100048062";3;"10:20";"1";"76";"1";"1";"2";1;49;1
"48063";"202100048063";3;"08:00";"1";"2B";"1";"1";"1";1;42;9
"48064";"202100048064";3;"09:40";"1";"89";"2";"1";"3";6;47;3
"48065";"202100048065";3;"18:20";"1";"61";"1";"1";"1";7;48;0
"48066";"202100048066";3;"15:41";"1";"68";"1";"1";"1";7;47;7
"48067";"202100048067";3;"22:40";"3";"22";"1";"3";"2";7;48;-3
"48068";"202100048068";3;"17:44";"1";"02";"1";"1";"1";7;49;3
"48069";"202100048069";3;"17:45";"1";"54";"1";"1";"2";1;49;5
"48070";"202100048070";3;"23:30";"4";"83";"1";"9";"1";6;43;6
"48071";"202100048071";3;"12:45";"1";"83";"1";"1";"1";7;43;5
"48072";"202100048072";3;"14:50";"1";"53";"1";"1";"1";6;47;0
"48073";"202100048073";3;"17:45";"1";"21";"2";"2";"2";6;47;4
"48074";"202100048074";3;"18:45";"2";"85";"1";"1";"1";7;46;-1
"48075";"202100048075";3;"09:35";"1";"85";"2";"3";"1";5;46;-1
"48076";"202100048076";3;"15:00";"1";"27";"2";"6";"1";2;48;0
"48077";"202100048077";3;"16:15";"1";"48";"1";"1";"1";6;44;3
"48078";"202100048078";3;"16:20";"1";"978";"2";"1";"1";1;18;-63
"48079";"202100048079";3;"07:20";"1";"01";"1";"1";"4";7;46;5
"48080";"202100048080";3;"09:25";"1";"33";"1";"1";"8";6;44;-1
"48081";"202100048081";3;"10:20";"1";"13";"1";"1";"1";2;43;5
"48082";"202100048082";3;"22:20";"3";"971";"1";"1";"1";1;16;-61
"48083";"202100048083";3;"15:40";"1";"987";"1";"1";"1";1;-17;-149
"48084";"202100048084";3;"23:50";"3";"973";"2";"6";"2";7;5;-53
"48085";"202100048085";3;"18:55";"2";"971";"1";"1";"1";2;16;-61
"48086";"202100048086";3;"18:20";"2";"77";"2";"1";"2";2;48;3
"48087";"202100048087";3;"16:52";"1";"13";"1";"1";"7";7;43;5
"48088";"202100048088";3;"08:50";"1";"13";"2";"6";"1";3;43;4
"48089";"202100048089";3;"20:00";"3";"89";"1";"1";"1";6;48;3
"48090";"202100048090";3;"12:15";"1";"88";"2";"6";"1";6;48;6
"48091";"202100048091";3;"16:25";"1";"55";"2";"1";"1";6;48;5
"48092";"202100048092";3;"17:00";"1";"55";"1";"1";"1";7;48;5
"48093";"202100048093";3;"15:10";"1";"73";"1";"1";"4";3;45;6
"48094";"202100048094";3;"09:50";"1";"26";"1";"3";"2";3;44;4
"48095";"202100048095";3;"12:00";"1";"09";"2";"1";"1";7;42;1
"48096";"202100048096";3;"17:00";"1";"22";"1";"2";"1";3;48;-1
"48097";"202100048097";3;"17:05";"1";"22";"2";"1";"1";6;48;-2
"48098";"202100048098";3;"09:29";"1";"27";"1";"1";"1";1;49;1
"48099";"202100048099";3;"11:40";"1";"13";"1";"1";"1";4;43;5
"48100";"202100048100";3;"18:30";"2";"13";"1";"1";"1";5;43;5
"48101";"202100048101";3;"09:10";"1";"13";"1";"1";"1";6;43;5
"48102";"202100048102";3;"08:17";"1";"13";"2";"1";"1";2;43;5
"48103";"202100048103";3;"19:42";"3";"13";"2";"1";"1";4;43;5
"48104";"202100048104";3;"09:20";"1";"13";"1";"1";"1";2;43;5
"48105";"202100048105";3;"17:20";"1";"69";"1";"1";"1";2;45;4
"48106";"202100048106";3;"05:30";"5";"33";"1";"1";"2";4;44;0
"48107";"202100048107";3;"20:15";"3";"94";"1";"1";"1";6;48;2
"48108";"202100048108";3;"19:55";"3";"91";"1";"1";"1";7;48;2
"48109";"202100048109";3;"16:45";"1";"94";"1";"1";"1";3;48;2
"48110";"202100048110";3;"00:00";"3";"92";"1";"1";"3";6;48;2
"48111";"202100048111";3;"13:30";"1";"93";"1";"1";"1";2;48;2
"48112";"202100048112";3;"10:15";"1";"93";"1";"1";"1";3;48;2
"48113";"202100048113";3;"08:40";"1";"95";"1";"1";"1";2;48;2
"48114";"202100048114";3;"19:00";"3";"93";"1";"1";"2";2;48;2
"48115";"202100048115";3;"21:20";"3";"94";"1";"1";"3";4;48;2
"48116";"202100048116";3;"14:10";"1";"94";"1";"1";"1";6;48;2
"48117";"202100048117";3;"10:10";"1";"988";"2";"1";"1";4;-22;166
"48118";"202100048118";3;"19:55";"5";"69";"2";"1";"2";6;45;4
"48119";"202100048119";3;"16:30";"1";"69";"2";"2";"1";3;45;4
"48120";"202100048120";3;"13:15";"1";"69";"2";"3";"1";3;45;4
"48121";"202100048121";3;"09:30";"1";"69";"2";"2";"1";3;45;4
"48122";"202100048122";3;"14:51";"1";"971";"2";"9";"1";3;16;-61
"48123";"202100048123";3;"19:00";"5";"971";"1";"1";"1";6;16;-61
"48124";"202100048124";3;"18:00";"1";"91";"2";"1";"2";6;48;2
"48125";"202100048125";3;"13:40";"1";"91";"2";"1";"1";4;48;2
"48126";"202100048126";3;"13:52";"1";"91";"2";"3";"1";6;48;2