"";"Num_Acc";"mois";"hrmn";"lum";"dep";"agg";"int";"atm";"col";"lat";"long"
"48127";"202100048127";3;"07:50";"1";"83";"2";"6";"1";3;43;6
"48128";"202100048128";3;"08:05";"1";"82";"2";"3";"1";3;43;1
"48129";"202100048129";3;"09:00";"1";"78";"2";"1";"1";2;48;2
"48130";"202100048130";3;"19:05";"5";"77";"2";"1";"8";7;48;2
"48131";"202100048131";3;"02:43";"5";"69";"2";"1";"1";6;45;4
"48132";"202100048132";3;"18:30";"1";"64";"2";"1";"1";7;43;-1
"48133";"202100048133";3;"23:35";"5";"59";"1";"1";"1";6;50;3
"48134";"202100048134";3;"18:05";"1";"50";"1";"1";"2";7;49;-1
"48135";"202100048135";3;"15:20";"1";"49";"2";"1";"1";7;47;0
"48136";"202100048136";3;"11:50";"1";"47";"2";"9";"1";3;44;0
"48137";"202100048137";3;"14:45";"1";"35";"2";"2";"1";6;48;-1
"48138";"202100048138";3;"21:15";"5";"33";"2";"1";"1";6;44;-1
"48139";"202100048139";3;"11:00";"1";"29";"2";"1";"1";6;48;-3
"48140";"202100048140";3;"18:20";"1";"29";"1";"1";"1";6;47;-3
"48141";"202100048141";3;"07:49";"2";"18";"2";"1";"1";5;47;2
"48142";"202100048142";3;"13:45";"1";"13";"2";"1";"1";2;43;5
"48143";"202100048143";3;"13:55";"1";"13";"2";"1";"1";3;43;5
"48144";"202100048144";3;"15:50";"1";"06";"2";"1";"1";1;43;7
"48145";"202100048145";3;"10:40";"1";"06";"2";"1";"1";6;43;7
"48146";"202100048146";3;"09:50";"1";"06";"2";"9";"1";3;43;7
"48147";"202100048147";3;"20:45";"5";"75";"2";"2";"1";3;48;2
"48148";"202100048148";3;"19:50";"2";"75";"2";"2";"2";3;48;2
"48149";"202100048149";3;"15:51";"1";"75";"2";"7";"1";3;48;2
"48150";"202100048150";3;"10:30";"1";"75";"2";"2";"1";3;48;2
"48151";"202100048151";3;"13:30";"1";"75";"2";"2";"8";7;48;2
"48152";"202100048152";3;"21:25";"5";"75";"2";"2";"1";1;48;2
"48153";"202100048153";3;"12:10";"1";"75";"2";"4";"2";6;48;2
"48154";"202100048154";3;"16:20";"1";"75";"2";"2";"2";3;48;2
"48155";"202100048155";3;"14:05";"1";"75";"2";"7";"2";3;48;2
"48156";"202100048156";3;"13:00";"1";"94";"2";"1";"1";2;48;2
"48157";"202100048157";3;"12:50";"1";"94";"2";"1";"1";2;48;2
"48158";"202100048158";3;"13:40";"1";"94";"2";"1";"8";6;48;2
"48159";"202100048159";3;"16:00";"1";"93";"2";"1";"1";3;48;2
"48160";"202100048160";3;"18:30";"1";"93";"2";"1";"2";2;48;2
"48161";"202100048161";3;"16:50";"1";"93";"2";"1";"2";6;48;2
"48162";"202100048162";3;"09:10";"1";"93";"2";"3";"2";3;48;2
"48163";"202100048163";3;"21:15";"3";"93";"2";"2";"1";3;48;2
"48164";"202100048164";3;"13:10";"1";"92";"2";"1";"2";6;48;2
"48165";"202100048165";3;"14:10";"1";"92";"2";"1";"1";2;48;2
"48166";"202100048166";3;"21:30";"5";"92";"2";"1";"2";2;48;2
"48167";"202100048167";3;"20:34";"5";"92";"2";"1";"1";2;48;2
"48168";"202100048168";3;"20:17";"5";"92";"2";"1";"1";3;48;2
"48169";"202100048169";3;"16:05";"1";"92";"2";"3";"2";3;48;2
"48170";"202100048170";3;"21:05";"5";"92";"2";"1";"2";7;48;2
"48171";"202100048171";3;"21:00";"5";"92";"2";"9";"2";7;48;2
"48172";"202100048172";2;"12:00";"1";"50";"1";"2";"1";4;48;-1
"48173";"202100048173";3;"17:35";"1";"01";"1";"1";"1";1;45;4
"48174";"202100048174";3;"12:00";"1";"68";"2";"3";"2";1;47;7
"48175";"202100048175";3;"20:00";"3";"84";"2";"6";"1";6;43;5
"48176";"202100048176";3;"17:40";"1";"26";"1";"1";"1";2;45;4
"48177";"202100048177";3;"23:25";"5";"83";"2";"1";"1";6;43;6
"48178";"202100048178";3;"13:02";"1";"44";"1";"1";"6";6;47;-1
"48179";"202100048179";3;"11:40";"1";"58";"1";"1";"8";2;47;2
"48180";"202100048180";3;"18:05";"1";"76";"1";"2";"2";3;49;0
"48181";"202100048181";3;"13:30";"1";"65";"2";"1";"1";7;43;0
"48182";"202100048182";3;"13:50";"1";"32";"1";"1";"6";6;43;0
"48183";"202100048183";3;"11:00";"1";"41";"1";"1";"8";7;47;1
"48184";"202100048184";3;"02:05";"5";"39";"2";"1";"2";6;46;5
"48185";"202100048185";3;"03:20";"3";"02";"1";"1";"2";6;49;3
"48186";"202100048186";3;"21:15";"3";"01";"1";"1";"2";6;45;5
"48187";"202100048187";3;"14:34";"1";"50";"1";"1";"1";6;49;-1
"48188";"202100048188";3;"12:15";"1";"64";"1";"1";"8";6;43;-1
"48189";"202100048189";3;"17:00";"1";"64";"1";"9";"1";7;43;-1
"48190";"202100048190";3;"15:45";"1";"73";"1";"2";"1";3;45;6
"48191";"202100048191";3;"14:00";"1";"18";"1";"1";"1";6;47;2
"48192";"202100048192";3;"15:55";"1";"10";"1";"1";"2";7;48;4
"48193";"202100048193";3;"18:10";"1";"07";"1";"1";"1";7;45;4
"48194";"202100048194";3;"14:30";"1";"85";"1";"1";"8";6;46;0
"48195";"202100048195";3;"09:40";"1";"30";"1";"1";"1";1;43;4
"48196";"202100048196";1;"17:30";"2";"88";"2";"3";"9";3;48;6
"48197";"202100048197";3;"00:20";"5";"973";"2";"1";"1";1;4;-52
"48198";"202100048198";3;"16:30";"1";"57";"1";"1";"4";6;49;6
"48199";"202100048199";3;"15:20";"1";"51";"1";"1";"6";7;49;4
"48200";"202100048200";3;"17:35";"1";"34";"1";"1";"1";4;43;3
"48201";"202100048201";3;"00:20";"5";"77";"2";"1";"2";6;49;2
"48202";"202100048202";3;"17:25";"1";"83";"1";"1";"1";1;43;5
"48203";"202100048203";3;"17:40";"1";"14";"2";"3";"1";3;48;0
"48204";"202100048204";3;"16:15";"1";"14";"2";"3";"1";6;49;0
"48205";"202100048205";3;"13:00";"1";"13";"1";"1";"1";3;43;5
"48206";"202100048206";3;"07:25";"1";"13";"1";"1";"1";7;43;5
"48207";"202100048207";3;"16:00";"1";"13";"1";"1";"1";3;43;5
"48208";"202100048208";3;"23:35";"4";"33";"1";"1";"2";6;44;0
"48209";"202100048209";3;"19:45";"3";"33";"1";"1";"2";6;44;0
"48210";"202100048210";3;"17:55";"1";"33";"1";"1";"2";7;44;0
"48211";"202100048211";3;"14:25";"1";"91";"1";"1";"2";2;48;2
"48212";"202100048212";3;"08:04";"2";"91";"1";"1";"2";7;48;2
"48213";"202100048213";3;"12:35";"1";"91";"1";"1";"1";2;48;2
"48214";"202100048214";3;"14:45";"1";"92";"1";"1";"2";4;48;2
"48215";"202100048215";3;"13:40";"1";"92";"1";"1";"2";2;48;2
"48216";"202100048216";3;"13:55";"1";"95";"1";"1";"1";2;49;2
"48217";"202100048217";3;"07:50";"1";"95";"1";"1";"2";3;49;2
"48218";"202100048218";3;"03:15";"3";"93";"1";"1";"2";2;48;2
"48219";"202100048219";3;"22:00";"3";"93";"1";"1";"2";6;48;2
"48220";"202100048220";3;"11:00";"1";"988";"2";"1";"1";2;-22;166
"48221";"202100048221";3;"09:45";"1";"974";"1";"1";"1";7;-21;55
"48222";"202100048222";3;"15:50";"1";"974";"2";"2";"1";3;-20;55
"48223";"202100048223";3;"21:45";"4";"973";"1";"1";"2";7;4;-52
"48224";"202100048224";3;"21:25";"5";"69";"2";"2";"1";3;45;4
"48225";"202100048225";3;"18:15";"2";"69";"2";"1";"1";2;45;4
"48226";"202100048226";3;"22:30";"5";"69";"2";"2";"2";3;45;4
"48227";"202100048227";3;"00:35";"3";"972";"1";"6";"1";1;14;-60
"48228";"202100048228";3;"08:00";"1";"69";"2";"1";"1";6;45;4
"48229";"202100048229";3;"05:35";"5";"69";"2";"1";"8";3;45;4
"48230";"202100048230";3;"13:20";"1";"971";"1";"1";"1";1;16;-61
"48231";"202100048231";3;"21:45";"5";"971";"1";"1";"1";6;16;-61
"48232";"202100048232";3;"21:12";"5";"91";"2";"9";"2";1;48;2
"48233";"202100048233";3;"16:25";"1";"91";"2";"2";"3";3;48;2
"48234";"202100048234";3;"15:45";"1";"87";"2";"1";"2";4;45;1
"48235";"202100048235";3;"06:22";"5";"87";"2";"1";"2";3;45;1
"48236";"202100048236";3;"09:33";"1";"87";"2";"2";"1";3;45;1
"48237";"202100048237";3;"11:10";"1";"83";"2";"1";"1";6;43;5
"48238";"202100048238";3;"10:00";"1";"83";"2";"3";"7";1;43;5
"48239";"202100048239";3;"13:40";"1";"79";"2";"2";"1";1;46;0
"48240";"202100048240";3;"11:50";"1";"77";"2";"1";"1";3;48;2
"48241";"202100048241";3;"17:40";"1";"76";"2";"3";"2";5;49;1
"48242";"202100048242";3;"08:35";"1";"76";"2";"9";"1";7;49;1
"48243";"202100048243";3;"08:45";"1";"76";"2";"1";"1";2;49;1
"48244";"202100048244";3;"07:45";"1";"76";"2";"1";"1";3;49;0
"48245";"202100048245";3;"15:39";"1";"71";"2";"1";"2";6;46;4
"48246";"202100048246";3;"18:15";"1";"69";"2";"1";"1";4;45;4
"48247";"202100048247";3;"07:15";"2";"69";"2";"1";"1";6;45;4
"48248";"202100048248";3;"10:45";"1";"65";"2";"3";"2";3;43;0
"48249";"202100048249";3;"11:35";"1";"65";"2";"1";"8";6;43;0
"48250";"202100048250";3;"13:00";"1";"64";"2";"2";"2";3;43;0
"48251";"202100048251";3;"18:08";"1";"64";"2";"1";"1";2;43;0
"48252";"202100048252";3;"15:00";"1";"64";"2";"6";"1";2;43;-1
"48253";"202100048253";3;"13:05";"1";"64";"2";"1";"1";2;43;-1
"48254";"202100048254";3;"00:15";"5";"62";"2";"2";"1";6;50;2
"48255";"202100048255";3;"05:30";"5";"57";"2";"5";"8";3;49;6
"48256";"202100048256";3;"09:30";"1";"56";"2";"6";"1";3;47;-2
"48257";"202100048257";3;"08:29";"1";"51";"2";"1";"1";2;49;4
"48258";"202100048258";3;"12:00";"1";"50";"2";"4";"1";6;49;-1
"48259";"202100048259";3;"15:00";"1";"49";"2";"1";"1";3;47;0
"48260";"202100048260";3;"15:45";"1";"49";"2";"1";"1";3;47;0
"48261";"202100048261";3;"13:25";"1";"49";"2";"1";"1";2;47;0
"48262";"202100048262";3;"09:06";"1";"49";"2";"1";"1";6;47;0
"48263";"202100048263";3;"07:55";"1";"49";"1";"1";"1";2;47;0
"48264";"202100048264";3;"18:25";"1";"45";"2";"1";"8";7;47;2
"48265";"202100048265";3;"16:06";"1";"45";"2";"3";"1";3;47;2
"48266";"202100048266";3;"17:00";"2";"42";"2";"4";"1";6;45;4
"48267";"202100048267";3;"12:59";"1";"42";"2";"2";"1";3;45;4
"48268";"202100048268";3;"18:37";"1";"40";"2";"2";"1";3;43;0
"48269";"202100048269";3;"23:20";"5";"38";"2";"2";"1";3;45;5
"48270";"202100048270";3;"14:00";"1";"35";"2";"2";"2";3;48;-1
"48271";"202100048271";3;"12:00";"1";"35";"2";"1";"1";6;48;-1
"48272";"202100048272";3;"18:00";"1";"35";"2";"1";"1";4;48;-1
"48273";"202100048273";3;"17:05";"1";"33";"2";"1";"1";2;44;0
"48274";"202100048274";3;"16:25";"1";"30";"2";"2";"1";6;43;4
"48275";"202100048275";3;"07:40";"2";"30";"2";"3";"1";3;44;4
"48276";"202100048276";3;"18:25";"2";"27";"2";"1";"2";7;49;1
"48277";"202100048277";3;"08:52";"1";"17";"2";"1";"2";6;46;-1
"48278";"202100048278";3;"08:08";"1";"17";"1";"1";"1";4;46;-1
"48279";"202100048279";3;"17:20";"1";"13";"2";"1";"1";6;43;5
"48280";"202100048280";3;"13:13";"1";"13";"2";"1";"1";6;43;5
"48281";"202100048281";3;"18:00";"1";"13";"2";"2";"1";3;43;5
"48282";"202100048282";3;"09:55";"1";"10";"2";"3";"1";3;48;4
"48283";"202100048283";3;"21:30";"5";"06";"2";"1";"1";6;43;7
"48284";"202100048284";3;"17:19";"1";"06";"2";"1";"1";6;43;7
"48285";"202100048285";2;"17:05";"1";"01";"2";"6";"1";3;46;5
"48286";"202100048286";3;"18:33";"2";"75";"2";"5";"2";3;48;2
"48287";"202100048287";3;"19:20";"5";"75";"2";"3";"2";3;48;2
"48288";"202100048288";3;"21:00";"2";"75";"2";"2";"1";3;48;2
"48289";"202100048289";3;"13:15";"1";"75";"2";"1";"1";3;48;2
"48290";"202100048290";3;"02:45";"5";"75";"2";"3";"1";2;48;2
"48291";"202100048291";3;"13:05";"1";"75";"2";"4";"1";3;48;2
"48292";"202100048292";3;"21:10";"5";"75";"2";"2";"2";3;48;2
"48293";"202100048293";3;"11:30";"1";"75";"2";"2";"1";6;48;2
"48294";"202100048294";3;"17:10";"1";"75";"2";"3";"1";7;48;2
"48295";"202100048295";3;"09:10";"1";"75";"2";"3";"1";3;48;2
"48296";"202100048296";3;"07:47";"1";"75";"2";"7";"1";3;48;2
"48297";"202100048297";3;"19:30";"5";"75";"2";"2";"2";6;48;2
"48298";"202100048298";3;"15:50";"1";"75";"2";"4";"2";6;48;2
"48299";"202100048299";3;"09:15";"1";"94";"2";"1";"1";6;48;2
"48300";"202100048300";3;"09:15";"1";"94";"2";"3";"2";3;48;2
"48301";"202100048301";3;"20:24";"5";"94";"2";"1";"3";6;48;2
"48302";"202100048302";3;"15:50";"1";"94";"2";"2";"2";3;48;2
"48303";"202100048303";3;"09:45";"1";"94";"2";"1";"1";2;48;2
"48304";"202100048304";3;"08:50";"1";"94";"2";"1";"1";6;48;2
"48305";"202100048305";3;"12:20";"1";"94";"2";"1";"8";2;48;2
"48306";"202100048306";3;"17:00";"1";"93";"2";"1";"8";6;48;2
"48307";"202100048307";3;"11:15";"1";"93";"2";"3";"1";6;48;2
"48308";"202100048308";3;"14:20";"1";"93";"2";"4";"2";2;48;2
"48309";"202100048309";3;"09:30";"1";"93";"2";"3";"1";3;48;2
"48310";"202100048310";3;"15:30";"1";"93";"2";"1";"1";6;48;2
"48311";"202100048311";3;"13:04";"1";"93";"2";"2";"1";6;48;2
"48312";"202100048312";3;"17:50";"2";"93";"2";"2";"2";3;48;2
"48313";"202100048313";3;"12:15";"1";"93";"2";"3";"1";4;48;2
"48314";"202100048314";3;"10:35";"1";"92";"2";"1";"1";2;48;2
"48315";"202100048315";3;"16:10";"1";"92";"2";"2";"8";1;48;2
"48316";"202100048316";3;"10:40";"1";"92";"2";"9";"1";4;48;2
"48317";"202100048317";3;"12:00";"1";"92";"2";"1";"1";3;48;2
"48318";"202100048318";3;"21:30";"3";"31";"1";"1";"1";6;43;1
"48319";"202100048319";2;"06:05";"2";"972";"1";"1";"1";1;14;-60
"48320";"202100048320";3;"19:20";"3";"972";"1";"1";"1";6;14;-61
"48321";"202100048321";3;"01:45";"3";"62";"1";"3";"6";6;50;1
"48322";"202100048322";3;"10:45";"1";"56";"2";"6";"3";2;47;-2
"48323";"202100048323";3;"07:55";"1";"76";"1";"1";"2";3;49;0
"48324";"202100048324";3;"20:20";"3";"2B";"1";"1";"1";3;42;8
"48325";"202100048325";3;"16:00";"1";"11";"2";"1";"1";7;43;2
"48326";"202100048326";3;"10:48";"1";"71";"2";"2";"1";3;46;4
"48327";"202100048327";3;"07:45";"1";"49";"1";"2";"2";3;47;0
"48328";"202100048328";3;"13:10";"1";"12";"2";"2";"2";3;44;2
"48329";"202100048329";3;"16:10";"1";"34";"1";"1";"1";6;43;3
"48330";"202100048330";3;"14:30";"1";"60";"2";"1";"1";7;49;2
"48331";"202100048331";3;"10:20";"1";"18";"1";"3";"1";3;46;2
"48332";"202100048332";3;"12:50";"1";"36";"2";"1";"1";2;46;1
"48333";"202100048333";3;"17:30";"2";"16";"1";"1";"1";6;45;0
"48334";"202100048334";3;"23:45";"3";"07";"1";"1";"1";7;44;4
"48335";"202100048335";3;"08:45";"1";"85";"2";"6";"7";6;46;-1
"48336";"202100048336";3;"10:30";"1";"48";"1";"4";"1";1;44;3
"48337";"202100048337";3;"19:20";"5";"971";"2";"1";"1";6;16;-61
"48338";"202100048338";3;"15:50";"1";"988";"1";"1";"1";7;-21;165
"48339";"202100048339";3;"07:15";"1";"988";"1";"1";"1";7;-21;165
"48340";"202100048340";3;"23:38";"3";"21";"1";"1";"1";6;47;5
"48341";"202100048341";3;"16:00";"1";"57";"1";"9";"1";3;49;6
"48342";"202100048342";3;"11:00";"1";"74";"1";"1";"6";2;46;6
"48343";"202100048343";3;"19:20";"5";"38";"1";"3";"1";3;45;5
"48344";"202100048344";3;"18:22";"3";"01";"1";"1";"3";7;46;5
"48345";"202100048345";3;"18:40";"2";"65";"1";"1";"1";7;43;0
"48346";"202100048346";3;"17:20";"1";"29";"1";"1";"2";7;48;-4
"48347";"202100048347";3;"17:00";"1";"35";"1";"3";"1";2;48;-1
"48348";"202100048348";3;"18:00";"1";"69";"1";"1";"1";4;45;4
"48349";"202100048349";3;"17:40";"1";"33";"1";"1";"1";3;44;0
"48350";"202100048350";3;"07:45";"1";"33";"1";"1";"1";4;44;0
"48351";"202100048351";3;"10:20";"1";"91";"1";"1";"1";5;48;2
"48352";"202100048352";3;"07:00";"1";"92";"1";"1";"1";6;48;2
"48353";"202100048353";3;"08:55";"1";"91";"1";"1";"1";1;48;2
"48354";"202100048354";3;"17:55";"5";"92";"1";"1";"2";7;48;2
"48355";"202100048355";3;"10:40";"1";"78";"1";"1";"1";3;48;1
"48356";"202100048356";3;"18:35";"5";"92";"1";"1";"1";3;48;2
"48357";"202100048357";3;"15:00";"1";"95";"1";"1";"2";6;49;2
"48358";"202100048358";3;"22:15";"3";"95";"1";"1";"1";6;49;2
"48359";"202100048359";3;"08:45";"1";"95";"1";"1";"2";6;49;2
"48360";"202100048360";3;"22:00";"3";"95";"1";"1";"2";2;49;2
"48361";"202100048361";3;"06:45";"2";"95";"1";"1";"1";5;48;2
"48362";"202100048362";3;"10:48";"1";"988";"2";"1";"1";6;-22;166
"48363";"202100048363";3;"07:00";"1";"988";"2";"6";"1";2;-22;166
"48364";"202100048364";3;"18:55";"5";"976";"2";"2";"1";1;-12;45
"48365";"202100048365";3;"18:00";"1";"974";"2";"1";"7";6;-21;55
"48366";"202100048366";3;"08:20";"1";"974";"2";"2";"1";3;-21;55
"48367";"202100048367";3;"13:30";"1";"974";"2";"9";"1";1;-20;55
"48368";"202100048368";3;"18:55";"5";"69";"2";"2";"2";4;45;4
"48369";"202100048369";3;"18:45";"2";"69";"2";"2";"3";6;45;4
"48370";"202100048370";3;"13:30";"1";"69";"2";"3";"1";6;45;4
"48371";"202100048371";3;"07:00";"1";"69";"2";"1";"1";3;45;4
"48372";"202100048372";3;"10:20";"1";"972";"2";"6";"1";6;14;-60
"48373";"202100048373";3;"10:40";"1";"972";"1";"1";"1";2;14;-61
"48374";"202100048374";3;"11:45";"1";"69";"2";"1";"1";6;45;4
"48375";"202100048375";3;"15:30";"1";"2B";"2";"1";"1";3;42;9
"48376";"202100048376";3;"10:15";"1";"2B";"2";"6";"1";3;42;9
"48377";"202100048377";3;"21:30";"5";"2A";"2";"8";"1";7;41;8
"48378";"202100048378";3;"13:18";"1";"91";"1";"1";"1";6;48;2
"48379";"202100048379";3;"22:00";"5";"91";"2";"2";"1";3;48;2
"48380";"202100048380";3;"09:40";"1";"91";"2";"1";"1";1;48;2
"48381";"202100048381";3;"09:44";"1";"87";"2";"1";"1";6;45;1
"48382";"202100048382";3;"07:45";"2";"83";"1";"1";"1";1;43;5
"48383";"202100048383";3;"11:10";"1";"80";"2";"1";"1";3;49;2
"48384";"202100048384";3;"07:00";"3";"80";"2";"1";"1";6;49;2
"48385";"202100048385";3;"13:35";"1";"80";"2";"1";"1";2;49;2
"48386";"202100048386";3;"17:40";"1";"79";"2";"1";"2";6;46;0
"48387";"202100048387";3;"16:30";"1";"77";"2";"3";"1";2;48;2
"48388";"202100048388";3;"16:50";"1";"77";"2";"3";"1";3;48;2
"48389";"202100048389";3;"11:30";"1";"76";"2";"3";"1";6;49;1
"48390";"202100048390";3;"21:10";"5";"76";"2";"2";"1";5;49;0
"48391";"202100048391";3;"21:21";"5";"72";"2";"1";"1";6;47;0
"48392";"202100048392";3;"14:20";"1";"69";"2";"2";"1";3;45;4
"48393";"202100048393";3;"15:00";"1";"67";"2";"3";"1";3;48;7
"48394";"202100048394";3;"13:30";"1";"67";"2";"3";"1";3;48;7
"48395";"202100048395";3;"13:20";"1";"67";"2";"1";"1";2;48;7
"48396";"202100048396";3;"18:10";"1";"64";"2";"3";"2";3;43;-1
"48397";"202100048397";3;"17:55";"1";"64";"2";"2";"1";2;43;-1
"48398";"202100048398";3;"08:15";"1";"64";"2";"6";"1";3;43;-1
"48399";"202100048399";3;"08:12";"1";"63";"2";"4";"1";6;45;3
"48400";"202100048400";3;"11:57";"1";"63";"2";"1";"1";6;45;3
"48401";"202100048401";3;"17:45";"1";"59";"2";"2";"6";3;50;3
"48402";"202100048402";3;"10:18";"1";"57";"1";"1";"1";1;49;6
"48403";"202100048403";3;"19:20";"5";"56";"2";"1";"2";1;47;-3
"48404";"202100048404";3;"11:40";"1";"54";"2";"2";"1";6;48;6
"48405";"202100048405";3;"08:00";"1";"51";"2";"1";"2";7;49;4
"48406";"202100048406";3;"12:05";"1";"50";"2";"1";"1";6;49;-1
"48407";"202100048407";3;"07:50";"1";"44";"2";"1";"2";6;47;-1
"48408";"202100048408";3;"13:50";"1";"43";"2";"3";"8";3;45;3
"48409";"202100048409";3;"16:20";"1";"37";"2";"1";"1";6;47;0
"48410";"202100048410";3;"12:45";"1";"37";"2";"1";"1";6;47;0
"48411";"202100048411";3;"17:37";"1";"35";"2";"1";"1";2;48;-1
"48412";"202100048412";3;"17:30";"1";"35";"1";"1";"2";2;48;-1
"48413";"202100048413";3;"16:15";"1";"30";"2";"1";"1";4;44;4
"48414";"202100048414";3;"14:50";"1";"28";"1";"1";"1";4;48;1
"48415";"202100048415";2;"20:17";"4";"18";"1";"1";"1";3;47;2
"48416";"202100048416";3;"17:55";"1";"14";"2";"2";"1";3;49;0
"48417";"202100048417";3;"10:15";"1";"14";"1";"1";"1";6;49;0
"48418";"202100048418";3;"16:35";"1";"30";"1";"2";"1";3;43;4
"48419";"202100048419";3;"20:30";"3";"13";"2";"1";"1";3;43;5
"48420";"202100048420";3;"19:50";"2";"13";"2";"1";"1";3;43;5
"48421";"202100048421";3;"13:15";"1";"13";"2";"9";"1";6;43;5
"48422";"202100048422";3;"14:10";"1";"13";"2";"1";"1";2;43;5
"48423";"202100048423";3;"08:30";"1";"13";"2";"2";"1";1;43;5
"48424";"202100048424";3;"17:00";"1";"13";"2";"1";"1";6;43;5
"48425";"202100048425";3;"11:55";"1";"13";"2";"1";"1";1;43;5
"48426";"202100048426";3;"10:50";"1";"10";"2";"1";"1";2;48;4
"48427";"202100048427";3;"15:55";"1";"06";"1";"1";"1";3;43;7
"48428";"202100048428";3;"18:25";"2";"03";"2";"1";"1";6;46;2
"48429";"202100048429";3;"17:40";"2";"75";"2";"1";"8";2;48;2
"48430";"202100048430";3;"16:20";"1";"75";"2";"1";"1";5;48;2
"48431";"202100048431";3;"07:45";"1";"75";"2";"2";"8";6;48;2
"48432";"202100048432";3;"18:20";"1";"75";"2";"1";"1";3;48;2
"48433";"202100048433";3;"16:05";"1";"75";"2";"1";"2";6;48;2
"48434";"202100048434";3;"19:10";"5";"75";"2";"1";"2";2;48;2
"48435";"202100048435";3;"08:50";"1";"75";"2";"7";"2";3;48;2
"48436";"202100048436";3;"08:50";"1";"75";"2";"2";"2";3;48;2
"48437";"202100048437";3;"08:50";"1";"75";"2";"2";"1";3;48;2
"48438";"202100048438";3;"07:05";"2";"75";"2";"1";"2";3;48;2
"48439";"202100048439";3;"14:25";"1";"75";"2";"1";"2";3;48;2
"48440";"202100048440";3;"11:16";"1";"75";"2";"2";"1";5;48;2
"48441";"202100048441";3;"13:35";"1";"75";"2";"2";"2";3;48;2
"48442";"202100048442";3;"13:00";"1";"75";"2";"2";"1";7;48;2
"48443";"202100048443";3;"16:00";"1";"75";"2";"7";"2";1;48;2
"48444";"202100048444";3;"15:20";"1";"75";"2";"2";"8";6;48;2
"48445";"202100048445";3;"09:20";"1";"94";"2";"1";"1";6;48;2
"48446";"202100048446";3;"19:20";"5";"94";"2";"1";"8";3;48;2
"48447";"202100048447";3;"18:15";"1";"94";"2";"1";"2";6;48;2
"48448";"202100048448";3;"08:15";"1";"94";"2";"3";"8";3;48;2
"48449";"202100048449";3;"09:45";"1";"94";"2";"1";"1";4;48;2
"48450";"202100048450";3;"19:00";"2";"93";"2";"3";"2";6;48;2
"48451";"202100048451";3;"19:00";"3";"93";"2";"1";"1";6;48;2
"48452";"202100048452";3;"10:30";"1";"93";"2";"1";"1";3;48;2
"48453";"202100048453";3;"08:25";"1";"93";"2";"9";"2";3;48;2
"48454";"202100048454";3;"12:00";"1";"93";"2";"1";"1";6;48;2
"48455";"202100048455";3;"17:20";"2";"93";"2";"1";"2";6;48;2
"48456";"202100048456";3;"15:05";"1";"93";"2";"1";"2";2;48;2
"48457";"202100048457";3;"09:00";"1";"93";"2";"2";"1";3;48;2
"48458";"202100048458";3;"17:50";"1";"92";"2";"1";"1";2;48;2
"48459";"202100048459";3;"13:40";"1";"06";"2";"1";"1";6;43;7
"48460";"202100048460";3;"15:45";"1";"40";"1";"1";"1";2;43;-1
"48461";"202100048461";3;"18:45";"5";"10";"1";"1";"1";7;48;3
"48462";"202100048462";3;"18:22";"1";"35";"1";"1";"1";2;48;-1
"48463";"202100048463";3;"16:15";"1";"22";"1";"1";"4";7;48;-3
"48464";"202100048464";2;"19:00";"3";"34";"1";"1";"1";6;43;3
"48465";"202100048465";3;"11:00";"1";"58";"1";"1";"1";7;47;2
"48466";"202100048466";1;"18:55";"3";"83";"1";"1";"1";1;43;5
"48467";"202100048467";3;"06:35";"2";"59";"1";"1";"1";6;50;4
"48468";"202100048468";3;"10:35";"1";"79";"1";"1";"2";3;46;0
"48469";"202100048469";3;"17:40";"1";"80";"2";"1";"7";6;49;3
"48470";"202100048470";3;"15:45";"1";"33";"1";"1";"8";6;44;0
"48471";"202100048471";3;"09:15";"1";"11";"1";"1";"1";3;43;2
"48472";"202100048472";3;"14:50";"1";"63";"2";"5";"1";6;45;3
"48473";"202100048473";3;"07:00";"1";"55";"1";"1";"1";7;49;5
"48474";"202100048474";3;"13:14";"1";"31";"1";"6";"1";3;43;1
"48475";"202100048475";3;"16:40";"1";"01";"1";"1";"1";6;46;5
"48476";"202100048476";3;"13:50";"1";"70";"1";"1";"1";3;47;6
"48477";"202100048477";3;"08:05";"1";"26";"1";"1";"1";5;44;5
"48478";"202100048478";3;"11:00";"1";"06";"1";"1";"1";5;43;6
"48479";"202100048479";3;"17:00";"1";"16";"2";"1";"7";2;45;0
"48480";"202100048480";3;"07:00";"2";"85";"1";"2";"1";3;46;0
"48481";"202100048481";3;"15:45";"1";"52";"1";"1";"1";3;47;5
"48482";"202100048482";3;"14:30";"1";"71";"1";"1";"1";6;46;5
"48483";"202100048483";1;"18:05";"1";"987";"2";"3";"1";3;-17;-149
"48484";"202100048484";3;"17:30";"1";"33";"1";"1";"2";4;44;0
"48485";"202100048485";3;"09:15";"1";"06";"1";"1";"1";7;43;7
"48486";"202100048486";3;"19:00";"2";"45";"1";"9";"6";3;47;1
"48487";"202100048487";3;"17:45";"1";"95";"2";"1";"8";2;49;2
"48488";"202100048488";3;"09:00";"1";"05";"1";"1";"1";7;44;5
"48489";"202100048489";3;"15:00";"1";"07";"1";"1";"1";1;45;4
"48490";"202100048490";3;"17:15";"1";"69";"1";"1";"1";3;45;4
"48491";"202100048491";3;"18:10";"1";"13";"1";"1";"1";2;43;5