"";"Num_Acc";"mois";"hrmn";"lum";"dep";"agg";"int";"atm";"col";"lat";"long"
"48492";"202100048492";3;"18:30";"1";"13";"1";"1";"1";2;43;5
"48493";"202100048493";3;"09:10";"1";"13";"1";"1";"1";3;43;5
"48494";"202100048494";3;"21:10";"3";"69";"1";"1";"1";2;45;4
"48495";"202100048495";3;"09:31";"1";"91";"1";"1";"1";3;48;2
"48496";"202100048496";3;"08:10";"1";"78";"1";"1";"1";2;48;1
"48497";"202100048497";3;"20:30";"4";"93";"1";"1";"1";2;48;2
"48498";"202100048498";3;"18:00";"1";"94";"1";"1";"1";4;48;2
"48499";"202100048499";3;"16:15";"1";"94";"1";"1";"1";3;48;2
"48500";"202100048500";3;"08:15";"1";"93";"1";"1";"2";2;48;2
"48501";"202100048501";1;"16:30";"1";"74";"2";"8";"1";6;46;6
"48502";"202100048502";3;"08:40";"1";"974";"2";"1";"1";1;-20;55
"48503";"202100048503";3;"16:25";"1";"974";"2";"9";"1";3;-20;55
"48504";"202100048504";3;"15:30";"1";"69";"2";"3";"1";2;45;4
"48505";"202100048505";3;"12:50";"1";"69";"2";"1";"1";6;45;4
"48506";"202100048506";3;"10:48";"1";"69";"2";"6";"1";2;45;4
"48507";"202100048507";3;"20:17";"3";"69";"2";"1";"1";2;45;4
"48508";"202100048508";3;"18:45";"2";"69";"2";"3";"1";3;45;4
"48509";"202100048509";1;"12:50";"1";"971";"2";"1";"1";6;16;-61
"48510";"202100048510";3;"14:10";"1";"95";"2";"1";"1";6;48;2
"48511";"202100048511";3;"12:10";"1";"95";"2";"1";"1";4;48;2
"48512";"202100048512";3;"17:10";"1";"95";"2";"1";"2";6;48;2
"48513";"202100048513";3;"13:45";"1";"91";"2";"1";"1";6;48;2
"48514";"202100048514";3;"07:15";"1";"91";"2";"9";"1";2;48;2
"48515";"202100048515";3;"13:35";"1";"91";"2";"1";"1";2;48;2
"48516";"202100048516";3;"12:45";"1";"87";"2";"2";"1";3;45;1
"48517";"202100048517";3;"17:35";"1";"78";"2";"1";"2";2;48;2
"48518";"202100048518";3;"11:20";"1";"77";"1";"1";"1";1;48;2
"48519";"202100048519";3;"22:55";"4";"76";"2";"1";"8";7;49;1
"48520";"202100048520";3;"15:25";"1";"74";"2";"2";"1";3;45;6
"48521";"202100048521";3;"18:30";"1";"72";"2";"1";"1";5;47;0
"48522";"202100048522";3;"18:00";"1";"69";"2";"1";"1";1;45;4
"48523";"202100048523";3;"14:25";"1";"69";"2";"3";"1";3;45;4
"48524";"202100048524";3;"14:45";"1";"68";"2";"1";"1";3;47;7
"48525";"202100048525";3;"12:25";"1";"67";"2";"3";"1";3;48;7
"48526";"202100048526";3;"11:15";"1";"67";"2";"8";"1";3;48;7
"48527";"202100048527";3;"17:10";"1";"65";"2";"1";"1";1;43;0
"48528";"202100048528";3;"18:45";"1";"64";"1";"6";"1";5;43;0
"48529";"202100048529";3;"11:05";"1";"64";"2";"2";"1";3;43;0
"48530";"202100048530";3;"17:05";"1";"64";"2";"3";"1";3;43;0
"48531";"202100048531";3;"09:40";"1";"64";"2";"2";"1";3;43;0
"48532";"202100048532";3;"15:20";"1";"64";"2";"1";"1";3;43;-1
"48533";"202100048533";3;"18:05";"1";"64";"2";"6";"1";2;43;-1
"48534";"202100048534";3;"17:15";"1";"64";"2";"9";"1";3;43;-1
"48535";"202100048535";3;"11:48";"1";"63";"2";"1";"1";3;45;3
"48536";"202100048536";3;"11:39";"1";"63";"2";"3";"1";4;45;3
"48537";"202100048537";3;"14:30";"1";"62";"2";"2";"1";3;50;2
"48538";"202100048538";3;"13:15";"1";"59";"2";"3";"1";1;51;2
"48539";"202100048539";3;"21:00";"5";"59";"2";"2";"1";3;50;2
"48540";"202100048540";3;"00:14";"5";"57";"2";"1";"1";6;49;6
"48541";"202100048541";3;"07:45";"1";"56";"2";"1";"1";3;47;-2
"48542";"202100048542";3;"18:15";"1";"56";"2";"3";"1";6;47;-3
"48543";"202100048543";3;"07:40";"2";"56";"2";"1";"1";6;47;-3
"48544";"202100048544";3;"13:30";"1";"51";"2";"1";"1";4;49;4
"48545";"202100048545";3;"17:35";"1";"47";"2";"4";"1";6;44;0
"48546";"202100048546";3;"18:10";"2";"37";"1";"1";"1";6;47;0
"48547";"202100048547";3;"14:30";"1";"35";"2";"2";"2";3;48;-1
"48548";"202100048548";2;"16:30";"1";"34";"2";"1";"8";1;43;3
"48549";"202100048549";3;"23:30";"5";"33";"2";"3";"2";3;44;0
"48550";"202100048550";3;"11:33";"1";"29";"2";"6";"3";3;47;-4
"48551";"202100048551";3;"16:50";"1";"29";"2";"1";"1";6;48;-4
"48552";"202100048552";3;"12:10";"1";"26";"2";"2";"1";3;44;4
"48553";"202100048553";3;"11:30";"1";"26";"2";"1";"1";2;44;4
"48554";"202100048554";3;"17:28";"1";"17";"1";"1";"1";4;46;-1
"48555";"202100048555";3;"17:00";"1";"15";"2";"1";"1";6;44;2
"48556";"202100048556";3;"08:00";"1";"13";"2";"1";"1";6;43;5
"48557";"202100048557";3;"15:54";"1";"13";"2";"2";"1";6;43;5
"48558";"202100048558";3;"11:20";"1";"13";"2";"3";"1";3;43;4
"48559";"202100048559";3;"07:40";"1";"06";"2";"1";"1";6;43;6
"48560";"202100048560";3;"09:10";"1";"75";"2";"2";"1";3;48;2
"48561";"202100048561";3;"12:45";"1";"75";"2";"4";"1";6;48;2
"48562";"202100048562";3;"21:35";"5";"75";"2";"2";"2";7;48;2
"48563";"202100048563";3;"16:25";"1";"75";"2";"3";"1";6;48;2
"48564";"202100048564";3;"08:45";"1";"75";"2";"3";"1";3;48;2
"48565";"202100048565";3;"12:50";"1";"75";"2";"2";"1";3;48;2
"48566";"202100048566";3;"21:25";"5";"75";"2";"2";"1";3;48;2
"48567";"202100048567";3;"14:45";"1";"75";"2";"5";"1";3;48;2
"48568";"202100048568";3;"08:35";"1";"75";"2";"2";"1";7;48;2
"48569";"202100048569";3;"17:30";"1";"75";"2";"1";"2";3;48;2
"48570";"202100048570";3;"18:00";"2";"75";"2";"1";"2";3;48;2
"48571";"202100048571";3;"11:30";"1";"75";"2";"3";"1";3;48;2
"48572";"202100048572";3;"12:40";"1";"75";"2";"1";"1";3;48;2
"48573";"202100048573";3;"06:52";"1";"75";"2";"2";"1";6;48;2
"48574";"202100048574";3;"15:35";"1";"75";"2";"2";"1";2;48;2
"48575";"202100048575";3;"11:15";"1";"75";"2";"2";"8";6;48;2
"48576";"202100048576";3;"07:20";"1";"75";"2";"2";"1";3;48;2
"48577";"202100048577";3;"13:00";"1";"75";"2";"2";"1";2;48;2
"48578";"202100048578";3;"18:45";"5";"75";"2";"7";"1";3;48;2
"48579";"202100048579";3;"17:30";"1";"94";"2";"1";"2";6;48;2
"48580";"202100048580";3;"15:20";"1";"94";"2";"2";"1";3;48;2
"48581";"202100048581";3;"14:50";"1";"94";"2";"1";"1";2;48;2
"48582";"202100048582";3;"18:05";"2";"94";"2";"1";"2";6;48;2
"48583";"202100048583";3;"14:55";"1";"94";"2";"1";"1";7;48;2
"48584";"202100048584";3;"21:40";"5";"94";"2";"1";"2";6;48;2
"48585";"202100048585";3;"08:40";"1";"94";"2";"1";"1";6;48;2
"48586";"202100048586";3;"15:18";"1";"94";"2";"1";"1";6;48;2
"48587";"202100048587";3;"19:30";"5";"94";"2";"1";"2";6;48;2
"48588";"202100048588";3;"10:05";"1";"93";"2";"1";"1";6;48;2
"48589";"202100048589";3;"17:00";"1";"93";"2";"9";"2";3;48;2
"48590";"202100048590";3;"10:00";"1";"93";"2";"1";"1";3;48;2
"48591";"202100048591";3;"12:40";"1";"93";"2";"2";"1";3;48;2
"48592";"202100048592";3;"19:30";"5";"93";"2";"2";"2";3;48;2
"48593";"202100048593";3;"20:40";"5";"93";"2";"1";"2";6;48;2
"48594";"202100048594";3;"19:45";"5";"92";"2";"1";"2";3;48;2
"48595";"202100048595";3;"18:30";"2";"92";"2";"3";"2";2;48;2
"48596";"202100048596";3;"01:25";"5";"92";"2";"2";"1";3;48;2
"48597";"202100048597";3;"08:15";"1";"974";"1";"1";"1";6;-21;55
"48598";"202100048598";3;"19:43";"3";"974";"2";"1";"1";6;-21;55
"48599";"202100048599";3;"17:45";"2";"51";"2";"1";"1";6;48;4
"48600";"202100048600";3;"23:40";"3";"83";"2";"1";"1";7;43;6
"48601";"202100048601";3;"20:30";"5";"972";"2";"1";"1";3;14;-61
"48602";"202100048602";3;"18:05";"2";"68";"2";"6";"1";2;47;7
"48603";"202100048603";3;"07:20";"1";"01";"1";"6";"1";3;46;6
"48604";"202100048604";3;"11:10";"1";"74";"1";"1";"1";1;45;6
"48605";"202100048605";3;"08:50";"1";"06";"1";"1";"1";7;43;7
"48606";"202100048606";3;"11:10";"1";"01";"2";"3";"1";6;46;6
"48607";"202100048607";3;"11:30";"1";"74";"2";"1";"1";2;45;6
"48608";"202100048608";3;"12:05";"1";"74";"2";"3";"1";6;45;6
"48609";"202100048609";3;"13:50";"1";"80";"2";"3";"6";7;50;1
"48610";"202100048610";3;"16:05";"1";"80";"1";"1";"2";6;49;1
"48611";"202100048611";3;"10:45";"1";"82";"1";"2";"1";3;43;1
"48612";"202100048612";3;"03:30";"3";"55";"1";"1";"2";7;48;5
"48613";"202100048613";3;"12:05";"1";"25";"1";"1";"1";6;47;6
"48614";"202100048614";3;"16:45";"1";"29";"2";"3";"1";6;48;-4
"48615";"202100048615";3;"17:10";"1";"03";"2";"1";"1";7;46;2
"48616";"202100048616";3;"13:00";"1";"66";"1";"1";"1";7;42;2
"48617";"202100048617";3;"17:50";"1";"36";"1";"1";"1";7;46;2
"48618";"202100048618";3;"16:15";"1";"40";"1";"3";"1";2;43;0
"48619";"202100048619";3;"16:15";"1";"85";"1";"1";"1";3;47;-1
"48620";"202100048620";3;"18:45";"1";"27";"1";"1";"1";6;49;1
"48621";"202100048621";3;"13:00";"1";"24";"1";"1";"1";6;44;0
"48622";"202100048622";3;"13:45";"1";"06";"1";"1";"1";2;43;7
"48623";"202100048623";3;"08:40";"1";"42";"1";"1";"1";2;45;4
"48624";"202100048624";3;"12:40";"1";"38";"2";"1";"1";6;45;6
"48625";"202100048625";3;"08:30";"1";"51";"1";"1";"2";4;49;4
"48626";"202100048626";3;"12:50";"1";"69";"1";"1";"1";3;45;4
"48627";"202100048627";3;"16:00";"1";"95";"1";"1";"1";6;49;1
"48628";"202100048628";3;"14:30";"1";"06";"2";"4";"1";3;43;7
"48629";"202100048629";3;"16:45";"1";"13";"1";"1";"1";2;43;5
"48630";"202100048630";3;"19:30";"5";"01";"2";"3";"1";3;45;4
"48631";"202100048631";3;"14:00";"1";"69";"2";"2";"1";3;45;4
"48632";"202100048632";3;"14:50";"1";"17";"1";"4";"1";1;45;0
"48633";"202100048633";3;"16:30";"1";"16";"1";"1";"3";6;45;0
"48634";"202100048634";3;"09:10";"1";"56";"2";"6";"1";3;47;-3
"48635";"202100048635";3;"10:00";"1";"13";"1";"1";"1";2;43;5
"48636";"202100048636";3;"08:41";"1";"13";"1";"1";"1";5;43;5
"48637";"202100048637";3;"09:05";"1";"38";"1";"1";"1";4;45;4
"48638";"202100048638";3;"19:32";"5";"33";"1";"1";"1";6;44;0
"48639";"202100048639";3;"17:10";"2";"91";"1";"1";"1";4;48;2
"48640";"202100048640";3;"14:55";"1";"92";"1";"1";"1";4;48;2
"48641";"202100048641";3;"18:05";"2";"93";"1";"1";"2";6;48;2
"48642";"202100048642";3;"08:31";"1";"95";"1";"1";"1";3;49;2
"48643";"202100048643";3;"09:00";"1";"94";"1";"1";"1";2;48;2
"48644";"202100048644";1;"17:50";"5";"93";"2";"1";"1";6;48;2
"48645";"202100048645";3;"08:15";"1";"987";"1";"9";"1";3;-17;-149
"48646";"202100048646";3;"14:45";"1";"974";"2";"1";"1";6;-20;55
"48647";"202100048647";3;"20:20";"5";"69";"2";"5";"1";3;45;4
"48648";"202100048648";3;"02:50";"4";"972";"2";"1";"1";6;14;-61
"48649";"202100048649";3;"08:50";"1";"69";"2";"9";"1";6;45;4
"48650";"202100048650";3;"08:15";"1";"69";"2";"3";"1";3;45;4
"48651";"202100048651";3;"19:30";"5";"69";"2";"1";"1";6;45;4
"48652";"202100048652";3;"16:30";"1";"971";"1";"1";"1";4;16;-61
"48653";"202100048653";3;"09:15";"1";"95";"2";"1";"1";3;48;2
"48654";"202100048654";3;"18:00";"1";"86";"2";"1";"1";6;46;0
"48655";"202100048655";3;"17:30";"1";"84";"2";"1";"1";5;43;4
"48656";"202100048656";3;"16:35";"1";"83";"2";"9";"1";6;43;5
"48657";"202100048657";3;"14:50";"1";"83";"2";"1";"1";3;43;5
"48658";"202100048658";3;"13:40";"1";"83";"2";"6";"1";3;43;6
"48659";"202100048659";3;"10:00";"1";"83";"2";"6";"1";3;43;6
"48660";"202100048660";3;"13:35";"1";"78";"2";"1";"1";6;48;2
"48661";"202100048661";3;"17:45";"1";"77";"1";"1";"1";1;48;2
"48662";"202100048662";3;"08:30";"1";"77";"1";"1";"1";2;48;2
"48663";"202100048663";3;"14:05";"1";"76";"2";"4";"1";7;49;0
"48664";"202100048664";3;"10:20";"1";"67";"2";"3";"1";3;48;7
"48665";"202100048665";3;"12:40";"1";"66";"2";"1";"1";3;42;2
"48666";"202100048666";3;"13:00";"1";"65";"2";"2";"1";3;43;0
"48667";"202100048667";3;"16:45";"1";"64";"2";"1";"2";3;43;0
"48668";"202100048668";3;"00:30";"3";"59";"2";"1";"1";6;50;3
"48669";"202100048669";3;"20:45";"5";"54";"2";"3";"1";3;48;6
"48670";"202100048670";3;"22:47";"5";"54";"2";"1";"1";6;48;6
"48671";"202100048671";3;"10:25";"1";"51";"2";"1";"1";7;49;4
"48672";"202100048672";3;"17:45";"1";"49";"2";"6";"1";6;47;0
"48673";"202100048673";3;"13:20";"1";"49";"2";"2";"1";7;47;0
"48674";"202100048674";3;"17:00";"1";"44";"2";"1";"1";3;47;-1
"48675";"202100048675";3;"13:15";"1";"38";"2";"1";"1";6;45;5
"48676";"202100048676";3;"07:13";"1";"37";"2";"3";"1";3;47;0
"48677";"202100048677";3;"13:30";"1";"35";"2";"1";"1";2;48;-1
"48678";"202100048678";3;"08:20";"1";"33";"2";"1";"1";2;44;0
"48679";"202100048679";2;"13:30";"1";"32";"2";"1";"1";3;43;0
"48680";"202100048680";2;"13:00";"1";"31";"2";"6";"1";3;43;0
"48681";"202100048681";2;"17:00";"1";"19";"1";"2";"1";3;45;2
"48682";"202100048682";3;"22:30";"5";"13";"2";"2";"1";3;43;5
"48683";"202100048683";3;"23:00";"5";"13";"2";"2";"1";3;43;5
"48684";"202100048684";3;"16:45";"1";"13";"2";"1";"1";6;43;5
"48685";"202100048685";3;"14:30";"1";"13";"2";"2";"1";3;43;5
"48686";"202100048686";3;"17:00";"1";"13";"2";"3";"1";3;43;5
"48687";"202100048687";3;"15:40";"1";"13";"2";"1";"1";2;43;5
"48688";"202100048688";3;"11:20";"1";"11";"2";"1";"1";6;43;2
"48689";"202100048689";3;"11:55";"1";"10";"2";"2";"1";6;48;4
"48690";"202100048690";3;"10:28";"1";"06";"2";"9";"1";6;43;7
"48691";"202100048691";3;"07:49";"1";"06";"2";"1";"1";2;43;7
"48692";"202100048692";3;"15:00";"1";"05";"2";"3";"1";7;44;6
"48693";"202100048693";3;"17:48";"1";"04";"2";"1";"1";6;43;5
"48694";"202100048694";3;"12:47";"1";"75";"2";"2";"1";6;48;2
"48695";"202100048695";3;"21:10";"5";"75";"2";"2";"1";3;48;2
"48696";"202100048696";3;"09:05";"1";"75";"2";"2";"1";3;48;2
"48697";"202100048697";3;"09:50";"1";"75";"2";"2";"1";3;48;2
"48698";"202100048698";3;"09:30";"1";"75";"2";"7";"1";6;48;2
"48699";"202100048699";3;"17:00";"1";"75";"2";"2";"1";6;48;2
"48700";"202100048700";3;"15:50";"1";"75";"2";"3";"1";6;48;2
"48701";"202100048701";3;"22:30";"3";"75";"2";"2";"1";3;48;2
"48702";"202100048702";3;"20:25";"5";"75";"2";"2";"1";3;48;2
"48703";"202100048703";3;"18:00";"1";"94";"2";"1";"1";1;48;2
"48704";"202100048704";3;"17:35";"1";"94";"2";"1";"1";6;48;2
"48705";"202100048705";3;"17:20";"1";"94";"2";"1";"1";7;48;2
"48706";"202100048706";3;"15:00";"1";"94";"2";"1";"1";1;48;2
"48707";"202100048707";3;"07:20";"1";"94";"1";"1";"1";2;48;2
"48708";"202100048708";3;"10:35";"1";"94";"2";"1";"1";6;48;2
"48709";"202100048709";3;"10:44";"1";"93";"2";"1";"1";6;48;2
"48710";"202100048710";3;"20:01";"5";"93";"2";"2";"1";3;48;2
"48711";"202100048711";3;"19:10";"5";"93";"2";"1";"1";3;48;2
"48712";"202100048712";3;"17:00";"1";"93";"2";"3";"1";6;48;2
"48713";"202100048713";3;"07:45";"2";"93";"2";"9";"1";6;48;2
"48714";"202100048714";3;"11:55";"1";"93";"2";"1";"1";1;48;2
"48715";"202100048715";3;"09:40";"1";"93";"2";"1";"1";6;48;2
"48716";"202100048716";3;"08:25";"1";"93";"2";"1";"1";6;48;2
"48717";"202100048717";3;"18:00";"1";"93";"2";"1";"1";3;48;2
"48718";"202100048718";3;"13:00";"1";"92";"2";"2";"1";3;48;2
"48719";"202100048719";3;"05:20";"5";"92";"2";"4";"1";7;48;2
"48720";"202100048720";3;"16:45";"1";"92";"2";"2";"1";6;48;2
"48721";"202100048721";3;"18:50";"5";"92";"2";"2";"1";5;48;2
"48722";"202100048722";3;"07:05";"2";"92";"2";"2";"1";3;48;2
"48723";"202100048723";3;"13:25";"1";"92";"2";"1";"1";2;48;2
"48724";"202100048724";3;"01:15";"3";"49";"1";"1";"1";7;47;0
"48725";"202100048725";3;"16:00";"1";"2A";"1";"1";"1";7;42;8
"48726";"202100048726";3;"17:50";"1";"42";"1";"1";"7";3;46;4
"48727";"202100048727";3;"08:30";"1";"42";"1";"2";"7";3;45;3
"48728";"202100048728";3;"17:40";"1";"83";"1";"1";"7";3;43;6
"48729";"202100048729";3;"16:30";"1";"972";"1";"1";"1";3;14;-60
"48730";"202100048730";3;"18:10";"1";"29";"1";"1";"1";2;48;-4
"48731";"202100048731";3;"18:10";"1";"69";"2";"1";"1";7;45;4
"48732";"202100048732";3;"07:05";"2";"51";"1";"1";"1";7;49;4
"48733";"202100048733";3;"16:55";"1";"2A";"2";"1";"1";3;41;8
"48734";"202100048734";3;"18:00";"1";"39";"1";"1";"1";2;46;5
"48735";"202100048735";3;"04:45";"5";"31";"2";"1";"9";6;43;1
"48736";"202100048736";3;"09:15";"1";"06";"1";"1";"1";3;43;6
"48737";"202100048737";2;"17:30";"1";"50";"2";"2";"1";3;49;-1
"48738";"202100048738";3;"10:00";"1";"53";"1";"1";"1";6;48;0
"48739";"202100048739";3;"14:00";"1";"85";"1";"1";"1";7;46;-1
"48740";"202100048740";3;"17:40";"1";"27";"1";"2";"1";6;49;0
"48741";"202100048741";3;"21:05";"3";"28";"1";"1";"1";3;48;1
"48742";"202100048742";2;"16:45";"1";"17";"2";"2";"8";3;46;0
"48743";"202100048743";3;"09:45";"1";"17";"1";"2";"1";3;45;0
"48744";"202100048744";3;"05:40";"1";"988";"1";"1";"1";2;-22;166
"48745";"202100048745";3;"14:45";"1";"78";"1";"1";"1";3;48;2
"48746";"202100048746";2;"14:30";"1";"33";"2";"1";"1";6;44;-1
"48747";"202100048747";3;"21:13";"3";"971";"2";"1";"9";3;16;-61
"48748";"202100048748";3;"17:00";"1";"83";"1";"3";"1";3;43;6
"48749";"202100048749";3;"21:00";"3";"13";"1";"1";"1";1;43;5
"48750";"202100048750";3;"14:25";"1";"01";"2";"1";"1";7;45;5
"48751";"202100048751";3;"17:55";"1";"81";"1";"2";"1";3;43;2
"48752";"202100048752";3;"17:30";"1";"79";"2";"9";"1";2;46;0
"48753";"202100048753";3;"09:25";"1";"86";"1";"1";"1";6;46;0
"48754";"202100048754";2;"13:45";"1";"40";"2";"1";"1";6;44;-1
"48755";"202100048755";1;"07:30";"2";"33";"2";"1";"2";6;44;0
"48756";"202100048756";3;"08:20";"1";"76";"2";"4";"1";6;49;0
"48757";"202100048757";3;"16:25";"1";"59";"1";"1";"1";7;50;3
"48758";"202100048758";3;"10:27";"1";"69";"1";"1";"1";2;45;4
"48759";"202100048759";3;"17:10";"1";"69";"1";"1";"1";4;45;5
"48760";"202100048760";3;"07:25";"1";"67";"1";"1";"1";3;48;7
"48761";"202100048761";3;"15:15";"1";"59";"1";"1";"1";6;50;3
"48762";"202100048762";3;"17:25";"1";"91";"1";"1";"1";3;48;2
"48763";"202100048763";3;"16:40";"1";"91";"1";"1";"1";6;48;2
"48764";"202100048764";3;"12:55";"1";"91";"1";"1";"1";7;48;2
"48765";"202100048765";3;"15:40";"1";"93";"1";"1";"1";2;48;2
"48766";"202100048766";3;"10:30";"1";"93";"1";"1";"1";3;48;2
"48767";"202100048767";3;"09:00";"1";"93";"1";"1";"1";3;48;2
"48768";"202100048768";3;"13:30";"1";"93";"1";"1";"1";3;48;2
"48769";"202100048769";3;"09:20";"1";"94";"1";"1";"1";4;48;2
"48770";"202100048770";3;"07:45";"1";"77";"1";"1";"1";2;48;2
"48771";"202100048771";3;"09:00";"1";"75";"2";"4";"1";6;48;2
"48772";"202100048772";3;"18:20";"2";"75";"2";"1";"1";3;48;2
"48773";"202100048773";3;"11:00";"1";"75";"2";"5";"1";6;48;2
"48774";"202100048774";3;"18:30";"2";"75";"2";"2";"1";6;48;2
"48775";"202100048775";3;"12:15";"1";"75";"2";"3";"1";3;48;2
"48776";"202100048776";3;"16:15";"1";"75";"2";"3";"1";3;48;2
"48777";"202100048777";3;"17:10";"1";"75";"2";"1";"1";3;48;2
"48778";"202100048778";3;"17:40";"1";"75";"2";"1";"1";3;48;2
"48779";"202100048779";3;"17:53";"1";"75";"2";"4";"1";6;48;2
"48780";"202100048780";3;"08:45";"1";"75";"2";"4";"1";2;48;2
"48781";"202100048781";3;"19:45";"5";"75";"2";"5";"1";3;48;2
"48782";"202100048782";3;"18:45";"5";"75";"2";"2";"1";7;48;2
"48783";"202100048783";3;"12:35";"1";"75";"2";"2";"1";3;48;2
"48784";"202100048784";3;"09:00";"1";"75";"2";"2";"1";6;48;2
"48785";"202100048785";3;"13:50";"1";"75";"2";"2";"1";7;48;2
"48786";"202100048786";3;"10:40";"1";"75";"2";"1";"1";1;48;2
"48787";"202100048787";3;"08:50";"1";"94";"2";"1";"1";6;48;2
"48788";"202100048788";3;"14:40";"1";"94";"2";"1";"1";6;48;2
"48789";"202100048789";3;"12:10";"1";"94";"2";"3";"1";3;48;2
"48790";"202100048790";3;"14:40";"1";"94";"2";"3";"1";4;48;2
"48791";"202100048791";3;"11:30";"1";"93";"2";"1";"1";5;48;2
"48792";"202100048792";3;"09:30";"1";"93";"2";"1";"1";6;48;2
"48793";"202100048793";3;"08:00";"1";"93";"2";"1";"1";6;48;2
"48794";"202100048794";3;"15:36";"1";"93";"2";"1";"1";3;48;2
"48795";"202100048795";3;"16:30";"1";"93";"2";"3";"1";3;48;2
"48796";"202100048796";3;"16:55";"1";"93";"2";"1";"1";6;48;2
"48797";"202100048797";3;"17:10";"1";"92";"2";"1";"1";7;48;2
"48798";"202100048798";3;"16:55";"1";"92";"2";"1";"1";3;48;2
"48799";"202100048799";3;"15:50";"1";"92";"2";"1";"1";7;48;2
"48800";"202100048800";3;"15:30";"1";"92";"2";"6";"1";3;48;2
"48801";"202100048801";3;"11:30";"1";"65";"1";"1";"1";6;43;0
"48802";"202100048802";3;"10:15";"1";"37";"2";"1";"1";7;47;0
"48803";"202100048803";3;"17:40";"1";"49";"1";"1";"7";1;47;0
"48804";"202100048804";3;"16:20";"1";"91";"2";"3";"7";3;48;2
"48805";"202100048805";3;"01:40";"5";"59";"2";"1";"1";6;50;3
"48806";"202100048806";3;"14:50";"1";"59";"1";"3";"1";1;50;2
"48807";"202100048807";3;"16:30";"1";"33";"1";"2";"1";3;44;0
"48808";"202100048808";3;"11:35";"1";"71";"2";"1";"1";6;46;4
"48809";"202100048809";3;"05:45";"5";"55";"2";"2";"1";3;49;5
"48810";"202100048810";3;"23:30";"3";"49";"1";"2";"1";3;47;0
"48811";"202100048811";3;"08:40";"1";"12";"2";"1";"1";5;43;2
"48812";"202100048812";3;"17:30";"1";"46";"1";"1";"1";6;44;1
"48813";"202100048813";3;"11:05";"1";"25";"2";"3";"1";1;47;6
"48814";"202100048814";2;"14:40";"1";"35";"2";"1";"1";5;48;-2
"48815";"202100048815";3;"17:45";"1";"31";"1";"1";"1";5;43;1
"48816";"202100048816";3;"18:45";"1";"02";"1";"1";"1";1;49;3
"48817";"202100048817";3;"17:55";"2";"84";"2";"7";"1";1;43;5
"48818";"202100048818";3;"12:30";"1";"26";"1";"3";"1";3;44;5
"48819";"202100048819";3;"14:00";"1";"14";"1";"1";"1";2;49;-1
"48820";"202100048820";3;"15:58";"1";"03";"1";"1";"1";2;46;3
"48821";"202100048821";3;"10:50";"1";"18";"1";"1";"1";6;46;2
"48822";"202100048822";3;"13:50";"1";"973";"1";"1";"1";7;5;-54
"48823";"202100048823";3;"16:50";"1";"37";"2";"1";"1";2;47;0
"48824";"202100048824";3;"14:10";"1";"83";"1";"1";"1";3;43;5
"48825";"202100048825";3;"16:45";"1";"26";"1";"1";"1";2;45;4
"48826";"202100048826";3;"18:00";"1";"70";"1";"1";"1";6;47;5
"48827";"202100048827";3;"13:30";"1";"10";"1";"1";"1";1;48;4
"48828";"202100048828";3;"13:50";"1";"68";"2";"2";"1";3;47;7
"48829";"202100048829";3;"16:30";"1";"69";"1";"1";"1";5;45;4
"48830";"202100048830";3;"11:30";"1";"13";"1";"1";"1";3;43;5
"48831";"202100048831";3;"06:37";"2";"59";"1";"1";"1";7;50;3
"48832";"202100048832";3;"17:15";"1";"59";"1";"1";"2";2;51;2
"48833";"202100048833";3;"15:55";"1";"94";"1";"1";"1";2;48;2
"48834";"202100048834";3;"10:20";"1";"91";"1";"1";"1";7;48;2
"48835";"202100048835";3;"06:30";"3";"91";"1";"1";"1";3;48;2
"48836";"202100048836";3;"13:50";"1";"78";"1";"1";"1";6;48;2
"48837";"202100048837";3;"07:40";"1";"92";"1";"1";"1";3;48;2
"48838";"202100048838";3;"19:45";"3";"95";"1";"1";"1";2;48;2
"48839";"202100048839";3;"15:50";"1";"94";"1";"1";"1";3;48;2
"48840";"202100048840";3;"01:40";"5";"69";"2";"2";"1";2;45;4
"48841";"202100048841";3;"10:15";"1";"69";"2";"1";"1";6;45;4
"48842";"202100048842";3;"12:50";"1";"91";"2";"1";"1";6;48;2
"48843";"202100048843";3;"16:15";"1";"83";"2";"3";"1";3;43;5
"48844";"202100048844";3;"19:30";"5";"83";"2";"5";"1";3;43;6
"48845";"202100048845";3;"21:20";"5";"78";"1";"1";"1";6;48;2
"48846";"202100048846";3;"14:15";"1";"73";"2";"6";"1";2;45;5
"48847";"202100048847";3;"10:20";"1";"64";"2";"6";"1";6;43;0
"48848";"202100048848";3;"06:40";"1";"59";"2";"9";"1";6;50;3
"48849";"202100048849";3;"14:20";"1";"59";"2";"1";"1";5;50;3
"48850";"202100048850";3;"15:35";"1";"45";"2";"2";"1";2;47;1
"48851";"202100048851";3;"19:00";"5";"38";"2";"1";"1";3;45;4
"48852";"202100048852";3;"21:33";"5";"34";"2";"9";"2";6;43;3
"48853";"202100048853";3;"17:20";"1";"34";"2";"1";"1";2;43;3
"48854";"202100048854";3;"14:20";"1";"32";"1";"1";"1";7;43;0
"48855";"202100048855";3;"16:25";"1";"27";"2";"4";"1";3;49;1
"48856";"202100048856";3;"22:25";"5";"25";"2";"2";"1";3;47;5
"48857";"202100048857";3;"09:45";"1";"17";"2";"1";"1";6;45;-1