"";"Num_Acc";"mois";"hrmn";"lum";"dep";"agg";"int";"atm";"col";"lat";"long"
"48858";"202100048858";3;"16:41";"1";"17";"2";"2";"8";3;46;-1
"48859";"202100048859";3;"23:45";"5";"13";"2";"1";"1";6;43;5
"48860";"202100048860";3;"22:30";"5";"13";"2";"2";"1";3;43;5
"48861";"202100048861";3;"19:45";"5";"13";"2";"3";"1";3;43;5
"48862";"202100048862";3;"10:15";"1";"13";"2";"1";"1";3;43;5
"48863";"202100048863";3;"12:50";"1";"07";"1";"1";"8";7;44;4
"48864";"202100048864";3;"10:30";"1";"05";"2";"1";"1";6;44;6
"48865";"202100048865";3;"17:35";"1";"75";"2";"1";"1";4;48;2
"48866";"202100048866";3;"12:40";"1";"75";"2";"1";"1";2;48;2
"48867";"202100048867";3;"12:20";"1";"75";"2";"4";"1";2;48;2
"48868";"202100048868";3;"17:00";"1";"75";"2";"1";"1";5;48;2
"48869";"202100048869";3;"15:00";"1";"75";"2";"3";"1";3;48;2
"48870";"202100048870";3;"16:49";"1";"75";"2";"3";"1";6;48;2
"48871";"202100048871";3;"17:37";"1";"93";"2";"4";"1";3;48;2
"48872";"202100048872";3;"10:30";"1";"93";"2";"1";"1";3;48;2
"48873";"202100048873";3;"21:55";"5";"92";"2";"3";"1";3;48;2
"48874";"202100048874";3;"12:15";"1";"39";"2";"3";"1";3;46;5
"48875";"202100048875";3;"14:45";"1";"28";"2";"1";"1";3;48;1
"48876";"202100048876";3;"17:20";"1";"85";"1";"3";"1";1;46;0
"48877";"202100048877";3;"18:15";"1";"51";"1";"1";"1";1;49;3
"48878";"202100048878";3;"12:30";"1";"86";"1";"1";"1";7;46;0
"48879";"202100048879";3;"18:00";"1";"42";"1";"1";"2";7;45;4
"48880";"202100048880";2;"15:30";"1";"91";"1";"6";"1";7;48;2
"48881";"202100048881";3;"20:50";"5";"51";"2";"1";"1";7;48;4
"48882";"202100048882";3;"18:35";"1";"33";"1";"1";"1";6;45;0
"48883";"202100048883";3;"09:45";"1";"63";"2";"9";"1";3;46;2
"48884";"202100048884";3;"16:45";"1";"44";"2";"9";"1";6;47;-1
"48885";"202100048885";3;"17:00";"1";"35";"1";"1";"1";7;48;-2
"48886";"202100048886";3;"14:30";"1";"29";"1";"2";"1";5;48;-4
"48887";"202100048887";3;"16:35";"1";"06";"1";"1";"1";3;43;7
"48888";"202100048888";3;"20:55";"3";"14";"2";"1";"1";7;49;0
"48889";"202100048889";3;"18:00";"1";"50";"1";"1";"1";3;48;-1
"48890";"202100048890";3;"06:45";"1";"60";"2";"3";"1";3;49;2
"48891";"202100048891";3;"16:55";"1";"45";"1";"1";"1";2;47;1
"48892";"202100048892";3;"18:50";"2";"07";"2";"1";"1";6;45;4
"48893";"202100048893";3;"17:50";"1";"07";"1";"1";"1";7;44;4
"48894";"202100048894";3;"11:50";"1";"40";"2";"1";"1";2;44;0
"48895";"202100048895";3;"11:30";"1";"27";"2";"1";"1";1;49;1
"48896";"202100048896";3;"18:50";"3";"27";"1";"3";"1";6;49;0
"48897";"202100048897";3;"07:45";"1";"31";"1";"1";"1";1;43;1
"48898";"202100048898";3;"16:27";"1";"31";"2";"6";"1";3;43;1
"48899";"202100048899";3;"16:00";"1";"13";"1";"3";"1";3;43;4
"48900";"202100048900";3;"06:43";"2";"27";"1";"3";"1";3;49;0
"48901";"202100048901";3;"17:45";"2";"974";"2";"3";"1";2;-21;55
"48902";"202100048902";3;"16:10";"1";"974";"2";"1";"1";2;-20;55
"48903";"202100048903";3;"20:00";"3";"973";"1";"1";"3";2;4;-52
"48904";"202100048904";3;"02:15";"5";"2A";"2";"1";"1";6;41;9
"48905";"202100048905";3;"05:30";"3";"71";"2";"1";"8";2;46;4
"48906";"202100048906";3;"15:30";"1";"10";"1";"9";"1";3;48;4
"48907";"202100048907";3;"17:50";"1";"67";"2";"3";"1";1;48;7
"48908";"202100048908";3;"16:45";"1";"33";"1";"1";"1";7;44;0
"48909";"202100048909";3;"14:00";"1";"35";"1";"1";"1";1;48;-1
"48910";"202100048910";3;"19:45";"2";"60";"1";"1";"1";1;49;2
"48911";"202100048911";3;"20:00";"3";"59";"1";"1";"1";6;50;3
"48912";"202100048912";3;"12:50";"1";"13";"1";"1";"1";3;43;5
"48913";"202100048913";3;"07:37";"2";"69";"1";"1";"2";7;45;4
"48914";"202100048914";3;"17:40";"1";"94";"1";"1";"1";3;48;2
"48915";"202100048915";3;"21:00";"3";"91";"1";"1";"1";7;48;2
"48916";"202100048916";3;"21:00";"3";"91";"1";"1";"1";2;48;2
"48917";"202100048917";3;"15:15";"1";"92";"1";"1";"1";4;48;2
"48918";"202100048918";3;"15:05";"1";"92";"1";"1";"1";6;48;2
"48919";"202100048919";3;"18:15";"2";"93";"1";"1";"1";4;48;2
"48920";"202100048920";3;"16:15";"1";"95";"1";"1";"1";2;48;2
"48921";"202100048921";3;"18:15";"2";"77";"1";"1";"1";6;48;2
"48922";"202100048922";3;"11:50";"1";"974";"2";"1";"1";5;-21;55
"48923";"202100048923";3;"15:40";"1";"974";"2";"9";"2";1;-20;55
"48924";"202100048924";3;"15:30";"1";"69";"2";"2";"1";3;45;4
"48925";"202100048925";3;"12:30";"1";"69";"2";"1";"1";6;45;4
"48926";"202100048926";3;"21:26";"3";"972";"1";"1";"1";1;14;-60
"48927";"202100048927";3;"23:25";"5";"972";"2";"3";"1";6;14;-61
"48928";"202100048928";3;"08:30";"1";"91";"2";"1";"1";3;48;2
"48929";"202100048929";3;"14:48";"1";"86";"2";"3";"1";3;46;0
"48930";"202100048930";3;"16:00";"1";"83";"1";"1";"1";1;43;6
"48931";"202100048931";3;"09:10";"1";"78";"2";"1";"7";6;48;1
"48932";"202100048932";3;"16:00";"1";"71";"2";"1";"1";6;46;4
"48933";"202100048933";3;"16:16";"1";"64";"2";"3";"1";3;43;0
"48934";"202100048934";3;"14:15";"1";"59";"2";"3";"1";3;50;3
"48935";"202100048935";3;"16:45";"1";"51";"2";"1";"1";7;49;4
"48936";"202100048936";3;"19:25";"5";"51";"2";"1";"1";4;49;4
"48937";"202100048937";3;"09:30";"1";"45";"2";"3";"1";3;47;1
"48938";"202100048938";3;"14:05";"1";"42";"2";"1";"1";3;45;4
"48939";"202100048939";3;"22:21";"5";"37";"2";"6";"1";7;47;0
"48940";"202100048940";3;"18:43";"2";"37";"2";"1";"1";7;47;0
"48941";"202100048941";3;"16:00";"1";"35";"2";"1";"1";3;48;-1
"48942";"202100048942";3;"19:45";"5";"35";"2";"1";"1";6;48;-1
"48943";"202100048943";3;"21:33";"5";"33";"2";"9";"1";6;44;0
"48944";"202100048944";3;"10:45";"1";"33";"2";"1";"1";2;44;0
"48945";"202100048945";3;"15:10";"1";"33";"1";"1";"1";1;44;-1
"48946";"202100048946";3;"08:45";"1";"27";"2";"1";"7";7;49;1
"48947";"202100048947";3;"13:48";"1";"17";"2";"1";"1";3;46;-1
"48948";"202100048948";3;"13:15";"1";"13";"2";"1";"1";2;43;5
"48949";"202100048949";3;"09:30";"1";"13";"2";"1";"1";6;43;5
"48950";"202100048950";3;"16:35";"1";"13";"1";"3";"1";3;43;5
"48951";"202100048951";3;"11:10";"1";"12";"2";"2";"1";3;44;2
"48952";"202100048952";3;"15:30";"1";"11";"2";"1";"1";3;43;2
"48953";"202100048953";3;"18:10";"1";"75";"2";"1";"1";2;48;2
"48954";"202100048954";3;"16:30";"1";"75";"2";"3";"1";4;48;2
"48955";"202100048955";3;"16:50";"1";"75";"2";"4";"1";3;48;2
"48956";"202100048956";3;"09:00";"1";"75";"2";"3";"1";3;48;2
"48957";"202100048957";3;"13:45";"1";"75";"2";"2";"1";3;48;2
"48958";"202100048958";3;"22:05";"5";"75";"2";"2";"1";1;48;2
"48959";"202100048959";3;"23:22";"5";"75";"2";"3";"1";6;48;2
"48960";"202100048960";3;"17:35";"2";"75";"2";"1";"1";3;48;2
"48961";"202100048961";3;"13:50";"1";"75";"2";"1";"1";6;48;2
"48962";"202100048962";3;"15:20";"1";"75";"2";"2";"1";6;48;2
"48963";"202100048963";3;"20:00";"1";"75";"2";"7";"1";3;48;2
"48964";"202100048964";3;"17:15";"1";"75";"2";"7";"1";3;48;2
"48965";"202100048965";3;"12:45";"1";"75";"2";"7";"1";3;48;2
"48966";"202100048966";3;"22:20";"5";"94";"2";"3";"1";3;48;2
"48967";"202100048967";3;"17:15";"1";"94";"1";"9";"1";6;48;2
"48968";"202100048968";3;"17:30";"1";"94";"2";"1";"1";4;48;2
"48969";"202100048969";3;"16:45";"1";"94";"2";"3";"1";3;48;2
"48970";"202100048970";3;"18:20";"2";"93";"2";"6";"1";2;48;2
"48971";"202100048971";3;"19:40";"5";"93";"2";"1";"1";3;48;2
"48972";"202100048972";3;"17:25";"1";"93";"2";"3";"1";1;48;2
"48973";"202100048973";3;"11:15";"1";"93";"2";"4";"1";2;48;2
"48974";"202100048974";3;"17:40";"1";"93";"2";"1";"1";6;48;2
"48975";"202100048975";3;"16:10";"1";"93";"2";"2";"1";3;48;2
"48976";"202100048976";3;"10:50";"1";"93";"2";"1";"1";6;48;2
"48977";"202100048977";3;"18:20";"2";"93";"2";"2";"1";1;48;2
"48978";"202100048978";3;"18:05";"1";"93";"2";"5";"1";3;48;2
"48979";"202100048979";3;"05:10";"5";"92";"2";"1";"1";6;48;2
"48980";"202100048980";3;"18:13";"1";"92";"2";"1";"1";6;48;2
"48981";"202100048981";3;"22:10";"5";"92";"2";"3";"1";3;48;2
"48982";"202100048982";3;"19:25";"5";"92";"2";"3";"1";3;48;2
"48983";"202100048983";3;"20:42";"5";"92";"2";"3";"1";3;48;2
"48984";"202100048984";3;"09:25";"1";"86";"2";"1";"1";7;46;0
"48985";"202100048985";3;"15:10";"1";"2A";"1";"1";"1";1;42;8
"48986";"202100048986";3;"15:10";"1";"95";"2";"1";"1";6;49;2
"48987";"202100048987";3;"15:45";"1";"40";"2";"1";"1";7;43;-1
"48988";"202100048988";3;"19:40";"3";"01";"1";"1";"1";6;46;6
"48989";"202100048989";3;"14:45";"1";"41";"1";"1";"1";6;47;1
"48990";"202100048990";3;"10:00";"1";"71";"1";"1";"1";3;46;4
"48991";"202100048991";3;"17:20";"1";"40";"2";"1";"1";7;44;0
"48992";"202100048992";3;"13:45";"1";"69";"2";"3";"8";7;45;4
"48993";"202100048993";3;"15:55";"1";"56";"1";"3";"1";3;47;-2
"48994";"202100048994";3;"17:20";"1";"67";"1";"1";"1";2;48;7
"48995";"202100048995";3;"10:45";"1";"2B";"1";"1";"1";7;42;9
"48996";"202100048996";3;"16:40";"1";"82";"2";"2";"1";3;43;1
"48997";"202100048997";3;"15:05";"1";"71";"2";"1";"1";6;46;4
"48998";"202100048998";3;"16:30";"1";"61";"1";"2";"1";2;48;0
"48999";"202100048999";3;"17:45";"2";"61";"1";"1";"1";1;48;0
"49000";"202100049000";3;"10:40";"1";"49";"2";"3";"7";3;47;0
"49001";"202100049001";3;"15:00";"1";"22";"1";"1";"7";7;48;-3
"49002";"202100049002";3;"05:10";"3";"35";"1";"1";"1";6;48;-1
"49003";"202100049003";3;"07:00";"2";"29";"1";"1";"1";6;48;-3
"49004";"202100049004";3;"10:20";"1";"31";"2";"1";"1";1;43;1
"49005";"202100049005";3;"16:45";"1";"50";"1";"3";"1";7;49;-1
"49006";"202100049006";3;"14:35";"1";"50";"1";"1";"1";1;48;-1
"49007";"202100049007";3;"07:45";"1";"09";"1";"1";"1";7;42;1
"49008";"202100049008";3;"15:30";"1";"60";"2";"9";"1";6;49;3
"49009";"202100049009";3;"15:50";"1";"36";"1";"1";"1";6;46;1
"49010";"202100049010";3;"00:55";"5";"07";"2";"1";"1";6;45;4
"49011";"202100049011";3;"14:05";"1";"07";"2";"3";"1";1;44;4
"49012";"202100049012";3;"17:55";"1";"21";"1";"1";"1";6;47;4
"49013";"202100049013";3;"13:30";"1";"21";"1";"1";"1";7;47;4
"49014";"202100049014";3;"16:35";"1";"24";"1";"1";"2";6;45;1
"49015";"202100049015";3;"19:00";"3";"24";"1";"1";"1";6;45;0
"49016";"202100049016";3;"03:25";"3";"85";"1";"1";"1";6;46;-1
"49017";"202100049017";3;"16:45";"1";"17";"2";"4";"1";2;45;0
"49018";"202100049018";3;"07:00";"2";"973";"2";"1";"2";7;4;-52
"49019";"202100049019";3;"15:15";"1";"988";"1";"1";"1";6;-20;165
"49020";"202100049020";3;"17:45";"1";"34";"1";"1";"1";5;43;3
"49021";"202100049021";3;"13:25";"1";"89";"1";"1";"1";6;48;3
"49022";"202100049022";3;"02:30";"3";"71";"1";"1";"1";6;46;4
"49023";"202100049023";3;"19:20";"2";"38";"1";"1";"2";1;45;5
"49024";"202100049024";3;"17:25";"1";"26";"1";"1";"1";6;45;4
"49025";"202100049025";3;"15:30";"1";"07";"2";"1";"1";7;45;4
"49026";"202100049026";3;"16:45";"1";"01";"1";"1";"1";5;45;5
"49027";"202100049027";3;"17:50";"1";"85";"1";"1";"1";3;46;-1
"49028";"202100049028";3;"19:30";"2";"85";"1";"1";"1";6;46;-1
"49029";"202100049029";3;"18:20";"2";"02";"1";"1";"1";7;49;3
"49030";"202100049030";3;"16:10";"1";"62";"2";"1";"1";2;50;1
"49031";"202100049031";3;"16:45";"1";"13";"1";"1";"1";3;43;5
"49032";"202100049032";2;"18:15";"2";"38";"1";"1";"1";4;45;4
"49033";"202100049033";3;"16:40";"1";"91";"1";"1";"1";2;48;2
"49034";"202100049034";3;"14:15";"1";"94";"1";"1";"1";4;48;2
"49035";"202100049035";3;"01:55";"3";"91";"1";"1";"1";7;48;2
"49036";"202100049036";3;"17:50";"2";"95";"1";"1";"1";6;49;2
"49037";"202100049037";3;"16:30";"1";"92";"1";"1";"1";2;48;2
"49038";"202100049038";3;"12:30";"1";"93";"1";"1";"1";4;48;2
"49039";"202100049039";3;"06:45";"3";"93";"1";"1";"1";3;48;2
"49040";"202100049040";3;"16:30";"1";"77";"1";"1";"1";2;48;2
"49041";"202100049041";3;"11:00";"1";"94";"1";"1";"1";2;48;2
"49042";"202100049042";3;"09:00";"1";"77";"1";"1";"1";6;48;2
"49043";"202100049043";1;"20:29";"3";"30";"1";"2";"8";3;43;4
"49044";"202100049044";3;"07:30";"1";"974";"1";"1";"1";4;-21;55
"49045";"202100049045";3;"07:45";"1";"974";"2";"2";"1";6;-20;55
"49046";"202100049046";3;"06:49";"2";"974";"1";"1";"1";6;-20;55
"49047";"202100049047";3;"16:50";"1";"69";"2";"1";"1";3;45;4
"49048";"202100049048";3;"15:05";"1";"69";"2";"1";"1";6;45;4
"49049";"202100049049";3;"07:20";"1";"69";"2";"1";"1";1;45;4
"49050";"202100049050";3;"06:40";"2";"69";"2";"2";"1";6;45;4
"49051";"202100049051";3;"17:10";"1";"972";"1";"1";"1";6;14;-61
"49052";"202100049052";3;"05:58";"2";"972";"2";"1";"1";6;14;-61
"49053";"202100049053";3;"18:40";"5";"972";"2";"2";"1";3;14;-61
"49054";"202100049054";3;"10:25";"1";"972";"1";"1";"1";6;14;-61
"49055";"202100049055";3;"00:40";"3";"972";"1";"1";"1";6;14;-61
"49056";"202100049056";3;"08:00";"1";"69";"2";"3";"1";3;45;4
"49057";"202100049057";3;"16:40";"1";"2B";"2";"1";"1";3;42;9
"49058";"202100049058";3;"10:30";"1";"971";"2";"1";"1";6;16;-61
"49059";"202100049059";3;"10:00";"1";"2A";"2";"1";"1";3;41;8
"49060";"202100049060";3;"15:10";"1";"95";"2";"1";"1";3;48;2
"49061";"202100049061";3;"21:00";"5";"95";"2";"6";"1";3;49;2
"49062";"202100049062";3;"21:52";"5";"91";"2";"1";"1";6;48;2
"49063";"202100049063";3;"19:40";"5";"91";"2";"1";"1";6;48;2
"49064";"202100049064";3;"05:35";"5";"91";"2";"3";"1";6;48;2
"49065";"202100049065";3;"15:10";"1";"87";"2";"1";"1";3;45;1
"49066";"202100049066";3;"17:50";"1";"84";"1";"1";"1";2;44;4
"49067";"202100049067";2;"17:24";"1";"80";"2";"1";"1";3;49;2
"49068";"202100049068";3;"11:10";"1";"78";"2";"3";"1";3;48;1
"49069";"202100049069";3;"19:00";"5";"76";"2";"1";"1";2;49;1
"49070";"202100049070";3;"18:10";"1";"72";"2";"1";"1";7;47;0
"49071";"202100049071";3;"11:10";"1";"72";"2";"3";"1";3;47;0
"49072";"202100049072";3;"07:05";"2";"72";"2";"1";"1";6;47;0
"49073";"202100049073";3;"11:50";"1";"72";"2";"2";"1";3;48;0
"49074";"202100049074";3;"18:15";"4";"71";"2";"1";"1";6;46;4
"49075";"202100049075";3;"09:00";"1";"71";"2";"1";"8";5;46;4
"49076";"202100049076";3;"12:40";"1";"69";"2";"1";"8";6;45;4
"49077";"202100049077";3;"17:40";"2";"67";"2";"3";"1";3;48;7
"49078";"202100049078";3;"15:30";"1";"65";"2";"1";"1";7;43;0
"49079";"202100049079";3;"14:45";"1";"64";"2";"1";"1";6;43;-1
"49080";"202100049080";3;"11:59";"1";"63";"2";"1";"1";4;45;3
"49081";"202100049081";3;"09:00";"1";"63";"2";"1";"1";3;45;3
"49082";"202100049082";3;"11:30";"1";"62";"2";"9";"1";7;50;1
"49083";"202100049083";3;"16:35";"1";"59";"2";"9";"1";5;50;3
"49084";"202100049084";3;"14:10";"1";"59";"2";"3";"1";3;50;3
"49085";"202100049085";3;"09:06";"1";"54";"2";"1";"1";3;48;6
"49086";"202100049086";3;"12:00";"1";"51";"2";"3";"1";3;49;4
"49087";"202100049087";3;"07:27";"2";"51";"2";"2";"1";3;49;4
"49088";"202100049088";3;"07:59";"1";"49";"2";"1";"1";3;47;0
"49089";"202100049089";3;"14:50";"1";"47";"1";"3";"1";3;44;0
"49090";"202100049090";3;"11:25";"1";"47";"2";"2";"1";6;44;0
"49091";"202100049091";3;"08:00";"2";"42";"2";"4";"1";5;45;4
"49092";"202100049092";2;"17:10";"1";"40";"2";"1";"1";2;43;0
"49093";"202100049093";2;"19:30";"3";"40";"1";"1";"1";1;43;0
"49094";"202100049094";3;"14:40";"1";"38";"2";"1";"1";1;45;4
"49095";"202100049095";3;"19:13";"5";"37";"2";"2";"1";6;47;0
"49096";"202100049096";3;"20:30";"5";"37";"2";"1";"1";7;47;0
"49097";"202100049097";3;"13:50";"1";"37";"2";"1";"2";5;47;0
"49098";"202100049098";3;"08:45";"1";"35";"2";"1";"1";3;48;-1
"49099";"202100049099";1;"18:20";"2";"34";"2";"1";"1";6;43;3
"49100";"202100049100";3;"11:35";"1";"34";"2";"1";"1";6;43;3
"49101";"202100049101";3;"19:30";"5";"33";"2";"2";"1";3;44;0
"49102";"202100049102";3;"18:25";"1";"33";"2";"1";"1";2;44;-1
"49103";"202100049103";3;"09:00";"1";"32";"2";"1";"1";6;43;0
"49104";"202100049104";3;"13:03";"1";"31";"2";"1";"1";6;43;1
"49105";"202100049105";3;"18:40";"1";"31";"2";"3";"2";3;43;0
"49106";"202100049106";3;"14:25";"1";"31";"1";"1";"1";2;43;0
"49107";"202100049107";3;"13:10";"1";"31";"2";"3";"1";3;43;0
"49108";"202100049108";3;"07:30";"1";"30";"2";"7";"8";1;43;4
"49109";"202100049109";3;"08:50";"1";"29";"2";"1";"1";6;47;-4
"49110";"202100049110";3;"17:25";"1";"27";"1";"1";"1";5;49;1
"49111";"202100049111";3;"16:25";"1";"26";"1";"9";"1";6;44;4
"49112";"202100049112";3;"18:15";"1";"25";"2";"2";"1";3;47;6
"49113";"202100049113";3;"17:35";"1";"25";"2";"9";"1";3;47;6
"49114";"202100049114";3;"12:50";"1";"17";"2";"9";"1";3;46;-1
"49115";"202100049115";3;"14:15";"1";"13";"1";"1";"1";3;43;5
"49116";"202100049116";3;"18:45";"1";"13";"2";"1";"1";1;43;4
"49117";"202100049117";3;"16:40";"1";"13";"2";"2";"1";3;43;5
"49118";"202100049118";3;"17:00";"1";"13";"2";"1";"1";2;43;5
"49119";"202100049119";3;"13:40";"1";"13";"2";"3";"1";3;43;5
"49120";"202100049120";3;"01:09";"5";"13";"2";"9";"1";5;43;5
"49121";"202100049121";3;"18:20";"2";"13";"2";"3";"1";3;43;5
"49122";"202100049122";3;"16:30";"1";"11";"2";"1";"1";3;43;2
"49123";"202100049123";3;"12:10";"1";"06";"1";"1";"1";5;43;7
"49124";"202100049124";3;"12:55";"1";"75";"2";"1";"1";2;48;2
"49125";"202100049125";3;"08:40";"1";"75";"2";"4";"1";3;48;2
"49126";"202100049126";3;"16:40";"1";"75";"2";"1";"2";2;48;2
"49127";"202100049127";3;"16:00";"1";"75";"2";"1";"8";6;48;2
"49128";"202100049128";3;"12:40";"1";"75";"2";"2";"1";6;48;2
"49129";"202100049129";3;"14:55";"1";"75";"2";"5";"2";3;48;2
"49130";"202100049130";3;"16:00";"1";"75";"2";"1";"1";7;48;2
"49131";"202100049131";3;"20:56";"5";"75";"2";"2";"1";3;48;2
"49132";"202100049132";3;"16:20";"1";"75";"2";"7";"1";3;48;2
"49133";"202100049133";3;"13:40";"1";"75";"2";"2";"1";3;48;2
"49134";"202100049134";3;"13:30";"1";"75";"2";"1";"1";6;48;2
"49135";"202100049135";3;"01:20";"5";"75";"2";"1";"1";6;48;2
"49136";"202100049136";3;"16:45";"1";"75";"2";"3";"1";6;48;2
"49137";"202100049137";3;"16:20";"1";"75";"2";"2";"1";3;48;2
"49138";"202100049138";3;"18:15";"1";"75";"2";"7";"1";3;48;2
"49139";"202100049139";3;"15:00";"1";"75";"2";"2";"1";3;48;2
"49140";"202100049140";3;"00:00";"5";"75";"2";"7";"1";2;48;2
"49141";"202100049141";3;"14:20";"1";"75";"2";"2";"1";7;48;2
"49142";"202100049142";3;"16:15";"1";"94";"2";"1";"1";3;48;2
"49143";"202100049143";3;"16:40";"1";"94";"2";"1";"1";6;48;2
"49144";"202100049144";3;"15:45";"1";"94";"2";"1";"8";6;48;2
"49145";"202100049145";3;"15:25";"1";"94";"2";"3";"1";1;48;2
"49146";"202100049146";3;"08:40";"1";"94";"1";"1";"1";4;48;2
"49147";"202100049147";3;"13:15";"1";"93";"2";"1";"1";2;48;2
"49148";"202100049148";3;"23:10";"5";"93";"2";"1";"1";4;48;2
"49149";"202100049149";3;"13:45";"1";"93";"2";"1";"1";3;48;2
"49150";"202100049150";3;"16:12";"1";"93";"2";"3";"1";3;48;2
"49151";"202100049151";3;"08:30";"1";"93";"2";"9";"1";6;48;2
"49152";"202100049152";3;"21:45";"5";"93";"2";"3";"1";3;48;2
"49153";"202100049153";3;"19:30";"5";"92";"2";"2";"1";3;48;2
"49154";"202100049154";3;"19:05";"5";"92";"2";"1";"1";3;48;2
"49155";"202100049155";2;"13:04";"1";"92";"2";"2";"1";6;48;2
"49156";"202100049156";3;"16:10";"1";"92";"2";"1";"1";3;48;2
"49157";"202100049157";3;"17:00";"1";"92";"2";"6";"1";6;48;2
"49158";"202100049158";2;"18:15";"2";"92";"2";"1";"1";6;48;2
"49159";"202100049159";3;"09:50";"1";"92";"2";"1";"1";3;48;2
"49160";"202100049160";3;"18:10";"1";"92";"2";"2";"1";3;48;2
"49161";"202100049161";3;"07:15";"2";"35";"1";"1";"1";2;47;-2
"49162";"202100049162";3;"16:31";"1";"62";"1";"1";"1";2;50;1
"49163";"202100049163";3;"10:20";"1";"86";"1";"1";"1";7;46;0
"49164";"202100049164";3;"13:45";"1";"43";"1";"1";"5";5;45;3
"49165";"202100049165";3;"19:30";"3";"71";"1";"1";"1";6;46;4
"49166";"202100049166";3;"14:00";"1";"47";"1";"1";"1";2;44;0
"49167";"202100049167";3;"14:00";"1";"74";"1";"2";"1";3;46;6
"49168";"202100049168";3;"16:30";"1";"57";"1";"1";"1";5;49;6
"49169";"202100049169";3;"14:58";"1";"51";"1";"1";"1";7;49;4
"49170";"202100049170";3;"12:11";"1";"56";"1";"1";"1";6;47;-2
"49171";"202100049171";3;"17:50";"1";"56";"1";"3";"1";3;47;-2
"49172";"202100049172";3;"13:15";"1";"79";"1";"2";"1";3;46;0
"49173";"202100049173";3;"22:30";"3";"89";"1";"1";"1";1;47;4
"49174";"202100049174";3;"15:55";"1";"63";"1";"2";"1";3;46;2
"49175";"202100049175";3;"09:00";"1";"34";"1";"2";"1";1;43;3
"49176";"202100049176";3;"12:55";"1";"31";"1";"2";"1";3;43;0
"49177";"202100049177";3;"17:15";"1";"03";"2";"1";"1";6;46;3
"49178";"202100049178";3;"13:30";"1";"01";"1";"1";"1";7;45;5
"49179";"202100049179";3;"16:30";"1";"54";"2";"5";"1";3;48;5
"49180";"202100049180";3;"14:55";"1";"53";"1";"1";"1";6;48;0
"49181";"202100049181";3;"19:20";"5";"24";"2";"1";"1";6;44;0
"49182";"202100049182";3;"17:30";"1";"85";"1";"1";"1";7;46;-1
"49183";"202100049183";3;"14:10";"1";"37";"2";"1";"1";2;47;0
"49184";"202100049184";3;"17:55";"1";"95";"2";"1";"1";6;49;2
"49185";"202100049185";3;"15:50";"1";"06";"1";"2";"1";3;43;7
"49186";"202100049186";3;"20:50";"5";"06";"1";"1";"1";7;43;7
"49187";"202100049187";3;"15:10";"1";"02";"1";"1";"4";7;49;3
"49188";"202100049188";3;"19:30";"3";"988";"1";"4";"2";7;-21;168
"49189";"202100049189";3;"07:25";"1";"972";"1";"1";"1";6;14;-61
"49190";"202100049190";3;"15:30";"1";"2A";"1";"1";"1";7;41;9
"49191";"202100049191";3;"17:50";"1";"2A";"2";"3";"1";1;41;9
"49192";"202100049192";3;"08:50";"1";"83";"2";"1";"1";6;43;6
"49193";"202100049193";3;"16:50";"1";"68";"2";"2";"7";5;47;7
"49194";"202100049194";3;"09:15";"1";"68";"2";"1";"1";6;48;7
"49195";"202100049195";3;"11:40";"1";"03";"2";"1";"1";6;46;3
"49196";"202100049196";3;"12:45";"1";"38";"1";"1";"1";5;45;5
"49197";"202100049197";3;"21:05";"3";"26";"1";"1";"6";6;44;4
"49198";"202100049198";2;"17:00";"1";"07";"2";"4";"1";1;44;4
"49199";"202100049199";3;"17:30";"2";"01";"1";"1";"7";1;46;5
"49200";"202100049200";2;"11:00";"1";"31";"1";"2";"1";3;43;1
"49201";"202100049201";3;"18:30";"3";"13";"1";"1";"1";3;43;5
"49202";"202100049202";3;"08:35";"1";"33";"1";"1";"1";2;44;0
"49203";"202100049203";3;"09:50";"1";"59";"1";"1";"1";6;50;3
"49204";"202100049204";3;"17:25";"1";"59";"1";"1";"1";4;50;3
"49205";"202100049205";3;"10:50";"1";"78";"1";"1";"1";2;48;1
"49206";"202100049206";3;"08:05";"1";"92";"1";"1";"1";3;48;2
"49207";"202100049207";3;"15:20";"1";"95";"1";"1";"1";5;49;2
"49208";"202100049208";3;"12:50";"1";"93";"1";"1";"1";2;48;2
"49209";"202100049209";3;"11:10";"1";"93";"1";"1";"1";5;48;2
"49210";"202100049210";3;"22:15";"3";"93";"1";"1";"1";6;48;2
"49211";"202100049211";3;"09:37";"1";"988";"2";"2";"1";3;-22;166
"49212";"202100049212";3;"17:30";"1";"976";"2";"1";"1";3;-12;45
"49213";"202100049213";3;"21:50";"3";"974";"2";"1";"1";3;-20;55
"49214";"202100049214";3;"17:27";"1";"974";"1";"1";"1";2;-20;55
"49215";"202100049215";3;"20:10";"5";"973";"2";"9";"2";3;4;-52
"49216";"202100049216";3;"13:00";"1";"973";"2";"1";"1";3;4;-52
"49217";"202100049217";3;"08:20";"1";"973";"2";"2";"1";6;4;-52
"49218";"202100049218";3;"15:50";"1";"69";"2";"1";"1";3;45;4
"49219";"202100049219";3;"12:30";"1";"69";"2";"1";"1";6;45;4
"49220";"202100049220";3;"09:45";"1";"69";"2";"2";"1";3;45;4
"49221";"202100049221";3;"11:45";"1";"69";"2";"1";"1";2;45;4