"";"Num_Acc";"mois";"hrmn";"lum";"dep";"agg";"int";"atm";"col";"lat";"long"
"49222";"202100049222";2;"20:45";"5";"971";"2";"3";"1";3;16;-61
"49223";"202100049223";2;"02:00";"5";"971";"1";"1";"1";6;16;-61
"49224";"202100049224";3;"16:50";"1";"95";"2";"6";"1";3;48;2
"49225";"202100049225";2;"23:30";"5";"95";"2";"1";"1";1;48;2
"49226";"202100049226";3;"12:39";"1";"91";"2";"1";"1";6;48;2
"49227";"202100049227";3;"08:20";"1";"91";"2";"1";"1";3;48;2
"49228";"202100049228";2;"15:15";"1";"89";"2";"1";"1";6;47;3
"49229";"202100049229";3;"03:16";"5";"87";"2";"1";"1";6;45;1
"49230";"202100049230";3;"16:45";"1";"77";"2";"1";"7";6;48;3
"49231";"202100049231";3;"17:55";"1";"74";"2";"3";"1";3;46;6
"49232";"202100049232";3;"12:25";"1";"74";"2";"1";"1";6;45;6
"49233";"202100049233";3;"11:10";"1";"73";"2";"3";"1";1;45;5
"49234";"202100049234";3;"15:15";"1";"71";"2";"1";"1";3;46;4
"49235";"202100049235";3;"14:45";"1";"69";"2";"1";"1";6;45;4
"49236";"202100049236";2;"12:54";"1";"68";"1";"1";"1";2;47;7
"49237";"202100049237";3;"20:35";"5";"67";"2";"3";"1";3;48;7
"49238";"202100049238";3;"08:40";"1";"67";"2";"1";"1";6;48;7
"49239";"202100049239";3;"14:00";"1";"67";"2";"1";"1";6;48;7
"49240";"202100049240";3;"11:45";"1";"66";"1";"1";"1";3;42;2
"49241";"202100049241";3;"09:51";"1";"65";"2";"3";"1";3;43;0
"49242";"202100049242";3;"13:38";"1";"64";"2";"1";"1";2;43;-1
"49243";"202100049243";2;"17:30";"2";"62";"2";"1";"2";3;50;2
"49244";"202100049244";3;"17:45";"1";"59";"2";"1";"1";1;50;3
"49245";"202100049245";2;"16:00";"1";"59";"2";"7";"1";3;50;3
"49246";"202100049246";3;"17:00";"1";"59";"2";"1";"1";2;51;2
"49247";"202100049247";3;"14:35";"1";"56";"2";"3";"1";6;47;-3
"49248";"202100049248";3;"16:45";"1";"54";"2";"1";"1";6;48;6
"49249";"202100049249";3;"08:20";"1";"51";"2";"1";"1";7;49;3
"49250";"202100049250";3;"16:50";"1";"49";"2";"1";"1";6;47;0
"49251";"202100049251";3;"15:10";"1";"49";"2";"1";"1";7;47;0
"49252";"202100049252";3;"09:50";"1";"49";"2";"1";"1";6;47;0
"49253";"202100049253";2;"18:55";"3";"44";"1";"1";"1";6;47;-1
"49254";"202100049254";3;"15:10";"1";"37";"2";"2";"1";1;47;0
"49255";"202100049255";3;"13:00";"1";"35";"2";"1";"8";3;48;-1
"49256";"202100049256";3;"16:50";"1";"33";"2";"1";"7";2;44;0
"49257";"202100049257";3;"21:10";"5";"33";"1";"4";"1";1;44;0
"49258";"202100049258";3;"08:20";"1";"33";"2";"4";"1";3;44;0
"49259";"202100049259";3;"12:30";"1";"33";"2";"1";"1";6;44;0
"49260";"202100049260";3;"17:35";"1";"33";"2";"3";"1";3;44;0
"49261";"202100049261";2;"15:48";"1";"30";"2";"1";"2";2;44;4
"49262";"202100049262";3;"12:25";"1";"25";"2";"1";"1";6;47;5
"49263";"202100049263";3;"15:40";"1";"17";"2";"1";"1";2;45;0
"49264";"202100049264";3;"17:15";"1";"17";"2";"1";"1";6;46;-1
"49265";"202100049265";3;"12:15";"1";"13";"2";"2";"1";2;43;5
"49266";"202100049266";2;"16:35";"1";"13";"2";"1";"1";6;43;5
"49267";"202100049267";3;"13:15";"1";"05";"2";"1";"1";3;44;6
"49268";"202100049268";3;"16:30";"1";"04";"2";"3";"1";3;43;5
"49269";"202100049269";3;"08:05";"1";"75";"2";"1";"1";2;48;2
"49270";"202100049270";3;"09:15";"1";"75";"2";"4";"1";3;48;2
"49271";"202100049271";3;"21:00";"3";"75";"2";"3";"1";2;48;2
"49272";"202100049272";3;"08:45";"1";"75";"2";"2";"1";2;48;2
"49273";"202100049273";3;"09:33";"1";"75";"2";"2";"1";3;48;2
"49274";"202100049274";3;"15:25";"1";"75";"2";"2";"2";7;48;2
"49275";"202100049275";3;"13:30";"1";"75";"2";"3";"1";3;48;2
"49276";"202100049276";3;"18:50";"5";"75";"2";"1";"1";2;48;2
"49277";"202100049277";3;"00:40";"5";"75";"2";"2";"2";6;48;2
"49278";"202100049278";3;"15:30";"1";"75";"2";"1";"2";2;48;2
"49279";"202100049279";3;"17:15";"1";"75";"2";"2";"1";3;48;2
"49280";"202100049280";3;"12:15";"1";"75";"2";"1";"1";6;48;2
"49281";"202100049281";3;"18:30";"2";"75";"2";"3";"1";3;48;2
"49282";"202100049282";3;"12:20";"1";"75";"2";"1";"1";6;48;2
"49283";"202100049283";3;"13:05";"1";"75";"2";"1";"1";6;48;2
"49284";"202100049284";3;"17:35";"1";"75";"2";"2";"2";3;48;2
"49285";"202100049285";3;"09:17";"1";"75";"2";"1";"1";4;48;2
"49286";"202100049286";3;"09:15";"1";"75";"2";"7";"1";7;48;2
"49287";"202100049287";3;"19:30";"5";"75";"2";"7";"1";1;48;2
"49288";"202100049288";3;"18:45";"5";"94";"2";"1";"2";7;48;2
"49289";"202100049289";3;"13:45";"1";"94";"2";"1";"1";2;48;2
"49290";"202100049290";3;"21:20";"5";"93";"2";"1";"2";2;48;2
"49291";"202100049291";3;"22:05";"5";"93";"2";"1";"2";4;48;2
"49292";"202100049292";3;"16:10";"1";"93";"2";"1";"2";3;48;2
"49293";"202100049293";3;"18:20";"1";"93";"2";"1";"2";2;48;2
"49294";"202100049294";3;"19:15";"5";"93";"2";"9";"1";1;48;2
"49295";"202100049295";3;"13:35";"1";"92";"2";"2";"1";6;48;2
"49296";"202100049296";3;"19:40";"5";"92";"2";"1";"1";6;48;2
"49297";"202100049297";3;"08:35";"1";"92";"2";"3";"1";2;48;2
"49298";"202100049298";3;"21:00";"5";"92";"2";"1";"1";3;48;2
"49299";"202100049299";3;"20:30";"5";"92";"2";"2";"1";3;48;2
"49300";"202100049300";3;"08:36";"1";"92";"2";"1";"8";2;48;2
"49301";"202100049301";3;"06:40";"2";"24";"1";"1";"1";2;44;0
"49302";"202100049302";3;"14:25";"1";"38";"2";"3";"1";1;45;4
"49303";"202100049303";3;"08:45";"1";"972";"1";"1";"1";1;14;-61
"49304";"202100049304";3;"16:00";"1";"01";"1";"3";"1";3;46;5
"49305";"202100049305";2;"17:30";"1";"59";"1";"1";"1";7;50;4
"49306";"202100049306";2;"15:55";"1";"56";"1";"3";"1";3;47;-3
"49307";"202100049307";3;"12:10";"1";"79";"1";"1";"1";6;46;0
"49308";"202100049308";3;"11:45";"1";"82";"1";"1";"1";6;44;1
"49309";"202100049309";3;"13:45";"1";"47";"1";"2";"1";3;44;0
"49310";"202100049310";2;"11:45";"1";"41";"2";"9";"1";3;47;1
"49311";"202100049311";3;"09:45";"1";"41";"1";"1";"1";1;47;1
"49312";"202100049312";3;"20:25";"3";"01";"2";"3";"1";1;46;4
"49313";"202100049313";3;"12:35";"1";"70";"1";"1";"1";6;47;6
"49314";"202100049314";3;"15:30";"1";"14";"1";"1";"1";7;49;0
"49315";"202100049315";2;"11:00";"1";"90";"2";"1";"1";6;47;6
"49316";"202100049316";3;"11:00";"1";"64";"2";"1";"1";6;43;-1
"49317";"202100049317";3;"16:00";"1";"16";"1";"1";"1";1;46;0
"49318";"202100049318";3;"17:20";"1";"24";"2";"1";"1";6;45;0
"49319";"202100049319";3;"20:25";"5";"17";"2";"1";"1";6;45;0
"49320";"202100049320";3;"09:50";"1";"973";"1";"1";"1";3;4;-52
"49321";"202100049321";3;"12:50";"1";"60";"1";"1";"8";3;49;2
"49322";"202100049322";2;"00:05";"3";"978";"1";"1";"1";1;18;-63
"49323";"202100049323";3;"14:45";"1";"973";"2";"3";"1";3;4;-52
"49324";"202100049324";3;"17:00";"1";"06";"1";"1";"1";7;43;7
"49325";"202100049325";3;"23:40";"3";"60";"1";"1";"1";2;49;2
"49326";"202100049326";3;"15:15";"1";"988";"1";"1";"2";1;-21;165
"49327";"202100049327";3;"18:40";"3";"976";"1";"1";"1";1;-12;45
"49328";"202100049328";3;"16:15";"1";"34";"1";"9";"1";1;43;3
"49329";"202100049329";2;"12:30";"1";"06";"1";"1";"1";1;43;7
"49330";"202100049330";3;"17:45";"1";"13";"1";"1";"1";5;43;4
"49331";"202100049331";3;"17:25";"1";"74";"2";"1";"1";3;45;6
"49332";"202100049332";3;"15:50";"1";"01";"2";"1";"1";2;45;5
"49333";"202100049333";3;"09:20";"1";"33";"1";"2";"1";3;44;0
"49334";"202100049334";3;"16:00";"1";"50";"2";"1";"1";6;49;-1
"49335";"202100049335";3;"19:17";"3";"35";"1";"1";"1";7;48;-1
"49336";"202100049336";3;"14:30";"1";"13";"1";"1";"1";3;43;5
"49337";"202100049337";3;"17:00";"1";"33";"1";"1";"1";2;44;0
"49338";"202100049338";3;"11:15";"1";"33";"1";"1";"1";2;44;0
"49339";"202100049339";3;"07:50";"1";"77";"1";"1";"1";1;48;2
"49340";"202100049340";3;"20:30";"5";"92";"1";"1";"1";3;48;2
"49341";"202100049341";3;"11:45";"1";"92";"1";"1";"1";2;48;2
"49342";"202100049342";3;"15:50";"1";"93";"1";"1";"1";6;48;2
"49343";"202100049343";3;"12:45";"1";"95";"1";"1";"1";7;49;2
"49344";"202100049344";3;"11:25";"1";"93";"1";"1";"1";5;48;2
"49345";"202100049345";3;"20:00";"3";"95";"1";"1";"1";2;49;2
"49346";"202100049346";3;"07:50";"1";"94";"1";"1";"1";3;48;2
"49347";"202100049347";3;"07:20";"1";"988";"2";"3";"1";3;-22;166
"49348";"202100049348";3;"11:10";"1";"976";"2";"1";"1";7;-12;45
"49349";"202100049349";2;"18:00";"1";"974";"1";"1";"1";6;-21;55
"49350";"202100049350";3;"12:30";"1";"974";"1";"1";"1";2;-20;55
"49351";"202100049351";3;"14:40";"1";"973";"2";"1";"1";3;4;-52
"49352";"202100049352";3;"10:00";"1";"973";"2";"7";"1";3;4;-52
"49353";"202100049353";3;"07:30";"1";"69";"2";"1";"1";7;45;4
"49354";"202100049354";3;"13:35";"1";"972";"1";"5";"1";5;14;-60
"49355";"202100049355";3;"03:40";"5";"972";"2";"1";"1";6;14;-60
"49356";"202100049356";3;"18:15";"2";"69";"2";"1";"8";3;45;4
"49357";"202100049357";3;"14:30";"1";"69";"2";"1";"1";7;45;4
"49358";"202100049358";3;"19:00";"5";"69";"2";"1";"1";6;45;4
"49359";"202100049359";3;"11:15";"1";"971";"2";"9";"1";6;16;-61
"49360";"202100049360";3;"13:35";"1";"91";"2";"1";"1";6;48;2
"49361";"202100049361";3;"16:50";"1";"91";"2";"9";"1";3;48;2
"49362";"202100049362";3;"10:55";"1";"91";"2";"6";"1";6;48;2
"49363";"202100049363";2;"16:35";"1";"91";"1";"1";"1";6;48;2
"49364";"202100049364";2;"12:15";"1";"89";"2";"2";"1";3;48;3
"49365";"202100049365";2;"16:37";"1";"87";"2";"1";"1";7;45;1
"49366";"202100049366";3;"16:10";"1";"86";"2";"1";"1";4;46;0
"49367";"202100049367";3;"09:05";"1";"85";"2";"2";"1";3;46;-1
"49368";"202100049368";3;"17:00";"1";"83";"1";"9";"1";1;43;6
"49369";"202100049369";2;"11:52";"1";"83";"1";"2";"1";1;43;6
"49370";"202100049370";3;"17:36";"1";"78";"2";"2";"1";3;48;2
"49371";"202100049371";3;"12:00";"1";"78";"2";"1";"1";2;48;2
"49372";"202100049372";3;"18:20";"2";"77";"1";"1";"1";3;48;2
"49373";"202100049373";3;"18:10";"1";"76";"2";"2";"1";6;49;0
"49374";"202100049374";3;"10:20";"1";"71";"2";"1";"1";7;46;4
"49375";"202100049375";3;"13:00";"1";"71";"2";"1";"1";7;46;4
"49376";"202100049376";3;"07:40";"1";"71";"2";"2";"1";3;46;4
"49377";"202100049377";3;"16:30";"1";"71";"1";"3";"1";3;46;4
"49378";"202100049378";3;"17:50";"1";"69";"1";"3";"1";2;45;4
"49379";"202100049379";3;"16:45";"1";"64";"2";"2";"1";3;43;0
"49380";"202100049380";3;"08:05";"1";"64";"2";"1";"1";2;43;0
"49381";"202100049381";3;"16:30";"1";"64";"2";"1";"1";3;43;0
"49382";"202100049382";3;"10:59";"1";"63";"2";"1";"1";2;45;3
"49383";"202100049383";3;"15:10";"1";"59";"2";"3";"1";3;50;2
"49384";"202100049384";3;"22:20";"5";"54";"2";"2";"1";3;48;6
"49385";"202100049385";3;"17:55";"1";"54";"2";"1";"1";3;48;6
"49386";"202100049386";3;"17:30";"1";"49";"2";"2";"1";3;47;0
"49387";"202100049387";2;"19:38";"2";"49";"2";"1";"1";7;47;0
"49388";"202100049388";3;"12:35";"1";"37";"1";"1";"1";2;47;0
"49389";"202100049389";3;"07:40";"1";"35";"2";"1";"1";6;48;-1
"49390";"202100049390";2;"14:15";"1";"34";"2";"3";"1";3;43;3
"49391";"202100049391";3;"18:00";"1";"33";"2";"3";"1";3;44;0
"49392";"202100049392";3;"13:45";"1";"33";"2";"2";"1";3;44;0
"49393";"202100049393";3;"12:34";"1";"30";"2";"1";"8";6;43;4
"49394";"202100049394";3;"11:00";"1";"29";"2";"1";"2";6;47;-3
"49395";"202100049395";3;"10:00";"1";"29";"2";"3";"1";3;48;-4
"49396";"202100049396";3;"17:30";"1";"25";"2";"3";"1";3;47;5
"49397";"202100049397";3;"19:12";"5";"25";"2";"3";"1";3;47;6
"49398";"202100049398";3;"12:23";"1";"17";"1";"9";"1";4;46;-1
"49399";"202100049399";3;"20:25";"5";"13";"2";"1";"1";5;43;5
"49400";"202100049400";3;"17:54";"2";"13";"2";"1";"1";1;43;5
"49401";"202100049401";3;"17:10";"1";"13";"2";"1";"1";6;43;5
"49402";"202100049402";3;"12:00";"1";"13";"2";"1";"1";3;43;5
"49403";"202100049403";2;"13:30";"1";"13";"2";"1";"1";1;43;5
"49404";"202100049404";3;"19:18";"5";"06";"2";"1";"1";3;43;7
"49405";"202100049405";3;"07:30";"1";"06";"2";"9";"1";1;43;7
"49406";"202100049406";1;"14:30";"1";"02";"2";"1";"1";3;49;3
"49407";"202100049407";3;"12:20";"1";"01";"2";"1";"1";3;46;5
"49408";"202100049408";3;"10:20";"1";"75";"2";"1";"1";5;48;2
"49409";"202100049409";3;"08:30";"1";"75";"2";"3";"1";6;48;2
"49410";"202100049410";3;"15:45";"1";"75";"2";"5";"1";6;48;2
"49411";"202100049411";3;"15:29";"1";"75";"2";"9";"1";6;48;2
"49412";"202100049412";3;"22:41";"5";"75";"2";"3";"1";2;48;2
"49413";"202100049413";3;"17:30";"1";"75";"2";"2";"1";6;48;2
"49414";"202100049414";3;"12:50";"1";"75";"2";"1";"1";6;48;2
"49415";"202100049415";3;"16:00";"1";"75";"2";"1";"1";7;48;2
"49416";"202100049416";3;"16:25";"1";"75";"2";"1";"1";6;48;2
"49417";"202100049417";3;"17:25";"1";"94";"2";"1";"1";3;48;2
"49418";"202100049418";3;"15:45";"1";"94";"2";"1";"1";3;48;2
"49419";"202100049419";3;"16:20";"1";"94";"2";"4";"1";7;48;2
"49420";"202100049420";3;"16:05";"1";"94";"2";"1";"1";1;48;2
"49421";"202100049421";3;"16:45";"1";"94";"2";"1";"1";1;48;2
"49422";"202100049422";3;"17:30";"1";"94";"2";"1";"1";3;48;2
"49423";"202100049423";3;"09:10";"1";"94";"2";"1";"1";6;48;2
"49424";"202100049424";3;"17:40";"1";"93";"2";"1";"1";3;48;2
"49425";"202100049425";3;"12:50";"1";"93";"2";"1";"1";1;48;2
"49426";"202100049426";3;"10:45";"1";"93";"2";"2";"1";3;48;2
"49427";"202100049427";3;"14:35";"1";"93";"2";"1";"1";3;48;2
"49428";"202100049428";3;"16:40";"1";"93";"2";"3";"1";6;48;2
"49429";"202100049429";3;"10:30";"1";"93";"2";"9";"1";6;48;2
"49430";"202100049430";3;"19:40";"5";"92";"2";"2";"1";3;48;2
"49431";"202100049431";3;"09:20";"1";"92";"2";"3";"1";3;48;2
"49432";"202100049432";3;"16:43";"1";"92";"2";"2";"1";3;48;2
"49433";"202100049433";2;"19:45";"3";"973";"2";"1";"2";1;3;-54
"49434";"202100049434";3;"13:55";"1";"76";"2";"2";"1";3;49;0
"49435";"202100049435";3;"19:00";"3";"51";"1";"1";"1";7;49;3
"49436";"202100049436";3;"12:00";"1";"59";"1";"9";"1";3;50;3
"49437";"202100049437";3;"09:00";"1";"19";"1";"3";"1";3;45;1
"49438";"202100049438";3;"18:20";"2";"19";"1";"1";"1";3;44;1
"49439";"202100049439";3;"15:15";"1";"77";"1";"3";"1";2;48;3
"49440";"202100049440";2;"18:25";"2";"80";"1";"1";"1";7;49;2
"49441";"202100049441";3;"08:30";"1";"80";"1";"1";"1";1;50;1
"49442";"202100049442";3;"14:45";"1";"34";"2";"1";"1";6;43;3
"49443";"202100049443";3;"08:45";"1";"68";"1";"1";"1";4;47;7
"49444";"202100049444";3;"16:00";"1";"38";"1";"2";"1";1;45;4
"49445";"202100049445";3;"17:17";"1";"38";"1";"1";"1";7;45;5
"49446";"202100049446";3;"12:40";"1";"60";"1";"1";"2";6;49;2
"49447";"202100049447";3;"18:30";"1";"07";"1";"1";"1";6;44;4
"49448";"202100049448";3;"07:00";"2";"87";"1";"1";"1";7;45;0
"49449";"202100049449";3;"00:30";"5";"987";"2";"1";"1";1;-17;-149
"49450";"202100049450";3;"19:00";"2";"63";"1";"1";"1";5;45;3
"49451";"202100049451";1;"15:20";"1";"06";"1";"1";"1";1;43;7
"49452";"202100049452";3;"15:15";"1";"13";"1";"3";"1";2;43;4
"49453";"202100049453";2;"16:15";"1";"07";"2";"3";"7";1;44;4
"49454";"202100049454";3;"12:10";"1";"14";"1";"1";"2";1;48;-1
"49455";"202100049455";2;"14:11";"1";"22";"1";"2";"1";3;48;-2
"49456";"202100049456";3;"09:00";"1";"22";"2";"9";"1";6;48;-2
"49457";"202100049457";3;"19:20";"3";"35";"1";"1";"1";1;47;-1
"49458";"202100049458";3;"21:00";"3";"59";"1";"6";"1";6;50;3
"49459";"202100049459";2;"09:30";"1";"69";"1";"1";"1";7;45;4
"49460";"202100049460";3;"13:50";"1";"54";"1";"1";"1";4;48;6
"49461";"202100049461";3;"03:54";"3";"59";"1";"1";"1";6;50;3
"49462";"202100049462";3;"08:40";"1";"91";"1";"1";"1";5;48;2
"49463";"202100049463";3;"17:10";"1";"92";"1";"1";"1";2;48;2
"49464";"202100049464";3;"09:50";"1";"95";"1";"1";"1";7;49;2
"49465";"202100049465";3;"09:15";"1";"95";"1";"1";"1";5;48;2
"49466";"202100049466";3;"15:15";"1";"988";"1";"4";"2";5;-22;166
"49467";"202100049467";3;"07:25";"1";"988";"2";"9";"1";2;-22;166
"49468";"202100049468";3;"20:10";"5";"974";"1";"1";"1";6;-20;55
"49469";"202100049469";3;"15:48";"1";"974";"2";"1";"1";7;-20;55
"49470";"202100049470";3;"14:05";"1";"973";"2";"1";"2";3;4;-52
"49471";"202100049471";3;"19:00";"5";"69";"2";"3";"1";3;45;4
"49472";"202100049472";3;"18:15";"2";"69";"2";"1";"1";2;45;4
"49473";"202100049473";3;"07:05";"1";"69";"2";"6";"1";3;45;4
"49474";"202100049474";3;"13:32";"1";"2B";"2";"1";"1";4;42;9
"49475";"202100049475";3;"12:20";"1";"86";"2";"1";"1";6;46;0
"49476";"202100049476";3;"11:40";"1";"86";"2";"1";"1";3;46;0
"49477";"202100049477";2;"10:25";"1";"83";"2";"1";"1";4;43;5
"49478";"202100049478";3;"18:30";"2";"83";"2";"1";"1";2;43;6
"49479";"202100049479";3;"15:59";"1";"82";"2";"3";"1";3;44;1
"49480";"202100049480";2;"08:12";"1";"80";"2";"3";"7";6;49;2
"49481";"202100049481";3;"07:30";"2";"77";"1";"1";"1";6;48;2
"49482";"202100049482";3;"08:25";"2";"77";"2";"1";"7";1;48;2
"49483";"202100049483";3;"15:28";"1";"73";"2";"1";"1";3;45;5
"49484";"202100049484";3;"19:00";"5";"69";"2";"1";"1";6;45;4
"49485";"202100049485";3;"14:10";"1";"68";"2";"3";"1";3;47;7
"49486";"202100049486";3;"17:40";"1";"66";"2";"3";"1";3;42;2
"49487";"202100049487";3;"12:25";"1";"65";"2";"6";"1";2;43;0
"49488";"202100049488";3;"17:20";"1";"64";"2";"1";"1";2;43;0
"49489";"202100049489";3;"17:35";"1";"64";"2";"2";"1";3;43;-1
"49490";"202100049490";3;"16:27";"1";"64";"2";"3";"1";3;43;-1
"49491";"202100049491";3;"13:35";"1";"63";"2";"1";"1";6;45;3
"49492";"202100049492";2;"15:45";"1";"62";"1";"1";"1";5;50;2
"49493";"202100049493";3;"18:30";"1";"59";"1";"6";"1";3;50;3
"49494";"202100049494";3;"12:45";"1";"54";"2";"4";"1";3;48;6
"49495";"202100049495";2;"15:23";"1";"50";"2";"2";"1";3;48;-1
"49496";"202100049496";3;"02:50";"5";"49";"2";"1";"1";6;47;0
"49497";"202100049497";3;"08:05";"1";"45";"2";"6";"1";3;47;1
"49498";"202100049498";3;"17:20";"1";"45";"2";"1";"1";1;48;2
"49499";"202100049499";3;"17:50";"1";"44";"2";"1";"1";6;47;-1
"49500";"202100049500";3;"08:10";"1";"44";"1";"1";"1";2;47;-1
"49501";"202100049501";3;"06:35";"5";"33";"2";"3";"1";2;44;0
"49502";"202100049502";3;"12:30";"1";"33";"2";"3";"1";3;44;0
"49503";"202100049503";3;"14:15";"1";"31";"2";"9";"1";3;43;1
"49504";"202100049504";2;"17:25";"1";"31";"2";"3";"1";3;43;1
"49505";"202100049505";2;"13:00";"1";"31";"2";"1";"1";3;43;1
"49506";"202100049506";3;"15:15";"1";"22";"2";"1";"1";2;48;-3
"49507";"202100049507";3;"16:48";"1";"17";"2";"1";"1";6;46;-1
"49508";"202100049508";2;"17:55";"1";"13";"2";"1";"1";5;43;5
"49509";"202100049509";2;"07:35";"1";"13";"1";"1";"1";6;43;4
"49510";"202100049510";3;"17:55";"1";"13";"2";"1";"1";3;43;5
"49511";"202100049511";3;"13:15";"1";"13";"2";"1";"1";6;43;5
"49512";"202100049512";3;"08:35";"1";"13";"2";"1";"1";6;43;5
"49513";"202100049513";2;"20:00";"5";"13";"2";"2";"1";3;43;5
"49514";"202100049514";3;"14:10";"1";"13";"2";"1";"1";2;43;5
"49515";"202100049515";2;"07:15";"5";"11";"2";"1";"1";7;43;3
"49516";"202100049516";3;"17:30";"1";"10";"2";"1";"1";7;48;4
"49517";"202100049517";3;"15:10";"1";"10";"2";"2";"1";3;48;4
"49518";"202100049518";3;"14:54";"1";"10";"2";"6";"1";3;48;4
"49519";"202100049519";3;"08:35";"1";"02";"2";"1";"7";6;49;3
"49520";"202100049520";3;"14:30";"1";"75";"2";"4";"1";6;48;2
"49521";"202100049521";3;"10:23";"1";"75";"2";"2";"1";3;48;2
"49522";"202100049522";3;"08:30";"1";"75";"2";"2";"1";6;48;2
"49523";"202100049523";3;"17:00";"1";"75";"2";"1";"1";6;48;2
"49524";"202100049524";3;"21:50";"5";"75";"2";"1";"1";7;48;2
"49525";"202100049525";3;"08:45";"1";"75";"2";"1";"1";3;48;2
"49526";"202100049526";3;"09:55";"1";"75";"2";"2";"1";6;48;2
"49527";"202100049527";3;"09:55";"1";"75";"2";"2";"1";3;48;2
"49528";"202100049528";3;"17:20";"1";"75";"2";"4";"1";6;48;2
"49529";"202100049529";3;"16:30";"1";"75";"2";"2";"1";3;48;2
"49530";"202100049530";3;"17:45";"1";"75";"2";"3";"1";3;48;2
"49531";"202100049531";3;"10:45";"1";"75";"2";"4";"1";6;48;2
"49532";"202100049532";3;"21:20";"5";"75";"2";"2";"1";3;48;2
"49533";"202100049533";3;"16:45";"1";"94";"2";"2";"1";1;48;2
"49534";"202100049534";3;"20:38";"5";"94";"2";"1";"1";6;48;2
"49535";"202100049535";3;"12:45";"1";"94";"2";"1";"1";2;48;2
"49536";"202100049536";3;"10:30";"1";"94";"2";"1";"1";6;48;2
"49537";"202100049537";3;"18:40";"5";"94";"2";"1";"1";6;48;2
"49538";"202100049538";3;"12:10";"1";"94";"2";"1";"1";2;48;2
"49539";"202100049539";2;"21:30";"5";"94";"2";"2";"1";3;48;2
"49540";"202100049540";3;"15:05";"1";"93";"2";"9";"1";3;48;2
"49541";"202100049541";3;"13:30";"1";"93";"2";"1";"1";2;48;2
"49542";"202100049542";2;"01:18";"5";"93";"2";"3";"1";3;48;2
"49543";"202100049543";3;"16:10";"1";"93";"2";"7";"1";6;48;2
"49544";"202100049544";3;"18:02";"2";"92";"2";"1";"1";3;48;2
"49545";"202100049545";3;"18:00";"2";"92";"2";"2";"1";3;48;2
"49546";"202100049546";3;"14:20";"1";"92";"2";"2";"1";3;48;2
"49547";"202100049547";3;"18:00";"1";"92";"2";"9";"1";6;48;2
"49548";"202100049548";3;"17:00";"1";"92";"2";"2";"1";3;48;2
"49549";"202100049549";3;"19:00";"3";"37";"1";"1";"1";7;47;0
"49550";"202100049550";3;"02:10";"3";"60";"2";"1";"1";7;49;2
"49551";"202100049551";2;"15:00";"1";"37";"1";"1";"1";2;47;0
"49552";"202100049552";3;"07:00";"2";"61";"1";"1";"1";7;48;0
"49553";"202100049553";3;"19:50";"3";"57";"1";"1";"1";5;49;5
"49554";"202100049554";3;"16:55";"1";"77";"2";"2";"1";3;48;3
"49555";"202100049555";3;"15:50";"1";"61";"1";"1";"1";3;48;0
"49556";"202100049556";3;"05:30";"5";"61";"2";"4";"1";7;48;0
"49557";"202100049557";3;"17:30";"1";"34";"1";"1";"8";1;43;3
"49558";"202100049558";3;"15:50";"1";"39";"1";"1";"1";1;46;5
"49559";"202100049559";3;"14:50";"1";"02";"2";"6";"1";3;49;3
"49560";"202100049560";3;"09:15";"1";"64";"1";"1";"1";1;43;0
"49561";"202100049561";3;"14:30";"1";"06";"1";"1";"1";2;43;7
"49562";"202100049562";3;"17:30";"1";"46";"1";"1";"1";7;44;1
"49563";"202100049563";3;"14:55";"1";"45";"1";"2";"1";2;48;2
"49564";"202100049564";3;"17:35";"1";"68";"2";"3";"1";3;48;7
"49565";"202100049565";3;"14:45";"1";"67";"1";"1";"1";7;48;7
"49566";"202100049566";3;"15:00";"1";"67";"2";"2";"1";6;48;7
"49567";"202100049567";2;"15:30";"1";"69";"2";"1";"1";7;45;4
"49568";"202100049568";2;"18:00";"1";"49";"1";"1";"1";5;47;0
"49569";"202100049569";3;"13:15";"1";"61";"1";"1";"1";3;48;0
"49570";"202100049570";2;"16:30";"1";"22";"1";"2";"1";1;48;-2
"49571";"202100049571";3;"17:30";"1";"13";"1";"1";"1";6;43;5
"49572";"202100049572";3;"14:30";"1";"13";"1";"1";"1";2;43;5
"49573";"202100049573";2;"08:30";"1";"13";"1";"1";"1";3;43;5
"49574";"202100049574";3;"15:50";"1";"13";"1";"1";"1";4;43;5
"49575";"202100049575";3;"08:50";"1";"33";"1";"1";"1";6;44;0
"49576";"202100049576";3;"12:50";"1";"91";"1";"1";"1";5;48;2
"49577";"202100049577";3;"09:20";"1";"91";"1";"1";"1";2;48;2
"49578";"202100049578";3;"17:00";"1";"93";"1";"1";"1";2;48;2
"49579";"202100049579";3;"12:40";"1";"95";"1";"1";"1";7;48;2
"49580";"202100049580";3;"13:00";"1";"95";"1";"1";"1";6;49;2
"49581";"202100049581";3;"10:10";"1";"93";"1";"1";"1";3;48;2
"49582";"202100049582";3;"08:25";"1";"93";"1";"1";"1";3;48;2
"49583";"202100049583";3;"17:30";"1";"93";"1";"1";"1";4;48;2
"49584";"202100049584";3;"12:40";"1";"95";"1";"1";"1";5;48;2
"49585";"202100049585";3;"08:30";"1";"93";"1";"1";"1";2;48;2
"49586";"202100049586";3;"19:00";"1";"94";"1";"1";"1";2;48;2