"";"Num_Acc";"mois";"hrmn";"lum";"dep";"agg";"int";"atm";"col";"lat";"long"
"49587";"202100049587";3;"18:00";"2";"77";"1";"1";"1";4;48;2
"49588";"202100049588";3;"17:30";"1";"94";"1";"1";"1";4;48;2
"49589";"202100049589";3;"13:30";"1";"75";"1";"1";"1";4;48;2
"49590";"202100049590";3;"12:30";"1";"77";"1";"1";"1";6;48;2
"49591";"202100049591";3;"13:15";"1";"974";"2";"1";"1";2;-20;55
"49592";"202100049592";2;"21:00";"5";"974";"2";"9";"1";3;-20;55
"49593";"202100049593";3;"14:00";"1";"973";"2";"6";"2";3;4;-52
"49594";"202100049594";3;"14:30";"1";"69";"2";"1";"1";6;45;4
"49595";"202100049595";3;"06:50";"1";"972";"1";"3";"1";3;14;-60
"49596";"202100049596";2;"08:25";"1";"972";"1";"1";"1";1;14;-61
"49597";"202100049597";2;"05:15";"2";"972";"1";"1";"1";6;14;-61
"49598";"202100049598";3;"07:40";"1";"69";"2";"3";"1";2;45;4
"49599";"202100049599";2;"23:25";"5";"971";"1";"1";"1";3;16;-61
"49600";"202100049600";3;"16:15";"1";"971";"2";"1";"1";3;16;-61
"49601";"202100049601";2;"18:53";"5";"95";"2";"3";"1";3;49;2
"49602";"202100049602";3;"10:35";"1";"91";"2";"1";"7";6;48;2
"49603";"202100049603";3;"08:40";"1";"91";"2";"9";"1";6;48;2
"49604";"202100049604";3;"08:55";"1";"91";"2";"3";"1";7;48;2
"49605";"202100049605";3;"10:05";"1";"91";"2";"2";"1";3;48;2
"49606";"202100049606";2;"08:15";"2";"91";"2";"1";"1";6;48;2
"49607";"202100049607";2;"14:49";"1";"87";"1";"1";"1";7;45;1
"49608";"202100049608";2;"16:34";"1";"87";"1";"1";"1";2;45;1
"49609";"202100049609";2;"17:30";"1";"86";"1";"1";"1";5;46;0
"49610";"202100049610";3;"08:20";"1";"83";"2";"1";"1";3;43;5
"49611";"202100049611";2;"17:00";"1";"80";"2";"2";"1";3;49;2
"49612";"202100049612";2;"10:20";"1";"80";"2";"1";"1";3;49;2
"49613";"202100049613";3;"16:16";"1";"77";"2";"5";"1";3;48;2
"49614";"202100049614";2;"16:30";"1";"76";"2";"2";"1";3;49;1
"49615";"202100049615";2;"14:11";"1";"76";"2";"1";"1";6;49;1
"49616";"202100049616";2;"17:15";"1";"76";"2";"1";"1";6;49;1
"49617";"202100049617";2;"16:30";"1";"76";"2";"1";"1";7;49;0
"49618";"202100049618";2;"10:55";"1";"67";"2";"1";"1";6;48;7
"49619";"202100049619";2;"11:00";"1";"67";"2";"3";"1";3;48;7
"49620";"202100049620";2;"17:45";"2";"67";"2";"1";"7";6;48;7
"49621";"202100049621";2;"18:10";"2";"67";"2";"3";"1";3;48;7
"49622";"202100049622";2;"16:10";"1";"67";"2";"1";"1";6;48;7
"49623";"202100049623";2;"16:00";"1";"67";"2";"3";"1";6;48;7
"49624";"202100049624";2;"11:20";"1";"67";"2";"8";"1";2;48;7
"49625";"202100049625";2;"06:49";"2";"67";"2";"3";"1";6;48;7
"49626";"202100049626";2;"14:00";"1";"66";"2";"1";"1";4;42;2
"49627";"202100049627";2;"17:25";"1";"66";"1";"1";"1";4;42;2
"49628";"202100049628";3;"09:33";"1";"65";"1";"3";"1";3;43;0
"49629";"202100049629";3;"16:35";"1";"64";"2";"3";"1";1;43;0
"49630";"202100049630";3;"16:55";"1";"64";"2";"1";"1";7;43;-1
"49631";"202100049631";2;"12:00";"1";"64";"2";"1";"1";5;43;-1
"49632";"202100049632";2;"09:20";"1";"63";"2";"1";"1";1;45;3
"49633";"202100049633";3;"20:55";"5";"61";"2";"1";"1";6;48;0
"49634";"202100049634";2;"19:00";"5";"59";"2";"2";"1";3;50;3
"49635";"202100049635";2;"20:44";"5";"57";"2";"1";"1";-1;49;6
"49636";"202100049636";2;"15:00";"1";"56";"2";"1";"1";6;47;-3
"49637";"202100049637";3;"13:50";"1";"51";"2";"2";"1";3;49;4
"49638";"202100049638";2;"15:23";"1";"49";"2";"1";"1";2;47;0
"49639";"202100049639";2;"17:20";"1";"44";"2";"1";"1";3;47;-1
"49640";"202100049640";3;"16:28";"1";"41";"1";"4";"1";1;47;1
"49641";"202100049641";3;"15:40";"1";"35";"2";"1";"1";6;48;-1
"49642";"202100049642";3;"06:40";"2";"35";"1";"6";"1";3;48;-1
"49643";"202100049643";2;"15:25";"1";"34";"1";"1";"1";5;43;3
"49644";"202100049644";2;"18:00";"2";"34";"2";"3";"1";3;43;3
"49645";"202100049645";3;"10:50";"1";"33";"2";"9";"1";3;44;0
"49646";"202100049646";3;"15:00";"1";"29";"2";"6";"1";3;48;-4
"49647";"202100049647";2;"16:30";"1";"27";"2";"3";"1";3;49;1
"49648";"202100049648";2;"17:55";"1";"22";"2";"1";"1";1;48;-2
"49649";"202100049649";2;"06:15";"5";"21";"2";"2";"2";3;47;5
"49650";"202100049650";2;"00:20";"5";"21";"2";"5";"1";3;47;5
"49651";"202100049651";3;"13:45";"1";"16";"2";"1";"1";6;45;0
"49652";"202100049652";2;"06:15";"2";"30";"1";"3";"5";3;43;4
"49653";"202100049653";2;"16:40";"1";"13";"2";"1";"1";1;43;4
"49654";"202100049654";3;"00:15";"5";"13";"2";"1";"1";2;43;5
"49655";"202100049655";3;"07:15";"1";"13";"2";"2";"1";3;43;5
"49656";"202100049656";3;"16:59";"1";"06";"2";"1";"1";7;43;7
"49657";"202100049657";3;"11:00";"1";"75";"2";"4";"1";3;48;2
"49658";"202100049658";3;"01:40";"5";"75";"2";"1";"1";7;48;2
"49659";"202100049659";3;"14:45";"1";"75";"2";"4";"1";2;48;2
"49660";"202100049660";2;"12:20";"1";"75";"2";"2";"1";3;48;2
"49661";"202100049661";2;"13:24";"1";"75";"2";"1";"1";2;48;2
"49662";"202100049662";3;"07:50";"1";"75";"2";"3";"1";3;48;2
"49663";"202100049663";3;"10:30";"1";"75";"2";"2";"1";6;48;2
"49664";"202100049664";3;"09:18";"1";"75";"2";"2";"1";3;48;2
"49665";"202100049665";3;"16:30";"1";"75";"2";"2";"1";7;48;2
"49666";"202100049666";3;"07:55";"1";"75";"2";"2";"1";2;48;2
"49667";"202100049667";2;"14:30";"1";"75";"2";"3";"1";3;48;2
"49668";"202100049668";3;"17:10";"1";"94";"2";"1";"1";2;48;2
"49669";"202100049669";2;"15:45";"1";"94";"2";"3";"1";3;48;2
"49670";"202100049670";3;"05:50";"5";"94";"2";"2";"1";3;48;2
"49671";"202100049671";3;"18:00";"2";"94";"2";"2";"1";3;48;2
"49672";"202100049672";2;"22:20";"5";"94";"2";"3";"1";3;48;2
"49673";"202100049673";3;"07:55";"1";"94";"2";"1";"1";3;48;2
"49674";"202100049674";2;"11:50";"1";"94";"2";"1";"1";6;48;2
"49675";"202100049675";3;"09:00";"1";"94";"2";"1";"1";3;48;2
"49676";"202100049676";3;"08:20";"1";"94";"2";"6";"1";6;48;2
"49677";"202100049677";3;"00:40";"5";"93";"2";"2";"1";5;48;2
"49678";"202100049678";2;"22:18";"5";"93";"2";"1";"1";2;48;2
"49679";"202100049679";2;"13:55";"1";"93";"2";"1";"1";2;48;2
"49680";"202100049680";3;"08:35";"1";"93";"2";"1";"1";3;48;2
"49681";"202100049681";2;"21:40";"5";"93";"2";"1";"1";3;48;2
"49682";"202100049682";3;"13:20";"1";"93";"2";"1";"1";3;48;2
"49683";"202100049683";3;"06:35";"5";"93";"2";"9";"1";3;48;2
"49684";"202100049684";3;"17:00";"1";"93";"2";"3";"1";3;48;2
"49685";"202100049685";3;"14:45";"1";"93";"2";"3";"1";6;48;2
"49686";"202100049686";3;"06:20";"5";"93";"2";"1";"1";6;48;2
"49687";"202100049687";3;"09:04";"1";"92";"2";"3";"1";6;48;2
"49688";"202100049688";3;"17:25";"1";"92";"2";"1";"1";3;48;2
"49689";"202100049689";3;"12:10";"1";"92";"2";"1";"1";2;48;2
"49690";"202100049690";3;"12:00";"1";"92";"2";"6";"1";6;48;2
"49691";"202100049691";3;"10:30";"1";"92";"2";"3";"1";6;48;2
"49692";"202100049692";2;"09:30";"1";"51";"2";"1";"1";7;48;4
"49693";"202100049693";3;"21:30";"3";"67";"1";"1";"1";7;48;7
"49694";"202100049694";2;"14:30";"1";"06";"2";"1";"1";3;43;7
"49695";"202100049695";2;"17:35";"1";"31";"1";"1";"1";3;43;1
"49696";"202100049696";2;"17:55";"1";"63";"1";"1";"1";1;45;2
"49697";"202100049697";3;"12:50";"1";"14";"1";"4";"1";3;48;0
"49698";"202100049698";2;"18:00";"1";"76";"1";"1";"1";6;49;0
"49699";"202100049699";2;"16:30";"1";"76";"1";"1";"1";7;49;0
"49700";"202100049700";3;"16:12";"1";"79";"1";"1";"1";2;46;0
"49701";"202100049701";3;"13:45";"1";"79";"2";"1";"1";6;46;0
"49702";"202100049702";3;"10:05";"1";"69";"2";"1";"1";6;45;4
"49703";"202100049703";3;"15:35";"1";"12";"1";"1";"1";1;44;2
"49704";"202100049704";3;"14:05";"1";"47";"1";"1";"1";6;44;0
"49705";"202100049705";3;"04:10";"3";"44";"1";"1";"1";6;47;-1
"49706";"202100049706";2;"22:00";"3";"44";"1";"1";"1";7;47;-1
"49707";"202100049707";3;"19:00";"3";"38";"1";"3";"1";3;45;5
"49708";"202100049708";3;"10:30";"1";"15";"2";"3";"1";6;44;2
"49709";"202100049709";3;"20:32";"3";"58";"1";"1";"1";7;47;3
"49710";"202100049710";3;"20:15";"3";"64";"1";"1";"1";1;43;0
"49711";"202100049711";3;"01:45";"5";"04";"2";"1";"1";6;44;5
"49712";"202100049712";3;"06:45";"3";"17";"1";"1";"1";2;45;0
"49713";"202100049713";3;"09:45";"1";"17";"2";"1";"1";6;45;0
"49714";"202100049714";3;"11:30";"1";"978";"2";"1";"1";1;18;-63
"49715";"202100049715";3;"15:15";"1";"37";"2";"1";"1";6;47;0
"49716";"202100049716";3;"21:30";"3";"2A";"1";"1";"1";6;41;9
"49717";"202100049717";3;"07:45";"1";"83";"1";"1";"1";3;43;6
"49718";"202100049718";3;"06:15";"3";"63";"1";"1";"9";6;45;2
"49719";"202100049719";3;"16:30";"1";"74";"1";"1";"1";6;46;6
"49720";"202100049720";3;"18:20";"1";"38";"2";"1";"1";6;45;4
"49721";"202100049721";3;"09:00";"1";"33";"2";"3";"1";6;44;0
"49722";"202100049722";3;"17:30";"1";"56";"1";"1";"1";1;47;-3
"49723";"202100049723";2;"13:00";"1";"22";"1";"1";"2";6;48;-3
"49724";"202100049724";3;"13:20";"1";"27";"1";"1";"1";6;49;1
"49725";"202100049725";2;"11:45";"1";"60";"1";"9";"1";3;49;2
"49726";"202100049726";3;"16:30";"1";"60";"2";"1";"1";1;49;2
"49727";"202100049727";3;"12:40";"1";"62";"1";"2";"1";3;50;2
"49728";"202100049728";2;"07:10";"2";"59";"2";"3";"1";6;50;2
"49729";"202100049729";3;"15:35";"1";"59";"2";"8";"1";6;50;2
"49730";"202100049730";2;"11:25";"1";"83";"1";"1";"1";4;43;5
"49731";"202100049731";3;"17:55";"1";"91";"1";"1";"1";3;48;2
"49732";"202100049732";3;"16:55";"1";"91";"1";"1";"1";2;48;2
"49733";"202100049733";3;"18:30";"1";"93";"1";"1";"1";2;48;2
"49734";"202100049734";3;"08:20";"1";"93";"1";"1";"1";2;48;2
"49735";"202100049735";3;"22:53";"3";"94";"1";"1";"1";6;48;2
"49736";"202100049736";2;"22:15";"5";"973";"2";"1";"1";5;4;-52
"49737";"202100049737";2;"16:40";"1";"69";"2";"1";"1";1;45;4
"49738";"202100049738";2;"14:50";"1";"69";"2";"2";"1";3;45;4
"49739";"202100049739";2;"11:00";"1";"69";"2";"2";"1";3;45;4
"49740";"202100049740";2;"12:05";"1";"69";"2";"2";"8";3;45;4
"49741";"202100049741";2;"11:20";"1";"69";"2";"2";"1";1;45;4
"49742";"202100049742";2;"11:40";"1";"972";"2";"1";"1";6;14;-61
"49743";"202100049743";2;"13:11";"1";"2B";"2";"6";"1";3;42;9
"49744";"202100049744";2;"19:05";"5";"91";"2";"1";"1";5;48;2
"49745";"202100049745";2;"20:55";"5";"83";"2";"1";"1";2;43;5
"49746";"202100049746";2;"16:40";"1";"78";"1";"1";"1";7;48;2
"49747";"202100049747";2;"17:00";"1";"69";"2";"3";"1";3;45;4
"49748";"202100049748";2;"08:20";"1";"69";"2";"2";"1";5;45;4
"49749";"202100049749";2;"11:35";"1";"69";"2";"1";"1";2;45;4
"49750";"202100049750";2;"16:40";"1";"69";"1";"1";"1";7;45;4
"49751";"202100049751";2;"16:30";"1";"64";"2";"6";"1";7;43;-1
"49752";"202100049752";2;"15:10";"1";"64";"2";"6";"2";7;43;-1
"49753";"202100049753";2;"17:55";"2";"62";"2";"6";"1";6;50;1
"49754";"202100049754";2;"18:00";"1";"59";"2";"1";"1";3;50;3
"49755";"202100049755";2;"19:50";"5";"59";"2";"9";"1";3;50;3
"49756";"202100049756";2;"17:45";"1";"42";"2";"1";"1";2;45;4
"49757";"202100049757";2;"10:00";"1";"29";"1";"3";"1";2;47;-3
"49758";"202100049758";2;"12:30";"1";"27";"2";"7";"1";3;49;1
"49759";"202100049759";2;"18:10";"1";"15";"2";"1";"1";6;44;2
"49760";"202100049760";2;"13:44";"1";"13";"2";"1";"1";6;43;4
"49761";"202100049761";2;"17:53";"1";"08";"2";"1";"7";6;49;4
"49762";"202100049762";2;"13:30";"1";"02";"2";"1";"1";6;49;3
"49763";"202100049763";2;"11:55";"1";"75";"2";"4";"1";2;48;2
"49764";"202100049764";2;"18:00";"4";"75";"2";"2";"1";3;48;2
"49765";"202100049765";2;"08:45";"1";"75";"2";"1";"1";2;48;2
"49766";"202100049766";2;"15:00";"1";"75";"2";"2";"1";3;48;2
"49767";"202100049767";2;"13:00";"1";"75";"2";"2";"1";3;48;2
"49768";"202100049768";2;"10:00";"1";"75";"2";"4";"1";6;48;2
"49769";"202100049769";2;"21:50";"5";"75";"2";"3";"1";3;48;2
"49770";"202100049770";2;"12:50";"1";"75";"2";"5";"1";2;48;2
"49771";"202100049771";2;"13:10";"1";"75";"2";"1";"1";2;48;2
"49772";"202100049772";2;"12:27";"1";"75";"2";"2";"1";3;48;2
"49773";"202100049773";2;"13:10";"1";"75";"2";"3";"1";7;48;2
"49774";"202100049774";2;"11:35";"1";"75";"2";"2";"1";3;48;2
"49775";"202100049775";2;"20:50";"5";"75";"2";"3";"1";6;48;2
"49776";"202100049776";2;"08:40";"1";"75";"2";"2";"1";6;48;2
"49777";"202100049777";2;"17:40";"1";"75";"2";"2";"1";6;48;2
"49778";"202100049778";2;"18:15";"1";"75";"2";"4";"1";7;48;2
"49779";"202100049779";2;"12:15";"1";"93";"2";"2";"1";5;48;2
"49780";"202100049780";2;"12:50";"1";"93";"2";"1";"1";6;49;2
"49781";"202100049781";2;"16:45";"2";"93";"2";"1";"1";6;48;2
"49782";"202100049782";2;"02:00";"5";"93";"2";"1";"1";6;48;2
"49783";"202100049783";2;"21:00";"5";"93";"2";"2";"1";3;48;2
"49784";"202100049784";2;"13:05";"1";"93";"2";"9";"1";3;48;2
"49785";"202100049785";2;"10:28";"1";"93";"2";"1";"1";6;48;2
"49786";"202100049786";2;"06:25";"5";"93";"2";"2";"1";1;48;2
"49787";"202100049787";2;"14:00";"1";"92";"2";"1";"1";6;48;2
"49788";"202100049788";2;"11:04";"1";"11";"1";"1";"1";6;43;2
"49789";"202100049789";1;"13:18";"1";"31";"2";"9";"8";3;43;1
"49790";"202100049790";2;"10:30";"1";"67";"1";"1";"1";7;48;7
"49791";"202100049791";2;"18:00";"2";"42";"1";"2";"1";3;46;3
"49792";"202100049792";3;"13:15";"1";"37";"1";"1";"1";2;47;0
"49793";"202100049793";2;"15:35";"1";"61";"1";"1";"1";6;48;0
"49794";"202100049794";2;"18:40";"5";"59";"2";"9";"1";1;50;3
"49795";"202100049795";2;"15:55";"1";"19";"1";"3";"1";3;45;1
"49796";"202100049796";2;"16:15";"1";"56";"1";"1";"1";3;47;-3
"49797";"202100049797";2;"17:12";"1";"56";"1";"1";"1";4;47;-2
"49798";"202100049798";2;"16:50";"1";"74";"1";"1";"1";6;45;5
"49799";"202100049799";2;"13:45";"1";"74";"2";"2";"1";6;45;5
"49800";"202100049800";2;"01:54";"5";"82";"1";"3";"1";6;43;1
"49801";"202100049801";3;"08:30";"1";"33";"1";"2";"1";4;45;-1
"49802";"202100049802";2;"16:15";"1";"49";"2";"1";"1";7;47;0
"49803";"202100049803";2;"15:45";"1";"68";"1";"1";"7";3;48;7
"49804";"202100049804";2;"15:00";"1";"25";"1";"2";"1";3;47;5
"49805";"202100049805";2;"17:35";"1";"35";"2";"1";"1";7;48;-1
"49806";"202100049806";2;"15:45";"1";"29";"2";"1";"1";2;48;-3
"49807";"202100049807";2;"18:00";"1";"29";"1";"1";"1";6;48;-3
"49808";"202100049808";2;"17:50";"1";"31";"1";"1";"1";3;43;1
"49809";"202100049809";2;"17:30";"1";"31";"1";"1";"1";3;43;1
"49810";"202100049810";2;"18:00";"2";"54";"2";"1";"1";6;48;5
"49811";"202100049811";2;"09:20";"1";"53";"2";"1";"1";6;48;0
"49812";"202100049812";2;"17:20";"1";"21";"1";"1";"1";7;47;4
"49813";"202100049813";2;"19:45";"3";"40";"1";"4";"1";1;43;0
"49814";"202100049814";2;"17:45";"2";"85";"1";"2";"1";3;46;-1
"49815";"202100049815";2;"18:15";"1";"87";"1";"1";"1";6;45;1
"49816";"202100049816";2;"21:35";"3";"37";"1";"1";"1";6;47;0
"49817";"202100049817";2;"17:35";"1";"37";"1";"1";"1";2;47;0
"49818";"202100049818";2;"22:40";"3";"67";"1";"1";"1";7;48;7
"49819";"202100049819";3;"12:20";"1";"42";"2";"2";"1";3;45;4
"49820";"202100049820";2;"15:00";"1";"06";"2";"1";"1";3;43;6
"49821";"202100049821";3;"18:30";"2";"89";"1";"1";"1";2;47;3
"49822";"202100049822";2;"12:55";"1";"971";"1";"9";"1";5;16;-61
"49823";"202100049823";2;"15:25";"1";"29";"1";"1";"1";6;47;-3
"49824";"202100049824";3;"15:05";"1";"77";"2";"1";"1";1;48;2
"49825";"202100049825";2;"08:40";"1";"95";"1";"6";"1";3;49;2
"49826";"202100049826";2;"16:55";"1";"78";"1";"3";"7";3;48;1
"49827";"202100049827";2;"12:45";"1";"83";"1";"1";"1";6;43;5
"49828";"202100049828";3;"17:10";"1";"04";"1";"1";"1";1;43;5
"49829";"202100049829";2;"12:30";"1";"58";"1";"1";"1";6;47;3
"49830";"202100049830";3;"08:10";"1";"88";"1";"1";"1";7;48;5
"49831";"202100049831";3;"17:20";"1";"38";"2";"2";"1";6;45;4
"49832";"202100049832";2;"17:40";"1";"33";"2";"3";"1";3;44;0
"49833";"202100049833";2;"17:30";"1";"33";"2";"2";"1";3;44;0
"49834";"202100049834";3;"17:00";"1";"60";"2";"3";"1";3;49;2
"49835";"202100049835";3;"01:30";"3";"62";"1";"1";"1";6;50;1
"49836";"202100049836";2;"18:45";"3";"13";"1";"1";"1";5;43;5
"49837";"202100049837";2;"17:20";"1";"13";"1";"1";"2";4;43;5
"49838";"202100049838";2;"12:30";"1";"13";"1";"1";"1";2;43;5
"49839";"202100049839";2;"17:30";"1";"13";"1";"1";"2";2;43;5
"49840";"202100049840";2;"12:20";"1";"67";"1";"1";"1";2;48;7
"49841";"202100049841";2;"16:10";"1";"67";"1";"1";"1";4;48;7
"49842";"202100049842";2;"11:00";"1";"91";"1";"1";"1";6;48;2
"49843";"202100049843";2;"14:00";"1";"91";"1";"1";"1";4;48;2
"49844";"202100049844";2;"13:40";"1";"92";"1";"1";"1";2;48;2
"49845";"202100049845";2;"02:10";"3";"92";"1";"1";"1";6;48;2
"49846";"202100049846";2;"22:40";"5";"92";"1";"1";"1";4;48;2
"49847";"202100049847";2;"20:35";"3";"78";"1";"1";"1";2;48;1
"49848";"202100049848";2;"21:00";"3";"92";"1";"1";"1";6;48;2
"49849";"202100049849";2;"12:15";"1";"95";"1";"1";"1";3;49;2
"49850";"202100049850";2;"12:15";"1";"93";"1";"1";"1";4;48;2
"49851";"202100049851";2;"14:30";"1";"94";"1";"1";"1";2;48;2
"49852";"202100049852";2;"14:30";"1";"94";"1";"1";"1";4;48;2
"49853";"202100049853";2;"13:45";"1";"77";"1";"1";"1";2;48;2
"49854";"202100049854";2;"08:15";"1";"988";"2";"3";"1";2;-22;166
"49855";"202100049855";2;"11:45";"1";"974";"2";"2";"1";3;-21;55
"49856";"202100049856";2;"12:25";"1";"69";"2";"1";"1";3;45;4
"49857";"202100049857";2;"17:00";"1";"972";"1";"1";"1";4;14;-60
"49858";"202100049858";2;"00:25";"5";"972";"1";"1";"1";2;14;-61
"49859";"202100049859";2;"02:30";"5";"972";"1";"1";"1";6;14;-61
"49860";"202100049860";2;"22:40";"5";"69";"2";"1";"1";7;45;4
"49861";"202100049861";2;"18:00";"2";"69";"2";"1";"1";7;45;4
"49862";"202100049862";2;"20:20";"5";"91";"2";"3";"1";3;48;2
"49863";"202100049863";2;"13:10";"1";"91";"2";"3";"1";3;48;2
"49864";"202100049864";2;"17:23";"1";"91";"2";"1";"1";6;48;2
"49865";"202100049865";2;"06:30";"5";"91";"2";"1";"1";7;48;2
"49866";"202100049866";2;"17:25";"1";"86";"2";"1";"1";6;46;0
"49867";"202100049867";2;"17:00";"1";"78";"2";"3";"1";3;48;2
"49868";"202100049868";2;"18:15";"1";"78";"2";"1";"1";6;48;1
"49869";"202100049869";2;"17:45";"1";"77";"1";"1";"1";3;48;2
"49870";"202100049870";2;"10:47";"1";"77";"2";"1";"1";2;48;2
"49871";"202100049871";2;"16:30";"1";"72";"2";"3";"1";3;48;0
"49872";"202100049872";2;"17:15";"1";"69";"2";"6";"1";3;46;4
"49873";"202100049873";2;"15:50";"1";"64";"2";"1";"1";1;43;0
"49874";"202100049874";2;"09:40";"1";"64";"2";"7";"1";3;43;-1
"49875";"202100049875";2;"18:10";"1";"59";"2";"6";"1";6;50;3
"49876";"202100049876";2;"18:05";"1";"56";"2";"2";"1";3;47;-2
"49877";"202100049877";2;"16:05";"1";"53";"2";"5";"1";3;48;0
"49878";"202100049878";2;"17:22";"1";"47";"2";"1";"1";2;44;0
"49879";"202100049879";2;"13:40";"1";"44";"2";"1";"1";3;47;-1
"49880";"202100049880";2;"16:25";"1";"37";"2";"2";"1";6;47;0
"49881";"202100049881";2;"05:30";"5";"37";"2";"1";"1";7;47;0
"49882";"202100049882";2;"13:00";"1";"35";"2";"1";"1";6;48;-1
"49883";"202100049883";2;"02:00";"3";"35";"1";"1";"1";7;48;-1
"49884";"202100049884";2;"19:55";"5";"33";"2";"3";"1";3;44;0
"49885";"202100049885";2;"17:43";"1";"33";"1";"1";"1";2;44;0
"49886";"202100049886";2;"17:20";"1";"32";"2";"1";"1";7;43;0
"49887";"202100049887";2;"12:00";"1";"30";"2";"1";"1";3;43;4
"49888";"202100049888";2;"04:35";"3";"29";"1";"1";"1";6;47;-3
"49889";"202100049889";2;"18:07";"1";"29";"2";"6";"1";2;48;-4
"49890";"202100049890";2;"08:00";"2";"29";"2";"6";"1";6;48;-4
"49891";"202100049891";2;"19:30";"5";"29";"2";"6";"1";3;48;-4
"49892";"202100049892";2;"16:45";"1";"17";"2";"3";"1";3;45;-1
"49893";"202100049893";2;"15:10";"1";"17";"2";"1";"1";5;45;0
"49894";"202100049894";2;"20:05";"5";"17";"1";"6";"1";7;46;-1
"49895";"202100049895";2;"23:30";"3";"13";"1";"6";"1";1;43;5
"49896";"202100049896";2;"18:30";"5";"13";"2";"1";"2";2;43;5
"49897";"202100049897";2;"12:10";"1";"13";"2";"3";"2";3;43;5
"49898";"202100049898";2;"17:05";"1";"75";"2";"1";"1";3;48;2
"49899";"202100049899";2;"11:30";"1";"75";"2";"1";"1";2;48;2
"49900";"202100049900";2;"07:20";"5";"75";"2";"1";"1";6;48;2
"49901";"202100049901";2;"17:50";"1";"75";"2";"3";"1";3;48;2
"49902";"202100049902";2;"14:55";"1";"75";"2";"5";"1";3;48;2
"49903";"202100049903";2;"10:06";"1";"94";"2";"1";"1";6;48;2
"49904";"202100049904";2;"10:40";"1";"94";"2";"1";"1";6;48;2
"49905";"202100049905";2;"09:35";"1";"94";"2";"2";"1";3;48;2
"49906";"202100049906";2;"02:55";"3";"94";"2";"9";"1";2;48;2
"49907";"202100049907";2;"10:30";"1";"93";"2";"2";"7";3;48;2
"49908";"202100049908";2;"18:30";"1";"93";"2";"1";"1";1;48;2
"49909";"202100049909";2;"23:00";"5";"92";"2";"3";"1";6;48;2
"49910";"202100049910";2;"19:00";"5";"92";"2";"3";"1";3;48;2
"49911";"202100049911";2;"17:11";"1";"92";"2";"1";"1";4;48;2
"49912";"202100049912";2;"10:35";"1";"974";"1";"1";"1";6;-21;55
"49913";"202100049913";2;"16:45";"1";"51";"2";"1";"1";7;48;4
"49914";"202100049914";2;"17:30";"1";"83";"1";"1";"1";2;43;6
"49915";"202100049915";2;"14:15";"1";"29";"1";"1";"1";6;48;-4
"49916";"202100049916";2;"18:05";"2";"26";"2";"3";"1";3;45;4
"49917";"202100049917";2;"16:30";"1";"62";"1";"1";"1";1;50;2
"49918";"202100049918";2;"08:05";"1";"61";"1";"1";"1";6;48;0
"49919";"202100049919";2;"17:45";"1";"74";"1";"1";"1";7;46;6
"49920";"202100049920";2;"15:00";"1";"51";"2";"1";"1";7;49;4
"49921";"202100049921";2;"09:20";"1";"51";"1";"1";"1";2;49;3
"49922";"202100049922";2;"13:40";"1";"56";"1";"1";"1";6;47;-2
"49923";"202100049923";2;"16:25";"1";"56";"1";"1";"1";5;47;-2
"49924";"202100049924";2;"15:50";"1";"56";"1";"4";"7";3;47;-2
"49925";"202100049925";2;"21:30";"3";"67";"1";"1";"1";6;48;7
"49926";"202100049926";2;"15:45";"1";"76";"1";"1";"1";7;49;0
"49927";"202100049927";2;"12:00";"1";"2B";"1";"1";"1";3;42;9
"49928";"202100049928";2;"15:55";"1";"69";"1";"4";"1";3;46;4
"49929";"202100049929";2;"21:30";"3";"55";"1";"1";"1";7;48;5
"49930";"202100049930";2;"15:00";"1";"49";"2";"1";"1";6;47;0
"49931";"202100049931";2;"13:50";"1";"34";"1";"1";"8";6;43;3
"49932";"202100049932";2;"17:50";"2";"25";"2";"2";"1";1;47;6
"49933";"202100049933";2;"08:45";"1";"29";"1";"1";"1";1;48;-4
"49934";"202100049934";2;"17:00";"1";"02";"2";"2";"1";3;49;3
"49935";"202100049935";2;"17:50";"1";"02";"1";"2";"1";3;49;3
"49936";"202100049936";2;"17:00";"1";"15";"1";"1";"1";6;44;2
"49937";"202100049937";2;"12:15";"1";"70";"2";"1";"1";2;47;6
"49938";"202100049938";2;"05:30";"3";"70";"1";"1";"1";7;47;5
"49939";"202100049939";2;"11:10";"1";"06";"1";"1";"1";7;43;7
"49940";"202100049940";2;"09:45";"1";"14";"2";"2";"1";6;49;0
"49941";"202100049941";2;"15:35";"1";"90";"2";"3";"1";3;47;6
"49942";"202100049942";2;"16:20";"1";"45";"1";"1";"1";7;48;2
"49943";"202100049943";2;"15:15";"1";"36";"1";"3";"1";3;46;1
"49944";"202100049944";2;"14:50";"1";"85";"1";"1";"1";7;46;-1
"49945";"202100049945";2;"16:55";"1";"27";"1";"9";"1";1;49;0
"49946";"202100049946";2;"21:10";"5";"30";"2";"1";"1";6;43;4
"49947";"202100049947";2;"14:21";"1";"08";"1";"1";"1";7;49;4
"49948";"202100049948";2;"11:00";"1";"08";"1";"4";"1";1;49;4
"49949";"202100049949";2;"14:55";"1";"67";"2";"1";"1";7;48;7
"49950";"202100049950";2;"16:00";"1";"38";"1";"1";"1";6;45;5
"49951";"202100049951";2;"19:15";"5";"74";"2";"1";"1";6;45;6