"";"Num_Acc";"mois";"hrmn";"lum";"dep";"agg";"int";"atm";"col";"lat";"long"
"49952";"202100049952";2;"05:45";"3";"33";"1";"1";"1";2;44;0
"49953";"202100049953";2;"11:15";"1";"13";"1";"1";"1";2;43;5
"49954";"202100049954";2;"12:00";"1";"51";"1";"1";"1";7;48;4
"49955";"202100049955";2;"18:55";"2";"973";"1";"1";"7";1;4;-52
"49956";"202100049956";2;"13:30";"1";"971";"2";"1";"1";3;16;-61
"49957";"202100049957";2;"17:15";"1";"977";"2";"1";"1";1;17;-62
"49958";"202100049958";2;"17:45";"1";"33";"1";"1";"1";1;44;0
"49959";"202100049959";2;"19:50";"3";"91";"1";"1";"1";1;48;2
"49960";"202100049960";2;"17:45";"1";"78";"1";"2";"7";3;48;1
"49961";"202100049961";2;"13:40";"1";"2B";"1";"9";"1";6;42;9
"49962";"202100049962";2;"16:50";"1";"11";"1";"1";"1";3;43;2
"49963";"202100049963";2;"14:15";"1";"68";"1";"1";"1";6;48;7
"49964";"202100049964";2;"16:00";"1";"57";"2";"1";"1";2;49;6
"49965";"202100049965";2;"01:30";"3";"74";"1";"1";"1";1;46;6
"49966";"202100049966";2;"16:45";"1";"38";"2";"3";"1";3;45;5
"49967";"202100049967";2;"20:00";"3";"07";"1";"1";"1";6;44;4
"49968";"202100049968";2;"16:25";"1";"40";"1";"1";"1";6;44;-1
"49969";"202100049969";2;"15:20";"1";"40";"1";"1";"1";7;43;-1
"49970";"202100049970";2;"15:45";"1";"27";"1";"1";"1";7;48;1
"49971";"202100049971";2;"02:00";"5";"59";"2";"1";"1";6;50;2
"49972";"202100049972";2;"19:30";"3";"13";"1";"1";"8";5;43;5
"49973";"202100049973";2;"14:00";"1";"91";"1";"1";"1";2;48;2
"49974";"202100049974";2;"17:25";"1";"78";"1";"1";"1";4;48;2
"49975";"202100049975";2;"15:47";"1";"92";"1";"1";"1";3;48;2
"49976";"202100049976";2;"13:20";"1";"92";"1";"1";"1";4;48;2
"49977";"202100049977";2;"00:45";"3";"93";"1";"1";"1";2;48;2
"49978";"202100049978";2;"18:00";"1";"95";"1";"1";"1";2;49;2
"49979";"202100049979";2;"11:00";"1";"93";"1";"1";"2";2;48;2
"49980";"202100049980";2;"16:55";"1";"77";"1";"1";"1";2;48;2
"49981";"202100049981";2;"12:55";"1";"988";"2";"1";"1";1;-22;166
"49982";"202100049982";2;"19:44";"5";"976";"2";"1";"1";6;-12;45
"49983";"202100049983";2;"08:05";"1";"974";"2";"9";"1";3;-20;55
"49984";"202100049984";2;"07:15";"1";"974";"1";"1";"1";5;-20;55
"49985";"202100049985";2;"11:50";"1";"69";"2";"2";"1";3;45;4
"49986";"202100049986";2;"16:00";"1";"972";"1";"1";"1";3;14;-61
"49987";"202100049987";2;"08:15";"1";"972";"2";"1";"2";6;14;-61
"49988";"202100049988";2;"17:45";"1";"972";"2";"1";"1";6;14;-61
"49989";"202100049989";2;"10:45";"1";"69";"2";"1";"1";6;45;4
"49990";"202100049990";2;"17:07";"1";"69";"2";"4";"1";6;45;4
"49991";"202100049991";2;"11:44";"1";"971";"2";"9";"1";6;16;-61
"49992";"202100049992";2;"09:43";"1";"2A";"2";"1";"1";2;41;8
"49993";"202100049993";2;"15:50";"1";"95";"2";"2";"1";6;49;2
"49994";"202100049994";2;"18:15";"1";"91";"2";"2";"1";3;48;2
"49995";"202100049995";2;"19:05";"5";"91";"2";"1";"1";6;48;2
"49996";"202100049996";2;"13:45";"1";"89";"1";"1";"1";5;48;3
"49997";"202100049997";2;"07:46";"5";"87";"2";"1";"1";2;45;1
"49998";"202100049998";2;"15:30";"1";"86";"2";"1";"1";6;46;0
"49999";"202100049999";2;"12:00";"1";"83";"2";"1";"1";3;43;6
"50000";"202100050000";2;"17:20";"1";"80";"2";"1";"1";2;49;2
"50001";"202100050001";2;"15:15";"1";"76";"2";"9";"1";6;49;0
"50002";"202100050002";2;"10:40";"1";"71";"2";"1";"1";7;46;4
"50003";"202100050003";2;"12:04";"1";"69";"2";"8";"1";3;45;4
"50004";"202100050004";2;"09:50";"1";"69";"2";"3";"1";3;45;4
"50005";"202100050005";2;"14:03";"1";"68";"2";"6";"1";3;48;7
"50006";"202100050006";2;"16:22";"1";"66";"2";"1";"1";6;42;2
"50007";"202100050007";2;"06:43";"2";"66";"1";"1";"1";6;42;2
"50008";"202100050008";2;"17:55";"1";"64";"2";"2";"1";3;43;0
"50009";"202100050009";2;"17:35";"1";"64";"2";"1";"1";1;43;0
"50010";"202100050010";2;"07:35";"1";"64";"2";"1";"1";3;43;-1
"50011";"202100050011";2;"10:55";"1";"64";"2";"1";"1";3;43;-1
"50012";"202100050012";2;"11:45";"1";"63";"2";"3";"1";3;45;3
"50013";"202100050013";2;"12:55";"1";"63";"2";"1";"1";4;45;3
"50014";"202100050014";2;"17:56";"1";"59";"2";"1";"1";6;50;3
"50015";"202100050015";2;"16:00";"1";"59";"2";"9";"1";6;50;3
"50016";"202100050016";2;"13:40";"1";"58";"2";"3";"1";3;47;3
"50017";"202100050017";2;"15:15";"1";"57";"2";"1";"1";2;49;6
"50018";"202100050018";2;"14:52";"1";"56";"2";"6";"1";3;47;-3
"50019";"202100050019";2;"12:45";"1";"54";"2";"2";"1";6;48;6
"50020";"202100050020";2;"09:30";"1";"54";"2";"3";"1";2;48;6
"50021";"202100050021";2;"16:45";"1";"54";"2";"9";"1";6;48;6
"50022";"202100050022";2;"11:24";"1";"51";"2";"1";"1";3;49;4
"50023";"202100050023";2;"17:45";"2";"51";"2";"2";"1";3;49;4
"50024";"202100050024";2;"08:10";"1";"42";"2";"3";"1";3;45;4
"50025";"202100050025";2;"05:36";"5";"37";"2";"3";"1";3;47;0
"50026";"202100050026";2;"12:10";"1";"37";"2";"1";"1";6;47;0
"50027";"202100050027";2;"14:22";"1";"35";"2";"9";"1";5;48;-1
"50028";"202100050028";2;"12:00";"1";"35";"2";"1";"1";3;48;-1
"50029";"202100050029";2;"09:15";"1";"35";"2";"1";"1";6;48;-1
"50030";"202100050030";2;"21:55";"5";"31";"2";"1";"1";7;43;1
"50031";"202100050031";2;"08:25";"1";"29";"1";"1";"1";3;47;-4
"50032";"202100050032";2;"22:35";"5";"29";"2";"2";"1";3;48;-4
"50033";"202100050033";2;"18:10";"1";"26";"2";"1";"1";3;44;4
"50034";"202100050034";2;"11:15";"1";"18";"2";"1";"1";1;47;2
"50035";"202100050035";2;"16:45";"1";"17";"2";"1";"1";3;45;0
"50036";"202100050036";2;"18:30";"3";"17";"2";"1";"9";4;46;-1
"50037";"202100050037";2;"11:30";"1";"17";"2";"3";"1";7;46;-1
"50038";"202100050038";2;"11:40";"1";"17";"2";"2";"1";4;46;-1
"50039";"202100050039";2;"08:02";"2";"16";"2";"6";"1";3;45;0
"50040";"202100050040";2;"21:00";"3";"13";"2";"1";"1";2;43;5
"50041";"202100050041";2;"10:55";"1";"13";"2";"1";"1";1;43;5
"50042";"202100050042";2;"08:49";"1";"13";"2";"1";"1";1;43;5
"50043";"202100050043";2;"12:30";"1";"13";"1";"1";"1";6;43;5
"50044";"202100050044";2;"16:10";"1";"13";"2";"6";"1";3;43;5
"50045";"202100050045";2;"16:19";"1";"11";"2";"1";"8";6;43;2
"50046";"202100050046";2;"21:35";"5";"10";"2";"2";"1";3;48;4
"50047";"202100050047";2;"11:45";"1";"10";"2";"9";"1";3;48;4
"50048";"202100050048";2;"08:08";"1";"06";"2";"9";"1";3;43;7
"50049";"202100050049";2;"18:25";"3";"06";"1";"1";"1";2;43;6
"50050";"202100050050";2;"13:15";"1";"06";"2";"1";"1";2;43;7
"50051";"202100050051";2;"14:55";"1";"01";"1";"2";"1";3;46;5
"50052";"202100050052";2;"19:30";"5";"75";"2";"4";"1";6;48;2
"50053";"202100050053";2;"16:45";"1";"75";"2";"1";"1";3;48;2
"50054";"202100050054";2;"16:26";"1";"75";"2";"5";"1";6;48;2
"50055";"202100050055";2;"13:55";"1";"75";"2";"2";"1";6;48;2
"50056";"202100050056";2;"18:00";"2";"75";"2";"1";"1";3;48;2
"50057";"202100050057";2;"08:50";"1";"75";"2";"5";"1";3;48;2
"50058";"202100050058";2;"09:12";"1";"75";"2";"7";"1";2;48;2
"50059";"202100050059";2;"14:14";"1";"75";"2";"1";"1";6;48;2
"50060";"202100050060";2;"13:20";"1";"75";"2";"3";"1";3;48;2
"50061";"202100050061";2;"18:20";"5";"75";"2";"1";"1";6;48;2
"50062";"202100050062";2;"18:20";"1";"75";"2";"3";"1";3;48;2
"50063";"202100050063";2;"17:50";"1";"75";"2";"1";"1";7;48;2
"50064";"202100050064";2;"16:10";"1";"75";"2";"1";"1";3;48;2
"50065";"202100050065";2;"08:25";"1";"75";"2";"2";"1";2;48;2
"50066";"202100050066";2;"14:00";"1";"94";"2";"1";"1";6;48;2
"50067";"202100050067";2;"16:55";"1";"94";"2";"1";"1";3;48;2
"50068";"202100050068";2;"07:20";"2";"94";"2";"3";"2";6;48;2
"50069";"202100050069";2;"13:25";"1";"94";"2";"1";"1";6;48;2
"50070";"202100050070";2;"07:45";"1";"94";"1";"1";"2";1;48;2
"50071";"202100050071";2;"12:47";"1";"94";"2";"3";"1";4;48;2
"50072";"202100050072";2;"19:30";"5";"93";"2";"1";"1";3;48;2
"50073";"202100050073";2;"16:45";"1";"93";"2";"2";"1";3;48;2
"50074";"202100050074";2;"15:00";"1";"93";"2";"1";"1";3;48;2
"50075";"202100050075";2;"12:45";"1";"93";"2";"1";"1";4;48;2
"50076";"202100050076";2;"13:20";"1";"93";"2";"1";"1";3;48;2
"50077";"202100050077";2;"15:00";"1";"93";"2";"2";"1";6;48;2
"50078";"202100050078";2;"11:30";"1";"93";"2";"2";"1";3;48;2
"50079";"202100050079";2;"13:23";"1";"93";"1";"9";"1";6;48;2
"50080";"202100050080";2;"11:45";"1";"93";"2";"1";"1";4;48;2
"50081";"202100050081";2;"09:50";"1";"93";"2";"3";"1";6;48;2
"50082";"202100050082";2;"20:00";"3";"93";"2";"1";"1";6;48;2
"50083";"202100050083";2;"21:50";"3";"92";"2";"1";"1";6;48;2
"50084";"202100050084";2;"08:50";"1";"92";"2";"1";"8";3;48;2
"50085";"202100050085";2;"06:40";"3";"92";"2";"9";"2";3;48;2
"50086";"202100050086";2;"17:40";"1";"92";"2";"3";"1";2;48;2
"50087";"202100050087";2;"16:00";"1";"92";"2";"1";"1";2;48;2
"50088";"202100050088";2;"21:15";"5";"92";"2";"2";"1";3;48;2
"50089";"202100050089";2;"16:20";"1";"92";"2";"3";"1";3;48;2
"50090";"202100050090";2;"16:20";"1";"11";"1";"4";"1";7;43;2
"50091";"202100050091";2;"16:10";"1";"95";"1";"1";"1";2;49;2
"50092";"202100050092";2;"17:00";"1";"33";"1";"3";"8";2;44;0
"50093";"202100050093";2;"14:30";"1";"06";"2";"1";"1";3;43;7
"50094";"202100050094";2;"12:30";"1";"972";"2";"6";"1";6;14;-60
"50095";"202100050095";2;"18:05";"1";"56";"2";"2";"1";3;47;-2
"50096";"202100050096";2;"23:50";"3";"76";"1";"2";"1";6;49;1
"50097";"202100050097";2;"15:40";"1";"82";"1";"1";"1";6;44;0
"50098";"202100050098";2;"12:30";"1";"11";"1";"1";"1";1;43;3
"50099";"202100050099";2;"17:00";"1";"63";"1";"3";"1";3;45;3
"50100";"202100050100";2;"15:30";"1";"12";"2";"3";"1";2;44;2
"50101";"202100050101";2;"17:30";"1";"39";"1";"1";"1";1;46;5
"50102";"202100050102";2;"18:30";"1";"34";"1";"1";"1";2;43;3
"50103";"202100050103";2;"07:10";"1";"38";"2";"1";"1";3;45;5
"50104";"202100050104";2;"14:45";"1";"02";"2";"1";"1";2;49;3
"50105";"202100050105";2;"08:15";"1";"26";"2";"1";"1";2;44;4
"50106";"202100050106";2;"12:35";"1";"14";"2";"4";"1";3;49;0
"50107";"202100050107";2;"07:30";"1";"09";"2";"1";"1";6;42;1
"50108";"202100050108";2;"18:10";"1";"60";"2";"1";"1";1;49;2
"50109";"202100050109";2;"16:00";"1";"45";"2";"1";"1";6;48;1
"50110";"202100050110";2;"16:50";"1";"21";"1";"3";"1";3;47;4
"50111";"202100050111";2;"21:00";"3";"21";"1";"1";"2";6;46;4
"50112";"202100050112";2;"14:45";"1";"24";"2";"3";"1";1;44;0
"50113";"202100050113";2;"08:18";"1";"24";"1";"3";"1";3;45;0
"50114";"202100050114";2;"10:30";"1";"24";"2";"3";"1";6;45;0
"50115";"202100050115";2;"16:30";"1";"68";"1";"1";"1";6;47;7
"50116";"202100050116";2;"19:41";"3";"77";"1";"1";"1";2;48;2
"50117";"202100050117";2;"16:00";"1";"13";"2";"1";"7";1;43;5
"50118";"202100050118";2;"13:00";"1";"03";"1";"1";"1";4;46;2
"50119";"202100050119";2;"22:48";"3";"11";"1";"1";"8";5;43;3
"50120";"202100050120";2;"01:05";"3";"27";"1";"1";"1";2;49;0
"50121";"202100050121";2;"17:15";"2";"11";"1";"1";"7";1;43;1
"50122";"202100050122";1;"11:00";"1";"34";"1";"1";"1";6;43;3
"50123";"202100050123";2;"16:00";"1";"13";"1";"1";"1";7;43;5
"50124";"202100050124";2;"17:20";"1";"69";"2";"1";"1";2;45;4
"50125";"202100050125";2;"11:15";"1";"85";"2";"3";"1";1;46;-1
"50126";"202100050126";2;"16:00";"1";"27";"1";"1";"1";1;49;1
"50127";"202100050127";2;"15:30";"1";"76";"2";"1";"1";6;49;0
"50128";"202100050128";2;"16:30";"1";"13";"1";"1";"1";4;43;5
"50129";"202100050129";2;"16:08";"1";"13";"1";"1";"1";3;43;5
"50130";"202100050130";2;"09:30";"1";"13";"1";"1";"1";2;43;5
"50131";"202100050131";2;"18:22";"2";"83";"1";"1";"1";3;43;6
"50132";"202100050132";2;"17:10";"1";"69";"1";"1";"1";4;45;4
"50133";"202100050133";2;"20:00";"3";"59";"1";"1";"1";2;50;3
"50134";"202100050134";2;"14:30";"1";"94";"1";"1";"1";2;48;2
"50135";"202100050135";2;"16:50";"1";"78";"1";"1";"1";2;48;1
"50136";"202100050136";2;"13:40";"1";"78";"1";"1";"1";4;48;2
"50137";"202100050137";2;"11:45";"1";"92";"1";"1";"1";2;48;2
"50138";"202100050138";2;"15:40";"1";"78";"1";"1";"1";4;48;2
"50139";"202100050139";2;"10:30";"1";"93";"1";"1";"1";2;48;2
"50140";"202100050140";2;"08:30";"1";"95";"1";"1";"2";6;49;2
"50141";"202100050141";2;"19:30";"3";"974";"1";"1";"1";1;-20;55
"50142";"202100050142";2;"13:00";"1";"974";"1";"1";"1";4;-20;55
"50143";"202100050143";2;"14:20";"1";"974";"2";"6";"1";3;-20;55
"50144";"202100050144";2;"11:25";"1";"973";"2";"9";"1";3;4;-52
"50145";"202100050145";2;"23:40";"5";"69";"2";"2";"1";1;45;4
"50146";"202100050146";2;"21:10";"5";"69";"2";"3";"1";1;45;4
"50147";"202100050147";2;"17:45";"1";"69";"2";"1";"1";6;45;4
"50148";"202100050148";2;"16:40";"1";"69";"2";"3";"1";3;45;4
"50149";"202100050149";2;"10:00";"1";"69";"2";"2";"1";6;45;4
"50150";"202100050150";2;"12:35";"1";"972";"2";"1";"1";2;14;-61
"50151";"202100050151";2;"16:00";"1";"972";"1";"1";"1";5;14;-61
"50152";"202100050152";2;"17:50";"1";"69";"2";"3";"1";6;45;4
"50153";"202100050153";2;"18:20";"5";"2B";"2";"9";"1";3;42;9
"50154";"202100050154";2;"14:30";"1";"91";"2";"1";"1";1;48;2
"50155";"202100050155";2;"15:05";"1";"86";"2";"2";"1";3;46;0
"50156";"202100050156";2;"09:25";"1";"85";"2";"6";"1";3;46;-1
"50157";"202100050157";2;"22:00";"5";"83";"2";"1";"1";2;43;5
"50158";"202100050158";2;"08:10";"1";"83";"2";"9";"1";6;43;6
"50159";"202100050159";2;"07:55";"2";"79";"2";"4";"8";1;47;0
"50160";"202100050160";2;"15:27";"1";"77";"1";"1";"1";6;48;3
"50161";"202100050161";2;"04:55";"3";"77";"1";"1";"1";2;48;2
"50162";"202100050162";2;"10:46";"1";"77";"1";"6";"1";3;48;3
"50163";"202100050163";2;"11:40";"1";"76";"2";"2";"1";3;49;1
"50164";"202100050164";2;"10:47";"1";"74";"2";"1";"1";1;45;6
"50165";"202100050165";2;"07:15";"1";"72";"2";"3";"1";1;47;0
"50166";"202100050166";2;"17:30";"1";"71";"1";"1";"1";6;46;4
"50167";"202100050167";2;"08:45";"1";"69";"2";"2";"1";3;45;4
"50168";"202100050168";2;"13:50";"1";"69";"2";"1";"1";2;46;4
"50169";"202100050169";2;"15:00";"1";"66";"2";"1";"1";6;42;2
"50170";"202100050170";2;"08:15";"1";"64";"2";"6";"1";3;43;0
"50171";"202100050171";2;"17:55";"1";"64";"2";"1";"1";3;43;-1
"50172";"202100050172";2;"13:40";"1";"62";"2";"1";"1";6;50;2
"50173";"202100050173";2;"16:40";"1";"60";"2";"1";"1";2;49;2
"50174";"202100050174";2;"09:30";"1";"59";"1";"1";"1";3;50;3
"50175";"202100050175";2;"16:45";"1";"59";"2";"2";"1";5;50;3
"50176";"202100050176";2;"04:30";"5";"56";"2";"3";"1";6;47;-2
"50177";"202100050177";2;"00:30";"4";"56";"1";"1";"1";6;47;-3
"50178";"202100050178";2;"21:40";"5";"56";"2";"2";"1";2;47;-3
"50179";"202100050179";2;"18:05";"1";"56";"2";"1";"1";7;47;-3
"50180";"202100050180";2;"12:20";"1";"50";"2";"3";"2";4;48;-1
"50181";"202100050181";2;"23:28";"5";"49";"2";"1";"1";6;47;0
"50182";"202100050182";2;"22:10";"5";"49";"2";"1";"1";3;47;0
"50183";"202100050183";2;"14:10";"1";"45";"1";"1";"1";2;47;1
"50184";"202100050184";2;"14:24";"1";"45";"2";"1";"1";3;47;1
"50185";"202100050185";2;"17:30";"1";"44";"1";"1";"1";4;47;-2
"50186";"202100050186";2;"19:45";"3";"44";"1";"1";"1";2;47;-1
"50187";"202100050187";2;"11:05";"1";"44";"2";"1";"1";6;47;-1
"50188";"202100050188";2;"14:30";"1";"37";"2";"1";"1";6;47;0
"50189";"202100050189";2;"10:58";"1";"37";"2";"2";"1";6;47;0
"50190";"202100050190";2;"16:20";"1";"33";"2";"3";"1";3;44;0
"50191";"202100050191";2;"13:45";"1";"33";"2";"3";"1";1;44;0
"50192";"202100050192";2;"11:00";"1";"33";"2";"1";"1";3;44;0
"50193";"202100050193";2;"14:45";"1";"30";"2";"1";"1";6;44;4
"50194";"202100050194";2;"11:10";"1";"27";"2";"1";"1";1;49;1
"50195";"202100050195";2;"08:25";"1";"21";"2";"1";"1";6;47;4
"50196";"202100050196";2;"20:30";"5";"13";"2";"1";"1";3;43;4
"50197";"202100050197";2;"15:25";"1";"13";"2";"2";"1";3;43;5
"50198";"202100050198";2;"07:00";"1";"13";"2";"1";"8";4;43;5
"50199";"202100050199";2;"19:50";"5";"13";"2";"3";"1";3;43;4
"50200";"202100050200";2;"16:30";"1";"13";"2";"1";"1";3;43;4
"50201";"202100050201";2;"15:45";"1";"13";"2";"9";"1";5;43;5
"50202";"202100050202";2;"18:30";"5";"13";"2";"1";"1";2;43;5
"50203";"202100050203";2;"06:39";"5";"13";"2";"1";"1";6;43;5
"50204";"202100050204";2;"14:38";"1";"10";"2";"1";"1";6;48;4
"50205";"202100050205";2;"16:10";"1";"06";"2";"1";"1";2;43;7
"50206";"202100050206";2;"09:25";"1";"06";"2";"3";"1";2;43;7
"50207";"202100050207";2;"19:10";"5";"75";"2";"1";"1";7;48;2
"50208";"202100050208";2;"14:55";"1";"75";"2";"1";"1";3;48;2
"50209";"202100050209";2;"10:00";"1";"75";"2";"1";"1";3;48;2
"50210";"202100050210";2;"19:20";"5";"75";"2";"7";"1";7;48;2
"50211";"202100050211";2;"14:56";"1";"75";"2";"2";"1";4;48;2
"50212";"202100050212";2;"16:00";"1";"75";"2";"1";"1";6;48;2
"50213";"202100050213";2;"22:15";"5";"75";"2";"2";"1";3;48;2
"50214";"202100050214";2;"11:20";"1";"75";"2";"2";"1";3;48;2
"50215";"202100050215";2;"12:10";"1";"75";"2";"1";"1";3;48;2
"50216";"202100050216";2;"13:30";"1";"75";"2";"2";"8";3;48;2
"50217";"202100050217";2;"08:40";"1";"75";"2";"2";"1";7;48;2
"50218";"202100050218";2;"16:15";"1";"75";"2";"1";"1";6;48;2
"50219";"202100050219";2;"15:40";"1";"75";"2";"2";"1";3;48;2
"50220";"202100050220";2;"08:00";"1";"75";"2";"3";"1";2;48;2
"50221";"202100050221";2;"12:55";"1";"75";"2";"1";"1";3;48;2
"50222";"202100050222";2;"15:40";"1";"75";"2";"2";"1";3;48;2
"50223";"202100050223";2;"11:00";"1";"94";"2";"6";"1";3;48;2
"50224";"202100050224";2;"09:20";"1";"94";"2";"1";"1";4;48;2
"50225";"202100050225";2;"12:05";"1";"94";"2";"9";"1";3;48;2
"50226";"202100050226";2;"18:50";"5";"94";"2";"1";"1";2;48;2
"50227";"202100050227";2;"14:20";"1";"94";"2";"1";"1";7;48;2
"50228";"202100050228";2;"12:00";"1";"94";"2";"1";"1";2;48;2
"50229";"202100050229";2;"13:30";"1";"93";"2";"1";"1";2;48;2
"50230";"202100050230";2;"18:30";"5";"93";"2";"2";"1";3;48;2
"50231";"202100050231";2;"12:15";"1";"93";"2";"1";"1";6;48;2
"50232";"202100050232";2;"10:05";"1";"93";"2";"1";"1";6;48;2
"50233";"202100050233";2;"19:00";"2";"93";"2";"9";"1";6;48;2
"50234";"202100050234";2;"08:08";"1";"93";"2";"1";"1";3;48;2
"50235";"202100050235";2;"14:40";"1";"93";"2";"1";"1";2;48;2
"50236";"202100050236";2;"12:15";"1";"93";"2";"3";"1";3;48;2
"50237";"202100050237";2;"16:00";"1";"92";"2";"3";"1";7;48;2
"50238";"202100050238";2;"09:35";"1";"92";"2";"1";"1";3;48;2
"50239";"202100050239";2;"08:10";"1";"92";"2";"9";"1";3;48;2
"50240";"202100050240";2;"19:49";"5";"92";"2";"2";"1";2;48;2
"50241";"202100050241";2;"11:45";"1";"92";"2";"3";"1";3;48;2
"50242";"202100050242";2;"17:40";"1";"92";"2";"3";"1";6;48;2
"50243";"202100050243";1;"15:00";"1";"92";"2";"3";"8";6;48;2
"50244";"202100050244";2;"16:10";"1";"17";"1";"1";"1";7;45;0
"50245";"202100050245";2;"09:54";"1";"54";"1";"1";"2";6;49;5
"50246";"202100050246";2;"15:25";"1";"28";"1";"6";"1";2;48;1
"50247";"202100050247";2;"03:50";"3";"62";"1";"1";"5";6;50;2
"50248";"202100050248";2;"12:00";"1";"56";"1";"1";"1";7;47;-2
"50249";"202100050249";2;"11:45";"1";"56";"1";"2";"1";3;47;-2
"50250";"202100050250";2;"16:05";"1";"74";"2";"1";"1";6;45;6
"50251";"202100050251";2;"15:35";"1";"67";"1";"1";"9";1;48;7
"50252";"202100050252";2;"15:05";"1";"76";"2";"1";"1";6;49;0
"50253";"202100050253";2;"13:45";"1";"55";"2";"1";"1";4;49;5
"50254";"202100050254";2;"15:05";"1";"55";"2";"9";"1";6;48;5
"50255";"202100050255";2;"13:40";"1";"49";"1";"2";"1";3;47;0
"50256";"202100050256";2;"16:00";"1";"49";"2";"7";"1";7;47;0
"50257";"202100050257";2;"17:10";"1";"42";"1";"1";"1";1;45;3
"50258";"202100050258";2;"14:00";"1";"44";"1";"2";"1";3;47;-1
"50259";"202100050259";2;"18:00";"1";"73";"2";"1";"1";1;45;6
"50260";"202100050260";2;"04:30";"3";"10";"1";"1";"1";7;48;4
"50261";"202100050261";2;"12:50";"1";"10";"2";"1";"2";3;48;4
"50262";"202100050262";2;"14:00";"1";"36";"1";"1";"1";7;46;1
"50263";"202100050263";2;"15:30";"1";"36";"1";"1";"1";6;46;1
"50264";"202100050264";2;"21:15";"3";"07";"1";"1";"1";3;44;4
"50265";"202100050265";2;"19:40";"3";"21";"1";"1";"1";6;47;4
"50266";"202100050266";2;"17:45";"1";"40";"1";"3";"1";1;43;-1
"50267";"202100050267";2;"15:50";"1";"30";"2";"1";"1";6;43;4
"50268";"202100050268";2;"18:50";"2";"24";"2";"3";"1";3;44;0
"50269";"202100050269";2;"22:45";"3";"03";"1";"1";"1";6;46;2
"50270";"202100050270";2;"18:25";"2";"06";"1";"1";"1";7;43;7
"50271";"202100050271";2;"10:45";"1";"68";"1";"1";"1";6;47;7
"50272";"202100050272";2;"17:10";"1";"57";"1";"4";"1";6;49;6
"50273";"202100050273";2;"08:20";"1";"69";"1";"1";"1";3;45;4
"50274";"202100050274";2;"17:45";"2";"971";"1";"1";"1";2;16;-61
"50275";"202100050275";2;"21:45";"3";"27";"1";"1";"8";2;49;1
"50276";"202100050276";2;"17:15";"1";"971";"1";"1";"1";2;16;-61
"50277";"202100050277";2;"19:10";"3";"971";"1";"1";"1";6;16;-61
"50278";"202100050278";2;"17:20";"1";"63";"2";"6";"1";3;45;3
"50279";"202100050279";2;"18:52";"2";"69";"2";"1";"1";1;45;4
"50280";"202100050280";2;"10:30";"1";"33";"1";"1";"1";5;44;0
"50281";"202100050281";2;"23:00";"3";"29";"1";"1";"1";6;47;-4
"50282";"202100050282";2;"10:25";"1";"59";"2";"1";"1";5;50;3
"50283";"202100050283";2;"16:30";"1";"59";"1";"3";"1";3;50;2
"50284";"202100050284";2;"18:00";"1";"13";"1";"1";"1";2;43;5
"50285";"202100050285";2;"17:48";"1";"13";"1";"1";"1";4;43;5
"50286";"202100050286";2;"16:30";"1";"13";"1";"1";"1";2;43;5
"50287";"202100050287";2;"17:50";"1";"67";"1";"1";"1";4;48;7
"50288";"202100050288";2;"10:10";"1";"91";"1";"1";"1";5;48;2
"50289";"202100050289";2;"09:45";"1";"94";"1";"1";"1";3;48;2
"50290";"202100050290";2;"06:53";"3";"91";"1";"1";"1";2;48;2
"50291";"202100050291";2;"06:20";"3";"94";"1";"1";"1";3;48;2
"50292";"202100050292";2;"06:30";"5";"75";"1";"1";"1";2;48;2
"50293";"202100050293";2;"17:20";"1";"92";"1";"1";"1";2;48;2
"50294";"202100050294";2;"08:50";"1";"93";"1";"1";"1";4;48;2
"50295";"202100050295";2;"03:00";"3";"95";"1";"1";"1";6;48;2
"50296";"202100050296";2;"08:45";"1";"94";"1";"1";"1";4;48;2
"50297";"202100050297";2;"08:30";"1";"77";"1";"1";"1";4;48;2
"50298";"202100050298";2;"14:00";"1";"974";"1";"1";"1";3;-21;55
"50299";"202100050299";2;"16:40";"1";"974";"2";"1";"1";3;-20;55
"50300";"202100050300";2;"22:20";"5";"69";"2";"2";"1";3;45;4
"50301";"202100050301";2;"18:05";"1";"69";"1";"3";"1";3;45;4
"50302";"202100050302";2;"13:20";"1";"69";"2";"2";"1";3;45;4
"50303";"202100050303";2;"07:30";"1";"69";"2";"5";"1";3;45;4
"50304";"202100050304";2;"12:05";"1";"972";"1";"1";"7";2;14;-61
"50305";"202100050305";2;"09:05";"1";"69";"2";"3";"1";7;45;4
"50306";"202100050306";2;"07:30";"1";"69";"2";"1";"8";7;45;4
"50307";"202100050307";2;"13:35";"1";"91";"2";"2";"1";3;48;2
"50308";"202100050308";2;"13:30";"1";"91";"2";"1";"1";6;48;2
"50309";"202100050309";2;"16:55";"1";"91";"2";"1";"1";7;48;2
"50310";"202100050310";2;"15:25";"1";"91";"2";"1";"7";6;48;2
"50311";"202100050311";2;"07:50";"1";"86";"2";"9";"1";3;46;0
"50312";"202100050312";1;"07:55";"2";"82";"2";"1";"1";6;44;1
"50313";"202100050313";2;"17:50";"1";"81";"2";"1";"1";7;43;2
"50314";"202100050314";2;"09:05";"1";"80";"1";"1";"1";4;49;2
"50315";"202100050315";2;"12:10";"1";"79";"2";"3";"1";3;46;0
"50316";"202100050316";2;"14:10";"1";"78";"2";"1";"1";4;48;2