"";"Num_Acc";"mois";"hrmn";"lum";"dep";"agg";"int";"atm";"col";"lat";"long"
"50317";"202100050317";2;"16:30";"1";"78";"2";"1";"1";3;48;2
"50318";"202100050318";2;"18:10";"1";"73";"2";"9";"1";6;45;6
"50319";"202100050319";2;"17:50";"1";"72";"2";"1";"1";6;48;0
"50320";"202100050320";2;"17:30";"1";"71";"2";"1";"1";6;46;4
"50321";"202100050321";2;"13:15";"1";"66";"2";"1";"1";3;42;2
"50322";"202100050322";2;"17:55";"1";"64";"1";"3";"1";3;43;0
"50323";"202100050323";2;"18:00";"1";"64";"2";"1";"1";7;43;-1
"50324";"202100050324";2;"10:25";"1";"62";"2";"1";"1";6;50;2
"50325";"202100050325";1;"15:00";"1";"62";"2";"9";"2";6;50;2
"50326";"202100050326";2;"17:42";"1";"59";"2";"1";"1";3;50;3
"50327";"202100050327";2;"07:05";"3";"59";"1";"1";"1";1;50;3
"50328";"202100050328";2;"17:50";"1";"54";"1";"1";"1";1;48;6
"50329";"202100050329";2;"16:40";"1";"54";"2";"1";"1";3;48;6
"50330";"202100050330";2;"16:40";"1";"51";"2";"1";"1";7;49;4
"50331";"202100050331";2;"07:50";"1";"50";"2";"3";"1";3;49;-1
"50332";"202100050332";2;"17:30";"1";"49";"2";"1";"1";4;47;0
"50333";"202100050333";2;"12:25";"1";"35";"2";"9";"1";3;48;-1
"50334";"202100050334";2;"09:40";"1";"35";"1";"1";"7";6;48;-1
"50335";"202100050335";2;"10:25";"1";"34";"2";"6";"1";7;43;3
"50336";"202100050336";2;"17:55";"1";"33";"2";"2";"1";4;44;0
"50337";"202100050337";2;"17:35";"1";"33";"2";"1";"1";2;44;-1
"50338";"202100050338";2;"16:30";"1";"31";"2";"1";"1";2;43;1
"50339";"202100050339";2;"15:00";"1";"30";"2";"3";"1";6;44;4
"50340";"202100050340";2;"19:12";"3";"29";"1";"1";"1";1;48;-3
"50341";"202100050341";2;"15:18";"1";"28";"1";"1";"1";6;48;1
"50342";"202100050342";2;"17:40";"1";"28";"2";"1";"1";7;48;1
"50343";"202100050343";2;"16:20";"1";"25";"2";"6";"1";3;47;5
"50344";"202100050344";2;"17:50";"2";"25";"2";"1";"1";2;47;5
"50345";"202100050345";2;"11:55";"1";"17";"1";"1";"1";4;46;-1
"50346";"202100050346";2;"10:15";"1";"17";"1";"1";"1";7;46;-1
"50347";"202100050347";2;"17:30";"1";"15";"2";"2";"1";3;44;2
"50348";"202100050348";2;"19:00";"5";"13";"2";"1";"1";2;43;5
"50349";"202100050349";2;"18:20";"2";"13";"2";"3";"1";3;43;5
"50350";"202100050350";2;"13:00";"1";"13";"2";"9";"1";3;43;5
"50351";"202100050351";2;"17:20";"1";"13";"2";"3";"1";3;43;5
"50352";"202100050352";2;"16:50";"1";"13";"2";"3";"1";3;43;5
"50353";"202100050353";2;"10:15";"1";"13";"2";"1";"1";1;43;5
"50354";"202100050354";2;"17:17";"1";"10";"2";"1";"1";4;48;4
"50355";"202100050355";2;"17:15";"1";"10";"2";"2";"1";3;48;4
"50356";"202100050356";2;"14:13";"1";"10";"1";"1";"1";4;48;4
"50357";"202100050357";2;"11:30";"1";"75";"2";"1";"1";3;48;2
"50358";"202100050358";2;"16:45";"1";"75";"2";"2";"1";3;48;2
"50359";"202100050359";2;"08:40";"1";"75";"2";"1";"1";2;48;2
"50360";"202100050360";2;"17:30";"2";"75";"2";"4";"1";3;48;2
"50361";"202100050361";2;"14:25";"1";"75";"2";"3";"1";3;48;2
"50362";"202100050362";2;"13:30";"1";"75";"2";"2";"1";3;48;2
"50363";"202100050363";2;"20:55";"5";"75";"2";"3";"1";3;48;2
"50364";"202100050364";2;"20:56";"5";"75";"2";"3";"1";3;48;2
"50365";"202100050365";2;"09:35";"1";"94";"2";"1";"1";3;48;2
"50366";"202100050366";2;"12:34";"1";"94";"2";"1";"1";2;48;2
"50367";"202100050367";2;"14:10";"1";"94";"2";"2";"1";3;48;2
"50368";"202100050368";2;"16:30";"1";"94";"2";"1";"7";6;48;2
"50369";"202100050369";2;"07:20";"1";"94";"2";"6";"1";6;48;2
"50370";"202100050370";2;"16:40";"1";"94";"2";"1";"1";3;48;2
"50371";"202100050371";2;"17:20";"1";"94";"2";"1";"1";7;48;2
"50372";"202100050372";2;"08:20";"1";"94";"2";"1";"1";5;48;2
"50373";"202100050373";2;"13:40";"1";"94";"2";"1";"1";2;48;2
"50374";"202100050374";2;"09:00";"1";"93";"2";"1";"7";6;48;2
"50375";"202100050375";2;"12:45";"1";"93";"2";"1";"1";6;48;2
"50376";"202100050376";2;"07:40";"2";"93";"2";"1";"1";6;48;2
"50377";"202100050377";2;"19:10";"5";"93";"2";"2";"1";3;48;2
"50378";"202100050378";2;"10:05";"1";"93";"2";"6";"1";2;48;2
"50379";"202100050379";2;"17:45";"1";"93";"2";"9";"1";3;48;2
"50380";"202100050380";2;"17:15";"1";"93";"2";"1";"1";6;48;2
"50381";"202100050381";2;"10:20";"1";"93";"2";"2";"1";3;48;2
"50382";"202100050382";2;"12:30";"1";"92";"2";"1";"1";3;48;2
"50383";"202100050383";2;"20:10";"5";"92";"2";"2";"1";3;48;2
"50384";"202100050384";2;"16:00";"1";"92";"2";"2";"1";2;48;2
"50385";"202100050385";2;"18:30";"2";"92";"2";"1";"1";7;48;2
"50386";"202100050386";2;"14:55";"1";"84";"1";"1";"1";4;43;5
"50387";"202100050387";2;"13:10";"1";"17";"1";"1";"7";3;45;0
"50388";"202100050388";2;"17:18";"1";"51";"1";"1";"1";7;49;3
"50389";"202100050389";2;"16:40";"1";"67";"1";"1";"1";1;48;7
"50390";"202100050390";2;"01:05";"3";"80";"2";"1";"1";6;49;2
"50391";"202100050391";2;"16:45";"1";"81";"1";"1";"1";4;43;2
"50392";"202100050392";2;"17:25";"1";"71";"1";"1";"1";5;46;4
"50393";"202100050393";2;"17:30";"1";"61";"1";"1";"1";7;48;0
"50394";"202100050394";2;"14:15";"1";"46";"1";"2";"7";3;44;1
"50395";"202100050395";2;"14:00";"1";"39";"1";"2";"7";3;46;5
"50396";"202100050396";2;"16:50";"1";"34";"2";"4";"1";3;43;3
"50397";"202100050397";2;"15:45";"1";"38";"1";"2";"1";2;45;5
"50398";"202100050398";2;"13:45";"1";"72";"1";"1";"1";3;47;0
"50399";"202100050399";2;"19:40";"4";"14";"2";"3";"1";6;48;0
"50400";"202100050400";2;"07:00";"2";"45";"2";"1";"1";7;47;1
"50401";"202100050401";2;"17:10";"1";"43";"1";"9";"1";1;45;4
"50402";"202100050402";2;"10:37";"1";"40";"1";"2";"1";2;43;0
"50403";"202100050403";2;"12:30";"1";"40";"1";"1";"1";6;43;0
"50404";"202100050404";2;"20:30";"3";"87";"1";"1";"1";7;45;1
"50405";"202100050405";2;"16:30";"1";"88";"2";"3";"1";3;48;6
"50406";"202100050406";2;"07:01";"1";"973";"2";"6";"1";3;4;-52
"50407";"202100050407";2;"08:40";"1";"69";"2";"2";"1";6;45;4
"50408";"202100050408";2;"11:25";"1";"33";"1";"1";"1";3;44;-1
"50409";"202100050409";2;"16:35";"1";"38";"1";"1";"1";7;45;5
"50410";"202100050410";2;"15:55";"1";"42";"1";"2";"1";2;45;4
"50411";"202100050411";2;"11:20";"1";"988";"2";"2";"1";6;-20;164
"50412";"202100050412";2;"06:51";"1";"971";"2";"6";"1";6;16;-61
"50413";"202100050413";2;"12:55";"1";"971";"2";"1";"1";6;16;-61
"50414";"202100050414";2;"17:00";"1";"71";"2";"1";"1";3;46;4
"50415";"202100050415";2;"14:30";"1";"52";"1";"3";"1";1;47;5
"50416";"202100050416";2;"16:30";"1";"88";"2";"4";"1";1;48;6
"50417";"202100050417";2;"17:55";"2";"54";"1";"1";"1";1;48;6
"50418";"202100050418";2;"14:00";"1";"38";"1";"1";"1";7;45;5
"50419";"202100050419";2;"18:15";"2";"38";"1";"1";"1";1;45;5
"50420";"202100050420";2;"07:00";"1";"27";"1";"1";"1";3;49;1
"50421";"202100050421";2;"20:41";"3";"13";"1";"1";"1";5;43;5
"50422";"202100050422";2;"08:20";"1";"69";"1";"1";"1";4;45;4
"50423";"202100050423";2;"11:30";"1";"69";"1";"1";"1";6;45;4
"50424";"202100050424";2;"20:20";"3";"95";"1";"1";"1";6;49;2
"50425";"202100050425";2;"17:00";"1";"93";"1";"1";"1";4;48;2
"50426";"202100050426";2;"16:05";"1";"30";"2";"2";"1";6;43;4
"50427";"202100050427";2;"12:09";"1";"974";"2";"1";"1";3;-20;55
"50428";"202100050428";2;"08:55";"1";"974";"2";"2";"2";3;-20;55
"50429";"202100050429";2;"15:15";"1";"973";"2";"1";"2";7;4;-52
"50430";"202100050430";2;"11:25";"1";"973";"2";"1";"1";3;4;-52
"50431";"202100050431";2;"19:50";"5";"69";"2";"9";"1";3;45;4
"50432";"202100050432";2;"16:20";"1";"69";"2";"6";"7";2;45;4
"50433";"202100050433";2;"08:09";"1";"69";"2";"2";"1";2;45;4
"50434";"202100050434";2;"16:30";"1";"972";"2";"1";"1";2;14;-61
"50435";"202100050435";2;"00:45";"3";"972";"1";"1";"2";6;14;-61
"50436";"202100050436";2;"23:15";"5";"972";"2";"9";"2";1;14;-61
"50437";"202100050437";2;"01:50";"5";"971";"2";"1";"1";7;15;-61
"50438";"202100050438";2;"15:50";"1";"2A";"2";"4";"1";3;41;8
"50439";"202100050439";2;"16:30";"1";"95";"2";"1";"1";6;48;2
"50440";"202100050440";2;"21:10";"5";"91";"2";"1";"1";7;48;2
"50441";"202100050441";2;"04:40";"5";"91";"1";"1";"1";6;48;2
"50442";"202100050442";2;"11:45";"1";"86";"2";"1";"1";6;46;0
"50443";"202100050443";2;"17:10";"1";"84";"2";"1";"1";1;43;4
"50444";"202100050444";2;"18:00";"1";"79";"2";"2";"1";2;46;0
"50445";"202100050445";2;"19:30";"5";"78";"2";"3";"1";3;48;2
"50446";"202100050446";2;"17:20";"1";"77";"1";"1";"1";6;48;2
"50447";"202100050447";2;"10:58";"1";"74";"2";"2";"1";6;46;6
"50448";"202100050448";2;"10:05";"1";"72";"2";"1";"1";6;48;0
"50449";"202100050449";2;"15:10";"1";"69";"2";"1";"1";3;45;4
"50450";"202100050450";2;"11:50";"1";"66";"2";"1";"2";6;42;2
"50451";"202100050451";2;"10:35";"1";"65";"2";"9";"1";4;43;0
"50452";"202100050452";2;"09:15";"1";"65";"2";"1";"1";7;43;0
"50453";"202100050453";2;"17:35";"1";"65";"1";"6";"1";3;43;0
"50454";"202100050454";2;"08:00";"1";"64";"2";"3";"7";3;43;-1
"50455";"202100050455";2;"17:42";"1";"56";"2";"6";"1";3;47;-3
"50456";"202100050456";2;"16:40";"1";"54";"2";"1";"1";4;48;6
"50457";"202100050457";2;"16:38";"1";"51";"2";"4";"1";3;49;4
"50458";"202100050458";2;"11:15";"1";"50";"2";"1";"7";3;49;-1
"50459";"202100050459";2;"13:00";"1";"49";"2";"1";"1";4;47;0
"50460";"202100050460";2;"08:05";"1";"45";"1";"6";"1";3;47;1
"50461";"202100050461";2;"22:45";"5";"44";"2";"2";"1";3;47;-1
"50462";"202100050462";2;"18:00";"1";"37";"2";"1";"1";1;47;0
"50463";"202100050463";2;"13:50";"1";"35";"2";"2";"1";5;48;-1
"50464";"202100050464";2;"18:15";"2";"33";"2";"1";"1";3;44;0
"50465";"202100050465";2;"13:15";"1";"33";"2";"3";"1";1;44;-1
"50466";"202100050466";2;"08:35";"1";"33";"2";"6";"7";3;44;-1
"50467";"202100050467";2;"13:35";"1";"32";"2";"1";"1";6;43;0
"50468";"202100050468";2;"14:30";"1";"31";"2";"1";"1";6;43;0
"50469";"202100050469";2;"11:37";"1";"29";"2";"1";"1";2;47;-4
"50470";"202100050470";2;"10:30";"1";"26";"2";"9";"1";1;44;4
"50471";"202100050471";2;"16:17";"1";"25";"2";"1";"1";5;47;5
"50472";"202100050472";2;"22:05";"5";"21";"2";"2";"2";3;47;5
"50473";"202100050473";2;"17:10";"1";"17";"2";"1";"1";3;45;-1
"50474";"202100050474";2;"18:30";"2";"13";"2";"1";"1";6;43;5
"50475";"202100050475";2;"13:27";"1";"09";"1";"9";"1";3;42;1
"50476";"202100050476";2;"16:35";"1";"06";"2";"1";"1";6;43;7
"50477";"202100050477";2;"09:05";"1";"06";"2";"1";"1";3;43;7
"50478";"202100050478";2;"11:00";"1";"05";"2";"1";"1";7;44;6
"50479";"202100050479";2;"14:50";"1";"75";"2";"7";"1";3;48;2
"50480";"202100050480";2;"16:55";"1";"75";"2";"2";"1";7;48;2
"50481";"202100050481";2;"14:10";"1";"75";"2";"4";"1";3;48;2
"50482";"202100050482";2;"12:40";"1";"75";"2";"2";"1";3;48;2
"50483";"202100050483";2;"17:35";"2";"75";"2";"2";"1";6;48;2
"50484";"202100050484";2;"12:05";"1";"75";"2";"3";"1";3;48;2
"50485";"202100050485";2;"08:50";"1";"75";"2";"4";"1";3;48;2
"50486";"202100050486";2;"12:20";"1";"75";"2";"2";"1";2;48;2
"50487";"202100050487";2;"09:30";"1";"75";"2";"1";"1";3;48;2
"50488";"202100050488";2;"16:03";"1";"94";"2";"1";"1";6;48;2
"50489";"202100050489";2;"11:25";"1";"94";"2";"9";"1";6;48;2
"50490";"202100050490";2;"14:00";"1";"94";"2";"3";"1";6;48;2
"50491";"202100050491";2;"12:00";"1";"94";"2";"2";"1";3;48;2
"50492";"202100050492";2;"22:40";"5";"94";"2";"2";"1";3;48;2
"50493";"202100050493";2;"18:50";"5";"94";"2";"1";"1";2;48;2
"50494";"202100050494";2;"17:10";"1";"93";"2";"1";"1";6;48;2
"50495";"202100050495";2;"19:55";"5";"93";"2";"1";"1";1;48;2
"50496";"202100050496";2;"14:30";"1";"93";"2";"1";"1";6;48;2
"50497";"202100050497";2;"06:45";"5";"92";"2";"3";"1";3;48;2
"50498";"202100050498";2;"06:20";"5";"92";"2";"6";"1";2;48;2
"50499";"202100050499";2;"17:00";"1";"92";"2";"1";"1";6;48;2
"50500";"202100050500";2;"14:00";"1";"92";"2";"1";"1";3;48;2
"50501";"202100050501";2;"22:15";"5";"92";"2";"6";"1";7;48;2
"50502";"202100050502";2;"13:15";"1";"92";"2";"1";"1";6;48;2
"50503";"202100050503";2;"14:30";"1";"35";"1";"1";"1";1;47;-1
"50504";"202100050504";2;"04:45";"5";"28";"1";"1";"1";6;48;1
"50505";"202100050505";2;"10:15";"1";"28";"1";"9";"1";2;48;1
"50506";"202100050506";2;"23:35";"3";"52";"1";"1";"1";2;48;4
"50507";"202100050507";2;"15:39";"1";"87";"1";"1";"1";6;45;1
"50508";"202100050508";2;"21:30";"3";"38";"1";"1";"1";3;44;5
"50509";"202100050509";2;"10:35";"1";"74";"2";"3";"1";6;45;6
"50510";"202100050510";2;"13:54";"1";"82";"1";"2";"1";3;43;1
"50511";"202100050511";2;"10:40";"1";"61";"1";"1";"1";7;48;0
"50512";"202100050512";2;"15:25";"1";"49";"1";"3";"1";1;47;0
"50513";"202100050513";2;"13:50";"1";"68";"2";"3";"1";1;47;6
"50514";"202100050514";2;"17:45";"1";"22";"1";"2";"1";3;48;-3
"50515";"202100050515";2;"16:30";"1";"25";"1";"1";"1";7;47;6
"50516";"202100050516";2;"15:10";"1";"44";"1";"2";"1";3;47;-2
"50517";"202100050517";2;"08:10";"1";"06";"2";"1";"1";1;43;6
"50518";"202100050518";2;"15:15";"1";"14";"1";"1";"1";7;49;0
"50519";"202100050519";2;"16:40";"1";"43";"1";"4";"7";3;45;3
"50520";"202100050520";2;"17:10";"1";"10";"1";"1";"1";3;48;3
"50521";"202100050521";2;"11:50";"1";"10";"2";"1";"1";3;48;3
"50522";"202100050522";2;"11:00";"1";"16";"1";"2";"1";3;46;0
"50523";"202100050523";2;"07:32";"1";"53";"1";"1";"1";2;48;-1
"50524";"202100050524";2;"17:23";"1";"53";"1";"1";"1";7;48;0
"50525";"202100050525";2;"15:10";"1";"21";"1";"4";"1";3;47;4
"50526";"202100050526";2;"13:43";"1";"17";"2";"1";"1";7;45;-1
"50527";"202100050527";2;"16:50";"1";"08";"2";"1";"1";6;49;4
"50528";"202100050528";2;"22:50";"3";"03";"1";"1";"1";6;46;3
"50529";"202100050529";2;"06:51";"2";"77";"1";"1";"1";3;48;2
"50530";"202100050530";2;"10:45";"1";"973";"1";"1";"1";7;5;-53
"50531";"202100050531";2;"15:25";"1";"06";"2";"6";"1";3;43;7
"50532";"202100050532";2;"13:20";"1";"13";"2";"1";"1";1;43;5
"50533";"202100050533";2;"09:35";"1";"67";"1";"2";"1";2;48;7
"50534";"202100050534";2;"17:50";"1";"03";"1";"3";"1";3;46;2
"50535";"202100050535";2;"12:30";"1";"50";"2";"6";"1";3;49;-1
"50536";"202100050536";2;"17:25";"1";"56";"1";"1";"1";4;47;-2
"50537";"202100050537";2;"17:00";"1";"35";"2";"3";"1";6;48;-1
"50538";"202100050538";2;"11:30";"1";"13";"1";"1";"1";2;43;5
"50539";"202100050539";2;"08:25";"1";"67";"1";"1";"1";4;48;7
"50540";"202100050540";2;"15:00";"1";"93";"1";"1";"1";2;48;2
"50541";"202100050541";2;"08:00";"2";"95";"1";"1";"1";5;48;2
"50542";"202100050542";2;"01:30";"3";"95";"1";"1";"1";6;49;2
"50543";"202100050543";2;"01:55";"3";"95";"1";"1";"1";6;49;2
"50544";"202100050544";2;"18:00";"5";"93";"1";"1";"1";3;48;2
"50545";"202100050545";2;"17:30";"1";"93";"1";"1";"1";2;48;2
"50546";"202100050546";2;"19:00";"3";"93";"1";"1";"1";3;48;2
"50547";"202100050547";2;"13:15";"1";"95";"1";"1";"1";2;48;2
"50548";"202100050548";2;"08:40";"1";"93";"1";"1";"1";4;48;2
"50549";"202100050549";2;"07:30";"1";"77";"1";"1";"1";6;48;2
"50550";"202100050550";2;"12:50";"1";"94";"1";"1";"1";4;48;2
"50551";"202100050551";2;"07:45";"1";"77";"1";"1";"2";3;48;2
"50552";"202100050552";2;"03:40";"5";"988";"2";"1";"1";6;-22;166
"50553";"202100050553";2;"22:00";"3";"976";"1";"1";"1";6;-12;45
"50554";"202100050554";2;"07:45";"1";"974";"2";"6";"1";3;-21;55
"50555";"202100050555";2;"20:20";"3";"974";"1";"1";"2";6;-21;55
"50556";"202100050556";2;"12:50";"1";"974";"2";"1";"1";3;-20;55
"50557";"202100050557";2;"22:18";"5";"973";"2";"1";"1";7;4;-52
"50558";"202100050558";2;"10:20";"1";"69";"2";"2";"1";6;45;4
"50559";"202100050559";2;"11:50";"1";"69";"2";"2";"1";3;45;4
"50560";"202100050560";2;"10:30";"1";"69";"2";"2";"1";6;45;4
"50561";"202100050561";2;"17:40";"1";"2A";"1";"1";"1";6;41;8
"50562";"202100050562";2;"13:25";"1";"95";"2";"1";"1";1;48;2
"50563";"202100050563";2;"12:20";"1";"91";"2";"1";"1";6;48;2
"50564";"202100050564";2;"16:50";"1";"83";"2";"1";"1";1;43;5
"50565";"202100050565";2;"14:40";"1";"83";"2";"4";"1";1;43;6
"50566";"202100050566";2;"03:25";"3";"83";"1";"1";"1";6;43;6
"50567";"202100050567";2;"16:45";"1";"77";"1";"1";"1";2;48;2
"50568";"202100050568";2;"17:30";"1";"76";"2";"3";"1";3;49;0
"50569";"202100050569";2;"17:46";"1";"76";"2";"1";"1";2;49;0
"50570";"202100050570";2;"11:45";"1";"72";"2";"9";"2";3;47;0
"50571";"202100050571";2;"16:40";"1";"71";"2";"2";"1";1;46;4
"50572";"202100050572";2;"12:10";"1";"69";"2";"1";"1";3;45;4
"50573";"202100050573";2;"07:40";"2";"64";"2";"2";"3";3;43;-1
"50574";"202100050574";2;"14:00";"1";"62";"2";"6";"1";3;50;1
"50575";"202100050575";2;"15:05";"1";"58";"2";"3";"1";6;46;3
"50576";"202100050576";2;"14:00";"1";"57";"1";"1";"1";2;49;6
"50577";"202100050577";2;"22:41";"3";"57";"1";"1";"2";6;49;6
"50578";"202100050578";2;"13:50";"1";"51";"2";"2";"1";3;49;4
"50579";"202100050579";2;"13:53";"1";"51";"2";"3";"1";3;49;4
"50580";"202100050580";2;"18:30";"2";"42";"2";"1";"1";6;45;4
"50581";"202100050581";2;"15:10";"1";"34";"1";"1";"8";5;43;3
"50582";"202100050582";2;"17:30";"1";"33";"2";"6";"1";6;44;0
"50583";"202100050583";2;"09:08";"1";"29";"1";"2";"1";6;47;-3
"50584";"202100050584";2;"07:15";"3";"26";"1";"1";"2";1;44;4
"50585";"202100050585";2;"16:30";"1";"13";"2";"1";"1";3;43;5
"50586";"202100050586";2;"17:00";"1";"13";"2";"9";"1";3;43;5
"50587";"202100050587";2;"13:40";"1";"13";"2";"4";"1";3;43;5
"50588";"202100050588";2;"10:10";"1";"13";"2";"1";"1";1;43;4
"50589";"202100050589";2;"10:55";"1";"13";"2";"1";"1";1;43;5
"50590";"202100050590";2;"10:50";"1";"11";"2";"1";"1";5;43;2
"50591";"202100050591";2;"18:35";"1";"11";"2";"1";"1";6;43;3
"50592";"202100050592";2;"10:48";"1";"11";"2";"6";"1";7;43;3
"50593";"202100050593";2;"11:17";"1";"10";"2";"2";"1";3;48;4
"50594";"202100050594";2;"04:15";"5";"94";"2";"1";"2";6;48;2
"50595";"202100050595";2;"15:25";"1";"94";"2";"1";"1";6;48;2
"50596";"202100050596";2;"10:33";"1";"94";"2";"1";"1";3;48;2
"50597";"202100050597";2;"16:05";"1";"94";"2";"2";"1";1;48;2
"50598";"202100050598";2;"08:10";"1";"94";"2";"1";"1";6;48;2
"50599";"202100050599";2;"23:00";"3";"94";"1";"1";"1";6;48;2
"50600";"202100050600";2;"20:05";"5";"94";"2";"4";"1";2;48;2
"50601";"202100050601";2;"10:20";"1";"94";"2";"1";"8";2;48;2
"50602";"202100050602";2;"17:03";"1";"93";"2";"1";"1";6;48;2
"50603";"202100050603";2;"17:00";"1";"93";"2";"1";"1";3;48;2
"50604";"202100050604";2;"09:25";"1";"93";"2";"1";"1";6;48;2
"50605";"202100050605";1;"21:10";"5";"93";"2";"1";"1";6;48;2
"50606";"202100050606";2;"16:25";"1";"93";"2";"6";"1";4;48;2
"50607";"202100050607";2;"08:15";"1";"92";"2";"3";"2";3;48;2
"50608";"202100050608";2;"14:14";"1";"92";"2";"7";"8";6;48;2
"50609";"202100050609";2;"17:30";"1";"92";"2";"1";"1";3;48;2
"50610";"202100050610";2;"13:20";"1";"37";"1";"1";"1";1;47;0
"50611";"202100050611";2;"15:45";"1";"37";"2";"1";"1";6;47;0
"50612";"202100050612";2;"13:54";"1";"08";"2";"1";"1";3;49;4
"50613";"202100050613";2;"18:50";"2";"54";"1";"1";"1";2;48;5
"50614";"202100050614";2;"10:30";"1";"46";"1";"1";"1";6;44;1
"50615";"202100050615";2;"16:45";"1";"76";"1";"1";"1";7;49;0
"50616";"202100050616";2;"09:00";"1";"42";"1";"1";"1";7;45;4
"50617";"202100050617";2;"23:45";"3";"85";"2";"1";"1";1;46;-1
"50618";"202100050618";2;"16:30";"1";"51";"2";"1";"1";7;48;3
"50619";"202100050619";2;"14:00";"1";"82";"1";"3";"2";2;43;1
"50620";"202100050620";2;"17:00";"1";"33";"1";"2";"1";3;44;0
"50621";"202100050621";2;"15:35";"1";"89";"1";"1";"7";2;48;3
"50622";"202100050622";2;"15:35";"1";"63";"1";"2";"1";3;45;3
"50623";"202100050623";2;"17:40";"1";"49";"2";"3";"1";3;47;0
"50624";"202100050624";2;"17:40";"1";"86";"2";"1";"1";3;46;0
"50625";"202100050625";2;"16:10";"1";"22";"2";"1";"1";6;48;-2
"50626";"202100050626";2;"16:16";"1";"25";"1";"1";"7";2;46;6
"50627";"202100050627";2;"14:00";"1";"29";"1";"1";"1";3;47;-3
"50628";"202100050628";2;"14:30";"1";"70";"2";"3";"1";3;47;6
"50629";"202100050629";2;"08:25";"1";"06";"2";"9";"1";3;43;6
"50630";"202100050630";2;"19:30";"3";"43";"1";"1";"1";7;45;3
"50631";"202100050631";2;"16:25";"1";"07";"2";"9";"7";3;44;4
"50632";"202100050632";2;"11:05";"1";"21";"1";"1";"1";3;47;4
"50633";"202100050633";2;"09:00";"1";"85";"1";"3";"1";1;46;-2
"50634";"202100050634";2;"16:00";"1";"27";"2";"1";"1";1;49;0
"50635";"202100050635";2;"04:00";"3";"13";"2";"1";"1";6;43;5
"50636";"202100050636";2;"06:20";"3";"34";"1";"1";"1";4;43;3
"50637";"202100050637";2;"17:40";"2";"21";"2";"6";"1";6;47;5
"50638";"202100050638";2;"13:45";"1";"2B";"1";"1";"1";-1;42;9
"50639";"202100050639";2;"17:20";"1";"67";"1";"1";"1";1;49;7
"50640";"202100050640";2;"17:45";"5";"67";"2";"2";"1";3;48;7
"50641";"202100050641";2;"17:55";"1";"38";"1";"3";"1";3;45;5
"50642";"202100050642";2;"15:25";"1";"26";"1";"1";"1";3;45;4
"50643";"202100050643";2;"16:35";"1";"69";"1";"2";"1";3;45;4
"50644";"202100050644";2;"16:00";"1";"81";"1";"1";"1";6;43;1
"50645";"202100050645";2;"12:00";"1";"29";"2";"6";"1";3;47;-4
"50646";"202100050646";2;"17:00";"1";"27";"1";"1";"1";1;49;1
"50647";"202100050647";2;"14:50";"1";"59";"2";"1";"1";6;50;3
"50648";"202100050648";2;"17:20";"1";"83";"1";"1";"1";2;43;5
"50649";"202100050649";2;"08:38";"1";"33";"1";"1";"1";4;44;0
"50650";"202100050650";2;"09:40";"1";"59";"1";"1";"1";6;50;3
"50651";"202100050651";2;"18:45";"3";"59";"1";"1";"1";2;50;3
"50652";"202100050652";2;"16:05";"1";"59";"1";"1";"1";2;50;2
"50653";"202100050653";2;"06:50";"2";"78";"1";"1";"1";5;48;2
"50654";"202100050654";2;"22:30";"3";"95";"1";"1";"1";6;48;2
"50655";"202100050655";2;"08:20";"1";"94";"1";"1";"1";6;48;2
"50656";"202100050656";2;"16:20";"2";"75";"2";"2";"1";3;48;2
"50657";"202100050657";2;"18:40";"5";"75";"2";"2";"1";3;48;2
"50658";"202100050658";2;"13:00";"1";"75";"2";"7";"1";3;48;2
"50659";"202100050659";2;"17:45";"1";"94";"2";"1";"1";6;48;2
"50660";"202100050660";2;"11:55";"1";"92";"2";"3";"1";3;48;2
"50661";"202100050661";2;"20:45";"5";"92";"2";"2";"1";3;48;2
"50662";"202100050662";2;"18:40";"1";"974";"1";"1";"1";7;-21;55
"50663";"202100050663";2;"12:35";"1";"83";"1";"1";"1";6;43;6
"50664";"202100050664";2;"14:20";"1";"83";"1";"1";"1";2;43;6
"50665";"202100050665";2;"05:10";"3";"63";"1";"1";"6";6;45;2
"50666";"202100050666";2;"12:46";"1";"01";"2";"1";"1";6;46;5
"50667";"202100050667";2;"10:08";"1";"01";"1";"1";"1";2;46;6
"50668";"202100050668";2;"16:20";"1";"01";"2";"2";"1";3;46;6
"50669";"202100050669";2;"19:44";"3";"34";"1";"1";"1";6;43;3
"50670";"202100050670";2;"17:30";"1";"62";"1";"1";"1";1;50;2
"50671";"202100050671";2;"14:45";"1";"51";"2";"2";"1";3;49;4
"50672";"202100050672";2;"16:20";"1";"51";"2";"3";"1";7;49;4
"50673";"202100050673";2;"22:50";"3";"51";"1";"1";"1";7;49;3
"50674";"202100050674";2;"14:15";"1";"56";"1";"1";"1";7;47;-2
"50675";"202100050675";2;"15:45";"1";"76";"1";"2";"1";3;49;0
"50676";"202100050676";2;"16:30";"1";"76";"1";"1";"1";6;49;1
"50677";"202100050677";2;"07:05";"3";"79";"1";"1";"2";5;46;0
"50678";"202100050678";2;"10:00";"1";"65";"1";"1";"1";6;43;0
"50679";"202100050679";2;"16:35";"1";"33";"1";"1";"8";6;44;0
"50680";"202100050680";2;"17:20";"1";"89";"2";"1";"1";6;47;4
"50681";"202100050681";2;"12:39";"1";"61";"1";"1";"1";6;48;0