"";"Num_Acc";"mois";"hrmn";"lum";"dep";"agg";"int";"atm";"col";"lat";"long"
"50682";"202100050682";2;"08:00";"1";"46";"2";"1";"6";6;44;1
"50683";"202100050683";2;"10:35";"1";"68";"2";"6";"1";2;47;7
"50684";"202100050684";2;"17:00";"1";"22";"1";"1";"8";6;48;-3
"50685";"202100050685";2;"08:00";"2";"22";"1";"9";"1";2;48;-2
"50686";"202100050686";2;"13:55";"1";"39";"2";"6";"1";3;47;5
"50687";"202100050687";2;"17:51";"2";"38";"1";"1";"1";6;45;5
"50688";"202100050688";2;"16:40";"1";"26";"1";"3";"1";3;44;4
"50689";"202100050689";2;"10:30";"1";"66";"1";"1";"1";1;42;2
"50690";"202100050690";2;"10:30";"1";"64";"2";"1";"2";1;43;-1
"50691";"202100050691";2;"14:50";"1";"64";"1";"3";"2";1;43;-1
"50692";"202100050692";2;"08:16";"1";"64";"2";"3";"1";1;43;-1
"50693";"202100050693";2;"15:40";"1";"18";"2";"1";"1";2;46;2
"50694";"202100050694";2;"16:45";"1";"43";"1";"1";"1";3;45;4
"50695";"202100050695";2;"06:45";"2";"40";"2";"1";"1";3;43;-1
"50696";"202100050696";2;"07:00";"2";"24";"1";"1";"1";1;45;0
"50697";"202100050697";2;"14:20";"1";"27";"1";"2";"1";3;49;0
"50698";"202100050698";2;"12:17";"1";"52";"1";"1";"1";6;48;5
"50699";"202100050699";2;"17:38";"3";"73";"1";"1";"4";2;45;5
"50700";"202100050700";2;"18:00";"5";"988";"2";"6";"1";6;-22;166
"50701";"202100050701";2;"17:20";"1";"28";"1";"1";"1";1;48;1
"50702";"202100050702";2;"14:40";"1";"45";"1";"1";"1";6;47;2
"50703";"202100050703";2;"17:35";"1";"45";"1";"3";"1";3;47;2
"50704";"202100050704";2;"17:05";"1";"78";"1";"2";"1";3;48;2
"50705";"202100050705";2;"10:10";"1";"03";"2";"2";"1";3;46;2
"50706";"202100050706";2;"15:00";"1";"73";"1";"1";"1";7;45;6
"50707";"202100050707";2;"09:45";"1";"42";"2";"1";"1";2;45;4
"50708";"202100050708";2;"15:25";"1";"16";"1";"1";"8";1;45;0
"50709";"202100050709";2;"15:30";"1";"14";"2";"2";"1";2;49;0
"50710";"202100050710";2;"17:15";"1";"60";"1";"1";"1";7;49;2
"50711";"202100050711";2;"15:50";"1";"02";"2";"1";"1";7;49;3
"50712";"202100050712";2;"13:45";"1";"59";"1";"1";"1";2;50;2
"50713";"202100050713";2;"12:20";"1";"13";"1";"1";"1";4;43;5
"50714";"202100050714";2;"08:10";"1";"13";"1";"1";"1";2;43;5
"50715";"202100050715";2;"14:50";"1";"69";"1";"1";"1";4;45;4
"50716";"202100050716";2;"14:00";"1";"69";"1";"1";"1";4;45;4
"50717";"202100050717";2;"15:05";"1";"94";"1";"1";"1";2;48;2
"50718";"202100050718";2;"11:40";"1";"91";"1";"9";"1";2;48;2
"50719";"202100050719";2;"01:25";"3";"91";"1";"1";"1";6;48;2
"50720";"202100050720";2;"21:40";"3";"91";"1";"1";"1";7;48;2
"50721";"202100050721";2;"15:30";"1";"78";"1";"1";"1";6;48;2
"50722";"202100050722";2;"19:30";"3";"93";"1";"9";"1";4;48;2
"50723";"202100050723";2;"21:10";"3";"93";"1";"1";"1";6;48;2
"50724";"202100050724";2;"05:30";"3";"93";"1";"1";"1";6;48;2
"50725";"202100050725";2;"13:15";"1";"94";"1";"1";"1";2;48;2
"50726";"202100050726";2;"01:45";"5";"974";"2";"9";"9";7;-21;55
"50727";"202100050727";2;"09:50";"1";"973";"2";"3";"1";3;4;-52
"50728";"202100050728";2;"18:15";"5";"69";"2";"2";"1";3;45;4
"50729";"202100050729";2;"17:20";"1";"69";"2";"1";"1";3;45;4
"50730";"202100050730";2;"11:25";"1";"69";"2";"1";"1";2;45;4
"50731";"202100050731";2;"16:50";"1";"69";"2";"9";"1";6;45;4
"50732";"202100050732";2;"15:30";"1";"69";"2";"1";"1";4;45;4
"50733";"202100050733";2;"14:25";"1";"69";"2";"2";"1";3;45;4
"50734";"202100050734";2;"01:40";"5";"95";"2";"1";"1";2;48;2
"50735";"202100050735";2;"12:45";"1";"95";"2";"2";"2";3;48;2
"50736";"202100050736";2;"16:45";"1";"91";"2";"1";"1";1;48;2
"50737";"202100050737";2;"15:00";"1";"91";"2";"1";"1";2;48;2
"50738";"202100050738";2;"14:05";"1";"91";"1";"1";"1";6;48;2
"50739";"202100050739";2;"11:30";"1";"78";"2";"1";"1";3;48;1
"50740";"202100050740";2;"11:56";"1";"74";"2";"9";"1";3;46;6
"50741";"202100050741";2;"16:10";"1";"64";"2";"2";"1";3;43;-1
"50742";"202100050742";2;"16:55";"1";"62";"2";"1";"1";6;50;1
"50743";"202100050743";2;"09:50";"1";"51";"2";"1";"1";7;49;4
"50744";"202100050744";2;"13:55";"1";"39";"2";"6";"1";3;47;5
"50745";"202100050745";2;"23:55";"5";"35";"2";"2";"1";6;48;-1
"50746";"202100050746";2;"16:05";"1";"35";"2";"4";"1";3;48;-1
"50747";"202100050747";2;"02:05";"5";"35";"2";"2";"1";3;48;-1
"50748";"202100050748";2;"16:50";"1";"33";"2";"6";"1";3;44;0
"50749";"202100050749";2;"15:20";"1";"22";"2";"1";"3";2;48;-3
"50750";"202100050750";2;"17:35";"1";"17";"2";"1";"1";6;45;-1
"50751";"202100050751";2;"18:30";"3";"13";"2";"3";"1";3;43;5
"50752";"202100050752";2;"22:10";"5";"13";"2";"2";"1";3;43;5
"50753";"202100050753";2;"12:30";"1";"13";"2";"1";"1";3;43;5
"50754";"202100050754";2;"11:20";"1";"13";"2";"1";"1";2;43;5
"50755";"202100050755";2;"15:00";"1";"13";"1";"1";"1";7;43;4
"50756";"202100050756";2;"14:50";"1";"13";"1";"9";"1";4;43;5
"50757";"202100050757";2;"17:30";"1";"12";"2";"1";"1";6;44;2
"50758";"202100050758";2;"22:25";"5";"06";"2";"1";"1";3;43;7
"50759";"202100050759";2;"14:03";"1";"06";"2";"1";"1";3;43;7
"50760";"202100050760";2;"15:47";"1";"03";"2";"2";"1";3;46;3
"50761";"202100050761";2;"19:06";"5";"75";"2";"1";"1";4;48;2
"50762";"202100050762";2;"13:40";"1";"75";"2";"1";"1";4;48;2
"50763";"202100050763";2;"15:45";"1";"75";"2";"2";"1";6;48;2
"50764";"202100050764";2;"14:08";"1";"75";"2";"2";"1";3;48;2
"50765";"202100050765";2;"17:10";"1";"75";"2";"1";"1";7;48;2
"50766";"202100050766";2;"17:55";"5";"75";"2";"1";"1";7;48;2
"50767";"202100050767";2;"13:15";"1";"75";"2";"3";"1";5;48;2
"50768";"202100050768";2;"11:25";"1";"75";"2";"2";"1";3;48;2
"50769";"202100050769";2;"21:50";"5";"75";"2";"1";"1";2;48;2
"50770";"202100050770";2;"17:30";"1";"75";"2";"2";"1";6;48;2
"50771";"202100050771";2;"16:30";"1";"75";"2";"2";"1";2;48;2
"50772";"202100050772";2;"23:09";"5";"75";"2";"2";"1";7;48;2
"50773";"202100050773";2;"19:45";"5";"75";"2";"1";"1";3;48;2
"50774";"202100050774";2;"13:50";"1";"75";"2";"1";"1";6;48;2
"50775";"202100050775";2;"00:05";"5";"75";"2";"2";"1";3;48;2
"50776";"202100050776";2;"14:20";"1";"94";"2";"1";"1";2;48;2
"50777";"202100050777";2;"19:20";"5";"94";"2";"6";"1";6;48;2
"50778";"202100050778";2;"17:20";"1";"93";"2";"1";"1";7;48;2
"50779";"202100050779";2;"11:00";"1";"93";"2";"1";"1";6;48;2
"50780";"202100050780";2;"16:50";"1";"93";"2";"1";"1";7;48;2
"50781";"202100050781";2;"18:10";"2";"92";"2";"4";"1";3;48;2
"50782";"202100050782";2;"15:20";"1";"92";"2";"3";"1";3;48;2
"50783";"202100050783";2;"18:05";"1";"92";"2";"2";"1";3;48;2
"50784";"202100050784";2;"19:40";"5";"92";"2";"2";"1";3;48;2
"50785";"202100050785";2;"12:00";"1";"2A";"1";"3";"1";5;41;8
"50786";"202100050786";2;"17:15";"2";"38";"1";"1";"1";7;45;4
"50787";"202100050787";2;"18:25";"2";"09";"1";"1";"6";6;43;1
"50788";"202100050788";2;"19:40";"5";"95";"1";"1";"1";2;49;2
"50789";"202100050789";2;"11:35";"1";"21";"1";"1";"1";2;47;5
"50790";"202100050790";2;"11:50";"1";"71";"1";"1";"7";1;46;4
"50791";"202100050791";2;"15:00";"1";"83";"2";"1";"6";3;43;6
"50792";"202100050792";2;"10:14";"1";"63";"1";"1";"1";6;45;2
"50793";"202100050793";2;"13:50";"1";"28";"2";"1";"1";3;48;1
"50794";"202100050794";2;"16:00";"1";"83";"2";"1";"1";5;43;6
"50795";"202100050795";2;"11:45";"1";"74";"2";"1";"1";1;46;6
"50796";"202100050796";2;"15:25";"1";"57";"2";"9";"7";3;49;6
"50797";"202100050797";2;"13:00";"1";"95";"1";"1";"1";2;49;2
"50798";"202100050798";2;"17:07";"1";"56";"1";"4";"1";3;47;-2
"50799";"202100050799";2;"17:00";"1";"67";"2";"1";"1";1;48;7
"50800";"202100050800";2;"10:15";"1";"80";"1";"1";"1";1;49;2
"50801";"202100050801";2;"22:30";"5";"82";"2";"1";"1";6;43;1
"50802";"202100050802";2;"10:30";"1";"11";"1";"3";"1";3;43;2
"50803";"202100050803";2;"06:30";"5";"49";"1";"1";"1";1;47;0
"50804";"202100050804";2;"13:30";"1";"12";"2";"1";"1";6;44;2
"50805";"202100050805";2;"10:05";"1";"47";"2";"6";"6";6;44;0
"50806";"202100050806";2;"16:25";"1";"25";"1";"3";"1";1;47;6
"50807";"202100050807";2;"20:05";"3";"29";"1";"3";"3";5;47;-4
"50808";"202100050808";2;"16:20";"1";"29";"2";"1";"1";7;47;-4
"50809";"202100050809";2;"10:00";"1";"31";"2";"6";"1";3;43;1
"50810";"202100050810";2;"15:00";"1";"02";"1";"1";"1";7;49;3
"50811";"202100050811";2;"23:57";"3";"01";"2";"9";"1";6;46;5
"50812";"202100050812";2;"17:55";"2";"54";"1";"1";"1";3;48;5
"50813";"202100050813";2;"13:00";"1";"72";"1";"1";"1";3;47;0
"50814";"202100050814";2;"14:28";"1";"14";"1";"1";"1";2;49;0
"50815";"202100050815";2;"23:15";"3";"05";"1";"1";"1";6;44;6
"50816";"202100050816";2;"10:50";"1";"64";"1";"1";"1";1;43;-1
"50817";"202100050817";2;"10:14";"1";"43";"1";"1";"1";7;45;3
"50818";"202100050818";2;"19:00";"3";"43";"1";"1";"6";2;45;3
"50819";"202100050819";2;"11:00";"1";"10";"2";"3";"1";3;48;3
"50820";"202100050820";2;"16:15";"1";"16";"1";"1";"1";7;45;0
"50821";"202100050821";2;"09:00";"1";"53";"2";"6";"1";3;48;0
"50822";"202100050822";2;"07:15";"2";"40";"2";"1";"1";3;44;-1
"50823";"202100050823";2;"11:30";"1";"04";"1";"1";"1";6;44;5
"50824";"202100050824";2;"09:45";"1";"04";"1";"1";"1";6;44;6
"50825";"202100050825";2;"12:10";"1";"85";"1";"2";"1";1;46;-1
"50826";"202100050826";2;"10:10";"1";"17";"2";"1";"1";6;46;0
"50827";"202100050827";2;"14:00";"1";"30";"1";"3";"1";3;43;4
"50828";"202100050828";2;"17:35";"1";"52";"1";"1";"1";1;48;4
"50829";"202100050829";2;"15:45";"1";"52";"1";"1";"1";7;48;5
"50830";"202100050830";2;"16:50";"1";"01";"1";"1";"1";2;46;5
"50831";"202100050831";2;"21:10";"3";"973";"1";"1";"1";2;4;-52
"50832";"202100050832";2;"20:40";"3";"55";"1";"1";"1";7;48;4
"50833";"202100050833";2;"15:55";"1";"54";"1";"1";"1";7;48;6
"50834";"202100050834";2;"12:40";"1";"54";"1";"1";"1";7;48;6
"50835";"202100050835";2;"17:15";"1";"57";"2";"3";"1";1;49;6
"50836";"202100050836";2;"15:15";"1";"73";"2";"1";"1";6;45;6
"50837";"202100050837";2;"14:30";"1";"42";"2";"1";"1";1;45;4
"50838";"202100050838";2;"13:00";"1";"07";"1";"1";"1";6;45;4
"50839";"202100050839";2;"00:45";"3";"01";"1";"1";"1";6;46;5
"50840";"202100050840";2;"09:50";"1";"81";"1";"1";"6";3;43;1
"50841";"202100050841";2;"04:30";"3";"62";"1";"1";"1";6;50;2
"50842";"202100050842";2;"14:30";"1";"69";"1";"1";"1";3;45;4
"50843";"202100050843";2;"17:50";"1";"42";"1";"1";"1";6;45;4
"50844";"202100050844";2;"12:45";"1";"91";"1";"1";"1";2;48;2
"50845";"202100050845";2;"11:45";"1";"91";"1";"1";"1";4;48;2
"50846";"202100050846";2;"21:35";"3";"77";"1";"1";"1";2;48;2
"50847";"202100050847";2;"11:50";"1";"92";"1";"1";"1";3;48;2
"50848";"202100050848";2;"15:45";"1";"78";"1";"1";"1";2;48;1
"50849";"202100050849";2;"12:40";"1";"95";"1";"1";"1";6;49;2
"50850";"202100050850";2;"11:15";"1";"95";"1";"1";"1";3;48;2
"50851";"202100050851";2;"13:00";"1";"94";"1";"1";"1";4;48;2
"50852";"202100050852";2;"18:00";"1";"77";"1";"1";"1";4;48;2
"50853";"202100050853";2;"19:35";"5";"988";"2";"4";"1";4;-22;166
"50854";"202100050854";2;"08:04";"1";"973";"2";"6";"1";3;4;-52
"50855";"202100050855";2;"16:45";"1";"69";"2";"3";"1";3;45;4
"50856";"202100050856";2;"16:25";"1";"69";"2";"2";"1";3;45;4
"50857";"202100050857";2;"10:20";"1";"69";"2";"1";"1";6;45;4
"50858";"202100050858";2;"10:30";"1";"69";"2";"1";"1";2;45;4
"50859";"202100050859";2;"20:45";"5";"69";"2";"1";"1";7;45;4
"50860";"202100050860";2;"09:30";"1";"2B";"2";"6";"1";5;42;9
"50861";"202100050861";2;"15:05";"1";"2A";"2";"2";"1";3;41;8
"50862";"202100050862";2;"11:42";"1";"2A";"2";"1";"1";2;41;8
"50863";"202100050863";2;"10:20";"1";"95";"2";"1";"1";6;48;2
"50864";"202100050864";2;"22:10";"5";"91";"2";"1";"1";6;48;2
"50865";"202100050865";2;"09:51";"1";"91";"2";"1";"1";6;48;2
"50866";"202100050866";2;"19:10";"5";"91";"2";"1";"1";6;48;2
"50867";"202100050867";2;"18:30";"2";"85";"2";"1";"1";6;46;-1
"50868";"202100050868";2;"09:45";"1";"85";"2";"1";"1";3;46;-1
"50869";"202100050869";2;"17:40";"1";"84";"1";"3";"1";2;44;4
"50870";"202100050870";2;"20:05";"5";"84";"2";"1";"1";1;43;4
"50871";"202100050871";1;"09:20";"1";"84";"2";"1";"1";1;43;4
"50872";"202100050872";2;"15:05";"1";"83";"2";"7";"1";3;43;6
"50873";"202100050873";2;"00:25";"4";"76";"2";"6";"1";7;49;1
"50874";"202100050874";2;"10:40";"1";"76";"2";"6";"1";3;49;1
"50875";"202100050875";2;"14:50";"1";"76";"2";"3";"1";2;49;1
"50876";"202100050876";2;"17:50";"1";"76";"2";"3";"1";4;49;0
"50877";"202100050877";2;"05:45";"5";"73";"2";"4";"1";3;45;6
"50878";"202100050878";2;"09:50";"1";"69";"2";"3";"1";3;45;4
"50879";"202100050879";2;"13:08";"1";"68";"2";"1";"1";3;47;7
"50880";"202100050880";2;"10:28";"1";"66";"2";"1";"1";6;42;2
"50881";"202100050881";2;"15:10";"1";"64";"2";"9";"1";3;43;0
"50882";"202100050882";2;"15:45";"1";"59";"2";"2";"1";1;50;3
"50883";"202100050883";2;"14:30";"1";"56";"2";"1";"1";6;47;-3
"50884";"202100050884";2;"13:15";"1";"56";"2";"6";"1";6;47;-3
"50885";"202100050885";2;"07:50";"5";"56";"2";"3";"1";3;47;-3
"50886";"202100050886";2;"15:24";"1";"54";"1";"6";"1";2;48;6
"50887";"202100050887";2;"19:45";"5";"54";"2";"2";"1";3;48;6
"50888";"202100050888";2;"15:55";"1";"54";"2";"3";"1";6;48;6
"50889";"202100050889";2;"16:20";"1";"54";"2";"3";"1";6;48;6
"50890";"202100050890";2;"15:45";"1";"51";"2";"3";"1";7;49;4
"50891";"202100050891";2;"12:10";"1";"51";"2";"3";"2";3;49;4
"50892";"202100050892";2;"17:35";"1";"49";"2";"2";"1";3;47;0
"50893";"202100050893";2;"10:35";"1";"49";"2";"1";"1";6;47;0
"50894";"202100050894";2;"15:00";"1";"47";"2";"1";"1";3;44;0
"50895";"202100050895";2;"14:00";"1";"37";"2";"3";"1";7;47;0
"50896";"202100050896";2;"15:50";"1";"37";"2";"1";"1";6;47;0
"50897";"202100050897";2;"17:26";"1";"37";"2";"6";"1";6;47;0
"50898";"202100050898";1;"19:25";"5";"36";"2";"1";"1";6;46;1
"50899";"202100050899";2;"16:05";"1";"36";"2";"6";"1";3;46;1
"50900";"202100050900";2;"16:15";"1";"35";"1";"1";"1";1;48;-1
"50901";"202100050901";2;"15:00";"1";"35";"2";"1";"1";7;48;-1
"50902";"202100050902";2;"16:35";"1";"34";"1";"2";"1";3;43;3
"50903";"202100050903";2;"17:40";"1";"29";"2";"3";"1";3;47;-4
"50904";"202100050904";2;"10:30";"1";"29";"2";"1";"1";2;47;-4
"50905";"202100050905";2;"21:15";"5";"29";"2";"3";"1";1;48;-4
"50906";"202100050906";2;"21:30";"3";"29";"1";"1";"1";2;48;-4
"50907";"202100050907";2;"18:30";"2";"26";"1";"1";"1";6;44;4
"50908";"202100050908";2;"17:50";"2";"25";"2";"6";"1";3;46;6
"50909";"202100050909";2;"08:55";"1";"25";"2";"1";"1";3;47;5
"50910";"202100050910";2;"10:35";"1";"16";"2";"6";"1";2;45;0
"50911";"202100050911";2;"12:30";"1";"14";"2";"1";"1";3;49;0
"50912";"202100050912";2;"11:40";"1";"14";"1";"1";"8";2;49;0
"50913";"202100050913";2;"20:35";"5";"13";"2";"1";"1";1;43;5
"50914";"202100050914";2;"14:50";"1";"13";"2";"1";"1";3;43;5
"50915";"202100050915";2;"20:33";"5";"13";"2";"2";"1";3;43;5
"50916";"202100050916";2;"18:00";"1";"13";"2";"2";"1";3;43;5
"50917";"202100050917";2;"10:20";"1";"13";"2";"1";"1";2;43;5
"50918";"202100050918";2;"19:25";"5";"13";"2";"1";"1";1;43;5
"50919";"202100050919";2;"11:10";"1";"11";"2";"1";"1";7;43;2
"50920";"202100050920";2;"13:55";"1";"09";"1";"1";"1";2;43;1
"50921";"202100050921";2;"18:14";"5";"06";"2";"1";"8";7;43;6
"50922";"202100050922";2;"12:06";"1";"05";"1";"3";"1";6;44;6
"50923";"202100050923";2;"12:50";"1";"75";"2";"2";"1";3;48;2
"50924";"202100050924";2;"09:21";"1";"75";"2";"3";"1";2;48;2
"50925";"202100050925";2;"15:05";"1";"75";"2";"2";"1";3;48;2
"50926";"202100050926";2;"12:50";"1";"75";"2";"2";"1";3;48;2
"50927";"202100050927";2;"08:20";"1";"75";"2";"2";"8";7;48;2
"50928";"202100050928";2;"16:35";"1";"75";"2";"3";"1";3;48;2
"50929";"202100050929";2;"14:50";"1";"75";"2";"2";"1";2;48;2
"50930";"202100050930";2;"17:40";"1";"75";"2";"2";"1";3;48;2
"50931";"202100050931";2;"16:55";"1";"75";"2";"2";"1";3;48;2
"50932";"202100050932";2;"06:30";"5";"75";"2";"7";"1";3;48;2
"50933";"202100050933";2;"19:05";"5";"75";"2";"1";"1";3;48;2
"50934";"202100050934";2;"18:10";"2";"75";"2";"2";"1";6;48;2
"50935";"202100050935";2;"14:35";"1";"75";"2";"3";"1";6;48;2
"50936";"202100050936";2;"08:40";"1";"75";"2";"1";"1";7;48;2
"50937";"202100050937";2;"21:45";"5";"75";"2";"5";"1";3;48;2
"50938";"202100050938";2;"18:05";"2";"75";"2";"4";"1";6;48;2
"50939";"202100050939";2;"20:00";"5";"75";"2";"3";"1";6;48;2
"50940";"202100050940";2;"17:25";"1";"75";"2";"3";"1";7;48;2
"50941";"202100050941";2;"07:30";"2";"94";"2";"1";"1";6;48;2
"50942";"202100050942";2;"06:30";"5";"94";"2";"1";"1";1;48;2
"50943";"202100050943";2;"12:48";"1";"94";"2";"1";"1";3;48;2
"50944";"202100050944";2;"22:00";"5";"94";"2";"2";"2";3;48;2
"50945";"202100050945";2;"19:15";"5";"94";"2";"5";"1";4;48;2
"50946";"202100050946";2;"18:40";"5";"94";"2";"2";"1";3;48;2
"50947";"202100050947";2;"02:27";"5";"94";"2";"5";"1";3;48;2
"50948";"202100050948";2;"17:30";"5";"94";"2";"2";"2";3;48;2
"50949";"202100050949";2;"17:00";"1";"93";"2";"1";"2";6;48;2
"50950";"202100050950";2;"14:30";"1";"93";"2";"1";"1";3;48;2
"50951";"202100050951";2;"17:40";"1";"93";"2";"1";"1";7;48;2
"50952";"202100050952";2;"09:35";"2";"93";"2";"1";"2";6;48;2
"50953";"202100050953";2;"14:00";"1";"92";"2";"9";"1";3;48;2
"50954";"202100050954";2;"16:20";"1";"92";"2";"1";"1";2;48;2
"50955";"202100050955";2;"14:15";"1";"92";"2";"5";"1";3;48;2
"50956";"202100050956";2;"21:50";"4";"36";"1";"1";"1";6;46;1
"50957";"202100050957";2;"11:25";"1";"31";"1";"2";"1";3;43;1
"50958";"202100050958";2;"16:40";"1";"67";"1";"1";"1";5;48;7
"50959";"202100050959";2;"01:05";"3";"974";"1";"1";"3";1;-21;55
"50960";"202100050960";2;"17:30";"1";"57";"1";"1";"1";2;49;6
"50961";"202100050961";2;"10:24";"1";"57";"1";"1";"7";2;49;6
"50962";"202100050962";2;"08:15";"1";"51";"1";"1";"1";1;48;3
"50963";"202100050963";2;"16:55";"1";"56";"1";"1";"8";6;47;-3
"50964";"202100050964";2;"17:00";"1";"76";"2";"1";"1";7;49;0
"50965";"202100050965";2;"16:00";"1";"79";"1";"1";"1";6;46;0
"50966";"202100050966";2;"22:40";"3";"80";"1";"1";"1";7;50;1
"50967";"202100050967";2;"19:10";"3";"65";"1";"1";"1";7;43;0
"50968";"202100050968";2;"14:00";"1";"69";"2";"3";"1";3;45;4
"50969";"202100050969";2;"17:00";"1";"61";"1";"1";"1";7;48;0
"50970";"202100050970";2;"12:05";"1";"49";"1";"2";"1";6;47;0
"50971";"202100050971";2;"09:30";"1";"42";"2";"2";"1";1;45;4
"50972";"202100050972";2;"14:50";"1";"41";"1";"1";"1";6;47;1
"50973";"202100050973";2;"15:40";"1";"25";"1";"1";"1";6;47;6
"50974";"202100050974";2;"18:30";"1";"29";"1";"1";"2";1;48;-3
"50975";"202100050975";2;"18:05";"1";"03";"1";"1";"1";6;46;3
"50976";"202100050976";2;"14:10";"1";"15";"1";"1";"6";6;45;2
"50977";"202100050977";2;"16:15";"1";"70";"2";"3";"1";3;47;6
"50978";"202100050978";2;"21:30";"3";"64";"1";"1";"1";7;43;0
"50979";"202100050979";2;"17:30";"1";"21";"1";"1";"7";3;47;5
"50980";"202100050980";2;"14:35";"1";"24";"2";"1";"1";2;45;1
"50981";"202100050981";2;"12:20";"1";"04";"2";"1";"1";1;44;6
"50982";"202100050982";2;"07:45";"2";"37";"2";"1";"1";1;47;0
"50983";"202100050983";2;"06:15";"3";"01";"1";"1";"1";2;46;5
"50984";"202100050984";2;"14:35";"1";"06";"1";"1";"1";3;43;6
"50985";"202100050985";2;"11:10";"1";"31";"2";"1";"6";6;43;1
"50986";"202100050986";2;"09:40";"1";"21";"1";"1";"1";6;47;5
"50987";"202100050987";2;"19:00";"3";"62";"1";"1";"1";4;50;2
"50988";"202100050988";2;"20:00";"3";"987";"2";"1";"1";3;-16;-151
"50989";"202100050989";2;"07:15";"1";"988";"1";"3";"1";1;-20;166
"50990";"202100050990";2;"11:50";"1";"91";"1";"1";"1";4;48;2
"50991";"202100050991";2;"18:25";"2";"34";"1";"1";"9";1;43;3
"50992";"202100050992";2;"12:15";"1";"08";"1";"1";"1";2;49;4
"50993";"202100050993";2;"17:56";"2";"74";"1";"1";"1";1;46;6
"50994";"202100050994";2;"08:26";"1";"42";"1";"1";"1";6;45;4
"50995";"202100050995";2;"11:00";"1";"42";"1";"1";"1";5;45;4
"50996";"202100050996";2;"17:00";"1";"38";"1";"1";"1";7;45;5
"50997";"202100050997";2;"12:21";"1";"38";"1";"1";"1";7;45;5
"50998";"202100050998";2;"11:05";"1";"01";"1";"1";"1";3;45;5
"50999";"202100050999";2;"07:15";"2";"85";"1";"1";"1";1;46;-1
"51000";"202100051000";2;"16:20";"1";"44";"1";"1";"1";5;47;-1
"51001";"202100051001";2;"19:20";"3";"14";"1";"1";"1";6;49;0
"51002";"202100051002";2;"15:50";"1";"62";"2";"1";"1";6;50;2
"51003";"202100051003";2;"13:30";"1";"59";"1";"9";"1";3;50;3
"51004";"202100051004";2;"15:32";"1";"59";"2";"4";"1";2;50;3
"51005";"202100051005";2;"08:25";"5";"13";"1";"1";"1";3;43;5
"51006";"202100051006";2;"14:35";"1";"69";"1";"1";"1";2;45;4
"51007";"202100051007";2;"14:20";"1";"33";"1";"1";"1";2;44;0
"51008";"202100051008";2;"06:20";"3";"59";"1";"1";"1";6;50;3
"51009";"202100051009";2;"16:30";"1";"78";"1";"1";"1";2;48;1
"51010";"202100051010";2;"14:50";"1";"92";"1";"1";"1";3;48;2
"51011";"202100051011";2;"22:15";"3";"78";"1";"1";"2";6;48;2
"51012";"202100051012";2;"13:35";"1";"93";"1";"1";"2";2;48;2
"51013";"202100051013";2;"11:20";"1";"93";"1";"1";"1";2;48;2
"51014";"202100051014";2;"01:40";"3";"95";"1";"1";"8";6;48;2
"51015";"202100051015";2;"09:12";"1";"974";"1";"1";"1";5;-21;55
"51016";"202100051016";2;"09:20";"1";"974";"1";"1";"1";3;-20;55
"51017";"202100051017";2;"20:08";"3";"972";"2";"1";"2";6;14;-61
"51018";"202100051018";2;"09:15";"1";"972";"2";"1";"1";6;14;-61
"51019";"202100051019";2;"08:20";"1";"69";"2";"2";"1";3;45;4
"51020";"202100051020";2;"14:48";"1";"971";"1";"1";"1";7;16;-61
"51021";"202100051021";2;"20:00";"5";"971";"2";"1";"2";6;16;-61
"51022";"202100051022";2;"10:12";"1";"2A";"2";"1";"1";2;41;8
"51023";"202100051023";2;"06:40";"5";"91";"2";"1";"1";2;48;2
"51024";"202100051024";2;"16:00";"1";"91";"2";"6";"2";6;48;2
"51025";"202100051025";2;"10:50";"1";"91";"2";"1";"2";3;48;2
"51026";"202100051026";2;"08:25";"1";"91";"2";"2";"2";3;48;2
"51027";"202100051027";2;"11:41";"1";"88";"2";"1";"1";6;48;6
"51028";"202100051028";2;"07:47";"1";"84";"2";"1";"5";6;44;4
"51029";"202100051029";1;"08:00";"1";"84";"1";"1";"1";4;44;5
"51030";"202100051030";2;"14:25";"1";"83";"2";"1";"1";6;43;5
"51031";"202100051031";2;"17:35";"1";"80";"2";"1";"2";3;49;2
"51032";"202100051032";2;"21:25";"5";"78";"2";"3";"9";1;48;2
"51033";"202100051033";2;"18:15";"5";"77";"2";"1";"2";6;48;3
"51034";"202100051034";2;"19:10";"5";"73";"1";"1";"1";6;45;5
"51035";"202100051035";2;"11:05";"1";"73";"2";"1";"1";2;45;5
"51036";"202100051036";2;"08:35";"1";"73";"2";"6";"1";7;45;6
"51037";"202100051037";2;"18:15";"5";"69";"2";"9";"1";3;45;4
"51038";"202100051038";2;"13:40";"1";"69";"2";"1";"1";6;45;4
"51039";"202100051039";2;"12:15";"1";"69";"2";"2";"1";3;45;4
"51040";"202100051040";2;"08:10";"1";"64";"2";"2";"1";6;43;0
"51041";"202100051041";2;"18:05";"2";"64";"2";"1";"1";3;43;-1
"51042";"202100051042";2;"15:35";"1";"57";"2";"1";"1";6;49;6
"51043";"202100051043";2;"17:50";"1";"56";"2";"1";"1";3;47;-2
"51044";"202100051044";2;"18:30";"5";"54";"2";"1";"1";6;48;6
"51045";"202100051045";2;"18:55";"5";"51";"2";"1";"2";1;49;4
"51046";"202100051046";2;"11:15";"1";"51";"2";"2";"8";3;49;4