"";"Num_Acc";"mois";"hrmn";"lum";"dep";"agg";"int";"atm";"col";"lat";"long"
"51047";"202100051047";2;"17:45";"1";"50";"2";"6";"7";6;49;-1
"51048";"202100051048";2;"18:15";"2";"50";"2";"1";"1";6;49;-1
"51049";"202100051049";2;"08:00";"2";"49";"2";"1";"1";6;47;0
"51050";"202100051050";2;"13:30";"1";"49";"2";"9";"1";3;47;0
"51051";"202100051051";2;"08:25";"1";"49";"2";"1";"1";2;47;0
"51052";"202100051052";2;"18:56";"3";"49";"2";"1";"1";3;47;0
"51053";"202100051053";2;"07:55";"2";"49";"2";"1";"1";3;47;0
"51054";"202100051054";2;"10:50";"1";"42";"1";"2";"8";3;46;4
"51055";"202100051055";2;"17:30";"1";"41";"2";"9";"1";6;47;1
"51056";"202100051056";2;"13:42";"1";"37";"2";"3";"2";6;47;0
"51057";"202100051057";2;"09:10";"1";"34";"2";"1";"1";6;43;3
"51058";"202100051058";2;"16:05";"1";"33";"2";"2";"1";3;44;0
"51059";"202100051059";2;"11:31";"1";"33";"2";"3";"1";3;44;0
"51060";"202100051060";2;"07:50";"1";"33";"2";"2";"1";3;44;0
"51061";"202100051061";2;"11:45";"1";"33";"2";"6";"1";3;44;-1
"51062";"202100051062";2;"13:45";"1";"31";"2";"1";"1";3;43;1
"51063";"202100051063";2;"16:52";"1";"27";"2";"2";"1";3;49;1
"51064";"202100051064";2;"08:50";"1";"26";"1";"9";"8";1;44;4
"51065";"202100051065";2;"11:15";"1";"26";"1";"9";"1";6;44;4
"51066";"202100051066";2;"07:00";"5";"25";"2";"1";"8";6;47;6
"51067";"202100051067";2;"18:31";"5";"18";"2";"3";"1";3;47;2
"51068";"202100051068";2;"16:40";"1";"17";"2";"4";"1";2;46;-1
"51069";"202100051069";2;"16:50";"1";"13";"2";"1";"1";1;43;5
"51070";"202100051070";2;"16:05";"1";"13";"2";"1";"1";3;43;5
"51071";"202100051071";2;"14:30";"1";"13";"2";"3";"1";3;43;5
"51072";"202100051072";2;"08:40";"1";"13";"2";"1";"1";3;43;5
"51073";"202100051073";2;"20:10";"5";"11";"2";"4";"1";1;43;2
"51074";"202100051074";2;"12:16";"1";"10";"2";"1";"9";7;48;4
"51075";"202100051075";2;"13:40";"1";"06";"2";"1";"1";6;43;7
"51076";"202100051076";2;"09:50";"1";"06";"2";"2";"1";3;43;7
"51077";"202100051077";2;"09:10";"1";"06";"1";"1";"1";7;43;7
"51078";"202100051078";2;"20:00";"5";"75";"2";"7";"1";3;48;2
"51079";"202100051079";2;"20:00";"5";"75";"2";"1";"1";3;48;2
"51080";"202100051080";2;"09:10";"1";"75";"2";"2";"8";7;48;2
"51081";"202100051081";2;"13:30";"1";"75";"2";"4";"1";2;48;2
"51082";"202100051082";2;"20:29";"5";"75";"2";"2";"1";3;48;2
"51083";"202100051083";2;"16:30";"1";"75";"2";"1";"2";6;48;2
"51084";"202100051084";2;"15:50";"1";"75";"2";"1";"1";6;48;2
"51085";"202100051085";2;"19:40";"5";"75";"2";"1";"1";2;48;2
"51086";"202100051086";2;"13:30";"1";"75";"2";"3";"2";6;48;2
"51087";"202100051087";2;"12:30";"1";"75";"2";"4";"1";1;48;2
"51088";"202100051088";2;"20:15";"5";"94";"2";"1";"2";2;48;2
"51089";"202100051089";2;"22:15";"5";"94";"2";"2";"1";1;48;2
"51090";"202100051090";2;"15:15";"1";"94";"2";"1";"2";1;48;2
"51091";"202100051091";2;"15:00";"1";"94";"2";"9";"2";3;48;2
"51092";"202100051092";2;"13:10";"1";"93";"2";"3";"2";3;48;2
"51093";"202100051093";2;"15:00";"1";"93";"2";"1";"1";4;48;2
"51094";"202100051094";2;"10:13";"1";"93";"2";"1";"1";1;48;2
"51095";"202100051095";2;"11:15";"1";"93";"2";"1";"2";6;48;2
"51096";"202100051096";2;"16:30";"1";"93";"2";"1";"2";3;48;2
"51097";"202100051097";2;"20:45";"5";"93";"2";"3";"2";3;48;2
"51098";"202100051098";2;"03:05";"5";"93";"2";"9";"1";3;48;2
"51099";"202100051099";2;"19:10";"4";"92";"2";"9";"1";3;48;2
"51100";"202100051100";2;"14:45";"1";"92";"2";"2";"1";3;48;2
"51101";"202100051101";2;"22:55";"5";"92";"2";"3";"2";2;48;2
"51102";"202100051102";2;"11:55";"1";"92";"2";"1";"2";6;48;2
"51103";"202100051103";2;"17:14";"1";"92";"2";"1";"1";3;48;2
"51104";"202100051104";2;"09:15";"1";"92";"2";"1";"2";3;48;2
"51105";"202100051105";2;"08:54";"1";"92";"2";"2";"1";4;48;2
"51106";"202100051106";2;"11:10";"1";"37";"1";"2";"1";3;47;0
"51107";"202100051107";2;"05:35";"3";"25";"1";"1";"8";1;47;5
"51108";"202100051108";2;"14:20";"1";"49";"1";"1";"1";1;47;0
"51109";"202100051109";2;"09:00";"1";"10";"1";"1";"1";2;48;4
"51110";"202100051110";2;"13:10";"1";"972";"1";"1";"1";1;14;-60
"51111";"202100051111";2;"16:20";"1";"83";"1";"1";"1";5;43;6
"51112";"202100051112";2;"22:30";"3";"74";"1";"1";"1";6;45;6
"51113";"202100051113";2;"15:40";"1";"33";"1";"3";"1";3;45;0
"51114";"202100051114";2;"18:40";"3";"51";"1";"1";"1";1;49;4
"51115";"202100051115";2;"16:35";"1";"56";"2";"1";"1";6;47;-2
"51116";"202100051116";2;"18:30";"1";"56";"1";"1";"1";3;47;-3
"51117";"202100051117";2;"18:20";"2";"76";"1";"1";"1";1;49;1
"51118";"202100051118";2;"14:35";"1";"65";"1";"1";"1";7;43;0
"51119";"202100051119";2;"15:00";"1";"47";"1";"1";"1";6;44;0
"51120";"202100051120";2;"15:30";"1";"03";"2";"2";"1";3;46;3
"51121";"202100051121";2;"16:45";"1";"14";"1";"1";"1";1;48;0
"51122";"202100051122";2;"03:10";"3";"14";"1";"1";"1";6;49;0
"51123";"202100051123";2;"16:15";"1";"43";"1";"1";"8";6;44;3
"51124";"202100051124";2;"14:40";"1";"07";"2";"1";"1";6;44;4
"51125";"202100051125";2;"11:40";"1";"01";"2";"1";"1";1;46;4
"51126";"202100051126";2;"10:15";"1";"31";"2";"1";"1";6;43;1
"51127";"202100051127";2;"15:00";"1";"33";"1";"9";"1";6;44;0
"51128";"202100051128";2;"17:00";"1";"27";"1";"1";"1";3;49;0
"51129";"202100051129";2;"19:50";"5";"971";"1";"1";"1";1;16;-61
"51130";"202100051130";2;"17:30";"1";"95";"1";"1";"1";1;49;1
"51131";"202100051131";2;"17:20";"1";"68";"2";"1";"1";7;47;7
"51132";"202100051132";2;"07:30";"2";"69";"2";"3";"1";4;45;4
"51133";"202100051133";2;"15:00";"1";"69";"1";"2";"7";3;45;4
"51134";"202100051134";1;"15:35";"1";"81";"2";"1";"2";1;43;2
"51135";"202100051135";2;"07:15";"2";"33";"1";"1";"1";3;44;0
"51136";"202100051136";2;"08:20";"2";"62";"2";"6";"9";7;50;2
"51137";"202100051137";2;"07:30";"2";"59";"1";"1";"1";1;50;3
"51138";"202100051138";2;"15:30";"1";"13";"1";"1";"1";5;43;5
"51139";"202100051139";2;"07:05";"2";"54";"1";"1";"1";7;48;5
"51140";"202100051140";2;"19:15";"5";"94";"1";"1";"1";3;48;2
"51141";"202100051141";2;"10:35";"1";"91";"1";"1";"2";7;48;2
"51142";"202100051142";2;"22:35";"3";"91";"1";"1";"1";7;48;2
"51143";"202100051143";2;"17:05";"1";"78";"1";"1";"2";2;48;2
"51144";"202100051144";2;"11:00";"1";"78";"1";"1";"8";4;48;1
"51145";"202100051145";2;"14:00";"1";"95";"1";"1";"2";4;48;2
"51146";"202100051146";2;"11:00";"1";"95";"1";"1";"1";3;49;2
"51147";"202100051147";2;"15:00";"1";"976";"2";"1";"1";3;-12;45
"51148";"202100051148";2;"16:10";"1";"974";"2";"1";"1";7;-20;55
"51149";"202100051149";2;"16:45";"1";"973";"2";"3";"1";3;4;-52
"51150";"202100051150";2;"17:14";"1";"69";"2";"1";"1";6;45;4
"51151";"202100051151";2;"01:35";"5";"972";"1";"9";"1";6;14;-60
"51152";"202100051152";2;"19:30";"5";"69";"2";"2";"1";7;45;4
"51153";"202100051153";2;"14:00";"1";"971";"1";"1";"1";7;16;-61
"51154";"202100051154";2;"16:50";"1";"971";"1";"1";"1";7;16;-61
"51155";"202100051155";1;"11:05";"1";"83";"2";"1";"1";2;43;6
"51156";"202100051156";2;"23:12";"5";"76";"2";"2";"1";6;49;1
"51157";"202100051157";2;"06:00";"5";"76";"1";"6";"1";7;49;0
"51158";"202100051158";2;"17:40";"1";"76";"1";"1";"1";2;49;0
"51159";"202100051159";2;"06:40";"2";"74";"2";"1";"1";5;46;6
"51160";"202100051160";2;"12:05";"1";"72";"2";"1";"1";2;47;0
"51161";"202100051161";2;"13:17";"1";"68";"2";"3";"1";3;48;7
"51162";"202100051162";2;"14:22";"1";"66";"2";"1";"1";7;42;2
"51163";"202100051163";2;"12:32";"1";"66";"1";"1";"1";7;42;2
"51164";"202100051164";1;"16:40";"1";"63";"2";"1";"1";6;45;3
"51165";"202100051165";2;"10:50";"1";"63";"2";"1";"1";3;45;3
"51166";"202100051166";2;"07:00";"5";"50";"1";"4";"1";7;49;-1
"51167";"202100051167";2;"18:45";"2";"35";"2";"9";"1";7;48;-1
"51168";"202100051168";2;"18:30";"2";"35";"2";"1";"1";6;48;-1
"51169";"202100051169";2;"07:45";"1";"35";"1";"1";"8";3;48;-1
"51170";"202100051170";2;"02:45";"5";"35";"2";"1";"1";7;48;-1
"51171";"202100051171";2;"20:05";"5";"33";"2";"2";"1";3;44;0
"51172";"202100051172";2;"08:45";"2";"33";"2";"1";"1";3;44;0
"51173";"202100051173";2;"06:00";"5";"33";"2";"1";"5";1;44;0
"51174";"202100051174";2;"21:35";"5";"21";"2";"3";"2";3;47;5
"51175";"202100051175";2;"16:50";"1";"13";"2";"2";"1";3;43;5
"51176";"202100051176";2;"15:10";"1";"13";"2";"1";"1";2;43;5
"51177";"202100051177";2;"06:50";"2";"13";"2";"1";"1";4;43;5
"51178";"202100051178";2;"16:00";"1";"13";"2";"1";"8";2;43;5
"51179";"202100051179";2;"14:30";"1";"13";"2";"2";"1";1;43;4
"51180";"202100051180";2;"16:30";"1";"10";"2";"1";"1";4;48;4
"51181";"202100051181";2;"17:55";"2";"75";"2";"1";"1";6;48;2
"51182";"202100051182";2;"18:40";"5";"75";"2";"4";"2";6;48;2
"51183";"202100051183";2;"23:00";"5";"75";"2";"2";"8";3;48;2
"51184";"202100051184";2;"18:15";"4";"75";"2";"1";"2";6;48;2
"51185";"202100051185";2;"16:00";"1";"75";"2";"2";"1";6;48;2
"51186";"202100051186";2;"15:32";"1";"75";"2";"2";"1";3;48;2
"51187";"202100051187";2;"08:48";"1";"75";"2";"1";"1";3;48;2
"51188";"202100051188";2;"18:00";"2";"75";"2";"3";"2";6;48;2
"51189";"202100051189";2;"12:50";"1";"75";"2";"3";"1";3;48;2
"51190";"202100051190";2;"14:11";"1";"75";"2";"7";"1";6;48;2
"51191";"202100051191";2;"10:57";"1";"75";"2";"3";"1";3;48;2
"51192";"202100051192";2;"17:00";"1";"75";"2";"5";"1";6;48;2
"51193";"202100051193";2;"09:30";"1";"75";"2";"5";"8";7;48;2
"51194";"202100051194";2;"14:56";"1";"75";"2";"3";"1";7;48;2
"51195";"202100051195";2;"19:00";"5";"94";"2";"1";"1";2;48;2
"51196";"202100051196";2;"14:25";"1";"94";"2";"1";"1";6;48;2
"51197";"202100051197";2;"16:40";"1";"94";"2";"1";"1";2;48;2
"51198";"202100051198";2;"13:35";"1";"94";"2";"2";"1";1;48;2
"51199";"202100051199";2;"13:50";"1";"93";"2";"9";"1";3;48;2
"51200";"202100051200";2;"16:15";"1";"93";"2";"2";"1";2;48;2
"51201";"202100051201";2;"14:45";"1";"93";"2";"3";"1";5;48;2
"51202";"202100051202";2;"18:30";"1";"92";"2";"1";"1";6;48;2
"51203";"202100051203";2;"15:47";"1";"92";"2";"1";"1";7;48;2
"51204";"202100051204";2;"14:10";"1";"92";"2";"1";"1";1;48;2
"51205";"202100051205";2;"19:10";"5";"92";"2";"1";"1";6;48;2
"51206";"202100051206";2;"06:40";"3";"35";"1";"1";"1";7;47;-1
"51207";"202100051207";2;"19:00";"3";"35";"1";"1";"4";2;47;-2
"51208";"202100051208";2;"17:30";"1";"54";"1";"1";"1";6;48;6
"51209";"202100051209";2;"18:25";"2";"01";"1";"1";"1";6;45;4
"51210";"202100051210";2;"14:47";"1";"40";"2";"1";"1";6;43;-1
"51211";"202100051211";2;"14:00";"1";"972";"2";"1";"1";1;14;-60
"51212";"202100051212";2;"21:17";"3";"74";"1";"1";"1";2;45;6
"51213";"202100051213";2;"18:30";"2";"59";"1";"1";"1";3;50;2
"51214";"202100051214";2;"14:00";"1";"56";"1";"1";"7";6;47;-2
"51215";"202100051215";2;"06:45";"3";"74";"2";"1";"1";1;45;5
"51216";"202100051216";2;"12:30";"1";"2B";"1";"1";"1";-1;42;8
"51217";"202100051217";2;"07:20";"2";"63";"1";"1";"1";1;45;3
"51218";"202100051218";2;"15:45";"1";"76";"1";"1";"1";4;49;0
"51219";"202100051219";2;"07:55";"1";"76";"1";"4";"1";3;50;1
"51220";"202100051220";2;"08:55";"1";"55";"1";"1";"1";6;49;5
"51221";"202100051221";2;"19:20";"2";"46";"2";"1";"1";7;44;1
"51222";"202100051222";2;"17:55";"2";"35";"1";"9";"1";2;48;-1
"51223";"202100051223";2;"14:15";"1";"29";"1";"6";"1";2;48;-4
"51224";"202100051224";2;"07:30";"2";"03";"2";"6";"1";6;46;3
"51225";"202100051225";2;"08:50";"1";"26";"1";"1";"8";6;44;4
"51226";"202100051226";2;"08:00";"1";"54";"1";"1";"8";6;48;5
"51227";"202100051227";2;"13:35";"1";"06";"1";"1";"8";3;43;6
"51228";"202100051228";2;"08:30";"1";"06";"2";"1";"1";5;43;6
"51229";"202100051229";2;"22:00";"3";"50";"1";"1";"4";7;48;0
"51230";"202100051230";2;"11:40";"1";"60";"2";"6";"1";7;49;2
"51231";"202100051231";2;"18:00";"2";"36";"1";"1";"2";6;46;1
"51232";"202100051232";2;"14:25";"1";"07";"2";"1";"6";6;45;4
"51233";"202100051233";2;"20:00";"3";"40";"1";"1";"1";6;43;0
"51234";"202100051234";2;"14:30";"1";"85";"2";"1";"2";7;46;-1
"51235";"202100051235";2;"16:30";"1";"85";"2";"6";"1";6;46;-1
"51236";"202100051236";2;"15:40";"1";"69";"2";"1";"1";7;45;4
"51237";"202100051237";2;"18:00";"1";"33";"2";"1";"1";2;45;-1
"51238";"202100051238";2;"12:40";"1";"45";"2";"2";"1";1;47;2
"51239";"202100051239";2;"14:35";"1";"95";"1";"9";"1";1;49;2
"51240";"202100051240";2;"17:00";"1";"11";"2";"3";"1";3;43;2
"51241";"202100051241";2;"15:15";"1";"34";"2";"9";"1";6;43;3
"51242";"202100051242";2;"10:55";"1";"83";"1";"1";"1";3;43;5
"51243";"202100051243";2;"14:04";"1";"68";"1";"1";"1";6;47;7
"51244";"202100051244";2;"09:15";"1";"79";"2";"3";"1";3;46;0
"51245";"202100051245";2;"10:10";"1";"33";"2";"2";"1";3;44;0
"51246";"202100051246";2;"14:45";"1";"33";"1";"1";"1";7;45;0
"51247";"202100051247";2;"17:35";"1";"85";"2";"1";"1";2;46;-1
"51248";"202100051248";2;"15:35";"1";"14";"2";"6";"7";3;49;0
"51249";"202100051249";2;"17:40";"1";"29";"1";"2";"2";3;47;-3
"51250";"202100051250";2;"08:20";"1";"60";"2";"2";"1";3;49;2
"51251";"202100051251";2;"13:50";"1";"13";"1";"1";"1";2;43;5
"51252";"202100051252";2;"16:20";"1";"67";"1";"1";"1";4;48;7
"51253";"202100051253";2;"12:00";"1";"91";"1";"1";"1";2;48;2
"51254";"202100051254";2;"10:15";"1";"974";"2";"1";"1";5;-20;55
"51255";"202100051255";2;"11:15";"1";"973";"2";"1";"1";3;4;-52
"51256";"202100051256";2;"21:25";"5";"69";"2";"2";"2";3;45;4
"51257";"202100051257";2;"15:30";"1";"69";"2";"2";"1";3;45;4
"51258";"202100051258";2;"16:42";"1";"69";"2";"2";"1";3;45;4
"51259";"202100051259";2;"09:50";"1";"69";"2";"1";"1";6;45;4
"51260";"202100051260";2;"03:37";"5";"972";"1";"1";"1";6;14;-60
"51261";"202100051261";2;"06:59";"2";"69";"2";"3";"1";3;45;4
"51262";"202100051262";2;"08:50";"1";"95";"2";"3";"1";6;48;2
"51263";"202100051263";2;"17:20";"1";"91";"2";"6";"2";2;48;2
"51264";"202100051264";2;"11:30";"1";"89";"2";"1";"1";3;47;3
"51265";"202100051265";2;"12:10";"1";"83";"1";"6";"1";3;43;5
"51266";"202100051266";2;"07:00";"1";"83";"2";"1";"1";6;43;5
"51267";"202100051267";2;"16:10";"1";"83";"2";"1";"1";6;43;5
"51268";"202100051268";2;"12:15";"1";"83";"1";"1";"1";6;43;6
"51269";"202100051269";2;"18:00";"1";"81";"2";"1";"1";1;44;2
"51270";"202100051270";2;"12:40";"1";"79";"2";"3";"1";4;46;0
"51271";"202100051271";2;"09:10";"1";"78";"2";"3";"1";3;48;2
"51272";"202100051272";1;"20:25";"5";"69";"2";"1";"1";4;45;4
"51273";"202100051273";2;"15:14";"1";"66";"1";"1";"1";3;42;2
"51274";"202100051274";2;"09:51";"1";"65";"2";"2";"1";6;43;0
"51275";"202100051275";2;"09:50";"1";"64";"2";"1";"1";7;43;0
"51276";"202100051276";2;"11:15";"1";"64";"2";"2";"1";6;43;0
"51277";"202100051277";2;"17:05";"1";"64";"2";"1";"1";7;43;-1
"51278";"202100051278";2;"18:13";"1";"64";"2";"3";"1";3;43;-1
"51279";"202100051279";2;"13:05";"1";"64";"2";"3";"1";2;43;-1
"51280";"202100051280";2;"14:20";"1";"59";"2";"3";"1";2;50;3
"51281";"202100051281";2;"07:40";"2";"55";"2";"1";"1";7;49;5
"51282";"202100051282";2;"10:59";"1";"51";"2";"1";"1";7;49;3
"51283";"202100051283";2;"08:22";"1";"49";"2";"1";"1";7;47;0
"51284";"202100051284";2;"04:34";"4";"49";"2";"7";"1";3;47;0
"51285";"202100051285";2;"08:10";"1";"45";"1";"1";"1";3;47;1
"51286";"202100051286";2;"08:10";"1";"45";"1";"1";"1";2;47;1
"51287";"202100051287";1;"16:45";"1";"44";"2";"1";"1";6;47;-2
"51288";"202100051288";2;"17:30";"1";"42";"2";"2";"1";5;45;4
"51289";"202100051289";2;"12:30";"1";"37";"2";"1";"1";6;47;0
"51290";"202100051290";2;"18:30";"3";"35";"1";"1";"1";4;48;-1
"51291";"202100051291";2;"12:50";"1";"35";"2";"1";"2";7;48;-1
"51292";"202100051292";2;"07:00";"5";"35";"2";"3";"1";6;48;-1
"51293";"202100051293";2;"17:00";"1";"33";"2";"6";"1";3;44;0
"51294";"202100051294";2;"07:15";"2";"33";"2";"1";"1";3;44;0
"51295";"202100051295";1;"08:50";"1";"33";"2";"1";"1";3;44;0
"51296";"202100051296";2;"17:16";"1";"30";"2";"6";"2";6;43;4
"51297";"202100051297";2;"16:40";"1";"29";"2";"1";"2";6;48;-4
"51298";"202100051298";2;"15:40";"1";"21";"2";"1";"1";1;47;4
"51299";"202100051299";2;"13:55";"1";"13";"2";"9";"2";1;43;5
"51300";"202100051300";2;"13:45";"1";"13";"2";"1";"2";3;43;5
"51301";"202100051301";2;"13:45";"1";"13";"2";"1";"1";6;43;5
"51302";"202100051302";2;"18:15";"1";"12";"1";"1";"1";4;44;2
"51303";"202100051303";2;"11:00";"1";"10";"2";"2";"8";3;48;4
"51304";"202100051304";2;"17:10";"1";"09";"2";"1";"1";2;42;1
"51305";"202100051305";2;"18:07";"2";"06";"2";"1";"1";2;43;6
"51306";"202100051306";2;"15:45";"1";"06";"2";"1";"1";2;43;6
"51307";"202100051307";2;"08:00";"1";"06";"1";"1";"1";3;43;6
"51308";"202100051308";2;"07:10";"2";"01";"2";"3";"1";3;46;5
"51309";"202100051309";2;"14:40";"1";"75";"2";"1";"1";5;48;2
"51310";"202100051310";2;"11:15";"1";"75";"2";"1";"1";3;48;2
"51311";"202100051311";2;"07:50";"1";"75";"2";"1";"1";2;48;2
"51312";"202100051312";2;"10:36";"1";"75";"2";"2";"1";3;48;2
"51313";"202100051313";2;"03:57";"5";"75";"2";"1";"1";6;48;2
"51314";"202100051314";2;"14:24";"1";"75";"2";"5";"8";6;48;2
"51315";"202100051315";2;"20:50";"5";"75";"2";"4";"1";4;48;2
"51316";"202100051316";2;"09:20";"1";"75";"2";"2";"1";3;48;2
"51317";"202100051317";2;"17:50";"5";"75";"2";"2";"2";3;48;2
"51318";"202100051318";2;"12:20";"1";"75";"2";"1";"1";6;48;2
"51319";"202100051319";2;"20:30";"5";"75";"2";"3";"2";3;48;2
"51320";"202100051320";2;"13:30";"1";"75";"2";"7";"1";3;48;2
"51321";"202100051321";2;"08:30";"1";"75";"2";"5";"2";6;48;2
"51322";"202100051322";2;"18:20";"5";"94";"2";"2";"2";1;48;2
"51323";"202100051323";2;"00:35";"5";"94";"2";"1";"1";3;48;2
"51324";"202100051324";2;"13:15";"1";"94";"2";"3";"1";3;48;2
"51325";"202100051325";2;"08:45";"2";"94";"2";"9";"1";1;48;2
"51326";"202100051326";2;"04:00";"5";"94";"2";"6";"1";6;48;2
"51327";"202100051327";2;"11:30";"1";"94";"2";"1";"1";3;48;2
"51328";"202100051328";2;"16:10";"1";"93";"2";"1";"1";6;48;2
"51329";"202100051329";2;"10:16";"1";"93";"2";"1";"1";6;48;2
"51330";"202100051330";2;"12:25";"1";"93";"2";"1";"1";2;48;2
"51331";"202100051331";2;"05:00";"5";"93";"2";"3";"2";5;48;2
"51332";"202100051332";2;"18:20";"5";"92";"2";"3";"2";6;48;2
"51333";"202100051333";2;"18:35";"5";"92";"2";"3";"2";3;48;2
"51334";"202100051334";2;"11:30";"1";"92";"2";"3";"2";6;48;2
"51335";"202100051335";2;"16:45";"1";"51";"1";"1";"2";7;48;4
"51336";"202100051336";2;"14:50";"1";"01";"1";"1";"1";1;45;5
"51337";"202100051337";2;"16:00";"1";"29";"1";"1";"1";7;48;-4
"51338";"202100051338";2;"19:20";"3";"58";"1";"1";"1";2;47;2
"51339";"202100051339";2;"13:00";"1";"62";"1";"2";"1";3;50;2
"51340";"202100051340";2;"17:55";"2";"74";"1";"1";"1";6;46;6
"51341";"202100051341";2;"02:24";"4";"89";"1";"3";"1";3;48;3
"51342";"202100051342";2;"12:20";"1";"56";"1";"1";"2";2;47;-3
"51343";"202100051343";2;"12:15";"1";"80";"2";"1";"1";2;50;1
"51344";"202100051344";2;"13:50";"1";"65";"1";"3";"1";6;43;0
"51345";"202100051345";2;"16:45";"1";"12";"1";"1";"1";2;44;2
"51346";"202100051346";2;"16:15";"1";"42";"1";"1";"1";2;46;4
"51347";"202100051347";2;"11:20";"1";"41";"1";"1";"1";1;47;1
"51348";"202100051348";2;"11:45";"1";"22";"2";"1";"3";6;48;-2
"51349";"202100051349";2;"16:40";"1";"39";"2";"1";"1";7;46;5
"51350";"202100051350";2;"17:45";"1";"26";"1";"1";"1";6;44;4
"51351";"202100051351";2;"17:20";"1";"14";"2";"1";"1";1;49;0
"51352";"202100051352";2;"14:15";"1";"14";"1";"1";"1";6;49;0
"51353";"202100051353";2;"14:55";"1";"14";"1";"1";"2";6;49;0
"51354";"202100051354";2;"12:00";"1";"16";"1";"3";"1";7;45;0
"51355";"202100051355";2;"12:20";"1";"24";"1";"1";"1";7;45;1
"51356";"202100051356";2;"22:25";"3";"85";"1";"1";"1";1;46;-1
"51357";"202100051357";2;"10:10";"1";"52";"1";"1";"1";7;48;5
"51358";"202100051358";2;"13:45";"1";"06";"1";"1";"1";7;43;7
"51359";"202100051359";2;"00:30";"5";"988";"2";"2";"1";6;-21;164
"51360";"202100051360";1;"14:50";"1";"973";"1";"1";"3";1;5;-52
"51361";"202100051361";2;"16:40";"1";"21";"2";"2";"1";4;47;4
"51362";"202100051362";2;"19:19";"3";"52";"1";"1";"8";1;47;5
"51363";"202100051363";2;"08:30";"1";"38";"1";"6";"1";7;45;5
"51364";"202100051364";2;"15:15";"1";"17";"2";"1";"1";1;45;0
"51365";"202100051365";1;"00:37";"3";"33";"1";"1";"2";6;44;0
"51366";"202100051366";2;"18:30";"2";"35";"2";"1";"1";1;48;-1
"51367";"202100051367";2;"02:51";"3";"02";"1";"1";"1";6;49;3
"51368";"202100051368";2;"15:20";"1";"62";"2";"1";"1";6;50;2
"51369";"202100051369";2;"16:00";"1";"13";"1";"1";"1";2;43;5
"51370";"202100051370";2;"07:30";"2";"13";"1";"1";"1";7;43;5
"51371";"202100051371";2;"19:30";"3";"13";"1";"1";"1";2;43;5
"51372";"202100051372";2;"13:50";"1";"69";"1";"1";"1";2;45;4
"51373";"202100051373";2;"07:40";"1";"67";"1";"1";"1";2;48;7
"51374";"202100051374";2;"05:45";"3";"59";"1";"1";"1";6;50;3
"51375";"202100051375";2;"18:00";"3";"78";"1";"1";"2";4;48;2
"51376";"202100051376";2;"15:50";"1";"78";"1";"1";"1";7;48;2
"51377";"202100051377";2;"08:40";"1";"78";"1";"1";"7";2;48;1
"51378";"202100051378";2;"21:05";"3";"93";"1";"1";"1";3;48;2
"51379";"202100051379";2;"18:15";"2";"95";"1";"1";"1";6;48;2
"51380";"202100051380";2;"15:30";"1";"95";"1";"1";"1";2;49;2
"51381";"202100051381";2;"08:20";"2";"93";"1";"1";"2";6;48;2
"51382";"202100051382";2;"23:50";"3";"93";"1";"1";"1";2;48;2
"51383";"202100051383";2;"09:41";"1";"988";"2";"3";"1";6;-22;166
"51384";"202100051384";2;"12:30";"1";"976";"1";"1";"1";2;-12;45
"51385";"202100051385";2;"12:00";"1";"974";"2";"1";"1";1;-20;55
"51386";"202100051386";2;"00:49";"5";"973";"2";"1";"1";7;4;-52
"51387";"202100051387";2;"17:15";"1";"69";"2";"1";"8";7;45;4
"51388";"202100051388";2;"07:26";"1";"972";"2";"9";"1";3;14;-60
"51389";"202100051389";2;"23:25";"5";"972";"1";"1";"1";6;14;-61
"51390";"202100051390";2;"13:30";"1";"69";"2";"3";"1";2;45;4
"51391";"202100051391";2;"11:15";"1";"69";"2";"1";"1";2;45;4
"51392";"202100051392";2;"11:00";"1";"971";"1";"3";"1";3;16;-61
"51393";"202100051393";2;"07:30";"1";"971";"2";"9";"7";6;16;-61
"51394";"202100051394";2;"00:15";"3";"971";"2";"1";"1";6;16;-61
"51395";"202100051395";2;"10:12";"1";"2A";"2";"1";"2";3;41;8
"51396";"202100051396";2;"13:26";"1";"91";"2";"1";"1";1;48;2
"51397";"202100051397";2;"07:25";"5";"87";"2";"1";"1";3;45;1
"51398";"202100051398";2;"19:53";"2";"87";"2";"1";"1";6;45;1
"51399";"202100051399";2;"22:39";"5";"87";"1";"1";"1";7;45;1
"51400";"202100051400";2;"13:48";"1";"83";"2";"9";"1";6;43;5
"51401";"202100051401";2;"09:00";"1";"83";"1";"9";"1";1;43;6
"51402";"202100051402";2;"00:00";"3";"82";"2";"6";"1";6;44;1
"51403";"202100051403";2;"15:50";"1";"81";"2";"1";"1";6;43;2
"51404";"202100051404";2;"08:15";"1";"81";"2";"3";"1";3;43;2
"51405";"202100051405";2;"16:30";"1";"80";"2";"1";"1";2;49;2
"51406";"202100051406";2;"10:35";"1";"80";"2";"1";"1";2;49;2
"51407";"202100051407";2;"08:15";"1";"80";"2";"1";"1";3;49;2
"51408";"202100051408";2;"16:05";"1";"79";"2";"2";"1";3;46;0
"51409";"202100051409";2;"10:10";"1";"76";"2";"1";"1";7;49;1
"51410";"202100051410";2;"09:30";"1";"76";"2";"1";"1";7;49;1
"51411";"202100051411";2;"14:45";"1";"76";"2";"1";"1";3;49;0