"";"Num_Acc";"mois";"hrmn";"lum";"dep";"agg";"int";"atm";"col";"lat";"long"
"51412";"202100051412";2;"02:10";"5";"76";"1";"1";"1";6;49;0
"51413";"202100051413";2;"23:50";"3";"69";"2";"1";"1";6;45;4
"51414";"202100051414";2;"10:30";"1";"69";"2";"2";"1";3;45;4
"51415";"202100051415";2;"08:05";"1";"69";"2";"6";"1";2;46;4
"51416";"202100051416";2;"20:30";"5";"67";"2";"1";"1";6;48;7
"51417";"202100051417";2;"15:44";"1";"66";"2";"3";"1";6;42;2
"51418";"202100051418";2;"23:28";"5";"66";"2";"1";"1";6;42;2
"51419";"202100051419";2;"18:05";"1";"66";"2";"9";"1";3;42;2
"51420";"202100051420";2;"21:00";"5";"66";"2";"9";"1";3;42;2
"51421";"202100051421";2;"07:24";"2";"65";"2";"2";"1";3;43;0
"51422";"202100051422";2;"13:30";"1";"64";"2";"3";"1";3;43;0
"51423";"202100051423";2;"13:35";"1";"64";"2";"6";"1";7;43;-1
"51424";"202100051424";2;"12:50";"1";"64";"2";"3";"1";6;43;-1
"51425";"202100051425";2;"00:45";"5";"59";"2";"1";"1";6;50;3
"51426";"202100051426";2;"10:15";"1";"59";"2";"1";"7";6;50;3
"51427";"202100051427";2;"09:30";"1";"56";"2";"1";"9";7;47;-3
"51428";"202100051428";2;"10:40";"1";"54";"2";"2";"2";3;48;6
"51429";"202100051429";2;"16:35";"1";"54";"2";"2";"1";6;48;6
"51430";"202100051430";2;"21:10";"5";"50";"2";"1";"1";6;49;-1
"51431";"202100051431";2;"16:22";"1";"45";"2";"1";"1";6;47;1
"51432";"202100051432";1;"15:50";"1";"42";"2";"2";"1";3;45;4
"51433";"202100051433";2;"12:52";"1";"40";"1";"1";"2";6;43;0
"51434";"202100051434";2;"14:30";"1";"35";"2";"1";"2";6;48;-1
"51435";"202100051435";2;"09:30";"1";"31";"2";"1";"1";2;43;1
"51436";"202100051436";2;"08:00";"1";"31";"2";"1";"1";3;43;1
"51437";"202100051437";2;"17:50";"5";"31";"2";"1";"3";1;43;1
"51438";"202100051438";2;"07:55";"5";"29";"2";"1";"2";6;47;-4
"51439";"202100051439";2;"19:16";"5";"17";"2";"1";"1";7;46;-1
"51440";"202100051440";2;"18:23";"3";"17";"1";"1";"1";7;46;-1
"51441";"202100051441";2;"14:45";"1";"15";"2";"9";"1";2;44;2
"51442";"202100051442";2;"11:30";"1";"13";"2";"3";"1";3;43;5
"51443";"202100051443";2;"18:45";"2";"13";"2";"1";"1";1;43;5
"51444";"202100051444";2;"09:30";"1";"13";"2";"9";"1";6;43;5
"51445";"202100051445";2;"13:35";"1";"10";"2";"1";"1";6;48;4
"51446";"202100051446";2;"13:23";"1";"05";"2";"1";"1";2;44;6
"51447";"202100051447";2;"15:40";"1";"75";"2";"1";"1";2;48;2
"51448";"202100051448";2;"13:05";"1";"75";"2";"3";"1";5;48;2
"51449";"202100051449";2;"16:43";"1";"75";"2";"1";"1";6;48;2
"51450";"202100051450";2;"17:30";"1";"75";"2";"1";"1";6;48;2
"51451";"202100051451";2;"11:40";"1";"75";"2";"3";"1";7;48;2
"51452";"202100051452";2;"07:25";"5";"75";"2";"2";"2";7;48;2
"51453";"202100051453";2;"08:40";"1";"75";"2";"1";"8";7;48;2
"51454";"202100051454";2;"13:45";"1";"75";"2";"3";"2";6;48;2
"51455";"202100051455";2;"13:45";"1";"75";"2";"2";"8";3;48;2
"51456";"202100051456";2;"13:00";"1";"94";"2";"1";"1";7;48;2
"51457";"202100051457";2;"20:45";"5";"93";"2";"6";"1";6;48;2
"51458";"202100051458";2;"19:50";"5";"93";"2";"3";"1";6;48;2
"51459";"202100051459";2;"16:50";"1";"93";"2";"1";"1";6;48;2
"51460";"202100051460";2;"09:51";"1";"92";"2";"2";"1";6;48;2
"51461";"202100051461";2;"07:44";"2";"92";"2";"2";"1";3;48;2
"51462";"202100051462";2;"09:05";"1";"65";"2";"4";"1";3;43;0
"51463";"202100051463";2;"21:19";"5";"06";"2";"1";"1";7;43;7
"51464";"202100051464";2;"20:10";"5";"33";"2";"1";"1";6;44;0
"51465";"202100051465";2;"17:00";"1";"57";"2";"1";"1";3;49;6
"51466";"202100051466";2;"11:35";"1";"32";"1";"1";"1";2;43;0
"51467";"202100051467";2;"16:45";"1";"11";"2";"6";"1";3;43;3
"51468";"202100051468";2;"12:20";"1";"34";"1";"1";"2";1;43;3
"51469";"202100051469";2;"06:00";"4";"68";"2";"3";"1";3;47;6
"51470";"202100051470";2;"06:45";"3";"68";"1";"4";"4";1;47;7
"51471";"202100051471";2;"17:20";"1";"35";"1";"4";"1";6;48;-1
"51472";"202100051472";2;"14:45";"1";"03";"1";"1";"1";7;46;2
"51473";"202100051473";2;"11:25";"1";"05";"1";"1";"1";7;44;6
"51474";"202100051474";2;"07:28";"3";"50";"1";"1";"1";6;49;-1
"51475";"202100051475";2;"17:10";"1";"60";"1";"1";"1";7;49;3
"51476";"202100051476";2;"01:35";"3";"48";"1";"1";"1";7;44;3
"51477";"202100051477";2;"10:15";"1";"03";"1";"1";"1";7;46;2
"51478";"202100051478";2;"08:55";"1";"34";"1";"1";"2";6;43;3
"51479";"202100051479";2;"05:40";"5";"62";"1";"1";"9";6;50;2
"51480";"202100051480";2;"12:15";"1";"971";"1";"1";"1";2;16;-61
"51481";"202100051481";2;"07:55";"2";"68";"2";"1";"1";6;47;7
"51482";"202100051482";2;"03:38";"3";"13";"1";"1";"2";2;43;5
"51483";"202100051483";2;"19:20";"5";"987";"2";"3";"2";3;-17;-149
"51484";"202100051484";2;"21:22";"3";"77";"1";"1";"2";6;48;3
"51485";"202100051485";1;"18:37";"2";"77";"1";"1";"2";4;48;2
"51486";"202100051486";2;"21:00";"3";"91";"1";"1";"1";2;48;2
"51487";"202100051487";2;"10:00";"1";"34";"1";"1";"2";1;43;3
"51488";"202100051488";2;"13:30";"1";"84";"2";"1";"8";6;43;4
"51489";"202100051489";2;"07:50";"1";"08";"1";"1";"1";3;49;4
"51490";"202100051490";2;"15:00";"1";"68";"2";"1";"1";7;47;6
"51491";"202100051491";2;"21:45";"3";"54";"1";"1";"8";7;48;6
"51492";"202100051492";2;"00:05";"3";"03";"1";"1";"1";6;46;3
"51493";"202100051493";1;"09:40";"1";"63";"2";"1";"1";6;45;3
"51494";"202100051494";2;"15:10";"1";"09";"2";"2";"1";6;43;1
"51495";"202100051495";2;"18:05";"1";"64";"2";"3";"1";3;43;0
"51496";"202100051496";2;"16:10";"1";"72";"1";"3";"1";2;47;0
"51497";"202100051497";2;"12:05";"1";"59";"2";"1";"2";6;50;2
"51498";"202100051498";2;"13:00";"1";"13";"1";"1";"1";6;43;5
"51499";"202100051499";2;"07:10";"3";"57";"1";"1";"9";5;49;5
"51500";"202100051500";2;"10:00";"1";"62";"1";"1";"1";2;50;1
"51501";"202100051501";2;"09:15";"1";"93";"1";"1";"1";3;48;2
"51502";"202100051502";2;"21:50";"5";"988";"2";"1";"1";6;-22;166
"51503";"202100051503";2;"08:50";"1";"974";"2";"1";"2";4;-20;55
"51504";"202100051504";2;"04:45";"2";"972";"1";"1";"1";1;14;-61
"51505";"202100051505";2;"20:00";"5";"95";"2";"1";"1";3;48;2
"51506";"202100051506";2;"12:17";"1";"83";"2";"2";"8";3;43;6
"51507";"202100051507";2;"14:50";"1";"73";"1";"2";"4";3;45;5
"51508";"202100051508";2;"16:25";"1";"65";"2";"1";"1";6;43;0
"51509";"202100051509";2;"13:00";"1";"44";"2";"9";"1";2;47;-1
"51510";"202100051510";2;"18:30";"4";"13";"2";"1";"1";1;43;5
"51511";"202100051511";2;"12:45";"1";"13";"2";"1";"1";6;43;5
"51512";"202100051512";2;"02:45";"5";"13";"2";"1";"1";6;43;5
"51513";"202100051513";2;"16:45";"1";"13";"2";"4";"1";3;43;5
"51514";"202100051514";2;"10:30";"1";"13";"1";"1";"1";3;43;5
"51515";"202100051515";2;"12:15";"1";"09";"2";"1";"1";3;43;1
"51516";"202100051516";2;"11:50";"1";"08";"2";"3";"1";3;49;4
"51517";"202100051517";2;"11:30";"1";"06";"1";"3";"1";5;43;7
"51518";"202100051518";2;"18:19";"5";"06";"2";"1";"2";1;43;7
"51519";"202100051519";2;"21:23";"5";"75";"2";"3";"1";3;48;2
"51520";"202100051520";2;"16:05";"1";"75";"2";"2";"1";3;48;2
"51521";"202100051521";2;"13:45";"1";"75";"2";"2";"1";3;48;2
"51522";"202100051522";2;"06:10";"5";"93";"2";"1";"9";6;48;2
"51523";"202100051523";2;"17:40";"2";"93";"2";"1";"1";3;48;2
"51524";"202100051524";2;"20:15";"5";"93";"2";"6";"1";3;48;2
"51525";"202100051525";2;"02:30";"5";"93";"2";"2";"1";2;48;2
"51526";"202100051526";2;"08:30";"1";"92";"2";"2";"1";3;48;2
"51527";"202100051527";2;"18:30";"1";"92";"2";"2";"1";3;48;2
"51528";"202100051528";2;"21:00";"3";"26";"1";"1";"1";6;45;5
"51529";"202100051529";2;"06:00";"2";"974";"2";"1";"1";7;-21;55
"51530";"202100051530";2;"21:45";"3";"63";"1";"1";"5";6;45;2
"51531";"202100051531";2;"22:00";"3";"21";"1";"1";"1";6;47;4
"51532";"202100051532";2;"17:30";"1";"14";"1";"1";"1";5;49;0
"51533";"202100051533";2;"16:00";"1";"57";"2";"1";"1";3;49;6
"51534";"202100051534";2;"15:45";"1";"51";"1";"1";"1";7;48;3
"51535";"202100051535";2;"22:15";"3";"76";"1";"1";"1";7;49;1
"51536";"202100051536";2;"18:25";"3";"2B";"2";"1";"1";3;42;9
"51537";"202100051537";2;"15:30";"1";"61";"1";"1";"1";1;48;0
"51538";"202100051538";2;"09:45";"1";"55";"1";"1";"1";6;48;5
"51539";"202100051539";2;"09:24";"1";"22";"1";"1";"2";1;48;-3
"51540";"202100051540";2;"12:00";"1";"39";"1";"2";"1";5;46;5
"51541";"202100051541";2;"17:30";"1";"44";"1";"1";"1";3;47;-1
"51542";"202100051542";1;"21:10";"5";"31";"2";"6";"1";6;43;1
"51543";"202100051543";2;"19:30";"3";"14";"1";"1";"1";6;49;0
"51544";"202100051544";2;"17:00";"1";"45";"1";"1";"1";6;47;3
"51545";"202100051545";2;"17:10";"1";"64";"2";"1";"1";7;43;0
"51546";"202100051546";2;"10:30";"1";"10";"1";"1";"1";6;48;3
"51547";"202100051547";2;"07:00";"4";"24";"1";"1";"1";3;45;0
"51548";"202100051548";2;"12:50";"1";"85";"1";"1";"1";5;46;-1
"51549";"202100051549";2;"18:00";"2";"87";"1";"1";"1";6;46;0
"51550";"202100051550";2;"16:50";"1";"44";"1";"9";"1";2;47;-1
"51551";"202100051551";2;"08:40";"1";"83";"1";"1";"1";2;43;5
"51552";"202100051552";2;"19:20";"3";"76";"1";"1";"1";5;49;1
"51553";"202100051553";2;"17:00";"1";"2A";"1";"1";"1";1;41;8
"51554";"202100051554";2;"19:00";"3";"30";"1";"1";"1";4;43;4
"51555";"202100051555";2;"20:50";"5";"34";"2";"1";"1";6;43;3
"51556";"202100051556";2;"15:10";"1";"65";"1";"1";"1";3;43;0
"51557";"202100051557";2;"17:30";"1";"22";"1";"1";"8";7;48;-2
"51558";"202100051558";2;"07:55";"2";"27";"1";"1";"1";5;49;1
"51559";"202100051559";2;"20:15";"5";"33";"1";"1";"1";6;44;0
"51560";"202100051560";2;"17:25";"1";"91";"1";"1";"8";7;48;2
"51561";"202100051561";2;"14:15";"1";"92";"1";"1";"1";6;48;2
"51562";"202100051562";2;"18:30";"3";"95";"1";"1";"1";4;48;2
"51563";"202100051563";2;"09:20";"1";"94";"1";"1";"1";4;48;2
"51564";"202100051564";2;"20:15";"3";"976";"2";"1";"1";7;-12;45
"51565";"202100051565";2;"13:40";"1";"974";"2";"9";"1";1;-20;55
"51566";"202100051566";2;"13:30";"1";"973";"2";"1";"1";6;4;-52
"51567";"202100051567";2;"19:00";"5";"69";"2";"2";"1";3;45;4
"51568";"202100051568";2;"18:50";"5";"69";"2";"3";"4";6;45;4
"51569";"202100051569";2;"20:00";"3";"971";"2";"9";"1";6;16;-61
"51570";"202100051570";2;"18:30";"5";"95";"2";"1";"1";1;48;2
"51571";"202100051571";2;"13:54";"1";"91";"2";"1";"1";6;48;2
"51572";"202100051572";2;"23:00";"5";"78";"2";"1";"1";6;48;2
"51573";"202100051573";2;"08:15";"2";"77";"1";"3";"1";3;48;2
"51574";"202100051574";2;"15:46";"1";"65";"1";"1";"1";3;43;0
"51575";"202100051575";2;"17:00";"1";"64";"2";"1";"1";2;43;0
"51576";"202100051576";2;"16:40";"1";"64";"2";"1";"1";4;43;-1
"51577";"202100051577";2;"15:20";"1";"59";"2";"2";"1";3;50;3
"51578";"202100051578";2;"19:10";"5";"56";"2";"2";"1";3;47;-2
"51579";"202100051579";2;"11:00";"1";"54";"1";"1";"1";4;48;6
"51580";"202100051580";2;"10:00";"1";"54";"2";"3";"1";3;48;6
"51581";"202100051581";2;"17:10";"1";"51";"2";"1";"1";7;49;4
"51582";"202100051582";2;"04:14";"5";"51";"2";"1";"1";7;49;4
"51583";"202100051583";2;"18:07";"2";"51";"2";"2";"1";3;49;4
"51584";"202100051584";2;"09:30";"1";"45";"2";"1";"4";6;47;2
"51585";"202100051585";2;"19:20";"5";"30";"2";"3";"1";3;43;4
"51586";"202100051586";2;"17:45";"1";"29";"1";"1";"1";6;47;-4
"51587";"202100051587";2;"17:15";"1";"29";"2";"1";"1";3;48;-4
"51588";"202100051588";2;"20:32";"5";"13";"2";"3";"1";3;43;5
"51589";"202100051589";2;"16:00";"1";"13";"2";"1";"1";3;43;5
"51590";"202100051590";2;"02:07";"5";"13";"2";"1";"2";1;43;5
"51591";"202100051591";2;"18:40";"5";"75";"2";"1";"1";3;48;2
"51592";"202100051592";2;"14:45";"1";"75";"2";"5";"1";3;48;2
"51593";"202100051593";2;"10:35";"1";"75";"2";"7";"1";6;48;2
"51594";"202100051594";2;"15:20";"1";"75";"2";"3";"1";3;48;2
"51595";"202100051595";2;"16:50";"1";"75";"2";"2";"1";3;48;2
"51596";"202100051596";2;"09:45";"1";"75";"2";"2";"1";3;48;2
"51597";"202100051597";2;"04:25";"3";"75";"2";"7";"3";7;48;2
"51598";"202100051598";2;"12:20";"1";"75";"2";"3";"1";3;48;2
"51599";"202100051599";2;"15:40";"1";"94";"2";"1";"1";3;48;2
"51600";"202100051600";2;"13:25";"1";"94";"2";"3";"1";3;48;2
"51601";"202100051601";2;"15:00";"1";"93";"2";"1";"1";7;48;2
"51602";"202100051602";2;"19:30";"5";"93";"2";"2";"1";4;48;2
"51603";"202100051603";2;"19:45";"5";"93";"2";"1";"1";4;48;2
"51604";"202100051604";2;"16:30";"1";"93";"2";"1";"1";6;48;2
"51605";"202100051605";2;"14:00";"1";"93";"2";"3";"1";3;48;2
"51606";"202100051606";2;"20:11";"5";"93";"2";"1";"1";2;48;2
"51607";"202100051607";2;"20:40";"5";"93";"2";"1";"1";4;48;2
"51608";"202100051608";2;"14:50";"1";"92";"2";"1";"1";4;48;2
"51609";"202100051609";2;"15:25";"1";"92";"2";"6";"1";6;48;2
"51610";"202100051610";2;"15:50";"1";"92";"2";"7";"1";3;48;2
"51611";"202100051611";2;"15:14";"1";"54";"1";"1";"7";2;48;6
"51612";"202100051612";2;"17:00";"1";"68";"1";"4";"1";6;47;7
"51613";"202100051613";2;"08:15";"1";"31";"2";"1";"2";6;43;1
"51614";"202100051614";2;"14:20";"1";"41";"1";"1";"1";6;47;1
"51615";"202100051615";2;"17:50";"1";"76";"2";"1";"1";6;49;0
"51616";"202100051616";2;"21:46";"3";"61";"1";"1";"1";7;48;0
"51617";"202100051617";2;"12:40";"1";"39";"1";"1";"1";6;46;5
"51618";"202100051618";2;"12:00";"1";"58";"1";"1";"1";6;47;3
"51619";"202100051619";2;"11:30";"1";"14";"1";"1";"1";6;49;0
"51620";"202100051620";2;"16:25";"1";"10";"2";"2";"1";3;48;4
"51621";"202100051621";2;"16:00";"1";"36";"1";"1";"1";6;46;1
"51622";"202100051622";2;"12:45";"1";"16";"1";"2";"1";3;45;0
"51623";"202100051623";2;"14:50";"1";"17";"2";"9";"1";6;45;0
"51624";"202100051624";2;"16:00";"1";"30";"1";"1";"8";7;43;4
"51625";"202100051625";2;"09:01";"1";"30";"1";"1";"1";3;43;4
"51626";"202100051626";2;"09:55";"1";"45";"1";"6";"1";6;47;2
"51627";"202100051627";2;"14:55";"1";"34";"1";"2";"1";3;43;3
"51628";"202100051628";2;"11:45";"1";"06";"2";"1";"1";6;43;7
"51629";"202100051629";2;"11:30";"1";"04";"1";"3";"1";2;43;5
"51630";"202100051630";2;"03:05";"3";"58";"1";"1";"1";6;46;3
"51631";"202100051631";2;"15:10";"1";"03";"1";"1";"1";7;46;3
"51632";"202100051632";2;"17:20";"1";"74";"1";"1";"8";1;46;6
"51633";"202100051633";2;"15:20";"1";"60";"1";"1";"1";7;49;2
"51634";"202100051634";2;"07:10";"2";"67";"1";"1";"1";6;48;7
"51635";"202100051635";2;"12:00";"1";"92";"1";"1";"1";2;48;2
"51636";"202100051636";2;"14:50";"1";"94";"1";"1";"1";4;48;2
"51637";"202100051637";2;"15:35";"1";"92";"1";"1";"1";2;48;2
"51638";"202100051638";2;"16:15";"1";"93";"1";"1";"1";4;48;2
"51639";"202100051639";2;"19:30";"3";"93";"1";"1";"1";3;48;2
"51640";"202100051640";2;"15:45";"1";"93";"1";"1";"1";4;48;2
"51641";"202100051641";2;"16:20";"1";"974";"2";"1";"1";1;-20;55
"51642";"202100051642";2;"05:30";"2";"974";"2";"1";"2";6;-20;55
"51643";"202100051643";2;"14:10";"1";"973";"2";"2";"1";3;4;-52
"51644";"202100051644";2;"21:30";"5";"69";"2";"1";"4";3;45;4
"51645";"202100051645";2;"13:15";"1";"69";"2";"1";"1";3;45;4
"51646";"202100051646";2;"06:00";"1";"972";"2";"2";"2";6;14;-61
"51647";"202100051647";2;"15:37";"1";"69";"2";"3";"1";6;45;4
"51648";"202100051648";2;"16:30";"1";"2B";"2";"1";"2";3;42;9
"51649";"202100051649";2;"09:30";"1";"2B";"2";"3";"1";6;42;9
"51650";"202100051650";2;"18:30";"2";"971";"2";"1";"2";3;16;-61
"51651";"202100051651";2;"08:10";"1";"95";"2";"1";"1";3;48;2
"51652";"202100051652";1;"12:45";"1";"95";"2";"1";"1";6;48;2
"51653";"202100051653";2;"13:35";"1";"91";"2";"1";"1";6;48;2
"51654";"202100051654";2;"15:20";"1";"91";"2";"1";"1";6;48;2
"51655";"202100051655";2;"18:20";"4";"91";"2";"6";"1";3;48;2
"51656";"202100051656";2;"17:35";"1";"90";"2";"3";"9";3;47;6
"51657";"202100051657";2;"09:35";"1";"90";"2";"1";"1";6;47;6
"51658";"202100051658";2;"12:15";"1";"86";"1";"1";"3";2;46;0
"51659";"202100051659";2;"15:00";"1";"30";"1";"1";"1";3;43;4
"51660";"202100051660";2;"07:15";"1";"83";"2";"3";"1";3;43;5
"51661";"202100051661";1;"08:50";"1";"83";"2";"1";"1";6;43;5
"51662";"202100051662";2;"10:20";"1";"80";"2";"1";"4";2;49;2
"51663";"202100051663";2;"08:00";"1";"78";"2";"1";"9";3;48;2
"51664";"202100051664";2;"16:00";"1";"76";"2";"1";"1";6;49;1
"51665";"202100051665";2;"07:55";"2";"74";"1";"1";"8";2;46;6
"51666";"202100051666";2;"18:10";"5";"69";"2";"1";"4";3;45;4
"51667";"202100051667";2;"13:10";"1";"64";"2";"3";"1";3;43;-1
"51668";"202100051668";2;"16:15";"1";"64";"2";"1";"1";6;43;-1
"51669";"202100051669";2;"18:24";"2";"63";"2";"4";"1";6;45;3
"51670";"202100051670";2;"11:45";"1";"59";"1";"1";"7";2;50;3
"51671";"202100051671";2;"07:25";"2";"54";"2";"6";"1";6;48;6
"51672";"202100051672";2;"17:31";"1";"51";"2";"1";"1";3;49;4
"51673";"202100051673";2;"10:15";"1";"49";"2";"1";"1";7;47;0
"51674";"202100051674";2;"13:50";"1";"49";"1";"1";"9";2;47;0
"51675";"202100051675";2;"09:45";"1";"44";"1";"1";"4";2;47;-2
"51676";"202100051676";2;"09:00";"1";"41";"2";"1";"1";6;47;1
"51677";"202100051677";2;"16:36";"1";"37";"2";"1";"7";6;47;0
"51678";"202100051678";2;"06:50";"5";"34";"2";"2";"1";1;43;3
"51679";"202100051679";2;"13:55";"1";"33";"2";"1";"8";3;44;0
"51680";"202100051680";2;"19:50";"5";"33";"2";"2";"8";3;44;0
"51681";"202100051681";2;"20:35";"5";"33";"2";"2";"1";3;44;0
"51682";"202100051682";2;"16:30";"1";"33";"2";"2";"1";6;44;0
"51683";"202100051683";2;"16:20";"1";"33";"1";"1";"1";2;44;-1
"51684";"202100051684";2;"17:35";"1";"31";"2";"1";"1";2;43;1
"51685";"202100051685";2;"16:03";"1";"30";"2";"6";"1";2;43;4
"51686";"202100051686";2;"09:30";"1";"30";"2";"2";"1";5;44;4
"51687";"202100051687";2;"10:10";"1";"29";"1";"3";"4";3;48;-4
"51688";"202100051688";1;"15:50";"1";"29";"2";"3";"1";6;48;-4
"51689";"202100051689";2;"16:40";"1";"27";"2";"6";"1";7;49;1
"51690";"202100051690";2;"17:03";"1";"21";"2";"2";"1";6;47;5
"51691";"202100051691";2;"13:08";"1";"17";"2";"2";"1";3;45;-1
"51692";"202100051692";2;"16:45";"1";"17";"2";"1";"1";4;46;-1
"51693";"202100051693";2;"17:37";"1";"14";"2";"1";"1";3;49;0
"51694";"202100051694";2;"16:55";"1";"14";"2";"1";"1";2;49;0
"51695";"202100051695";2;"19:30";"3";"13";"1";"1";"1";3;43;4
"51696";"202100051696";2;"22:20";"5";"13";"2";"1";"2";3;43;5
"51697";"202100051697";2;"19:15";"5";"13";"2";"1";"2";3;43;5
"51698";"202100051698";2;"16:15";"1";"13";"2";"1";"2";2;43;5
"51699";"202100051699";2;"16:00";"1";"13";"2";"1";"2";6;43;5
"51700";"202100051700";2;"14:00";"1";"13";"2";"1";"2";3;43;5
"51701";"202100051701";2;"13:50";"1";"13";"2";"9";"1";3;43;5
"51702";"202100051702";2;"19:20";"5";"13";"2";"2";"2";1;43;5
"51703";"202100051703";2;"17:30";"1";"11";"1";"2";"1";3;43;2
"51704";"202100051704";2;"09:10";"1";"06";"2";"1";"1";6;43;7
"51705";"202100051705";2;"16:10";"1";"75";"2";"4";"1";2;48;2
"51706";"202100051706";2;"12:56";"1";"75";"2";"2";"1";2;48;2
"51707";"202100051707";2;"13:45";"1";"75";"2";"2";"1";6;48;2
"51708";"202100051708";2;"09:50";"1";"75";"2";"2";"1";2;48;2
"51709";"202100051709";2;"10:20";"1";"75";"2";"3";"1";2;48;2
"51710";"202100051710";2;"19:35";"5";"75";"2";"3";"1";2;48;2
"51711";"202100051711";2;"21:42";"5";"75";"2";"2";"1";3;48;2
"51712";"202100051712";2;"09:30";"1";"94";"2";"1";"1";3;48;2
"51713";"202100051713";2;"15:55";"1";"94";"2";"1";"1";6;48;2
"51714";"202100051714";2;"18:45";"5";"94";"2";"1";"1";3;48;2
"51715";"202100051715";2;"19:30";"5";"94";"2";"9";"1";3;48;2
"51716";"202100051716";2;"18:40";"5";"94";"2";"1";"1";2;48;2
"51717";"202100051717";2;"12:50";"1";"94";"2";"2";"1";3;48;2
"51718";"202100051718";2;"17:00";"1";"94";"2";"3";"1";3;48;2
"51719";"202100051719";2;"16:35";"1";"93";"2";"9";"1";3;48;2
"51720";"202100051720";2;"13:00";"1";"93";"2";"3";"1";1;48;2
"51721";"202100051721";2;"16:25";"1";"93";"2";"1";"1";1;48;2
"51722";"202100051722";2;"10:30";"1";"93";"2";"1";"1";2;48;2
"51723";"202100051723";2;"13:58";"1";"93";"2";"2";"1";3;48;2
"51724";"202100051724";2;"06:20";"5";"93";"2";"1";"4";6;48;2
"51725";"202100051725";2;"13:29";"1";"93";"2";"3";"1";3;48;2
"51726";"202100051726";2;"11:00";"1";"93";"2";"1";"1";2;48;2
"51727";"202100051727";2;"21:26";"5";"93";"2";"1";"1";6;48;2
"51728";"202100051728";2;"13:20";"1";"93";"2";"1";"1";3;48;2
"51729";"202100051729";2;"14:40";"1";"93";"2";"1";"1";3;48;2
"51730";"202100051730";2;"16:33";"1";"93";"2";"1";"1";6;48;2
"51731";"202100051731";2;"06:45";"5";"93";"2";"3";"1";6;48;2
"51732";"202100051732";2;"09:00";"1";"92";"2";"1";"1";7;48;2
"51733";"202100051733";2;"10:40";"1";"01";"1";"1";"9";1;46;5
"51734";"202100051734";2;"15:45";"1";"22";"1";"1";"8";7;48;-3
"51735";"202100051735";2;"17:43";"3";"74";"1";"1";"4";5;45;6
"51736";"202100051736";2;"21:45";"3";"974";"2";"1";"1";3;-21;55
"51737";"202100051737";2;"11:05";"1";"08";"1";"1";"1";6;49;4
"51738";"202100051738";2;"11:06";"1";"48";"1";"1";"1";2;44;3
"51739";"202100051739";2;"19:00";"3";"87";"1";"1";"1";6;45;1
"51740";"202100051740";2;"15:00";"1";"41";"1";"1";"8";6;47;0
"51741";"202100051741";2;"17:55";"2";"56";"1";"2";"1";6;47;-2
"51742";"202100051742";2;"19:20";"3";"74";"1";"1";"4";6;45;6
"51743";"202100051743";2;"19:20";"3";"12";"1";"1";"2";6;44;2
"51744";"202100051744";2;"09:30";"1";"44";"2";"1";"1";3;47;-1
"51745";"202100051745";2;"16:00";"1";"58";"1";"1";"1";6;47;4
"51746";"202100051746";2;"13:45";"1";"72";"1";"1";"1";6;47;0
"51747";"202100051747";2;"11:55";"1";"05";"2";"1";"1";7;44;6
"51748";"202100051748";2;"16:00";"1";"53";"2";"1";"7";6;48;0
"51749";"202100051749";2;"07:00";"3";"24";"1";"1";"1";6;44;1
"51750";"202100051750";2;"18:55";"3";"24";"1";"1";"8";6;45;0
"51751";"202100051751";2;"17:40";"1";"85";"2";"1";"1";1;46;0
"51752";"202100051752";2;"17:15";"1";"27";"1";"1";"1";6;49;0
"51753";"202100051753";2;"12:53";"1";"13";"1";"9";"1";1;43;5
"51754";"202100051754";2;"00:25";"3";"17";"1";"1";"8";2;46;0
"51755";"202100051755";2;"03:16";"3";"988";"1";"3";"1";6;-21;168
"51756";"202100051756";2;"09:05";"1";"988";"1";"1";"7";6;-20;164
"51757";"202100051757";2;"16:30";"1";"974";"2";"1";"1";1;-20;55
"51758";"202100051758";2;"15:10";"1";"971";"1";"1";"1";6;16;-61
"51759";"202100051759";2;"07:15";"2";"2B";"1";"1";"2";1;42;9
"51760";"202100051760";2;"19:00";"3";"71";"1";"1";"1";2;46;4
"51761";"202100051761";2;"18:45";"3";"63";"1";"1";"4";6;45;3
"51762";"202100051762";2;"07:00";"3";"38";"2";"1";"1";6;45;5
"51763";"202100051763";2;"14:00";"1";"38";"2";"1";"2";3;45;5
"51764";"202100051764";2;"03:50";"3";"60";"1";"1";"1";1;49;2
"51765";"202100051765";2;"16:00";"1";"33";"1";"1";"2";3;44;0
"51766";"202100051766";2;"17:50";"2";"91";"1";"1";"1";2;48;2
"51767";"202100051767";2;"14:10";"1";"94";"1";"1";"1";3;48;2
"51768";"202100051768";2;"18:30";"3";"93";"1";"1";"1";6;48;2
"51769";"202100051769";2;"21:00";"3";"92";"1";"1";"1";3;48;2
"51770";"202100051770";2;"16:00";"1";"77";"1";"1";"1";2;48;2
"51771";"202100051771";2;"11:06";"1";"988";"2";"3";"1";3;-22;166
"51772";"202100051772";2;"16:30";"1";"974";"1";"1";"1";6;-21;55
"51773";"202100051773";2;"14:10";"1";"974";"1";"1";"7";4;-21;55
"51774";"202100051774";2;"05:55";"1";"974";"1";"9";"1";3;-21;55
"51775";"202100051775";2;"14:15";"1";"974";"2";"4";"1";5;-20;55
"51776";"202100051776";2;"17:30";"1";"973";"2";"3";"3";3;4;-52