"";"Num_Acc";"mois";"hrmn";"lum";"dep";"agg";"int";"atm";"col";"lat";"long"
"52142";"202100052142";2;"16:00";"1";"75";"2";"5";"8";3;48;2
"52143";"202100052143";2;"20:05";"5";"75";"2";"2";"1";3;48;2
"52144";"202100052144";2;"12:15";"1";"75";"2";"1";"2";6;48;2
"52145";"202100052145";2;"10:55";"1";"75";"2";"2";"2";6;48;2
"52146";"202100052146";2;"18:00";"5";"75";"2";"3";"1";3;48;2
"52147";"202100052147";2;"11:35";"1";"94";"2";"1";"1";6;48;2
"52148";"202100052148";2;"16:50";"1";"94";"2";"7";"8";6;48;2
"52149";"202100052149";2;"21:26";"5";"93";"2";"3";"8";3;48;2
"52150";"202100052150";2;"19:50";"5";"93";"2";"2";"4";1;48;2
"52151";"202100052151";2;"17:10";"1";"93";"2";"2";"1";1;48;2
"52152";"202100052152";2;"09:30";"1";"92";"2";"3";"8";3;48;2
"52153";"202100052153";2;"17:29";"2";"92";"2";"1";"1";6;48;2
"52154";"202100052154";2;"07:55";"2";"92";"2";"1";"1";3;48;2
"52155";"202100052155";2;"13:45";"1";"92";"2";"1";"1";6;48;2
"52156";"202100052156";2;"12:12";"1";"92";"2";"2";"1";6;48;2
"52157";"202100052157";2;"16:20";"1";"37";"1";"1";"1";1;47;0
"52158";"202100052158";2;"17:27";"1";"68";"2";"1";"2";3;47;7
"52159";"202100052159";2;"09:00";"1";"34";"1";"1";"1";6;43;3
"52160";"202100052160";2;"14:35";"1";"972";"2";"1";"1";1;14;-61
"52161";"202100052161";2;"14:45";"1";"83";"1";"1";"1";1;43;6
"52162";"202100052162";2;"16:45";"1";"30";"1";"9";"2";3;44;4
"52163";"202100052163";2;"15:00";"1";"23";"1";"1";"2";1;46;1
"52164";"202100052164";2;"11:47";"1";"62";"2";"3";"1";3;50;1
"52165";"202100052165";2;"15:30";"1";"51";"1";"1";"1";7;49;4
"52166";"202100052166";2;"16:00";"2";"2A";"2";"1";"1";3;41;8
"52167";"202100052167";2;"17:25";"1";"2B";"1";"1";"1";6;42;9
"52168";"202100052168";2;"17:10";"1";"80";"1";"1";"9";4;49;2
"52169";"202100052169";2;"17:40";"2";"71";"1";"3";"1";2;46;5
"52170";"202100052170";2;"13:15";"1";"42";"2";"1";"1";1;45;4
"52171";"202100052171";2;"10:30";"1";"86";"1";"1";"8";1;46;0
"52172";"202100052172";2;"08:30";"1";"68";"1";"1";"4";1;47;7
"52173";"202100052173";2;"07:50";"3";"29";"1";"1";"2";5;48;-4
"52174";"202100052174";2;"13:00";"1";"31";"1";"2";"1";3;43;1
"52175";"202100052175";2;"16:00";"1";"58";"1";"1";"1";1;46;3
"52176";"202100052176";2;"16:40";"1";"72";"2";"1";"1";3;47;0
"52177";"202100052177";2;"11:50";"1";"16";"1";"1";"2";6;45;0
"52178";"202100052178";2;"15:45";"1";"07";"1";"1";"1";6;44;4
"52179";"202100052179";2;"15:45";"1";"30";"2";"1";"2";3;43;4
"52180";"202100052180";2;"17:40";"1";"973";"2";"1";"1";3;4;-52
"52181";"202100052181";2;"07:45";"2";"35";"1";"1";"2";2;48;-1
"52182";"202100052182";2;"10:35";"1";"74";"1";"1";"1";1;46;6
"52183";"202100052183";2;"18:35";"3";"06";"1";"1";"2";7;43;6
"52184";"202100052184";2;"05:50";"3";"51";"1";"1";"1";7;49;4
"52185";"202100052185";2;"17:30";"2";"69";"2";"6";"2";6;45;4
"52186";"202100052186";2;"19:40";"3";"971";"1";"1";"1";1;16;-61
"52187";"202100052187";2;"14:45";"1";"988";"2";"3";"1";6;-20;165
"52188";"202100052188";2;"07:25";"1";"971";"1";"1";"1";2;16;-61
"52189";"202100052189";2;"18:10";"3";"978";"2";"1";"1";7;18;-63
"52190";"202100052190";2;"08:45";"1";"77";"1";"1";"8";6;48;2
"52191";"202100052191";2;"19:07";"5";"95";"2";"1";"1";6;49;2
"52192";"202100052192";2;"16:45";"2";"34";"1";"6";"2";3;43;3
"52193";"202100052193";2;"19:40";"5";"83";"1";"6";"2";1;43;5
"52194";"202100052194";2;"10:27";"1";"57";"1";"1";"4";2;49;6
"52195";"202100052195";2;"17:50";"2";"07";"1";"9";"1";3;44;4
"52196";"202100052196";2;"17:45";"2";"69";"1";"1";"1";2;45;4
"52197";"202100052197";2;"06:00";"5";"60";"1";"1";"1";1;49;2
"52198";"202100052198";2;"20:10";"5";"13";"1";"1";"2";7;43;5
"52199";"202100052199";2;"08:00";"1";"59";"1";"1";"1";2;50;3
"52200";"202100052200";2;"15:55";"1";"62";"1";"1";"8";5;50;2
"52201";"202100052201";2;"08:35";"1";"91";"1";"1";"1";3;48;2
"52202";"202100052202";2;"21:00";"3";"974";"1";"1";"1";6;-21;55
"52203";"202100052203";2;"12:30";"1";"973";"2";"2";"1";3;4;-52
"52204";"202100052204";2;"22:30";"5";"973";"2";"2";"2";5;4;-52
"52205";"202100052205";2;"12:00";"1";"69";"2";"1";"1";6;45;4
"52206";"202100052206";2;"11:15";"1";"69";"2";"1";"2";2;45;4
"52207";"202100052207";2;"04:44";"5";"972";"2";"4";"1";6;14;-61
"52208";"202100052208";2;"16:05";"1";"69";"2";"2";"1";3;45;4
"52209";"202100052209";2;"11:35";"1";"91";"2";"9";"2";6;48;2
"52210";"202100052210";2;"02:20";"5";"54";"2";"2";"2";3;48;6
"52211";"202100052211";2;"10:30";"1";"51";"2";"1";"8";3;49;4
"52212";"202100052212";2;"12:05";"1";"50";"2";"1";"1";2;48;-1
"52213";"202100052213";2;"19:00";"5";"45";"2";"1";"2";6;48;2
"52214";"202100052214";2;"13:17";"1";"38";"1";"1";"2";2;45;4
"52215";"202100052215";2;"19:00";"5";"33";"2";"1";"1";1;44;0
"52216";"202100052216";2;"17:02";"1";"29";"1";"1";"1";2;47;-4
"52217";"202100052217";2;"14:35";"1";"29";"2";"3";"1";3;48;-4
"52218";"202100052218";2;"05:40";"5";"15";"2";"1";"2";6;44;2
"52219";"202100052219";2;"09:45";"1";"13";"2";"1";"8";5;43;5
"52220";"202100052220";2;"09:35";"1";"13";"2";"1";"1";7;43;5
"52221";"202100052221";2;"19:00";"5";"13";"2";"1";"1";3;43;5
"52222";"202100052222";2;"13:50";"1";"13";"1";"1";"1";1;43;5
"52223";"202100052223";2;"17:45";"5";"13";"2";"1";"6";4;43;4
"52224";"202100052224";2;"18:10";"1";"13";"2";"1";"1";1;43;5
"52225";"202100052225";2;"17:30";"1";"13";"2";"1";"1";4;43;5
"52226";"202100052226";2;"12:30";"1";"13";"2";"1";"1";2;43;5
"52227";"202100052227";2;"09:20";"1";"75";"2";"1";"2";2;48;2
"52228";"202100052228";2;"17:50";"5";"75";"2";"1";"2";6;48;2
"52229";"202100052229";2;"19:20";"5";"75";"2";"2";"2";2;48;2
"52230";"202100052230";2;"16:05";"1";"75";"2";"1";"1";6;48;2
"52231";"202100052231";2;"14:10";"1";"75";"2";"2";"2";3;48;2
"52232";"202100052232";2;"13:35";"1";"75";"2";"2";"2";7;48;2
"52233";"202100052233";2;"22:50";"5";"93";"2";"3";"2";3;48;2
"52234";"202100052234";2;"12:00";"1";"92";"2";"2";"2";3;48;2
"52235";"202100052235";2;"00:18";"5";"92";"2";"1";"2";6;48;2
"52236";"202100052236";2;"12:00";"1";"13";"1";"1";"1";5;43;5
"52237";"202100052237";2;"13:53";"1";"69";"1";"1";"1";2;45;4
"52238";"202100052238";2;"16:15";"1";"91";"1";"1";"2";6;48;2
"52239";"202100052239";2;"16:30";"1";"91";"1";"1";"2";4;48;2
"52240";"202100052240";2;"13:50";"1";"94";"1";"1";"2";6;48;2
"52241";"202100052241";2;"13:10";"1";"91";"1";"1";"2";1;48;2
"52242";"202100052242";2;"12:00";"1";"91";"1";"1";"2";6;48;2
"52243";"202100052243";2;"21:00";"3";"91";"1";"1";"3";4;48;2
"52244";"202100052244";2;"16:35";"1";"92";"1";"1";"3";2;48;2
"52245";"202100052245";2;"15:00";"1";"78";"1";"1";"2";3;48;2
"52246";"202100052246";2;"13:20";"1";"92";"1";"1";"2";6;48;2
"52247";"202100052247";2;"01:15";"5";"92";"1";"1";"2";6;48;2
"52248";"202100052248";2;"19:45";"3";"95";"1";"1";"2";2;49;2
"52249";"202100052249";2;"13:00";"1";"95";"1";"1";"2";6;49;2
"52250";"202100052250";2;"11:45";"1";"92";"1";"1";"2";5;48;2
"52251";"202100052251";2;"18:05";"3";"95";"1";"1";"3";6;48;2
"52252";"202100052252";2;"16:00";"1";"95";"1";"1";"3";6;49;2
"52253";"202100052253";2;"20:30";"5";"94";"1";"1";"3";3;48;2
"52254";"202100052254";2;"14:15";"1";"37";"1";"1";"1";6;47;0
"52255";"202100052255";2;"11:14";"1";"62";"2";"1";"4";6;50;1
"52256";"202100052256";2;"15:45";"1";"62";"1";"1";"1";1;50;2
"52257";"202100052257";2;"08:14";"1";"68";"1";"1";"2";4;47;7
"52258";"202100052258";2;"16:50";"2";"51";"1";"1";"2";7;49;4
"52259";"202100052259";2;"14:15";"1";"74";"1";"1";"1";6;45;6
"52260";"202100052260";2;"13:00";"1";"80";"1";"1";"8";3;49;2
"52261";"202100052261";2;"03:40";"5";"11";"2";"1";"1";6;43;2
"52262";"202100052262";1;"18:00";"5";"46";"2";"1";"1";6;44;1
"52263";"202100052263";2;"12:20";"1";"47";"1";"1";"2";2;44;0
"52264";"202100052264";1;"17:40";"2";"41";"2";"4";"8";3;47;1
"52265";"202100052265";2;"11:30";"1";"26";"1";"3";"8";3;44;4
"52266";"202100052266";2;"10:08";"1";"14";"1";"1";"1";7;49;0
"52267";"202100052267";2;"14:08";"1";"60";"2";"2";"9";3;49;1
"52268";"202100052268";2;"17:30";"1";"43";"1";"1";"1";1;44;3
"52269";"202100052269";2;"08:05";"1";"24";"1";"1";"8";6;45;0
"52270";"202100052270";2;"08:50";"1";"30";"2";"1";"1";6;44;4
"52271";"202100052271";2;"09:00";"1";"30";"1";"1";"1";1;44;4
"52272";"202100052272";2;"15:35";"1";"03";"1";"1";"3";7;46;2
"52273";"202100052273";2;"13:00";"1";"69";"1";"1";"1";7;45;4
"52274";"202100052274";2;"17:25";"2";"74";"1";"6";"1";1;46;6
"52275";"202100052275";2;"06:45";"1";"973";"1";"1";"2";5;5;-53
"52276";"202100052276";2;"14:45";"1";"971";"2";"1";"2";6;16;-61
"52277";"202100052277";2;"10:47";"1";"78";"1";"4";"8";3;48;1
"52278";"202100052278";2;"13:15";"1";"30";"2";"2";"1";3;43;4
"52279";"202100052279";2;"03:20";"3";"11";"1";"1";"1";6;43;2
"52280";"202100052280";2;"12:00";"1";"34";"1";"1";"1";6;43;4
"52281";"202100052281";2;"16:15";"1";"89";"1";"1";"1";2;48;3
"52282";"202100052282";2;"10:48";"1";"88";"1";"1";"4";1;48;6
"52283";"202100052283";2;"12:30";"1";"54";"1";"1";"4";3;48;6
"52284";"202100052284";2;"20:50";"3";"74";"1";"1";"9";6;46;6
"52285";"202100052285";2;"19:10";"3";"74";"1";"1";"1";2;46;6
"52286";"202100052286";2;"15:45";"1";"86";"1";"1";"1";7;46;0
"52287";"202100052287";2;"01:00";"5";"974";"2";"1";"1";1;-21;55
"52288";"202100052288";2;"18:10";"1";"974";"2";"2";"1";3;-20;55
"52289";"202100052289";2;"02:20";"5";"69";"2";"1";"2";7;45;4
"52290";"202100052290";2;"16:50";"1";"69";"2";"3";"8";3;45;4
"52291";"202100052291";2;"13:00";"1";"69";"2";"2";"1";1;45;4
"52292";"202100052292";2;"14:35";"1";"69";"2";"2";"8";3;45;4
"52293";"202100052293";2;"12:30";"1";"971";"2";"9";"1";6;16;-61
"52294";"202100052294";2;"18:50";"4";"971";"2";"1";"2";3;16;-61
"52295";"202100052295";2;"11:30";"1";"91";"2";"3";"2";2;48;2
"52296";"202100052296";2;"15:00";"1";"86";"2";"1";"3";6;46;0
"52297";"202100052297";2;"17:25";"1";"83";"2";"1";"1";3;43;5
"52298";"202100052298";2;"14:40";"1";"77";"2";"3";"3";3;48;2
"52299";"202100052299";2;"08:15";"2";"77";"2";"1";"1";6;48;2
"52300";"202100052300";2;"13:35";"1";"74";"2";"1";"2";6;46;6
"52301";"202100052301";2;"10:20";"1";"74";"2";"1";"8";3;46;6
"52302";"202100052302";2;"11:55";"1";"72";"2";"1";"1";6;48;0
"52303";"202100052303";2;"23:50";"5";"59";"2";"3";"2";1;50;3
"52304";"202100052304";2;"09:55";"1";"59";"2";"1";"3";6;50;3
"52305";"202100052305";2;"16:01";"1";"56";"2";"6";"1";7;47;-2
"52306";"202100052306";2;"07:50";"4";"56";"2";"6";"3";6;47;-2
"52307";"202100052307";2;"01:30";"5";"54";"2";"1";"2";6;48;6
"52308";"202100052308";2;"11:00";"1";"54";"2";"3";"1";6;48;6
"52309";"202100052309";2;"17:17";"2";"51";"2";"1";"2";1;49;3
"52310";"202100052310";2;"20:05";"5";"51";"2";"1";"1";1;49;4
"52311";"202100052311";2;"18:00";"2";"45";"2";"1";"2";2;47;2
"52312";"202100052312";2;"15:55";"1";"42";"2";"1";"8";6;46;4
"52313";"202100052313";2;"19:43";"5";"37";"2";"2";"2";3;47;0
"52314";"202100052314";2;"19:05";"5";"35";"2";"2";"1";3;48;-1
"52315";"202100052315";2;"17:30";"1";"34";"2";"1";"1";3;43;3
"52316";"202100052316";2;"09:55";"1";"29";"2";"6";"1";3;48;-4
"52317";"202100052317";2;"18:00";"5";"25";"2";"1";"2";6;47;6
"52318";"202100052318";2;"13:00";"1";"13";"1";"5";"8";5;43;5
"52319";"202100052319";2;"16:00";"1";"75";"2";"3";"1";2;48;2
"52320";"202100052320";2;"11:00";"1";"75";"2";"2";"2";3;48;2
"52321";"202100052321";2;"21:30";"5";"75";"2";"3";"2";3;48;2
"52322";"202100052322";2;"16:00";"1";"75";"2";"7";"3";3;48;2
"52323";"202100052323";2;"16:30";"1";"75";"2";"3";"3";2;48;2
"52324";"202100052324";2;"17:50";"5";"75";"2";"2";"2";6;48;2
"52325";"202100052325";2;"17:18";"1";"75";"2";"2";"3";6;48;2
"52326";"202100052326";2;"18:45";"5";"75";"2";"2";"2";3;48;2
"52327";"202100052327";2;"19:00";"5";"75";"2";"3";"3";6;48;2
"52328";"202100052328";2;"17:30";"2";"75";"2";"5";"3";6;48;2
"52329";"202100052329";2;"16:50";"2";"75";"2";"2";"3";6;48;2
"52330";"202100052330";2;"20:10";"5";"75";"2";"1";"2";3;48;2
"52331";"202100052331";2;"19:28";"5";"94";"2";"1";"1";2;48;2
"52332";"202100052332";2;"07:00";"5";"94";"2";"2";"2";3;48;2
"52333";"202100052333";2;"04:34";"5";"94";"2";"9";"2";3;48;2
"52334";"202100052334";2;"17:00";"1";"93";"2";"1";"2";6;48;2
"52335";"202100052335";2;"17:15";"1";"93";"2";"1";"2";6;48;2
"52336";"202100052336";2;"17:35";"2";"93";"2";"2";"2";3;48;2
"52337";"202100052337";2;"08:40";"2";"93";"2";"1";"2";6;48;2
"52338";"202100052338";2;"06:50";"5";"93";"2";"9";"2";1;48;2
"52339";"202100052339";2;"13:30";"1";"92";"2";"5";"8";3;48;2
"52340";"202100052340";2;"15:30";"1";"38";"1";"2";"1";2;45;4
"52341";"202100052341";2;"18:45";"3";"52";"1";"1";"3";3;48;4
"52342";"202100052342";2;"09:28";"1";"05";"1";"1";"4";1;44;6
"52343";"202100052343";2;"16:30";"1";"49";"2";"3";"1";1;47;0
"52344";"202100052344";2;"17:00";"1";"34";"1";"1";"1";1;43;3
"52345";"202100052345";2;"16:15";"1";"29";"2";"6";"1";3;48;-4
"52346";"202100052346";2;"21:49";"3";"50";"1";"6";"1";7;49;-1
"52347";"202100052347";2;"00:59";"3";"60";"1";"1";"2";6;49;1
"52348";"202100052348";2;"20:30";"5";"43";"2";"1";"1";1;45;4
"52349";"202100052349";2;"18:30";"3";"53";"1";"1";"1";7;47;0
"52350";"202100052350";2;"18:00";"2";"85";"1";"1";"1";7;46;-1
"52351";"202100052351";2;"12:30";"1";"95";"1";"1";"2";6;49;2
"52352";"202100052352";2;"23:45";"3";"971";"1";"1";"1";6;16;-61
"52353";"202100052353";2;"03:15";"3";"77";"1";"1";"2";6;48;3
"52354";"202100052354";2;"20:00";"3";"83";"1";"1";"1";6;43;6
"52355";"202100052355";2;"14:55";"1";"71";"1";"1";"2";7;46;4
"52356";"202100052356";2;"18:50";"2";"69";"2";"1";"1";6;45;4
"52357";"202100052357";1;"12:30";"1";"69";"1";"1";"2";1;45;4
"52358";"202100052358";2;"05:30";"2";"17";"2";"1";"2";6;45;0
"52359";"202100052359";2;"14:20";"1";"85";"1";"3";"1";1;46;-1
"52360";"202100052360";2;"17:45";"2";"44";"1";"1";"7";4;47;-1
"52361";"202100052361";2;"17:21";"1";"22";"2";"1";"1";3;48;-2
"52362";"202100052362";2;"14:40";"1";"59";"1";"1";"1";2;50;2
"52363";"202100052363";2;"06:35";"5";"69";"1";"1";"2";2;45;4
"52364";"202100052364";2;"13:55";"1";"33";"1";"1";"3";2;44;0
"52365";"202100052365";2;"13:15";"1";"33";"1";"1";"3";4;44;0
"52366";"202100052366";2;"18:20";"3";"91";"1";"1";"3";2;48;2
"52367";"202100052367";2;"13:10";"1";"93";"1";"1";"2";6;48;2
"52368";"202100052368";2;"11:15";"1";"93";"1";"1";"2";6;48;2
"52369";"202100052369";2;"17:10";"1";"77";"1";"1";"1";6;48;2
"52370";"202100052370";2;"11:06";"1";"988";"2";"1";"1";3;-22;166
"52371";"202100052371";2;"18:25";"5";"988";"2";"3";"3";3;-22;166
"52372";"202100052372";2;"14:10";"1";"988";"2";"2";"1";3;-22;166
"52373";"202100052373";2;"16:20";"1";"974";"1";"3";"7";3;-21;55
"52374";"202100052374";2;"14:15";"1";"974";"2";"6";"1";3;-21;55
"52375";"202100052375";2;"21:15";"3";"974";"2";"1";"1";7;-20;55
"52376";"202100052376";2;"18:40";"2";"973";"2";"1";"2";6;4;-52
"52377";"202100052377";2;"08:14";"1";"973";"2";"1";"1";3;4;-52
"52378";"202100052378";2;"16:25";"1";"69";"2";"1";"8";3;45;4
"52379";"202100052379";2;"07:50";"2";"69";"2";"2";"1";3;45;4
"52380";"202100052380";2;"10:00";"1";"69";"1";"1";"8";1;45;4
"52381";"202100052381";2;"13:05";"1";"69";"2";"2";"1";2;45;4
"52382";"202100052382";2;"14:30";"1";"2B";"2";"3";"1";3;42;9
"52383";"202100052383";2;"14:30";"1";"2B";"2";"6";"1";4;42;9
"52384";"202100052384";2;"12:00";"1";"2B";"1";"1";"1";4;42;9
"52385";"202100052385";2;"11:15";"1";"971";"2";"9";"1";6;16;-61
"52386";"202100052386";2;"22:03";"5";"971";"2";"1";"1";4;16;-61
"52387";"202100052387";2;"10:15";"1";"971";"2";"1";"1";6;16;-61
"52388";"202100052388";2;"14:00";"1";"91";"2";"9";"1";6;48;2
"52389";"202100052389";2;"08:05";"1";"91";"2";"1";"1";2;48;2
"52390";"202100052390";2;"10:20";"1";"91";"2";"9";"1";3;48;2
"52391";"202100052391";2;"08:05";"1";"91";"2";"9";"1";1;48;2
"52392";"202100052392";2;"13:30";"1";"86";"2";"1";"2";4;46;0
"52393";"202100052393";2;"07:55";"5";"86";"2";"1";"2";3;46;0
"52394";"202100052394";2;"07:35";"2";"86";"2";"3";"2";3;46;0
"52395";"202100052395";2;"18:45";"2";"83";"2";"1";"1";3;43;5
"52396";"202100052396";2;"16:30";"1";"83";"2";"9";"1";3;43;5
"52397";"202100052397";2;"10:15";"1";"83";"2";"1";"1";6;43;5
"52398";"202100052398";1;"08:05";"1";"83";"2";"1";"1";6;43;6
"52399";"202100052399";2;"18:10";"5";"80";"2";"1";"1";2;49;2
"52400";"202100052400";2;"14:50";"1";"80";"2";"1";"1";2;49;2
"52401";"202100052401";2;"11:50";"1";"76";"2";"1";"1";6;49;0
"52402";"202100052402";1;"18:15";"2";"76";"2";"3";"2";6;49;1
"52403";"202100052403";1;"19:30";"5";"76";"2";"1";"1";2;49;1
"52404";"202100052404";1;"16:10";"1";"76";"2";"3";"2";3;49;1
"52405";"202100052405";2;"10:40";"1";"71";"2";"1";"1";2;46;4
"52406";"202100052406";2;"18:10";"2";"71";"2";"1";"2";6;46;4
"52407";"202100052407";2;"14:05";"1";"71";"2";"2";"1";3;46;4
"52408";"202100052408";2;"13:45";"1";"71";"2";"2";"8";3;46;4
"52409";"202100052409";2;"15:55";"1";"71";"2";"1";"1";3;46;4
"52410";"202100052410";2;"07:50";"1";"69";"2";"1";"1";6;45;4
"52411";"202100052411";2;"08:00";"2";"67";"2";"1";"2";2;48;7
"52412";"202100052412";2;"18:00";"5";"67";"2";"1";"1";6;48;7
"52413";"202100052413";2;"17:40";"5";"67";"2";"1";"1";6;48;7
"52414";"202100052414";2;"16:35";"1";"66";"1";"1";"8";3;42;2
"52415";"202100052415";2;"11:55";"1";"64";"2";"1";"1";5;43;0
"52416";"202100052416";2;"08:35";"1";"64";"2";"2";"1";3;43;0
"52417";"202100052417";2;"17:28";"1";"64";"2";"1";"1";6;43;0
"52418";"202100052418";2;"08:15";"1";"64";"2";"1";"1";6;43;0
"52419";"202100052419";2;"08:10";"1";"64";"2";"1";"2";5;43;-1
"52420";"202100052420";2;"07:55";"5";"56";"2";"1";"3";3;47;-3
"52421";"202100052421";2;"06:35";"4";"56";"1";"1";"2";6;47;-3
"52422";"202100052422";2;"07:30";"5";"55";"2";"1";"3";7;49;5
"52423";"202100052423";2;"08:00";"1";"54";"2";"1";"2";3;48;6
"52424";"202100052424";2;"18:00";"4";"54";"1";"1";"1";2;48;6
"52425";"202100052425";2;"08:30";"1";"54";"2";"6";"7";6;48;6
"52426";"202100052426";2;"07:56";"5";"54";"2";"3";"2";3;48;6
"52427";"202100052427";2;"09:44";"1";"52";"1";"1";"2";7;48;5
"52428";"202100052428";2;"17:45";"5";"51";"2";"1";"1";3;49;4
"52429";"202100052429";2;"08:05";"1";"51";"2";"1";"1";3;49;4
"52430";"202100052430";2;"08:20";"2";"50";"2";"2";"8";3;49;-1
"52431";"202100052431";2;"17:10";"1";"44";"2";"1";"7";2;47;-1
"52432";"202100052432";1;"16:10";"1";"44";"2";"1";"7";6;47;-1
"52433";"202100052433";2;"07:05";"5";"42";"2";"3";"8";3;46;4
"52434";"202100052434";2;"11:25";"1";"37";"2";"2";"1";3;47;0
"52435";"202100052435";2;"02:10";"5";"37";"2";"1";"1";7;47;0
"52436";"202100052436";2;"12:50";"1";"37";"2";"1";"1";6;47;0
"52437";"202100052437";2;"07:50";"4";"35";"2";"3";"1";5;48;-1
"52438";"202100052438";2;"16:08";"1";"32";"2";"3";"1";3;43;0
"52439";"202100052439";2;"17:40";"1";"31";"2";"1";"1";3;43;1
"52440";"202100052440";2;"16:45";"1";"29";"2";"2";"1";6;48;-4
"52441";"202100052441";2;"10:20";"1";"25";"2";"4";"1";4;47;6
"52442";"202100052442";2;"13:15";"1";"19";"2";"2";"2";3;45;1
"52443";"202100052443";2;"09:55";"1";"14";"2";"6";"2";7;49;0
"52444";"202100052444";2;"16:00";"1";"13";"2";"1";"1";6;43;5
"52445";"202100052445";2;"14:30";"1";"13";"2";"1";"1";3;43;5
"52446";"202100052446";2;"11:30";"1";"13";"2";"1";"1";1;43;5
"52447";"202100052447";2;"01:50";"5";"13";"2";"1";"1";3;43;5
"52448";"202100052448";2;"10:35";"1";"13";"2";"3";"1";3;43;5
"52449";"202100052449";2;"09:55";"1";"10";"2";"6";"2";3;48;4
"52450";"202100052450";2;"13:51";"1";"10";"2";"2";"1";7;48;4
"52451";"202100052451";2;"09:50";"1";"07";"2";"1";"1";6;44;4
"52452";"202100052452";2;"08:45";"1";"06";"2";"1";"1";3;43;7
"52453";"202100052453";2;"09:35";"1";"05";"2";"6";"1";2;44;6
"52454";"202100052454";2;"08:45";"1";"75";"2";"1";"1";6;48;2
"52455";"202100052455";2;"17:30";"2";"75";"2";"7";"1";3;48;2
"52456";"202100052456";2;"14:40";"1";"75";"2";"2";"1";6;48;2
"52457";"202100052457";2;"15:15";"1";"75";"2";"5";"1";3;48;2
"52458";"202100052458";2;"14:10";"1";"75";"2";"2";"1";6;48;2
"52459";"202100052459";2;"21:00";"5";"75";"2";"2";"1";3;48;2
"52460";"202100052460";2;"12:55";"1";"75";"2";"2";"1";6;48;2
"52461";"202100052461";2;"17:17";"1";"75";"2";"2";"1";3;48;2
"52462";"202100052462";2;"09:40";"1";"75";"2";"2";"1";3;48;2
"52463";"202100052463";2;"12:20";"1";"75";"2";"3";"1";3;48;2
"52464";"202100052464";2;"20:05";"5";"94";"2";"2";"1";1;48;2
"52465";"202100052465";2;"13:25";"1";"94";"2";"1";"1";1;48;2
"52466";"202100052466";2;"18:10";"3";"94";"2";"9";"1";3;48;2
"52467";"202100052467";2;"09:38";"1";"94";"2";"1";"1";1;48;2
"52468";"202100052468";2;"16:55";"1";"94";"2";"1";"8";3;48;2
"52469";"202100052469";2;"09:00";"1";"93";"2";"9";"1";6;48;2
"52470";"202100052470";2;"13:30";"1";"93";"2";"3";"1";6;48;2
"52471";"202100052471";2;"11:55";"1";"93";"2";"6";"1";3;48;2
"52472";"202100052472";2;"07:50";"2";"93";"2";"9";"8";3;48;2
"52473";"202100052473";2;"13:00";"1";"93";"2";"1";"1";1;48;2
"52474";"202100052474";2;"16:35";"1";"93";"2";"1";"1";6;48;2
"52475";"202100052475";2;"11:10";"1";"92";"2";"3";"1";6;48;2
"52476";"202100052476";2;"16:00";"1";"92";"2";"1";"1";6;48;2
"52477";"202100052477";2;"12:25";"1";"92";"2";"1";"1";2;48;2
"52478";"202100052478";2;"07:25";"5";"92";"2";"2";"1";6;48;2
"52479";"202100052479";2;"08:15";"1";"94";"2";"1";"1";6;48;2
"52480";"202100052480";2;"15:04";"1";"92";"2";"1";"8";7;48;2
"52481";"202100052481";2;"11:05";"1";"92";"2";"2";"1";3;48;2
"52482";"202100052482";2;"20:30";"3";"39";"1";"3";"1";6;46;5
"52483";"202100052483";2;"18:05";"2";"35";"1";"1";"7";1;47;-1
"52484";"202100052484";2;"07:30";"2";"54";"1";"1";"5";6;48;6
"52485";"202100052485";1;"18:00";"3";"51";"2";"1";"2";7;48;4
"52486";"202100052486";2;"16:15";"1";"81";"1";"1";"2";1;43;2
"52487";"202100052487";2;"08:00";"2";"58";"2";"1";"2";6;47;2
"52488";"202100052488";2;"12:40";"1";"37";"1";"1";"1";7;47;0
"52489";"202100052489";2;"16:15";"1";"62";"1";"1";"2";6;50;2
"52490";"202100052490";2;"10:30";"1";"56";"2";"1";"7";6;48;-2
"52491";"202100052491";2;"10:55";"1";"71";"1";"1";"8";3;47;4
"52492";"202100052492";1;"12:30";"1";"63";"1";"1";"8";1;45;3
"52493";"202100052493";2;"19:15";"5";"61";"2";"2";"2";1;48;0
"52494";"202100052494";2;"15:40";"1";"42";"1";"1";"1";2;45;4
"52495";"202100052495";2;"12:58";"1";"46";"1";"1";"8";1;44;1
"52496";"202100052496";2;"17:50";"5";"01";"1";"3";"1";3;45;5
"52497";"202100052497";2;"20:00";"3";"58";"1";"9";"5";6;46;3
"52498";"202100052498";2;"09:10";"1";"27";"1";"1";"1";1;49;0
"52499";"202100052499";2;"20:45";"3";"973";"2";"9";"1";1;4;-52
"52500";"202100052500";2;"19:40";"3";"33";"1";"6";"1";2;44;-1
"52501";"202100052501";2;"02:45";"3";"986";"1";"1";"2";2;-13;-176
"52502";"202100052502";2;"05:40";"3";"972";"1";"1";"1";3;14;-61
"52503";"202100052503";1;"17:00";"1";"11";"1";"1";"1";6;43;1
"52504";"202100052504";2;"07:10";"3";"84";"1";"2";"1";3;43;5
"52505";"202100052505";2;"09:00";"1";"38";"1";"2";"1";3;45;5