"";"Num_Acc";"mois";"hrmn";"lum";"dep";"agg";"int";"atm";"col";"lat";"long"
"52506";"202100052506";2;"07:15";"2";"07";"1";"1";"1";6;44;4
"52507";"202100052507";2;"16:40";"1";"69";"2";"2";"1";3;45;4
"52508";"202100052508";2;"19:45";"3";"85";"1";"1";"2";7;46;0
"52509";"202100052509";2;"09:20";"1";"69";"1";"1";"1";2;45;4
"52510";"202100052510";2;"16:52";"1";"69";"1";"1";"1";5;45;4
"52511";"202100052511";2;"08:20";"1";"95";"1";"1";"1";2;48;2
"52512";"202100052512";2;"19:20";"4";"973";"2";"9";"1";2;4;-52
"52513";"202100052513";2;"15:34";"1";"973";"2";"9";"2";3;4;-52
"52514";"202100052514";2;"19:00";"5";"69";"2";"2";"1";1;45;4
"52515";"202100052515";2;"08:00";"5";"972";"2";"9";"2";6;14;-61
"52516";"202100052516";2;"14:00";"1";"69";"2";"3";"1";6;45;4
"52517";"202100052517";2;"07:40";"2";"69";"2";"1";"8";3;45;4
"52518";"202100052518";2;"16:50";"1";"69";"2";"7";"1";1;45;4
"52519";"202100052519";2;"14:07";"1";"87";"2";"1";"1";6;45;1
"52520";"202100052520";2;"07:50";"5";"87";"2";"1";"2";6;45;1
"52521";"202100052521";2;"16:25";"1";"86";"2";"3";"1";3;46;0
"52522";"202100052522";2;"16:40";"1";"83";"2";"1";"8";3;43;5
"52523";"202100052523";2;"12:15";"1";"83";"2";"1";"1";6;43;5
"52524";"202100052524";2;"06:20";"5";"80";"2";"1";"3";3;49;2
"52525";"202100052525";2;"16:35";"1";"79";"2";"3";"1";3;46;0
"52526";"202100052526";1;"08:10";"5";"77";"1";"1";"3";6;48;2
"52527";"202100052527";2;"17:15";"1";"76";"2";"1";"1";2;49;0
"52528";"202100052528";2;"07:25";"2";"69";"1";"1";"8";7;45;4
"52529";"202100052529";2;"21:25";"5";"69";"2";"2";"8";3;45;4
"52530";"202100052530";2;"23:00";"5";"67";"2";"1";"8";6;48;7
"52531";"202100052531";2;"16:30";"1";"67";"2";"3";"1";3;48;7
"52532";"202100052532";2;"13:35";"1";"66";"2";"6";"1";6;42;2
"52533";"202100052533";1;"21:00";"5";"62";"2";"2";"1";3;50;2
"52534";"202100052534";1;"14:20";"1";"62";"2";"2";"1";3;50;1
"52535";"202100052535";2;"12:35";"1";"62";"2";"9";"1";6;50;2
"52536";"202100052536";2;"08:10";"2";"59";"2";"1";"2";6;50;3
"52537";"202100052537";2;"12:10";"1";"56";"2";"1";"3";1;47;-3
"52538";"202100052538";2;"00:05";"5";"54";"2";"3";"8";3;48;6
"52539";"202100052539";2;"08:19";"2";"54";"2";"1";"2";2;48;6
"52540";"202100052540";2;"16:41";"1";"51";"2";"3";"1";3;49;4
"52541";"202100052541";2;"12:40";"1";"50";"2";"1";"1";7;49;-1
"52542";"202100052542";1;"17:45";"2";"50";"2";"1";"2";3;49;-1
"52543";"202100052543";2;"10:40";"1";"49";"2";"6";"2";7;47;0
"52544";"202100052544";2;"09:20";"1";"45";"2";"6";"1";3;47;1
"52545";"202100052545";2;"17:46";"1";"35";"2";"6";"1";6;48;-2
"52546";"202100052546";2;"07:00";"5";"35";"2";"2";"2";3;48;-1
"52547";"202100052547";1;"16:30";"2";"34";"1";"1";"1";4;43;3
"52548";"202100052548";2;"18:25";"2";"34";"2";"1";"1";2;43;3
"52549";"202100052549";2;"16:05";"1";"31";"2";"1";"1";7;43;0
"52550";"202100052550";2;"18:10";"2";"30";"2";"1";"2";6;44;4
"52551";"202100052551";2;"05:21";"3";"29";"1";"1";"3";6;47;-4
"52552";"202100052552";2;"12:10";"1";"19";"2";"3";"2";3;45;1
"52553";"202100052553";2;"10:40";"1";"17";"2";"2";"1";6;45;-1
"52554";"202100052554";2;"12:25";"1";"17";"1";"1";"1";3;46;-1
"52555";"202100052555";2;"12:25";"1";"15";"2";"1";"1";3;44;2
"52556";"202100052556";2;"18:00";"5";"13";"2";"2";"1";6;43;5
"52557";"202100052557";2;"16:43";"1";"13";"2";"3";"1";3;43;5
"52558";"202100052558";2;"11:30";"1";"13";"2";"1";"1";3;43;5
"52559";"202100052559";2;"17:20";"2";"13";"2";"3";"1";6;43;5
"52560";"202100052560";2;"14:05";"1";"11";"2";"3";"1";3;43;2
"52561";"202100052561";2;"09:25";"1";"10";"2";"1";"3";2;48;4
"52562";"202100052562";2;"18:20";"5";"06";"2";"3";"8";3;43;7
"52563";"202100052563";2;"13:55";"1";"02";"2";"1";"8";3;49;3
"52564";"202100052564";2;"15:20";"1";"75";"2";"3";"1";3;48;2
"52565";"202100052565";2;"10:15";"1";"75";"2";"1";"1";6;48;2
"52566";"202100052566";2;"14:00";"1";"75";"2";"1";"1";3;48;2
"52567";"202100052567";2;"15:55";"1";"75";"2";"3";"1";6;48;2
"52568";"202100052568";2;"08:15";"1";"75";"2";"2";"3";6;48;2
"52569";"202100052569";2;"16:20";"1";"75";"2";"1";"1";6;48;2
"52570";"202100052570";2;"12:12";"1";"75";"2";"1";"1";1;48;2
"52571";"202100052571";2;"13:40";"1";"75";"2";"3";"8";6;48;2
"52572";"202100052572";2;"12:45";"1";"75";"2";"7";"1";3;48;2
"52573";"202100052573";2;"10:45";"1";"75";"2";"1";"1";2;48;2
"52574";"202100052574";2;"08:30";"1";"75";"2";"1";"1";2;48;2
"52575";"202100052575";2;"14:36";"1";"75";"2";"3";"2";3;48;2
"52576";"202100052576";2;"21:00";"5";"75";"2";"1";"1";6;48;2
"52577";"202100052577";2;"14:20";"1";"75";"2";"3";"1";6;48;2
"52578";"202100052578";2;"15:30";"1";"75";"2";"7";"2";7;48;2
"52579";"202100052579";2;"14:40";"1";"75";"2";"2";"1";3;48;2
"52580";"202100052580";2;"18:40";"5";"94";"2";"1";"1";1;48;2
"52581";"202100052581";2;"09:15";"1";"94";"2";"1";"1";6;48;2
"52582";"202100052582";2;"16:50";"1";"94";"2";"4";"1";3;48;2
"52583";"202100052583";2;"14:15";"1";"94";"2";"1";"1";6;48;2
"52584";"202100052584";2;"13:45";"1";"94";"2";"3";"2";3;48;2
"52585";"202100052585";2;"09:45";"1";"94";"2";"1";"1";6;48;2
"52586";"202100052586";2;"14:30";"1";"93";"1";"4";"8";6;48;2
"52587";"202100052587";2;"08:20";"1";"93";"2";"1";"1";2;48;2
"52588";"202100052588";2;"10:16";"1";"93";"2";"2";"8";5;48;2
"52589";"202100052589";2;"13:30";"1";"93";"2";"3";"1";3;48;2
"52590";"202100052590";2;"14:45";"1";"93";"2";"1";"2";2;48;2
"52591";"202100052591";2;"07:05";"5";"93";"2";"9";"2";3;48;2
"52592";"202100052592";2;"09:25";"1";"93";"2";"1";"1";2;48;2
"52593";"202100052593";2;"17:45";"1";"93";"2";"1";"1";3;48;2
"52594";"202100052594";2;"16:55";"1";"93";"1";"1";"1";3;48;2
"52595";"202100052595";2;"10:33";"1";"92";"2";"1";"1";3;48;2
"52596";"202100052596";2;"17:33";"5";"92";"2";"4";"2";2;48;2
"52597";"202100052597";2;"11:25";"1";"92";"2";"2";"1";3;48;2
"52598";"202100052598";1;"09:35";"1";"92";"2";"2";"1";3;48;2
"52599";"202100052599";2;"07:50";"2";"35";"1";"2";"5";3;47;-1
"52600";"202100052600";2;"09:30";"1";"47";"1";"2";"1";3;44;0
"52601";"202100052601";2;"17:35";"5";"01";"2";"1";"1";6;46;5
"52602";"202100052602";2;"18:50";"3";"66";"1";"1";"1";2;42;2
"52603";"202100052603";2;"04:17";"3";"01";"1";"1";"1";1;45;5
"52604";"202100052604";2;"16:00";"1";"43";"2";"1";"1";3;45;3
"52605";"202100052605";2;"15:15";"1";"83";"1";"1";"1";3;43;6
"52606";"202100052606";2;"17:00";"1";"29";"1";"1";"1";4;48;-4
"52607";"202100052607";2;"16:30";"1";"42";"2";"1";"1";6;45;4
"52608";"202100052608";2;"12:15";"1";"56";"1";"1";"1";3;47;-3
"52609";"202100052609";2;"12:45";"1";"2B";"1";"1";"1";6;42;9
"52610";"202100052610";2;"06:30";"2";"89";"1";"1";"2";2;48;3
"52611";"202100052611";2;"17:30";"2";"76";"2";"3";"1";3;50;1
"52612";"202100052612";2;"05:15";"3";"35";"1";"1";"3";6;48;-1
"52613";"202100052613";2;"16:55";"1";"29";"1";"1";"1";6;47;-3
"52614";"202100052614";2;"19:20";"3";"72";"1";"1";"1";6;47;0
"52615";"202100052615";2;"20:15";"3";"06";"1";"9";"1";7;43;7
"52616";"202100052616";1;"10:30";"1";"06";"2";"1";"1";6;43;6
"52617";"202100052617";2;"14:00";"1";"18";"2";"1";"2";6;46;2
"52618";"202100052618";2;"16:25";"1";"21";"2";"7";"1";3;47;4
"52619";"202100052619";2;"13:40";"1";"04";"1";"1";"1";2;44;6
"52620";"202100052620";2;"15:10";"1";"17";"1";"1";"2";1;45;0
"52621";"202100052621";2;"13:48";"1";"37";"1";"1";"2";6;47;0
"52622";"202100052622";2;"16:00";"1";"06";"2";"1";"1";1;43;7
"52623";"202100052623";2;"11:15";"1";"68";"1";"1";"3";2;47;7
"52624";"202100052624";2;"15:20";"1";"27";"1";"1";"1";7;49;1
"52625";"202100052625";2;"14:45";"1";"975";"2";"1";"2";7;46;-56
"52626";"202100052626";2;"00:15";"5";"988";"2";"1";"2";6;-22;166
"52627";"202100052627";1;"05:45";"2";"971";"2";"1";"1";6;16;-61
"52628";"202100052628";2;"15:20";"1";"77";"2";"1";"8";6;48;2
"52629";"202100052629";2;"12:50";"1";"34";"2";"2";"1";6;43;4
"52630";"202100052630";2;"17:00";"1";"83";"1";"1";"1";7;43;5
"52631";"202100052631";2;"07:30";"1";"06";"2";"1";"1";5;43;7
"52632";"202100052632";2;"20:40";"3";"71";"1";"2";"1";7;46;4
"52633";"202100052633";2;"07:23";"2";"38";"1";"2";"1";3;45;4
"52634";"202100052634";2;"10:35";"1";"76";"1";"2";"1";3;49;0
"52635";"202100052635";1;"12:30";"1";"13";"1";"1";"1";2;43;5
"52636";"202100052636";2;"06:50";"3";"13";"1";"1";"1";2;43;5
"52637";"202100052637";2;"08:00";"3";"54";"1";"1";"3";2;48;6
"52638";"202100052638";2;"14:10";"1";"33";"1";"1";"1";3;44;0
"52639";"202100052639";2;"07:40";"2";"33";"1";"1";"1";2;44;0
"52640";"202100052640";2;"13:15";"1";"91";"1";"1";"1";7;48;2
"52641";"202100052641";2;"19:45";"3";"92";"1";"1";"1";2;48;2
"52642";"202100052642";2;"16:30";"1";"78";"1";"1";"1";2;48;2
"52643";"202100052643";2;"12:00";"1";"95";"1";"1";"2";6;49;2
"52644";"202100052644";2;"07:15";"3";"95";"1";"1";"1";4;49;2
"52645";"202100052645";2;"17:10";"1";"976";"2";"1";"1";1;-12;45
"52646";"202100052646";2;"20:35";"4";"69";"2";"2";"1";7;45;4
"52647";"202100052647";2;"15:25";"1";"972";"1";"1";"1";2;14;-61
"52648";"202100052648";2;"18:20";"5";"69";"2";"1";"2";1;45;4
"52649";"202100052649";2;"08:55";"1";"69";"2";"1";"2";1;45;4
"52650";"202100052650";2;"12:18";"1";"95";"2";"1";"1";1;49;2
"52651";"202100052651";1;"12:45";"1";"95";"2";"1";"1";2;48;2
"52652";"202100052652";2;"17:25";"1";"91";"2";"1";"1";1;48;2
"52653";"202100052653";2;"17:20";"1";"86";"2";"6";"2";3;46;0
"52654";"202100052654";2;"19:30";"5";"83";"2";"3";"1";2;43;5
"52655";"202100052655";1;"07:58";"2";"82";"2";"1";"1";6;44;1
"52656";"202100052656";2;"11:00";"1";"77";"2";"7";"8";6;48;2
"52657";"202100052657";2;"08:00";"1";"76";"2";"1";"1";5;49;1
"52658";"202100052658";2;"20:15";"5";"76";"2";"1";"1";2;49;0
"52659";"202100052659";2;"17:10";"1";"69";"2";"2";"1";3;45;4
"52660";"202100052660";2;"13:34";"1";"69";"2";"1";"2";3;45;4
"52661";"202100052661";2;"20:50";"5";"67";"2";"1";"8";6;48;7
"52662";"202100052662";2;"13:50";"1";"67";"2";"1";"2";6;48;7
"52663";"202100052663";1;"18:15";"5";"67";"2";"3";"1";3;48;7
"52664";"202100052664";2;"18:20";"5";"64";"2";"3";"1";7;43;-1
"52665";"202100052665";2;"10:45";"1";"64";"2";"6";"1";3;43;-1
"52666";"202100052666";2;"09:00";"1";"64";"2";"9";"1";3;43;-1
"52667";"202100052667";2;"14:25";"1";"59";"1";"1";"3";2;50;3
"52668";"202100052668";2;"17:26";"1";"51";"2";"1";"2";7;49;4
"52669";"202100052669";2;"15:45";"1";"51";"2";"1";"2";7;49;3
"52670";"202100052670";2;"13:45";"1";"50";"2";"2";"8";1;49;-1
"52671";"202100052671";1;"17:00";"1";"49";"2";"1";"1";6;47;0
"52672";"202100052672";1;"18:12";"2";"49";"2";"1";"1";7;47;0
"52673";"202100052673";2;"13:10";"1";"44";"2";"6";"1";6;47;-1
"52674";"202100052674";2;"08:30";"1";"40";"1";"1";"1";1;43;-1
"52675";"202100052675";2;"17:45";"2";"38";"2";"2";"1";6;45;5
"52676";"202100052676";2;"07:50";"2";"37";"2";"6";"8";6;47;0
"52677";"202100052677";2;"00:02";"5";"33";"2";"2";"1";3;44;0
"52678";"202100052678";2;"15:15";"1";"33";"2";"3";"2";6;44;0
"52679";"202100052679";2;"14:20";"1";"31";"2";"1";"1";1;43;1
"52680";"202100052680";2;"08:10";"2";"29";"2";"1";"3";6;48;-4
"52681";"202100052681";2;"13:22";"1";"27";"2";"3";"2";6;49;1
"52682";"202100052682";2;"13:10";"1";"13";"2";"1";"1";3;43;5
"52683";"202100052683";2;"14:27";"1";"13";"2";"1";"1";1;43;5
"52684";"202100052684";2;"18:19";"5";"06";"2";"2";"1";3;43;7
"52685";"202100052685";2;"17:50";"2";"75";"2";"1";"1";3;48;2
"52686";"202100052686";2;"09:10";"1";"75";"2";"1";"1";2;48;2
"52687";"202100052687";2;"18:35";"5";"75";"2";"1";"8";3;48;2
"52688";"202100052688";2;"11:55";"1";"75";"2";"2";"2";3;48;2
"52689";"202100052689";2;"14:18";"1";"75";"2";"1";"2";3;48;2
"52690";"202100052690";2;"07:50";"1";"75";"2";"3";"2";3;48;2
"52691";"202100052691";2;"07:45";"4";"75";"2";"3";"3";3;48;2
"52692";"202100052692";2;"16:20";"1";"75";"2";"2";"1";3;48;2
"52693";"202100052693";2;"07:40";"5";"75";"2";"2";"3";2;48;2
"52694";"202100052694";2;"09:25";"1";"75";"2";"5";"2";6;48;2
"52695";"202100052695";2;"08:55";"1";"75";"2";"2";"2";6;48;2
"52696";"202100052696";2;"06:10";"5";"94";"2";"2";"2";3;48;2
"52697";"202100052697";2;"02:40";"5";"94";"2";"1";"2";7;48;2
"52698";"202100052698";2;"12:58";"1";"94";"2";"1";"2";3;48;2
"52699";"202100052699";2;"19:40";"5";"93";"2";"6";"1";2;48;2
"52700";"202100052700";1;"14:50";"1";"93";"2";"1";"1";3;48;2
"52701";"202100052701";2;"09:30";"1";"93";"1";"8";"8";3;48;2
"52702";"202100052702";1;"18:20";"5";"92";"2";"1";"3";6;48;2
"52703";"202100052703";1;"09:09";"1";"92";"2";"1";"2";6;48;2
"52704";"202100052704";1;"18:30";"5";"92";"2";"3";"1";3;48;2
"52705";"202100052705";2;"06:50";"5";"92";"2";"1";"2";2;48;2
"52706";"202100052706";2;"08:05";"5";"92";"2";"2";"3";6;48;2
"52707";"202100052707";2;"07:20";"5";"92";"2";"4";"3";3;48;2
"52708";"202100052708";2;"13:10";"1";"92";"2";"3";"8";6;48;2
"52709";"202100052709";2;"12:30";"1";"92";"2";"1";"1";6;48;2
"52710";"202100052710";2;"20:10";"5";"92";"2";"1";"1";2;48;2
"52711";"202100052711";2;"11:15";"1";"92";"2";"9";"8";3;48;2
"52712";"202100052712";2;"09:58";"1";"54";"1";"1";"1";7;48;6
"52713";"202100052713";2;"06:00";"3";"11";"1";"1";"2";2;43;2
"52714";"202100052714";2;"16:50";"1";"49";"1";"1";"2";3;47;0
"52715";"202100052715";2;"18:50";"3";"34";"1";"1";"1";6;43;3
"52716";"202100052716";2;"05:20";"3";"83";"1";"1";"5";6;43;5
"52717";"202100052717";2;"11:50";"1";"55";"2";"1";"1";6;48;5
"52718";"202100052718";1;"16:30";"1";"42";"1";"1";"1";1;45;4
"52719";"202100052719";2;"17:20";"1";"46";"1";"3";"8";3;44;1
"52720";"202100052720";2;"19:50";"3";"47";"1";"1";"1";6;44;0
"52721";"202100052721";2;"04:15";"3";"29";"1";"4";"3";6;48;-3
"52722";"202100052722";2;"15:30";"1";"01";"2";"1";"1";3;46;5
"52723";"202100052723";2;"08:15";"2";"50";"1";"1";"2";3;49;-1
"52724";"202100052724";2;"10:45";"1";"60";"2";"3";"8";6;49;2
"52725";"202100052725";2;"17:15";"1";"24";"1";"1";"1";6;45;0
"52726";"202100052726";2;"06:48";"2";"27";"1";"2";"2";1;48;1
"52727";"202100052727";2;"07:15";"2";"08";"2";"1";"2";1;49;4
"52728";"202100052728";2;"00:10";"5";"988";"1";"1";"1";1;-22;166
"52729";"202100052729";2;"16:30";"1";"49";"1";"1";"1";7;47;0
"52730";"202100052730";2;"06:55";"2";"68";"1";"1";"1";4;47;7
"52731";"202100052731";2;"18:00";"1";"86";"1";"1";"1";1;46;0
"52732";"202100052732";2;"05:10";"3";"91";"1";"1";"8";6;48;2
"52733";"202100052733";2;"08:10";"1";"84";"1";"9";"5";5;43;4
"52734";"202100052734";2;"07:45";"2";"83";"1";"1";"1";4;43;5
"52735";"202100052735";2;"17:20";"2";"88";"2";"1";"2";6;48;6
"52736";"202100052736";2;"17:10";"1";"26";"2";"1";"8";1;44;4
"52737";"202100052737";2;"17:25";"2";"29";"1";"1";"1";6;48;-4
"52738";"202100052738";2;"11:00";"1";"60";"1";"1";"1";6;49;2
"52739";"202100052739";2;"16:40";"1";"94";"1";"1";"1";2;48;2
"52740";"202100052740";2;"17:00";"1";"91";"1";"1";"1";4;48;2
"52741";"202100052741";2;"13:10";"1";"95";"1";"1";"2";6;49;2
"52742";"202100052742";2;"14:10";"1";"988";"2";"3";"2";3;-22;166
"52743";"202100052743";2;"11:00";"1";"973";"2";"1";"1";1;4;-52
"52744";"202100052744";2;"15:30";"1";"69";"2";"2";"8";3;45;4
"52745";"202100052745";2;"11:55";"1";"69";"2";"2";"8";6;45;4
"52746";"202100052746";2;"18:50";"5";"972";"1";"1";"1";2;14;-61
"52747";"202100052747";2;"06:07";"2";"972";"2";"4";"2";6;14;-60
"52748";"202100052748";1;"07:00";"1";"972";"1";"1";"1";4;14;-60
"52749";"202100052749";2;"18:40";"3";"972";"1";"1";"1";5;14;-61
"52750";"202100052750";2;"09:50";"1";"972";"1";"1";"2";6;14;-61
"52751";"202100052751";2;"13:50";"1";"95";"1";"1";"1";7;48;2
"52752";"202100052752";2;"09:40";"1";"95";"2";"1";"2";6;48;2
"52753";"202100052753";2;"21:33";"5";"95";"2";"7";"1";3;49;2
"52754";"202100052754";2;"17:57";"5";"91";"2";"9";"1";1;48;2
"52755";"202100052755";1;"13:40";"1";"91";"2";"6";"1";3;48;2
"52756";"202100052756";2;"08:45";"1";"80";"1";"1";"5";3;49;2
"52757";"202100052757";1;"16:55";"1";"80";"2";"1";"1";2;49;2
"52758";"202100052758";1;"15:20";"1";"76";"1";"1";"1";6;49;0
"52759";"202100052759";2;"17:45";"4";"71";"2";"1";"2";3;46;4
"52760";"202100052760";2;"08:00";"1";"69";"2";"1";"2";6;45;4
"52761";"202100052761";2;"10:09";"1";"68";"2";"1";"1";5;47;7
"52762";"202100052762";1;"11:20";"1";"67";"2";"1";"2";6;48;7
"52763";"202100052763";2;"17:40";"1";"64";"1";"1";"1";3;43;0
"52764";"202100052764";2;"16:30";"1";"64";"2";"3";"1";2;43;0
"52765";"202100052765";2;"08:20";"1";"64";"2";"1";"1";6;43;-1
"52766";"202100052766";1;"17:45";"1";"59";"2";"8";"1";6;50;3
"52767";"202100052767";1;"12:10";"1";"56";"2";"1";"1";6;47;-2
"52768";"202100052768";2;"01:40";"5";"51";"2";"1";"1";6;49;4
"52769";"202100052769";2;"08:30";"1";"45";"2";"2";"2";3;47;1
"52770";"202100052770";1;"11:06";"1";"44";"2";"1";"2";1;47;-1
"52771";"202100052771";1;"17:55";"2";"44";"2";"1";"2";6;47;-1
"52772";"202100052772";2;"19:15";"2";"42";"1";"1";"2";6;45;4
"52773";"202100052773";2;"16:30";"1";"41";"1";"1";"1";7;47;1
"52774";"202100052774";2;"14:05";"1";"38";"2";"1";"8";5;45;5
"52775";"202100052775";2;"16:20";"1";"38";"2";"2";"1";6;45;5
"52776";"202100052776";2;"10:40";"1";"35";"2";"9";"1";6;48;-1
"52777";"202100052777";2;"11:50";"1";"33";"2";"2";"1";3;44;0
"52778";"202100052778";1;"16:00";"1";"33";"2";"2";"1";1;44;0
"52779";"202100052779";2;"07:45";"2";"33";"2";"6";"1";3;44;0
"52780";"202100052780";2;"07:10";"5";"33";"2";"4";"2";1;44;0
"52781";"202100052781";2;"13:00";"1";"30";"2";"2";"1";6;43;4
"52782";"202100052782";2;"15:05";"1";"30";"2";"6";"1";6;44;4
"52783";"202100052783";2;"08:30";"2";"29";"1";"1";"3";6;47;-4
"52784";"202100052784";2;"08:35";"2";"29";"2";"1";"2";2;48;-4
"52785";"202100052785";2;"15:25";"1";"29";"2";"6";"2";4;48;-4
"52786";"202100052786";2;"12:35";"1";"29";"2";"2";"2";3;48;-4
"52787";"202100052787";2;"10:40";"1";"15";"2";"3";"2";5;44;2
"52788";"202100052788";2;"14:30";"1";"13";"2";"1";"1";1;43;5
"52789";"202100052789";2;"13:15";"1";"13";"2";"2";"1";3;43;5
"52790";"202100052790";2;"12:50";"1";"13";"2";"1";"1";6;43;5
"52791";"202100052791";2;"11:15";"1";"11";"2";"1";"1";2;43;2
"52792";"202100052792";1;"19:30";"5";"11";"2";"1";"1";7;43;3
"52793";"202100052793";2;"09:28";"1";"10";"1";"1";"8";7;48;4
"52794";"202100052794";1;"16:10";"1";"09";"2";"1";"1";4;42;1
"52795";"202100052795";2;"13:20";"1";"09";"2";"3";"2";3;42;1
"52796";"202100052796";1;"14:35";"1";"07";"2";"6";"1";6;44;4
"52797";"202100052797";2;"11:34";"1";"06";"2";"1";"1";7;43;6
"52798";"202100052798";2;"15:25";"1";"06";"2";"1";"1";3;43;7
"52799";"202100052799";2;"15:55";"1";"06";"2";"9";"1";3;43;7
"52800";"202100052800";2;"07:50";"2";"75";"2";"1";"2";5;48;2
"52801";"202100052801";2;"17:35";"1";"75";"2";"5";"1";3;48;2
"52802";"202100052802";2;"19:45";"5";"75";"2";"2";"1";3;48;2
"52803";"202100052803";2;"18:10";"5";"75";"2";"2";"1";6;48;2
"52804";"202100052804";2;"18:30";"5";"75";"2";"5";"1";3;48;2
"52805";"202100052805";2;"16:10";"1";"75";"2";"4";"1";3;48;2
"52806";"202100052806";2;"07:45";"5";"75";"2";"3";"2";3;48;2
"52807";"202100052807";2;"20:20";"5";"94";"2";"3";"1";3;48;2
"52808";"202100052808";2;"17:10";"1";"94";"2";"1";"2";6;48;2
"52809";"202100052809";2;"14:50";"1";"94";"2";"1";"1";6;48;2
"52810";"202100052810";2;"09:30";"1";"93";"2";"1";"2";6;48;2
"52811";"202100052811";2;"19:20";"3";"93";"2";"1";"1";3;48;2
"52812";"202100052812";2;"13:30";"1";"93";"2";"9";"1";3;48;2
"52813";"202100052813";1;"23:40";"5";"93";"2";"3";"3";3;48;2
"52814";"202100052814";2;"15:35";"1";"93";"2";"1";"1";1;48;2
"52815";"202100052815";1;"17:50";"2";"92";"2";"3";"1";2;48;2
"52816";"202100052816";2;"18:00";"5";"92";"2";"1";"1";7;48;2
"52817";"202100052817";2;"11:50";"1";"92";"2";"3";"1";6;48;2
"52818";"202100052818";2;"08:35";"1";"92";"2";"3";"8";3;48;2
"52819";"202100052819";2;"17:50";"1";"92";"2";"1";"1";6;48;2
"52820";"202100052820";2;"13:00";"1";"39";"1";"1";"2";1;46;6
"52821";"202100052821";2;"11:45";"1";"62";"1";"1";"2";6;50;1
"52822";"202100052822";2;"08:30";"1";"24";"1";"1";"3";6;45;0
"52823";"202100052823";2;"11:00";"1";"56";"1";"1";"2";1;48;-3
"52824";"202100052824";1;"16:30";"1";"82";"2";"1";"2";6;44;1
"52825";"202100052825";2;"16:39";"1";"41";"1";"2";"2";1;47;1
"52826";"202100052826";2;"09:20";"1";"29";"1";"3";"8";3;47;-4
"52827";"202100052827";2;"11:10";"1";"31";"1";"1";"1";6;43;1
"52828";"202100052828";2;"10:30";"1";"18";"1";"1";"8";6;47;2
"52829";"202100052829";2;"12:05";"1";"24";"1";"1";"2";1;45;1
"52830";"202100052830";2;"07:00";"2";"30";"1";"1";"1";6;44;4
"52831";"202100052831";2;"19:56";"3";"48";"1";"1";"2";7;44;3
"52832";"202100052832";2;"17:20";"2";"77";"2";"1";"1";1;48;2
"52833";"202100052833";2;"07:45";"1";"06";"2";"1";"1";3;43;6
"52834";"202100052834";2;"07:00";"3";"69";"1";"1";"2";4;45;4
"52835";"202100052835";1;"10:50";"1";"06";"1";"1";"1";3;43;7
"52836";"202100052836";2;"08:30";"1";"38";"2";"1";"1";2;45;5
"52837";"202100052837";2;"11:30";"1";"45";"1";"1";"6";3;48;1
"52838";"202100052838";2;"14:27";"1";"13";"1";"1";"1";2;43;4
"52839";"202100052839";2;"08:30";"1";"971";"1";"1";"1";1;16;-61
"52840";"202100052840";2;"15:35";"1";"77";"1";"1";"1";1;48;2
"52841";"202100052841";1;"01:45";"5";"34";"2";"1";"1";6;43;3
"52842";"202100052842";1;"10:00";"1";"67";"1";"3";"7";3;48;7
"52843";"202100052843";2;"08:40";"1";"67";"1";"1";"2";4;48;7
"52844";"202100052844";2;"16:30";"1";"38";"1";"1";"2";6;45;4
"52845";"202100052845";2;"16:25";"1";"14";"1";"1";"1";6;49;0
"52846";"202100052846";2;"08:30";"1";"14";"2";"1";"8";4;49;0
"52847";"202100052847";2;"09:02";"1";"94";"1";"1";"2";7;48;2
"52848";"202100052848";2;"22:44";"3";"91";"1";"1";"1";2;48;2
"52849";"202100052849";2;"07:45";"2";"78";"1";"1";"2";5;48;2
"52850";"202100052850";2;"12:45";"1";"92";"1";"1";"1";3;48;2
"52851";"202100052851";2;"18:00";"3";"93";"1";"1";"1";3;48;2
"52852";"202100052852";2;"08:15";"2";"95";"1";"1";"2";2;48;2
"52853";"202100052853";2;"05:00";"3";"93";"1";"1";"2";7;48;2
"52854";"202100052854";1;"22:15";"3";"95";"1";"1";"3";2;48;2
"52855";"202100052855";2;"09:15";"1";"77";"1";"1";"2";7;48;2
"52856";"202100052856";2;"11:30";"1";"77";"1";"1";"2";6;48;2
"52857";"202100052857";2;"19:50";"5";"974";"2";"1";"1";7;-20;55
"52858";"202100052858";2;"07:55";"1";"973";"2";"3";"8";1;4;-52
"52859";"202100052859";2;"16:40";"1";"69";"2";"1";"2";2;45;4
"52860";"202100052860";1;"19:03";"5";"95";"2";"1";"2";3;48;2
"52861";"202100052861";2;"21:57";"5";"91";"2";"1";"9";2;48;2
"52862";"202100052862";2;"08:05";"2";"87";"2";"1";"3";6;45;1
"52863";"202100052863";1;"20:22";"5";"87";"2";"3";"2";3;45;1
"52864";"202100052864";1;"15:50";"1";"87";"2";"2";"1";3;45;1
"52865";"202100052865";1;"11:12";"1";"87";"1";"1";"1";2;45;1
"52866";"202100052866";2;"08:45";"1";"84";"1";"1";"2";6;43;4
"52867";"202100052867";1;"02:30";"3";"83";"2";"1";"1";7;43;5
"52868";"202100052868";2;"07:50";"2";"79";"2";"3";"2";3;46;0
"52869";"202100052869";2;"07:50";"5";"78";"2";"3";"2";2;48;2
"52870";"202100052870";1;"18:21";"3";"76";"1";"1";"1";5;49;1