"";"Num_Acc";"mois";"hrmn";"lum";"dep";"agg";"int";"atm";"col";"lat";"long"
"52871";"202100052871";1;"12:45";"1";"76";"1";"1";"1";1;49;0
"52872";"202100052872";1;"14:20";"1";"76";"2";"6";"2";7;49;0
"52873";"202100052873";2;"08:20";"1";"74";"2";"3";"2";3;46;6
"52874";"202100052874";1;"13:30";"1";"71";"2";"1";"1";6;46;4
"52875";"202100052875";1;"14:30";"1";"71";"1";"1";"1";7;46;4
"52876";"202100052876";2;"17:00";"1";"66";"2";"1";"1";6;42;2
"52877";"202100052877";2;"19:05";"5";"64";"2";"2";"2";1;43;0
"52878";"202100052878";2;"17:55";"3";"59";"2";"1";"2";6;50;3
"52879";"202100052879";1;"10:45";"1";"59";"2";"9";"1";6;51;2
"52880";"202100052880";1;"18:00";"3";"54";"2";"1";"2";6;48;6
"52881";"202100052881";2;"13:55";"1";"51";"2";"1";"2";2;49;4
"52882";"202100052882";1;"18:55";"3";"41";"2";"1";"2";7;47;1
"52883";"202100052883";1;"12:15";"1";"37";"1";"3";"2";6;47;0
"52884";"202100052884";2;"07:57";"2";"37";"2";"6";"1";2;47;0
"52885";"202100052885";2;"07:40";"2";"37";"2";"3";"1";7;47;0
"52886";"202100052886";1;"03:20";"5";"37";"2";"1";"2";7;47;0
"52887";"202100052887";1;"12:05";"1";"37";"2";"1";"1";3;47;0
"52888";"202100052888";2;"17:30";"1";"33";"2";"1";"1";6;44;0
"52889";"202100052889";2;"16:40";"1";"33";"1";"1";"1";4;44;0
"52890";"202100052890";1;"17:15";"1";"33";"2";"4";"1";3;44;0
"52891";"202100052891";2;"09:25";"1";"33";"2";"3";"2";1;44;0
"52892";"202100052892";1;"09:28";"1";"33";"2";"1";"1";6;44;0
"52893";"202100052893";1;"22:00";"5";"31";"2";"1";"2";2;43;1
"52894";"202100052894";2;"14:58";"1";"31";"1";"1";"6";7;43;0
"52895";"202100052895";1;"18:50";"3";"22";"2";"1";"1";6;48;-2
"52896";"202100052896";1;"17:20";"1";"19";"2";"1";"1";2;45;1
"52897";"202100052897";2;"15:48";"1";"17";"2";"2";"1";3;46;-1
"52898";"202100052898";2;"19:50";"5";"13";"2";"1";"1";3;43;5
"52899";"202100052899";2;"11:00";"1";"13";"2";"9";"1";3;43;5
"52900";"202100052900";2;"09:30";"1";"13";"2";"1";"2";4;43;5
"52901";"202100052901";2;"06:35";"3";"13";"2";"1";"2";6;43;5
"52902";"202100052902";1;"17:50";"2";"13";"2";"1";"1";6;43;5
"52903";"202100052903";1;"11:35";"1";"11";"2";"1";"2";3;43;2
"52904";"202100052904";2;"11:15";"1";"06";"1";"1";"1";7;43;6
"52905";"202100052905";1;"18:00";"5";"75";"2";"1";"2";2;48;2
"52906";"202100052906";2;"08:52";"1";"75";"2";"4";"2";5;48;2
"52907";"202100052907";1;"20:45";"5";"75";"2";"2";"2";3;48;2
"52908";"202100052908";2;"16:30";"1";"75";"2";"3";"1";6;48;2
"52909";"202100052909";2;"13:00";"1";"75";"2";"2";"1";3;48;2
"52910";"202100052910";1;"22:45";"5";"75";"2";"4";"2";6;48;2
"52911";"202100052911";2;"21:25";"5";"75";"2";"2";"1";3;48;2
"52912";"202100052912";2;"02:44";"5";"75";"2";"2";"2";6;48;2
"52913";"202100052913";2;"07:35";"2";"75";"2";"3";"2";7;48;2
"52914";"202100052914";2;"18:59";"5";"75";"2";"4";"1";3;48;2
"52915";"202100052915";2;"12:10";"1";"75";"2";"3";"1";3;48;2
"52916";"202100052916";2;"17:00";"2";"75";"2";"4";"8";6;48;2
"52917";"202100052917";2;"15:15";"1";"75";"2";"3";"1";6;48;2
"52918";"202100052918";1;"12:15";"1";"94";"2";"3";"1";3;48;2
"52919";"202100052919";1;"17:10";"1";"94";"2";"3";"2";7;48;2
"52920";"202100052920";1;"19:15";"5";"94";"2";"6";"2";3;48;2
"52921";"202100052921";2;"21:15";"5";"93";"2";"2";"1";3;48;2
"52922";"202100052922";2;"06:45";"5";"93";"2";"1";"2";6;48;2
"52923";"202100052923";1;"09:55";"1";"93";"2";"1";"2";1;48;2
"52924";"202100052924";2;"10:15";"1";"93";"2";"3";"2";6;48;2
"52925";"202100052925";2;"13:45";"1";"92";"2";"2";"8";3;48;2
"52926";"202100052926";2;"19:30";"5";"92";"2";"1";"1";3;48;2
"52927";"202100052927";2;"16:45";"1";"50";"1";"1";"1";1;48;-1
"52928";"202100052928";2;"14:35";"1";"49";"2";"1";"1";1;47;0
"52929";"202100052929";2;"09:15";"1";"12";"1";"1";"1";1;44;1
"52930";"202100052930";2;"17:50";"3";"01";"1";"1";"3";7;45;4
"52931";"202100052931";2;"07:30";"3";"41";"1";"1";"1";6;47;1
"52932";"202100052932";2;"19:50";"3";"26";"1";"1";"2";2;44;4
"52933";"202100052933";2;"18:07";"3";"01";"1";"1";"2";4;46;6
"52934";"202100052934";2;"16:45";"1";"74";"2";"5";"2";1;46;6
"52935";"202100052935";2;"13:45";"1";"31";"2";"6";"1";3;43;1
"52936";"202100052936";2;"02:30";"3";"19";"1";"1";"3";7;45;1
"52937";"202100052937";2;"08:35";"1";"79";"2";"1";"2";7;46;0
"52938";"202100052938";2;"12:00";"1";"11";"1";"1";"1";6;42;2
"52939";"202100052939";2;"04:35";"3";"86";"1";"1";"3";6;46;0
"52940";"202100052940";1;"18:00";"2";"44";"1";"1";"1";4;47;-1
"52941";"202100052941";1;"07:30";"2";"60";"2";"1";"1";1;49;2
"52942";"202100052942";1;"18:25";"3";"16";"1";"1";"1";6;45;0
"52943";"202100052943";1;"21:45";"3";"988";"1";"1";"1";6;-22;166
"52944";"202100052944";2;"11:11";"1";"33";"1";"1";"1";2;44;0
"52945";"202100052945";2;"17:30";"1";"69";"1";"3";"2";3;45;4
"52946";"202100052946";2;"16:15";"1";"22";"1";"1";"1";3;48;-2
"52947";"202100052947";2;"08:03";"2";"38";"1";"1";"3";4;45;5
"52948";"202100052948";2;"19:08";"3";"76";"1";"1";"1";2;49;1
"52949";"202100052949";2;"18:15";"1";"987";"2";"1";"1";2;-23;-149
"52950";"202100052950";2;"15:30";"1";"974";"1";"1";"1";1;-21;55
"52951";"202100052951";1;"11:30";"1";"91";"1";"1";"2";6;48;2
"52952";"202100052952";1;"11:00";"1";"34";"1";"1";"1";6;43;4
"52953";"202100052953";2;"13:00";"1";"04";"1";"1";"1";7;44;6
"52954";"202100052954";2;"16:00";"1";"68";"1";"1";"2";1;47;7
"52955";"202100052955";1;"17:10";"2";"38";"2";"1";"1";6;45;4
"52956";"202100052956";2;"07:00";"5";"38";"2";"1";"2";3;45;5
"52957";"202100052957";2;"10:40";"1";"38";"1";"1";"2";1;45;5
"52958";"202100052958";1;"09:00";"1";"26";"1";"1";"1";6;44;4
"52959";"202100052959";1;"17:00";"1";"33";"1";"1";"1";3;45;0
"52960";"202100052960";2;"04:00";"3";"69";"1";"1";"2";2;45;4
"52961";"202100052961";1;"17:50";"5";"69";"1";"1";"8";3;45;4
"52962";"202100052962";1;"15:44";"1";"59";"1";"1";"2";2;50;3
"52963";"202100052963";2;"11:50";"1";"78";"1";"1";"1";3;48;2
"52964";"202100052964";1;"13:00";"1";"95";"1";"1";"1";7;48;2
"52965";"202100052965";1;"16:20";"1";"988";"2";"3";"1";1;-22;166
"52966";"202100052966";1;"17:15";"1";"973";"2";"2";"1";5;4;-52
"52967";"202100052967";1;"03:20";"5";"69";"2";"3";"1";7;45;4
"52968";"202100052968";1;"09:45";"1";"69";"2";"3";"2";2;45;4
"52969";"202100052969";1;"16:50";"1";"69";"2";"1";"1";3;45;4
"52970";"202100052970";1;"16:25";"1";"62";"2";"9";"2";3;50;2
"52971";"202100052971";1;"17:05";"2";"62";"2";"4";"1";6;50;1
"52972";"202100052972";1;"12:50";"1";"45";"2";"1";"2";2;48;2
"52973";"202100052973";1;"09:56";"1";"44";"2";"1";"8";6;47;-1
"52974";"202100052974";1;"10:05";"1";"34";"1";"1";"1";1;43;3
"52975";"202100052975";1;"18:45";"5";"33";"2";"2";"1";1;44;0
"52976";"202100052976";1;"12:05";"1";"33";"2";"9";"2";6;44;0
"52977";"202100052977";1;"19:45";"5";"33";"2";"6";"2";6;44;-1
"52978";"202100052978";1;"16:30";"1";"29";"2";"3";"1";3;48;-4
"52979";"202100052979";1;"16:43";"2";"13";"2";"2";"1";6;43;5
"52980";"202100052980";1;"10:15";"1";"13";"2";"1";"1";1;43;5
"52981";"202100052981";1;"14:35";"1";"11";"2";"3";"2";3;43;2
"52982";"202100052982";1;"17:45";"1";"09";"1";"1";"8";5;42;1
"52983";"202100052983";1;"13:50";"1";"06";"2";"1";"1";2;43;6
"52984";"202100052984";1;"01:54";"5";"75";"2";"1";"2";6;48;2
"52985";"202100052985";1;"10:36";"1";"75";"2";"1";"8";6;48;2
"52986";"202100052986";1;"20:50";"5";"75";"2";"2";"3";2;48;2
"52987";"202100052987";1;"11:30";"1";"75";"2";"7";"2";2;48;2
"52988";"202100052988";1;"20:45";"5";"75";"2";"2";"2";3;48;2
"52989";"202100052989";1;"11:10";"1";"75";"2";"3";"2";6;48;2
"52990";"202100052990";1;"17:30";"2";"75";"2";"2";"2";7;48;2
"52991";"202100052991";1;"13:00";"1";"75";"2";"3";"2";6;48;2
"52992";"202100052992";1;"15:40";"1";"94";"2";"3";"2";6;48;2
"52993";"202100052993";1;"20:15";"5";"93";"2";"3";"3";3;48;2
"52994";"202100052994";1;"23:30";"5";"93";"2";"2";"3";6;48;2
"52995";"202100052995";1;"10:55";"1";"93";"2";"1";"2";3;48;2
"52996";"202100052996";1;"20:40";"3";"93";"2";"6";"2";1;48;2
"52997";"202100052997";1;"12:55";"1";"92";"2";"1";"2";3;48;2
"52998";"202100052998";1;"17:00";"1";"47";"1";"1";"2";1;44;0
"52999";"202100052999";1;"11:25";"1";"69";"2";"6";"2";6;45;4
"53000";"202100053000";1;"01:30";"3";"63";"1";"1";"1";6;46;3
"53001";"202100053001";1;"15:20";"1";"74";"1";"3";"1";3;45;6
"53002";"202100053002";2;"07:20";"1";"974";"1";"1";"1";5;-21;55
"53003";"202100053003";1;"18:20";"2";"56";"1";"1";"2";6;47;-2
"53004";"202100053004";1;"16:05";"1";"56";"1";"1";"2";6;47;-2
"53005";"202100053005";2;"15:30";"1";"32";"1";"1";"2";3;44;0
"53006";"202100053006";1;"11:30";"1";"61";"2";"1";"1";6;48;0
"53007";"202100053007";1;"17:45";"2";"61";"1";"1";"2";2;48;0
"53008";"202100053008";2;"08:15";"1";"25";"1";"1";"3";1;46;6
"53009";"202100053009";1;"22:15";"3";"84";"1";"1";"1";7;43;5
"53010";"202100053010";1;"08:40";"2";"17";"1";"2";"1";3;45;0
"53011";"202100053011";1;"11:00";"1";"87";"1";"1";"3";7;45;0
"53012";"202100053012";1;"14:14";"1";"18";"1";"1";"2";6;47;2
"53013";"202100053013";1;"06:30";"5";"06";"1";"1";"9";1;43;7
"53014";"202100053014";2;"14:10";"1";"78";"1";"3";"8";7;48;1
"53015";"202100053015";1;"16:35";"1";"66";"2";"3";"1";6;42;2
"53016";"202100053016";1;"09:55";"1";"38";"1";"1";"1";1;45;5
"53017";"202100053017";1;"07:40";"1";"01";"1";"3";"1";4;45;5
"53018";"202100053018";1;"15:45";"1";"69";"2";"3";"1";3;45;4
"53019";"202100053019";1;"09:50";"1";"69";"1";"1";"1";6;45;4
"53020";"202100053020";2;"09:25";"1";"31";"2";"6";"2";6;43;1
"53021";"202100053021";1;"18:10";"2";"87";"1";"1";"3";6;45;1
"53022";"202100053022";1;"16:10";"1";"33";"2";"1";"1";6;44;0
"53023";"202100053023";2;"03:15";"3";"29";"1";"3";"3";6;48;-4
"53024";"202100053024";1;"08:19";"1";"22";"1";"2";"1";3;48;-2
"53025";"202100053025";1;"22:00";"3";"60";"1";"1";"2";1;49;2
"53026";"202100053026";1;"16:15";"1";"13";"1";"1";"2";2;43;5
"53027";"202100053027";1;"18:15";"3";"13";"1";"1";"1";2;43;5
"53028";"202100053028";1;"17:50";"2";"13";"1";"1";"1";2;43;5
"53029";"202100053029";1;"09:18";"1";"13";"1";"1";"1";7;43;5
"53030";"202100053030";1;"18:22";"5";"69";"1";"1";"1";2;45;4
"53031";"202100053031";1;"18:25";"3";"69";"1";"1";"1";6;45;4
"53032";"202100053032";1;"08:05";"2";"69";"2";"1";"8";5;45;4
"53033";"202100053033";1;"19:00";"3";"91";"1";"1";"2";2;48;2
"53034";"202100053034";1;"07:00";"3";"91";"1";"9";"1";6;48;2
"53035";"202100053035";1;"20:45";"3";"95";"1";"1";"2";2;48;2
"53036";"202100053036";1;"21:20";"2";"93";"1";"1";"2";6;48;2
"53037";"202100053037";1;"16:20";"1";"77";"1";"1";"2";2;48;2
"53038";"202100053038";1;"14:20";"1";"77";"1";"1";"1";2;48;2
"53039";"202100053039";1;"14:20";"1";"77";"1";"1";"1";7;48;2
"53040";"202100053040";1;"07:10";"3";"94";"1";"1";"3";6;48;2
"53041";"202100053041";1;"21:30";"5";"988";"2";"3";"1";2;-22;166
"53042";"202100053042";1;"10:45";"1";"974";"2";"3";"1";3;-20;55
"53043";"202100053043";1;"14:00";"1";"69";"2";"1";"2";2;45;4
"53044";"202100053044";1;"06:15";"2";"972";"1";"1";"1";2;14;-61
"53045";"202100053045";1;"15:03";"1";"972";"2";"1";"1";1;14;-61
"53046";"202100053046";1;"20:30";"5";"971";"2";"4";"1";3;16;-61
"53047";"202100053047";1;"12:40";"1";"83";"2";"2";"8";2;43;6
"53048";"202100053048";1;"22:45";"5";"76";"2";"1";"3";6;49;1
"53049";"202100053049";1;"00:10";"3";"71";"2";"1";"3";7;46;4
"53050";"202100053050";1;"03:05";"5";"59";"2";"2";"2";6;50;3
"53051";"202100053051";1;"15:00";"1";"59";"2";"2";"3";6;50;3
"53052";"202100053052";1;"17:32";"5";"54";"2";"2";"2";1;48;6
"53053";"202100053053";1;"16:35";"1";"50";"2";"1";"1";2;48;-1
"53054";"202100053054";1;"20:50";"5";"35";"2";"5";"3";1;48;-1
"53055";"202100053055";1;"11:20";"1";"34";"2";"6";"8";3;43;3
"53056";"202100053056";1;"12:20";"1";"33";"2";"3";"1";3;44;0
"53057";"202100053057";1;"08:10";"1";"33";"2";"2";"2";2;44;0
"53058";"202100053058";1;"10:00";"1";"29";"1";"1";"2";6;48;-4
"53059";"202100053059";1;"08:30";"1";"29";"1";"1";"8";6;47;-4
"53060";"202100053060";1;"14:41";"1";"29";"1";"1";"2";6;47;-4
"53061";"202100053061";1;"08:47";"1";"29";"2";"4";"1";3;48;-4
"53062";"202100053062";1;"15:43";"1";"29";"2";"6";"1";3;48;-4
"53063";"202100053063";1;"18:10";"5";"26";"2";"3";"2";5;44;4
"53064";"202100053064";1;"14:16";"1";"26";"2";"1";"1";3;44;4
"53065";"202100053065";1;"12:50";"1";"15";"1";"1";"3";6;44;2
"53066";"202100053066";1;"14:55";"1";"13";"2";"1";"2";6;43;5
"53067";"202100053067";1;"09:30";"1";"13";"2";"1";"1";5;43;5
"53068";"202100053068";1;"12:00";"1";"13";"2";"1";"1";6;43;5
"53069";"202100053069";1;"10:30";"1";"13";"2";"1";"1";6;43;5
"53070";"202100053070";1;"06:00";"5";"13";"2";"9";"1";3;43;5
"53071";"202100053071";1;"12:45";"1";"11";"2";"1";"2";6;43;2
"53072";"202100053072";1;"17:35";"2";"07";"2";"1";"1";3;44;4
"53073";"202100053073";1;"09:20";"1";"04";"2";"1";"1";3;43;5
"53074";"202100053074";1;"11:05";"1";"75";"2";"1";"1";7;48;2
"53075";"202100053075";1;"16:10";"1";"75";"2";"1";"2";7;48;2
"53076";"202100053076";1;"06:55";"5";"75";"2";"1";"1";3;48;2
"53077";"202100053077";1;"12:40";"1";"75";"2";"2";"2";6;48;2
"53078";"202100053078";1;"12:45";"1";"75";"2";"4";"2";3;48;2
"53079";"202100053079";1;"12:37";"1";"75";"2";"2";"1";6;48;2
"53080";"202100053080";1;"16:25";"1";"75";"2";"1";"2";3;48;2
"53081";"202100053081";1;"14:00";"1";"75";"2";"1";"2";6;48;2
"53082";"202100053082";1;"12:00";"1";"75";"2";"2";"1";6;48;2
"53083";"202100053083";1;"00:45";"5";"75";"2";"3";"1";6;48;2
"53084";"202100053084";1;"19:45";"5";"75";"2";"3";"2";3;48;2
"53085";"202100053085";1;"11:50";"1";"75";"2";"7";"2";3;48;2
"53086";"202100053086";1;"12:40";"1";"75";"2";"2";"1";6;48;2
"53087";"202100053087";1;"19:10";"5";"94";"2";"3";"1";2;48;2
"53088";"202100053088";1;"11:55";"1";"94";"2";"2";"1";3;48;2
"53089";"202100053089";1;"16:30";"1";"94";"2";"1";"2";1;48;2
"53090";"202100053090";1;"13:40";"1";"94";"2";"1";"8";7;48;2
"53091";"202100053091";1;"14:40";"1";"94";"2";"9";"1";6;48;2
"53092";"202100053092";1;"12:10";"1";"94";"2";"1";"1";6;48;2
"53093";"202100053093";1;"18:50";"5";"94";"2";"1";"1";4;48;2
"53094";"202100053094";1;"16:45";"1";"94";"2";"1";"2";6;48;2
"53095";"202100053095";1;"19:00";"5";"94";"2";"1";"2";6;48;2
"53096";"202100053096";1;"23:00";"3";"94";"1";"1";"1";7;48;2
"53097";"202100053097";1;"08:00";"2";"93";"2";"6";"3";3;48;2
"53098";"202100053098";1;"18:30";"1";"93";"2";"9";"2";6;48;2
"53099";"202100053099";1;"14:00";"1";"93";"2";"1";"8";1;48;2
"53100";"202100053100";1;"10:42";"1";"92";"2";"4";"1";3;48;2
"53101";"202100053101";1;"20:00";"5";"92";"2";"2";"1";3;48;2
"53102";"202100053102";1;"18:20";"5";"92";"2";"3";"2";7;48;2
"53103";"202100053103";1;"11:12";"1";"63";"1";"1";"1";7;45;3
"53104";"202100053104";1;"17:40";"2";"38";"2";"1";"2";1;45;4
"53105";"202100053105";1;"19:45";"3";"972";"1";"1";"1";1;14;-60
"53106";"202100053106";1;"22:30";"3";"26";"1";"1";"5";1;44;4
"53107";"202100053107";1;"10:40";"1";"974";"2";"1";"1";6;-21;55
"53108";"202100053108";1;"11:15";"1";"974";"1";"1";"1";5;-21;55
"53109";"202100053109";1;"16:10";"1";"57";"1";"1";"2";7;48;7
"53110";"202100053110";1;"11:45";"1";"80";"1";"2";"2";3;49;2
"53111";"202100053111";1;"19:45";"3";"11";"1";"1";"1";1;43;3
"53112";"202100053112";1;"21:00";"3";"71";"1";"1";"1";7;46;4
"53113";"202100053113";1;"23:40";"3";"55";"1";"1";"2";6;48;5
"53114";"202100053114";1;"11:30";"1";"49";"1";"1";"1";3;47;0
"53115";"202100053115";1;"14:45";"1";"34";"1";"1";"1";6;43;3
"53116";"202100053116";1;"08:50";"2";"38";"1";"1";"5";5;45;5
"53117";"202100053117";1;"22:30";"5";"18";"2";"1";"2";6;47;2
"53118";"202100053118";1;"08:00";"2";"27";"1";"1";"2";6;49;0
"53119";"202100053119";1;"12:49";"1";"28";"1";"1";"4";7;48;1
"53120";"202100053120";1;"15:20";"1";"973";"1";"1";"1";1;4;-52
"53121";"202100053121";1;"23:10";"5";"978";"1";"1";"1";3;18;-63
"53122";"202100053122";1;"16:10";"1";"51";"1";"1";"2";7;49;3
"53123";"202100053123";1;"17:00";"1";"33";"2";"1";"1";7;44;-1
"53124";"202100053124";1;"10:30";"1";"987";"2";"1";"1";3;-16;-151
"53125";"202100053125";1;"23:00";"3";"988";"2";"1";"1";6;-20;166
"53126";"202100053126";1;"09:25";"1";"66";"1";"1";"1";6;42;2
"53127";"202100053127";1;"16:00";"1";"11";"2";"3";"1";6;43;1
"53128";"202100053128";1;"16:30";"1";"57";"2";"1";"2";6;49;6
"53129";"202100053129";1;"18:00";"5";"73";"2";"1";"2";6;45;6
"53130";"202100053130";1;"17:30";"3";"38";"1";"1";"4";6;45;5
"53131";"202100053131";1;"11:00";"1";"79";"1";"1";"8";6;46;0
"53132";"202100053132";1;"12:05";"1";"61";"2";"6";"8";7;48;0
"53133";"202100053133";1;"09:25";"1";"61";"1";"1";"1";7;48;0
"53134";"202100053134";1;"18:08";"2";"14";"1";"1";"2";3;49;0
"53135";"202100053135";1;"18:00";"3";"27";"1";"2";"3";1;49;1
"53136";"202100053136";1;"20:40";"5";"60";"2";"1";"3";6;49;1
"53137";"202100053137";1;"19:40";"5";"59";"2";"3";"2";6;49;4
"53138";"202100053138";1;"22:45";"5";"59";"2";"1";"1";6;50;4
"53139";"202100053139";1;"17:50";"2";"13";"1";"1";"3";4;43;5
"53140";"202100053140";1;"18:22";"3";"38";"1";"1";"1";2;45;4
"53141";"202100053141";1;"12:00";"1";"91";"1";"1";"1";4;48;2
"53142";"202100053142";1;"05:35";"3";"91";"1";"1";"3";7;48;2
"53143";"202100053143";1;"11:45";"1";"92";"1";"1";"2";7;48;2
"53144";"202100053144";1;"09:00";"1";"92";"2";"1";"2";6;48;2
"53145";"202100053145";1;"19:20";"3";"78";"1";"1";"2";3;48;2
"53146";"202100053146";1;"18:00";"3";"78";"1";"1";"2";4;48;2
"53147";"202100053147";1;"14:30";"1";"95";"1";"1";"1";7;49;2
"53148";"202100053148";1;"06:20";"3";"93";"1";"1";"3";5;48;2
"53149";"202100053149";1;"22:45";"3";"92";"1";"1";"1";4;48;2
"53150";"202100053150";1;"21:30";"3";"92";"1";"1";"1";2;48;2
"53151";"202100053151";1;"16:45";"1";"988";"2";"1";"2";4;-22;166
"53152";"202100053152";1;"16:46";"1";"987";"2";"1";"1";3;-17;-149
"53153";"202100053153";1;"10:20";"1";"974";"1";"9";"1";6;-21;55
"53154";"202100053154";1;"12:20";"1";"974";"1";"1";"1";4;-20;55
"53155";"202100053155";1;"18:55";"5";"69";"1";"2";"1";3;45;4
"53156";"202100053156";1;"17:20";"2";"69";"2";"2";"1";3;45;4
"53157";"202100053157";1;"15:50";"1";"69";"2";"2";"1";6;45;4
"53158";"202100053158";1;"07:40";"1";"69";"2";"2";"1";5;45;4
"53159";"202100053159";1;"12:25";"1";"69";"2";"2";"2";3;45;4
"53160";"202100053160";1;"07:35";"2";"69";"2";"2";"2";2;45;4
"53161";"202100053161";1;"08:28";"1";"69";"2";"1";"2";7;45;4
"53162";"202100053162";1;"15:00";"1";"972";"1";"3";"1";3;14;-61
"53163";"202100053163";1;"14:05";"1";"972";"2";"1";"1";3;14;-61
"53164";"202100053164";1;"22:20";"5";"69";"2";"1";"1";3;45;4
"53165";"202100053165";1;"15:40";"1";"69";"2";"2";"1";3;45;4
"53166";"202100053166";1;"20:50";"5";"971";"2";"3";"1";1;16;-61
"53167";"202100053167";1;"16:40";"1";"91";"2";"1";"2";3;48;2
"53168";"202100053168";1;"09:10";"1";"91";"2";"3";"1";5;48;2
"53169";"202100053169";1;"15:38";"1";"87";"2";"2";"2";7;45;1
"53170";"202100053170";1;"07:39";"3";"87";"1";"1";"2";6;45;1
"53171";"202100053171";1;"15:32";"1";"87";"2";"1";"2";3;45;1
"53172";"202100053172";1;"10:10";"1";"83";"2";"3";"1";3;43;5
"53173";"202100053173";1;"21:00";"5";"83";"2";"1";"1";2;43;6
"53174";"202100053174";1;"10:00";"1";"83";"2";"2";"1";6;43;6
"53175";"202100053175";1;"07:50";"5";"80";"2";"2";"2";1;49;2
"53176";"202100053176";1;"11:25";"1";"78";"2";"1";"1";6;48;2
"53177";"202100053177";1;"17:55";"5";"78";"2";"1";"2";2;48;1
"53178";"202100053178";1;"08:00";"2";"78";"2";"3";"2";3;48;2
"53179";"202100053179";1;"13:30";"1";"77";"1";"1";"1";7;48;3
"53180";"202100053180";1;"16:00";"1";"76";"2";"1";"1";6;49;1
"53181";"202100053181";1;"16:10";"1";"76";"2";"1";"1";6;49;1
"53182";"202100053182";1;"18:15";"5";"76";"2";"1";"1";6;49;1
"53183";"202100053183";1;"18:00";"5";"76";"2";"2";"1";3;49;1
"53184";"202100053184";1;"15:25";"1";"71";"1";"1";"1";2;46;4
"53185";"202100053185";1;"17:10";"2";"71";"2";"3";"2";3;46;4
"53186";"202100053186";1;"18:20";"5";"69";"1";"2";"8";3;45;4
"53187";"202100053187";1;"16:10";"1";"67";"1";"1";"8";7;48;7
"53188";"202100053188";1;"12:10";"1";"67";"2";"8";"8";6;48;7
"53189";"202100053189";1;"12:40";"1";"67";"2";"1";"8";3;48;7
"53190";"202100053190";1;"08:40";"1";"64";"2";"1";"2";6;43;0
"53191";"202100053191";1;"09:59";"1";"63";"2";"2";"1";3;45;3
"53192";"202100053192";1;"21:21";"5";"63";"2";"4";"2";3;45;3
"53193";"202100053193";1;"17:12";"5";"62";"2";"1";"1";3;50;2
"53194";"202100053194";1;"08:30";"2";"59";"2";"1";"1";6;50;3
"53195";"202100053195";1;"12:05";"1";"59";"2";"3";"1";3;50;3
"53196";"202100053196";1;"18:45";"5";"57";"2";"1";"1";3;49;6
"53197";"202100053197";1;"16:45";"1";"56";"2";"1";"1";2;47;-2
"53198";"202100053198";1;"08:50";"1";"56";"2";"3";"8";2;47;-3
"53199";"202100053199";1;"18:15";"5";"51";"2";"1";"3";7;49;4
"53200";"202100053200";1;"15:25";"1";"51";"2";"1";"1";6;49;3
"53201";"202100053201";1;"10:00";"1";"49";"2";"2";"1";6;47;0
"53202";"202100053202";1;"13:45";"1";"49";"2";"1";"1";7;47;0
"53203";"202100053203";1;"16:05";"1";"47";"2";"3";"8";1;44;0
"53204";"202100053204";1;"11:10";"1";"40";"2";"6";"2";3;43;0
"53205";"202100053205";1;"16:55";"1";"38";"2";"2";"3";3;45;5
"53206";"202100053206";1;"21:10";"5";"37";"2";"2";"1";2;47;0
"53207";"202100053207";1;"13:15";"1";"37";"2";"3";"1";3;47;0
"53208";"202100053208";1;"18:00";"5";"35";"2";"1";"1";3;48;-1
"53209";"202100053209";1;"12:05";"1";"35";"1";"1";"1";6;48;-1
"53210";"202100053210";1;"10:35";"1";"35";"1";"1";"1";3;48;-1
"53211";"202100053211";1;"17:00";"1";"34";"2";"1";"1";6;43;3
"53212";"202100053212";1;"11:40";"1";"33";"2";"2";"1";3;44;0
"53213";"202100053213";1;"23:55";"5";"33";"2";"1";"2";7;44;-1
"53214";"202100053214";1;"18:15";"2";"31";"2";"1";"1";6;43;1
"53215";"202100053215";1;"13:40";"1";"31";"2";"1";"2";3;43;1
"53216";"202100053216";1;"19:20";"5";"30";"2";"3";"1";3;43;4
"53217";"202100053217";1;"16:10";"1";"30";"2";"9";"1";6;44;4
"53218";"202100053218";1;"16:30";"1";"28";"2";"6";"2";3;48;1
"53219";"202100053219";1;"08:10";"2";"21";"2";"3";"2";1;47;5
"53220";"202100053220";1;"08:59";"1";"17";"2";"2";"2";3;46;-1
"53221";"202100053221";1;"12:55";"1";"14";"1";"3";"2";1;49;0
"53222";"202100053222";1;"08:10";"1";"14";"2";"1";"1";6;49;0
"53223";"202100053223";1;"11:25";"1";"14";"2";"6";"1";3;49;0
"53224";"202100053224";1;"08:30";"1";"14";"2";"1";"2";3;49;0
"53225";"202100053225";1;"17:45";"5";"14";"2";"1";"3";6;49;0
"53226";"202100053226";1;"20:45";"5";"13";"2";"1";"1";3;43;5
"53227";"202100053227";1;"22:00";"5";"13";"2";"9";"1";6;43;5
"53228";"202100053228";1;"14:20";"1";"13";"2";"1";"1";4;43;5
"53229";"202100053229";1;"14:15";"1";"13";"2";"3";"1";3;43;5
"53230";"202100053230";1;"09:00";"1";"11";"2";"1";"1";2;43;2
"53231";"202100053231";1;"09:25";"1";"11";"2";"1";"1";2;43;3
"53232";"202100053232";1;"19:29";"5";"10";"2";"1";"8";5;48;4
"53233";"202100053233";1;"18:35";"5";"06";"2";"2";"1";3;43;7
"53234";"202100053234";1;"09:29";"1";"06";"2";"1";"1";6;43;7
"53235";"202100053235";1;"14:45";"1";"06";"2";"1";"1";4;43;7