"";"Num_Acc";"mois";"hrmn";"lum";"dep";"agg";"int";"atm";"col";"lat";"long"
"53236";"202100053236";1;"09:00";"1";"06";"2";"1";"1";7;43;7
"53237";"202100053237";1;"15:30";"1";"75";"2";"1";"2";4;48;2
"53238";"202100053238";1;"20:15";"5";"75";"2";"4";"1";2;48;2
"53239";"202100053239";1;"17:00";"1";"75";"2";"2";"2";3;48;2
"53240";"202100053240";1;"22:30";"5";"75";"2";"7";"2";3;48;2
"53241";"202100053241";1;"13:00";"1";"75";"2";"1";"8";3;48;2
"53242";"202100053242";1;"07:00";"5";"75";"2";"1";"2";6;48;2
"53243";"202100053243";1;"09:10";"1";"75";"2";"1";"1";3;48;2
"53244";"202100053244";1;"08:13";"1";"75";"2";"2";"1";3;48;2
"53245";"202100053245";1;"12:50";"1";"75";"2";"2";"1";3;48;2
"53246";"202100053246";1;"18:15";"5";"75";"2";"4";"1";6;48;2
"53247";"202100053247";1;"13:10";"1";"75";"2";"1";"8";3;48;2
"53248";"202100053248";1;"12:30";"1";"75";"2";"2";"2";7;48;2
"53249";"202100053249";1;"23:46";"5";"75";"2";"5";"2";6;48;2
"53250";"202100053250";1;"10:40";"1";"75";"2";"1";"2";6;48;2
"53251";"202100053251";1;"14:35";"1";"75";"2";"2";"2";3;48;2
"53252";"202100053252";1;"09:07";"1";"75";"2";"4";"1";6;48;2
"53253";"202100053253";1;"14:45";"1";"75";"2";"2";"1";5;48;2
"53254";"202100053254";1;"09:30";"1";"94";"2";"1";"1";6;48;2
"53255";"202100053255";1;"13:45";"1";"94";"2";"3";"2";6;48;2
"53256";"202100053256";1;"07:25";"5";"94";"2";"1";"2";6;48;2
"53257";"202100053257";1;"13:35";"1";"94";"2";"2";"2";3;48;2
"53258";"202100053258";1;"10:30";"1";"94";"2";"9";"1";6;48;2
"53259";"202100053259";1;"14:55";"1";"94";"2";"1";"2";6;48;2
"53260";"202100053260";1;"09:00";"1";"94";"2";"1";"8";6;48;2
"53261";"202100053261";1;"14:45";"1";"94";"2";"1";"2";7;48;2
"53262";"202100053262";1;"11:05";"1";"94";"2";"2";"2";3;48;2
"53263";"202100053263";1;"16:15";"1";"93";"2";"3";"2";6;48;2
"53264";"202100053264";1;"12:40";"1";"93";"2";"1";"1";2;48;2
"53265";"202100053265";1;"16:10";"1";"93";"2";"1";"1";6;48;2
"53266";"202100053266";1;"14:20";"1";"93";"2";"4";"2";3;48;2
"53267";"202100053267";1;"09:55";"1";"93";"2";"2";"2";6;48;2
"53268";"202100053268";1;"19:40";"5";"93";"2";"3";"2";3;48;2
"53269";"202100053269";1;"11:50";"1";"93";"2";"1";"1";6;48;2
"53270";"202100053270";1;"06:45";"2";"93";"2";"1";"1";6;48;2
"53271";"202100053271";1;"12:57";"1";"92";"2";"1";"1";3;48;2
"53272";"202100053272";1;"19:15";"5";"92";"2";"3";"2";3;48;2
"53273";"202100053273";1;"19:10";"5";"92";"2";"1";"1";3;48;2
"53274";"202100053274";1;"08:55";"1";"92";"2";"3";"8";6;48;2
"53275";"202100053275";1;"10:15";"1";"92";"2";"3";"8";3;48;2
"53276";"202100053276";1;"16:00";"1";"80";"2";"1";"2";6;50;2
"53277";"202100053277";1;"16:10";"1";"33";"2";"6";"3";3;44;0
"53278";"202100053278";1;"16:15";"1";"49";"1";"1";"1";1;47;0
"53279";"202100053279";1;"08:30";"2";"37";"1";"1";"2";5;47;0
"53280";"202100053280";1;"16:15";"1";"83";"1";"1";"2";6;43;5
"53281";"202100053281";1;"18:00";"5";"2B";"1";"1";"1";6;42;9
"53282";"202100053282";1;"16:50";"1";"65";"1";"1";"8";1;43;0
"53283";"202100053283";1;"16:50";"1";"11";"1";"1";"1";7;43;3
"53284";"202100053284";1;"18:30";"3";"44";"2";"1";"3";1;47;-1
"53285";"202100053285";1;"23:00";"3";"60";"1";"1";"2";6;49;1
"53286";"202100053286";1;"03:50";"3";"45";"2";"1";"2";6;48;2
"53287";"202100053287";1;"10:45";"1";"64";"1";"3";"3";3;43;-1
"53288";"202100053288";1;"14:25";"1";"27";"2";"2";"2";3;49;0
"53289";"202100053289";1;"17:00";"1";"01";"1";"1";"2";6;46;5
"53290";"202100053290";1;"08:30";"1";"06";"1";"1";"1";5;43;7
"53291";"202100053291";1;"11:00";"1";"55";"1";"1";"2";7;49;5
"53292";"202100053292";1;"19:30";"3";"988";"1";"1";"1";1;-22;166
"53293";"202100053293";1;"17:45";"1";"37";"2";"3";"1";3;47;0
"53294";"202100053294";1;"19:00";"3";"91";"1";"1";"2";3;48;2
"53295";"202100053295";1;"08:15";"1";"67";"2";"1";"2";6;48;7
"53296";"202100053296";1;"14:30";"1";"54";"1";"1";"8";7;48;6
"53297";"202100053297";1;"12:45";"1";"33";"1";"4";"1";1;45;0
"53298";"202100053298";1;"13:45";"1";"72";"2";"6";"1";3;47;0
"53299";"202100053299";1;"14:45";"1";"50";"2";"1";"3";6;49;0
"53300";"202100053300";1;"08:10";"2";"60";"2";"1";"3";6;49;2
"53301";"202100053301";1;"11:25";"1";"59";"1";"2";"3";3;50;3
"53302";"202100053302";1;"22:15";"3";"13";"1";"1";"2";7;43;5
"53303";"202100053303";1;"08:50";"1";"69";"1";"1";"1";2;45;4
"53304";"202100053304";1;"14:15";"1";"59";"1";"1";"2";5;50;3
"53305";"202100053305";1;"18:10";"5";"94";"1";"1";"1";4;48;2
"53306";"202100053306";1;"17:34";"3";"91";"1";"1";"2";7;48;2
"53307";"202100053307";1;"09:45";"1";"94";"1";"1";"2";4;48;2
"53308";"202100053308";1;"18:10";"4";"92";"1";"1";"2";3;48;2
"53309";"202100053309";1;"17:15";"1";"93";"1";"1";"2";4;48;2
"53310";"202100053310";1;"13:30";"1";"93";"1";"1";"1";2;48;2
"53311";"202100053311";1;"07:00";"2";"93";"1";"1";"1";5;48;2
"53312";"202100053312";1;"17:00";"1";"92";"1";"1";"1";2;48;2
"53313";"202100053313";1;"13:45";"1";"95";"1";"1";"2";4;48;2
"53314";"202100053314";1;"14:30";"1";"95";"1";"1";"1";6;48;2
"53315";"202100053315";1;"14:30";"1";"77";"1";"1";"1";4;48;2
"53316";"202100053316";1;"14:00";"1";"974";"1";"1";"1";7;-20;55
"53317";"202100053317";1;"18:10";"1";"973";"2";"1";"1";1;4;-52
"53318";"202100053318";1;"16:50";"1";"973";"2";"1";"1";1;4;-52
"53319";"202100053319";1;"14:10";"1";"973";"2";"1";"1";3;4;-52
"53320";"202100053320";1;"18:30";"5";"69";"2";"1";"2";6;45;4
"53321";"202100053321";1;"18:30";"5";"69";"2";"2";"2";3;45;4
"53322";"202100053322";1;"15:45";"1";"69";"2";"1";"2";1;45;4
"53323";"202100053323";1;"22:25";"5";"971";"2";"9";"8";2;16;-61
"53324";"202100053324";1;"20:40";"5";"95";"2";"2";"1";3;48;2
"53325";"202100053325";1;"14:30";"1";"84";"2";"1";"1";3;43;4
"53326";"202100053326";1;"16:15";"1";"79";"2";"1";"2";7;46;0
"53327";"202100053327";1;"19:15";"5";"77";"1";"3";"2";3;48;2
"53328";"202100053328";1;"16:14";"1";"65";"2";"1";"1";1;43;0
"53329";"202100053329";1;"18:15";"5";"64";"2";"3";"2";3;43;-1
"53330";"202100053330";1;"16:50";"1";"62";"2";"1";"1";5;50;1
"53331";"202100053331";1;"17:10";"1";"61";"2";"1";"2";6;48;0
"53332";"202100053332";1;"15:50";"1";"59";"2";"3";"1";3;50;3
"53333";"202100053333";1;"21:00";"5";"42";"2";"2";"8";3;46;4
"53334";"202100053334";1;"18:50";"5";"37";"2";"2";"2";6;47;0
"53335";"202100053335";1;"08:50";"1";"35";"2";"1";"2";6;48;-1
"53336";"202100053336";1;"15:32";"1";"35";"2";"1";"2";2;48;-1
"53337";"202100053337";1;"16:55";"1";"33";"2";"3";"1";3;44;0
"53338";"202100053338";1;"11:10";"1";"33";"2";"2";"1";6;44;0
"53339";"202100053339";1;"18:30";"3";"29";"1";"1";"3";4;47;-4
"53340";"202100053340";1;"17:20";"2";"29";"1";"1";"2";7;48;-4
"53341";"202100053341";1;"13:06";"1";"25";"2";"1";"1";6;47;6
"53342";"202100053342";1;"12:15";"1";"10";"2";"1";"8";2;48;4
"53343";"202100053343";1;"09:50";"1";"06";"2";"3";"1";3;43;7
"53344";"202100053344";1;"18:50";"5";"06";"2";"1";"1";7;43;7
"53345";"202100053345";1;"11:20";"1";"06";"1";"1";"1";6;43;7
"53346";"202100053346";1;"08:20";"2";"75";"2";"1";"2";2;48;2
"53347";"202100053347";1;"15:20";"1";"75";"2";"2";"1";3;48;2
"53348";"202100053348";1;"18:00";"5";"75";"2";"2";"2";6;48;2
"53349";"202100053349";1;"19:45";"5";"75";"2";"7";"2";6;48;2
"53350";"202100053350";1;"14:15";"1";"75";"2";"2";"1";6;48;2
"53351";"202100053351";1;"21:00";"5";"75";"2";"5";"2";3;48;2
"53352";"202100053352";1;"13:55";"1";"75";"2";"3";"8";2;48;2
"53353";"202100053353";1;"18:30";"5";"75";"2";"2";"2";6;48;2
"53354";"202100053354";1;"10:40";"1";"75";"2";"1";"8";3;48;2
"53355";"202100053355";1;"14:28";"1";"75";"2";"1";"1";2;48;2
"53356";"202100053356";1;"14:20";"1";"94";"2";"1";"8";2;48;2
"53357";"202100053357";1;"08:40";"1";"94";"2";"1";"8";1;48;2
"53358";"202100053358";1;"16:00";"1";"94";"2";"1";"8";2;48;2
"53359";"202100053359";1;"18:10";"5";"94";"2";"1";"2";4;48;2
"53360";"202100053360";1;"20:00";"5";"93";"2";"2";"2";1;48;2
"53361";"202100053361";1;"18:12";"5";"93";"2";"2";"1";3;48;2
"53362";"202100053362";1;"16:20";"2";"93";"2";"1";"4";1;48;2
"53363";"202100053363";1;"14:40";"1";"93";"2";"1";"2";4;48;2
"53364";"202100053364";1;"19:40";"5";"93";"2";"1";"2";1;48;2
"53365";"202100053365";1;"18:30";"3";"92";"2";"3";"1";3;48;2
"53366";"202100053366";1;"12:40";"1";"80";"2";"1";"2";6;50;2
"53367";"202100053367";1;"10:55";"1";"83";"2";"1";"1";6;43;6
"53368";"202100053368";1;"17:50";"2";"45";"2";"1";"1";7;47;2
"53369";"202100053369";1;"16:40";"1";"42";"1";"3";"1";3;46;4
"53370";"202100053370";1;"13:00";"1";"01";"2";"1";"1";1;46;5
"53371";"202100053371";1;"11:45";"1";"21";"1";"1";"2";7;47;4
"53372";"202100053372";1;"07:30";"5";"62";"2";"1";"2";6;50;2
"53373";"202100053373";1;"17:15";"2";"62";"2";"1";"2";1;50;3
"53374";"202100053374";1;"16:55";"1";"57";"1";"1";"3";6;48;7
"53375";"202100053375";1;"14:24";"1";"57";"1";"1";"2";6;49;6
"53376";"202100053376";1;"14:25";"1";"56";"1";"1";"2";6;48;-2
"53377";"202100053377";1;"16:45";"1";"67";"1";"3";"1";1;48;7
"53378";"202100053378";1;"09:15";"1";"63";"1";"1";"1";1;45;2
"53379";"202100053379";1;"21:45";"3";"42";"1";"1";"1";6;45;4
"53380";"202100053380";1;"17:45";"5";"02";"1";"2";"1";3;50;3
"53381";"202100053381";1;"19:30";"3";"26";"1";"4";"1";3;44;4
"53382";"202100053382";1;"07:15";"3";"72";"1";"9";"3";3;48;0
"53383";"202100053383";1;"14:40";"1";"43";"1";"3";"1";5;44;3
"53384";"202100053384";1;"07:15";"2";"21";"1";"1";"2";1;47;4
"53385";"202100053385";1;"12:25";"1";"27";"1";"1";"1";6;49;0
"53386";"202100053386";1;"03:55";"3";"28";"1";"1";"9";6;48;1
"53387";"202100053387";1;"15:10";"1";"48";"1";"1";"1";6;44;3
"53388";"202100053388";1;"11:42";"1";"08";"2";"1";"2";6;49;4
"53389";"202100053389";1;"11:55";"1";"01";"1";"1";"1";2;46;4
"53390";"202100053390";1;"14:00";"1";"987";"2";"1";"1";1;-17;-149
"53391";"202100053391";1;"05:15";"3";"67";"1";"1";"3";3;48;7
"53392";"202100053392";1;"14:27";"1";"28";"1";"1";"6";6;48;1
"53393";"202100053393";1;"17:00";"1";"977";"1";"1";"7";2;17;-62
"53394";"202100053394";1;"11:30";"1";"77";"1";"2";"2";3;49;2
"53395";"202100053395";1;"09:20";"1";"91";"1";"1";"2";1;48;2
"53396";"202100053396";1;"17:00";"2";"84";"2";"1";"1";2;43;5
"53397";"202100053397";1;"08:10";"1";"84";"1";"1";"9";6;43;5
"53398";"202100053398";1;"07:45";"3";"17";"1";"2";"8";6;45;0
"53399";"202100053399";1;"05:19";"3";"47";"1";"1";"2";3;44;0
"53400";"202100053400";1;"07:45";"2";"85";"1";"1";"1";1;46;-1
"53401";"202100053401";1;"20:30";"5";"29";"2";"1";"2";6;48;-4
"53402";"202100053402";1;"09:15";"1";"27";"1";"1";"6";3;49;0
"53403";"202100053403";1;"08:45";"1";"60";"2";"1";"1";6;49;2
"53404";"202100053404";1;"09:25";"1";"80";"1";"2";"8";3;49;2
"53405";"202100053405";1;"18:45";"3";"13";"1";"1";"1";4;43;5
"53406";"202100053406";1;"18:00";"3";"13";"1";"4";"1";5;43;5
"53407";"202100053407";1;"10:55";"1";"13";"1";"1";"1";3;43;5
"53408";"202100053408";1;"08:15";"1";"13";"1";"1";"1";2;43;5
"53409";"202100053409";1;"20:00";"5";"69";"1";"1";"2";2;45;4
"53410";"202100053410";1;"20:04";"3";"91";"1";"1";"1";2;48;2
"53411";"202100053411";1;"14:05";"1";"92";"1";"1";"1";6;48;2
"53412";"202100053412";1;"13:45";"1";"94";"1";"1";"2";4;48;2
"53413";"202100053413";1;"09:00";"1";"91";"1";"1";"2";3;48;2
"53414";"202100053414";1;"01:20";"3";"91";"1";"1";"2";6;48;2
"53415";"202100053415";1;"21:17";"3";"91";"1";"9";"2";5;48;2
"53416";"202100053416";1;"19:30";"5";"92";"1";"1";"8";2;48;2
"53417";"202100053417";1;"17:00";"1";"78";"1";"1";"2";4;48;2
"53418";"202100053418";1;"09:15";"1";"92";"1";"1";"1";4;48;2
"53419";"202100053419";1;"07:40";"3";"95";"1";"1";"2";2;48;2
"53420";"202100053420";1;"09:20";"1";"94";"1";"1";"2";5;48;2
"53421";"202100053421";1;"07:00";"3";"94";"1";"1";"2";4;48;2
"53422";"202100053422";1;"12:40";"1";"973";"2";"1";"1";3;4;-52
"53423";"202100053423";1;"15:40";"1";"972";"1";"1";"1";5;14;-60
"53424";"202100053424";1;"00:57";"3";"972";"1";"1";"1";6;14;-60
"53425";"202100053425";1;"08:00";"1";"972";"1";"1";"1";3;14;-61
"53426";"202100053426";1;"07:15";"1";"972";"1";"1";"1";2;14;-61
"53427";"202100053427";1;"20:00";"5";"972";"1";"1";"1";1;14;-61
"53428";"202100053428";1;"18:05";"5";"91";"2";"1";"2";6;48;2
"53429";"202100053429";1;"10:50";"1";"91";"2";"1";"8";6;48;2
"53430";"202100053430";1;"16:30";"1";"91";"2";"1";"1";6;48;2
"53431";"202100053431";1;"08:00";"2";"91";"2";"1";"2";2;48;2
"53432";"202100053432";1;"13:47";"1";"87";"2";"2";"1";3;45;1
"53433";"202100053433";1;"08:48";"5";"87";"2";"3";"1";6;45;1
"53434";"202100053434";1;"09:28";"1";"87";"2";"1";"1";2;45;1
"53435";"202100053435";1;"13:35";"1";"87";"2";"1";"1";6;45;1
"53436";"202100053436";1;"12:00";"1";"86";"2";"1";"1";6;46;0
"53437";"202100053437";1;"07:50";"5";"78";"2";"3";"1";6;48;2
"53438";"202100053438";1;"17:05";"2";"76";"2";"1";"2";2;49;1
"53439";"202100053439";1;"07:30";"5";"74";"2";"3";"1";6;46;6
"53440";"202100053440";1;"15:45";"1";"71";"2";"2";"2";4;46;4
"53441";"202100053441";1;"06:00";"5";"69";"2";"1";"1";7;45;4
"53442";"202100053442";1;"21:00";"5";"67";"2";"3";"1";6;48;7
"53443";"202100053443";1;"08:00";"2";"67";"2";"1";"1";3;48;7
"53444";"202100053444";1;"12:50";"1";"67";"2";"3";"1";3;48;7
"53445";"202100053445";1;"12:40";"1";"64";"2";"1";"1";5;43;0
"53446";"202100053446";1;"10:28";"1";"62";"2";"1";"1";2;50;1
"53447";"202100053447";1;"15:30";"1";"59";"2";"3";"1";3;50;3
"53448";"202100053448";1;"13:50";"1";"59";"2";"6";"1";3;50;3
"53449";"202100053449";1;"07:15";"5";"56";"2";"6";"2";3;47;-3
"53450";"202100053450";1;"18:40";"5";"56";"2";"3";"1";3;47;-3
"53451";"202100053451";1;"19:45";"5";"54";"2";"6";"1";6;48;6
"53452";"202100053452";1;"17:55";"2";"54";"2";"1";"1";6;48;6
"53453";"202100053453";1;"09:00";"1";"50";"2";"1";"2";6;48;-1
"53454";"202100053454";1;"14:30";"1";"50";"2";"1";"2";6;49;-1
"53455";"202100053455";1;"20:15";"5";"45";"2";"2";"2";3;47;1
"53456";"202100053456";1;"10:40";"1";"45";"2";"1";"2";1;48;2
"53457";"202100053457";1;"17:00";"1";"37";"2";"3";"3";6;47;0
"53458";"202100053458";1;"07:47";"5";"37";"2";"2";"2";6;47;0
"53459";"202100053459";1;"19:10";"5";"37";"2";"1";"1";4;47;0
"53460";"202100053460";1;"12:00";"1";"35";"2";"1";"2";3;48;-1
"53461";"202100053461";1;"08:25";"1";"34";"2";"1";"1";6;43;3
"53462";"202100053462";1;"23:15";"5";"33";"2";"2";"1";3;44;0
"53463";"202100053463";1;"15:05";"1";"29";"2";"1";"8";3;47;-4
"53464";"202100053464";1;"15:53";"1";"29";"2";"1";"2";6;48;-4
"53465";"202100053465";1;"17:00";"1";"29";"2";"6";"1";3;48;-4
"53466";"202100053466";1;"14:44";"1";"26";"2";"1";"1";3;45;5
"53467";"202100053467";1;"13:50";"1";"14";"2";"1";"8";6;49;0
"53468";"202100053468";1;"14:50";"1";"14";"2";"1";"1";4;49;0
"53469";"202100053469";1;"13:15";"1";"14";"2";"1";"1";6;49;0
"53470";"202100053470";1;"22:55";"5";"13";"2";"9";"1";3;43;5
"53471";"202100053471";1;"11:00";"1";"13";"2";"1";"1";1;43;5
"53472";"202100053472";1;"08:30";"1";"13";"2";"9";"1";5;43;5
"53473";"202100053473";1;"17:50";"2";"13";"2";"2";"1";6;43;5
"53474";"202100053474";1;"19:30";"5";"13";"2";"9";"1";2;43;5
"53475";"202100053475";1;"11:50";"1";"06";"2";"1";"1";6;43;7
"53476";"202100053476";1;"08:10";"2";"75";"2";"1";"1";7;48;2
"53477";"202100053477";1;"09:15";"1";"75";"2";"1";"8";3;48;2
"53478";"202100053478";1;"13:30";"1";"75";"2";"3";"1";3;48;2
"53479";"202100053479";1;"08:50";"1";"75";"2";"3";"1";6;48;2
"53480";"202100053480";1;"08:50";"1";"75";"2";"3";"2";7;48;2
"53481";"202100053481";1;"13:10";"1";"75";"2";"2";"4";3;48;2
"53482";"202100053482";1;"00:45";"5";"75";"2";"2";"2";3;48;2
"53483";"202100053483";1;"18:40";"5";"75";"2";"1";"9";2;48;2
"53484";"202100053484";1;"10:25";"1";"75";"2";"1";"2";6;48;2
"53485";"202100053485";1;"08:30";"1";"75";"2";"3";"2";6;48;2
"53486";"202100053486";1;"18:50";"5";"75";"2";"2";"2";6;48;2
"53487";"202100053487";1;"12:15";"1";"75";"2";"1";"1";6;48;2
"53488";"202100053488";1;"09:00";"1";"75";"2";"7";"1";7;48;2
"53489";"202100053489";1;"07:50";"5";"94";"2";"1";"2";6;48;2
"53490";"202100053490";1;"07:15";"5";"94";"2";"1";"2";3;48;2
"53491";"202100053491";1;"18:00";"5";"94";"2";"1";"1";4;48;2
"53492";"202100053492";1;"17:00";"1";"94";"2";"1";"1";1;48;2
"53493";"202100053493";1;"18:15";"5";"94";"2";"1";"2";3;48;2
"53494";"202100053494";1;"08:40";"1";"94";"2";"1";"2";3;48;2
"53495";"202100053495";1;"09:30";"1";"94";"2";"1";"1";3;48;2
"53496";"202100053496";1;"13:40";"1";"94";"2";"6";"1";3;48;2
"53497";"202100053497";1;"15:50";"1";"93";"2";"2";"2";5;48;2
"53498";"202100053498";1;"13:00";"1";"93";"2";"1";"2";4;48;2
"53499";"202100053499";1;"14:00";"1";"93";"2";"2";"2";3;48;2
"53500";"202100053500";1;"20:30";"5";"93";"2";"1";"2";2;48;2
"53501";"202100053501";1;"13:45";"1";"93";"2";"2";"1";6;48;2
"53502";"202100053502";1;"22:15";"5";"93";"2";"9";"1";3;48;2
"53503";"202100053503";1;"07:50";"2";"92";"2";"1";"2";2;48;2
"53504";"202100053504";1;"18:45";"5";"92";"2";"9";"2";3;48;2
"53505";"202100053505";1;"09:35";"1";"92";"2";"1";"8";7;48;2
"53506";"202100053506";1;"08:55";"1";"92";"2";"1";"8";6;48;2
"53507";"202100053507";1;"14:40";"1";"92";"2";"3";"1";6;48;2
"53508";"202100053508";1;"12:25";"1";"92";"2";"1";"1";5;48;2
"53509";"202100053509";1;"22:00";"3";"62";"1";"2";"5";3;50;2
"53510";"202100053510";1;"16:15";"1";"85";"1";"1";"2";1;46;0
"53511";"202100053511";1;"22:10";"5";"974";"2";"1";"1";6;-21;55
"53512";"202100053512";1;"15:00";"1";"01";"1";"1";"1";1;46;5
"53513";"202100053513";1;"07:45";"2";"89";"1";"1";"2";7;48;3
"53514";"202100053514";1;"14:15";"1";"56";"2";"1";"2";6;47;-2
"53515";"202100053515";1;"17:15";"1";"78";"1";"1";"7";6;48;1
"53516";"202100053516";1;"16:00";"1";"76";"1";"1";"8";1;49;1
"53517";"202100053517";1;"14:20";"1";"71";"1";"1";"2";3;46;4
"53518";"202100053518";1;"10:10";"1";"63";"1";"1";"1";6;45;3
"53519";"202100053519";1;"14:00";"1";"49";"2";"1";"2";7;47;0
"53520";"202100053520";1;"14:10";"1";"12";"1";"1";"2";3;44;2
"53521";"202100053521";1;"15:20";"1";"47";"1";"1";"1";6;44;0
"53522";"202100053522";1;"11:00";"1";"29";"2";"1";"1";6;48;-4
"53523";"202100053523";1;"18:20";"3";"15";"1";"1";"8";5;44;2
"53524";"202100053524";1;"15:00";"1";"64";"2";"7";"1";6;43;0
"53525";"202100053525";1;"17:55";"3";"73";"1";"1";"2";6;45;6
"53526";"202100053526";1;"08:15";"2";"53";"2";"1";"2";6;47;0
"53527";"202100053527";1;"15:25";"1";"27";"2";"1";"8";6;49;0
"53528";"202100053528";1;"12:00";"1";"37";"1";"1";"1";3;47;0
"53529";"202100053529";1;"08:15";"1";"30";"2";"1";"1";6;44;4
"53530";"202100053530";1;"18:15";"2";"69";"2";"2";"2";3;45;4
"53531";"202100053531";1;"10:00";"1";"91";"1";"1";"1";1;48;2
"53532";"202100053532";1;"18:05";"3";"69";"1";"1";"2";6;46;4
"53533";"202100053533";1;"13:45";"1";"974";"2";"1";"3";7;-21;55
"53534";"202100053534";1;"20:25";"5";"13";"2";"1";"1";3;43;5
"53535";"202100053535";1;"07:50";"2";"84";"1";"4";"9";6;43;5
"53536";"202100053536";1;"18:40";"3";"83";"1";"1";"1";6;43;6
"53537";"202100053537";1;"09:30";"1";"08";"1";"1";"3";6;49;4
"53538";"202100053538";1;"16:15";"1";"38";"2";"1";"2";6;45;5
"53539";"202100053539";1;"13:15";"1";"69";"2";"1";"2";6;45;5
"53540";"202100053540";1;"07:15";"2";"61";"1";"1";"3";3;48;0
"53541";"202100053541";1;"08:05";"2";"59";"1";"1";"3";1;50;3
"53542";"202100053542";1;"18:00";"3";"13";"1";"1";"1";2;43;5
"53543";"202100053543";1;"20:15";"3";"13";"1";"1";"1";3;43;5
"53544";"202100053544";1;"09:30";"1";"13";"1";"1";"1";3;43;5
"53545";"202100053545";1;"16:05";"1";"69";"1";"1";"3";3;45;4
"53546";"202100053546";1;"11:00";"1";"33";"1";"1";"2";6;44;0
"53547";"202100053547";1;"15:20";"1";"93";"1";"1";"2";3;48;2
"53548";"202100053548";1;"00:20";"3";"93";"1";"1";"2";6;48;2
"53549";"202100053549";1;"21:10";"2";"93";"1";"1";"1";3;48;2
"53550";"202100053550";1;"00:40";"3";"93";"1";"1";"1";6;48;2
"53551";"202100053551";1;"13:50";"1";"988";"2";"3";"1";3;-22;166
"53552";"202100053552";1;"12:35";"1";"974";"2";"1";"1";2;-21;55
"53553";"202100053553";1;"15:15";"1";"974";"1";"1";"1";6;-21;55
"53554";"202100053554";1;"06:18";"1";"974";"2";"3";"1";3;-20;55
"53555";"202100053555";1;"07:55";"1";"974";"2";"3";"1";3;-20;55
"53556";"202100053556";1;"14:15";"1";"973";"1";"1";"1";2;4;-52
"53557";"202100053557";1;"11:30";"1";"973";"1";"6";"1";3;4;-52
"53558";"202100053558";1;"12:10";"1";"69";"2";"1";"1";3;45;4
"53559";"202100053559";1;"11:04";"1";"972";"1";"1";"1";6;14;-60
"53560";"202100053560";1;"11:10";"1";"972";"2";"1";"1";6;14;-61
"53561";"202100053561";1;"16:09";"1";"972";"1";"1";"1";4;14;-61
"53562";"202100053562";1;"21:05";"4";"972";"2";"1";"1";7;14;-61
"53563";"202100053563";1;"19:05";"5";"69";"2";"3";"1";3;45;4
"53564";"202100053564";1;"08:55";"1";"69";"2";"2";"1";6;45;4
"53565";"202100053565";1;"13:00";"1";"69";"2";"1";"8";1;45;4
"53566";"202100053566";1;"16:56";"1";"971";"2";"3";"1";3;16;-61
"53567";"202100053567";1;"14:53";"1";"95";"1";"3";"1";1;48;2
"53568";"202100053568";1;"20:30";"5";"91";"2";"1";"2";1;48;2
"53569";"202100053569";1;"18:30";"5";"91";"2";"9";"1";6;48;2
"53570";"202100053570";1;"17:23";"1";"87";"2";"3";"1";3;45;1
"53571";"202100053571";1;"14:12";"1";"87";"2";"3";"1";3;45;1
"53572";"202100053572";1;"18:50";"2";"87";"1";"1";"1";1;45;1
"53573";"202100053573";1;"14:05";"1";"87";"2";"1";"1";3;45;1
"53574";"202100053574";1;"07:58";"2";"81";"2";"1";"1";3;43;2
"53575";"202100053575";1;"12:38";"1";"77";"2";"6";"1";1;48;2
"53576";"202100053576";1;"08:00";"5";"76";"2";"1";"1";6;49;1
"53577";"202100053577";1;"08:45";"1";"74";"2";"9";"1";6;46;6
"53578";"202100053578";1;"16:00";"1";"73";"2";"2";"1";3;45;6
"53579";"202100053579";1;"10:30";"1";"71";"2";"6";"1";3;46;4
"53580";"202100053580";1;"09:10";"1";"69";"2";"3";"1";3;45;4
"53581";"202100053581";1;"07:30";"2";"69";"2";"1";"1";6;45;4
"53582";"202100053582";1;"16:52";"1";"65";"1";"1";"2";2;43;0
"53583";"202100053583";1;"20:15";"3";"62";"1";"1";"2";7;50;2
"53584";"202100053584";1;"14:35";"1";"59";"2";"2";"1";4;50;3
"53585";"202100053585";1;"19:30";"5";"59";"2";"1";"2";6;50;3
"53586";"202100053586";1;"21:45";"5";"58";"2";"1";"8";7;46;3
"53587";"202100053587";1;"17:15";"3";"57";"2";"1";"2";6;49;6
"53588";"202100053588";1;"17:15";"1";"54";"2";"2";"8";3;48;6
"53589";"202100053589";1;"14:01";"1";"51";"2";"1";"8";4;49;3
"53590";"202100053590";1;"16:35";"1";"50";"1";"2";"1";2;49;-1
"53591";"202100053591";1;"14:15";"1";"50";"2";"2";"1";3;49;-1
"53592";"202100053592";1;"10:20";"1";"49";"2";"1";"8";7;47;0
"53593";"202100053593";1;"11:25";"1";"49";"2";"6";"1";2;47;0
"53594";"202100053594";1;"10:45";"1";"49";"2";"3";"1";3;47;0
"53595";"202100053595";1;"08:30";"2";"49";"2";"2";"1";7;47;0
"53596";"202100053596";1;"08:15";"1";"45";"2";"1";"1";6;47;2
"53597";"202100053597";1;"08:25";"5";"45";"2";"1";"8";6;48;2
"53598";"202100053598";1;"07:30";"5";"44";"2";"1";"1";3;47;-1
"53599";"202100053599";1;"08:01";"2";"37";"2";"3";"1";6;47;0
"53600";"202100053600";1;"15:55";"1";"37";"2";"1";"1";4;47;0