"";"Num_Acc";"mois";"hrmn";"lum";"dep";"agg";"int";"atm";"col";"lat";"long"
"53601";"202100053601";1;"07:40";"2";"37";"2";"1";"1";7;47;0
"53602";"202100053602";1;"07:20";"2";"37";"2";"1";"9";7;47;0
"53603";"202100053603";1;"09:10";"1";"37";"2";"2";"9";2;47;0
"53604";"202100053604";1;"12:15";"1";"37";"2";"1";"2";7;47;0
"53605";"202100053605";1;"09:15";"1";"35";"2";"2";"1";1;48;-1
"53606";"202100053606";1;"08:05";"2";"35";"1";"1";"1";4;48;-1
"53607";"202100053607";1;"17:45";"1";"31";"2";"4";"1";3;43;1
"53608";"202100053608";1;"20:40";"5";"31";"2";"1";"1";7;43;1
"53609";"202100053609";1;"09:10";"1";"31";"2";"6";"2";2;43;0
"53610";"202100053610";1;"18:10";"3";"27";"2";"3";"8";3;49;1
"53611";"202100053611";1;"17:15";"1";"17";"2";"1";"2";2;46;-1
"53612";"202100053612";1;"08:10";"2";"15";"1";"1";"1";1;44;2
"53613";"202100053613";1;"14:40";"1";"14";"2";"2";"1";6;49;0
"53614";"202100053614";1;"16:00";"1";"13";"2";"1";"1";6;43;5
"53615";"202100053615";1;"15:00";"1";"13";"2";"1";"1";7;43;5
"53616";"202100053616";1;"12:15";"1";"13";"2";"3";"1";3;43;5
"53617";"202100053617";1;"12:28";"1";"13";"2";"2";"1";3;43;5
"53618";"202100053618";1;"11:00";"1";"13";"2";"1";"1";6;43;5
"53619";"202100053619";1;"16:45";"1";"13";"2";"9";"1";6;43;4
"53620";"202100053620";1;"10:00";"1";"11";"2";"3";"2";7;43;2
"53621";"202100053621";1;"06:40";"5";"10";"2";"3";"2";3;48;4
"53622";"202100053622";1;"08:10";"2";"06";"1";"1";"1";7;43;6
"53623";"202100053623";1;"10:45";"1";"06";"2";"1";"1";6;43;7
"53624";"202100053624";1;"13:10";"1";"75";"2";"4";"1";3;48;2
"53625";"202100053625";1;"08:20";"1";"75";"2";"7";"1";2;48;2
"53626";"202100053626";1;"05:00";"5";"75";"2";"1";"1";7;48;2
"53627";"202100053627";1;"09:00";"1";"75";"2";"1";"1";3;48;2
"53628";"202100053628";1;"08:10";"2";"75";"2";"2";"1";3;48;2
"53629";"202100053629";1;"16:45";"1";"75";"2";"2";"1";7;48;2
"53630";"202100053630";1;"15:45";"1";"75";"2";"3";"8";6;48;2
"53631";"202100053631";1;"16:00";"1";"75";"2";"2";"1";6;48;2
"53632";"202100053632";1;"17:40";"2";"94";"2";"1";"1";6;48;2
"53633";"202100053633";1;"11:00";"1";"94";"2";"1";"1";3;48;2
"53634";"202100053634";1;"13:45";"1";"94";"2";"1";"1";4;48;2
"53635";"202100053635";1;"17:50";"1";"94";"2";"1";"1";6;48;2
"53636";"202100053636";1;"07:30";"5";"94";"2";"6";"1";7;48;2
"53637";"202100053637";1;"07:50";"2";"94";"2";"3";"1";6;48;2
"53638";"202100053638";1;"11:40";"1";"93";"2";"9";"1";7;48;2
"53639";"202100053639";1;"09:40";"1";"93";"2";"1";"8";2;48;2
"53640";"202100053640";1;"18:00";"3";"93";"2";"1";"1";2;48;2
"53641";"202100053641";1;"21:02";"5";"93";"2";"1";"2";6;48;2
"53642";"202100053642";1;"13:40";"1";"92";"2";"9";"1";3;48;2
"53643";"202100053643";1;"18:40";"5";"92";"2";"1";"1";3;48;2
"53644";"202100053644";1;"08:50";"1";"92";"2";"8";"1";6;48;2
"53645";"202100053645";1;"09:25";"1";"92";"2";"1";"1";1;48;2
"53646";"202100053646";1;"11:00";"1";"29";"1";"9";"2";6;48;-4
"53647";"202100053647";1;"10:05";"1";"74";"1";"1";"1";1;45;5
"53648";"202100053648";1;"07:55";"2";"83";"1";"1";"1";6;43;6
"53649";"202100053649";1;"06:45";"3";"60";"1";"1";"2";7;49;2
"53650";"202100053650";1;"07:00";"5";"66";"2";"2";"1";3;42;2
"53651";"202100053651";1;"16:55";"2";"57";"2";"1";"1";6;49;6
"53652";"202100053652";1;"09:00";"1";"59";"1";"2";"2";3;50;3
"53653";"202100053653";1;"12:20";"1";"56";"1";"1";"2";6;47;-2
"53654";"202100053654";1;"09:15";"1";"67";"1";"1";"4";1;48;8
"53655";"202100053655";1;"09:15";"1";"80";"2";"1";"1";1;49;1
"53656";"202100053656";1;"19:22";"3";"82";"1";"1";"1";6;44;1
"53657";"202100053657";1;"17:30";"2";"44";"1";"1";"2";1;47;-2
"53658";"202100053658";1;"23:30";"3";"31";"1";"1";"9";6;43;1
"53659";"202100053659";1;"07:30";"3";"31";"1";"2";"1";3;43;1
"53660";"202100053660";1;"08:20";"1";"01";"1";"1";"4";6;46;5
"53661";"202100053661";1;"11:50";"1";"58";"1";"1";"2";1;46;3
"53662";"202100053662";1;"18:25";"5";"06";"1";"1";"1";6;43;7
"53663";"202100053663";1;"12:35";"1";"64";"2";"1";"2";7;43;0
"53664";"202100053664";1;"09:50";"1";"21";"2";"2";"1";6;47;4
"53665";"202100053665";1;"15:45";"1";"27";"1";"2";"1";1;49;1
"53666";"202100053666";1;"14:10";"1";"17";"1";"2";"1";3;46;0
"53667";"202100053667";1;"07:20";"2";"48";"1";"1";"8";6;44;3
"53668";"202100053668";1;"07:00";"5";"08";"2";"1";"9";1;49;4
"53669";"202100053669";1;"03:11";"3";"72";"1";"1";"4";6;48;0
"53670";"202100053670";1;"09:15";"1";"06";"1";"1";"1";2;43;7
"53671";"202100053671";1;"07:59";"1";"06";"1";"1";"1";2;43;7
"53672";"202100053672";1;"11:10";"1";"69";"1";"1";"1";3;46;4
"53673";"202100053673";1;"10:00";"1";"95";"1";"1";"2";6;49;2
"53674";"202100053674";1;"16:55";"1";"66";"1";"1";"8";5;42;2
"53675";"202100053675";1;"17:09";"1";"84";"1";"1";"1";1;43;5
"53676";"202100053676";1;"07:50";"1";"06";"1";"1";"1";7;43;7
"53677";"202100053677";1;"10:35";"1";"52";"2";"3";"8";6;47;5
"53678";"202100053678";1;"07:35";"5";"67";"2";"1";"1";6;48;7
"53679";"202100053679";1;"18:15";"5";"54";"1";"1";"1";5;48;6
"53680";"202100053680";1;"08:00";"1";"57";"2";"3";"8";6;49;6
"53681";"202100053681";1;"17:30";"2";"44";"2";"6";"7";6;47;-1
"53682";"202100053682";1;"15:15";"1";"26";"1";"4";"3";3;45;4
"53683";"202100053683";1;"15:45";"1";"69";"2";"3";"1";3;45;4
"53684";"202100053684";1;"13:30";"1";"64";"1";"1";"2";3;43;0
"53685";"202100053685";1;"16:55";"1";"33";"1";"1";"3";6;45;0
"53686";"202100053686";1;"10:00";"1";"13";"1";"1";"1";2;43;5
"53687";"202100053687";1;"07:50";"1";"13";"1";"1";"1";3;43;5
"53688";"202100053688";1;"17:49";"3";"67";"1";"1";"1";4;48;7
"53689";"202100053689";1;"07:20";"3";"59";"1";"1";"1";4;50;3
"53690";"202100053690";1;"18:05";"2";"92";"1";"1";"1";6;48;2
"53691";"202100053691";1;"10:10";"1";"93";"1";"1";"1";2;48;2
"53692";"202100053692";1;"09:00";"2";"93";"1";"1";"1";2;48;2
"53693";"202100053693";1;"07:40";"3";"95";"1";"1";"1";3;48;2
"53694";"202100053694";1;"06:40";"5";"93";"1";"1";"1";6;48;2
"53695";"202100053695";1;"11:30";"1";"94";"1";"1";"1";4;48;2
"53696";"202100053696";1;"08:20";"1";"93";"1";"1";"1";2;48;2
"53697";"202100053697";1;"07:55";"1";"974";"1";"9";"1";2;-21;55
"53698";"202100053698";1;"07:00";"1";"974";"1";"9";"1";2;-21;55
"53699";"202100053699";1;"16:40";"1";"69";"2";"2";"1";2;45;4
"53700";"202100053700";1;"08:20";"1";"69";"2";"2";"1";6;45;4
"53701";"202100053701";1;"09:35";"1";"972";"2";"1";"1";2;14;-61
"53702";"202100053702";1;"17:28";"1";"2B";"2";"2";"1";3;42;9
"53703";"202100053703";1;"07:12";"1";"971";"1";"1";"1";6;16;-61
"53704";"202100053704";1;"13:30";"1";"95";"2";"1";"4";6;48;2
"53705";"202100053705";1;"09:30";"1";"95";"2";"1";"1";6;49;2
"53706";"202100053706";1;"13:55";"1";"91";"1";"1";"1";3;48;2
"53707";"202100053707";1;"18:35";"3";"91";"2";"1";"1";1;48;2
"53708";"202100053708";1;"07:45";"5";"85";"2";"1";"9";6;46;-1
"53709";"202100053709";1;"11:50";"1";"83";"2";"1";"1";6;43;5
"53710";"202100053710";1;"16:41";"1";"83";"2";"2";"8";3;43;5
"53711";"202100053711";1;"16:00";"1";"78";"2";"1";"1";6;48;2
"53712";"202100053712";1;"15:10";"1";"78";"1";"1";"4";3;48;1
"53713";"202100053713";1;"19:10";"5";"76";"1";"3";"1";2;49;0
"53714";"202100053714";1;"18:00";"2";"76";"2";"2";"3";3;49;0
"53715";"202100053715";1;"12:55";"1";"71";"2";"3";"1";3;46;4
"53716";"202100053716";1;"07:55";"1";"71";"2";"1";"1";2;46;4
"53717";"202100053717";1;"15:45";"1";"69";"2";"2";"1";3;45;4
"53718";"202100053718";1;"15:40";"1";"69";"2";"7";"1";6;45;4
"53719";"202100053719";1;"21:52";"3";"68";"2";"1";"1";6;47;7
"53720";"202100053720";1;"17:00";"5";"67";"2";"8";"2";3;48;7
"53721";"202100053721";1;"17:25";"1";"66";"2";"1";"1";1;42;2
"53722";"202100053722";1;"21:07";"5";"66";"2";"1";"1";6;42;2
"53723";"202100053723";1;"15:00";"1";"64";"2";"6";"3";7;43;-1
"53724";"202100053724";1;"18:05";"2";"63";"2";"1";"1";6;45;3
"53725";"202100053725";1;"13:25";"1";"62";"2";"2";"1";3;50;2
"53726";"202100053726";1;"17:38";"3";"62";"2";"1";"3";6;50;2
"53727";"202100053727";1;"15:05";"1";"60";"2";"1";"1";6;49;2
"53728";"202100053728";1;"09:10";"1";"60";"2";"9";"3";6;49;2
"53729";"202100053729";1;"15:45";"1";"59";"2";"1";"1";6;50;3
"53730";"202100053730";1;"12:50";"1";"59";"2";"1";"1";2;50;3
"53731";"202100053731";1;"10:30";"1";"50";"2";"1";"2";6;48;-1
"53732";"202100053732";1;"14:30";"1";"50";"2";"1";"1";3;48;-1
"53733";"202100053733";1;"09:40";"1";"50";"2";"1";"2";6;49;-1
"53734";"202100053734";1;"19:30";"2";"49";"2";"1";"2";7;47;0
"53735";"202100053735";1;"10:00";"1";"45";"2";"6";"7";6;47;1
"53736";"202100053736";1;"11:26";"1";"44";"2";"1";"1";6;47;-1
"53737";"202100053737";1;"08:40";"2";"35";"2";"6";"1";2;48;-1
"53738";"202100053738";1;"18:40";"2";"31";"2";"1";"1";3;43;1
"53739";"202100053739";1;"21:05";"5";"31";"1";"1";"1";7;43;1
"53740";"202100053740";1;"17:40";"2";"31";"1";"1";"1";5;43;1
"53741";"202100053741";1;"13:00";"1";"14";"1";"1";"2";1;49;0
"53742";"202100053742";1;"16:30";"1";"13";"2";"9";"1";3;43;5
"53743";"202100053743";1;"15:45";"1";"06";"2";"1";"1";3;43;7
"53744";"202100053744";1;"17:00";"1";"75";"2";"3";"1";7;48;2
"53745";"202100053745";1;"21:45";"5";"75";"2";"2";"1";3;48;2
"53746";"202100053746";1;"16:38";"1";"75";"2";"1";"1";6;48;2
"53747";"202100053747";1;"19:22";"5";"75";"2";"2";"1";3;48;2
"53748";"202100053748";1;"12:00";"1";"75";"2";"3";"1";6;48;2
"53749";"202100053749";1;"17:33";"1";"75";"2";"2";"1";6;48;2
"53750";"202100053750";1;"09:50";"1";"75";"2";"2";"1";3;48;2
"53751";"202100053751";1;"05:50";"4";"75";"2";"7";"1";3;48;2
"53752";"202100053752";1;"16:30";"1";"75";"2";"4";"1";3;48;2
"53753";"202100053753";1;"14:08";"1";"75";"2";"3";"1";6;48;2
"53754";"202100053754";1;"11:30";"1";"94";"2";"1";"1";6;48;2
"53755";"202100053755";1;"13:06";"1";"94";"2";"1";"4";3;48;2
"53756";"202100053756";1;"12:46";"1";"94";"2";"1";"4";6;48;2
"53757";"202100053757";1;"12:45";"1";"94";"2";"1";"1";6;48;2
"53758";"202100053758";1;"10:15";"1";"94";"2";"1";"1";2;48;2
"53759";"202100053759";1;"14:40";"1";"93";"2";"3";"1";3;48;2
"53760";"202100053760";1;"05:00";"5";"93";"2";"1";"1";1;48;2
"53761";"202100053761";1;"17:10";"2";"93";"2";"1";"1";6;48;2
"53762";"202100053762";1;"18:15";"5";"93";"2";"2";"1";1;48;2
"53763";"202100053763";1;"15:15";"1";"93";"2";"2";"1";3;48;2
"53764";"202100053764";1;"12:15";"1";"93";"2";"1";"1";6;48;2
"53765";"202100053765";1;"12:38";"1";"92";"2";"3";"1";3;48;2
"53766";"202100053766";1;"07:55";"2";"92";"2";"3";"1";6;48;2
"53767";"202100053767";1;"17:01";"1";"92";"2";"1";"1";1;48;2
"53768";"202100053768";1;"12:50";"1";"92";"2";"1";"1";2;48;2
"53769";"202100053769";1;"07:30";"2";"92";"2";"9";"2";6;48;2
"53770";"202100053770";1;"08:00";"2";"92";"2";"1";"8";7;48;2
"53771";"202100053771";1;"11:00";"1";"92";"2";"1";"1";6;48;2
"53772";"202100053772";1;"16:10";"1";"50";"2";"3";"7";6;48;-1
"53773";"202100053773";1;"15:50";"1";"86";"2";"1";"1";7;46;0
"53774";"202100053774";1;"12:45";"1";"974";"2";"1";"1";3;-21;55
"53775";"202100053775";1;"09:45";"1";"76";"1";"1";"4";6;49;1
"53776";"202100053776";1;"18:20";"3";"69";"1";"1";"1";1;45;4
"53777";"202100053777";1;"16:00";"1";"61";"1";"1";"4";6;48;0
"53778";"202100053778";1;"07:50";"2";"57";"1";"1";"4";1;49;6
"53779";"202100053779";1;"09:20";"1";"79";"1";"1";"1";6;46;0
"53780";"202100053780";1;"07:00";"2";"2B";"1";"1";"1";3;42;9
"53781";"202100053781";1;"13:20";"1";"82";"2";"1";"1";6;44;0
"53782";"202100053782";1;"11:00";"1";"41";"1";"9";"4";2;47;1
"53783";"202100053783";1;"08:35";"2";"65";"2";"1";"5";6;43;0
"53784";"202100053784";1;"10:00";"1";"32";"1";"1";"1";1;44;0
"53785";"202100053785";1;"11:45";"1";"61";"1";"1";"4";3;48;0
"53786";"202100053786";1;"07:40";"2";"34";"1";"1";"1";2;43;3
"53787";"202100053787";1;"07:22";"3";"68";"1";"1";"4";6;47;7
"53788";"202100053788";1;"20:10";"3";"68";"1";"1";"1";6;47;7
"53789";"202100053789";1;"16:40";"1";"44";"1";"1";"1";7;47;-1
"53790";"202100053790";1;"17:45";"2";"26";"1";"1";"1";5;44;5
"53791";"202100053791";1;"12:20";"1";"54";"1";"1";"9";6;49;5
"53792";"202100053792";1;"15:00";"1";"14";"2";"3";"7";6;49;0
"53793";"202100053793";1;"09:25";"1";"14";"2";"1";"1";6;49;0
"53794";"202100053794";1;"20:00";"3";"83";"2";"1";"1";7;43;6
"53795";"202100053795";1;"08:30";"1";"60";"1";"9";"4";7;49;2
"53796";"202100053796";1;"20:35";"3";"10";"1";"1";"2";6;48;4
"53797";"202100053797";1;"10:04";"1";"16";"1";"1";"1";7;45;0
"53798";"202100053798";1;"11:50";"1";"21";"2";"1";"3";6;47;5
"53799";"202100053799";1;"12:20";"1";"30";"2";"1";"1";6;43;4
"53800";"202100053800";1;"07:35";"2";"08";"1";"1";"1";1;49;4
"53801";"202100053801";1;"19:45";"2";"42";"1";"1";"1";3;45;4
"53802";"202100053802";1;"09:11";"1";"74";"1";"9";"8";5;46;6
"53803";"202100053803";1;"16:55";"2";"60";"2";"2";"8";2;49;2
"53804";"202100053804";1;"08:10";"3";"29";"1";"4";"1";1;47;-3
"53805";"202100053805";1;"15:45";"1";"2B";"2";"1";"1";1;42;9
"53806";"202100053806";1;"18:45";"3";"84";"1";"1";"1";7;44;5
"53807";"202100053807";1;"15:10";"1";"21";"1";"1";"2";6;47;5
"53808";"202100053808";1;"17:45";"2";"57";"1";"1";"1";6;49;6
"53809";"202100053809";1;"06:35";"5";"03";"2";"1";"1";1;46;2
"53810";"202100053810";1;"14:10";"1";"69";"1";"2";"1";3;45;4
"53811";"202100053811";1;"06:15";"5";"69";"2";"1";"8";3;45;4
"53812";"202100053812";1;"08:20";"1";"85";"2";"1";"1";6;46;-1
"53813";"202100053813";1;"08:05";"2";"44";"2";"1";"9";1;47;-1
"53814";"202100053814";1;"17:10";"1";"22";"1";"1";"1";4;48;-2
"53815";"202100053815";1;"11:00";"1";"33";"1";"1";"1";6;44;0
"53816";"202100053816";1;"18:20";"3";"59";"1";"1";"1";2;50;3
"53817";"202100053817";1;"18:25";"3";"59";"1";"1";"1";5;50;2
"53818";"202100053818";1;"09:05";"1";"91";"1";"1";"8";7;48;2
"53819";"202100053819";1;"08:20";"1";"94";"1";"1";"1";2;48;2
"53820";"202100053820";1;"15:26";"1";"78";"1";"1";"1";4;48;1
"53821";"202100053821";1;"04:45";"3";"93";"1";"1";"8";6;48;2
"53822";"202100053822";1;"13:25";"1";"976";"2";"1";"1";2;-12;45
"53823";"202100053823";1;"16:50";"1";"976";"2";"1";"1";1;-12;45
"53824";"202100053824";1;"10:25";"1";"974";"1";"1";"1";2;-20;55
"53825";"202100053825";1;"15:30";"1";"69";"2";"2";"1";2;45;4
"53826";"202100053826";1;"16:10";"1";"69";"2";"2";"1";3;45;4
"53827";"202100053827";1;"17:40";"2";"69";"2";"9";"2";3;45;4
"53828";"202100053828";1;"16:15";"1";"95";"2";"3";"2";1;48;2
"53829";"202100053829";1;"09:05";"1";"91";"1";"1";"9";7;48;2
"53830";"202100053830";1;"09:20";"1";"91";"2";"3";"7";3;48;2
"53831";"202100053831";1;"21:30";"5";"91";"2";"1";"1";2;48;2
"53832";"202100053832";1;"20:50";"5";"91";"2";"3";"1";3;48;2
"53833";"202100053833";1;"13:05";"1";"83";"1";"1";"1";6;43;6
"53834";"202100053834";1;"10:55";"1";"69";"2";"1";"1";6;45;4
"53835";"202100053835";1;"23:35";"5";"59";"2";"2";"4";3;50;3
"53836";"202100053836";1;"17:40";"5";"54";"2";"2";"1";6;48;6
"53837";"202100053837";1;"20:50";"5";"37";"2";"3";"1";3;47;0
"53838";"202100053838";1;"19:45";"5";"37";"2";"1";"1";7;47;0
"53839";"202100053839";1;"11:30";"1";"37";"2";"2";"8";3;47;0
"53840";"202100053840";1;"18:25";"3";"35";"1";"1";"1";2;48;-1
"53841";"202100053841";1;"17:20";"2";"34";"2";"1";"1";1;43;3
"53842";"202100053842";1;"14:20";"1";"34";"2";"2";"1";3;43;3
"53843";"202100053843";1;"17:30";"2";"33";"2";"1";"2";6;44;0
"53844";"202100053844";1;"14:20";"1";"33";"2";"3";"1";3;44;0
"53845";"202100053845";1;"15:45";"1";"31";"2";"1";"2";6;43;0
"53846";"202100053846";1;"10:50";"1";"29";"1";"2";"2";3;48;-4
"53847";"202100053847";1;"15:26";"1";"26";"1";"2";"7";3;44;4
"53848";"202100053848";1;"17:25";"1";"17";"1";"1";"3";2;46;-1
"53849";"202100053849";1;"12:20";"1";"13";"2";"1";"1";3;43;5
"53850";"202100053850";1;"17:45";"5";"06";"2";"1";"1";5;43;7
"53851";"202100053851";1;"18:04";"5";"04";"2";"1";"2";2;43;5
"53852";"202100053852";1;"09:53";"1";"04";"2";"1";"2";6;44;6
"53853";"202100053853";1;"16:35";"2";"75";"2";"1";"2";2;48;2
"53854";"202100053854";1;"18:00";"5";"75";"2";"2";"1";3;48;2
"53855";"202100053855";1;"20:30";"5";"75";"2";"5";"8";3;48;2
"53856";"202100053856";1;"09:00";"1";"75";"2";"2";"1";7;48;2
"53857";"202100053857";1;"14:40";"1";"94";"2";"9";"2";1;48;2
"53858";"202100053858";1;"20:30";"5";"94";"2";"3";"1";3;48;2
"53859";"202100053859";1;"13:40";"1";"94";"2";"1";"4";1;48;2
"53860";"202100053860";1;"21:00";"5";"94";"2";"2";"2";3;48;2
"53861";"202100053861";1;"16:00";"1";"93";"2";"3";"8";3;48;2
"53862";"202100053862";1;"13:50";"1";"93";"2";"2";"4";6;48;2
"53863";"202100053863";1;"18:45";"5";"93";"2";"2";"2";3;48;2
"53864";"202100053864";1;"12:55";"1";"92";"2";"3";"2";7;48;2
"53865";"202100053865";1;"02:40";"3";"92";"2";"1";"4";6;48;2
"53866";"202100053866";1;"17:00";"1";"974";"1";"1";"2";3;-20;55
"53867";"202100053867";1;"15:15";"1";"50";"1";"4";"3";1;48;-1
"53868";"202100053868";1;"12:10";"1";"54";"1";"9";"1";4;48;6
"53869";"202100053869";1;"12:20";"1";"73";"1";"1";"8";1;45;5
"53870";"202100053870";1;"16:40";"1";"84";"2";"1";"7";6;44;4
"53871";"202100053871";1;"06:50";"3";"69";"1";"1";"9";4;45;4
"53872";"202100053872";1;"17:30";"2";"06";"2";"9";"1";1;43;7
"53873";"202100053873";1;"14:40";"1";"29";"1";"1";"1";2;48;-4
"53874";"202100053874";1;"10:18";"1";"56";"2";"1";"1";6;48;-3
"53875";"202100053875";1;"18:00";"2";"79";"1";"1";"8";1;46;0
"53876";"202100053876";1;"15:20";"1";"80";"1";"1";"1";7;49;2
"53877";"202100053877";1;"12:45";"1";"65";"2";"1";"1";7;43;0
"53878";"202100053878";1;"17:55";"5";"69";"2";"5";"2";1;45;4
"53879";"202100053879";1;"16:00";"1";"11";"1";"3";"1";1;43;2
"53880";"202100053880";1;"11:10";"1";"29";"1";"1";"1";6;48;-4
"53881";"202100053881";1;"09:55";"1";"01";"1";"2";"2";3;46;4
"53882";"202100053882";1;"16:30";"1";"01";"2";"6";"1";2;46;5
"53883";"202100053883";1;"11:55";"1";"06";"2";"1";"1";2;43;6
"53884";"202100053884";1;"08:35";"1";"09";"1";"1";"1";7;43;1
"53885";"202100053885";1;"15:15";"1";"60";"1";"1";"4";2;49;2
"53886";"202100053886";1;"11:30";"1";"64";"2";"1";"3";7;43;0
"53887";"202100053887";1;"16:00";"1";"36";"1";"1";"1";1;46;1
"53888";"202100053888";1;"17:00";"1";"07";"1";"1";"1";4;44;4
"53889";"202100053889";1;"16:14";"1";"21";"1";"4";"2";1;47;4
"53890";"202100053890";1;"17:25";"1";"30";"2";"1";"1";6;44;4
"53891";"202100053891";1;"19:30";"3";"33";"1";"9";"1";7;44;0
"53892";"202100053892";1;"12:10";"1";"76";"1";"1";"1";3;49;0
"53893";"202100053893";1;"07:00";"2";"69";"2";"2";"1";2;45;4
"53894";"202100053894";1;"07:30";"1";"58";"1";"1";"9";7;46;3
"53895";"202100053895";1;"23:30";"3";"986";"1";"1";"1";7;-13;-176
"53896";"202100053896";1;"16:40";"1";"28";"1";"1";"8";6;48;1
"53897";"202100053897";1;"12:39";"1";"77";"1";"1";"8";3;48;2
"53898";"202100053898";1;"12:55";"1";"95";"1";"1";"4";1;49;2
"53899";"202100053899";1;"16:30";"1";"78";"2";"1";"1";6;48;1
"53900";"202100053900";1;"14:55";"1";"66";"2";"1";"1";1;42;2
"53901";"202100053901";1;"08:39";"1";"05";"1";"1";"1";7;44;5
"53902";"202100053902";1;"09:30";"1";"04";"1";"1";"4";7;44;6
"53903";"202100053903";1;"15:50";"1";"13";"1";"3";"1";2;43;5
"53904";"202100053904";1;"11:30";"1";"67";"1";"3";"8";3;48;7
"53905";"202100053905";1;"11:20";"1";"42";"2";"2";"1";1;45;4
"53906";"202100053906";1;"15:20";"1";"42";"1";"3";"8";1;45;4
"53907";"202100053907";1;"23:00";"3";"35";"1";"1";"1";6;48;-1
"53908";"202100053908";1;"17:45";"2";"60";"1";"1";"1";1;49;2
"53909";"202100053909";1;"07:08";"2";"13";"1";"1";"1";5;43;5
"53910";"202100053910";1;"19:05";"3";"94";"1";"1";"1";2;48;2
"53911";"202100053911";1;"19:00";"3";"91";"1";"9";"1";7;48;2
"53912";"202100053912";1;"23:45";"3";"95";"1";"1";"1";2;49;2
"53913";"202100053913";1;"16:30";"1";"92";"1";"1";"1";6;48;2
"53914";"202100053914";1;"15:30";"1";"93";"1";"1";"4";5;48;2
"53915";"202100053915";1;"14:40";"1";"93";"1";"1";"4";2;48;2
"53916";"202100053916";1;"07:00";"2";"77";"1";"1";"8";6;48;2
"53917";"202100053917";1;"04:45";"2";"988";"1";"1";"8";2;-22;166
"53918";"202100053918";1;"11:15";"1";"976";"2";"1";"1";2;-12;45
"53919";"202100053919";1;"19:25";"3";"973";"2";"6";"1";2;4;-52
"53920";"202100053920";1;"07:06";"5";"69";"2";"2";"2";3;45;4
"53921";"202100053921";1;"17:50";"5";"972";"1";"1";"1";7;14;-61
"53922";"202100053922";1;"17:00";"1";"972";"2";"3";"1";3;14;-61
"53923";"202100053923";1;"12:01";"1";"2B";"2";"1";"6";4;42;9
"53924";"202100053924";1;"06:50";"2";"971";"2";"1";"1";6;16;-61
"53925";"202100053925";1;"21:25";"5";"91";"2";"1";"1";7;48;2
"53926";"202100053926";1;"16:45";"1";"77";"2";"1";"8";6;48;2
"53927";"202100053927";1;"18:10";"2";"69";"2";"6";"2";3;45;4
"53928";"202100053928";1;"17:45";"2";"69";"2";"2";"2";3;45;4
"53929";"202100053929";1;"17:50";"5";"69";"1";"2";"3";3;45;4
"53930";"202100053930";1;"18:36";"5";"69";"2";"3";"1";1;45;4
"53931";"202100053931";1;"10:50";"1";"62";"2";"1";"2";6;50;2
"53932";"202100053932";1;"14:20";"1";"59";"2";"4";"2";6;50;3
"53933";"202100053933";1;"06:30";"5";"59";"1";"1";"1";1;50;3
"53934";"202100053934";1;"17:55";"5";"54";"2";"1";"3";6;48;6
"53935";"202100053935";1;"11:15";"1";"54";"2";"2";"1";3;48;6
"53936";"202100053936";1;"10:05";"1";"54";"2";"1";"1";6;48;6
"53937";"202100053937";1;"08:25";"5";"51";"2";"1";"2";7;49;3
"53938";"202100053938";1;"11:35";"1";"42";"2";"2";"8";3;45;4
"53939";"202100053939";1;"17:30";"3";"42";"1";"9";"2";3;45;4
"53940";"202100053940";1;"18:48";"5";"37";"2";"2";"1";6;47;0
"53941";"202100053941";1;"14:17";"1";"37";"2";"2";"1";6;47;0
"53942";"202100053942";1;"11:00";"1";"37";"2";"1";"8";6;47;0
"53943";"202100053943";1;"16:30";"1";"26";"2";"1";"1";6;44;4
"53944";"202100053944";1;"18:35";"5";"17";"2";"1";"1";6;46;-1
"53945";"202100053945";1;"13:55";"1";"15";"2";"1";"1";2;44;2
"53946";"202100053946";1;"17:55";"5";"14";"2";"1";"1";3;49;0
"53947";"202100053947";1;"21:33";"3";"13";"2";"3";"1";3;43;5
"53948";"202100053948";1;"21:10";"5";"13";"2";"1";"1";6;43;5
"53949";"202100053949";1;"16:00";"1";"13";"2";"1";"1";3;43;5
"53950";"202100053950";1;"12:15";"1";"13";"2";"2";"1";3;43;5
"53951";"202100053951";1;"10:55";"1";"13";"1";"1";"1";7;43;4
"53952";"202100053952";1;"17:20";"2";"13";"2";"2";"2";3;43;4
"53953";"202100053953";1;"15:00";"1";"11";"2";"1";"1";7;43;2
"53954";"202100053954";1;"11:45";"1";"75";"2";"1";"1";5;48;2
"53955";"202100053955";1;"18:25";"5";"75";"2";"3";"2";6;48;2
"53956";"202100053956";1;"18:30";"5";"75";"2";"3";"8";3;48;2
"53957";"202100053957";1;"10:33";"1";"75";"2";"1";"2";6;48;2
"53958";"202100053958";1;"21:15";"5";"75";"2";"2";"1";3;48;2
"53959";"202100053959";1;"10:30";"1";"75";"2";"2";"8";3;48;2
"53960";"202100053960";1;"18:45";"5";"75";"2";"1";"1";3;48;2
"53961";"202100053961";1;"02:10";"5";"75";"2";"7";"1";7;48;2
"53962";"202100053962";1;"11:20";"1";"75";"2";"1";"2";2;48;2
"53963";"202100053963";1;"10:00";"1";"75";"2";"2";"2";3;48;2
"53964";"202100053964";1;"11:50";"1";"75";"2";"3";"3";6;48;2
"53965";"202100053965";1;"17:58";"5";"75";"2";"7";"1";6;48;2