"";"Num_Acc";"mois";"hrmn";"lum";"dep";"agg";"int";"atm";"col";"lat";"long"
"53966";"202100053966";1;"11:15";"1";"75";"2";"2";"2";3;48;2
"53967";"202100053967";1;"17:50";"5";"75";"2";"7";"1";3;48;2
"53968";"202100053968";1;"20:00";"5";"75";"2";"2";"1";3;48;2
"53969";"202100053969";1;"15:30";"1";"94";"2";"6";"2";3;48;2
"53970";"202100053970";1;"15:30";"1";"94";"2";"2";"8";5;48;2
"53971";"202100053971";1;"18:26";"5";"94";"2";"1";"2";2;48;2
"53972";"202100053972";1;"11:00";"1";"93";"2";"7";"3";2;48;2
"53973";"202100053973";1;"15:15";"1";"93";"2";"1";"2";4;48;2
"53974";"202100053974";1;"20:50";"5";"93";"2";"1";"2";4;48;2
"53975";"202100053975";1;"10:45";"1";"93";"2";"2";"3";3;48;2
"53976";"202100053976";1;"14:00";"1";"93";"2";"1";"2";6;48;2
"53977";"202100053977";1;"01:40";"3";"93";"2";"9";"1";6;48;2
"53978";"202100053978";1;"15:45";"1";"93";"2";"2";"3";3;48;2
"53979";"202100053979";1;"08:45";"1";"92";"2";"1";"2";3;48;2
"53980";"202100053980";1;"13:15";"1";"92";"2";"1";"1";7;48;2
"53981";"202100053981";1;"08:25";"2";"92";"2";"5";"1";3;48;2
"53982";"202100053982";1;"08:30";"2";"14";"1";"1";"4";6;49;0
"53983";"202100053983";1;"10:12";"1";"37";"1";"9";"4";6;47;0
"53984";"202100053984";1;"17:55";"5";"74";"2";"1";"3";6;45;6
"53985";"202100053985";1;"14:35";"1";"82";"2";"1";"2";7;43;1
"53986";"202100053986";1;"15:45";"1";"32";"1";"1";"2";1;43;0
"53987";"202100053987";1;"17:30";"2";"71";"2";"1";"2";6;46;4
"53988";"202100053988";1;"17:35";"2";"46";"1";"3";"2";1;44;1
"53989";"202100053989";1;"09:30";"1";"44";"1";"1";"9";7;47;-2
"53990";"202100053990";1;"10:45";"1";"29";"1";"1";"2";2;48;-3
"53991";"202100053991";1;"03:50";"3";"31";"1";"1";"2";6;43;1
"53992";"202100053992";1;"18:00";"3";"03";"1";"2";"1";7;46;3
"53993";"202100053993";1;"08:50";"2";"26";"1";"1";"8";7;44;5
"53994";"202100053994";1;"13:20";"1";"14";"2";"1";"1";3;49;0
"53995";"202100053995";1;"13:00";"1";"07";"1";"1";"1";6;44;4
"53996";"202100053996";1;"15:00";"1";"27";"2";"3";"1";6;49;0
"53997";"202100053997";1;"15:50";"1";"30";"1";"1";"1";1;43;4
"53998";"202100053998";1;"17:00";"2";"34";"2";"3";"7";3;43;3
"53999";"202100053999";1;"17:30";"1";"988";"1";"1";"1";1;-21;165
"54000";"202100054000";1;"17:15";"1";"95";"1";"1";"2";6;49;1
"54001";"202100054001";1;"13:30";"1";"83";"1";"1";"1";3;43;6
"54002";"202100054002";1;"08:15";"1";"13";"1";"1";"1";1;43;5
"54003";"202100054003";1;"17:45";"2";"89";"1";"1";"2";7;48;3
"54004";"202100054004";1;"02:00";"5";"52";"2";"2";"1";6;47;5
"54005";"202100054005";1;"11:45";"1";"73";"2";"6";"1";6;45;6
"54006";"202100054006";1;"16:50";"1";"38";"2";"1";"3";6;45;5
"54007";"202100054007";1;"17:45";"5";"38";"2";"2";"1";5;45;4
"54008";"202100054008";1;"05:50";"3";"61";"2";"1";"1";6;48;0
"54009";"202100054009";1;"19:45";"3";"27";"1";"3";"9";2;49;1
"54010";"202100054010";1;"09:10";"1";"13";"1";"1";"1";3;43;5
"54011";"202100054011";1;"23:40";"5";"69";"1";"1";"2";5;45;4
"54012";"202100054012";1;"20:15";"3";"91";"1";"1";"1";6;48;2
"54013";"202100054013";1;"15:25";"1";"77";"1";"1";"2";4;48;2
"54014";"202100054014";1;"12:30";"1";"94";"1";"1";"2";6;48;2
"54015";"202100054015";1;"11:45";"1";"91";"1";"1";"2";7;48;2
"54016";"202100054016";1;"05:00";"3";"91";"1";"1";"1";5;48;2
"54017";"202100054017";1;"23:45";"3";"91";"1";"1";"1";2;48;2
"54018";"202100054018";1;"13:45";"1";"92";"1";"1";"2";6;48;2
"54019";"202100054019";1;"13:30";"1";"93";"1";"1";"3";4;48;2
"54020";"202100054020";1;"11:15";"1";"93";"1";"1";"2";2;48;2
"54021";"202100054021";1;"14:30";"1";"93";"1";"1";"2";2;48;2
"54022";"202100054022";1;"11:00";"1";"93";"1";"1";"2";7;48;2
"54023";"202100054023";1;"09:50";"1";"976";"2";"1";"1";1;-12;45
"54024";"202100054024";1;"23:35";"5";"974";"2";"1";"1";7;-20;55
"54025";"202100054025";1;"09:45";"1";"973";"1";"1";"1";3;4;-52
"54026";"202100054026";1;"16:49";"2";"69";"2";"2";"3";3;45;4
"54027";"202100054027";1;"08:25";"2";"69";"2";"1";"8";6;45;4
"54028";"202100054028";1;"02:00";"3";"972";"2";"1";"1";6;14;-61
"54029";"202100054029";1;"16:50";"1";"2B";"1";"1";"1";3;42;9
"54030";"202100054030";1;"17:00";"2";"95";"2";"3";"2";3;48;2
"54031";"202100054031";1;"16:00";"1";"91";"2";"1";"1";4;48;2
"54032";"202100054032";1;"08:00";"5";"91";"2";"3";"2";6;48;2
"54033";"202100054033";1;"12:45";"1";"90";"2";"1";"8";3;47;6
"54034";"202100054034";1;"17:15";"1";"86";"1";"1";"2";1;46;0
"54035";"202100054035";1;"13:40";"1";"86";"2";"1";"1";6;46;0
"54036";"202100054036";1;"07:55";"2";"84";"2";"1";"-1";6;43;4
"54037";"202100054037";1;"14:10";"1";"84";"2";"1";"1";6;43;4
"54038";"202100054038";1;"15:15";"1";"84";"1";"1";"1";1;43;4
"54039";"202100054039";1;"06:35";"3";"82";"1";"1";"1";6;44;1
"54040";"202100054040";1;"07:35";"2";"81";"2";"3";"8";3;43;2
"54041";"202100054041";1;"19:00";"5";"78";"2";"9";"1";6;48;2
"54042";"202100054042";1;"20:55";"3";"77";"1";"1";"1";6;48;2
"54043";"202100054043";1;"15:40";"1";"77";"2";"1";"1";6;48;2
"54044";"202100054044";1;"23:20";"5";"77";"2";"2";"1";1;48;2
"54045";"202100054045";1;"08:30";"1";"76";"2";"1";"1";6;49;1
"54046";"202100054046";1;"12:25";"1";"74";"2";"3";"1";6;45;6
"54047";"202100054047";1;"13:00";"1";"71";"2";"1";"1";2;46;4
"54048";"202100054048";1;"17:50";"3";"69";"2";"6";"3";6;45;4
"54049";"202100054049";1;"15:45";"1";"69";"2";"2";"3";3;45;4
"54050";"202100054050";1;"14:05";"1";"67";"2";"1";"1";7;48;7
"54051";"202100054051";1;"08:40";"2";"64";"2";"1";"2";2;43;0
"54052";"202100054052";1;"17:35";"1";"64";"2";"3";"1";6;43;0
"54053";"202100054053";1;"15:55";"1";"64";"2";"1";"1";6;43;-1
"54054";"202100054054";1;"18:25";"5";"63";"2";"4";"1";3;45;3
"54055";"202100054055";1;"08:30";"2";"59";"2";"1";"1";6;50;3
"54056";"202100054056";1;"18:50";"5";"59";"2";"3";"1";3;50;3
"54057";"202100054057";1;"17:40";"2";"59";"2";"1";"2";6;50;3
"54058";"202100054058";1;"07:20";"5";"56";"2";"6";"1";3;47;-3
"54059";"202100054059";1;"21:20";"5";"56";"2";"2";"2";3;47;-3
"54060";"202100054060";1;"08:00";"2";"55";"2";"1";"3";6;48;5
"54061";"202100054061";1;"18:07";"5";"54";"2";"1";"2";3;48;6
"54062";"202100054062";1;"07:20";"2";"54";"2";"3";"1";1;48;6
"54063";"202100054063";1;"08:07";"2";"51";"2";"1";"3";7;49;4
"54064";"202100054064";1;"12:00";"1";"51";"2";"2";"1";3;49;4
"54065";"202100054065";1;"12:15";"1";"45";"2";"2";"2";3;47;1
"54066";"202100054066";1;"16:50";"1";"37";"2";"1";"1";2;47;0
"54067";"202100054067";1;"16:35";"1";"37";"2";"2";"1";6;47;0
"54068";"202100054068";1;"17:40";"5";"37";"2";"3";"2";6;47;0
"54069";"202100054069";1;"17:10";"1";"35";"2";"1";"3";2;48;-1
"54070";"202100054070";1;"17:05";"1";"35";"2";"1";"1";6;48;-1
"54071";"202100054071";1;"11:30";"1";"35";"2";"3";"1";3;48;-1
"54072";"202100054072";1;"20:35";"5";"33";"2";"9";"2";3;44;0
"54073";"202100054073";1;"09:25";"1";"33";"2";"9";"2";1;44;0
"54074";"202100054074";1;"19:40";"3";"33";"2";"1";"2";6;44;0
"54075";"202100054075";1;"05:15";"5";"31";"2";"1";"1";6;43;1
"54076";"202100054076";1;"10:35";"1";"31";"2";"1";"8";6;43;0
"54077";"202100054077";1;"16:30";"1";"27";"2";"3";"1";5;49;1
"54078";"202100054078";1;"15:20";"1";"27";"2";"3";"1";2;49;1
"54079";"202100054079";1;"13:05";"1";"26";"2";"6";"2";3;44;4
"54080";"202100054080";1;"14:27";"1";"25";"2";"2";"2";1;46;6
"54081";"202100054081";1;"08:55";"2";"22";"2";"1";"1";6;48;-3
"54082";"202100054082";1;"16:10";"1";"19";"2";"1";"2";6;45;1
"54083";"202100054083";1;"19:25";"5";"17";"2";"2";"2";3;46;-1
"54084";"202100054084";1;"15:15";"1";"17";"2";"1";"1";2;46;-1
"54085";"202100054085";1;"20:37";"5";"13";"2";"9";"8";3;43;5
"54086";"202100054086";1;"18:35";"5";"13";"2";"1";"1";2;43;5
"54087";"202100054087";1;"13:45";"1";"13";"2";"2";"2";3;43;5
"54088";"202100054088";1;"11:15";"1";"13";"2";"1";"1";1;43;5
"54089";"202100054089";1;"12:55";"1";"13";"2";"1";"2";3;43;4
"54090";"202100054090";1;"08:10";"2";"13";"2";"9";"1";3;43;4
"54091";"202100054091";1;"15:48";"1";"12";"1";"1";"1";3;44;3
"54092";"202100054092";1;"07:30";"5";"10";"2";"6";"3";3;48;4
"54093";"202100054093";1;"17:40";"5";"06";"2";"1";"3";6;43;7
"54094";"202100054094";1;"16:55";"1";"04";"2";"1";"7";6;44;6
"54095";"202100054095";1;"19:57";"5";"75";"2";"4";"1";2;48;2
"54096";"202100054096";1;"19:40";"5";"75";"2";"7";"1";3;48;2
"54097";"202100054097";1;"13:05";"1";"75";"2";"1";"1";2;48;2
"54098";"202100054098";1;"11:20";"1";"75";"2";"2";"1";3;48;2
"54099";"202100054099";1;"11:40";"1";"75";"2";"1";"1";3;48;2
"54100";"202100054100";1;"11:50";"1";"75";"2";"2";"1";6;48;2
"54101";"202100054101";1;"17:50";"2";"75";"2";"2";"1";3;48;2
"54102";"202100054102";1;"18:25";"5";"75";"2";"5";"1";7;48;2
"54103";"202100054103";1;"16:30";"1";"75";"2";"2";"1";6;48;2
"54104";"202100054104";1;"12:20";"1";"75";"2";"3";"1";7;48;2
"54105";"202100054105";1;"13:15";"1";"94";"2";"1";"1";6;48;2
"54106";"202100054106";1;"15:30";"1";"94";"2";"1";"1";3;48;2
"54107";"202100054107";1;"18:10";"2";"94";"2";"4";"1";3;48;2
"54108";"202100054108";1;"05:20";"5";"94";"2";"1";"2";6;48;2
"54109";"202100054109";1;"14:00";"1";"94";"2";"1";"2";6;48;2
"54110";"202100054110";1;"07:40";"5";"94";"2";"1";"8";3;48;2
"54111";"202100054111";1;"09:30";"2";"94";"2";"1";"1";1;48;2
"54112";"202100054112";1;"20:45";"5";"94";"2";"2";"1";3;48;2
"54113";"202100054113";1;"13:20";"1";"94";"2";"1";"1";3;48;2
"54114";"202100054114";1;"11:05";"1";"94";"2";"6";"1";1;48;2
"54115";"202100054115";1;"14:43";"1";"93";"2";"2";"1";3;48;2
"54116";"202100054116";1;"09:28";"1";"93";"2";"1";"2";6;48;2
"54117";"202100054117";1;"01:03";"5";"93";"2";"1";"3";6;48;2
"54118";"202100054118";1;"15:30";"1";"93";"2";"9";"1";2;48;2
"54119";"202100054119";1;"18:20";"5";"92";"2";"3";"1";3;48;2
"54120";"202100054120";1;"21:20";"5";"92";"2";"3";"2";6;48;2
"54121";"202100054121";1;"20:10";"5";"92";"2";"1";"1";3;48;2
"54122";"202100054122";1;"17:30";"2";"92";"2";"1";"1";6;48;2
"54123";"202100054123";1;"07:40";"2";"92";"2";"1";"2";4;48;2
"54124";"202100054124";1;"12:10";"1";"92";"2";"2";"1";6;48;2
"54125";"202100054125";1;"08:40";"2";"92";"2";"1";"1";6;48;2
"54126";"202100054126";1;"22:15";"4";"92";"2";"2";"2";3;48;2
"54127";"202100054127";1;"17:15";"1";"92";"2";"6";"1";6;48;2
"54128";"202100054128";1;"09:25";"1";"92";"2";"3";"1";7;48;2
"54129";"202100054129";1;"19:00";"3";"35";"1";"1";"1";2;48;-1
"54130";"202100054130";1;"09:25";"1";"54";"1";"3";"1";3;48;6
"54131";"202100054131";1;"09:40";"1";"01";"1";"2";"2";3;45;5
"54132";"202100054132";1;"16:40";"1";"09";"1";"1";"2";7;43;1
"54133";"202100054133";1;"15:35";"1";"60";"1";"9";"2";6;49;2
"54134";"202100054134";1;"17:50";"1";"49";"1";"2";"1";3;47;0
"54135";"202100054135";1;"17:40";"2";"51";"2";"1";"1";7;49;4
"54136";"202100054136";1;"10:40";"1";"60";"2";"6";"3";6;49;2
"54137";"202100054137";1;"10:30";"1";"87";"1";"1";"4";2;46;1
"54138";"202100054138";1;"08:03";"2";"37";"2";"9";"5";3;47;0
"54139";"202100054139";1;"21:15";"3";"62";"1";"1";"1";6;50;2
"54140";"202100054140";1;"16:10";"2";"74";"2";"3";"2";2;46;6
"54141";"202100054141";1;"06:15";"3";"80";"1";"1";"1";6;49;2
"54142";"202100054142";1;"10:30";"1";"76";"1";"1";"2";1;49;1
"54143";"202100054143";1;"16:35";"1";"49";"1";"1";"1";3;47;0
"54144";"202100054144";1;"10:00";"1";"42";"1";"1";"2";7;45;4
"54145";"202100054145";1;"16:40";"1";"47";"1";"1";"1";7;44;0
"54146";"202100054146";1;"16:00";"1";"29";"1";"1";"1";1;48;-4
"54147";"202100054147";1;"14:35";"1";"38";"1";"3";"2";5;45;5
"54148";"202100054148";1;"11:15";"1";"38";"1";"2";"1";3;45;5
"54149";"202100054149";1;"18:00";"3";"58";"1";"1";"8";1;47;3
"54150";"202100054150";1;"15:30";"1";"45";"2";"1";"9";2;47;1
"54151";"202100054151";1;"14:15";"1";"64";"1";"1";"2";1;43;0
"54152";"202100054152";1;"10:05";"1";"04";"1";"1";"1";6;44;6
"54153";"202100054153";1;"14:05";"1";"85";"1";"1";"1";3;46;-1
"54154";"202100054154";1;"13:15";"1";"18";"1";"1";"2";6;47;2
"54155";"202100054155";1;"11:55";"1";"18";"1";"1";"4";4;46;2
"54156";"202100054156";1;"16:30";"1";"971";"2";"1";"1";3;16;-61
"54157";"202100054157";1;"07:20";"2";"13";"1";"1";"1";3;43;5
"54158";"202100054158";1;"12:30";"1";"78";"1";"1";"4";7;48;1
"54159";"202100054159";1;"21:50";"3";"988";"1";"1";"1";7;-22;166
"54160";"202100054160";1;"08:15";"2";"91";"2";"1";"1";6;48;2
"54161";"202100054161";1;"16:50";"1";"30";"1";"1";"8";1;44;4
"54162";"202100054162";1;"12:35";"1";"84";"2";"1";"3";3;43;4
"54163";"202100054163";1;"02:45";"3";"73";"1";"9";"4";7;45;6
"54164";"202100054164";1;"17:50";"3";"85";"1";"1";"2";7;46;-1
"54165";"202100054165";1;"16:00";"1";"27";"2";"1";"1";7;49;1
"54166";"202100054166";1;"09:15";"1";"60";"1";"1";"2";3;49;2
"54167";"202100054167";1;"19:50";"4";"02";"2";"1";"1";6;49;4
"54168";"202100054168";1;"14:10";"1";"62";"2";"1";"1";2;50;2
"54169";"202100054169";1;"07:42";"1";"13";"1";"1";"1";2;43;5
"54170";"202100054170";1;"08:32";"1";"13";"1";"1";"1";4;43;5
"54171";"202100054171";1;"15:15";"1";"33";"1";"1";"1";6;44;0
"54172";"202100054172";1;"05:30";"3";"91";"1";"1";"3";7;48;2
"54173";"202100054173";1;"13:47";"1";"92";"1";"1";"1";6;48;2
"54174";"202100054174";1;"17:45";"2";"93";"1";"1";"1";3;48;2
"54175";"202100054175";1;"19:45";"3";"93";"1";"1";"2";6;48;2
"54176";"202100054176";1;"17:50";"3";"95";"1";"1";"2";4;49;2
"54177";"202100054177";1;"12:30";"1";"95";"1";"1";"1";6;49;2
"54178";"202100054178";1;"06:20";"1";"974";"2";"6";"1";3;-21;55
"54179";"202100054179";1;"18:26";"2";"974";"2";"1";"1";2;-20;55
"54180";"202100054180";1;"17:46";"2";"973";"2";"1";"1";6;4;-52
"54181";"202100054181";1;"16:30";"1";"69";"2";"1";"1";6;45;4
"54182";"202100054182";1;"10:22";"1";"69";"2";"9";"6";7;45;4
"54183";"202100054183";1;"11:45";"1";"69";"2";"1";"1";3;45;4
"54184";"202100054184";1;"20:45";"3";"972";"2";"9";"8";2;14;-61
"54185";"202100054185";1;"16:50";"1";"972";"2";"1";"1";6;14;-61
"54186";"202100054186";1;"16:40";"2";"91";"2";"4";"3";6;48;2
"54187";"202100054187";1;"01:20";"3";"91";"2";"1";"3";6;48;2
"54188";"202100054188";1;"07:54";"5";"87";"1";"1";"2";3;45;1
"54189";"202100054189";1;"16:50";"1";"87";"2";"1";"1";6;45;1
"54190";"202100054190";1;"10:00";"1";"83";"1";"1";"1";7;43;6
"54191";"202100054191";1;"18:24";"3";"80";"2";"1";"2";3;49;2
"54192";"202100054192";1;"19:00";"5";"76";"2";"1";"1";6;49;1
"54193";"202100054193";1;"23:55";"5";"76";"2";"2";"2";7;49;0
"54194";"202100054194";1;"16:42";"1";"74";"2";"3";"1";1;46;6
"54195";"202100054195";1;"18:57";"5";"74";"2";"2";"1";3;45;6
"54196";"202100054196";1;"07:50";"1";"71";"2";"1";"1";6;46;4
"54197";"202100054197";1;"17:15";"2";"69";"2";"1";"1";6;45;4
"54198";"202100054198";1;"08:15";"1";"69";"2";"2";"1";3;45;4
"54199";"202100054199";1;"15:30";"1";"59";"2";"1";"8";6;50;3
"54200";"202100054200";1;"17:25";"5";"59";"2";"1";"1";3;50;3
"54201";"202100054201";1;"14:40";"1";"59";"2";"2";"8";3;50;3
"54202";"202100054202";1;"14:25";"1";"59";"2";"1";"1";3;50;3
"54203";"202100054203";1;"00:40";"5";"58";"2";"1";"1";6;46;3
"54204";"202100054204";1;"18:35";"5";"54";"2";"1";"1";2;48;6
"54205";"202100054205";1;"07:45";"2";"51";"2";"3";"8";7;49;4
"54206";"202100054206";1;"05:40";"3";"49";"2";"1";"2";7;47;0
"54207";"202100054207";1;"07:45";"5";"45";"2";"3";"8";3;47;1
"54208";"202100054208";1;"12:14";"1";"40";"2";"1";"1";2;43;0
"54209";"202100054209";1;"06:00";"5";"38";"2";"2";"1";3;45;5
"54210";"202100054210";1;"16:00";"1";"37";"2";"6";"8";6;47;0
"54211";"202100054211";1;"12:00";"1";"37";"2";"3";"1";6;47;0
"54212";"202100054212";1;"11:50";"1";"35";"2";"1";"2";2;48;-1
"54213";"202100054213";1;"08:30";"2";"35";"1";"3";"8";3;48;-1
"54214";"202100054214";1;"07:10";"5";"33";"2";"1";"1";6;44;0
"54215";"202100054215";1;"11:45";"1";"30";"2";"6";"2";3;44;4
"54216";"202100054216";1;"08:43";"4";"29";"2";"3";"2";6;48;-4
"54217";"202100054217";1;"12:40";"1";"28";"2";"1";"1";6;48;1
"54218";"202100054218";1;"07:55";"5";"24";"2";"1";"1";6;44;0
"54219";"202100054219";1;"16:20";"1";"17";"2";"6";"2";3;45;-1
"54220";"202100054220";1;"08:25";"1";"14";"1";"1";"2";2;49;0
"54221";"202100054221";1;"12:29";"1";"13";"2";"2";"1";3;43;5
"54222";"202100054222";1;"11:50";"1";"13";"2";"1";"1";6;43;5
"54223";"202100054223";1;"17:30";"2";"07";"2";"1";"1";3;44;4
"54224";"202100054224";1;"17:20";"5";"06";"2";"1";"2";6;43;7
"54225";"202100054225";1;"15:00";"1";"06";"2";"1";"2";3;43;7
"54226";"202100054226";1;"11:30";"1";"06";"1";"1";"3";2;43;6
"54227";"202100054227";1;"08:45";"1";"06";"1";"1";"1";7;43;6
"54228";"202100054228";1;"09:48";"1";"04";"2";"3";"1";3;43;5
"54229";"202100054229";1;"15:05";"1";"75";"2";"2";"3";6;48;2
"54230";"202100054230";1;"14:56";"1";"75";"2";"3";"1";6;48;2
"54231";"202100054231";1;"17:32";"2";"75";"2";"1";"2";3;48;2
"54232";"202100054232";1;"20:15";"5";"75";"2";"2";"1";3;48;2
"54233";"202100054233";1;"11:40";"1";"75";"2";"1";"1";2;48;2
"54234";"202100054234";1;"13:30";"1";"75";"2";"2";"1";3;48;2
"54235";"202100054235";1;"19:45";"2";"75";"2";"2";"2";3;48;2
"54236";"202100054236";1;"18:40";"5";"75";"2";"2";"2";2;48;2
"54237";"202100054237";1;"06:00";"3";"75";"2";"2";"8";6;48;2
"54238";"202100054238";1;"13:55";"1";"75";"2";"1";"1";6;48;2
"54239";"202100054239";1;"12:00";"1";"75";"2";"2";"8";6;48;2
"54240";"202100054240";1;"10:40";"1";"75";"2";"2";"1";3;48;2
"54241";"202100054241";1;"12:45";"1";"75";"2";"1";"1";2;48;2
"54242";"202100054242";1;"16:00";"1";"75";"2";"3";"2";3;48;2
"54243";"202100054243";1;"17:15";"4";"75";"2";"1";"2";2;48;2
"54244";"202100054244";1;"14:00";"1";"75";"2";"7";"2";7;48;2
"54245";"202100054245";1;"11:20";"1";"75";"2";"3";"1";3;48;2
"54246";"202100054246";1;"10:30";"1";"75";"2";"7";"1";6;48;2
"54247";"202100054247";1;"07:15";"5";"75";"2";"2";"1";7;48;2
"54248";"202100054248";1;"12:40";"1";"75";"2";"4";"1";6;48;2
"54249";"202100054249";1;"17:50";"5";"75";"2";"1";"3";6;48;2
"54250";"202100054250";1;"16:10";"1";"75";"2";"2";"2";3;48;2
"54251";"202100054251";1;"16:50";"1";"94";"2";"3";"2";6;48;2
"54252";"202100054252";1;"11:00";"1";"94";"2";"1";"1";3;48;2
"54253";"202100054253";1;"12:35";"1";"94";"2";"1";"1";2;48;2
"54254";"202100054254";1;"18:10";"5";"94";"2";"1";"1";1;48;2
"54255";"202100054255";1;"12:45";"1";"94";"1";"2";"1";5;48;2
"54256";"202100054256";1;"11:00";"1";"94";"2";"1";"1";6;48;2
"54257";"202100054257";1;"15:01";"1";"93";"2";"1";"1";6;48;2
"54258";"202100054258";1;"18:40";"5";"92";"2";"1";"8";6;48;2
"54259";"202100054259";1;"13:30";"1";"92";"2";"4";"1";6;48;2
"54260";"202100054260";1;"14:10";"1";"92";"2";"2";"2";3;48;2
"54261";"202100054261";1;"19:24";"3";"92";"2";"1";"2";5;48;2
"54262";"202100054262";1;"18:05";"5";"92";"2";"2";"2";6;48;2
"54263";"202100054263";1;"16:10";"1";"92";"2";"2";"2";3;48;2
"54264";"202100054264";1;"09:10";"1";"35";"1";"1";"7";2;48;-1
"54265";"202100054265";1;"10:24";"1";"22";"1";"1";"1";7;48;-2
"54266";"202100054266";1;"09:20";"1";"71";"1";"2";"2";5;46;4
"54267";"202100054267";1;"18:00";"3";"71";"1";"1";"1";7;46;5
"54268";"202100054268";1;"06:30";"2";"34";"2";"1";"2";6;43;3
"54269";"202100054269";1;"17:00";"3";"51";"1";"1";"3";1;49;4
"54270";"202100054270";1;"16:15";"1";"79";"1";"1";"1";6;46;0
"54271";"202100054271";1;"12:45";"1";"61";"1";"1";"1";1;48;0
"54272";"202100054272";1;"08:33";"2";"55";"2";"1";"4";7;49;5
"54273";"202100054273";1;"12:50";"1";"42";"1";"1";"8";1;45;4
"54274";"202100054274";1;"17:25";"2";"25";"1";"1";"2";7;47;5
"54275";"202100054275";1;"16:10";"1";"44";"1";"9";"1";6;47;-2
"54276";"202100054276";1;"19:15";"3";"35";"1";"1";"2";6;48;-2
"54277";"202100054277";1;"18:20";"5";"72";"1";"6";"2";3;48;0
"54278";"202100054278";1;"12:05";"1";"50";"1";"1";"8";3;49;-1
"54279";"202100054279";1;"18:05";"3";"90";"1";"1";"1";6;47;6
"54280";"202100054280";1;"19:45";"3";"07";"1";"1";"2";6;44;4
"54281";"202100054281";1;"09:37";"1";"40";"2";"1";"3";6;43;0
"54282";"202100054282";1;"13:15";"1";"13";"1";"1";"3";6;43;5
"54283";"202100054283";1;"16:55";"1";"973";"2";"9";"1";2;4;-52
"54284";"202100054284";1;"18:00";"2";"37";"1";"1";"2";1;47;0
"54285";"202100054285";1;"10:15";"1";"34";"1";"1";"1";5;43;3
"54286";"202100054286";1;"08:15";"2";"35";"1";"1";"1";7;48;-2
"54287";"202100054287";1;"20:00";"3";"986";"2";"1";"1";1;-13;-176
"54288";"202100054288";1;"11:20";"1";"971";"1";"1";"1";3;16;-61
"54289";"202100054289";1;"15:30";"1";"78";"1";"2";"1";3;48;1
"54290";"202100054290";1;"08:30";"1";"2B";"1";"1";"1";7;42;9
"54291";"202100054291";1;"09:50";"1";"68";"2";"1";"8";6;47;7
"54292";"202100054292";1;"06:25";"5";"68";"2";"1";"8";6;48;7
"54293";"202100054293";1;"09:00";"1";"38";"2";"3";"1";6;45;4
"54294";"202100054294";1;"07:15";"5";"38";"2";"1";"1";1;45;5
"54295";"202100054295";1;"08:20";"2";"33";"2";"3";"8";3;44;0
"54296";"202100054296";1;"09:00";"1";"60";"1";"1";"2";2;49;2
"54297";"202100054297";1;"16:25";"1";"59";"1";"1";"1";2;50;3
"54298";"202100054298";1;"08:10";"2";"59";"2";"1";"1";6;50;2
"54299";"202100054299";1;"21:20";"3";"13";"1";"1";"1";1;43;5
"54300";"202100054300";1;"07:30";"5";"91";"1";"1";"1";6;48;2
"54301";"202100054301";1;"18:40";"3";"91";"1";"1";"1";4;48;2
"54302";"202100054302";1;"08:30";"1";"93";"1";"1";"1";6;48;2
"54303";"202100054303";1;"16:00";"1";"93";"1";"1";"1";4;48;2
"54304";"202100054304";1;"12:25";"1";"974";"2";"2";"1";3;-20;55
"54305";"202100054305";1;"21:35";"5";"973";"2";"6";"2";6;4;-52
"54306";"202100054306";1;"17:45";"1";"973";"2";"3";"2";3;4;-52
"54307";"202100054307";1;"09:10";"1";"69";"2";"1";"1";7;45;4
"54308";"202100054308";1;"00:23";"5";"972";"1";"6";"2";6;14;-60
"54309";"202100054309";1;"10:40";"1";"69";"2";"1";"1";6;45;4
"54310";"202100054310";1;"16:00";"1";"971";"1";"3";"1";3;16;-61
"54311";"202100054311";1;"12:20";"1";"91";"2";"1";"1";6;48;2
"54312";"202100054312";1;"13:20";"1";"91";"2";"1";"1";6;48;2
"54313";"202100054313";1;"12:30";"1";"91";"2";"1";"1";6;48;2
"54314";"202100054314";1;"10:50";"1";"90";"2";"1";"1";7;47;6
"54315";"202100054315";1;"06:27";"5";"87";"2";"2";"1";3;45;1
"54316";"202100054316";1;"08:30";"2";"83";"2";"1";"8";6;43;5
"54317";"202100054317";1;"06:45";"3";"77";"1";"3";"1";3;48;2
"54318";"202100054318";1;"18:20";"5";"71";"2";"1";"1";2;46;4
"54319";"202100054319";1;"17:30";"2";"69";"2";"3";"1";3;45;4
"54320";"202100054320";1;"07:13";"5";"63";"2";"6";"1";3;45;3
"54321";"202100054321";1;"16:35";"2";"63";"2";"3";"1";3;45;3
"54322";"202100054322";1;"16:48";"2";"63";"2";"2";"1";6;45;3
"54323";"202100054323";1;"16:25";"1";"62";"1";"1";"1";1;50;1
"54324";"202100054324";1;"12:30";"1";"59";"2";"3";"1";3;50;3
"54325";"202100054325";1;"07:45";"5";"58";"2";"1";"1";3;46;3
"54326";"202100054326";1;"20:15";"5";"56";"2";"6";"3";3;47;-3
"54327";"202100054327";1;"17:15";"1";"56";"1";"1";"8";4;47;-3
"54328";"202100054328";1;"13:05";"1";"54";"2";"1";"1";6;49;5
"54329";"202100054329";1;"17:45";"5";"52";"2";"9";"8";6;48;4
"54330";"202100054330";1;"17:00";"1";"50";"2";"1";"1";2;49;-1