"";"Num_Acc";"mois";"hrmn";"lum";"dep";"agg";"int";"atm";"col";"lat";"long"
"54331";"202100054331";1;"19:10";"5";"42";"2";"1";"1";6;45;4
"54332";"202100054332";1;"10:45";"1";"40";"2";"3";"1";3;43;0
"54333";"202100054333";1;"16:15";"1";"39";"2";"3";"1";3;47;5
"54334";"202100054334";1;"19:20";"3";"38";"2";"9";"1";3;45;5
"54335";"202100054335";1;"11:40";"1";"35";"2";"9";"1";2;48;-1
"54336";"202100054336";1;"11:50";"1";"34";"2";"1";"1";6;43;3
"54337";"202100054337";1;"22:40";"5";"33";"2";"2";"1";3;44;0
"54338";"202100054338";1;"15:40";"1";"31";"2";"1";"1";6;43;1
"54339";"202100054339";1;"13:04";"1";"21";"2";"2";"2";3;47;5
"54340";"202100054340";1;"12:25";"1";"13";"2";"1";"1";3;43;5
"54341";"202100054341";1;"13:00";"1";"13";"2";"1";"1";3;43;5
"54342";"202100054342";1;"11:25";"1";"13";"2";"1";"1";6;43;5
"54343";"202100054343";1;"09:42";"1";"12";"2";"1";"9";7;44;2
"54344";"202100054344";1;"14:19";"1";"10";"2";"9";"1";1;48;4
"54345";"202100054345";1;"17:00";"2";"06";"2";"1";"2";4;43;7
"54346";"202100054346";1;"19:20";"5";"06";"2";"3";"1";3;43;7
"54347";"202100054347";1;"18:15";"4";"05";"2";"1";"1";4;44;6
"54348";"202100054348";1;"17:45";"5";"75";"2";"1";"1";3;48;2
"54349";"202100054349";1;"14:00";"1";"75";"2";"4";"1";3;48;2
"54350";"202100054350";1;"09:30";"1";"75";"2";"1";"1";4;48;2
"54351";"202100054351";1;"08:15";"1";"75";"2";"4";"1";3;48;2
"54352";"202100054352";1;"21:20";"5";"75";"2";"1";"1";2;48;2
"54353";"202100054353";1;"18:35";"5";"75";"2";"1";"1";2;48;2
"54354";"202100054354";1;"13:10";"1";"75";"2";"1";"1";6;48;2
"54355";"202100054355";1;"14:44";"1";"75";"2";"2";"8";3;48;2
"54356";"202100054356";1;"14:50";"1";"75";"2";"1";"1";6;48;2
"54357";"202100054357";1;"09:30";"1";"75";"2";"3";"1";7;48;2
"54358";"202100054358";1;"21:00";"5";"75";"2";"2";"1";3;48;2
"54359";"202100054359";1;"16:50";"1";"75";"2";"1";"1";3;48;2
"54360";"202100054360";1;"11:00";"1";"75";"2";"3";"1";2;48;2
"54361";"202100054361";1;"08:15";"2";"75";"2";"1";"1";6;48;2
"54362";"202100054362";1;"13:00";"1";"94";"2";"1";"2";6;48;2
"54363";"202100054363";1;"11:10";"1";"94";"2";"2";"2";3;48;2
"54364";"202100054364";1;"07:00";"5";"94";"2";"1";"1";3;48;2
"54365";"202100054365";1;"02:00";"5";"94";"2";"3";"1";6;48;2
"54366";"202100054366";1;"20:50";"5";"94";"2";"1";"1";2;48;2
"54367";"202100054367";1;"16:15";"1";"93";"2";"1";"1";6;48;2
"54368";"202100054368";1;"07:00";"5";"93";"2";"3";"9";2;48;2
"54369";"202100054369";1;"16:27";"1";"93";"2";"1";"1";3;48;2
"54370";"202100054370";1;"14:30";"1";"93";"2";"2";"1";3;48;2
"54371";"202100054371";1;"10:00";"1";"93";"2";"2";"2";3;48;2
"54372";"202100054372";1;"17:00";"1";"93";"2";"1";"1";2;48;2
"54373";"202100054373";1;"13:10";"1";"93";"2";"1";"1";6;48;2
"54374";"202100054374";1;"07:55";"2";"93";"2";"1";"1";6;48;2
"54375";"202100054375";1;"15:45";"1";"93";"2";"1";"1";6;48;2
"54376";"202100054376";1;"17:30";"5";"93";"2";"1";"2";6;48;2
"54377";"202100054377";1;"18:00";"2";"92";"2";"3";"1";6;48;2
"54378";"202100054378";1;"18:40";"5";"92";"2";"1";"1";4;48;2
"54379";"202100054379";1;"08:30";"1";"92";"2";"3";"1";3;48;2
"54380";"202100054380";1;"12:00";"1";"49";"1";"3";"1";7;47;0
"54381";"202100054381";1;"14:10";"1";"974";"2";"7";"3";3;-21;55
"54382";"202100054382";1;"20:30";"3";"974";"1";"1";"1";6;-21;55
"54383";"202100054383";1;"18:10";"3";"41";"1";"1";"3";6;47;2
"54384";"202100054384";1;"17:15";"2";"86";"1";"1";"1";7;46;0
"54385";"202100054385";1;"10:00";"1";"65";"2";"2";"1";3;43;0
"54386";"202100054386";1;"19:35";"3";"77";"1";"1";"2";6;48;3
"54387";"202100054387";1;"17:05";"1";"32";"2";"1";"1";1;43;0
"54388";"202100054388";1;"17:42";"5";"03";"1";"1";"2";3;46;3
"54389";"202100054389";1;"16:05";"1";"60";"2";"2";"1";6;49;2
"54390";"202100054390";1;"14:40";"1";"53";"1";"6";"3";7;48;0
"54391";"202100054391";1;"16:30";"1";"52";"1";"3";"1";1;48;5
"54392";"202100054392";1;"11:00";"1";"987";"2";"1";"1";1;-17;-149
"54393";"202100054393";1;"21:40";"3";"06";"1";"1";"1";6;43;7
"54394";"202100054394";1;"17:26";"3";"06";"1";"1";"2";4;43;7
"54395";"202100054395";1;"13:28";"1";"69";"2";"3";"1";3;45;4
"54396";"202100054396";1;"16:17";"1";"971";"1";"1";"1";3;16;-61
"54397";"202100054397";1;"09:00";"1";"13";"1";"1";"1";3;43;5
"54398";"202100054398";1;"13:10";"1";"67";"2";"6";"1";3;48;7
"54399";"202100054399";1;"07:59";"1";"38";"1";"1";"1";6;45;5
"54400";"202100054400";1;"12:30";"1";"09";"1";"1";"1";6;42;1
"54401";"202100054401";1;"09:45";"1";"59";"2";"3";"1";6;50;3
"54402";"202100054402";1;"18:10";"2";"54";"1";"1";"1";1;48;6
"54403";"202100054403";1;"09:00";"1";"91";"1";"1";"1";2;48;2
"54404";"202100054404";1;"09:35";"1";"92";"1";"1";"1";2;48;2
"54405";"202100054405";1;"07:45";"2";"92";"1";"1";"1";4;48;2
"54406";"202100054406";1;"18:25";"3";"95";"1";"1";"1";5;48;2
"54407";"202100054407";1;"16:00";"1";"93";"1";"1";"1";2;48;2
"54408";"202100054408";1;"18:00";"2";"77";"1";"1";"1";2;48;2
"54409";"202100054409";1;"14:30";"1";"77";"1";"1";"1";4;48;2
"54410";"202100054410";1;"08:40";"1";"988";"2";"4";"2";2;-22;166
"54411";"202100054411";1;"16:40";"1";"973";"2";"1";"1";2;4;-52
"54412";"202100054412";1;"20:32";"5";"69";"2";"1";"1";6;45;4
"54413";"202100054413";1;"08:45";"1";"69";"2";"2";"1";3;45;4
"54414";"202100054414";1;"04:30";"5";"69";"2";"2";"8";3;45;4
"54415";"202100054415";1;"08:30";"1";"2B";"2";"1";"1";6;42;9
"54416";"202100054416";1;"15:25";"1";"91";"2";"3";"1";2;48;2
"54417";"202100054417";1;"07:51";"5";"91";"2";"1";"1";6;48;2
"54418";"202100054418";1;"09:50";"1";"84";"1";"1";"1";4;44;5
"54419";"202100054419";1;"17:15";"1";"84";"2";"2";"1";3;43;4
"54420";"202100054420";1;"07:58";"1";"81";"2";"1";"1";1;43;2
"54421";"202100054421";1;"09:35";"1";"77";"1";"1";"1";1;48;2
"54422";"202100054422";1;"19:30";"5";"76";"2";"2";"1";3;49;0
"54423";"202100054423";1;"16:20";"2";"69";"2";"1";"7";6;45;4
"54424";"202100054424";1;"17:44";"1";"66";"2";"1";"1";2;42;2
"54425";"202100054425";1;"09:35";"1";"64";"2";"3";"1";6;43;0
"54426";"202100054426";1;"07:50";"2";"64";"2";"3";"1";3;43;0
"54427";"202100054427";1;"12:07";"1";"64";"2";"6";"1";1;43;-1
"54428";"202100054428";1;"17:41";"2";"63";"2";"1";"1";6;45;3
"54429";"202100054429";1;"11:20";"1";"60";"1";"1";"7";1;49;2
"54430";"202100054430";1;"18:45";"5";"59";"2";"1";"2";6;50;4
"54431";"202100054431";1;"14:20";"1";"55";"2";"6";"1";6;48;5
"54432";"202100054432";1;"15:10";"1";"54";"2";"3";"1";3;49;5
"54433";"202100054433";1;"18:00";"5";"50";"2";"2";"2";3;49;-1
"54434";"202100054434";1;"06:15";"5";"50";"2";"2";"1";6;49;-1
"54435";"202100054435";1;"07:30";"5";"49";"2";"1";"1";6;47;0
"54436";"202100054436";1;"07:55";"2";"47";"2";"7";"1";6;44;0
"54437";"202100054437";1;"17:20";"1";"44";"2";"1";"1";6;47;-1
"54438";"202100054438";1;"13:23";"1";"44";"2";"1";"1";3;47;-1
"54439";"202100054439";1;"09:40";"2";"42";"2";"7";"1";6;45;4
"54440";"202100054440";1;"17:31";"1";"38";"2";"1";"1";6;45;4
"54441";"202100054441";1;"13:15";"1";"38";"2";"1";"1";6;45;5
"54442";"202100054442";1;"13:30";"1";"37";"2";"1";"1";1;47;0
"54443";"202100054443";1;"15:30";"1";"35";"2";"9";"1";6;48;-1
"54444";"202100054444";1;"07:50";"5";"35";"2";"1";"2";6;48;-1
"54445";"202100054445";1;"17:35";"2";"34";"2";"1";"1";6;43;3
"54446";"202100054446";1;"08:34";"1";"33";"2";"1";"1";6;44;0
"54447";"202100054447";1;"07:20";"5";"33";"2";"1";"1";1;44;-1
"54448";"202100054448";1;"06:35";"3";"31";"2";"1";"1";1;43;1
"54449";"202100054449";1;"19:55";"5";"31";"2";"1";"1";3;43;1
"54450";"202100054450";1;"17:25";"1";"31";"1";"1";"1";6;43;1
"54451";"202100054451";1;"18:10";"5";"29";"2";"1";"3";6;48;-4
"54452";"202100054452";1;"08:40";"1";"29";"2";"2";"2";3;48;-4
"54453";"202100054453";1;"17:25";"2";"27";"1";"3";"1";5;49;1
"54454";"202100054454";1;"08:10";"2";"27";"2";"1";"1";2;49;1
"54455";"202100054455";1;"13:25";"1";"17";"2";"1";"1";3;46;-1
"54456";"202100054456";1;"17:10";"1";"17";"2";"3";"1";3;46;-1
"54457";"202100054457";1;"17:30";"2";"13";"2";"2";"1";3;43;5
"54458";"202100054458";1;"14:00";"1";"13";"2";"1";"1";3;43;5
"54459";"202100054459";1;"13:34";"1";"13";"2";"9";"1";6;43;5
"54460";"202100054460";1;"16:40";"1";"13";"2";"1";"1";6;43;4
"54461";"202100054461";1;"15:15";"1";"13";"2";"1";"1";2;43;5
"54462";"202100054462";1;"06:05";"4";"13";"1";"1";"1";2;43;5
"54463";"202100054463";1;"18:55";"5";"11";"2";"1";"6";7;43;2
"54464";"202100054464";1;"15:20";"1";"06";"2";"1";"1";7;43;6
"54465";"202100054465";1;"07:00";"5";"06";"2";"3";"1";1;43;7
"54466";"202100054466";1;"16:15";"1";"05";"2";"1";"1";3;44;6
"54467";"202100054467";1;"08:25";"1";"75";"2";"1";"2";6;48;2
"54468";"202100054468";1;"12:10";"1";"75";"2";"3";"1";6;48;2
"54469";"202100054469";1;"08:25";"2";"75";"2";"2";"2";6;48;2
"54470";"202100054470";1;"21:40";"4";"75";"2";"2";"1";3;48;2
"54471";"202100054471";1;"09:20";"1";"75";"2";"1";"3";2;48;2
"54472";"202100054472";1;"13:00";"1";"75";"2";"2";"1";6;48;2
"54473";"202100054473";1;"17:00";"2";"75";"2";"1";"8";3;48;2
"54474";"202100054474";1;"09:45";"1";"94";"2";"2";"2";3;48;2
"54475";"202100054475";1;"13:35";"1";"94";"2";"1";"1";6;48;2
"54476";"202100054476";1;"14:30";"1";"94";"2";"1";"1";3;48;2
"54477";"202100054477";1;"16:00";"1";"94";"2";"1";"2";1;48;2
"54478";"202100054478";1;"15:15";"1";"94";"2";"1";"1";3;48;2
"54479";"202100054479";1;"17:09";"1";"94";"2";"1";"1";3;48;2
"54480";"202100054480";1;"07:50";"5";"94";"2";"1";"2";7;48;2
"54481";"202100054481";1;"08:15";"1";"94";"2";"9";"3";3;48;2
"54482";"202100054482";1;"11:35";"1";"94";"2";"3";"2";3;48;2
"54483";"202100054483";1;"17:45";"5";"93";"2";"1";"1";6;48;2
"54484";"202100054484";1;"14:05";"1";"93";"2";"1";"2";3;48;2
"54485";"202100054485";1;"19:09";"5";"93";"2";"2";"1";6;48;2
"54486";"202100054486";1;"11:55";"1";"93";"2";"1";"8";6;48;2
"54487";"202100054487";1;"08:00";"1";"92";"2";"2";"2";1;48;2
"54488";"202100054488";1;"08:00";"5";"92";"2";"3";"2";3;48;2
"54489";"202100054489";1;"17:16";"2";"92";"2";"1";"1";6;48;2
"54490";"202100054490";1;"07:45";"5";"92";"2";"2";"2";2;48;2
"54491";"202100054491";1;"09:00";"1";"92";"2";"1";"1";6;48;2
"54492";"202100054492";1;"13:10";"1";"92";"2";"3";"8";3;48;2
"54493";"202100054493";1;"11:48";"1";"92";"2";"1";"8";6;48;2
"54494";"202100054494";1;"18:25";"5";"92";"2";"1";"1";6;48;2
"54495";"202100054495";1;"10:00";"1";"92";"2";"3";"2";6;48;2
"54496";"202100054496";1;"16:30";"1";"92";"2";"1";"1";6;48;2
"54497";"202100054497";1;"18:00";"4";"92";"2";"3";"3";6;48;2
"54498";"202100054498";1;"17:00";"2";"36";"1";"1";"7";6;47;1
"54499";"202100054499";1;"16:00";"1";"31";"2";"1";"1";1;43;1
"54500";"202100054500";1;"17:35";"5";"88";"2";"3";"8";3;48;7
"54501";"202100054501";1;"17:35";"2";"83";"1";"1";"1";2;43;6
"54502";"202100054502";1;"07:50";"2";"34";"2";"2";"1";3;43;3
"54503";"202100054503";1;"16:06";"1";"27";"1";"1";"1";6;48;0
"54504";"202100054504";1;"04:00";"3";"56";"1";"1";"2";6;48;-3
"54505";"202100054505";1;"11:30";"1";"74";"1";"1";"7";1;45;6
"54506";"202100054506";1;"14:00";"1";"12";"1";"1";"1";6;44;2
"54507";"202100054507";1;"07:45";"3";"34";"1";"1";"1";6;43;3
"54508";"202100054508";1;"16:45";"1";"39";"1";"1";"7";1;46;5
"54509";"202100054509";1;"08:25";"2";"40";"1";"1";"1";7;43;0
"54510";"202100054510";1;"20:05";"5";"85";"2";"1";"1";1;46;-1
"54511";"202100054511";1;"12:20";"1";"28";"2";"1";"1";6;48;1
"54512";"202100054512";1;"14:30";"1";"24";"1";"1";"1";6;44;0
"54513";"202100054513";1;"14:15";"1";"35";"1";"1";"1";2;48;-1
"54514";"202100054514";1;"09:40";"1";"973";"1";"1";"1";1;4;-52
"54515";"202100054515";1;"09:40";"1";"69";"2";"2";"7";3;45;4
"54516";"202100054516";1;"08:27";"1";"13";"1";"1";"1";3;43;5
"54517";"202100054517";1;"16:00";"1";"77";"2";"1";"1";1;49;2
"54518";"202100054518";1;"17:55";"5";"78";"1";"6";"1";2;48;1
"54519";"202100054519";1;"10:20";"1";"83";"1";"1";"1";6;43;6
"54520";"202100054520";1;"22:00";"3";"83";"1";"1";"2";7;43;6
"54521";"202100054521";1;"17:45";"3";"89";"1";"1";"1";2;47;3
"54522";"202100054522";1;"14:30";"1";"10";"1";"1";"1";7;48;4
"54523";"202100054523";1;"12:10";"1";"42";"2";"1";"6";6;45;4
"54524";"202100054524";1;"14:15";"1";"38";"2";"2";"1";3;45;5
"54525";"202100054525";1;"16:35";"1";"01";"2";"1";"1";3;46;6
"54526";"202100054526";1;"15:50";"1";"69";"2";"1";"1";6;45;4
"54527";"202100054527";1;"15:27";"1";"31";"2";"1";"7";6;43;1
"54528";"202100054528";1;"13:00";"1";"33";"2";"3";"1";3;44;0
"54529";"202100054529";1;"10:45";"1";"50";"1";"1";"1";6;48;-1
"54530";"202100054530";1;"07:45";"5";"76";"2";"3";"2";2;49;1
"54531";"202100054531";1;"11:30";"1";"13";"1";"1";"1";3;43;5
"54532";"202100054532";1;"09:22";"1";"13";"1";"1";"1";3;43;5
"54533";"202100054533";1;"06:15";"3";"13";"1";"1";"1";7;43;5
"54534";"202100054534";1;"08:15";"2";"13";"1";"1";"1";5;43;5
"54535";"202100054535";1;"03:55";"5";"38";"1";"1";"5";2;45;4
"54536";"202100054536";1;"18:40";"3";"38";"1";"1";"1";5;45;4
"54537";"202100054537";1;"14:10";"1";"42";"1";"1";"1";3;45;4
"54538";"202100054538";1;"12:30";"1";"33";"1";"1";"1";6;44;0
"54539";"202100054539";1;"14:00";"1";"94";"1";"1";"1";6;48;2
"54540";"202100054540";1;"10:09";"1";"94";"1";"1";"2";2;48;2
"54541";"202100054541";1;"23:30";"5";"91";"1";"1";"1";6;48;2
"54542";"202100054542";1;"12:21";"1";"94";"2";"1";"1";2;48;2
"54543";"202100054543";1;"15:40";"1";"78";"1";"1";"1";3;48;1
"54544";"202100054544";1;"10:40";"1";"93";"1";"1";"2";7;48;2
"54545";"202100054545";1;"05:45";"3";"93";"1";"1";"2";2;48;2
"54546";"202100054546";1;"18:10";"3";"92";"1";"1";"1";2;48;2
"54547";"202100054547";1;"09:40";"1";"93";"1";"1";"1";3;48;2
"54548";"202100054548";1;"12:00";"1";"988";"2";"2";"1";6;-22;166
"54549";"202100054549";1;"17:30";"1";"974";"1";"1";"1";3;-21;55
"54550";"202100054550";1;"21:41";"3";"972";"1";"1";"3";2;14;-60
"54551";"202100054551";1;"05:45";"2";"972";"2";"1";"1";2;14;-61
"54552";"202100054552";1;"14:13";"1";"69";"2";"3";"8";2;45;4
"54553";"202100054553";1;"07:05";"1";"971";"2";"1";"1";6;16;-61
"54554";"202100054554";1;"08:22";"2";"95";"2";"4";"1";6;48;2
"54555";"202100054555";1;"13:30";"1";"89";"2";"3";"3";3;48;3
"54556";"202100054556";1;"10:50";"1";"88";"2";"1";"1";6;48;6
"54557";"202100054557";1;"18:09";"5";"87";"2";"1";"1";3;45;1
"54558";"202100054558";1;"16:58";"1";"87";"2";"2";"1";7;45;1
"54559";"202100054559";1;"08:51";"1";"87";"2";"3";"1";3;45;1
"54560";"202100054560";1;"17:33";"1";"87";"2";"1";"1";7;45;1
"54561";"202100054561";1;"19:45";"5";"83";"2";"1";"1";1;43;6
"54562";"202100054562";1;"10:20";"1";"83";"2";"1";"1";6;43;5
"54563";"202100054563";1;"13:50";"1";"81";"2";"1";"1";3;43;2
"54564";"202100054564";1;"07:25";"5";"80";"2";"1";"1";6;49;2
"54565";"202100054565";1;"19:35";"5";"80";"2";"1";"2";1;49;2
"54566";"202100054566";1;"13:00";"1";"77";"2";"1";"1";6;48;2
"54567";"202100054567";1;"07:15";"3";"77";"1";"1";"1";6;48;2
"54568";"202100054568";1;"13:15";"1";"76";"1";"5";"1";4;49;0
"54569";"202100054569";1;"05:05";"3";"76";"1";"1";"1";6;49;0
"54570";"202100054570";1;"18:50";"3";"71";"1";"1";"4";7;46;4
"54571";"202100054571";1;"15:00";"1";"67";"2";"1";"1";6;48;7
"54572";"202100054572";1;"14:00";"1";"64";"2";"1";"2";7;43;-1
"54573";"202100054573";1;"11:00";"1";"64";"2";"1";"2";3;43;-1
"54574";"202100054574";1;"09:04";"1";"64";"2";"1";"2";1;43;-1
"54575";"202100054575";1;"20:00";"5";"63";"2";"5";"1";3;45;3
"54576";"202100054576";1;"13:05";"1";"63";"2";"1";"1";2;45;3
"54577";"202100054577";1;"16:51";"1";"63";"2";"1";"1";3;45;3
"54578";"202100054578";1;"17:50";"5";"62";"2";"1";"1";6;50;1
"54579";"202100054579";1;"12:10";"1";"59";"2";"9";"1";6;50;3
"54580";"202100054580";1;"05:20";"5";"59";"2";"1";"1";6;50;3
"54581";"202100054581";1;"15:15";"1";"56";"2";"6";"1";3;47;-2
"54582";"202100054582";1;"05:40";"4";"56";"1";"1";"2";6;47;-3
"54583";"202100054583";1;"23:35";"5";"54";"2";"1";"8";6;48;6
"54584";"202100054584";1;"18:24";"5";"54";"2";"1";"1";6;48;6
"54585";"202100054585";1;"16:35";"1";"49";"2";"1";"1";6;47;0
"54586";"202100054586";1;"15:40";"1";"49";"2";"6";"1";3;47;0
"54587";"202100054587";1;"22:45";"5";"49";"2";"2";"8";3;47;0
"54588";"202100054588";1;"16:47";"1";"49";"2";"1";"1";7;47;0
"54589";"202100054589";1;"02:00";"5";"49";"2";"1";"2";6;47;0
"54590";"202100054590";1;"06:52";"3";"47";"1";"1";"5";2;44;0
"54591";"202100054591";1;"17:45";"3";"39";"1";"1";"8";2;47;5
"54592";"202100054592";1;"08:00";"5";"38";"2";"1";"2";2;45;4
"54593";"202100054593";1;"09:30";"1";"33";"2";"1";"1";3;44;0
"54594";"202100054594";1;"07:55";"2";"33";"2";"4";"1";1;44;0
"54595";"202100054595";1;"18:30";"5";"30";"2";"1";"1";6;44;4
"54596";"202100054596";1;"10:20";"1";"22";"2";"3";"1";3;48;-2
"54597";"202100054597";1;"11:00";"1";"19";"2";"3";"1";7;45;1
"54598";"202100054598";1;"14:00";"1";"13";"2";"1";"1";3;43;5
"54599";"202100054599";1;"09:45";"1";"13";"2";"1";"1";6;43;5
"54600";"202100054600";1;"23:00";"5";"12";"2";"1";"1";1;44;2
"54601";"202100054601";1;"08:20";"1";"75";"2";"1";"1";2;48;2
"54602";"202100054602";1;"17:30";"2";"75";"2";"1";"1";6;48;2
"54603";"202100054603";1;"16:35";"1";"75";"2";"1";"1";6;48;2
"54604";"202100054604";1;"08:30";"1";"75";"2";"3";"1";3;48;2
"54605";"202100054605";1;"19:35";"5";"75";"2";"3";"1";3;48;2
"54606";"202100054606";1;"20:15";"5";"75";"2";"2";"8";3;48;2
"54607";"202100054607";1;"16:50";"2";"75";"2";"1";"1";6;48;2
"54608";"202100054608";1;"13:25";"1";"94";"2";"1";"1";6;48;2
"54609";"202100054609";1;"10:20";"1";"94";"2";"3";"1";3;48;2
"54610";"202100054610";1;"13:55";"1";"94";"2";"1";"1";3;48;2
"54611";"202100054611";1;"19:25";"5";"94";"2";"2";"1";3;48;2
"54612";"202100054612";1;"15:40";"1";"93";"2";"9";"1";6;48;2
"54613";"202100054613";1;"23:20";"5";"93";"2";"1";"1";4;48;2
"54614";"202100054614";1;"09:50";"1";"93";"2";"2";"1";3;48;2
"54615";"202100054615";1;"14:25";"1";"93";"2";"9";"1";7;48;2
"54616";"202100054616";1;"17:50";"3";"93";"2";"1";"1";6;48;2
"54617";"202100054617";1;"12:15";"1";"92";"2";"1";"1";3;48;2
"54618";"202100054618";1;"17:40";"5";"92";"2";"1";"1";2;48;2
"54619";"202100054619";1;"11:30";"1";"92";"2";"2";"2";6;48;2
"54620";"202100054620";1;"22:29";"5";"92";"2";"1";"1";2;48;2
"54621";"202100054621";1;"16:45";"1";"60";"1";"3";"1";3;49;1
"54622";"202100054622";1;"22:45";"3";"28";"1";"1";"1";6;48;1
"54623";"202100054623";1;"17:35";"3";"63";"1";"1";"1";6;45;2
"54624";"202100054624";1;"17:50";"3";"14";"1";"1";"2";2;49;0
"54625";"202100054625";1;"09:50";"1";"04";"1";"1";"1";1;44;6
"54626";"202100054626";1;"09:30";"1";"81";"1";"1";"5";6;43;2
"54627";"202100054627";1;"16:05";"1";"63";"1";"2";"1";3;45;3
"54628";"202100054628";1;"12:00";"1";"63";"1";"1";"2";6;45;3
"54629";"202100054629";1;"08:34";"1";"61";"2";"1";"9";7;48;0
"54630";"202100054630";1;"15:00";"1";"49";"2";"2";"1";3;47;0
"54631";"202100054631";1;"15:40";"1";"31";"2";"1";"1";1;43;1
"54632";"202100054632";1;"13:45";"1";"31";"1";"1";"1";7;43;0
"54633";"202100054633";1;"13:00";"1";"03";"1";"1";"1";1;46;3
"54634";"202100054634";1;"17:43";"5";"06";"1";"1";"1";2;43;7
"54635";"202100054635";1;"14:25";"1";"83";"1";"1";"1";4;43;6
"54636";"202100054636";1;"10:35";"1";"83";"2";"1";"1";6;43;6
"54637";"202100054637";1;"16:30";"1";"09";"2";"6";"7";6;42;1
"54638";"202100054638";1;"12:45";"1";"16";"1";"1";"1";1;45;0
"54639";"202100054639";1;"11:10";"1";"40";"1";"1";"1";6;44;-1
"54640";"202100054640";1;"09:35";"1";"28";"2";"7";"7";6;48;1
"54641";"202100054641";1;"08:45";"1";"973";"1";"1";"1";2;4;-52
"54642";"202100054642";1;"17:00";"1";"988";"1";"1";"1";7;-20;166
"54643";"202100054643";1;"06:50";"1";"974";"1";"1";"1";6;-21;55
"54644";"202100054644";1;"10:45";"1";"973";"1";"1";"6";7;4;-52
"54645";"202100054645";1;"05:00";"3";"971";"1";"1";"1";1;16;-61
"54646";"202100054646";1;"07:15";"5";"37";"2";"6";"8";3;47;0
"54647";"202100054647";1;"05:50";"3";"95";"1";"1";"1";3;49;1
"54648";"202100054648";1;"17:15";"2";"2B";"1";"1";"1";1;42;9
"54649";"202100054649";1;"09:58";"1";"67";"1";"1";"4";1;48;7
"54650";"202100054650";1;"17:17";"1";"03";"2";"1";"8";6;46;3
"54651";"202100054651";1;"17:20";"2";"44";"1";"3";"1";3;47;-1
"54652";"202100054652";1;"19:16";"3";"60";"2";"2";"1";2;49;2
"54653";"202100054653";1;"18:09";"3";"59";"1";"1";"2";7;50;3
"54654";"202100054654";1;"16:25";"1";"59";"2";"6";"1";3;50;2
"54655";"202100054655";1;"16:20";"1";"59";"1";"1";"2";6;50;3
"54656";"202100054656";1;"18:45";"3";"59";"1";"1";"1";4;50;2
"54657";"202100054657";1;"18:10";"3";"91";"1";"1";"1";2;48;2
"54658";"202100054658";1;"09:55";"1";"78";"1";"1";"1";6;48;1
"54659";"202100054659";1;"12:15";"1";"92";"1";"1";"2";5;48;2
"54660";"202100054660";1;"13:40";"1";"93";"1";"1";"2";3;48;2
"54661";"202100054661";1;"20:55";"3";"95";"1";"1";"1";2;48;2
"54662";"202100054662";1;"19:30";"3";"94";"1";"1";"2";2;48;2
"54663";"202100054663";1;"19:00";"5";"976";"2";"1";"1";1;-12;45
"54664";"202100054664";1;"04:17";"3";"972";"1";"1";"1";7;14;-60
"54665";"202100054665";1;"12:45";"1";"972";"1";"1";"1";6;14;-61
"54666";"202100054666";1;"11:25";"1";"972";"1";"1";"1";2;14;-61
"54667";"202100054667";1;"14:30";"1";"69";"2";"1";"7";2;45;4
"54668";"202100054668";1;"11:45";"1";"69";"1";"6";"4";6;45;4
"54669";"202100054669";1;"06:30";"2";"971";"1";"1";"2";1;16;-61
"54670";"202100054670";1;"18:10";"5";"95";"2";"1";"2";6;49;2
"54671";"202100054671";1;"17:25";"2";"83";"2";"1";"1";6;43;5
"54672";"202100054672";1;"18:15";"3";"74";"2";"1";"1";6;46;6
"54673";"202100054673";1;"13:50";"1";"73";"2";"6";"1";6;45;5
"54674";"202100054674";1;"17:20";"5";"69";"2";"1";"9";2;45;4
"54675";"202100054675";1;"19:10";"5";"69";"2";"1";"8";6;45;5
"54676";"202100054676";1;"18:10";"5";"59";"2";"3";"8";3;50;3
"54677";"202100054677";1;"17:30";"2";"59";"2";"3";"4";5;50;3
"54678";"202100054678";1;"06:20";"5";"35";"2";"1";"2";6;48;-1
"54679";"202100054679";1;"18:05";"2";"33";"2";"3";"1";3;44;0
"54680";"202100054680";1;"12:30";"1";"33";"2";"3";"1";3;44;-1
"54681";"202100054681";1;"18:30";"2";"30";"2";"6";"1";3;44;4
"54682";"202100054682";1;"17:50";"1";"17";"2";"1";"1";6;46;-1
"54683";"202100054683";1;"03:00";"5";"13";"2";"1";"1";6;43;5
"54684";"202100054684";1;"17:50";"2";"13";"2";"1";"1";6;43;5
"54685";"202100054685";1;"16:45";"2";"13";"2";"1";"2";6;43;5
"54686";"202100054686";1;"18:10";"5";"75";"2";"1";"1";3;48;2
"54687";"202100054687";1;"00:25";"5";"75";"2";"2";"2";3;48;2
"54688";"202100054688";1;"16:15";"1";"75";"2";"2";"1";3;48;2
"54689";"202100054689";1;"15:10";"1";"75";"2";"2";"1";6;48;2
"54690";"202100054690";1;"18:30";"2";"75";"2";"1";"1";1;48;2
"54691";"202100054691";1;"19:30";"5";"75";"2";"2";"1";3;48;2
"54692";"202100054692";1;"13:10";"1";"75";"2";"3";"1";7;48;2
"54693";"202100054693";1;"10:55";"1";"94";"2";"1";"1";1;48;2
"54694";"202100054694";1;"12:25";"1";"94";"2";"1";"2";6;48;2
"54695";"202100054695";1;"15:00";"1";"94";"2";"1";"4";2;48;2