"";"Num_Acc";"mois";"hrmn";"lum";"dep";"agg";"int";"atm";"col";"lat";"long"
"54696";"202100054696";1;"14:15";"1";"94";"2";"9";"1";5;48;2
"54697";"202100054697";1;"20:30";"5";"94";"2";"3";"8";2;48;2
"54698";"202100054698";1;"15:10";"1";"94";"2";"1";"1";2;48;2
"54699";"202100054699";1;"14:20";"1";"93";"1";"9";"1";2;49;2
"54700";"202100054700";1;"12:00";"1";"93";"2";"1";"2";2;48;2
"54701";"202100054701";1;"18:15";"5";"93";"2";"2";"1";1;48;2
"54702";"202100054702";1;"17:20";"2";"92";"2";"1";"1";3;48;2
"54703";"202100054703";1;"19:25";"3";"47";"1";"1";"1";6;44;0
"54704";"202100054704";1;"12:30";"1";"16";"2";"3";"1";6;46;0
"54705";"202100054705";1;"11:30";"1";"13";"2";"1";"1";6;43;4
"54706";"202100054706";1;"20:40";"2";"28";"1";"1";"1";6;48;0
"54707";"202100054707";1;"17:10";"1";"35";"1";"1";"1";2;47;-1
"54708";"202100054708";1;"21:00";"3";"26";"2";"1";"2";6;45;4
"54709";"202100054709";1;"07:15";"3";"44";"1";"1";"1";1;47;-1
"54710";"202100054710";1;"06:45";"3";"74";"2";"1";"4";2;45;5
"54711";"202100054711";1;"11:55";"1";"76";"1";"1";"3";6;49;0
"54712";"202100054712";1;"14:35";"1";"76";"2";"1";"1";6;49;0
"54713";"202100054713";1;"06:30";"5";"76";"2";"1";"5";1;49;1
"54714";"202100054714";1;"11:50";"1";"79";"1";"1";"1";1;46;0
"54715";"202100054715";1;"12:35";"1";"81";"1";"1";"5";2;43;1
"54716";"202100054716";1;"06:50";"3";"61";"1";"1";"2";7;48;0
"54717";"202100054717";1;"17:08";"1";"49";"1";"3";"1";1;47;0
"54718";"202100054718";1;"08:30";"1";"44";"1";"1";"1";2;47;-2
"54719";"202100054719";1;"12:40";"1";"29";"2";"1";"7";1;48;-4
"54720";"202100054720";1;"07:40";"2";"03";"1";"1";"1";6;46;3
"54721";"202100054721";1;"07:55";"2";"15";"1";"3";"1";1;44;2
"54722";"202100054722";1;"07:55";"2";"64";"2";"1";"1";7;43;0
"54723";"202100054723";1;"09:40";"1";"23";"2";"4";"1";6;46;2
"54724";"202100054724";1;"09:00";"1";"37";"1";"1";"1";1;47;0
"54725";"202100054725";1;"07:35";"3";"30";"1";"1";"1";6;43;4
"54726";"202100054726";1;"07:48";"1";"973";"2";"1";"1";6;4;-52
"54727";"202100054727";1;"17:45";"2";"06";"2";"1";"8";7;43;6
"54728";"202100054728";1;"19:00";"5";"976";"2";"9";"1";3;-12;45
"54729";"202100054729";1;"23:25";"3";"21";"1";"1";"8";6;47;4
"54730";"202100054730";1;"11:45";"1";"988";"1";"4";"1";6;-20;165
"54731";"202100054731";1;"11:15";"1";"974";"2";"1";"1";2;-21;55
"54732";"202100054732";1;"16:30";"1";"974";"1";"1";"1";2;-20;55
"54733";"202100054733";1;"21:35";"5";"973";"2";"3";"2";2;5;-54
"54734";"202100054734";1;"19:00";"3";"972";"1";"1";"2";6;14;-61
"54735";"202100054735";1;"12:00";"1";"21";"2";"1";"8";6;47;5
"54736";"202100054736";1;"13:45";"1";"34";"1";"1";"1";1;43;3
"54737";"202100054737";1;"09:40";"1";"84";"2";"1";"1";1;43;5
"54738";"202100054738";1;"16:30";"1";"69";"2";"2";"1";6;45;4
"54739";"202100054739";1;"13:25";"1";"17";"1";"1";"1";6;45;0
"54740";"202100054740";1;"15:58";"1";"91";"1";"1";"1";7;48;2
"54741";"202100054741";1;"11:00";"1";"91";"1";"1";"2";3;48;2
"54742";"202100054742";1;"23:01";"3";"94";"1";"1";"1";3;48;2
"54743";"202100054743";1;"18:10";"3";"78";"1";"1";"8";2;48;2
"54744";"202100054744";1;"09:15";"1";"92";"1";"1";"3";6;48;2
"54745";"202100054745";1;"14:40";"1";"78";"1";"1";"4";6;48;1
"54746";"202100054746";1;"12:55";"1";"78";"1";"1";"4";6;48;2
"54747";"202100054747";1;"10:15";"1";"78";"1";"1";"4";6;48;2
"54748";"202100054748";1;"12:30";"1";"974";"2";"1";"1";1;-21;55
"54749";"202100054749";1;"12:25";"1";"974";"1";"1";"1";2;-21;55
"54750";"202100054750";1;"08:15";"1";"974";"1";"1";"1";3;-20;55
"54751";"202100054751";1;"19:50";"4";"973";"2";"1";"1";3;4;-52
"54752";"202100054752";1;"18:55";"5";"69";"2";"2";"8";3;45;4
"54753";"202100054753";1;"17:05";"1";"971";"2";"9";"1";6;15;-61
"54754";"202100054754";1;"10:00";"1";"83";"2";"9";"8";6;43;5
"54755";"202100054755";1;"13:25";"1";"83";"2";"1";"1";3;43;5
"54756";"202100054756";1;"10:55";"1";"78";"2";"1";"4";2;48;2
"54757";"202100054757";1;"13:33";"1";"72";"2";"1";"1";3;48;0
"54758";"202100054758";1;"13:20";"1";"69";"2";"3";"1";2;45;4
"54759";"202100054759";1;"18:25";"5";"64";"2";"1";"1";7;43;-1
"54760";"202100054760";1;"13:40";"1";"64";"2";"1";"1";7;43;-1
"54761";"202100054761";1;"11:10";"1";"62";"2";"9";"2";6;50;2
"54762";"202100054762";1;"12:00";"1";"59";"2";"1";"4";2;50;3
"54763";"202100054763";1;"00:10";"5";"59";"2";"1";"1";6;51;2
"54764";"202100054764";1;"18:20";"2";"49";"2";"3";"2";1;47;0
"54765";"202100054765";1;"11:50";"1";"44";"2";"1";"1";6;47;-1
"54766";"202100054766";1;"09:25";"1";"37";"2";"1";"1";7;47;0
"54767";"202100054767";1;"19:30";"5";"35";"2";"9";"2";3;48;-1
"54768";"202100054768";1;"12:45";"1";"35";"2";"1";"2";6;48;-1
"54769";"202100054769";1;"10:00";"1";"33";"2";"3";"1";2;44;0
"54770";"202100054770";1;"09:15";"1";"33";"1";"1";"1";4;44;0
"54771";"202100054771";1;"14:10";"1";"29";"2";"1";"2";7;47;-4
"54772";"202100054772";1;"15:50";"2";"27";"2";"1";"4";2;49;1
"54773";"202100054773";1;"18:00";"3";"26";"2";"6";"1";3;44;4
"54774";"202100054774";1;"17:40";"5";"07";"2";"1";"2";7;44;4
"54775";"202100054775";1;"08:30";"2";"75";"2";"1";"8";4;48;2
"54776";"202100054776";1;"07:10";"2";"75";"2";"4";"1";5;48;2
"54777";"202100054777";1;"07:18";"5";"75";"2";"2";"1";6;48;2
"54778";"202100054778";1;"21:08";"4";"75";"2";"1";"2";6;48;2
"54779";"202100054779";1;"16:40";"2";"75";"2";"5";"4";6;48;2
"54780";"202100054780";1;"12:21";"1";"75";"2";"3";"4";6;48;2
"54781";"202100054781";1;"14:15";"1";"75";"2";"1";"4";6;48;2
"54782";"202100054782";1;"12:10";"1";"75";"2";"4";"4";6;48;2
"54783";"202100054783";1;"16:30";"5";"75";"2";"7";"1";3;48;2
"54784";"202100054784";1;"17:50";"5";"75";"2";"1";"2";6;48;2
"54785";"202100054785";1;"12:10";"1";"75";"2";"7";"4";3;48;2
"54786";"202100054786";1;"17:45";"2";"75";"2";"3";"2";6;48;2
"54787";"202100054787";1;"14:50";"1";"75";"2";"1";"4";3;48;2
"54788";"202100054788";1;"23:20";"5";"75";"2";"1";"2";2;48;2
"54789";"202100054789";1;"18:30";"5";"75";"2";"1";"2";3;48;2
"54790";"202100054790";1;"11:45";"1";"94";"2";"1";"4";3;48;2
"54791";"202100054791";1;"11:20";"1";"94";"2";"1";"4";1;48;2
"54792";"202100054792";1;"09:15";"1";"94";"2";"9";"1";1;48;2
"54793";"202100054793";1;"11:30";"1";"94";"2";"1";"4";3;48;2
"54794";"202100054794";1;"14:15";"1";"93";"2";"1";"4";2;48;2
"54795";"202100054795";1;"21:15";"5";"93";"2";"1";"1";3;48;2
"54796";"202100054796";1;"11:50";"1";"93";"2";"9";"1";3;48;2
"54797";"202100054797";1;"14:40";"1";"92";"2";"3";"4";2;48;2
"54798";"202100054798";1;"16:20";"1";"92";"2";"3";"2";3;48;2
"54799";"202100054799";1;"14:35";"1";"92";"2";"1";"4";2;48;2
"54800";"202100054800";1;"15:20";"1";"92";"2";"1";"4";6;48;2
"54801";"202100054801";1;"17:30";"2";"83";"1";"1";"1";5;43;6
"54802";"202100054802";1;"11:55";"1";"57";"1";"1";"4";1;49;6
"54803";"202100054803";1;"15:05";"1";"83";"1";"1";"1";7;43;6
"54804";"202100054804";1;"01:30";"3";"35";"1";"1";"1";6;48;-1
"54805";"202100054805";1;"16:09";"2";"57";"2";"3";"4";3;48;7
"54806";"202100054806";1;"15:00";"1";"51";"2";"3";"1";3;49;4
"54807";"202100054807";1;"12:20";"1";"56";"1";"1";"2";7;47;-2
"54808";"202100054808";1;"12:45";"1";"74";"1";"2";"1";1;45;6
"54809";"202100054809";1;"16:15";"1";"32";"1";"1";"1";6;43;0
"54810";"202100054810";1;"22:30";"3";"11";"1";"1";"1";6;42;2
"54811";"202100054811";1;"11:55";"1";"63";"2";"1";"1";6;45;3
"54812";"202100054812";1;"17:25";"3";"55";"1";"1";"4";7;48;5
"54813";"202100054813";1;"18:00";"2";"29";"1";"1";"1";5;47;-4
"54814";"202100054814";1;"17:25";"2";"38";"2";"1";"1";6;45;5
"54815";"202100054815";1;"11:40";"1";"15";"1";"1";"8";5;45;2
"54816";"202100054816";1;"11:40";"1";"60";"1";"1";"1";6;49;2
"54817";"202100054817";1;"14:45";"1";"18";"1";"2";"1";3;46;2
"54818";"202100054818";1;"18:40";"5";"28";"2";"1";"1";1;48;1
"54819";"202100054819";1;"05:00";"2";"988";"1";"3";"1";6;-22;166
"54820";"202100054820";1;"10:00";"1";"78";"1";"6";"4";3;48;2
"54821";"202100054821";1;"18:00";"3";"69";"1";"1";"2";6;45;5
"54822";"202100054822";1;"18:00";"3";"22";"1";"1";"2";2;48;-2
"54823";"202100054823";1;"19:20";"3";"78";"1";"1";"2";7;48;1
"54824";"202100054824";1;"19:30";"5";"971";"2";"1";"1";6;16;-61
"54825";"202100054825";1;"13:20";"1";"91";"1";"1";"4";4;48;2
"54826";"202100054826";1;"18:02";"3";"84";"1";"1";"1";7;43;4
"54827";"202100054827";1;"15:30";"1";"83";"2";"1";"1";6;43;6
"54828";"202100054828";1;"11:55";"1";"83";"1";"1";"1";5;43;6
"54829";"202100054829";1;"16:40";"1";"13";"1";"9";"8";1;43;5
"54830";"202100054830";1;"18:35";"5";"13";"2";"6";"1";7;43;5
"54831";"202100054831";1;"06:45";"5";"31";"1";"1";"1";1;43;1
"54832";"202100054832";1;"10:50";"1";"86";"1";"1";"1";6;46;0
"54833";"202100054833";1;"15:15";"1";"33";"1";"1";"1";6;45;0
"54834";"202100054834";1;"17:40";"2";"60";"2";"1";"1";6;49;2
"54835";"202100054835";1;"23:35";"3";"38";"1";"1";"9";2;45;5
"54836";"202100054836";1;"09:30";"1";"78";"1";"1";"4";6;48;1
"54837";"202100054837";1;"03:15";"3";"78";"1";"1";"1";6;48;2
"54838";"202100054838";1;"13:45";"1";"77";"1";"1";"1";3;48;2
"54839";"202100054839";1;"11:00";"1";"94";"1";"1";"1";7;48;2
"54840";"202100054840";1;"07:30";"5";"94";"1";"1";"1";2;48;2
"54841";"202100054841";1;"23:45";"3";"976";"2";"3";"1";1;-12;45
"54842";"202100054842";1;"06:50";"1";"974";"2";"1";"1";6;-20;55
"54843";"202100054843";1;"16:45";"1";"973";"2";"1";"1";6;4;-52
"54844";"202100054844";1;"16:25";"1";"973";"2";"1";"1";3;4;-52
"54845";"202100054845";1;"14:47";"1";"973";"1";"1";"1";3;4;-52
"54846";"202100054846";1;"11:38";"1";"973";"2";"3";"1";3;4;-52
"54847";"202100054847";1;"17:55";"5";"69";"2";"2";"2";3;45;4
"54848";"202100054848";1;"18:10";"5";"69";"2";"1";"2";6;45;4
"54849";"202100054849";1;"12:30";"1";"69";"2";"1";"2";6;45;4
"54850";"202100054850";1;"11:55";"1";"69";"2";"3";"2";2;45;4
"54851";"202100054851";1;"11:30";"1";"69";"2";"1";"2";4;45;4
"54852";"202100054852";1;"09:52";"1";"69";"2";"8";"2";3;45;4
"54853";"202100054853";1;"01:43";"5";"69";"2";"2";"1";3;45;4
"54854";"202100054854";1;"12:00";"1";"972";"1";"1";"1";6;14;-60
"54855";"202100054855";1;"19:45";"5";"69";"2";"1";"2";3;45;4
"54856";"202100054856";1;"06:21";"2";"971";"2";"1";"2";6;16;-61
"54857";"202100054857";1;"15:25";"1";"971";"1";"1";"1";7;16;-61
"54858";"202100054858";1;"17:00";"1";"971";"1";"9";"1";3;16;-61
"54859";"202100054859";1;"22:00";"5";"2A";"2";"2";"1";3;41;8
"54860";"202100054860";1;"08:50";"1";"95";"2";"1";"1";6;48;2
"54861";"202100054861";1;"22:30";"5";"95";"2";"3";"1";3;48;2
"54862";"202100054862";1;"18:50";"5";"91";"2";"3";"2";3;48;2
"54863";"202100054863";1;"19:30";"5";"91";"2";"1";"1";2;48;2
"54864";"202100054864";1;"17:00";"3";"88";"1";"1";"4";6;48;6
"54865";"202100054865";1;"15:14";"1";"87";"2";"2";"2";3;45;1
"54866";"202100054866";1;"08:25";"1";"83";"2";"6";"1";6;43;6
"54867";"202100054867";1;"12:50";"1";"82";"2";"3";"1";3;44;1
"54868";"202100054868";1;"10:05";"1";"80";"1";"1";"3";3;49;2
"54869";"202100054869";1;"00:30";"3";"77";"1";"1";"2";7;48;2
"54870";"202100054870";1;"16:43";"1";"77";"1";"3";"2";3;48;2
"54871";"202100054871";1;"18:40";"5";"77";"2";"1";"1";2;48;2
"54872";"202100054872";1;"17:30";"5";"76";"2";"1";"1";6;49;1
"54873";"202100054873";1;"18:30";"2";"72";"2";"2";"1";6;48;0
"54874";"202100054874";1;"12:45";"1";"71";"1";"1";"4";7;46;4
"54875";"202100054875";1;"13:25";"1";"71";"1";"2";"1";1;46;4
"54876";"202100054876";1;"13:30";"1";"69";"2";"1";"2";6;45;4
"54877";"202100054877";1;"01:05";"5";"69";"2";"2";"2";3;45;4
"54878";"202100054878";1;"13:25";"1";"68";"2";"2";"1";3;48;7
"54879";"202100054879";1;"11:10";"1";"66";"2";"1";"1";2;42;2
"54880";"202100054880";1;"07:48";"2";"66";"2";"1";"1";6;42;2
"54881";"202100054881";1;"16:30";"1";"65";"2";"1";"2";6;43;0
"54882";"202100054882";1;"09:45";"1";"64";"2";"3";"1";3;43;-1
"54883";"202100054883";1;"18:30";"5";"64";"2";"1";"1";4;43;0
"54884";"202100054884";1;"17:10";"1";"64";"2";"1";"2";7;43;-1
"54885";"202100054885";1;"12:10";"1";"64";"2";"1";"2";7;43;-1
"54886";"202100054886";1;"18:45";"5";"64";"2";"2";"2";3;43;-1
"54887";"202100054887";1;"19:30";"5";"64";"2";"3";"8";6;43;-1
"54888";"202100054888";1;"17:00";"5";"59";"2";"1";"4";6;50;3
"54889";"202100054889";1;"16:00";"1";"59";"2";"1";"1";2;50;3
"54890";"202100054890";1;"18:40";"5";"56";"2";"1";"1";3;47;-2
"54891";"202100054891";1;"16:40";"1";"56";"2";"6";"1";3;47;-3
"54892";"202100054892";1;"16:25";"1";"54";"2";"2";"4";6;48;6
"54893";"202100054893";1;"13:00";"1";"50";"2";"9";"1";3;49;-1
"54894";"202100054894";1;"19:00";"5";"50";"2";"3";"2";6;49;-1
"54895";"202100054895";1;"18:00";"5";"49";"2";"2";"2";6;47;0
"54896";"202100054896";1;"19:30";"5";"44";"2";"1";"1";1;47;-1
"54897";"202100054897";1;"14:20";"1";"37";"2";"3";"2";3;47;0
"54898";"202100054898";1;"14:30";"1";"37";"2";"1";"2";4;47;0
"54899";"202100054899";1;"12:50";"1";"33";"1";"6";"1";1;44;-1
"54900";"202100054900";1;"02:30";"3";"31";"1";"1";"8";6;43;1
"54901";"202100054901";1;"23:00";"4";"31";"1";"1";"2";2;43;1
"54902";"202100054902";1;"19:15";"5";"31";"2";"1";"2";3;43;1
"54903";"202100054903";1;"15:05";"1";"31";"1";"1";"2";3;43;1
"54904";"202100054904";1;"11:09";"1";"29";"2";"6";"1";2;48;-4
"54905";"202100054905";1;"18:00";"1";"26";"2";"1";"2";6;45;5
"54906";"202100054906";1;"07:35";"5";"26";"2";"1";"1";1;44;4
"54907";"202100054907";1;"06:55";"5";"25";"2";"1";"2";6;46;6
"54908";"202100054908";1;"18:25";"3";"24";"1";"4";"2";3;44;0
"54909";"202100054909";1;"10:00";"1";"17";"2";"1";"1";2;45;-1
"54910";"202100054910";1;"08:00";"3";"17";"2";"1";"2";6;45;0
"54911";"202100054911";1;"10:45";"1";"13";"2";"9";"1";3;43;5
"54912";"202100054912";1;"09:07";"1";"10";"2";"1";"8";3;48;4
"54913";"202100054913";1;"12:00";"1";"06";"1";"9";"1";6;43;7
"54914";"202100054914";1;"11:30";"1";"06";"2";"3";"1";2;43;7
"54915";"202100054915";1;"14:19";"1";"01";"1";"8";"2";3;46;5
"54916";"202100054916";1;"19:15";"5";"75";"2";"1";"1";2;48;2
"54917";"202100054917";1;"13:20";"1";"75";"2";"1";"2";2;48;2
"54918";"202100054918";1;"17:00";"5";"75";"2";"3";"2";3;48;2
"54919";"202100054919";1;"13:40";"1";"75";"2";"2";"8";3;48;2
"54920";"202100054920";1;"21:25";"5";"75";"2";"5";"2";7;48;2
"54921";"202100054921";1;"17:40";"5";"75";"2";"2";"8";3;48;2
"54922";"202100054922";1;"20:25";"5";"75";"2";"1";"2";1;48;2
"54923";"202100054923";1;"10:45";"1";"75";"2";"4";"1";6;48;2
"54924";"202100054924";1;"21:01";"5";"75";"2";"2";"1";3;48;2
"54925";"202100054925";1;"19:16";"5";"75";"2";"7";"2";6;48;2
"54926";"202100054926";1;"14:25";"1";"75";"2";"3";"1";3;48;2
"54927";"202100054927";1;"17:13";"1";"75";"2";"4";"1";7;48;2
"54928";"202100054928";1;"12:50";"1";"75";"2";"3";"1";3;48;2
"54929";"202100054929";1;"14:20";"1";"94";"2";"1";"2";2;48;2
"54930";"202100054930";1;"13:10";"1";"94";"2";"3";"1";6;48;2
"54931";"202100054931";1;"13:15";"1";"94";"2";"1";"1";2;48;2
"54932";"202100054932";1;"13:50";"1";"94";"2";"1";"1";6;48;2
"54933";"202100054933";1;"13:40";"1";"94";"2";"3";"8";6;48;2
"54934";"202100054934";1;"08:05";"5";"94";"2";"1";"1";4;48;2
"54935";"202100054935";1;"17:45";"4";"93";"2";"9";"8";3;48;2
"54936";"202100054936";1;"08:13";"2";"93";"2";"1";"8";1;48;2
"54937";"202100054937";1;"17:35";"5";"93";"2";"1";"2";6;48;2
"54938";"202100054938";1;"19:25";"5";"93";"2";"2";"1";3;48;2
"54939";"202100054939";1;"12:15";"1";"93";"2";"9";"1";4;48;2
"54940";"202100054940";1;"08:15";"1";"93";"2";"1";"1";2;48;2
"54941";"202100054941";1;"21:50";"5";"93";"2";"2";"1";3;48;2
"54942";"202100054942";1;"13:00";"1";"93";"2";"1";"1";2;48;2
"54943";"202100054943";1;"19:25";"5";"93";"2";"2";"2";3;48;2
"54944";"202100054944";1;"18:14";"2";"93";"2";"1";"1";6;48;2
"54945";"202100054945";1;"15:35";"1";"93";"2";"3";"1";5;48;2
"54946";"202100054946";1;"09:30";"1";"93";"2";"1";"1";6;48;2
"54947";"202100054947";1;"17:00";"1";"92";"2";"1";"2";6;48;2
"54948";"202100054948";1;"08:30";"1";"92";"2";"1";"1";3;48;2
"54949";"202100054949";1;"22:10";"5";"92";"2";"2";"1";3;48;2
"54950";"202100054950";1;"18:15";"2";"974";"2";"1";"1";1;-21;55
"54951";"202100054951";1;"15:19";"1";"01";"2";"6";"1";2;45;5
"54952";"202100054952";1;"11:40";"1";"49";"1";"3";"1";4;47;0
"54953";"202100054953";1;"18:30";"3";"36";"1";"1";"1";6;47;1
"54954";"202100054954";1;"17:00";"1";"28";"1";"1";"1";6;48;1
"54955";"202100054955";1;"11:00";"1";"51";"1";"1";"1";7;49;4
"54956";"202100054956";1;"12:30";"1";"95";"1";"1";"4";1;49;2
"54957";"202100054957";1;"22:00";"3";"60";"1";"9";"1";7;49;2
"54958";"202100054958";1;"15:10";"1";"71";"2";"1";"1";7;46;5
"54959";"202100054959";1;"08:50";"2";"49";"1";"2";"8";2;47;0
"54960";"202100054960";1;"12:25";"1";"47";"1";"9";"1";3;44;0
"54961";"202100054961";1;"12:55";"1";"25";"1";"1";"4";1;47;6
"54962";"202100054962";1;"17:20";"3";"70";"2";"1";"1";1;47;6
"54963";"202100054963";1;"16:50";"2";"70";"1";"1";"2";7;47;6
"54964";"202100054964";1;"19:55";"5";"66";"2";"1";"1";6;42;2
"54965";"202100054965";1;"15:54";"2";"06";"1";"1";"1";7;44;7
"54966";"202100054966";1;"19:50";"5";"50";"2";"2";"1";1;49;-1
"54967";"202100054967";1;"17:45";"5";"43";"2";"1";"1";6;45;3
"54968";"202100054968";1;"13:25";"1";"85";"2";"9";"1";1;46;-1
"54969";"202100054969";1;"11:05";"1";"10";"1";"1";"1";2;48;3
"54970";"202100054970";1;"23:00";"3";"63";"1";"9";"1";3;45;3
"54971";"202100054971";1;"18:35";"3";"67";"1";"1";"9";6;48;7
"54972";"202100054972";1;"08:14";"1";"31";"1";"1";"1";2;43;1
"54973";"202100054973";1;"13:30";"1";"987";"1";"1";"1";1;-16;-151
"54974";"202100054974";1;"21:30";"5";"974";"2";"1";"1";3;-20;55
"54975";"202100054975";1;"05:30";"3";"973";"1";"1";"2";6;4;-52
"54976";"202100054976";1;"17:25";"1";"77";"1";"1";"4";1;48;2
"54977";"202100054977";1;"18:09";"5";"69";"2";"9";"2";6;45;4
"54978";"202100054978";1;"15:10";"1";"86";"2";"3";"1";3;47;0
"54979";"202100054979";1;"15:00";"1";"85";"2";"3";"3";3;46;-1
"54980";"202100054980";1;"07:45";"3";"85";"1";"1";"8";1;46;-1
"54981";"202100054981";1;"14:09";"1";"80";"1";"1";"4";6;49;2
"54982";"202100054982";1;"21:10";"5";"80";"1";"9";"1";6;49;2
"54983";"202100054983";1;"08:00";"2";"59";"2";"1";"2";7;50;2
"54984";"202100054984";1;"06:55";"2";"13";"1";"1";"1";2;43;5
"54985";"202100054985";1;"16:35";"1";"13";"1";"1";"1";3;43;5
"54986";"202100054986";1;"20:20";"3";"83";"1";"1";"1";6;43;6
"54987";"202100054987";1;"18:25";"3";"67";"1";"1";"1";3;48;7
"54988";"202100054988";1;"19:45";"5";"33";"1";"1";"1";4;44;0
"54989";"202100054989";1;"07:35";"4";"33";"1";"1";"1";4;44;0
"54990";"202100054990";1;"08:30";"3";"59";"1";"1";"3";2;50;3
"54991";"202100054991";1;"14:20";"1";"91";"1";"1";"1";2;48;2
"54992";"202100054992";1;"13:00";"1";"94";"1";"1";"1";2;48;2
"54993";"202100054993";1;"07:25";"3";"91";"1";"1";"1";7;48;2
"54994";"202100054994";1;"07:25";"3";"92";"1";"1";"1";2;48;2
"54995";"202100054995";1;"18:50";"3";"95";"1";"1";"1";2;49;2
"54996";"202100054996";1;"13:30";"1";"93";"1";"1";"1";7;48;2
"54997";"202100054997";1;"16:25";"1";"93";"1";"1";"2";4;48;2
"54998";"202100054998";1;"15:30";"1";"93";"1";"1";"2";5;48;2
"54999";"202100054999";1;"08:50";"2";"95";"1";"9";"1";5;48;2
"55000";"202100055000";1;"13:10";"1";"95";"1";"1";"2";6;49;2
"55001";"202100055001";1;"09:05";"1";"95";"2";"1";"1";3;48;2
"55002";"202100055002";1;"07:50";"3";"95";"1";"1";"2";2;49;2
"55003";"202100055003";1;"23:40";"3";"95";"1";"1";"2";6;48;2
"55004";"202100055004";1;"05:45";"3";"93";"1";"1";"2";6;48;2
"55005";"202100055005";1;"08:50";"2";"94";"1";"1";"1";5;48;2
"55006";"202100055006";1;"09:50";"1";"988";"2";"2";"1";6;-22;166
"55007";"202100055007";1;"14:10";"1";"976";"2";"1";"1";3;-12;45
"55008";"202100055008";1;"11:50";"1";"974";"2";"1";"1";3;-21;55
"55009";"202100055009";1;"21:20";"5";"973";"1";"1";"2";2;4;-52
"55010";"202100055010";1;"11:35";"1";"69";"2";"2";"1";3;45;4
"55011";"202100055011";1;"19:35";"3";"972";"1";"1";"1";5;14;-60
"55012";"202100055012";1;"19:55";"5";"972";"2";"1";"1";6;14;-61
"55013";"202100055013";1;"16:40";"1";"69";"2";"1";"2";6;45;4
"55014";"202100055014";1;"19:20";"5";"69";"2";"1";"2";7;45;4
"55015";"202100055015";1;"12:30";"1";"2B";"1";"6";"1";3;42;9
"55016";"202100055016";1;"04:51";"3";"91";"1";"9";"2";3;48;2
"55017";"202100055017";1;"19:40";"5";"91";"2";"1";"2";6;48;2
"55018";"202100055018";1;"02:20";"3";"91";"1";"1";"1";1;48;2
"55019";"202100055019";1;"14:53";"1";"87";"2";"1";"2";7;45;1
"55020";"202100055020";1;"21:40";"5";"86";"2";"1";"1";2;46;0
"55021";"202100055021";1;"19:50";"5";"78";"1";"3";"8";3;48;1
"55022";"202100055022";1;"21:05";"5";"73";"2";"2";"2";3;45;5
"55023";"202100055023";1;"07:45";"2";"71";"2";"2";"2";6;46;4
"55024";"202100055024";1;"09:25";"1";"71";"1";"3";"2";3;46;4
"55025";"202100055025";1;"16:00";"1";"69";"2";"3";"2";3;45;4
"55026";"202100055026";1;"14:45";"1";"69";"2";"1";"1";1;45;4
"55027";"202100055027";1;"07:30";"5";"67";"2";"1";"4";6;48;7
"55028";"202100055028";1;"14:15";"1";"67";"2";"3";"7";6;48;7
"55029";"202100055029";1;"10:30";"1";"59";"2";"9";"3";6;50;3
"55030";"202100055030";1;"16:30";"1";"54";"2";"1";"2";6;48;6
"55031";"202100055031";1;"15:30";"1";"51";"2";"2";"3";3;49;4
"55032";"202100055032";1;"16:45";"2";"51";"2";"1";"3";2;49;4
"55033";"202100055033";1;"09:17";"1";"51";"2";"3";"8";7;48;4
"55034";"202100055034";1;"19:00";"5";"49";"2";"3";"8";3;47;0
"55035";"202100055035";1;"08:58";"1";"49";"2";"3";"1";3;47;0
"55036";"202100055036";1;"17:52";"5";"45";"2";"1";"2";2;47;1
"55037";"202100055037";1;"08:40";"1";"44";"2";"1";"8";6;47;-1
"55038";"202100055038";1;"18:45";"5";"41";"2";"1";"1";6;47;1
"55039";"202100055039";1;"17:50";"5";"33";"2";"3";"2";6;44;0
"55040";"202100055040";1;"13:50";"1";"33";"2";"2";"2";3;44;0
"55041";"202100055041";1;"06:25";"5";"33";"2";"3";"2";3;44;0
"55042";"202100055042";1;"21:45";"5";"31";"2";"1";"2";2;43;1
"55043";"202100055043";1;"17:55";"5";"31";"2";"1";"1";6;43;1
"55044";"202100055044";1;"19:35";"5";"30";"2";"6";"1";3;43;4
"55045";"202100055045";1;"14:40";"1";"30";"2";"1";"1";3;44;4
"55046";"202100055046";1;"17:35";"1";"29";"1";"1";"1";4;47;-3
"55047";"202100055047";1;"13:59";"1";"29";"2";"6";"1";2;48;-4
"55048";"202100055048";1;"11:10";"1";"24";"2";"1";"1";6;44;0
"55049";"202100055049";1;"18:00";"5";"22";"1";"6";"2";6;48;-2
"55050";"202100055050";1;"13:30";"1";"19";"2";"3";"1";3;45;1
"55051";"202100055051";1;"12:30";"1";"17";"2";"1";"2";7;46;-1
"55052";"202100055052";1;"16:15";"1";"16";"1";"1";"1";6;45;0
"55053";"202100055053";1;"08:05";"2";"14";"2";"7";"9";3;49;0
"55054";"202100055054";1;"12:35";"1";"13";"2";"1";"1";6;43;5
"55055";"202100055055";1;"07:30";"1";"13";"2";"1";"1";3;43;5
"55056";"202100055056";1;"11:25";"1";"13";"2";"9";"1";5;43;5
"55057";"202100055057";1;"08:00";"1";"13";"2";"1";"1";6;43;5
"55058";"202100055058";1;"08:40";"1";"13";"2";"1";"1";3;43;5
"55059";"202100055059";1;"17:00";"2";"13";"2";"1";"1";3;43;5