"";"Num_Acc";"mois";"hrmn";"lum";"dep";"agg";"int";"atm";"col";"lat";"long"
"55060";"202100055060";1;"13:50";"1";"13";"1";"1";"1";2;43;4
"55061";"202100055061";1;"08:00";"1";"13";"2";"1";"1";3;43;5
"55062";"202100055062";1;"10:15";"1";"07";"1";"1";"1";3;44;4
"55063";"202100055063";1;"09:10";"1";"06";"2";"1";"1";2;43;6
"55064";"202100055064";1;"07:40";"2";"02";"2";"1";"1";6;49;3
"55065";"202100055065";1;"07:20";"5";"75";"2";"1";"2";2;48;2
"55066";"202100055066";1;"22:45";"5";"75";"2";"4";"2";5;48;2
"55067";"202100055067";1;"17:05";"5";"75";"2";"3";"2";6;48;2
"55068";"202100055068";1;"18:05";"5";"75";"2";"2";"2";3;48;2
"55069";"202100055069";1;"19:10";"5";"75";"2";"3";"2";6;48;2
"55070";"202100055070";1;"09:40";"1";"75";"2";"1";"1";3;48;2
"55071";"202100055071";1;"19:30";"5";"75";"2";"2";"2";6;48;2
"55072";"202100055072";1;"20:40";"5";"75";"2";"2";"2";3;48;2
"55073";"202100055073";1;"07:49";"2";"75";"2";"7";"1";6;48;2
"55074";"202100055074";1;"16:30";"1";"94";"2";"3";"1";2;48;2
"55075";"202100055075";1;"07:49";"5";"94";"2";"1";"8";6;48;2
"55076";"202100055076";1;"17:15";"5";"94";"2";"1";"2";6;48;2
"55077";"202100055077";1;"17:10";"5";"94";"2";"1";"2";6;48;2
"55078";"202100055078";1;"20:00";"5";"94";"2";"4";"2";3;48;2
"55079";"202100055079";1;"15:45";"1";"94";"2";"6";"2";3;48;2
"55080";"202100055080";1;"19:30";"3";"94";"2";"1";"2";3;48;2
"55081";"202100055081";1;"20:16";"5";"93";"2";"1";"2";3;48;2
"55082";"202100055082";1;"07:50";"2";"93";"2";"1";"2";6;48;2
"55083";"202100055083";1;"17:40";"5";"93";"2";"8";"2";6;48;2
"55084";"202100055084";1;"20:18";"5";"93";"2";"1";"2";6;48;2
"55085";"202100055085";1;"21:30";"5";"93";"2";"3";"2";3;48;2
"55086";"202100055086";1;"02:20";"3";"93";"1";"6";"2";6;48;2
"55087";"202100055087";1;"19:10";"5";"93";"2";"1";"2";2;48;2
"55088";"202100055088";1;"08:45";"1";"93";"2";"1";"1";2;48;2
"55089";"202100055089";1;"08:00";"5";"92";"2";"1";"2";6;48;2
"55090";"202100055090";1;"16:36";"1";"92";"2";"1";"2";2;48;2
"55091";"202100055091";1;"17:10";"5";"92";"2";"2";"2";6;48;2
"55092";"202100055092";1;"07:25";"5";"92";"2";"6";"2";3;48;2
"55093";"202100055093";1;"13:35";"1";"92";"2";"1";"2";6;48;2
"55094";"202100055094";1;"19:45";"3";"80";"1";"1";"1";4;50;2
"55095";"202100055095";1;"16:30";"1";"16";"1";"1";"8";6;45;0
"55096";"202100055096";1;"15:35";"1";"43";"1";"1";"2";1;45;3
"55097";"202100055097";1;"14:55";"1";"972";"1";"1";"1";2;14;-60
"55098";"202100055098";1;"08:30";"2";"44";"1";"2";"9";3;47;-1
"55099";"202100055099";1;"10:10";"1";"30";"2";"1";"1";6;44;4
"55100";"202100055100";1;"08:45";"1";"62";"1";"2";"9";3;50;2
"55101";"202100055101";1;"18:30";"5";"32";"2";"3";"1";3;43;0
"55102";"202100055102";1;"15:30";"1";"32";"2";"1";"1";1;43;0
"55103";"202100055103";1;"16:50";"2";"89";"2";"2";"2";6;48;3
"55104";"202100055104";1;"07:55";"3";"89";"1";"1";"2";4;47;3
"55105";"202100055105";1;"08:00";"1";"55";"1";"1";"4";3;49;5
"55106";"202100055106";1;"18:30";"3";"47";"1";"1";"1";3;44;0
"55107";"202100055107";1;"18:30";"3";"22";"1";"1";"2";1;48;-3
"55108";"202100055108";1;"16:40";"1";"22";"1";"1";"2";7;48;-3
"55109";"202100055109";1;"09:00";"1";"25";"2";"2";"4";3;47;6
"55110";"202100055110";1;"15:25";"1";"44";"2";"6";"1";2;47;-1
"55111";"202100055111";1;"07:50";"3";"29";"2";"2";"2";3;48;-3
"55112";"202100055112";1;"07:00";"3";"02";"1";"1";"4";1;49;3
"55113";"202100055113";1;"19:30";"3";"85";"1";"1";"8";2;46;-1
"55114";"202100055114";1;"17:40";"1";"50";"2";"1";"1";6;49;-1
"55115";"202100055115";1;"15:45";"1";"53";"1";"1";"1";6;48;0
"55116";"202100055116";1;"13:13";"1";"73";"1";"1";"4";2;45;6
"55117";"202100055117";1;"07:55";"2";"38";"1";"1";"3";5;45;5
"55118";"202100055118";1;"13:30";"1";"95";"2";"1";"1";6;49;2
"55119";"202100055119";1;"09:45";"1";"2B";"1";"1";"1";1;42;9
"55120";"202100055120";1;"06:30";"3";"34";"1";"1";"1";2;43;4
"55121";"202100055121";1;"13:44";"1";"84";"2";"9";"1";3;43;4
"55122";"202100055122";1;"08:30";"2";"83";"2";"6";"1";6;43;6
"55123";"202100055123";1;"16:25";"1";"83";"2";"9";"1";1;43;6
"55124";"202100055124";1;"11:45";"1";"70";"2";"1";"2";1;47;5
"55125";"202100055125";1;"19:25";"3";"68";"1";"1";"4";6;47;7
"55126";"202100055126";1;"13:10";"1";"67";"2";"6";"2";6;48;7
"55127";"202100055127";1;"08:30";"1";"38";"1";"1";"4";1;45;5
"55128";"202100055128";1;"18:55";"3";"07";"1";"1";"2";6;45;4
"55129";"202100055129";1;"14:16";"1";"69";"1";"1";"1";3;45;4
"55130";"202100055130";1;"18:35";"5";"46";"2";"9";"2";6;44;2
"55131";"202100055131";1;"12:45";"1";"87";"1";"2";"2";6;45;1
"55132";"202100055132";1;"20:30";"5";"86";"2";"1";"8";6;46;0
"55133";"202100055133";1;"12:10";"1";"85";"1";"1";"1";6;46;-1
"55134";"202100055134";1;"19:16";"5";"22";"2";"2";"1";3;48;-2
"55135";"202100055135";1;"08:45";"1";"13";"1";"1";"1";2;43;5
"55136";"202100055136";1;"08:15";"1";"33";"1";"1";"1";4;44;0
"55137";"202100055137";1;"15:23";"1";"94";"1";"1";"1";6;48;2
"55138";"202100055138";1;"09:00";"1";"91";"1";"1";"1";2;48;2
"55139";"202100055139";1;"07:40";"3";"94";"1";"1";"2";3;48;2
"55140";"202100055140";1;"10:00";"1";"78";"1";"1";"1";2;48;1
"55141";"202100055141";1;"21:00";"3";"95";"1";"1";"3";6;48;2
"55142";"202100055142";1;"07:10";"2";"94";"1";"1";"2";3;48;2
"55143";"202100055143";1;"21:55";"4";"77";"1";"1";"1";6;48;2
"55144";"202100055144";1;"09:45";"1";"94";"1";"1";"2";2;48;2
"55145";"202100055145";1;"09:45";"1";"94";"1";"1";"2";4;48;2
"55146";"202100055146";1;"09:30";"1";"974";"2";"9";"2";6;-20;55
"55147";"202100055147";1;"18:57";"5";"973";"2";"3";"1";3;4;-52
"55148";"202100055148";1;"14:45";"1";"69";"2";"2";"2";6;45;4
"55149";"202100055149";1;"10:00";"1";"69";"2";"7";"2";2;45;4
"55150";"202100055150";1;"19:30";"5";"971";"2";"3";"1";3;16;-61
"55151";"202100055151";1;"10:00";"1";"95";"1";"1";"2";6;48;2
"55152";"202100055152";1;"17:15";"1";"95";"2";"1";"1";6;49;2
"55153";"202100055153";1;"16:11";"1";"95";"2";"3";"1";7;48;2
"55154";"202100055154";1;"20:09";"4";"91";"1";"6";"2";3;48;2
"55155";"202100055155";1;"15:15";"1";"91";"2";"1";"2";6;48;2
"55156";"202100055156";1;"09:20";"1";"91";"2";"1";"2";2;48;2
"55157";"202100055157";1;"18:30";"3";"91";"2";"1";"9";1;48;2
"55158";"202100055158";1;"18:30";"5";"91";"2";"3";"2";6;48;2
"55159";"202100055159";1;"06:05";"5";"85";"2";"2";"1";3;46;-1
"55160";"202100055160";1;"16:15";"1";"83";"1";"1";"1";5;43;6
"55161";"202100055161";1;"17:25";"5";"80";"2";"1";"2";3;49;2
"55162";"202100055162";1;"08:40";"1";"80";"2";"1";"1";6;49;2
"55163";"202100055163";1;"09:30";"1";"80";"2";"1";"3";4;49;2
"55164";"202100055164";1;"06:45";"5";"80";"2";"1";"1";6;49;2
"55165";"202100055165";1;"21:15";"3";"69";"2";"3";"2";3;45;4
"55166";"202100055166";1;"16:30";"1";"69";"1";"1";"2";7;46;4
"55167";"202100055167";1;"20:20";"5";"69";"2";"2";"2";4;45;4
"55168";"202100055168";1;"18:10";"5";"67";"2";"3";"2";6;48;7
"55169";"202100055169";1;"09:30";"1";"66";"2";"1";"1";6;42;2
"55170";"202100055170";1;"15:20";"1";"59";"2";"3";"1";3;50;3
"55171";"202100055171";1;"12:15";"1";"59";"2";"2";"2";3;50;3
"55172";"202100055172";1;"08:40";"1";"59";"2";"3";"1";3;50;3
"55173";"202100055173";1;"18:15";"5";"56";"2";"3";"1";3;47;-3
"55174";"202100055174";1;"06:35";"3";"54";"1";"1";"1";1;48;5
"55175";"202100055175";1;"17:34";"3";"51";"2";"5";"2";3;49;4
"55176";"202100055176";1;"16:48";"1";"49";"2";"1";"1";7;47;0
"55177";"202100055177";1;"17:09";"2";"49";"2";"1";"1";7;47;0
"55178";"202100055178";1;"16:30";"1";"49";"2";"1";"1";6;47;0
"55179";"202100055179";1;"18:30";"3";"45";"1";"1";"2";4;47;2
"55180";"202100055180";1;"18:35";"5";"44";"2";"1";"1";6;47;-1
"55181";"202100055181";1;"15:20";"1";"44";"2";"1";"1";6;47;-1
"55182";"202100055182";1;"21:42";"3";"42";"1";"1";"2";6;46;4
"55183";"202100055183";1;"08:00";"5";"42";"2";"1";"2";6;46;4
"55184";"202100055184";1;"21:10";"5";"37";"2";"1";"1";6;47;0
"55185";"202100055185";1;"17:40";"2";"35";"2";"1";"1";2;48;-1
"55186";"202100055186";1;"17:35";"1";"35";"2";"3";"2";1;48;-1
"55187";"202100055187";1;"14:45";"1";"33";"2";"6";"2";3;44;0
"55188";"202100055188";1;"17:00";"1";"31";"2";"1";"1";5;43;1
"55189";"202100055189";1;"15:50";"1";"24";"1";"9";"1";6;44;0
"55190";"202100055190";1;"19:00";"5";"13";"2";"1";"1";3;43;5
"55191";"202100055191";1;"15:15";"1";"13";"2";"1";"1";6;43;5
"55192";"202100055192";1;"10:30";"1";"13";"2";"2";"1";1;43;5
"55193";"202100055193";1;"18:30";"5";"13";"2";"1";"1";3;43;5
"55194";"202100055194";1;"11:50";"1";"13";"2";"1";"1";6;43;5
"55195";"202100055195";1;"11:00";"1";"13";"2";"4";"1";2;43;5
"55196";"202100055196";1;"12:10";"1";"11";"2";"3";"1";3;43;2
"55197";"202100055197";1;"18:00";"5";"10";"2";"1";"2";2;48;4
"55198";"202100055198";1;"18:20";"3";"07";"1";"1";"1";2;44;4
"55199";"202100055199";1;"13:15";"1";"06";"1";"1";"7";7;43;6
"55200";"202100055200";1;"16:30";"1";"05";"1";"1";"6";1;44;6
"55201";"202100055201";1;"13:20";"1";"05";"2";"3";"1";3;44;6
"55202";"202100055202";1;"12:13";"1";"75";"2";"5";"8";3;48;2
"55203";"202100055203";1;"21:04";"5";"75";"2";"3";"2";3;48;2
"55204";"202100055204";1;"19:11";"5";"75";"2";"2";"2";3;48;2
"55205";"202100055205";1;"12:49";"1";"75";"2";"2";"2";7;48;2
"55206";"202100055206";1;"20:10";"5";"75";"2";"2";"1";3;48;2
"55207";"202100055207";1;"10:50";"1";"75";"2";"7";"3";3;48;2
"55208";"202100055208";1;"14:00";"1";"75";"2";"1";"2";2;48;2
"55209";"202100055209";1;"17:30";"5";"75";"2";"1";"8";3;48;2
"55210";"202100055210";1;"14:37";"1";"75";"2";"5";"2";3;48;2
"55211";"202100055211";1;"16:15";"1";"75";"2";"5";"2";7;48;2
"55212";"202100055212";1;"09:30";"1";"75";"2";"2";"2";3;48;2
"55213";"202100055213";1;"08:10";"1";"75";"2";"4";"1";6;48;2
"55214";"202100055214";1;"18:00";"5";"75";"2";"1";"2";6;48;2
"55215";"202100055215";1;"09:00";"1";"75";"2";"3";"2";3;48;2
"55216";"202100055216";1;"20:14";"5";"75";"2";"2";"2";3;48;2
"55217";"202100055217";1;"10:55";"1";"75";"2";"1";"2";6;48;2
"55218";"202100055218";1;"09:40";"1";"75";"2";"3";"1";6;48;2
"55219";"202100055219";1;"10:00";"1";"94";"2";"3";"2";3;48;2
"55220";"202100055220";1;"19:00";"5";"94";"2";"1";"2";6;48;2
"55221";"202100055221";1;"13:14";"1";"94";"2";"3";"2";7;48;2
"55222";"202100055222";1;"13:00";"1";"94";"1";"1";"2";7;48;2
"55223";"202100055223";1;"09:37";"1";"93";"2";"1";"1";3;48;2
"55224";"202100055224";1;"07:30";"5";"93";"2";"1";"1";2;48;2
"55225";"202100055225";1;"06:10";"5";"93";"2";"1";"8";6;48;2
"55226";"202100055226";1;"10:20";"1";"93";"2";"3";"2";6;48;2
"55227";"202100055227";1;"18:45";"5";"93";"2";"1";"2";3;48;2
"55228";"202100055228";1;"13:20";"1";"93";"2";"1";"2";2;48;2
"55229";"202100055229";1;"21:57";"3";"93";"2";"1";"2";3;48;2
"55230";"202100055230";1;"19:00";"5";"93";"1";"1";"2";3;48;2
"55231";"202100055231";1;"18:30";"5";"92";"2";"9";"8";6;48;2
"55232";"202100055232";1;"18:50";"5";"92";"2";"3";"1";4;48;2
"55233";"202100055233";1;"12:00";"1";"92";"2";"1";"2";3;48;2
"55234";"202100055234";1;"08:10";"5";"92";"2";"9";"2";6;48;2
"55235";"202100055235";1;"10:50";"1";"92";"2";"1";"2";6;48;2
"55236";"202100055236";1;"11:50";"1";"13";"2";"3";"1";1;43;4
"55237";"202100055237";1;"06:40";"3";"63";"2";"2";"2";6;45;3
"55238";"202100055238";1;"17:40";"2";"56";"1";"1";"2";7;48;-3
"55239";"202100055239";1;"08:25";"2";"56";"2";"1";"2";3;47;-2
"55240";"202100055240";1;"14:15";"1";"11";"1";"1";"1";1;43;2
"55241";"202100055241";1;"16:35";"1";"41";"1";"1";"2";6;47;1
"55242";"202100055242";1;"18:00";"2";"44";"2";"3";"1";3;47;-2
"55243";"202100055243";1;"07:30";"3";"60";"1";"1";"2";7;49;2
"55244";"202100055244";1;"11:30";"1";"45";"2";"1";"2";4;47;1
"55245";"202100055245";1;"12:00";"1";"43";"1";"1";"8";7;45;4
"55246";"202100055246";1;"08:00";"2";"10";"2";"1";"3";6;48;3
"55247";"202100055247";1;"09:25";"1";"10";"1";"1";"2";6;48;4
"55248";"202100055248";1;"04:45";"5";"978";"2";"1";"2";1;18;-63
"55249";"202100055249";1;"18:11";"2";"06";"1";"1";"1";4;43;7
"55250";"202100055250";1;"13:16";"1";"34";"1";"1";"1";6;43;3
"55251";"202100055251";1;"17:00";"1";"987";"2";"1";"1";3;-17;-149
"55252";"202100055252";1;"20:30";"3";"973";"1";"1";"1";6;4;-52
"55253";"202100055253";1;"08:35";"1";"13";"1";"1";"1";3;43;5
"55254";"202100055254";1;"10:00";"1";"33";"2";"3";"9";3;45;-1
"55255";"202100055255";1;"09:40";"1";"95";"1";"1";"2";7;49;2
"55256";"202100055256";1;"17:40";"3";"83";"1";"1";"1";1;43;6
"55257";"202100055257";1;"16:00";"1";"74";"1";"1";"2";1;46;6
"55258";"202100055258";1;"18:20";"5";"69";"2";"1";"3";6;45;4
"55259";"202100055259";1;"08:00";"2";"79";"1";"1";"8";2;46;0
"55260";"202100055260";1;"21:15";"3";"60";"1";"1";"2";6;49;2
"55261";"202100055261";1;"15:15";"1";"60";"1";"1";"2";3;49;2
"55262";"202100055262";1;"09:40";"1";"59";"2";"2";"2";3;50;2
"55263";"202100055263";1;"07:30";"3";"13";"1";"1";"1";2;43;5
"55264";"202100055264";1;"17:50";"3";"54";"1";"1";"2";2;48;6
"55265";"202100055265";1;"09:00";"1";"94";"1";"1";"2";3;48;2
"55266";"202100055266";1;"17:55";"3";"92";"1";"1";"1";4;48;2
"55267";"202100055267";1;"09:05";"1";"78";"1";"1";"2";4;48;2
"55268";"202100055268";1;"19:05";"5";"987";"2";"2";"1";3;-17;-149
"55269";"202100055269";1;"13:50";"1";"974";"1";"3";"2";3;-20;55
"55270";"202100055270";1;"14:15";"1";"973";"2";"1";"2";3;4;-52
"55271";"202100055271";1;"16:00";"2";"69";"2";"2";"2";3;45;4
"55272";"202100055272";1;"08:20";"1";"69";"2";"3";"1";6;45;4
"55273";"202100055273";1;"17:30";"5";"69";"2";"2";"2";6;45;4
"55274";"202100055274";1;"09:30";"1";"69";"2";"1";"1";6;45;4
"55275";"202100055275";1;"10:05";"1";"971";"2";"1";"1";6;15;-61
"55276";"202100055276";1;"16:30";"1";"95";"2";"1";"1";6;49;2
"55277";"202100055277";1;"08:00";"5";"91";"2";"3";"2";3;48;2
"55278";"202100055278";1;"17:50";"5";"91";"2";"1";"2";6;48;2
"55279";"202100055279";1;"15:50";"1";"91";"1";"6";"1";2;48;2
"55280";"202100055280";1;"05:50";"5";"83";"2";"2";"1";1;43;6
"55281";"202100055281";1;"11:15";"1";"83";"1";"1";"1";4;43;5
"55282";"202100055282";1;"17:45";"2";"83";"2";"1";"1";3;43;5
"55283";"202100055283";1;"17:40";"5";"80";"2";"1";"1";2;49;2
"55284";"202100055284";1;"18:00";"5";"78";"2";"1";"3";6;48;1
"55285";"202100055285";1;"20:12";"3";"78";"1";"1";"1";3;48;1
"55286";"202100055286";1;"10:50";"1";"76";"2";"1";"1";6;49;0
"55287";"202100055287";1;"18:15";"3";"76";"2";"1";"1";7;49;1
"55288";"202100055288";1;"15:25";"1";"76";"2";"1";"1";2;49;0
"55289";"202100055289";1;"19:20";"5";"76";"1";"1";"2";1;49;0
"55290";"202100055290";1;"12:00";"1";"71";"2";"1";"2";2;46;4
"55291";"202100055291";1;"18:15";"5";"69";"2";"2";"2";3;45;4
"55292";"202100055292";1;"19:25";"5";"69";"2";"2";"1";6;45;4
"55293";"202100055293";1;"06:40";"5";"69";"2";"6";"1";2;45;4
"55294";"202100055294";1;"08:09";"2";"64";"2";"3";"1";3;43;-1
"55295";"202100055295";1;"08:16";"2";"64";"2";"6";"1";2;43;-1
"55296";"202100055296";1;"10:30";"1";"62";"2";"1";"2";6;50;2
"55297";"202100055297";1;"21:00";"5";"59";"2";"3";"1";1;50;3
"55298";"202100055298";1;"08:20";"2";"59";"2";"3";"3";6;50;3
"55299";"202100055299";1;"18:00";"5";"59";"2";"1";"1";6;50;3
"55300";"202100055300";1;"08:50";"1";"59";"2";"1";"2";6;50;3
"55301";"202100055301";1;"09:20";"1";"59";"2";"2";"1";6;50;3
"55302";"202100055302";1;"11:52";"1";"57";"2";"1";"7";6;49;6
"55303";"202100055303";1;"12:15";"1";"54";"2";"1";"1";6;48;6
"55304";"202100055304";1;"16:01";"1";"54";"2";"1";"1";6;48;6
"55305";"202100055305";1;"15:40";"1";"54";"2";"1";"2";4;48;6
"55306";"202100055306";1;"08:00";"5";"54";"2";"2";"2";6;48;6
"55307";"202100055307";1;"08:15";"4";"51";"2";"1";"3";7;49;3
"55308";"202100055308";1;"23:10";"5";"50";"2";"1";"1";6;49;-1
"55309";"202100055309";1;"16:30";"1";"49";"2";"1";"1";7;47;0
"55310";"202100055310";1;"17:05";"1";"49";"1";"1";"1";7;47;0
"55311";"202100055311";1;"07:30";"5";"44";"2";"2";"1";1;47;-2
"55312";"202100055312";1;"08:05";"3";"44";"2";"3";"1";1;47;-2
"55313";"202100055313";1;"12:33";"1";"42";"2";"2";"1";3;46;4
"55314";"202100055314";1;"17:00";"1";"38";"2";"1";"2";3;45;4
"55315";"202100055315";1;"11:00";"1";"38";"2";"1";"1";6;45;5
"55316";"202100055316";1;"20:21";"5";"37";"2";"6";"1";7;47;0
"55317";"202100055317";1;"08:00";"2";"37";"2";"1";"1";6;47;0
"55318";"202100055318";1;"20:25";"5";"35";"2";"2";"1";3;48;-1
"55319";"202100055319";1;"18:45";"5";"35";"2";"1";"2";3;48;-1
"55320";"202100055320";1;"07:50";"2";"35";"1";"1";"1";2;48;-1
"55321";"202100055321";1;"08:35";"1";"35";"2";"2";"8";3;48;-1
"55322";"202100055322";1;"12:50";"1";"34";"2";"3";"1";6;43;3
"55323";"202100055323";1;"09:00";"1";"34";"2";"1";"1";3;43;3
"55324";"202100055324";1;"17:00";"1";"34";"2";"6";"1";6;43;3
"55325";"202100055325";1;"19:10";"5";"33";"2";"3";"2";1;44;0
"55326";"202100055326";1;"07:50";"2";"33";"2";"1";"1";3;44;0
"55327";"202100055327";1;"09:15";"1";"33";"2";"2";"1";3;44;0
"55328";"202100055328";1;"08:00";"1";"30";"2";"9";"1";6;43;4
"55329";"202100055329";1;"14:30";"1";"30";"2";"6";"1";6;44;4
"55330";"202100055330";1;"18:33";"3";"29";"1";"1";"2";2;48;-4
"55331";"202100055331";1;"18:20";"5";"29";"2";"1";"1";6;48;-4
"55332";"202100055332";1;"11:50";"1";"27";"2";"1";"3";2;49;1
"55333";"202100055333";1;"14:00";"1";"27";"2";"1";"8";2;49;1
"55334";"202100055334";1;"14:50";"1";"15";"1";"1";"4";7;44;2
"55335";"202100055335";1;"19:55";"5";"14";"2";"1";"1";7;49;0
"55336";"202100055336";1;"16:40";"1";"13";"2";"1";"1";3;43;5
"55337";"202100055337";1;"08:10";"1";"13";"2";"1";"1";6;43;5
"55338";"202100055338";1;"18:03";"5";"10";"2";"2";"1";5;48;4
"55339";"202100055339";1;"19:00";"5";"10";"2";"1";"1";1;48;4
"55340";"202100055340";1;"14:20";"1";"06";"2";"2";"1";3;43;7
"55341";"202100055341";1;"22:08";"5";"06";"2";"1";"1";7;43;7
"55342";"202100055342";1;"08:53";"1";"06";"2";"2";"1";6;43;7
"55343";"202100055343";1;"07:30";"1";"06";"2";"1";"1";6;43;6
"55344";"202100055344";1;"11:34";"1";"02";"2";"1";"1";6;49;3
"55345";"202100055345";1;"17:50";"5";"75";"2";"1";"1";3;48;2
"55346";"202100055346";1;"10:15";"1";"75";"2";"1";"1";6;48;2
"55347";"202100055347";1;"16:53";"2";"75";"2";"1";"1";6;48;2
"55348";"202100055348";1;"16:17";"1";"75";"2";"2";"1";3;48;2
"55349";"202100055349";1;"18:00";"5";"75";"2";"3";"2";6;48;2
"55350";"202100055350";1;"08:30";"2";"75";"2";"2";"2";6;48;2
"55351";"202100055351";1;"13:00";"1";"75";"2";"2";"3";2;48;2
"55352";"202100055352";1;"18:45";"5";"75";"2";"1";"1";2;48;2
"55353";"202100055353";1;"22:43";"5";"75";"2";"2";"1";2;48;2
"55354";"202100055354";1;"19:30";"5";"75";"2";"3";"2";3;48;2
"55355";"202100055355";1;"12:40";"1";"75";"2";"1";"2";6;48;2
"55356";"202100055356";1;"20:10";"5";"75";"2";"1";"2";2;48;2
"55357";"202100055357";1;"20:00";"5";"75";"2";"1";"2";6;48;2
"55358";"202100055358";1;"10:10";"1";"75";"2";"7";"2";3;48;2
"55359";"202100055359";1;"08:45";"2";"75";"2";"3";"8";6;48;2
"55360";"202100055360";1;"18:10";"5";"75";"2";"2";"1";6;48;2
"55361";"202100055361";1;"18:00";"3";"75";"2";"7";"2";6;48;2
"55362";"202100055362";1;"11:40";"1";"75";"2";"1";"2";2;48;2
"55363";"202100055363";1;"19:45";"5";"75";"2";"1";"1";7;48;2
"55364";"202100055364";1;"16:15";"1";"75";"2";"2";"1";5;48;2
"55365";"202100055365";1;"10:15";"1";"75";"2";"3";"1";6;48;2
"55366";"202100055366";1;"18:21";"5";"94";"2";"3";"2";6;48;2
"55367";"202100055367";1;"18:45";"5";"94";"2";"1";"2";3;48;2
"55368";"202100055368";1;"12:40";"1";"94";"2";"3";"2";6;48;2
"55369";"202100055369";1;"20:20";"5";"94";"2";"3";"2";5;48;2
"55370";"202100055370";1;"08:15";"2";"93";"2";"3";"8";6;48;2
"55371";"202100055371";1;"18:10";"5";"93";"2";"3";"2";3;48;2
"55372";"202100055372";1;"16:30";"5";"93";"2";"1";"2";1;48;2
"55373";"202100055373";1;"17:45";"3";"93";"2";"1";"2";7;48;2
"55374";"202100055374";1;"13:55";"1";"93";"2";"9";"3";6;48;2
"55375";"202100055375";1;"10:00";"1";"92";"2";"1";"2";7;48;2
"55376";"202100055376";1;"18:30";"5";"92";"2";"8";"2";6;48;2
"55377";"202100055377";1;"19:57";"5";"92";"2";"2";"1";6;48;2
"55378";"202100055378";1;"11:10";"1";"92";"2";"1";"2";6;48;2
"55379";"202100055379";1;"18:51";"5";"92";"2";"9";"1";2;48;2
"55380";"202100055380";1;"08:02";"5";"92";"2";"2";"1";6;48;2
"55381";"202100055381";1;"15:10";"1";"92";"2";"1";"2";2;48;2
"55382";"202100055382";1;"14:15";"1";"92";"2";"3";"2";2;48;2
"55383";"202100055383";1;"19:00";"2";"974";"2";"1";"1";7;-20;55
"55384";"202100055384";1;"07:05";"1";"974";"1";"1";"1";7;-21;55
"55385";"202100055385";1;"16:15";"1";"57";"2";"9";"8";6;49;6
"55386";"202100055386";1;"06:40";"2";"2B";"1";"1";"9";6;42;8
"55387";"202100055387";1;"17:55";"5";"60";"2";"1";"2";6;49;2
"55388";"202100055388";1;"10:50";"1";"80";"1";"2";"3";3;50;2
"55389";"202100055389";1;"07:50";"3";"49";"1";"1";"1";1;47;0
"55390";"202100055390";1;"16:00";"1";"44";"1";"2";"1";3;47;-2
"55391";"202100055391";1;"13:00";"1";"29";"2";"1";"1";6;48;-4
"55392";"202100055392";1;"17:25";"1";"29";"1";"1";"2";1;48;-4
"55393";"202100055393";1;"16:45";"1";"31";"1";"2";"8";3;43;1
"55394";"202100055394";1;"18:30";"4";"38";"1";"1";"2";6;45;5
"55395";"202100055395";1;"15:15";"1";"38";"2";"1";"2";6;45;5
"55396";"202100055396";1;"12:10";"1";"03";"1";"1";"1";4;46;3
"55397";"202100055397";1;"07:00";"3";"50";"1";"1";"2";3;49;-1
"55398";"202100055398";1;"10:20";"1";"53";"1";"1";"8";7;48;0
"55399";"202100055399";1;"14:30";"1";"24";"2";"9";"2";1;44;1
"55400";"202100055400";1;"15:20";"1";"85";"1";"1";"2";6;46;-1
"55401";"202100055401";1;"12:20";"1";"87";"1";"1";"1";6;45;0
"55402";"202100055402";1;"17:00";"1";"30";"1";"1";"1";6;43;4
"55403";"202100055403";1;"16:55";"1";"30";"1";"1";"1";2;43;4
"55404";"202100055404";1;"03:35";"3";"88";"1";"1";"9";1;48;6
"55405";"202100055405";1;"23:15";"5";"978";"2";"1";"1";1;18;-63
"55406";"202100055406";1;"20:00";"3";"91";"1";"1";"2";6;48;2
"55407";"202100055407";1;"03:00";"3";"988";"1";"3";"1";6;-21;166
"55408";"202100055408";1;"11:45";"1";"2B";"1";"1";"7";6;42;9
"55409";"202100055409";1;"00:20";"5";"68";"2";"1";"4";6;47;6
"55410";"202100055410";1;"16:40";"1";"69";"2";"2";"2";1;45;4
"55411";"202100055411";1;"09:20";"1";"09";"1";"1";"1";6;43;1
"55412";"202100055412";1;"08:15";"2";"44";"1";"1";"1";1;47;-1
"55413";"202100055413";1;"03:00";"3";"60";"1";"1";"8";1;49;2
"55414";"202100055414";1;"18:05";"5";"59";"2";"1";"1";6;50;3
"55415";"202100055415";1;"15:25";"1";"13";"1";"1";"1";6;43;5
"55416";"202100055416";1;"03:00";"3";"13";"1";"1";"1";1;43;5
"55417";"202100055417";1;"18:30";"3";"69";"1";"1";"1";2;45;4
"55418";"202100055418";1;"14:25";"1";"62";"1";"1";"1";5;50;1
"55419";"202100055419";1;"20:26";"3";"91";"1";"1";"2";7;48;2
"55420";"202100055420";1;"08:50";"1";"91";"1";"9";"2";3;48;2
"55421";"202100055421";1;"08:35";"2";"91";"1";"1";"2";4;48;2
"55422";"202100055422";1;"08:25";"2";"78";"1";"1";"2";2;48;1
"55423";"202100055423";1;"20:30";"3";"93";"1";"1";"2";6;48;2
"55424";"202100055424";1;"20:00";"3";"95";"1";"1";"2";6;49;2
"55425";"202100055425";1;"20:45";"3";"93";"1";"1";"2";6;48;2