"";"Num_Acc";"mois";"hrmn";"lum";"dep";"agg";"int";"atm";"col";"lat";"long"
"55426";"202100055426";1;"18:30";"3";"95";"1";"1";"2";6;48;2
"55427";"202100055427";1;"08:50";"2";"95";"1";"1";"2";5;48;2
"55428";"202100055428";1;"08:00";"1";"93";"1";"1";"2";7;48;2
"55429";"202100055429";1;"18:15";"3";"77";"1";"1";"2";2;48;2
"55430";"202100055430";1;"10:50";"1";"94";"1";"1";"2";7;48;2
"55431";"202100055431";1;"17:15";"1";"988";"2";"1";"3";6;-22;166
"55432";"202100055432";1;"14:25";"1";"976";"2";"1";"1";7;-12;45
"55433";"202100055433";1;"18:05";"1";"974";"2";"1";"3";7;-20;55
"55434";"202100055434";1;"14:00";"1";"973";"2";"1";"2";6;4;-52
"55435";"202100055435";1;"23:50";"5";"973";"2";"1";"2";7;4;-52
"55436";"202100055436";1;"17:30";"5";"69";"2";"1";"1";6;45;4
"55437";"202100055437";1;"19:30";"4";"69";"2";"3";"1";6;45;4
"55438";"202100055438";1;"02:00";"5";"69";"2";"3";"1";2;45;4
"55439";"202100055439";1;"14:40";"1";"972";"2";"1";"1";1;14;-60
"55440";"202100055440";1;"07:37";"1";"972";"2";"1";"1";6;14;-61
"55441";"202100055441";1;"22:08";"5";"972";"2";"1";"1";3;14;-61
"55442";"202100055442";1;"16:15";"1";"69";"2";"2";"1";3;45;4
"55443";"202100055443";1;"12:19";"1";"2B";"2";"1";"1";3;42;9
"55444";"202100055444";1;"11:00";"1";"971";"2";"4";"1";6;15;-61
"55445";"202100055445";1;"01:30";"5";"91";"2";"2";"1";3;48;2
"55446";"202100055446";1;"12:45";"1";"91";"2";"9";"8";3;48;2
"55447";"202100055447";1;"11:10";"1";"91";"2";"3";"1";3;48;2
"55448";"202100055448";1;"11:50";"1";"91";"2";"1";"1";1;48;2
"55449";"202100055449";1;"07:30";"5";"91";"2";"1";"1";6;48;2
"55450";"202100055450";1;"20:04";"5";"91";"2";"1";"1";5;48;2
"55451";"202100055451";1;"18:40";"5";"91";"2";"3";"1";3;48;2
"55452";"202100055452";1;"13:02";"1";"87";"2";"2";"1";3;45;1
"55453";"202100055453";1;"15:47";"1";"87";"2";"2";"1";7;45;1
"55454";"202100055454";1;"04:14";"3";"86";"1";"1";"9";6;46;0
"55455";"202100055455";1;"18:30";"5";"84";"2";"1";"1";4;43;4
"55456";"202100055456";1;"18:19";"4";"84";"2";"1";"1";1;43;4
"55457";"202100055457";1;"13:55";"1";"83";"2";"1";"1";2;43;5
"55458";"202100055458";1;"13:50";"1";"83";"2";"1";"8";3;43;6
"55459";"202100055459";1;"21:07";"5";"81";"2";"9";"1";3;43;2
"55460";"202100055460";1;"16:40";"1";"80";"2";"3";"1";3;49;2
"55461";"202100055461";1;"19:30";"3";"78";"1";"5";"1";2;48;2
"55462";"202100055462";1;"08:10";"5";"78";"2";"2";"1";3;48;2
"55463";"202100055463";1;"14:30";"1";"77";"1";"1";"1";6;48;2
"55464";"202100055464";1;"19:00";"5";"76";"2";"2";"1";4;49;1
"55465";"202100055465";1;"15:00";"1";"76";"2";"2";"1";1;49;1
"55466";"202100055466";1;"19:20";"5";"76";"2";"1";"1";3;49;0
"55467";"202100055467";1;"09:40";"1";"71";"1";"1";"1";6;46;4
"55468";"202100055468";1;"07:50";"1";"69";"2";"1";"1";6;45;4
"55469";"202100055469";1;"09:10";"1";"68";"2";"3";"1";3;48;7
"55470";"202100055470";1;"23:30";"5";"64";"2";"1";"1";6;43;0
"55471";"202100055471";1;"03:00";"5";"63";"2";"1";"1";6;45;3
"55472";"202100055472";1;"20:00";"4";"63";"2";"1";"1";6;45;3
"55473";"202100055473";1;"11:28";"1";"63";"2";"2";"1";3;45;3
"55474";"202100055474";1;"21:10";"5";"59";"2";"1";"8";6;50;3
"55475";"202100055475";1;"15:45";"1";"59";"2";"3";"1";6;50;3
"55476";"202100055476";1;"22:45";"4";"59";"2";"1";"8";6;50;3
"55477";"202100055477";1;"17:40";"5";"54";"2";"1";"1";2;48;6
"55478";"202100055478";1;"08:00";"2";"54";"2";"1";"2";6;48;6
"55479";"202100055479";1;"07:50";"2";"54";"2";"2";"2";6;48;6
"55480";"202100055480";1;"12:50";"1";"51";"2";"6";"1";3;49;4
"55481";"202100055481";1;"11:09";"1";"49";"2";"6";"1";7;47;0
"55482";"202100055482";1;"08:11";"2";"49";"2";"1";"1";7;47;0
"55483";"202100055483";1;"08:20";"2";"49";"2";"1";"1";7;47;0
"55484";"202100055484";1;"18:55";"5";"44";"2";"1";"1";6;47;-1
"55485";"202100055485";1;"18:06";"5";"44";"2";"1";"1";4;47;-1
"55486";"202100055486";1;"04:45";"5";"44";"2";"1";"1";6;47;-1
"55487";"202100055487";1;"00:01";"5";"38";"2";"9";"1";1;45;5
"55488";"202100055488";1;"19:59";"5";"37";"2";"1";"1";6;47;0
"55489";"202100055489";1;"17:41";"5";"37";"2";"1";"1";3;47;0
"55490";"202100055490";1;"11:00";"1";"37";"2";"2";"1";6;47;0
"55491";"202100055491";1;"17:30";"2";"35";"1";"1";"1";2;48;-1
"55492";"202100055492";1;"09:10";"1";"35";"1";"1";"8";4;48;-1
"55493";"202100055493";1;"07:00";"5";"33";"2";"6";"1";3;44;0
"55494";"202100055494";1;"20:55";"5";"33";"2";"2";"1";3;44;0
"55495";"202100055495";1;"16:45";"1";"33";"2";"2";"1";3;44;0
"55496";"202100055496";1;"08:13";"2";"31";"2";"1";"8";6;43;1
"55497";"202100055497";1;"09:10";"1";"31";"2";"1";"1";2;43;1
"55498";"202100055498";1;"19:10";"5";"30";"2";"3";"1";6;43;4
"55499";"202100055499";1;"16:03";"1";"29";"2";"6";"1";4;48;-4
"55500";"202100055500";1;"19:30";"5";"29";"2";"2";"1";1;48;-4
"55501";"202100055501";1;"14:10";"1";"22";"2";"1";"1";4;48;-2
"55502";"202100055502";1;"18:17";"5";"17";"2";"2";"1";2;46;-1
"55503";"202100055503";1;"16:33";"1";"13";"2";"2";"1";1;43;5
"55504";"202100055504";1;"06:40";"5";"13";"2";"4";"1";1;43;5
"55505";"202100055505";1;"17:30";"1";"13";"2";"1";"8";3;43;5
"55506";"202100055506";1;"18:30";"5";"13";"2";"1";"1";1;43;5
"55507";"202100055507";1;"13:15";"1";"13";"2";"1";"9";3;43;5
"55508";"202100055508";1;"04:00";"5";"13";"2";"9";"1";6;43;5
"55509";"202100055509";1;"18:05";"1";"13";"2";"1";"1";1;43;5
"55510";"202100055510";1;"00:00";"5";"13";"2";"1";"1";3;43;5
"55511";"202100055511";1;"04:10";"5";"13";"2";"6";"8";2;43;5
"55512";"202100055512";1;"15:06";"1";"11";"2";"9";"1";7;43;2
"55513";"202100055513";1;"18:30";"5";"06";"2";"1";"8";7;43;6
"55514";"202100055514";1;"12:50";"1";"05";"1";"1";"9";2;44;6
"55515";"202100055515";1;"19:50";"5";"02";"2";"1";"9";6;49;3
"55516";"202100055516";1;"17:50";"5";"75";"2";"1";"1";5;48;2
"55517";"202100055517";1;"14:35";"1";"75";"2";"1";"1";2;48;2
"55518";"202100055518";1;"15:30";"1";"75";"2";"5";"1";6;48;2
"55519";"202100055519";1;"17:40";"5";"75";"2";"1";"1";6;48;2
"55520";"202100055520";1;"18:15";"5";"75";"2";"3";"8";3;48;2
"55521";"202100055521";1;"14:44";"1";"75";"2";"3";"1";3;48;2
"55522";"202100055522";1;"19:45";"5";"75";"2";"1";"1";2;48;2
"55523";"202100055523";1;"15:40";"1";"75";"2";"3";"8";6;48;2
"55524";"202100055524";1;"12:15";"1";"75";"2";"5";"1";3;48;2
"55525";"202100055525";1;"10:50";"1";"75";"2";"2";"1";6;48;2
"55526";"202100055526";1;"21:30";"5";"75";"2";"1";"1";6;48;2
"55527";"202100055527";1;"21:20";"5";"75";"2";"2";"1";3;48;2
"55528";"202100055528";1;"14:05";"1";"75";"2";"2";"1";6;48;2
"55529";"202100055529";1;"19:50";"5";"75";"2";"4";"1";6;48;2
"55530";"202100055530";1;"10:20";"1";"75";"2";"2";"8";3;48;2
"55531";"202100055531";1;"19:30";"5";"75";"2";"1";"1";2;48;2
"55532";"202100055532";1;"12:00";"1";"75";"2";"7";"1";7;48;2
"55533";"202100055533";1;"11:25";"1";"75";"2";"4";"8";3;48;2
"55534";"202100055534";1;"08:20";"2";"75";"2";"1";"1";6;48;2
"55535";"202100055535";1;"17:42";"2";"75";"2";"2";"1";7;48;2
"55536";"202100055536";1;"15:15";"1";"75";"2";"2";"1";6;48;2
"55537";"202100055537";1;"14:45";"1";"75";"2";"3";"1";6;48;2
"55538";"202100055538";1;"19:15";"5";"94";"2";"1";"1";6;48;2
"55539";"202100055539";1;"13:10";"1";"94";"2";"1";"1";7;48;2
"55540";"202100055540";1;"20:26";"5";"94";"2";"1";"1";7;48;2
"55541";"202100055541";1;"19:10";"5";"94";"2";"2";"1";3;48;2
"55542";"202100055542";1;"22:41";"5";"94";"2";"1";"1";6;48;2
"55543";"202100055543";1;"20:24";"5";"94";"2";"2";"1";3;48;2
"55544";"202100055544";1;"15:10";"1";"94";"2";"1";"1";6;48;2
"55545";"202100055545";1;"21:00";"5";"94";"2";"2";"1";3;48;2
"55546";"202100055546";1;"08:05";"5";"94";"2";"3";"1";6;48;2
"55547";"202100055547";1;"21:35";"5";"93";"2";"1";"1";3;48;2
"55548";"202100055548";1;"18:35";"5";"93";"2";"1";"1";6;48;2
"55549";"202100055549";1;"17:45";"5";"93";"2";"9";"1";3;48;2
"55550";"202100055550";1;"16:30";"1";"93";"2";"4";"1";3;48;2
"55551";"202100055551";1;"14:30";"1";"93";"2";"2";"8";3;48;2
"55552";"202100055552";1;"13:33";"1";"93";"2";"1";"1";3;48;2
"55553";"202100055553";1;"02:20";"5";"92";"2";"2";"1";6;48;2
"55554";"202100055554";1;"14:26";"1";"92";"2";"3";"1";3;48;2
"55555";"202100055555";1;"17:00";"5";"92";"2";"3";"1";6;48;2
"55556";"202100055556";1;"18:35";"5";"92";"2";"1";"1";7;48;2
"55557";"202100055557";1;"13:50";"1";"92";"2";"1";"1";6;48;2
"55558";"202100055558";1;"19:30";"5";"92";"2";"9";"8";3;48;2
"55559";"202100055559";1;"17:55";"5";"34";"2";"1";"1";1;43;3
"55560";"202100055560";1;"07:30";"3";"24";"1";"1";"9";3;45;0
"55561";"202100055561";1;"16:35";"1";"84";"1";"1";"1";1;43;5
"55562";"202100055562";1;"17:55";"2";"40";"1";"3";"1";3;43;-1
"55563";"202100055563";1;"18:00";"2";"974";"2";"1";"1";1;-21;55
"55564";"202100055564";1;"12:50";"1";"972";"1";"1";"1";1;14;-60
"55565";"202100055565";1;"04:50";"3";"52";"1";"1";"2";6;47;5
"55566";"202100055566";1;"18:20";"5";"54";"2";"2";"1";3;49;5
"55567";"202100055567";1;"09:10";"1";"22";"1";"1";"1";4;48;-3
"55568";"202100055568";1;"05:30";"3";"971";"1";"1";"1";3;15;-61
"55569";"202100055569";1;"17:35";"5";"42";"2";"1";"1";1;45;4
"55570";"202100055570";1;"20:50";"3";"72";"1";"1";"1";6;47;0
"55571";"202100055571";1;"14:55";"1";"22";"2";"3";"1";7;48;-2
"55572";"202100055572";1;"18:53";"5";"31";"2";"1";"1";1;43;1
"55573";"202100055573";1;"07:30";"3";"57";"1";"9";"4";7;49;6
"55574";"202100055574";1;"16:35";"1";"57";"1";"3";"1";7;49;6
"55575";"202100055575";1;"09:35";"1";"51";"1";"1";"8";7;49;4
"55576";"202100055576";1;"12:00";"1";"51";"2";"1";"1";3;48;3
"55577";"202100055577";1;"14:30";"1";"19";"1";"1";"4";3;45;2
"55578";"202100055578";1;"18:15";"3";"56";"1";"1";"2";6;48;-3
"55579";"202100055579";1;"15:30";"1";"59";"2";"6";"1";6;50;2
"55580";"202100055580";1;"14:10";"1";"74";"1";"1";"1";7;46;5
"55581";"202100055581";1;"17:45";"5";"74";"1";"1";"1";1;46;6
"55582";"202100055582";1;"09:30";"1";"79";"1";"1";"9";6;46;0
"55583";"202100055583";1;"11:10";"1";"33";"1";"3";"1";1;44;0
"55584";"202100055584";1;"19:45";"5";"61";"1";"1";"1";6;48;0
"55585";"202100055585";1;"15:30";"1";"47";"1";"1";"8";3;44;0
"55586";"202100055586";1;"20:50";"3";"41";"1";"1";"1";7;47;1
"55587";"202100055587";1;"16:00";"1";"29";"1";"1";"1";1;48;-3
"55588";"202100055588";1;"07:00";"3";"29";"1";"1";"2";1;48;-3
"55589";"202100055589";1;"09:30";"1";"31";"1";"1";"1";1;43;0
"55590";"202100055590";1;"15:10";"1";"03";"1";"6";"1";2;46;3
"55591";"202100055591";1;"18:25";"5";"60";"2";"1";"1";6;49;2
"55592";"202100055592";1;"13:30";"1";"43";"1";"1";"8";1;45;4
"55593";"202100055593";1;"17:30";"2";"53";"1";"1";"1";1;48;0
"55594";"202100055594";1;"06:00";"5";"53";"2";"1";"2";2;48;0
"55595";"202100055595";1;"12:00";"1";"24";"2";"3";"1";3;45;0
"55596";"202100055596";1;"17:50";"3";"85";"1";"9";"1";3;46;0
"55597";"202100055597";1;"18:20";"3";"48";"1";"1";"1";6;44;3
"55598";"202100055598";1;"11:45";"1";"10";"1";"1";"4";6;48;4
"55599";"202100055599";1;"16:00";"1";"976";"2";"1";"1";3;-12;45
"55600";"202100055600";1;"15:30";"1";"974";"1";"1";"1";7;-21;55
"55601";"202100055601";1;"14:45";"1";"973";"2";"1";"2";7;5;-54
"55602";"202100055602";1;"20:15";"5";"971";"2";"3";"1";3;16;-61
"55603";"202100055603";1;"12:45";"1";"29";"1";"1";"2";5;47;-3
"55604";"202100055604";1;"09:00";"1";"77";"2";"2";"1";3;48;3
"55605";"202100055605";1;"19:45";"3";"83";"1";"1";"1";1;43;6
"55606";"202100055606";1;"19:25";"5";"42";"2";"1";"2";6;45;4
"55607";"202100055607";1;"15:45";"1";"38";"1";"1";"1";1;45;5
"55608";"202100055608";1;"07:30";"2";"81";"2";"1";"1";1;43;1
"55609";"202100055609";1;"07:00";"3";"91";"1";"1";"1";4;48;2
"55610";"202100055610";1;"12:30";"1";"78";"1";"1";"1";3;48;1
"55611";"202100055611";1;"09:20";"1";"92";"1";"1";"1";4;48;2
"55612";"202100055612";1;"21:30";"5";"95";"1";"1";"1";7;48;2
"55613";"202100055613";1;"07:00";"3";"95";"1";"1";"8";4;48;2
"55614";"202100055614";1;"05:00";"5";"93";"1";"1";"1";3;48;2
"55615";"202100055615";1;"17:45";"3";"95";"1";"1";"1";4;48;2
"55616";"202100055616";1;"16:45";"1";"92";"1";"1";"1";6;48;2
"55617";"202100055617";1;"00:15";"3";"93";"1";"1";"1";5;48;2
"55618";"202100055618";1;"15:10";"1";"93";"1";"1";"1";2;48;2
"55619";"202100055619";1;"12:45";"1";"92";"1";"1";"1";4;48;2
"55620";"202100055620";1;"23:30";"3";"93";"1";"1";"1";2;48;2
"55621";"202100055621";1;"08:20";"2";"02";"1";"1";"5";7;49;3
"55622";"202100055622";1;"14:00";"1";"15";"2";"1";"7";6;45;3
"55623";"202100055623";1;"09:10";"1";"72";"1";"1";"1";1;48;0
"55624";"202100055624";1;"13:35";"1";"60";"1";"1";"1";7;49;1
"55625";"202100055625";1;"13:35";"1";"60";"1";"1";"1";7;49;1
"55626";"202100055626";1;"09:00";"2";"85";"1";"1";"9";6;46;-1
"55627";"202100055627";1;"12:50";"1";"28";"1";"1";"8";1;48;1
"55628";"202100055628";1;"18:00";"3";"30";"1";"1";"1";1;43;4
"55629";"202100055629";1;"23:00";"3";"88";"1";"1";"1";6;48;6
"55630";"202100055630";1;"22:16";"3";"63";"1";"1";"1";7;46;3
"55631";"202100055631";1;"13:20";"1";"78";"1";"1";"1";6;48;2
"55632";"202100055632";1;"11:00";"1";"53";"1";"1";"1";3;48;0
"55633";"202100055633";1;"18:06";"3";"38";"1";"1";"8";1;45;5
"55634";"202100055634";1;"14:40";"1";"988";"1";"1";"2";6;-20;164
"55635";"202100055635";1;"18:15";"2";"986";"2";"9";"1";7;-13;-176
"55636";"202100055636";1;"12:20";"1";"973";"1";"1";"1";7;5;-53
"55637";"202100055637";1;"15:35";"1";"77";"2";"1";"8";1;48;2
"55638";"202100055638";1;"05:30";"5";"66";"2";"1";"1";6;42;3
"55639";"202100055639";1;"07:47";"2";"68";"2";"6";"1";6;47;7
"55640";"202100055640";1;"16:30";"1";"07";"1";"1";"1";7;45;4
"55641";"202100055641";1;"11:00";"1";"85";"1";"1";"1";2;46;-1
"55642";"202100055642";1;"12:35";"1";"50";"1";"1";"8";7;49;0
"55643";"202100055643";1;"09:00";"1";"13";"1";"1";"4";6;43;5
"55644";"202100055644";1;"11:50";"1";"13";"2";"9";"1";6;43;5
"55645";"202100055645";1;"08:45";"1";"13";"1";"1";"4";6;43;5
"55646";"202100055646";1;"18:15";"3";"13";"1";"1";"1";2;43;5
"55647";"202100055647";1;"17:40";"3";"57";"2";"1";"1";5;49;6
"55648";"202100055648";1;"15:20";"1";"91";"1";"1";"1";7;48;2
"55649";"202100055649";1;"19:35";"3";"92";"1";"1";"1";6;48;2
"55650";"202100055650";1;"16:55";"1";"78";"1";"1";"1";1;48;1
"55651";"202100055651";1;"12:30";"1";"78";"1";"1";"1";2;48;2
"55652";"202100055652";1;"11:50";"1";"77";"1";"1";"1";7;48;2
"55653";"202100055653";1;"16:00";"1";"974";"1";"3";"1";3;-20;55
"55654";"202100055654";1;"12:14";"1";"973";"2";"1";"2";2;4;-52
"55655";"202100055655";1;"18:25";"3";"95";"1";"1";"1";7;48;2
"55656";"202100055656";1;"20:00";"5";"91";"2";"1";"8";1;48;2
"55657";"202100055657";1;"14:35";"1";"81";"2";"1";"1";3;43;2
"55658";"202100055658";1;"14:24";"1";"78";"2";"1";"1";7;48;2
"55659";"202100055659";1;"01:20";"3";"77";"1";"1";"9";3;48;2
"55660";"202100055660";1;"13:15";"1";"74";"2";"1";"1";4;46;6
"55661";"202100055661";1;"11:40";"1";"59";"2";"2";"1";6;50;2
"55662";"202100055662";1;"15:35";"1";"54";"2";"3";"1";6;48;6
"55663";"202100055663";1;"10:50";"1";"53";"2";"9";"1";3;48;0
"55664";"202100055664";1;"10:20";"1";"50";"1";"1";"1";2;48;-1
"55665";"202100055665";1;"13:20";"1";"50";"2";"2";"1";7;48;-1
"55666";"202100055666";1;"14:50";"1";"49";"2";"6";"1";7;47;0
"55667";"202100055667";1;"14:00";"1";"47";"2";"1";"1";2;44;0
"55668";"202100055668";1;"16:15";"1";"35";"2";"3";"1";3;48;-1
"55669";"202100055669";1;"16:50";"1";"26";"2";"1";"1";3;44;4
"55670";"202100055670";1;"22:00";"4";"13";"2";"2";"1";3;43;5
"55671";"202100055671";1;"00:20";"5";"13";"2";"1";"1";6;43;5
"55672";"202100055672";1;"09:15";"1";"13";"2";"1";"1";3;43;5
"55673";"202100055673";1;"01:42";"5";"06";"2";"1";"1";7;43;7
"55674";"202100055674";1;"21:30";"3";"06";"1";"1";"1";7;43;6
"55675";"202100055675";1;"17:45";"5";"75";"2";"1";"1";7;48;2
"55676";"202100055676";1;"05:40";"5";"75";"2";"5";"1";3;48;2
"55677";"202100055677";1;"19:15";"5";"75";"2";"2";"1";3;48;2
"55678";"202100055678";1;"20:00";"5";"75";"2";"2";"1";6;48;2
"55679";"202100055679";1;"19:45";"5";"75";"2";"4";"1";2;48;2
"55680";"202100055680";1;"16:30";"2";"75";"2";"3";"1";6;48;2
"55681";"202100055681";1;"15:37";"1";"75";"2";"1";"1";6;48;2
"55682";"202100055682";1;"19:40";"5";"75";"2";"2";"1";6;48;2
"55683";"202100055683";1;"11:20";"1";"75";"2";"2";"1";2;48;2
"55684";"202100055684";1;"17:45";"5";"75";"2";"1";"1";3;48;2
"55685";"202100055685";1;"14:25";"1";"75";"2";"4";"1";3;48;2
"55686";"202100055686";1;"10:45";"1";"94";"2";"3";"1";6;48;2
"55687";"202100055687";1;"11:10";"1";"94";"2";"1";"1";2;48;2
"55688";"202100055688";1;"22:55";"5";"94";"2";"1";"1";6;48;2
"55689";"202100055689";1;"18:40";"5";"94";"2";"1";"1";1;48;2
"55690";"202100055690";1;"01:01";"5";"93";"1";"1";"9";6;48;2
"55691";"202100055691";1;"12:40";"1";"93";"2";"1";"9";3;48;2
"55692";"202100055692";1;"23:00";"5";"93";"2";"1";"9";6;48;2
"55693";"202100055693";1;"18:50";"5";"93";"2";"4";"1";1;48;2
"55694";"202100055694";1;"19:45";"5";"93";"2";"2";"1";3;48;2
"55695";"202100055695";1;"18:00";"5";"93";"2";"1";"1";6;48;2
"55696";"202100055696";1;"05:25";"5";"93";"2";"1";"1";2;48;2
"55697";"202100055697";1;"19:20";"5";"92";"2";"2";"1";3;48;2
"55698";"202100055698";1;"21:20";"5";"92";"2";"4";"9";3;48;2
"55699";"202100055699";1;"14:25";"1";"92";"2";"6";"1";3;48;2
"55700";"202100055700";1;"19:28";"5";"92";"2";"2";"1";7;48;2
"55701";"202100055701";1;"15:40";"1";"01";"1";"1";"1";6;46;5
"55702";"202100055702";1;"16:15";"1";"16";"1";"1";"1";7;45;0
"55703";"202100055703";1;"15:00";"1";"33";"1";"3";"1";3;44;0
"55704";"202100055704";1;"19:00";"3";"14";"1";"5";"9";6;49;0
"55705";"202100055705";1;"19:40";"3";"14";"1";"2";"1";2;49;0
"55706";"202100055706";1;"16:30";"1";"55";"1";"1";"1";7;49;5
"55707";"202100055707";1;"11:00";"1";"25";"1";"1";"1";7;47;6
"55708";"202100055708";1;"15:00";"1";"29";"1";"1";"1";3;47;-4
"55709";"202100055709";1;"17:15";"2";"38";"1";"2";"1";3;45;4
"55710";"202100055710";1;"15:30";"1";"38";"1";"1";"1";1;45;5
"55711";"202100055711";1;"09:30";"1";"18";"1";"1";"1";6;47;2
"55712";"202100055712";1;"19:30";"3";"36";"1";"2";"1";7;46;1
"55713";"202100055713";1;"18:35";"4";"16";"2";"1";"1";1;45;0
"55714";"202100055714";1;"18:30";"3";"07";"1";"1";"1";1;44;4
"55715";"202100055715";1;"06:45";"3";"37";"1";"1";"9";1;47;0
"55716";"202100055716";1;"08:35";"1";"68";"1";"1";"1";6;47;7
"55717";"202100055717";1;"19:25";"3";"973";"1";"1";"2";3;4;-52
"55718";"202100055718";1;"16:45";"1";"988";"1";"1";"1";6;-21;166
"55719";"202100055719";1;"09:30";"1";"988";"1";"1";"1";1;-22;166
"55720";"202100055720";1;"13:30";"1";"83";"1";"1";"2";6;43;6
"55721";"202100055721";1;"17:45";"5";"71";"2";"1";"1";6;46;4
"55722";"202100055722";1;"19:55";"3";"68";"1";"1";"1";4;48;7
"55723";"202100055723";1;"13:53";"1";"67";"1";"2";"7";1;48;7
"55724";"202100055724";1;"15:20";"1";"54";"1";"1";"1";6;48;5
"55725";"202100055725";1;"15:25";"1";"73";"1";"1";"1";2;45;5
"55726";"202100055726";1;"18:15";"3";"01";"1";"1";"1";6;45;5
"55727";"202100055727";1;"16:55";"2";"69";"1";"2";"1";3;45;4
"55728";"202100055728";1;"17:15";"2";"69";"2";"2";"1";6;45;4
"55729";"202100055729";1;"12:30";"1";"17";"2";"2";"1";1;45;-1
"55730";"202100055730";1;"17:00";"2";"14";"2";"2";"1";3;48;0
"55731";"202100055731";1;"16:40";"1";"22";"1";"3";"1";3;48;-2
"55732";"202100055732";1;"19:50";"3";"59";"1";"1";"1";6;50;2
"55733";"202100055733";1;"20:15";"2";"13";"1";"1";"1";3;43;5
"55734";"202100055734";1;"18:20";"3";"13";"1";"1";"1";4;43;5
"55735";"202100055735";1;"12:30";"1";"91";"1";"1";"1";2;48;2
"55736";"202100055736";1;"13:00";"1";"92";"1";"1";"1";2;48;2
"55737";"202100055737";1;"03:10";"3";"78";"1";"1";"8";1;48;1
"55738";"202100055738";1;"07:50";"4";"95";"1";"1";"1";5;48;2
"55739";"202100055739";1;"02:50";"5";"94";"1";"1";"9";7;48;2
"55740";"202100055740";1;"21:16";"3";"77";"1";"1";"2";6;48;2
"55741";"202100055741";1;"15:08";"1";"974";"2";"1";"1";6;-20;55
"55742";"202100055742";1;"22:30";"3";"973";"2";"1";"1";6;4;-52
"55743";"202100055743";1;"19:30";"5";"69";"2";"3";"1";3;45;4
"55744";"202100055744";1;"14:50";"1";"69";"2";"1";"1";3;45;4
"55745";"202100055745";1;"13:00";"1";"972";"1";"1";"1";5;14;-60
"55746";"202100055746";1;"13:00";"1";"972";"2";"1";"1";3;14;-60
"55747";"202100055747";1;"07:50";"1";"972";"2";"1";"1";7;14;-60
"55748";"202100055748";1;"08:43";"1";"972";"2";"1";"1";2;14;-61
"55749";"202100055749";1;"12:50";"1";"69";"2";"1";"1";3;45;4
"55750";"202100055750";1;"16:40";"1";"2B";"2";"1";"1";3;42;9
"55751";"202100055751";1;"10:06";"1";"2B";"2";"1";"1";1;42;9
"55752";"202100055752";1;"09:00";"1";"971";"1";"3";"1";3;16;-61
"55753";"202100055753";1;"18:50";"2";"971";"2";"1";"1";6;16;-61
"55754";"202100055754";1;"14:25";"1";"2A";"2";"1";"1";3;41;8
"55755";"202100055755";1;"07:40";"2";"2A";"2";"1";"1";6;41;8
"55756";"202100055756";1;"10:15";"1";"91";"2";"1";"1";6;48;2
"55757";"202100055757";1;"08:20";"1";"91";"2";"9";"1";6;48;2
"55758";"202100055758";1;"07:45";"2";"91";"2";"1";"1";2;48;2
"55759";"202100055759";1;"17:19";"1";"87";"2";"1";"1";3;45;1
"55760";"202100055760";1;"18:40";"5";"86";"2";"1";"1";6;46;0
"55761";"202100055761";1;"02:40";"5";"81";"2";"1";"1";6;43;2
"55762";"202100055762";1;"17:59";"5";"80";"2";"3";"2";3;49;2
"55763";"202100055763";1;"19:18";"5";"79";"2";"1";"1";7;46;0
"55764";"202100055764";1;"21:05";"5";"79";"2";"2";"1";3;46;0
"55765";"202100055765";1;"13:10";"1";"76";"2";"3";"1";6;49;0
"55766";"202100055766";1;"07:45";"5";"71";"2";"1";"8";6;46;4
"55767";"202100055767";1;"19:10";"5";"69";"2";"2";"1";3;45;4
"55768";"202100055768";1;"21:25";"5";"69";"2";"1";"1";2;45;4
"55769";"202100055769";1;"11:10";"1";"69";"2";"1";"1";6;45;4
"55770";"202100055770";1;"18:25";"5";"69";"2";"6";"1";3;45;4
"55771";"202100055771";1;"12:45";"1";"69";"2";"1";"1";6;45;4
"55772";"202100055772";1;"08:50";"2";"67";"2";"1";"8";6;48;7
"55773";"202100055773";1;"12:10";"1";"67";"2";"1";"8";2;48;7
"55774";"202100055774";1;"08:30";"1";"66";"2";"1";"1";6;42;2
"55775";"202100055775";1;"15:05";"1";"64";"2";"1";"1";3;43;-1
"55776";"202100055776";1;"14:30";"1";"64";"2";"1";"1";3;43;-1
"55777";"202100055777";1;"09:59";"1";"64";"2";"1";"1";6;43;-1
"55778";"202100055778";1;"19:50";"5";"59";"2";"2";"2";3;50;3
"55779";"202100055779";1;"13:15";"1";"59";"2";"3";"1";3;50;3
"55780";"202100055780";1;"16:45";"2";"59";"2";"2";"8";3;50;3
"55781";"202100055781";1;"19:45";"5";"56";"2";"1";"1";7;47;-3
"55782";"202100055782";1;"09:45";"1";"56";"2";"2";"1";3;47;-3
"55783";"202100055783";1;"09:10";"1";"55";"2";"6";"8";3;49;5
"55784";"202100055784";1;"21:00";"5";"54";"2";"3";"1";3;48;6
"55785";"202100055785";1;"14:10";"1";"54";"2";"3";"1";6;48;6
"55786";"202100055786";1;"12:10";"1";"54";"2";"2";"1";4;48;6
"55787";"202100055787";1;"14:45";"1";"51";"2";"1";"1";7;49;4
"55788";"202100055788";1;"08:00";"5";"50";"2";"1";"9";2;48;-1
"55789";"202100055789";1;"16:10";"1";"50";"2";"2";"1";6;49;-1