"";"Num_Acc";"mois";"hrmn";"lum";"dep";"agg";"int";"atm";"col";"lat";"long"
"55790";"202100055790";1;"08:50";"2";"49";"2";"2";"1";3;47;0
"55791";"202100055791";1;"07:50";"5";"49";"2";"1";"1";7;47;0
"55792";"202100055792";1;"07:50";"2";"44";"2";"2";"1";1;47;-2
"55793";"202100055793";1;"09:00";"1";"38";"1";"1";"1";3;45;5
"55794";"202100055794";1;"08:30";"1";"38";"2";"2";"1";3;45;5
"55795";"202100055795";1;"21:15";"3";"37";"1";"1";"1";7;47;0
"55796";"202100055796";1;"16:15";"1";"37";"2";"1";"1";7;47;0
"55797";"202100055797";1;"12:57";"1";"35";"2";"4";"1";6;48;-1
"55798";"202100055798";1;"19:25";"5";"34";"2";"1";"1";3;43;3
"55799";"202100055799";1;"19:45";"5";"34";"2";"1";"1";2;43;3
"55800";"202100055800";1;"07:40";"3";"34";"1";"1";"1";5;43;3
"55801";"202100055801";1;"09:25";"1";"33";"2";"6";"7";6;44;0
"55802";"202100055802";1;"12:20";"1";"33";"1";"1";"9";6;44;-1
"55803";"202100055803";1;"08:36";"2";"31";"2";"1";"1";2;43;1
"55804";"202100055804";1;"15:25";"1";"31";"2";"1";"1";6;43;1
"55805";"202100055805";1;"19:10";"5";"31";"2";"1";"1";3;43;1
"55806";"202100055806";1;"15:40";"1";"27";"2";"1";"1";6;49;1
"55807";"202100055807";1;"14:45";"1";"25";"2";"4";"1";6;47;5
"55808";"202100055808";1;"13:25";"1";"24";"2";"1";"1";2;44;0
"55809";"202100055809";1;"11:40";"1";"22";"2";"9";"1";2;48;-2
"55810";"202100055810";1;"11:03";"1";"17";"2";"1";"1";1;45;-1
"55811";"202100055811";1;"14:10";"1";"14";"2";"1";"1";6;49;0
"55812";"202100055812";1;"11:20";"1";"14";"2";"2";"1";3;49;0
"55813";"202100055813";1;"18:15";"5";"13";"2";"1";"1";6;43;5
"55814";"202100055814";1;"12:45";"1";"13";"2";"2";"1";6;43;5
"55815";"202100055815";1;"09:45";"1";"13";"2";"1";"1";6;43;5
"55816";"202100055816";1;"02:25";"5";"13";"2";"1";"1";1;43;5
"55817";"202100055817";1;"17:10";"2";"13";"2";"9";"1";6;43;5
"55818";"202100055818";1;"18:00";"5";"10";"2";"9";"8";1;48;4
"55819";"202100055819";1;"07:50";"2";"10";"2";"2";"8";3;48;4
"55820";"202100055820";1;"09:32";"1";"10";"2";"1";"8";6;48;4
"55821";"202100055821";1;"14:15";"1";"06";"2";"1";"1";2;43;7
"55822";"202100055822";1;"12:30";"1";"75";"2";"1";"1";2;48;2
"55823";"202100055823";1;"14:30";"1";"75";"2";"2";"1";3;48;2
"55824";"202100055824";1;"16:45";"1";"75";"2";"2";"1";3;48;2
"55825";"202100055825";1;"12:45";"1";"75";"2";"2";"1";6;48;2
"55826";"202100055826";1;"01:55";"5";"75";"2";"2";"8";3;48;2
"55827";"202100055827";1;"18:20";"5";"75";"2";"1";"1";6;48;2
"55828";"202100055828";1;"19:47";"3";"75";"2";"2";"1";6;48;2
"55829";"202100055829";1;"12:45";"1";"75";"2";"2";"1";6;48;2
"55830";"202100055830";1;"20:15";"5";"75";"2";"7";"2";7;48;2
"55831";"202100055831";1;"12:15";"1";"94";"2";"1";"1";6;48;2
"55832";"202100055832";1;"07:35";"5";"94";"2";"1";"9";6;48;2
"55833";"202100055833";1;"20:45";"5";"94";"2";"2";"1";3;48;2
"55834";"202100055834";1;"12:35";"1";"94";"2";"1";"1";3;48;2
"55835";"202100055835";1;"18:20";"5";"94";"2";"1";"2";6;48;2
"55836";"202100055836";1;"08:20";"1";"94";"2";"1";"8";3;48;2
"55837";"202100055837";1;"18:00";"5";"94";"2";"1";"1";3;48;2
"55838";"202100055838";1;"15:29";"1";"94";"2";"1";"1";2;48;2
"55839";"202100055839";1;"08:07";"1";"94";"2";"1";"1";1;48;2
"55840";"202100055840";1;"13:40";"1";"94";"2";"1";"8";3;48;2
"55841";"202100055841";1;"14:15";"1";"93";"2";"1";"8";6;48;2
"55842";"202100055842";1;"14:15";"1";"93";"2";"1";"1";6;48;2
"55843";"202100055843";1;"08:35";"1";"93";"2";"1";"8";6;48;2
"55844";"202100055844";1;"17:45";"5";"93";"2";"1";"2";6;48;2
"55845";"202100055845";1;"23:00";"5";"93";"2";"3";"1";1;48;2
"55846";"202100055846";1;"14:24";"1";"93";"2";"1";"1";3;48;2
"55847";"202100055847";1;"10:30";"1";"93";"2";"2";"1";3;48;2
"55848";"202100055848";1;"08:15";"1";"93";"1";"1";"1";1;48;2
"55849";"202100055849";1;"07:00";"5";"93";"2";"3";"2";6;48;2
"55850";"202100055850";1;"13:55";"1";"93";"2";"1";"1";3;48;2
"55851";"202100055851";1;"14:30";"1";"93";"2";"9";"1";6;48;2
"55852";"202100055852";1;"13:00";"1";"93";"2";"3";"1";3;48;2
"55853";"202100055853";1;"09:25";"1";"92";"2";"1";"8";2;48;2
"55854";"202100055854";1;"07:50";"1";"92";"2";"1";"1";7;48;2
"55855";"202100055855";1;"09:45";"1";"92";"2";"9";"8";7;48;2
"55856";"202100055856";1;"05:20";"3";"92";"2";"1";"1";7;48;2
"55857";"202100055857";1;"14:00";"1";"92";"2";"1";"1";7;48;2
"55858";"202100055858";1;"16:50";"1";"92";"2";"9";"1";2;48;2
"55859";"202100055859";1;"16:35";"1";"92";"2";"3";"1";3;48;2
"55860";"202100055860";1;"17:20";"2";"43";"2";"1";"8";6;45;3
"55861";"202100055861";1;"20:55";"3";"974";"1";"1";"2";6;-21;55
"55862";"202100055862";1;"17:57";"5";"12";"2";"1";"1";6;44;2
"55863";"202100055863";1;"17:10";"2";"74";"2";"1";"1";6;45;6
"55864";"202100055864";1;"12:45";"1";"91";"2";"1";"1";2;48;2
"55865";"202100055865";1;"15:10";"1";"50";"1";"9";"7";1;49;-1
"55866";"202100055866";1;"17:40";"5";"63";"2";"1";"1";7;45;3
"55867";"202100055867";1;"17:55";"5";"38";"2";"1";"1";6;45;5
"55868";"202100055868";1;"19:30";"3";"02";"2";"1";"1";6;49;3
"55869";"202100055869";1;"15:15";"1";"16";"2";"1";"1";6;45;0
"55870";"202100055870";1;"16:05";"1";"53";"1";"1";"1";6;48;0
"55871";"202100055871";1;"15:55";"1";"30";"2";"1";"1";5;43;4
"55872";"202100055872";1;"19:25";"5";"973";"2";"9";"3";1;4;-52
"55873";"202100055873";1;"02:42";"3";"30";"1";"1";"1";1;43;4
"55874";"202100055874";1;"19:05";"3";"27";"2";"2";"1";3;49;0
"55875";"202100055875";1;"18:30";"5";"971";"1";"1";"1";6;16;-61
"55876";"202100055876";1;"10:30";"1";"95";"2";"1";"1";3;49;2
"55877";"202100055877";1;"12:20";"1";"04";"1";"9";"1";4;43;5
"55878";"202100055878";1;"19:30";"3";"38";"1";"3";"8";3;45;5
"55879";"202100055879";1;"17:45";"3";"59";"1";"1";"5";7;50;3
"55880";"202100055880";1;"08:00";"2";"38";"1";"1";"1";5;45;5
"55881";"202100055881";1;"20:45";"3";"91";"2";"1";"1";3;48;2
"55882";"202100055882";1;"19:00";"3";"92";"2";"1";"1";2;48;2
"55883";"202100055883";1;"22:00";"3";"78";"1";"1";"1";4;48;1
"55884";"202100055884";1;"19:20";"3";"95";"1";"1";"1";2;48;2
"55885";"202100055885";1;"18:40";"4";"95";"1";"1";"1";6;49;2
"55886";"202100055886";1;"17:00";"2";"93";"1";"1";"2";2;48;2
"55887";"202100055887";1;"08:30";"2";"94";"1";"1";"1";2;48;2
"55888";"202100055888";1;"06:50";"1";"988";"2";"1";"3";3;-22;166
"55889";"202100055889";1;"09:30";"1";"974";"2";"3";"1";3;-20;55
"55890";"202100055890";1;"13:05";"1";"974";"2";"6";"1";6;-20;55
"55891";"202100055891";1;"15:35";"1";"973";"2";"3";"3";3;4;-52
"55892";"202100055892";1;"19:20";"5";"69";"2";"3";"1";6;45;4
"55893";"202100055893";1;"08:15";"2";"69";"2";"2";"1";1;45;4
"55894";"202100055894";1;"16:00";"1";"972";"1";"1";"1";5;14;-61
"55895";"202100055895";1;"15:47";"1";"2B";"2";"1";"1";6;42;9
"55896";"202100055896";1;"14:40";"1";"971";"2";"1";"1";6;16;-61
"55897";"202100055897";1;"00:50";"5";"91";"2";"1";"1";6;48;2
"55898";"202100055898";1;"17:15";"2";"84";"1";"3";"1";5;43;4
"55899";"202100055899";1;"17:40";"5";"80";"2";"2";"1";3;49;2
"55900";"202100055900";1;"12:25";"1";"79";"2";"1";"1";2;46;0
"55901";"202100055901";1;"09:30";"1";"78";"2";"1";"1";1;48;2
"55902";"202100055902";1;"08:15";"1";"77";"2";"9";"8";6;48;2
"55903";"202100055903";1;"17:30";"5";"76";"1";"1";"1";3;49;0
"55904";"202100055904";1;"12:52";"1";"76";"2";"1";"1";1;49;0
"55905";"202100055905";1;"16:00";"1";"64";"2";"6";"1";3;43;-1
"55906";"202100055906";1;"07:45";"5";"64";"2";"1";"1";3;43;-1
"55907";"202100055907";1;"13:55";"1";"63";"2";"6";"1";3;45;3
"55908";"202100055908";1;"18:30";"5";"59";"2";"6";"2";4;50;3
"55909";"202100055909";1;"09:10";"1";"59";"2";"1";"2";6;51;2
"55910";"202100055910";1;"17:45";"3";"59";"2";"1";"2";6;50;3
"55911";"202100055911";1;"07:40";"2";"58";"2";"3";"2";1;46;3
"55912";"202100055912";1;"17:27";"5";"54";"2";"3";"2";6;48;6
"55913";"202100055913";1;"12:55";"1";"54";"2";"3";"2";3;48;6
"55914";"202100055914";1;"13:30";"1";"51";"2";"1";"8";1;49;4
"55915";"202100055915";1;"09:10";"1";"50";"2";"2";"2";6;49;-1
"55916";"202100055916";1;"17:35";"3";"50";"2";"1";"2";6;49;-1
"55917";"202100055917";1;"19:10";"4";"45";"2";"1";"2";6;47;1
"55918";"202100055918";1;"07:00";"5";"44";"2";"6";"1";3;47;-1
"55919";"202100055919";1;"17:55";"5";"37";"2";"2";"1";6;47;0
"55920";"202100055920";1;"11:15";"1";"37";"2";"1";"1";6;47;0
"55921";"202100055921";1;"17:00";"1";"35";"1";"9";"1";4;48;-1
"55922";"202100055922";1;"15:10";"1";"34";"2";"1";"1";3;43;3
"55923";"202100055923";1;"09:00";"1";"33";"2";"2";"1";3;44;0
"55924";"202100055924";1;"15:10";"1";"33";"2";"3";"1";3;44;-1
"55925";"202100055925";1;"08:40";"1";"32";"1";"1";"1";1;43;0
"55926";"202100055926";1;"18:15";"2";"30";"2";"6";"1";3;44;4
"55927";"202100055927";1;"17:55";"3";"29";"2";"1";"1";6;47;-3
"55928";"202100055928";1;"07:50";"5";"24";"2";"1";"1";6;44;0
"55929";"202100055929";1;"21:06";"5";"17";"2";"6";"1";7;46;-1
"55930";"202100055930";1;"16:00";"1";"13";"2";"1";"1";2;43;4
"55931";"202100055931";1;"10:00";"1";"13";"2";"1";"1";3;43;5
"55932";"202100055932";1;"01:00";"5";"13";"2";"6";"1";3;43;5
"55933";"202100055933";1;"10:45";"1";"09";"2";"9";"1";6;42;1
"55934";"202100055934";1;"13:20";"1";"07";"2";"1";"1";7;44;4
"55935";"202100055935";1;"19:45";"5";"75";"2";"1";"2";2;48;2
"55936";"202100055936";1;"13:40";"1";"75";"2";"2";"1";6;48;2
"55937";"202100055937";1;"15:30";"1";"75";"2";"1";"8";7;48;2
"55938";"202100055938";1;"19:30";"5";"75";"2";"2";"1";6;48;2
"55939";"202100055939";1;"16:05";"1";"75";"2";"2";"1";6;48;2
"55940";"202100055940";1;"13:50";"1";"75";"2";"1";"2";7;48;2
"55941";"202100055941";1;"08:22";"1";"75";"2";"1";"2";5;48;2
"55942";"202100055942";1;"14:05";"1";"75";"2";"2";"1";6;48;2
"55943";"202100055943";1;"18:00";"5";"75";"2";"1";"2";3;48;2
"55944";"202100055944";1;"08:05";"2";"75";"2";"7";"2";1;48;2
"55945";"202100055945";1;"18:56";"5";"75";"2";"2";"8";6;48;2
"55946";"202100055946";1;"18:09";"5";"75";"2";"2";"8";6;48;2
"55947";"202100055947";1;"18:15";"5";"75";"2";"3";"2";7;48;2
"55948";"202100055948";1;"11:40";"1";"94";"2";"1";"2";2;48;2
"55949";"202100055949";1;"19:46";"5";"94";"2";"1";"2";6;48;2
"55950";"202100055950";1;"19:10";"5";"94";"2";"9";"2";4;48;2
"55951";"202100055951";1;"18:20";"5";"94";"2";"9";"1";2;48;2
"55952";"202100055952";1;"15:10";"1";"94";"2";"1";"2";6;48;2
"55953";"202100055953";1;"20:30";"5";"94";"2";"3";"1";3;48;2
"55954";"202100055954";1;"00:15";"5";"93";"2";"3";"2";2;48;2
"55955";"202100055955";1;"09:55";"1";"93";"2";"1";"2";3;48;2
"55956";"202100055956";1;"18:10";"5";"93";"2";"2";"1";3;48;2
"55957";"202100055957";1;"06:30";"5";"93";"2";"2";"1";3;48;2
"55958";"202100055958";1;"18:00";"5";"93";"2";"3";"2";6;48;2
"55959";"202100055959";1;"14:35";"1";"93";"2";"1";"1";6;48;2
"55960";"202100055960";1;"11:22";"1";"93";"2";"2";"8";3;48;2
"55961";"202100055961";1;"17:30";"1";"93";"2";"1";"1";1;48;2
"55962";"202100055962";1;"21:00";"5";"93";"2";"9";"2";6;48;2
"55963";"202100055963";1;"15:40";"1";"92";"2";"1";"1";3;48;2
"55964";"202100055964";1;"11:30";"1";"92";"2";"9";"8";6;48;2
"55965";"202100055965";1;"11:41";"1";"92";"2";"7";"1";7;48;2
"55966";"202100055966";1;"12:24";"1";"92";"2";"1";"8";2;48;2
"55967";"202100055967";1;"07:10";"5";"92";"2";"2";"2";3;48;2
"55968";"202100055968";1;"23:47";"5";"92";"2";"1";"2";7;48;2
"55969";"202100055969";1;"19:30";"3";"01";"1";"2";"1";3;45;5
"55970";"202100055970";1;"08:40";"1";"60";"2";"2";"1";1;49;2
"55971";"202100055971";1;"08:00";"2";"57";"2";"1";"9";6;49;6
"55972";"202100055972";1;"13:00";"1";"28";"2";"1";"1";6;48;1
"55973";"202100055973";1;"20:00";"3";"59";"1";"1";"1";6;50;2
"55974";"202100055974";1;"03:45";"4";"74";"1";"1";"1";6;46;5
"55975";"202100055975";1;"07:25";"4";"76";"2";"3";"1";1;49;0
"55976";"202100055976";1;"18:55";"3";"32";"1";"1";"1";6;43;1
"55977";"202100055977";1;"07:55";"2";"89";"2";"2";"2";1;48;3
"55978";"202100055978";1;"12:10";"1";"76";"2";"1";"1";1;50;1
"55979";"202100055979";1;"12:05";"1";"61";"2";"1";"1";6;48;0
"55980";"202100055980";1;"17:45";"3";"61";"1";"3";"1";3;48;0
"55981";"202100055981";1;"09:45";"1";"49";"1";"1";"9";7;47;0
"55982";"202100055982";1;"16:30";"1";"68";"2";"3";"8";3;47;7
"55983";"202100055983";1;"08:50";"2";"38";"1";"4";"5";1;45;5
"55984";"202100055984";1;"22:00";"3";"02";"1";"2";"1";3;49;3
"55985";"202100055985";1;"10:10";"1";"09";"1";"1";"1";2;43;1
"55986";"202100055986";1;"18:50";"5";"60";"2";"4";"9";4;49;1
"55987";"202100055987";1;"16:00";"1";"64";"1";"1";"1";1;43;0
"55988";"202100055988";1;"19:25";"5";"18";"2";"1";"1";1;46;2
"55989";"202100055989";1;"09:15";"1";"40";"1";"1";"9";1;44;-1
"55990";"202100055990";1;"14:00";"1";"976";"2";"1";"1";3;-12;45
"55991";"202100055991";1;"18:45";"3";"22";"1";"3";"1";3;48;-2
"55992";"202100055992";1;"22:15";"3";"988";"1";"3";"1";7;-22;166
"55993";"202100055993";1;"19:30";"3";"986";"2";"9";"1";6;-13;-176
"55994";"202100055994";1;"20:00";"3";"77";"1";"1";"2";1;49;2
"55995";"202100055995";1;"16:20";"1";"77";"2";"4";"1";3;48;2
"55996";"202100055996";1;"04:15";"3";"78";"1";"1";"9";6;48;1
"55997";"202100055997";1;"18:25";"3";"30";"1";"1";"1";6;43;4
"55998";"202100055998";1;"17:15";"5";"06";"2";"6";"8";2;43;7
"55999";"202100055999";1;"18:06";"5";"38";"2";"1";"1";6;45;5
"56000";"202100056000";1;"18:15";"3";"38";"2";"1";"1";1;45;5
"56001";"202100056001";1;"07:55";"2";"26";"2";"9";"1";1;44;4
"56002";"202100056002";1;"08:45";"1";"33";"1";"2";"1";3;44;0
"56003";"202100056003";1;"17:30";"1";"29";"1";"1";"1";2;48;-4
"56004";"202100056004";1;"18:25";"3";"76";"1";"1";"1";1;49;0
"56005";"202100056005";1;"09:20";"1";"60";"1";"2";"1";3;49;1
"56006";"202100056006";1;"06:53";"2";"13";"1";"1";"1";3;43;5
"56007";"202100056007";1;"21:40";"3";"13";"1";"1";"1";3;43;5
"56008";"202100056008";1;"12:50";"1";"33";"1";"1";"1";2;44;0
"56009";"202100056009";1;"07:45";"3";"33";"1";"1";"1";4;44;0
"56010";"202100056010";1;"09:10";"1";"91";"1";"1";"1";7;48;2
"56011";"202100056011";1;"09:10";"1";"91";"1";"1";"2";2;48;2
"56012";"202100056012";1;"08:12";"3";"91";"1";"1";"2";3;48;2
"56013";"202100056013";1;"08:45";"1";"78";"1";"1";"8";2;48;2
"56014";"202100056014";1;"11:45";"1";"93";"1";"1";"1";7;48;2
"56015";"202100056015";1;"12:50";"1";"95";"1";"1";"1";2;49;2
"56016";"202100056016";1;"13:30";"1";"93";"1";"1";"2";3;48;2
"56017";"202100056017";1;"02:20";"3";"976";"1";"1";"1";7;-12;45
"56018";"202100056018";1;"16:30";"1";"974";"1";"1";"1";3;-21;55
"56019";"202100056019";1;"13:45";"1";"69";"2";"2";"1";1;45;4
"56020";"202100056020";1;"08:20";"1";"972";"2";"1";"1";6;14;-61
"56021";"202100056021";1;"17:50";"5";"69";"2";"1";"1";4;45;4
"56022";"202100056022";1;"07:15";"1";"971";"1";"6";"1";6;16;-61
"56023";"202100056023";1;"12:05";"1";"2A";"2";"9";"1";2;41;8
"56024";"202100056024";1;"12:15";"1";"95";"2";"4";"1";3;48;2
"56025";"202100056025";1;"16:27";"2";"95";"1";"1";"8";6;48;2
"56026";"202100056026";1;"18:25";"5";"91";"2";"6";"1";3;48;2
"56027";"202100056027";1;"13:50";"1";"91";"2";"2";"2";3;48;2
"56028";"202100056028";1;"06:55";"5";"91";"2";"2";"1";6;48;2
"56029";"202100056029";1;"19:30";"2";"87";"2";"1";"1";1;45;1
"56030";"202100056030";1;"17:28";"2";"87";"2";"1";"1";7;45;1
"56031";"202100056031";1;"19:30";"2";"87";"2";"1";"1";7;45;1
"56032";"202100056032";1;"12:20";"1";"85";"2";"1";"4";6;46;-1
"56033";"202100056033";1;"19:25";"5";"83";"2";"3";"1";6;43;5
"56034";"202100056034";1;"13:30";"1";"80";"2";"3";"2";3;49;2
"56035";"202100056035";2;"06:20";"2";"76";"2";"1";"1";2;49;1
"56036";"202100056036";1;"18:43";"5";"73";"2";"6";"1";3;45;5
"56037";"202100056037";1;"16:05";"1";"69";"2";"3";"8";6;45;4
"56038";"202100056038";1;"11:55";"1";"69";"2";"6";"1";6;45;4
"56039";"202100056039";1;"11:50";"1";"59";"2";"1";"1";6;50;3
"56040";"202100056040";1;"18:00";"5";"56";"2";"6";"1";2;47;-2
"56041";"202100056041";1;"11:15";"1";"56";"2";"3";"1";3;47;-3
"56042";"202100056042";1;"10:14";"1";"56";"2";"1";"1";1;47;-3
"56043";"202100056043";1;"17:04";"5";"54";"2";"1";"4";2;48;6
"56044";"202100056044";1;"17:00";"5";"54";"2";"1";"2";4;48;6
"56045";"202100056045";1;"19:46";"5";"49";"2";"1";"1";1;47;0
"56046";"202100056046";1;"17:57";"5";"49";"2";"1";"2";2;47;0
"56047";"202100056047";1;"12:25";"1";"41";"2";"1";"1";6;47;1
"56048";"202100056048";1;"18:20";"5";"35";"2";"2";"1";3;48;-1
"56049";"202100056049";1;"14:50";"1";"35";"2";"6";"1";3;48;-1
"56050";"202100056050";1;"13:30";"1";"35";"2";"9";"8";6;48;-1
"56051";"202100056051";1;"22:10";"5";"29";"2";"3";"1";1;47;-4
"56052";"202100056052";1;"14:40";"1";"27";"2";"1";"1";6;49;1
"56053";"202100056053";1;"13:30";"1";"16";"2";"1";"1";6;45;0
"56054";"202100056054";1;"18:36";"3";"13";"1";"1";"1";5;43;5
"56055";"202100056055";1;"17:30";"1";"13";"2";"1";"1";4;43;5
"56056";"202100056056";1;"10:45";"1";"13";"2";"1";"1";2;43;5
"56057";"202100056057";1;"18:50";"5";"13";"2";"1";"1";1;43;5
"56058";"202100056058";1;"07:37";"3";"10";"2";"4";"1";6;48;4
"56059";"202100056059";1;"22:45";"3";"06";"2";"1";"1";7;43;6
"56060";"202100056060";1;"15:10";"1";"06";"1";"1";"1";7;43;6
"56061";"202100056061";1;"20:35";"5";"75";"2";"4";"1";4;48;2
"56062";"202100056062";1;"15:20";"1";"75";"2";"1";"1";2;48;2
"56063";"202100056063";1;"10:30";"1";"75";"2";"3";"8";2;48;2
"56064";"202100056064";1;"21:20";"5";"75";"2";"3";"1";5;48;2
"56065";"202100056065";1;"10:00";"1";"75";"2";"7";"2";7;48;2
"56066";"202100056066";1;"16:00";"1";"75";"2";"5";"1";2;48;2
"56067";"202100056067";1;"14:00";"1";"75";"2";"1";"8";3;48;2
"56068";"202100056068";1;"07:42";"5";"75";"2";"2";"1";5;48;2
"56069";"202100056069";1;"16:15";"2";"75";"2";"5";"8";3;48;2
"56070";"202100056070";1;"13:15";"1";"75";"2";"1";"8";2;48;2
"56071";"202100056071";1;"16:30";"2";"75";"2";"1";"2";6;48;2
"56072";"202100056072";1;"09:40";"2";"75";"2";"1";"2";2;48;2
"56073";"202100056073";1;"01:35";"5";"75";"2";"2";"2";3;48;2
"56074";"202100056074";1;"12:30";"1";"94";"2";"3";"1";1;48;2
"56075";"202100056075";1;"09:00";"1";"94";"2";"3";"1";3;48;2
"56076";"202100056076";1;"11:05";"1";"94";"2";"1";"1";2;48;2
"56077";"202100056077";1;"06:30";"5";"94";"2";"1";"1";3;48;2
"56078";"202100056078";1;"09:20";"5";"94";"2";"1";"1";3;48;2
"56079";"202100056079";1;"18:05";"5";"92";"2";"1";"2";7;48;2
"56080";"202100056080";1;"13:00";"1";"92";"2";"1";"1";3;48;2
"56081";"202100056081";1;"17:54";"5";"75";"2";"1";"1";3;48;2
"56082";"202100056082";1;"09:40";"1";"92";"2";"6";"2";7;48;2
"56083";"202100056083";1;"20:25";"5";"92";"2";"1";"1";3;48;2
"56084";"202100056084";1;"08:15";"5";"92";"2";"1";"8";5;48;2
"56085";"202100056085";1;"08:10";"2";"92";"2";"1";"2";6;48;2
"56086";"202100056086";1;"16:30";"1";"62";"2";"1";"1";6;50;2
"56087";"202100056087";1;"19:50";"5";"41";"2";"2";"1";3;47;1
"56088";"202100056088";1;"16:51";"1";"64";"2";"3";"1";7;43;0
"56089";"202100056089";1;"08:30";"4";"35";"1";"3";"8";3;47;-1
"56090";"202100056090";1;"08:35";"1";"974";"2";"1";"1";3;-21;55
"56091";"202100056091";1;"13:10";"1";"59";"2";"1";"2";6;50;4
"56092";"202100056092";1;"13:00";"1";"79";"1";"1";"8";6;46;0
"56093";"202100056093";1;"12:00";"1";"71";"1";"1";"8";1;46;4
"56094";"202100056094";1;"18:20";"5";"80";"2";"1";"1";6;50;1
"56095";"202100056095";1;"06:40";"3";"49";"1";"1";"1";6;47;-1
"56096";"202100056096";1;"15:00";"1";"34";"1";"1";"1";1;43;3
"56097";"202100056097";1;"17:00";"2";"22";"2";"1";"5";3;48;-3
"56098";"202100056098";1;"08:50";"1";"25";"2";"3";"8";6;47;6
"56099";"202100056099";1;"14:30";"1";"31";"2";"3";"1";3;43;1
"56100";"202100056100";1;"15:45";"1";"50";"1";"1";"1";2;49;-1
"56101";"202100056101";1;"07:05";"5";"43";"2";"1";"8";6;45;4
"56102";"202100056102";1;"08:05";"2";"10";"2";"1";"2";6;48;4
"56103";"202100056103";1;"22:00";"3";"52";"1";"1";"8";6;47;5
"56104";"202100056104";1;"20:05";"3";"31";"1";"1";"1";2;43;1
"56105";"202100056105";1;"18:20";"3";"72";"1";"1";"1";2;48;0
"56106";"202100056106";1;"08:15";"2";"53";"1";"1";"5";1;48;-1
"56107";"202100056107";1;"15:20";"1";"13";"1";"1";"1";3;43;5
"56108";"202100056108";1;"01:45";"3";"971";"1";"2";"1";6;16;-61
"56109";"202100056109";1;"16:35";"1";"91";"1";"2";"8";3;48;2
"56110";"202100056110";1;"16:30";"1";"84";"1";"1";"8";1;44;4
"56111";"202100056111";1;"11:45";"1";"04";"1";"1";"1";7;44;6
"56112";"202100056112";1;"10:15";"1";"67";"2";"1";"5";6;48;7
"56113";"202100056113";1;"10:48";"1";"67";"2";"1";"2";1;48;7
"56114";"202100056114";1;"11:55";"1";"67";"2";"6";"1";7;48;7
"56115";"202100056115";1;"18:10";"5";"67";"2";"1";"2";6;48;7
"56116";"202100056116";1;"00:30";"5";"74";"2";"6";"1";6;46;6
"56117";"202100056117";1;"13:15";"1";"33";"2";"2";"1";3;44;0
"56118";"202100056118";1;"07:30";"2";"22";"1";"1";"1";3;48;-2
"56119";"202100056119";1;"11:00";"1";"13";"1";"1";"2";7;43;5
"56120";"202100056120";1;"09:38";"1";"13";"1";"1";"1";6;43;5
"56121";"202100056121";1;"10:25";"1";"94";"1";"1";"1";4;48;2
"56122";"202100056122";1;"21:30";"3";"91";"1";"1";"1";3;48;2
"56123";"202100056123";1;"20:55";"3";"92";"1";"1";"1";2;48;2
"56124";"202100056124";1;"07:30";"2";"95";"1";"1";"1";2;48;2
"56125";"202100056125";1;"20:30";"3";"93";"1";"1";"2";2;48;2
"56126";"202100056126";1;"19:30";"3";"93";"1";"1";"1";3;48;2
"56127";"202100056127";1;"14:20";"1";"93";"1";"1";"8";6;48;2
"56128";"202100056128";1;"09:40";"2";"95";"1";"1";"2";6;48;2
"56129";"202100056129";1;"08:50";"1";"93";"1";"1";"8";5;48;2
"56130";"202100056130";1;"03:12";"5";"988";"1";"1";"1";6;-22;166
"56131";"202100056131";1;"14:00";"1";"988";"2";"3";"1";6;-22;166
"56132";"202100056132";1;"19:30";"5";"974";"2";"3";"1";3;-20;55
"56133";"202100056133";1;"00:45";"5";"974";"2";"2";"1";3;-20;55
"56134";"202100056134";1;"06:28";"2";"973";"2";"1";"1";3;4;-52
"56135";"202100056135";1;"20:50";"5";"69";"2";"2";"1";6;45;4
"56136";"202100056136";1;"17:40";"5";"69";"2";"1";"1";5;45;4
"56137";"202100056137";1;"22:05";"3";"971";"1";"6";"1";3;16;-61
"56138";"202100056138";1;"12:30";"1";"2A";"1";"1";"1";2;41;8
"56139";"202100056139";1;"18:45";"5";"95";"2";"9";"2";1;48;2
"56140";"202100056140";1;"17:40";"2";"91";"2";"3";"2";3;48;2
"56141";"202100056141";1;"20:20";"5";"80";"2";"1";"1";6;49;2
"56142";"202100056142";1;"13:13";"1";"77";"2";"3";"1";3;48;2
"56143";"202100056143";1;"15:05";"1";"77";"1";"9";"2";3;48;2
"56144";"202100056144";1;"18:05";"5";"67";"2";"3";"8";6;48;7
"56145";"202100056145";1;"14:05";"1";"67";"2";"8";"8";6;48;7
"56146";"202100056146";1;"14:47";"1";"66";"2";"2";"1";3;42;2
"56147";"202100056147";1;"16:53";"1";"64";"2";"1";"2";7;43;-1
"56148";"202100056148";1;"07:40";"3";"62";"2";"2";"1";3;50;2
"56149";"202100056149";1;"16:40";"2";"59";"2";"2";"1";7;50;3
"56150";"202100056150";1;"16:55";"5";"59";"2";"3";"1";3;50;3
"56151";"202100056151";1;"17:50";"5";"58";"2";"3";"2";3;46;3
"56152";"202100056152";1;"16:33";"2";"57";"2";"1";"1";2;49;6
"56153";"202100056153";1;"18:50";"5";"56";"2";"1";"8";6;47;-2
"56154";"202100056154";1;"12:45";"1";"56";"2";"3";"1";3;47;-2