"";"Num_Acc";"mois";"hrmn";"lum";"dep";"agg";"int";"atm";"col";"lat";"long"
"56155";"202100056155";1;"11:30";"1";"54";"2";"2";"1";6;48;6
"56156";"202100056156";1;"17:37";"1";"52";"2";"1";"1";6;48;5
"56157";"202100056157";1;"16:56";"1";"51";"2";"1";"1";7;49;4
"56158";"202100056158";1;"14:45";"1";"51";"2";"1";"8";7;49;4
"56159";"202100056159";1;"04:40";"3";"50";"1";"1";"8";6;49;-1
"56160";"202100056160";1;"12:35";"1";"50";"2";"3";"2";3;49;-1
"56161";"202100056161";1;"17:05";"5";"50";"2";"2";"3";1;49;-1
"56162";"202100056162";1;"06:26";"5";"49";"2";"1";"1";6;47;0
"56163";"202100056163";1;"17:19";"1";"49";"2";"1";"2";3;47;0
"56164";"202100056164";1;"13:48";"1";"49";"1";"1";"1";7;47;0
"56165";"202100056165";1;"06:30";"3";"34";"1";"1";"1";6;43;3
"56166";"202100056166";1;"09:00";"1";"33";"2";"1";"8";6;44;0
"56167";"202100056167";1;"14:55";"1";"26";"2";"1";"1";3;44;4
"56168";"202100056168";1;"17:30";"2";"17";"1";"3";"1";3;46;-1
"56169";"202100056169";1;"17:30";"5";"13";"2";"1";"1";6;43;5
"56170";"202100056170";1;"18:30";"5";"13";"2";"1";"2";2;43;5
"56171";"202100056171";1;"09:05";"1";"10";"2";"6";"8";6;48;4
"56172";"202100056172";1;"23:20";"5";"06";"2";"2";"1";3;43;7
"56173";"202100056173";1;"10:30";"1";"06";"2";"1";"8";6;43;7
"56174";"202100056174";1;"18:25";"4";"75";"2";"4";"1";2;48;2
"56175";"202100056175";1;"18:40";"5";"75";"2";"1";"1";4;48;2
"56176";"202100056176";1;"18:20";"5";"75";"2";"1";"1";6;48;2
"56177";"202100056177";1;"15:00";"1";"75";"2";"1";"8";7;48;2
"56178";"202100056178";1;"11:00";"1";"75";"2";"1";"1";3;48;2
"56179";"202100056179";1;"09:50";"1";"75";"2";"2";"2";6;48;2
"56180";"202100056180";1;"19:40";"5";"75";"2";"3";"2";6;48;2
"56181";"202100056181";1;"17:30";"5";"75";"2";"1";"1";6;48;2
"56182";"202100056182";1;"08:45";"2";"75";"2";"1";"2";3;48;2
"56183";"202100056183";1;"19:10";"3";"75";"2";"1";"1";3;48;2
"56184";"202100056184";1;"17:35";"5";"75";"2";"1";"1";7;48;2
"56185";"202100056185";1;"08:40";"2";"94";"2";"1";"1";3;48;2
"56186";"202100056186";1;"10:40";"1";"94";"2";"1";"8";3;48;2
"56187";"202100056187";1;"09:45";"1";"93";"2";"3";"8";6;48;2
"56188";"202100056188";1;"15:10";"1";"93";"2";"2";"2";3;48;2
"56189";"202100056189";1;"18:30";"5";"93";"2";"1";"1";3;48;2
"56190";"202100056190";1;"14:03";"1";"93";"2";"3";"1";3;48;2
"56191";"202100056191";1;"08:20";"1";"93";"2";"6";"2";3;48;2
"56192";"202100056192";1;"12:25";"1";"93";"2";"2";"2";6;48;2
"56193";"202100056193";1;"20:00";"5";"92";"2";"6";"2";7;48;2
"56194";"202100056194";1;"19:30";"5";"92";"2";"3";"1";3;48;2
"56195";"202100056195";1;"06:25";"5";"75";"2";"2";"1";2;48;2
"56196";"202100056196";1;"19:06";"5";"92";"2";"2";"1";6;48;2
"56197";"202100056197";1;"20:00";"5";"92";"2";"2";"1";3;48;2
"56198";"202100056198";1;"14:25";"1";"14";"1";"1";"8";6;48;0
"56199";"202100056199";1;"07:30";"3";"41";"1";"1";"2";2;47;1
"56200";"202100056200";1;"13:05";"1";"58";"1";"1";"2";6;47;2
"56201";"202100056201";1;"10:30";"1";"66";"2";"1";"1";6;42;2
"56202";"202100056202";1;"20:13";"3";"33";"1";"1";"9";6;44;0
"56203";"202100056203";1;"13:00";"1";"41";"1";"1";"8";7;47;1
"56204";"202100056204";1;"15:00";"1";"35";"2";"1";"1";6;47;-2
"56205";"202100056205";1;"15:10";"1";"03";"1";"2";"1";3;46;3
"56206";"202100056206";1;"15:45";"1";"50";"1";"3";"1";3;49;-1
"56207";"202100056207";1;"14:45";"1";"64";"1";"1";"1";7;43;0
"56208";"202100056208";1;"08:00";"2";"10";"1";"1";"1";6;48;3
"56209";"202100056209";1;"11:30";"1";"16";"1";"1";"2";6;45;0
"56210";"202100056210";1;"17:35";"2";"16";"1";"1";"1";1;45;0
"56211";"202100056211";1;"18:00";"5";"37";"2";"3";"2";3;47;0
"56212";"202100056212";1;"17:25";"1";"30";"1";"1";"1";1;43;4
"56213";"202100056213";1;"15:55";"1";"13";"1";"1";"1";2;43;5
"56214";"202100056214";1;"19:00";"3";"977";"1";"1";"1";1;17;-62
"56215";"202100056215";1;"15:25";"1";"95";"1";"1";"8";7;49;2
"56216";"202100056216";1;"17:50";"3";"84";"1";"9";"1";1;44;4
"56217";"202100056217";1;"14:00";"1";"13";"2";"1";"1";6;43;5
"56218";"202100056218";1;"18:16";"3";"73";"1";"1";"1";7;45;6
"56219";"202100056219";1;"17:30";"3";"44";"1";"9";"1";2;47;-1
"56220";"202100056220";1;"18:45";"3";"69";"1";"2";"1";3;45;4
"56221";"202100056221";1;"16:45";"1";"14";"2";"1";"1";6;49;0
"56222";"202100056222";1;"08:15";"1";"02";"2";"9";"1";3;49;3
"56223";"202100056223";1;"15:40";"1";"59";"2";"1";"1";6;50;2
"56224";"202100056224";1;"17:45";"5";"13";"1";"9";"1";2;43;5
"56225";"202100056225";1;"18:35";"5";"13";"1";"1";"1";6;43;5
"56226";"202100056226";1;"18:00";"5";"13";"1";"1";"1";2;43;5
"56227";"202100056227";1;"17:40";"5";"33";"1";"1";"1";4;44;0
"56228";"202100056228";1;"19:15";"3";"91";"1";"1";"1";3;48;2
"56229";"202100056229";1;"13:00";"1";"91";"1";"1";"1";7;48;2
"56230";"202100056230";1;"19:00";"3";"92";"1";"1";"1";4;48;2
"56231";"202100056231";1;"07:39";"1";"988";"2";"6";"1";3;-22;166
"56232";"202100056232";1;"21:00";"3";"974";"2";"9";"2";7;-20;55
"56233";"202100056233";1;"19:00";"1";"974";"1";"1";"1";3;-20;55
"56234";"202100056234";1;"13:40";"1";"69";"2";"1";"1";6;45;4
"56235";"202100056235";1;"09:00";"1";"69";"2";"1";"1";7;45;4
"56236";"202100056236";1;"17:00";"1";"972";"2";"2";"1";3;14;-61
"56237";"202100056237";1;"16:55";"2";"2B";"2";"1";"1";6;42;9
"56238";"202100056238";1;"07:55";"1";"2B";"2";"1";"1";2;42;9
"56239";"202100056239";1;"16:20";"1";"91";"2";"2";"1";3;48;2
"56240";"202100056240";1;"18:50";"5";"86";"2";"1";"1";6;46;0
"56241";"202100056241";1;"14:50";"1";"86";"2";"1";"1";3;46;0
"56242";"202100056242";1;"02:35";"3";"85";"2";"2";"1";7;46;-1
"56243";"202100056243";1;"13:45";"1";"83";"2";"1";"2";3;43;5
"56244";"202100056244";1;"07:45";"5";"77";"2";"1";"1";6;48;2
"56245";"202100056245";1;"17:30";"5";"76";"2";"1";"1";4;49;1
"56246";"202100056246";1;"15:15";"1";"76";"2";"3";"1";1;49;0
"56247";"202100056247";1;"13:37";"1";"65";"2";"2";"1";3;43;0
"56248";"202100056248";1;"07:50";"5";"64";"2";"6";"8";3;43;0
"56249";"202100056249";1;"15:30";"1";"64";"2";"9";"2";7;43;-1
"56250";"202100056250";1;"05:40";"5";"63";"2";"3";"1";6;45;3
"56251";"202100056251";1;"19:38";"5";"63";"2";"1";"1";6;45;3
"56252";"202100056252";1;"16:05";"2";"62";"2";"6";"1";6;50;2
"56253";"202100056253";1;"08:43";"2";"59";"2";"1";"2";6;50;2
"56254";"202100056254";1;"04:30";"5";"59";"2";"1";"1";6;50;3
"56255";"202100056255";1;"14:45";"1";"56";"2";"1";"1";6;47;-3
"56256";"202100056256";1;"17:50";"5";"54";"2";"1";"1";1;48;6
"56257";"202100056257";1;"18:35";"5";"50";"2";"3";"1";6;49;-1
"56258";"202100056258";1;"12:55";"1";"50";"1";"1";"8";6;49;-1
"56259";"202100056259";1;"17:55";"5";"37";"2";"1";"2";6;47;0
"56260";"202100056260";1;"13:00";"1";"37";"2";"1";"1";6;47;0
"56261";"202100056261";1;"09:15";"1";"37";"2";"6";"2";2;47;0
"56262";"202100056262";1;"17:30";"2";"35";"2";"1";"2";3;48;-1
"56263";"202100056263";1;"07:23";"3";"35";"1";"1";"2";3;48;-1
"56264";"202100056264";1;"14:50";"1";"34";"2";"1";"1";3;43;3
"56265";"202100056265";1;"12:15";"1";"31";"2";"1";"1";3;43;1
"56266";"202100056266";1;"08:00";"3";"27";"1";"1";"2";2;49;1
"56267";"202100056267";1;"15:57";"1";"25";"2";"1";"1";6;47;6
"56268";"202100056268";1;"16:20";"1";"13";"2";"2";"8";6;43;5
"56269";"202100056269";1;"12:20";"1";"13";"2";"3";"2";1;43;5
"56270";"202100056270";1;"08:45";"1";"13";"2";"1";"3";6;43;5
"56271";"202100056271";1;"08:00";"2";"13";"2";"1";"4";6;43;4
"56272";"202100056272";1;"10:25";"1";"13";"1";"9";"4";5;43;4
"56273";"202100056273";1;"15:41";"1";"05";"1";"4";"1";3;44;6
"56274";"202100056274";1;"21:00";"5";"05";"2";"6";"4";3;44;6
"56275";"202100056275";1;"05:52";"5";"75";"2";"2";"1";6;48;2
"56276";"202100056276";1;"18:25";"5";"75";"2";"3";"2";3;48;2
"56277";"202100056277";1;"18:05";"5";"75";"2";"1";"1";6;48;2
"56278";"202100056278";1;"22:50";"5";"75";"2";"3";"1";3;48;2
"56279";"202100056279";1;"09:30";"1";"75";"2";"1";"8";2;48;2
"56280";"202100056280";1;"11:14";"1";"75";"2";"3";"2";7;48;2
"56281";"202100056281";1;"20:15";"5";"75";"2";"1";"8";7;48;2
"56282";"202100056282";1;"15:20";"1";"75";"2";"1";"1";6;48;2
"56283";"202100056283";1;"19:40";"5";"75";"2";"4";"1";6;48;2
"56284";"202100056284";1;"18:15";"5";"94";"2";"1";"1";6;48;2
"56285";"202100056285";1;"14:40";"1";"94";"2";"1";"1";3;48;2
"56286";"202100056286";1;"13:25";"1";"94";"2";"9";"8";5;48;2
"56287";"202100056287";1;"14:40";"1";"93";"2";"3";"8";3;48;2
"56288";"202100056288";1;"15:00";"1";"93";"2";"2";"1";1;48;2
"56289";"202100056289";1;"18:15";"5";"93";"2";"1";"1";2;48;2
"56290";"202100056290";1;"08:10";"2";"93";"2";"3";"1";3;48;2
"56291";"202100056291";1;"13:30";"1";"93";"2";"1";"1";3;48;2
"56292";"202100056292";1;"04:15";"5";"93";"2";"1";"2";6;48;2
"56293";"202100056293";1;"14:20";"1";"93";"2";"3";"1";3;48;2
"56294";"202100056294";1;"18:12";"5";"93";"2";"1";"2";6;48;2
"56295";"202100056295";1;"10:10";"1";"93";"2";"1";"1";6;48;2
"56296";"202100056296";1;"17:10";"2";"92";"2";"1";"8";1;48;2
"56297";"202100056297";1;"15:10";"1";"92";"2";"2";"1";6;48;2
"56298";"202100056298";1;"21:00";"5";"92";"2";"1";"1";3;48;2
"56299";"202100056299";1;"09:07";"1";"07";"2";"1";"1";4;44;4
"56300";"202100056300";1;"17:05";"2";"34";"2";"6";"1";3;43;3
"56301";"202100056301";1;"17:40";"2";"34";"2";"6";"8";6;43;3
"56302";"202100056302";1;"19:15";"5";"95";"1";"6";"2";7;49;2
"56303";"202100056303";1;"17:40";"2";"56";"1";"1";"1";1;47;-2
"56304";"202100056304";1;"15:00";"1";"76";"1";"1";"1";6;49;0
"56305";"202100056305";1;"08:30";"1";"79";"1";"1";"8";6;46;0
"56306";"202100056306";1;"17:20";"2";"71";"2";"1";"1";6;46;4
"56307";"202100056307";1;"14:50";"1";"47";"2";"1";"1";2;44;0
"56308";"202100056308";1;"21:00";"3";"44";"1";"1";"9";6;46;-1
"56309";"202100056309";1;"08:30";"2";"29";"2";"1";"2";6;48;-4
"56310";"202100056310";1;"18:30";"5";"50";"2";"1";"3";6;49;-1
"56311";"202100056311";1;"15:45";"1";"43";"1";"1";"4";1;45;4
"56312";"202100056312";1;"16:40";"1";"24";"2";"1";"1";3;44;1
"56313";"202100056313";1;"21:55";"5";"976";"2";"1";"1";1;-12;45
"56314";"202100056314";1;"14:45";"1";"59";"1";"1";"1";7;50;3
"56315";"202100056315";1;"18:08";"5";"77";"2";"1";"2";5;49;2
"56316";"202100056316";1;"08:00";"2";"16";"1";"1";"1";2;45;0
"56317";"202100056317";1;"18:30";"5";"44";"2";"1";"1";3;47;-2
"56318";"202100056318";1;"12:20";"1";"60";"2";"1";"2";6;49;2
"56319";"202100056319";1;"07:45";"2";"59";"1";"1";"2";1;50;2
"56320";"202100056320";1;"19:00";"3";"94";"1";"1";"1";6;48;2
"56321";"202100056321";1;"08:30";"2";"93";"1";"1";"2";4;48;2
"56322";"202100056322";1;"21:50";"3";"93";"1";"1";"1";5;48;2
"56323";"202100056323";1;"23:34";"3";"77";"1";"1";"2";6;48;2
"56324";"202100056324";1;"11:28";"1";"988";"2";"3";"1";2;-22;166
"56325";"202100056325";1;"08:15";"1";"974";"2";"3";"1";3;-21;55
"56326";"202100056326";1;"19:20";"5";"973";"2";"1";"1";3;4;-52
"56327";"202100056327";1;"17:30";"5";"69";"2";"5";"1";6;45;4
"56328";"202100056328";1;"08:45";"1";"972";"2";"1";"1";7;14;-61
"56329";"202100056329";1;"22:06";"4";"972";"1";"1";"1";6;14;-61
"56330";"202100056330";1;"08:40";"1";"69";"2";"6";"2";6;45;4
"56331";"202100056331";1;"22:27";"5";"95";"1";"9";"8";1;49;2
"56332";"202100056332";1;"19:05";"3";"91";"1";"6";"1";2;48;2
"56333";"202100056333";1;"12:25";"1";"77";"2";"6";"1";3;48;2
"56334";"202100056334";1;"13:30";"1";"69";"2";"1";"1";1;45;4
"56335";"202100056335";1;"00:00";"5";"69";"2";"5";"1";3;45;4
"56336";"202100056336";1;"08:10";"5";"64";"2";"4";"2";3;43;-1
"56337";"202100056337";1;"12:30";"1";"59";"2";"1";"1";6;50;3
"56338";"202100056338";1;"15:55";"1";"59";"1";"1";"1";1;50;2
"56339";"202100056339";1;"15:20";"1";"54";"2";"1";"2";7;48;6
"56340";"202100056340";1;"15:10";"1";"15";"2";"2";"1";3;44;2
"56341";"202100056341";1;"19:15";"5";"13";"2";"2";"2";3;43;5
"56342";"202100056342";1;"18:25";"2";"13";"2";"1";"2";3;43;5
"56343";"202100056343";1;"01:10";"5";"13";"2";"1";"2";2;43;5
"56344";"202100056344";1;"09:40";"1";"13";"2";"1";"3";3;43;5
"56345";"202100056345";1;"11:10";"1";"75";"2";"1";"9";7;48;2
"56346";"202100056346";1;"18:20";"5";"94";"2";"1";"1";7;48;2
"56347";"202100056347";1;"19:00";"5";"94";"2";"1";"2";6;48;2
"56348";"202100056348";1;"16:10";"2";"92";"2";"1";"1";3;48;2
"56349";"202100056349";1;"20:00";"5";"92";"2";"1";"2";6;48;2
"56350";"202100056350";1;"01:10";"5";"92";"2";"1";"1";6;48;2
"56351";"202100056351";1;"17:15";"2";"80";"2";"2";"2";3;49;2
"56352";"202100056352";1;"18:15";"3";"37";"1";"1";"1";6;47;0
"56353";"202100056353";1;"09:50";"1";"88";"1";"3";"1";3;48;6
"56354";"202100056354";1;"08:37";"2";"34";"1";"1";"8";5;43;3
"56355";"202100056355";1;"23:15";"3";"77";"1";"1";"4";6;48;3
"56356";"202100056356";1;"21:00";"3";"61";"1";"1";"8";7;48;0
"56357";"202100056357";1;"18:00";"3";"49";"1";"3";"1";3;47;0
"56358";"202100056358";1;"21:05";"3";"46";"1";"1";"9";6;44;1
"56359";"202100056359";1;"18:30";"3";"34";"1";"2";"1";3;43;3
"56360";"202100056360";1;"05:05";"3";"29";"1";"1";"1";6;48;-3
"56361";"202100056361";1;"17:20";"2";"14";"1";"1";"2";6;49;0
"56362";"202100056362";1;"08:20";"1";"64";"2";"3";"1";1;43;0
"56363";"202100056363";1;"15:30";"1";"07";"2";"1";"1";6;44;4
"56364";"202100056364";1;"18:45";"3";"40";"1";"1";"4";4;43;-1
"56365";"202100056365";1;"07:35";"3";"67";"1";"1";"1";2;48;7
"56366";"202100056366";1;"05:15";"3";"30";"1";"1";"4";2;43;4
"56367";"202100056367";1;"18:30";"3";"13";"1";"1";"1";2;43;5
"56368";"202100056368";1;"16:41";"2";"13";"1";"1";"5";2;43;5
"56369";"202100056369";1;"03:30";"5";"988";"2";"1";"3";6;-21;164
"56370";"202100056370";1;"10:20";"1";"988";"1";"1";"3";7;-20;164
"56371";"202100056371";1;"11:45";"1";"988";"1";"1";"1";7;-22;167
"56372";"202100056372";1;"08:05";"2";"91";"2";"1";"5";1;48;2
"56373";"202100056373";1;"19:50";"5";"84";"2";"1";"8";3;43;4
"56374";"202100056374";1;"12:00";"1";"38";"1";"1";"4";4;45;5
"56375";"202100056375";1;"08:15";"2";"16";"1";"1";"5";6;45;0
"56376";"202100056376";1;"10:10";"1";"59";"2";"1";"1";7;50;4
"56377";"202100056377";1;"15:15";"1";"13";"1";"1";"8";3;43;5
"56378";"202100056378";1;"04:40";"5";"42";"1";"9";"9";3;45;4
"56379";"202100056379";1;"16:00";"2";"91";"1";"1";"1";2;48;2
"56380";"202100056380";1;"20:30";"3";"91";"1";"1";"9";4;48;2
"56381";"202100056381";1;"22:30";"5";"91";"2";"1";"1";3;48;2
"56382";"202100056382";1;"11:05";"1";"78";"1";"1";"1";2;48;2
"56383";"202100056383";1;"20:50";"3";"93";"1";"1";"2";6;48;2
"56384";"202100056384";1;"19:20";"4";"93";"1";"1";"1";2;48;2
"56385";"202100056385";1;"17:30";"2";"95";"1";"1";"1";6;49;2
"56386";"202100056386";1;"07:58";"1";"988";"2";"2";"1";3;-22;166
"56387";"202100056387";1;"19:00";"5";"976";"2";"1";"1";2;-12;45
"56388";"202100056388";1;"22:00";"5";"69";"2";"2";"1";3;45;4
"56389";"202100056389";1;"18:45";"5";"972";"2";"1";"1";2;14;-61
"56390";"202100056390";1;"16:10";"1";"972";"1";"4";"1";6;14;-61
"56391";"202100056391";1;"14:40";"1";"972";"2";"1";"1";1;14;-61
"56392";"202100056392";1;"20:14";"5";"69";"2";"3";"1";3;45;4
"56393";"202100056393";1;"19:12";"5";"971";"1";"3";"1";3;16;-61
"56394";"202100056394";1;"12:50";"1";"95";"2";"1";"1";6;48;2
"56395";"202100056395";1;"22:10";"3";"91";"2";"1";"1";6;48;2
"56396";"202100056396";1;"16:25";"1";"74";"1";"1";"2";1;46;6
"56397";"202100056397";1;"17:25";"2";"71";"2";"2";"1";3;46;4
"56398";"202100056398";1;"03:30";"5";"69";"2";"4";"2";2;45;4
"56399";"202100056399";1;"08:45";"1";"64";"2";"1";"1";6;43;-1
"56400";"202100056400";1;"19:20";"5";"64";"2";"1";"1";4;43;-1
"56401";"202100056401";1;"19:45";"5";"59";"2";"1";"1";6;50;3
"56402";"202100056402";1;"02:00";"5";"59";"2";"2";"8";3;50;3
"56403";"202100056403";1;"14:50";"1";"54";"2";"1";"1";2;48;6
"56404";"202100056404";1;"16:55";"5";"54";"2";"2";"1";3;48;6
"56405";"202100056405";1;"00:50";"5";"38";"2";"2";"2";6;45;5
"56406";"202100056406";1;"03:30";"5";"37";"2";"1";"1";6;47;0
"56407";"202100056407";1;"18:00";"3";"29";"1";"1";"1";5;48;-4
"56408";"202100056408";1;"13:20";"1";"29";"2";"2";"1";5;47;-4
"56409";"202100056409";1;"19:25";"3";"29";"1";"1";"3";7;48;-3
"56410";"202100056410";1;"21:10";"5";"29";"2";"3";"1";3;48;-4
"56411";"202100056411";1;"01:40";"3";"27";"1";"1";"5";6;49;1
"56412";"202100056412";1;"12:30";"1";"13";"2";"2";"3";3;43;5
"56413";"202100056413";1;"20:32";"5";"13";"2";"1";"1";3;43;5
"56414";"202100056414";1;"14:10";"1";"13";"2";"7";"1";3;43;5
"56415";"202100056415";1;"15:50";"1";"13";"2";"1";"1";2;43;5
"56416";"202100056416";1;"13:51";"1";"06";"2";"1";"2";7;43;7
"56417";"202100056417";1;"18:50";"5";"75";"2";"1";"1";4;48;2
"56418";"202100056418";1;"20:55";"5";"75";"2";"2";"1";6;48;2
"56419";"202100056419";1;"11:15";"1";"75";"2";"1";"1";5;48;2
"56420";"202100056420";1;"01:00";"5";"75";"2";"5";"1";6;48;2
"56421";"202100056421";1;"12:00";"1";"75";"2";"2";"1";6;48;2
"56422";"202100056422";1;"14:00";"1";"75";"2";"3";"1";3;48;2
"56423";"202100056423";1;"19:10";"5";"75";"2";"1";"1";3;48;2
"56424";"202100056424";1;"15:40";"1";"75";"2";"1";"8";3;48;2
"56425";"202100056425";1;"19:20";"5";"75";"2";"1";"1";3;48;2
"56426";"202100056426";1;"16:15";"1";"75";"2";"7";"1";7;48;2
"56427";"202100056427";1;"19:50";"5";"94";"2";"1";"1";2;48;2
"56428";"202100056428";1;"11:45";"1";"94";"2";"1";"1";7;48;2
"56429";"202100056429";1;"09:45";"1";"94";"2";"1";"4";2;48;2
"56430";"202100056430";1;"20:15";"5";"94";"2";"1";"1";1;48;2
"56431";"202100056431";1;"19:55";"5";"94";"2";"3";"1";6;48;2
"56432";"202100056432";1;"06:15";"5";"95";"1";"1";"2";1;49;2
"56433";"202100056433";1;"16:15";"1";"93";"2";"1";"1";6;48;2
"56434";"202100056434";1;"09:50";"1";"93";"2";"2";"1";6;48;2
"56435";"202100056435";1;"13:05";"1";"93";"2";"1";"2";6;48;2
"56436";"202100056436";1;"19:50";"5";"93";"2";"1";"2";3;48;2
"56437";"202100056437";1;"17:00";"1";"93";"2";"2";"1";2;48;2
"56438";"202100056438";1;"10:10";"1";"93";"2";"1";"1";4;48;2
"56439";"202100056439";1;"09:20";"1";"93";"2";"1";"4";6;48;2
"56440";"202100056440";1;"05:10";"5";"92";"2";"1";"1";2;48;2
"56441";"202100056441";1;"17:20";"5";"92";"2";"2";"2";6;48;2
"56442";"202100056442";1;"14:40";"1";"92";"2";"2";"1";3;48;2
"56443";"202100056443";1;"14:30";"1";"92";"2";"2";"8";3;48;2
"56444";"202100056444";1;"03:30";"3";"974";"1";"1";"1";1;-20;55
"56445";"202100056445";1;"15:25";"1";"35";"1";"1";"8";7;47;-2
"56446";"202100056446";1;"16:20";"1";"12";"1";"1";"1";6;44;1
"56447";"202100056447";1;"06:05";"3";"01";"1";"1";"2";6;45;4
"56448";"202100056448";1;"12:54";"1";"974";"1";"9";"1";6;-21;55
"56449";"202100056449";1;"10:20";"1";"972";"1";"9";"1";3;14;-61
"56450";"202100056450";1;"19:10";"3";"29";"1";"1";"1";5;48;-4
"56451";"202100056451";1;"14:00";"1";"22";"1";"1";"3";7;48;-2
"56452";"202100056452";1;"14:45";"1";"50";"1";"1";"1";6;48;-1
"56453";"202100056453";1;"16:30";"2";"56";"2";"1";"1";3;47;-2
"56454";"202100056454";1;"08:35";"2";"76";"2";"1";"2";6;49;0
"56455";"202100056455";1;"19:05";"3";"80";"1";"1";"9";6;49;1
"56456";"202100056456";1;"14:15";"1";"82";"2";"2";"1";3;44;1
"56457";"202100056457";1;"16:30";"1";"89";"1";"2";"5";3;47;3
"56458";"202100056458";1;"18:50";"3";"61";"1";"1";"2";6;48;0
"56459";"202100056459";1;"03:30";"3";"47";"1";"1";"1";6;44;0
"56460";"202100056460";1;"11:28";"1";"44";"2";"2";"1";6;47;-2
"56461";"202100056461";1;"15:20";"1";"29";"1";"3";"1";1;47;-4
"56462";"202100056462";1;"02:30";"3";"31";"2";"1";"1";6;43;1
"56463";"202100056463";1;"11:30";"1";"01";"1";"2";"1";5;46;5
"56464";"202100056464";1;"02:00";"3";"70";"1";"1";"2";6;47;5
"56465";"202100056465";1;"11:30";"1";"64";"1";"2";"9";7;43;0
"56466";"202100056466";1;"12:35";"1";"973";"2";"1";"8";6;4;-52
"56467";"202100056467";1;"11:00";"1";"06";"1";"1";"2";3;43;7
"56468";"202100056468";1;"15:00";"2";"38";"1";"1";"1";3;45;6
"56469";"202100056469";1;"11:20";"1";"38";"1";"1";"4";1;45;5
"56470";"202100056470";1;"00:10";"3";"971";"1";"1";"1";1;16;-61
"56471";"202100056471";1;"11:15";"1";"971";"2";"3";"1";3;16;-61
"56472";"202100056472";1;"18:15";"3";"971";"1";"1";"1";6;16;-61
"56473";"202100056473";1;"12:30";"1";"971";"2";"1";"1";6;16;-61
"56474";"202100056474";1;"02:00";"5";"977";"2";"1";"1";1;17;-62
"56475";"202100056475";1;"16:10";"1";"972";"1";"1";"1";1;14;-61
"56476";"202100056476";1;"16:45";"1";"29";"2";"2";"1";6;47;-3
"56477";"202100056477";1;"09:50";"1";"38";"1";"1";"1";7;45;4
"56478";"202100056478";1;"20:05";"2";"35";"1";"2";"1";3;47;-1
"56479";"202100056479";1;"23:14";"5";"60";"2";"6";"1";7;49;2
"56480";"202100056480";1;"14:15";"1";"02";"1";"2";"1";3;49;3
"56481";"202100056481";1;"18:00";"3";"80";"1";"3";"5";1;49;2
"56482";"202100056482";1;"14:10";"1";"59";"2";"3";"2";3;50;2
"56483";"202100056483";1;"13:37";"1";"91";"1";"1";"1";4;48;2
"56484";"202100056484";1;"00:35";"3";"91";"1";"1";"1";2;48;2
"56485";"202100056485";1;"13:15";"1";"92";"1";"1";"1";2;48;2
"56486";"202100056486";1;"18:15";"1";"92";"1";"1";"1";4;48;2
"56487";"202100056487";1;"05:30";"3";"92";"1";"1";"4";6;48;2
"56488";"202100056488";1;"19:40";"3";"93";"1";"1";"1";7;48;2
"56489";"202100056489";1;"15:30";"1";"93";"1";"1";"1";3;48;2
"56490";"202100056490";1;"15:00";"1";"93";"1";"1";"1";2;48;2
"56491";"202100056491";1;"13:00";"1";"95";"1";"1";"1";2;49;2
"56492";"202100056492";1;"22:00";"3";"93";"1";"1";"9";6;48;2
"56493";"202100056493";1;"19:00";"5";"93";"1";"1";"1";6;48;2
"56494";"202100056494";1;"14:30";"1";"95";"1";"1";"1";2;49;2
"56495";"202100056495";1;"06:00";"3";"92";"1";"1";"1";7;48;2
"56496";"202100056496";1;"00:40";"3";"95";"1";"1";"1";6;49;2
"56497";"202100056497";1;"00:00";"3";"95";"1";"1";"1";6;48;2
"56498";"202100056498";1;"14:15";"1";"77";"1";"1";"1";6;48;2
"56499";"202100056499";1;"18:50";"2";"94";"1";"1";"2";4;48;2
"56500";"202100056500";1;"18:45";"3";"77";"1";"1";"1";6;48;2
"56501";"202100056501";1;"18:00";"2";"94";"1";"1";"1";6;48;2
"56502";"202100056502";1;"08:55";"1";"94";"1";"1";"8";3;48;2
"56503";"202100056503";1;"16:30";"1";"974";"1";"1";"1";6;-21;55
"56504";"202100056504";1;"03:30";"4";"89";"2";"1";"1";6;47;3
"56505";"202100056505";1;"05:15";"5";"34";"2";"3";"1";6;43;3
"56506";"202100056506";1;"02:50";"3";"39";"1";"1";"2";6;46;5
"56507";"202100056507";1;"04:00";"4";"14";"1";"6";"9";6;49;0
"56508";"202100056508";1;"12:20";"1";"64";"1";"1";"1";7;43;0
"56509";"202100056509";1;"10:20";"1";"21";"1";"1";"1";6;47;5
"56510";"202100056510";1;"17:25";"1";"31";"1";"1";"8";4;43;1
"56511";"202100056511";1;"13:30";"1";"30";"1";"1";"1";2;43;4
"56512";"202100056512";1;"20:55";"5";"988";"1";"1";"2";6;-22;166
"56513";"202100056513";1;"11:20";"1";"69";"1";"1";"1";2;45;4
"56514";"202100056514";1;"06:10";"3";"33";"1";"1";"5";6;44;0
"56515";"202100056515";1;"10:20";"1";"38";"1";"1";"2";6;45;5
"56516";"202100056516";1;"18:00";"3";"26";"1";"1";"2";1;44;5
"56517";"202100056517";1;"10:55";"1";"33";"1";"2";"1";6;44;0
"56518";"202100056518";1;"18:00";"3";"78";"1";"1";"3";1;48;2